obj_0,obj_1,obj_2,obj_3,obj_4,obj_5,obj_6,obj_7,obj_8,obj_9,var_0,var_1,var_2,var_3,var_4,var_5,var_6,var_7,var_8,var_9,var_10,var_11,var_12,var_13,var_14,var_15,var_16,var_17,var_18
4.911508823247227,1.5141446307118984,78.04497377746613,5.2777138897395215,18.366313355962923,3.975953251289483,153.83372964471522,119.07875854008347,71.80816916324024,11.17062487063787,0.9761302197572203,0.8428056078012398,0.6907070104004431,0.42151315985470317,0.9645291132605618,0.8301218882418162,0.9411943014900482,0.07606967847361523,0.7643594318366224,0.18774807031052215,0.5281460098788371,0.7553661750557571,0.8917806743995966,0.5158861919336458,0.44278292900586336,0.09386380639107612,0.3872270760649208,0.7196809137194791,0.4408618441400371
9.080162775442,1.9290178224781258,4.547839879518305,2.4482316294535957,8.625478352542153,17.348159436840422,4.878589873584156,129.95871913936574,40.26503633692039,235.5934955772626,0.4818416780043897,0.8162095612995731,0.27322737015935067,0.9001465098780256,0.6055343943933891,0.6761080825146312,0.8640268064607401,0.7076663949813649,0.8247809811710638,0.8892285525396624,0.6165847552337878,0.811276189220461,0.37016245133782893,0.5383708732093093,0.8981477014698257,0.4826522209436209,0.7440526432045786,0.7843503924733227,0.8676214753688702
0.017927329602933407,0.06621380507289523,0.022235184856290027,0.3753160607154855,2.9977843522602985,48.84452459825143,174.34715604311916,93.5698669434289,58.00343625069884,298.56327260850213,0.5588654532547456,0.8466509300265875,0.7078142404056383,0.23083660901971081,0.06649867448998875,0.1384381667930898,0.220838700993024,0.790976178212516,0.21306260810484912,0.4585583594803488,0.03158752248012512,0.8693012375819535,0.7440004589876245,0.7649631886512449,0.5660653781124894,0.6966757457170398,0.016474173106868325,0.4460963548448902,0.7827054211223082
1.3464591466635543,0.017413789170301508,1.723024791200844,3.072423252357713,0.6678788866237113,0.33937667966413293,3.915907100698863,0.34950622948154403,132.7274496283006,476.7991268468154,0.23215629402023552,0.07930101500936171,0.9694273496323201,0.6466579851910477,0.9526445189692844,0.902173819467594,0.5011750057129198,0.44182640839999704,0.9872321029967099,0.07220396419627292,0.30848024950968694,0.6348459108271602,0.22281641305383817,0.8989270766359023,0.26795735678137683,0.5357329846336591,0.1288303025706733,0.13470848629155469,0.8585930805398899
0.06954801500831462,0.14786668718355228,1.2401289899596322,1.2369712483868978,2.09175111031206,2.790795007630865,21.44487201811901,4.062246281104971,6.457542010959633,383.21956005151384,0.09353203121116659,0.8366904174263655,0.8772148392382937,0.26108050895446794,0.6316784322983631,0.5629680656927997,0.5409298980766698,0.14916513540046147,0.3198864396343307,0.9795497606961218,0.37638820324701777,0.987690613848743,0.724193641104832,0.8624947761244832,0.8942384394864341,0.7765183981246113,0.28276921862212984,0.8180948938695175,0.11849243955426061
2.6173042337302075e-05,0.00018295345491160282,0.00014019160809263884,0.0005663221686850744,2.002250389121492,47.83859875035716,22.982663456020372,16.57877317861457,57.59537416968802,530.8872137328389,0.21684858703440554,0.608190936947233,0.8145617504034195,0.6844099704893974,0.040190511677252426,0.00045709654646196475,0.3815014643309463,0.5986706501927024,0.12515411811326138,0.03610624548017103,0.751415549054205,0.552753192489281,0.8886387921907741,0.36951804518923254,0.5454869880172808,0.397721118550832,0.13398818317602385,0.7284702168792468,0.17710390215529054
0.6043534179525323,1.3798800384033938,0.4906422008259098,0.882802345100348,0.4715133958611907,42.39501069734445,81.67800778244367,28.80086523453399,202.9411453297523,221.255225526454,0.6191161360853038,0.43571692857953814,0.8162074023508239,0.3614026852202453,0.08283953480112448,0.8768634557964877,0.7370795101554363,0.8017507669922259,0.30457777839430056,0.25792096298914696,0.044791929130690536,0.4975300459037774,0.14335069393833608,0.9742773790556697,0.20448298516138724,0.7520617771391115,0.4941470351573156,0.300374399408116,0.342094694301498
0.09606284758240137,1.732087676545101,0.5850369932059546,24.52381256496714,0.5192995593215188,15.60642871944903,42.17502760472561,4.971811867588801,48.139026780807725,325.4949427186072,0.2982656509773258,0.6520454225425929,0.9448859806448514,0.5052072039337928,0.6375884828152855,0.9810863238637485,0.08958635000038781,0.7575667083458092,0.05254646502822739,0.6453108677251251,0.20714135973811965,0.35263255299471524,0.6886651216845405,0.6233421550132872,0.1873966379876423,0.8528054426984748,0.31989193960059836,0.40086854037902825,0.015519196140801167
0.06563258478496797,0.33344359102362825,1.4054183882483067,0.4757358007603056,21.299524486838262,54.089000036119074,15.165518314664743,54.648803979289255,76.91799662040069,489.57271880752523,0.31429875455500694,0.6572298192823048,0.6294571212943229,0.8366387995348009,0.30359383108080495,0.0967028868265405,0.7913650269285655,0.22115676254041172,0.16446129527022052,0.415419940774312,0.6538489300455257,0.3648129372191191,0.9072257376530426,0.6531453885806878,0.910851051284338,0.6659587426396785,0.5434143055358864,0.6452355030246513,0.1535454108092994
6.407025617479581e-05,0.0001765629133701646,0.0031705897530693683,0.020108268858914577,0.010924924426730338,0.34922859680899493,0.1318938926647099,0.3223175905400127,43.92048536358265,392.2296182656021,0.10242471435384143,0.018720174547161985,0.6153197821497551,0.74417696091209,0.08977544690303835,0.6828245146999847,0.1450381221797208,0.07054161366872543,0.26625695990271525,0.030546037545607377,0.5405327668015107,0.32740570819806775,0.18342035474084603,0.5761399378394451,0.8016916936841612,0.7831317113556314,0.29952766665969244,0.676266051943255,0.07868769742038567
0.12657898836848158,0.258138732397723,0.5521849742489702,6.440104621975695,2.1527336116002527,21.28754928089604,11.934361385632878,79.61050904587566,15.309788892939622,292.1285530774405,0.3203159342473311,0.8887951471249715,0.34938621033794254,0.7208444366393755,0.30923357841687754,0.7741036584592114,0.1270030860423958,0.4106271897958127,0.3290178266714271,0.5134483816354996,0.4511129758087941,0.38014086786969514,0.8174962940689884,0.3892805124872437,0.374930318561459,0.8838517198500057,0.0043408889110673945,0.7416117066319358,0.9193908374768572
0.003972900505721941,0.00021182568863687638,0.002259811078229922,0.004184661600026405,0.0006017193034813824,0.0335174523626526,0.3021352063990488,7.893724134002281,3.3409459944589073,651.4205889537906,0.017468350341896834,0.7115286878217856,0.042094416953895486,0.1290011217416997,0.2509793773690887,0.946422964351921,0.6063050799804223,0.6493447112422135,0.9493812309817483,0.8603621872449675,0.6130121090308753,0.0334952565410953,0.7925570797732423,0.6016856789361821,0.6602218837147652,0.8435677688655897,0.6603759578534398,0.3648757025430687,0.23722400978836589
0.044041948536584524,0.03423215396522525,0.023914318747822374,0.004777652085113377,0.24143516261972908,1.8268110899819456,0.9415644667149868,9.907873889826899,71.2933879587191,471.02655421417194,0.15183012444159458,0.15447051298124623,0.23929830201468044,0.6979044284034185,0.16016884043928412,0.3070197872338281,0.9553348838919988,0.7659781954219352,0.5626630919922235,0.5010761827537391,0.09491081608011505,0.5144542800161713,0.31085285692558634,0.5660159145583742,0.7288367962901678,0.25734615204700473,0.23196992089649995,0.16066130523111993,0.7519844642133064
1.6508156928827724,0.6066485187879718,2.011433238254184,1.588850987044134,1.3497432525971795,64.39303815728593,20.580248864522844,89.32368444283301,78.48250546001232,295.61536595930295,0.4679371421536316,0.6981290797829641,0.5078705895681325,0.7767403448721001,0.10066254684123838,0.8127305155896185,0.7287608021852432,0.5288166881850122,0.7312699285987827,0.4259171561828804,0.19447360960072937,0.3596672057152241,0.2970278316812177,0.5142691337790365,0.13587667904771827,0.7734483266303797,0.9242806403351443,0.8603951476375628,0.2341723413863236
0.03919583019607575,0.06772236995578612,0.09216817680166023,0.05461310304172046,0.08954268429873051,11.204781225625638,14.120282295990352,54.690159023266695,128.78205122016692,34.44935682936143,0.8585763995883103,0.38423193302403974,0.3194225496816732,0.4498942599183178,0.029723022954178696,0.7391267926453208,0.784733090336864,0.5370442809194451,0.36659642736600245,0.32303184771583987,0.5984100445152397,0.7024773688148889,0.38562497528882694,0.30574434186588895,0.6247826246899361,0.8090925079520175,0.47881627564447804,0.5987530621208389,0.027143836741286134
0.007281055410302406,0.015869827745577103,0.001732484821250624,0.014946577892906966,0.09712145223524371,0.056076102559236604,0.4786499680898061,3.207892703195713,259.0756506181804,324.10494863414027,0.44791868787148403,0.01475372940036203,0.17313192930770213,0.2873812352564118,0.7094916404854814,0.2908327072310572,0.6247401906676745,0.9303757906549097,0.3145044342921006,0.9057821252420112,0.3354867342803619,0.08010214659706703,0.665989870598632,0.8911026122961434,0.09678758362002225,0.8661050182271093,0.06932723895793426,0.9423196598202618,0.03242888564904793
0.02537999986858702,0.6281179955884872,1.280411199759522,6.380024399807314,6.960576616215604,39.538125485126955,42.75308635343952,69.76403300161748,351.223121139539,129.0617292996473,0.8007121392793871,0.32268600317203244,0.5830745525194982,0.5618021836438145,0.27866768341249576,0.5443011579452302,0.23261061362988125,0.3379155531570256,0.03883715029735563,0.7381624409494243,0.9181680377508689,0.14336252217793727,0.4781026796013654,0.8865712832727204,0.38351561762714353,0.3402557103664233,0.4504182599023091,0.9825954478584995,0.6433581939749766
6.102193292071959e-06,3.5228997903180423e-06,0.00029763520851333846,0.00022381809098650653,0.07716407794210495,0.03960952097076208,119.82111719364993,2.8565721738859136,195.52698367269252,138.16957228705644,0.69732282605085,0.38575719755613186,0.9767370632971994,0.000978040860264613,0.6623363886196714,0.006835411853661897,0.5785592219290877,0.031325534188448544,0.6339879770343714,0.1965260093559075,0.48069640465837055,0.2943394858134923,0.056928101297290395,0.7545245212588503,0.6913714218586429,0.8295775339058824,0.7103203008864969,0.909312960349811,0.35520559877045454
0.5649212694830774,1.3376883418444514,0.09064368391729526,0.27942689137419335,3.0907910091882402,0.7995265287468075,1.3434753240531307,21.805739525273253,377.6233081187495,248.35983788233548,0.6209955791195746,0.07203158997766823,0.25608687947685227,0.8210244258050845,0.8702698646859133,0.4237330832308041,0.8770496205232086,0.954524754012178,0.2969191714998794,0.30414354347953604,0.9521752469426378,0.9671378474298308,0.2776700742350939,0.4273868411224344,0.16618038304996705,0.08100377641743967,0.6525392339221229,0.5820020327923869,0.1553438188215495
0.009571514294280114,0.008642311656566381,0.015937195173469733,0.025590759612910432,0.43346859956587275,0.5388113794453055,0.2472742515244109,14.800048091099402,233.5437772915344,293.7430031141219,0.4594013320574944,0.06441448217049944,0.07956145494044616,0.8067106835747974,0.4779069584960481,0.12112839291929077,0.571643842933457,0.5333318112083588,0.5255081672631924,0.08618733926464675,0.7936473252954491,0.9981790399111398,0.6734278000989786,0.739211941756875,0.21926108313728904,0.14031936268312128,0.9578104798140061,0.20808340088611296,0.9613515714566131
0.03208804786395486,0.0011842403544899546,0.1416203945931737,0.7155488188051716,18.867798851141846,5.471974302369641,69.05198811285777,61.27370758308434,210.18321864449112,251.818272344345,0.5922350346737355,0.4253193000658077,0.606098492530453,0.2676031521793773,0.7831182026325959,0.04506684227537839,0.19641119881998179,0.19024402669998078,0.9644076071139147,0.7807473316040461,0.566814630580044,0.27439039160832446,0.4670587100001539,0.6765695181744728,0.8299384865705569,0.47772841019079126,0.1358730024440184,0.7635232048732796,0.2777072595910072
7.272082062826755,3.4093461363787925,32.28827381711538,3.4537166616052417,12.339299575360016,54.36280118994048,40.558102080321966,166.2188125240435,125.34005005868569,76.85944501814734,0.8527884293646605,0.7184903630427876,0.4804077905224222,0.7360935298228424,0.5194470579450194,0.7900148267108122,0.9256039998784612,0.24858045781067978,0.6808155171016953,0.3794679023406431,0.22500447634762882,0.06667157631946732,0.461749374922206,0.17954779636507934,0.21051483300551688,0.029855002483977655,0.22879585970979427,0.9942848906241669,0.9211161602965389
0.014861943577293818,0.04256281707822523,0.03286679536737433,1.4945945787559365,17.117664557420063,72.54148780619275,4.317550327521726,65.93676524857491,35.343601223055884,126.37488079038897,0.6090089788639355,0.8204468088643456,0.5917186548033626,0.9548191864475265,0.2049728508293565,0.084741710414928,0.05697037411176137,0.6359925909457029,0.25880723589686305,0.31075295578538464,0.4997138402992337,0.7509951807317915,0.5003610228491386,0.4111394580044781,0.6865093960801069,0.7208100989067231,0.4397992435022647,0.21899108944640472,0.8943753816034717
0.03772945903366841,0.051793417641621056,0.32950107066920226,0.3730297195385425,13.26967782651585,14.105450619642866,62.47704878440536,6.110037798196531,409.0867691336032,25.238300129395473,0.952477345049035,0.19127405935835579,0.936849940777118,0.3107443445011903,0.49922393503779455,0.05632689454032419,0.5290347925456554,0.213646206243411,0.42145047651359346,0.7550989760755066,0.0019422819701146522,0.22972749842504353,0.6419184551503624,0.22478824724209917,0.010579271443165915,0.8114521085744968,0.4691343607678875,0.26454139497087903,0.3090823338555984
0.26584392993155403,0.9586230929255096,0.11595555112402026,2.5418233456027624,3.740847466702982,22.02283734157386,1.8314163188062893,228.49500402964736,37.9194871407074,274.8670851701783,0.520099864102229,0.8727071967877076,0.12107959525829295,0.941817958289461,0.2571379342502068,0.5092743487266748,0.3452698777322095,0.9134932868374264,0.2171099139209623,0.5965011202770547,0.38675383422377346,0.4502970279515224,0.9592578050503997,0.11745823630776529,0.9079798280462961,0.9526291563525869,0.8094039123690112,0.8343295269506362,0.5436096222710937
1.3418795969164027e-06,0.0003916185829410417,0.001166044733654468,0.0027846941388796785,0.23756312319499756,1.1175712999847982,49.316538587841876,72.34042735562386,4.744998135567214,396.9768971470007,0.24347647698119584,0.9628604839315932,0.41194506226481686,0.026826854412908684,0.17794094551707215,0.017956084452856517,0.3589118573665152,0.25205846875795496,0.0034147954434138104,0.37481970082861316,0.6429079997792156,0.4876293366245491,0.4738720356589789,0.5221377103343895,0.9421711404978405,0.49148998909444813,0.02176025758899395,0.19673783471739484,0.3534189292408798
1.7185809832482464,0.48361356316235876,2.5792809695275376,1.4990604957885574,5.405567006600654,4.6994226016666625,38.80876502701462,25.048290795485745,44.69637837592381,246.83365339600235,0.3360628388900702,0.6422542780820016,0.6878429090241005,0.29686993759529473,0.7131967133277487,0.5374363037769662,0.7613164715575889,0.4605679855663815,0.780394714013524,0.6224818353740845,0.32239862442629713,0.0010006479461808176,0.413427746541279,0.08581308818827466,0.6325292917674129,0.8994207163783237,0.7296397042646353,0.23079003394480269,0.09972216041546561
0.13621150294514267,0.03130174450304149,0.18461450063833776,0.18888800358780222,3.468688848334152,0.5144582207743585,15.28125792738139,32.43301489426318,146.13837151028935,339.81758381365484,0.36859694281933175,0.26332934979749223,0.37913502777404207,0.22843053315099004,0.8862865371663746,0.13492658578219965,0.6508641328773966,0.4757172598821272,0.8131386921340423,0.7642319355046968,0.6819957979602747,0.5444016372206755,0.34817540319460877,0.6402078540954952,0.40502267763708183,0.7111394755432271,0.6784451924503963,0.7765616747541695,0.31647296817257997
0.007932611936950735,0.3086837317496449,0.15536878166694645,0.3157458333697877,3.6085492736824305,56.34716780267922,10.38848343896658,8.34985035358974,120.82737098447282,575.9000172405322,0.25806079152418177,0.3967955568270692,0.8949463617751217,0.8539547117069888,0.07237455848516369,0.1791812434787085,0.5991704656606174,0.6708184785472489,0.025054334986581973,0.7522201528598578,0.3458046513455914,0.9600483916783686,0.039292020557156124,0.42275877193372824,0.6780371364207904,0.934599753581769,0.10122334913602629,0.642831104863387,0.657653365329048
0.003838093746878699,0.027484705136337977,0.09052366354725669,5.281781016869795,17.249320451163793,5.883116685523023,29.138562078318465,0.8506958863098429,39.16417032799431,432.52096569318377,0.18424663513093378,0.5990953667388457,0.9854644818892189,0.4947767545551286,0.7938357385752814,0.23853970334842736,0.022549012287992068,0.25706777413492604,0.12253355012074668,0.9145794233272155,0.6787816627297214,0.7457820580761872,0.1518120564976077,0.7167542547493286,0.8566489837232432,0.2761854849048024,0.39970945759139276,0.008166958075336938,0.5273023628236916
2.654068399794886e-07,2.646132636629877e-07,0.0002562153597722518,0.5674640934007074,0.9166096174301452,0.2811744480240855,11.20119304706953,332.01030292077434,85.8255071465337,102.16593784322295,0.8083077175835133,0.800777605633564,0.037587137457063526,0.1361568620527031,0.8407399224155941,0.3824760425854825,0.0004522387806432504,0.0020643802973150972,0.5007486285058314,0.7132970460220424,0.47250591520734253,0.4673429447949771,0.11947510142051965,0.0480072374664923,0.2554133116372416,0.8768458387981762,0.17411246708781516,0.8083057218219519,0.0940419849516865
0.006373627928498047,0.0715139227184457,0.5378981447749409,0.2656585908760063,0.6926661692530528,23.81165030730275,81.07030436777795,46.11247317691986,456.82151741796383,64.06148196168368,0.9048758843410072,0.2503626977074799,0.6977589633587157,0.23846232463789607,0.06200761404221132,0.5599634277185349,0.6986098894669959,0.12648483267150554,0.08183115113465368,0.6500909702622873,0.23689821145170978,0.012612470631861336,0.5211928371840799,0.43548336064017973,0.6513965202664082,0.815183943882253,0.08108997414630911,0.6606659928086904,0.5644294796440819
0.25736849110375487,0.3609340679618814,3.9169939219335888,3.885874960383623,17.483979037930627,9.094671347210415,22.68621869316631,158.17697351364,171.12727937400365,261.95432729570666,0.5963379324850311,0.5577995565023631,0.26723448098794367,0.6067294879525882,0.7401509244164721,0.3250771095928419,0.5385588587725605,0.13633123251281043,0.4162500823103237,0.9482675356934348,0.1143806511256789,0.6497952651985714,0.7611132843623541,0.3325515012909155,0.10007229915252537,0.6226751327190317,0.0551104151046308,0.1929421199890297,0.4660315892472001
0.036516994429349095,0.06367956166766307,0.05167243638274572,0.20704354917377388,1.1695771968115094,2.381820422426441,1.9665283055728309,6.215678007824998,2.5256952833003816,580.2006796513249,0.024575903638440838,0.8272226914493112,0.4859897010650714,0.6653764916639006,0.39088708454691284,0.23481514636399414,0.42313648829346634,0.6597565076384307,0.3644535885444272,0.8016234718566626,0.17143370901844152,0.9561313965862419,0.2006727172597217,0.5563028426576174,0.9259956420394668,0.3797551814508836,0.1538273242477935,0.6118905111331238,0.06070937347687589
0.0020021098972232074,0.026301826241302312,0.01107207264973416,0.08117191985736731,0.2441720968150768,0.0483296065024292,5.105170763994542,1.9731165453007187,34.730777706959735,607.5738155452262,0.0649774993753017,0.17742685328941823,0.736613563003178,0.07485196355435693,0.8829932222122331,0.3305218255930815,0.3266419359557207,0.7188117081831971,0.07073609435184043,0.5082598428829525,0.2707332766442797,0.7685052817444054,0.9370483987455843,0.8730152996612608,0.8336258747462247,0.8355672121891407,0.20906203159030257,0.4295759420438212,0.25329036530727167
0.014453538042934611,0.0005010443870984646,0.0007044677882317857,0.0069655273227486715,0.262621878261425,0.012517928282502729,1.0967977582902324,8.566148984313278,10.749227890403628,382.1146518421541,0.05141180426179217,0.4809628419701186,0.14000628314966618,0.21351818971494418,0.9579602902443436,0.07931589360985188,0.6921256403518847,0.9550120998136855,0.9664955949493966,0.24202393579793313,0.253038154535391,0.7754235061985721,0.5125154170193482,0.6293281654334347,0.42317310768400435,0.9046641666557612,0.2939901048115561,0.40991165609500047,0.6027336004174991
0.0008590479684968597,0.002895130077901769,0.012531867485223978,0.027308802769851925,1.3062698582423675,41.859377902283285,49.67312064524146,61.1774432350502,18.40481419317746,134.50626002955,0.5618272986752411,0.8932835376881054,0.6028980911424736,0.4652039536357771,0.031240184392125423,0.03229571681527524,0.37357729562444086,0.23051501600613503,0.2288245144155967,0.4683732863474166,0.29045467592788526,0.7273522897235746,0.6062884102529101,0.47704627602918115,0.016732803954952524,0.8935030835424258,0.7837931396918667,0.11838753826415667,0.594222792179583
0.369675178736401,1.5594640051996198,0.576150187071292,0.8234736881778064,4.638443197711945,21.975592614153495,7.67188639740237,3.6207810194430925,135.29849029499368,243.1570218643731,0.42062842817354595,0.23358376533374944,0.912192553027928,0.7960401278742931,0.2660808794531214,0.41780806870707904,0.7526187134570663,0.7700264912553249,0.19162701261510487,0.38092680778441057,0.26048723015390385,0.6060620508188532,0.9340741032752322,0.17218914633131213,0.38949052921342725,0.91173538936718,0.695223252859061,0.7674363396784994,0.4828351375356612
4.288830835721596,0.2094529101710163,1.6017493747787743,12.233557451254477,1.6013249609554885,17.41249622071639,189.28265213305772,19.84493809218095,65.43926065129432,318.44378073026064,0.4948207862429092,0.7902011273883539,0.9194849865793492,0.16479460453347577,0.5337696669424753,0.9196723478304081,0.3327244107879412,0.7374195609937145,0.9534371502548571,0.25474519758712555,0.38444199815875385,0.05807747811005035,0.4596973577458673,0.07150905137195043,0.6289648972923759,0.1834896421560818,0.8730293711141095,0.5029169518346542,0.16499169646162598
0.00038665126116349855,0.0012531330062498516,0.00853907261645949,0.06366479087756477,0.15453792331696506,0.20452619719407342,24.362539916950368,39.609343901513036,349.27863717224056,127.47561468261243,0.7644396481450064,0.1556861771812956,0.3849938346874404,0.017459163220935624,0.527552489967464,0.3233345291949468,0.13784336489926774,0.1610970943123671,0.23579398146892522,0.12369825728292375,0.02838754779516135,0.33378758573485834,0.2926006829972447,0.48658370821170593,0.6388587356226829,0.9083463212897257,0.26534807691205425,0.2547571535507652,0.5176961519738021
0.04830788743980308,0.006311434562865736,0.5891455973322371,0.15193156832489488,4.693618249884244,6.180000897901072,118.99298205905691,94.7095670479927,113.91700984967189,249.30243400507186,0.5764422097920161,0.6642477299422126,0.5797631298999726,0.08930897314180734,0.47040588403234657,0.1449537010908944,0.8090583901259433,0.08484358243549178,0.8844468526621889,0.8568992535668585,0.5587918054563046,0.8721539397478466,0.26704902308616935,0.3157528233345511,0.41997629303544065,0.3607331527032882,0.6069044045678651,0.6941862825694752,0.7611353130593236
0.0228330845091087,0.0018938881833972558,0.03772525418820049,0.3452198224818299,1.1905608183355125,3.8754883317521336,11.487081921971344,118.28630505700158,94.48028948367828,434.7574697108367,0.3457225422910471,0.5887286825812292,0.1254060315954866,0.3227277128485067,0.29198287772833337,0.2550767523319118,0.153192319606804,0.39593420327089945,0.9234080044108578,0.5260039323887926,0.5619963304056868,0.533918221523873,0.09292986953105382,0.19841182182818218,0.7696094580345982,0.2698508261495015,0.9482676067229642,0.8599048292609126,0.13417256121209112
0.6782619451875372,11.319043609207192,0.6409969234691357,12.926165117110555,92.22739433498106,43.44539440570511,117.52015801839545,69.12096464228243,115.05855733849995,161.49403138179622,0.7413740833957456,0.7514595438215821,0.801307098067713,0.5784142341443501,0.7305499027144116,0.21703084725985775,0.4943698682912669,0.9492814066927224,0.05653452286535149,0.6041352803177896,0.46746353649208977,0.21504112762035646,0.8699799619763333,0.6699171009905122,0.3600345770903475,0.7470768058293292,0.3093654501224074,0.7355134890012296,0.8405980984993616
0.03130962175927004,0.01474008882635748,0.22353254595494104,0.6546515110581845,0.02513333190167882,0.41265600564934946,53.67499175685144,31.822290824427416,52.81034722782116,373.2202077772663,0.27231899793444314,0.6218910398506963,0.6336340640424956,0.024747401518139974,0.6970271619555457,0.9735262240339861,0.29168189476669826,0.170818774115787,0.6799091972804281,0.13702143112657136,0.07384359730156574,0.070630557510481,0.5887316774671908,0.11194614933382291,0.8872322957995519,0.10801916749970376,0.986611896182001,0.7513711518264228,0.9671653110234031
0.00030138411937143903,3.553497847897941e-05,0.014337134385845527,0.009093489153715087,0.3362384258512577,0.6131471233762963,1.954265089551926,21.901486418751958,37.2304928218611,522.2606386411002,0.10620788881407624,0.4000829146200353,0.11790363806049597,0.3324270847405723,0.36993765061029393,0.06601985721844811,0.61739884966477,0.022960192848197173,0.894529640184553,0.23555171789162302,0.4280249637997972,0.7815870920089538,0.7042531292181593,0.6601922518522949,0.7541077911908909,0.5990022900355025,0.6557050856972114,0.20043708627929036,0.1489392629623835
0.4650581077592546,0.042010463321615704,1.1495570095022252,30.608395687915646,0.2834510418009791,13.789485770327513,0.5578378484550139,62.010163249849015,35.086207639784135,276.2376550259695,0.34265099555912587,0.7563325254771859,0.43060817133094603,0.9881047365248135,0.7024149025657529,0.9912914179474014,0.05134432011673602,0.3060851993498696,0.9171503309067924,0.3894769245159761,0.2104801335456098,0.19067213730339486,0.9660095128209083,0.24450068761419635,0.12897801316459284,0.9912819981744617,0.6198842995270902,0.0751038768314636,0.20811427659822157
0.04027231961852554,0.01068445991565362,0.006170223231062953,0.3725469733090323,1.6964244583846995,7.452807361533406,24.22052676938166,6.532726890875242,27.962362683271746,330.1486083061004,0.17140343733154587,0.5905621445575597,0.8380268505592495,0.2834043375570017,0.2219562943555088,0.20209505313125972,0.132954300111876,0.8919911262206616,0.7903230931521675,0.987661798716867,0.6240162890962468,0.628113970085585,0.4030294650870344,0.9643444565348689,0.7141856424972272,0.7165771896330316,0.8833026112289555,0.48522550804072095,0.368782016273207
0.001744010001445882,0.016868133782332508,0.020765476102570384,0.3109884396941774,0.24441107062874448,3.8442040297055957,0.5008525385030629,1.079987021362645,26.304405488093114,401.5266890357588,0.07450537747447589,0.18623247718499872,0.8205948197404106,0.8986094332156425,0.1339895594917726,0.5890711693256445,0.11238993849316743,0.4726579167937661,0.09370280080072733,0.2847741344150529,0.6725925432983686,0.10020333826182196,0.9167374039962367,0.2975224672168569,0.06944653962985192,0.833737818547252,0.48352613025212726,0.5161759822369638,0.5506164460136769
0.9005108344696314,0.5530628058258532,0.26209293094506003,6.137156977784679,16.740199410314872,53.56917335993095,62.61098208060652,34.081184442265084,297.62646866628324,129.02874132621818,0.7854917907321678,0.3700771569587462,0.8050881665844772,0.55523500433616,0.31464088929748557,0.31931103232036095,0.21847766736761984,0.8472355087296777,0.6195151105564726,0.5857710152109893,0.12191621910461345,0.562288177988489,0.42917344338316354,0.208733722627999,0.8791984398750887,0.945740334211026,0.2470788606996939,0.5613243528624018,0.6185198356854499
0.16773082702777564,0.047447175151798596,0.10335911976869311,0.04785156276462373,0.5376222711954365,1.6865311918261328,3.3491850751457157,18.18589840219551,392.0076017051419,95.62528286921443,0.8131437368145586,0.05797572517786733,0.24619992514127984,0.4361382350616272,0.34896593236242984,0.4052923057163095,0.8693967233127816,0.6755193895878818,0.779498021771751,0.9336773009442435,0.6307676073196602,0.4591025396382695,0.34293216034345014,0.08275070350027937,0.793773705134884,0.49644877399332005,0.300743326752989,0.7856271243007221,0.4533033892713172
0.2868592370840023,0.045713075203215374,4.996113700424195,0.2738920785904449,24.59022426277952,25.176366208442754,31.254285315451774,26.791280146263023,71.3726576529483,469.68462700005136,0.28234574802856094,0.6137579679806717,0.7637760174922492,0.6391937296857404,0.5452999049459624,0.1855600558569721,0.9511132064333616,0.06241169239356135,0.8625469604224406,0.00235127166908751,0.7373171599321146,0.9278271845765116,0.33434122583553966,0.12937168073565733,0.4552387514207716,0.6175898462020682,0.755233972375474,0.9541821156114494,0.4022279172398003
0.027401423249348612,0.015213692456235071,0.04216157240482546,0.45534204952523133,0.11188963422824523,2.177695540885986,32.80653553818727,26.35603047729391,35.06262688010713,217.07784758716585,0.3089614137332423,0.638734076969367,0.5748497271061941,0.07940523344629895,0.230415757961854,0.8283923350425882,0.15695935394042704,0.5026749293400536,0.6429977437737736,0.8973405695432696,0.28406380527692326,0.7050569805074021,0.6809084606564807,0.6862919268363424,0.23265620351493024,0.3392356143893683,0.5103966707086321,0.5132930646630913,0.8847494665515153
0.03572495238489388,0.0327392383708923,0.16535357025195532,0.24790220912476474,0.0541554481584533,32.88985636491925,12.28493275633168,110.89360248566905,3.028600278188007,366.70802643350424,0.3032879816159469,0.9810277148475205,0.29188645627505894,0.7312458070762757,0.016031823080688113,0.8989402269445974,0.4853810834195341,0.2928100519853981,0.5218049317536791,0.2349884561370663,0.4850331575079441,0.4935955180701792,0.5496896844672993,0.4827086897923174,0.3143548497140898,0.03423836644921212,0.04683858593484895,0.8130353630421489,0.775390737749225
0.016637319962778153,0.08174210117172236,0.1186564622181636,0.00550802983251722,0.13777168420690197,2.090785517129131,3.431067549376932,31.418869467546376,313.37447154711793,390.07731147388535,0.47340421752695966,0.10636909935808049,0.15769450284922548,0.4167002434943536,0.14700152321642004,0.617636080136205,0.9752496945268778,0.4532864317862252,0.16911382249375365,0.9366095296956009,0.7257699621934605,0.5697987313003003,0.4527518365578866,0.9255375615515633,0.15625190690538568,0.03504096141751186,0.8773429309420138,0.026700021405994243,0.2734875985943103
1.0780647939502965,0.24001833011159018,7.1602675247075,1.9571161930659278,0.25221773502850486,2.47139478054697,40.9970097918974,9.087655109454294,168.27557564889474,99.09866799988734,0.70026232200167,0.2731683225572173,0.8563074464365669,0.24298429897940457,0.812190905349685,0.9764010873248923,0.8124553292412432,0.15546456836545247,0.817903495060361,0.12676464100928336,0.30328818783349976,0.20295921665884492,0.9977997494588322,0.9943709649084386,0.589541381604705,0.06666255038426622,0.7967224113082847,0.17668545142894954,0.3649011677732865
0.11853139484990557,0.5245888886340153,1.5104901841178642,0.8402046840746988,1.0979926082277096,25.39517120708419,133.6978208482664,144.06799610320817,89.70902434428866,109.77599940364811,0.7833672657866412,0.774010950763704,0.5311092428872799,0.18069684799301935,0.13876659811386927,0.73166075420576,0.7193531859827087,0.29862423737199145,0.1843067275188329,0.8285823961670039,0.9066263172632536,0.6004483654490738,0.40898738796037903,0.2272896048252464,0.13149304449378285,0.9352353876575722,0.9819496975855642,0.0487244653448631,0.6218726092154303
0.06589391121019866,8.403449615336857,0.2894893885840226,3.229313350808809,26.312678121050435,96.14281909016631,128.3608436690738,79.38813398065007,25.709216595926918,328.35771489426,0.5283975441916099,0.9301193580465414,0.7680016193241818,0.511572861396195,0.2848838620882662,0.3129996927693262,0.7306244619333875,0.9669488627778339,0.0077802855680201176,0.1603203125028214,0.3607300781192639,0.8233889216308853,0.0872772579897933,0.9175508787195377,0.1968389874994257,0.2433294436652062,0.04377897499617056,0.5404366408237223,0.14038062750250746
0.3642950730130802,0.717418519484832,2.729836459694653,3.084465369529619,8.17404840456191,25.52958490863903,2.3095143059558683,2.4361764424075845,47.175592662376765,614.9155036185788,0.1307833855711901,0.4901089778461772,0.9462750423711016,0.94617666385719,0.37118704954018683,0.4575969618452885,0.5527177390274286,0.28379886861925496,0.33677590402820357,0.46355339931948836,0.09871095795148824,0.5470701931295197,0.3579500880588748,0.8839057169560269,0.5609197199162359,0.6506971504035282,0.8591615024016112,0.549962464836,0.6983193501573531
0.012563188813776518,0.12823209502316082,1.2808473205079822,0.782430699051537,27.968175099412697,28.480528794354093,9.458764139104007,2.8891343131788383,83.07927052289625,203.40380555235564,0.43101244582159626,0.4608041306688284,0.9593083546494198,0.8611283204940847,0.5144214791634528,0.07304968704921735,0.6450069524249404,0.09903704588384546,0.08923018208711186,0.08288599833726604,0.6969016573701506,0.8803354960879338,0.18509589427233483,0.869651796817043,0.2893100124132605,0.01604631013052003,0.5036468392386457,0.17057575470246822,0.3716827337138545
0.012487782554724434,0.020809437869926447,0.27865979272359787,0.17428362969542524,0.4814098042531904,1.5638815429085862,56.50258753778075,98.76124212983036,40.480530958764064,111.80113102978042,0.6394407759880967,0.7958373535753799,0.37411821809995965,0.042882523026601733,0.38223907535720336,0.5024961692545986,0.6415691854219243,0.10673656632565372,0.37503978997235976,0.19000289045387905,0.4024177029868218,0.3895240045651957,0.8113607835051565,0.39011667960891705,0.43340836806185495,0.5726939555708122,0.10787611537592272,0.24474290422721534,0.8966386778438827
0.6552411567785584,0.8773299867340788,1.223886218157073,9.426462107669277,35.89636642581019,3.457241900676455,46.461439248760634,110.13662645572447,159.553651324146,461.8708953937345,0.44323331152465767,0.5660626806268425,0.47083939962359006,0.5258938460670107,0.9329166700098006,0.2533922715887955,0.22625589610166472,0.5559930528307864,0.42754371276804315,0.16553484490231848,0.5392804565196072,0.8506046561017052,0.6495195238351406,0.45423237238972697,0.9923307999336302,0.04966240759906292,0.8147359644929995,0.2599974062791715,0.9578184167015287
1.281135567765398,1.195420519397559,1.7147141236780965,0.8542220455355608,2.7858922215192705,5.461073486484442,62.28252611293629,37.77524251186808,118.05903090681122,230.36852066252726,0.5011268805935388,0.48982580824860045,0.6667387119676706,0.17588436341291908,0.5891599957571106,0.6442656813258929,0.8306959951318973,0.5908843769502495,0.5173052911686791,0.0959040006035301,0.4945362196128775,0.02802759241030623,0.8063110122194681,0.23371274020338018,0.9462383554278323,0.962479106978046,0.4012486700602588,0.6826766018107133,0.5731604782988909
0.25253894692606826,0.018132999323036428,0.04743463387243928,0.6787075433695647,0.19111591523686688,0.9350033768952337,12.086276759438327,4.095906246667155,104.58256821630754,334.1068561571332,0.26890405391760686,0.1489581032928249,0.776242545947143,0.1494054482598302,0.5595700882494453,0.8391185431748893,0.3191232674427304,0.8508844618859654,0.9330074668826289,0.8400480577131976,0.8243139437110468,0.9217323008715317,0.31775635246399375,0.8480354091165146,0.8206245790047296,0.200122021770858,0.025635705206129105,0.5940384966048243,0.7088960103939553
0.6490099967391466,0.9745187242296062,1.2006521886858315,6.5445564154313045,0.9736617295810203,16.365206910008833,60.24030183300894,7.424629686000356,136.61872199624892,390.4213334043178,0.3717196306045247,0.408554582091809,0.9213263743460971,0.30716789674595174,0.387245456157548,0.9058572653758061,0.3014473361412866,0.5748671111750135,0.3997527043142699,0.3669922077377199,0.11756903962188861,0.8286990767232851,0.9529067195634259,0.061210448406335695,0.39586694257671035,0.4471938846605498,0.6380731525957145,0.29864651619252447,0.22239040764615375
0.18083080564087609,0.5037708068571812,2.1470389102415703,0.26126569858792126,2.699718882868766,28.282710044852895,18.781717425644608,19.38986281555481,232.36165315704662,319.0445773634285,0.4884262519071781,0.23717952431476388,0.7316167380874518,0.6446696039454031,0.16999466267488625,0.5339386143057963,0.915527442511406,0.2417685461838572,0.26414019824031487,0.6355486801908818,0.7476502202985632,0.1576195412166067,0.5603222902807867,0.07970256653908331,0.6989241086268564,0.2470711433742264,0.70902256745209,0.2216023649539552,0.5239295385533164
0.06352719850313636,0.047978087843049404,1.80451798944979,0.032346812971582255,0.2514415734775783,17.921667209697663,83.53373722684229,13.749723355769198,209.66013704521106,150.74801692219987,0.684504215147006,0.3589650742017958,0.8828863298286397,0.19411930850413459,0.10932653987538327,0.8856985905689053,0.9833980139820134,0.05819620656740873,0.5697236479524939,0.5632131518824898,0.2986759641133921,0.31194757466329104,0.003973048511637966,0.030558172734685796,0.12035166689540222,0.25450084471411605,0.6044629852185571,0.5344233678094451,0.22690215371844843
0.3188838560784981,0.05261098122279571,1.0147126433531148,5.383073734599824,3.1126414673150236,2.995732920062097,51.221868250786756,5.105336498961872,3.5858074414093375,536.8966861147856,0.11939015517895189,0.9507380884103486,0.9262286424253106,0.20090095570880986,0.7673696973655698,0.6850166139424043,0.2047791244852792,0.26799367517906947,0.8583803166553118,0.2452567725064368,0.8171156952075119,0.5559690451727763,0.044148294031707405,0.1401068292804978,0.20750680226561843,0.5475316396186468,0.2001455763572713,0.2130963381939143,0.678012374877225
0.17990558389770167,0.2217082388849515,1.4389068417891058,2.914691226237803,12.494486527181365,90.91001392539118,28.055762071581455,336.10782048164856,0.30260490140820173,69.32889729914959,0.8720762364859753,0.999359736947261,0.2883945718679407,0.7940339583877742,0.15948358260446477,0.2756692769683449,0.3870533441693626,0.21820663604236046,0.44795665311316646,0.6178424049815632,0.3418342540892765,0.6903661530425551,0.8503361019017152,0.9380425401023467,0.9233536877020111,0.2227447674990737,0.7321603288478574,0.3826909104427513,0.3017062329509165
0.06618523510412018,0.0017718236568481462,0.015114493800717351,1.9242425647501604,0.11869579943779879,0.6548081180496103,0.81611991180549,0.36326399366306,114.62142062583494,361.06315967518367,0.24722800488310118,0.03339642226652962,0.9082713459711869,0.7731070360622013,0.7645268011587532,0.9441696868379301,0.041384430989273066,0.8180545164423896,0.9739273051371993,0.6871866379471256,0.5712223022876328,0.23871288818827313,0.6108660505903812,0.3553624757018748,0.4270130273546308,0.5916552617050421,0.42473712004838476,0.37027240054489047,0.21303757632867526
1.108253381320031,0.36796269090819445,0.04364634469070275,1.1948207129334183,3.8713697285973567,0.1925258292670992,163.50627836084794,113.53416222369258,12.72000826214462,177.63474104975225,0.6253804979972728,0.9571051123762488,0.5999769060057834,0.03980729000338282,0.9715979059716504,0.4121866599308403,0.5598673378139697,0.9712827001938881,0.7507392733146542,0.8775179125878034,0.10267121279821373,0.8899726344558269,0.281066751437532,0.003346419666269473,0.33560618190108726,0.22813469706220973,0.4621746104468465,0.9636482910590034,0.1141970584370754
0.046765955586874096,0.027986702920500702,0.13462174695830356,0.21016149379918456,2.0378885499529855,0.2574154134201052,4.42622600017259,30.981712633111904,300.69502118093243,177.57398830130015,0.6561254604830934,0.11251704760576858,0.18731756038123876,0.3801729202325913,0.9051821004388892,0.170721789391488,0.49906195353617483,0.3570286365284921,0.6256092628767224,0.04812768031775531,0.10949446917032209,0.3209451854888004,0.9125911822431891,0.3471780365982041,0.6800892785184108,0.9269639428475297,0.2128751030716695,0.33815007816076403,0.007911903536729771
0.19359343363547396,0.1598846201491406,19.964023346015356,2.514226491182379,1.0601212776205877,0.401298088797674,3.0462049049375026,34.681165428753644,239.01160055695917,90.21948874258686,0.7694080045841066,0.20602624720791216,0.4408114157090648,0.888578014327133,0.9834810169079503,0.9556283287183259,0.8898801482223603,0.017397712781163862,0.5476816214265925,0.6115493661521078,0.4491830414992527,0.6566583462960243,0.9831163299606256,0.7919064261091517,0.7097995249506361,0.39269136401407745,0.062388745530088136,0.413928367985725,0.29930188172910444
0.3043684825953277,0.24232760371497156,0.38054186349958996,0.37849575115809214,3.697937201956733,3.1592568845818074,73.25190259280498,13.861133106897102,129.81410045051607,217.08003890041482,0.5090576284849385,0.4232792946096833,0.8545159492534752,0.10026340102135198,0.6129750296925209,0.26095515198746627,0.7101279143844558,0.5895963235999863,0.556741652660325,0.570642954566294,0.5118288278301664,0.7878548693932129,0.08284461821181031,0.7348205055699633,0.5023269962435536,0.7600322850160657,0.6802064623701404,0.6697980038557891,0.28147101498185256
0.5956125167387772,0.43268635209424583,2.0799738600660076,2.3477004795344922,5.807100009581459,9.563129379356626,16.0134270056766,4.10355407433943,38.48333575547976,563.7491488218152,0.12349117566651534,0.5154850542329693,0.8997744262714537,0.5653206294899445,0.5408126212810611,0.484412478088737,0.5697008783134135,0.33082646167836527,0.5792212116451271,0.32732550923512066,0.4104212757106065,0.04216275943225338,0.2480138334926359,0.37277491972573,0.5246844141464806,0.640156238393192,0.6234467290745946,0.6190531825416358,0.33856976349079804
0.4081370016077007,0.47077660533783483,0.5155607544002135,0.13658718443464246,4.24390295058617,40.11275021801924,1.348072498192813,8.620694782608728,151.38122215844282,291.9160016166272,0.4151781340255426,0.26952856973255995,0.8456634847974941,0.9714607805279928,0.12584990410420485,0.2651205122981605,0.9107892267224156,0.6302830882436108,0.46436532371604544,0.6260210571741651,0.25727162152959476,0.5072825220246007,0.4405053921183974,0.3501409809067665,0.641475808384784,0.5875853080526411,0.9977179807104908,0.1030682927138841,0.7131920048521367
0.139837776089755,0.0559552112075639,1.5093625771034986,0.1443765181785725,1.337411985160635,9.675584711678171,16.973957795414588,92.13785077523215,285.21589783299106,53.9316824565924,0.8830424657915779,0.29955123382374405,0.24461281957369782,0.4311006507806385,0.24776963553539885,0.5803465775572769,0.9219388949570302,0.1148241200890779,0.7142123832934126,0.22397090103493497,0.010121319878051697,0.5739064788692418,0.25742122161855974,0.930319115341799,0.3501140363504282,0.10381819782308227,0.2797544117812498,0.3942319908373112,0.4096833576064872
0.24668515689950213,0.06729174426322534,0.4871663602750669,1.5482705721992087,0.8956747445692909,19.628580159534348,1.5297553462639166,155.77841590947014,338.8391257366018,3.120117328165564,0.9940243787945383,0.3471571514264813,0.1354377560185218,0.9373139055815283,0.1418700522165046,0.7239906637419523,0.34099708189663075,0.39191105545747207,0.7856793158540364,0.27525578446497106,0.15326049612121703,0.8095471047073228,0.1388703552104161,0.012810792171620813,0.33027153174087764,0.353108450888133,0.8161461339316731,0.31729761653914623,0.19908595614784513
0.009041849002987249,0.0011282678619317812,0.062309640549837716,0.010434262160267946,0.4647692111438892,1.7452525155174712,34.203552980337584,12.384762346999983,35.145550977184726,482.20554606415186,0.14839632940523273,0.5817340405748859,0.7466357330265755,0.06282620126595477,0.23885677198668945,0.15139046610243662,0.8741556347919364,0.14031665154067435,0.8890604821048176,0.3494634381858374,0.06251176148817311,0.31740225200945155,0.1674590354261088,0.10781666255330581,0.05002592553585195,0.7575685969366471,0.18761026709630083,0.7078911696864272,0.8096658712264927
0.1763498329721912,1.5924842571787605,4.602537246602612,14.48307387479012,48.05056862067742,5.579399117010071,14.745637722815133,138.50687647080574,228.77763321597652,58.13756583627446,0.887035216844252,0.4988601611388841,0.39181195509885475,0.8347458326902576,0.925093064493735,0.3026549746049366,0.3055162231420465,0.2776221941338353,0.0996983459071289,0.6658889322695309,0.6617590813516644,0.37609121476213025,0.19785915068245566,0.2668103162787668,0.6657188549810169,0.11684467278564056,0.7232616318258205,0.696687352028169,0.6266407290569297
0.010822331107061652,0.006597247761134645,1.2337600566765135,1.4528958072789955,0.2309350345296586,4.840445153021249,2.5788496353762413,15.669737223365487,4.126197935706079,516.0788085730286,0.05519706518746688,0.8631454383922916,0.39787459116242935,0.7509393851940647,0.3774711884262863,0.9213171345344213,0.462701452677732,0.013922524290936497,0.621273980786095,0.9593442241540764,0.41900708168234346,0.296865875086079,0.23626365099903965,0.695526560565661,0.7486370675129206,0.27444637870699723,0.9052197667023869,0.5242278845598893,0.2490116650887268
0.1720751978376301,0.1658155220553127,1.5645616851291846,2.249455708284907,2.836376208350226,4.256676223013323,3.4313649743938983,0.13947786698292294,298.06384226051034,81.40208397703267,0.7935433527322077,0.04735304322986856,0.9905858721698295,0.7661972698863506,0.6214592122307868,0.59412409716072,0.4582115868423701,0.17760797536956663,0.5092628702325721,0.4036328514893666,0.02345833398023578,0.4343636190083548,0.3672488015404587,0.6714748590173791,0.5796503418426157,0.6075943844911843,0.901088944023661,0.8212600493552378,0.21592463451890623
6.148127759877271e-05,0.0019064803043387188,0.0015225984796359967,0.005063901826650253,0.01034363642419831,1.3196626747502924,0.5649780320258452,10.473479458691832,17.744914483383045,674.3397214008834,0.04275879683414696,0.4108972145868007,0.15379623464392866,0.7031959471929125,0.014118222117910993,0.45266257730285714,0.40803969988792277,0.5637953644179284,0.031241096453846092,0.9284307661394418,0.7586359783492708,0.16434554834574752,0.17280589149099027,0.8334851768558135,0.10815363579329515,0.21882001368689724,0.8611842225509005,0.2253499832632264,0.9475103407360556
4.445362036999539,1.330879342840045,2.5027896290717857,5.847977838144117,4.449991053053006,13.421905648012576,130.48782945433263,238.70928296852676,44.24862756253144,99.91875026128218,0.8167850078832959,0.9006641386169665,0.4050058518133317,0.19693241757635083,0.5805511026673007,0.7604569587672217,0.5860427425609619,0.6976953430446344,0.7695942299978804,0.8249209722227994,0.9476139968335854,0.10752842733232691,0.5279631880606851,0.6171591632435431,0.5272391864834778,0.8858169347948365,0.9694567144836888,0.6538741116694723,0.9110349751052018
0.02403694442660088,0.5065099727563567,1.4946847846779978,8.432457815127087,3.523334110966198,19.43216796280889,47.973120657570576,95.29638559795073,432.51362110625064,128.5431176938543,0.8257608156638817,0.2900258789318957,0.46063543991806455,0.41055050496463835,0.4184282602868505,0.7479916918299532,0.19365957447589724,0.2619685030090364,0.045305973228964805,0.39327679556744194,0.05721499109059275,0.24851850184773258,0.10915100013113646,0.4490240723509067,0.4547102732773094,0.5552535323849537,0.942985601957462,0.3508293955399895,0.39159335263655154
2.8788968550165013,0.2888207098028421,10.853221601092015,8.177738537168544,3.6347737801642404,11.855760805287328,142.92155540141636,162.79484403688488,56.311001763658986,220.92242886551105,0.6440403941929447,0.8591226887671045,0.5259400589924472,0.2086764414469023,0.6854335740814901,0.8592997229765525,0.6316114569277276,0.22592763061984533,0.9088237180579217,0.9436189631827172,0.8351774055693041,0.9336770119732692,0.7678502147504997,0.8028374220337882,0.028734826250351585,0.18612104456781456,0.7711407532838542,0.06310840992888107,0.9008243710445963
0.025598635532406187,0.00901493993140024,0.26390722666457955,0.0022844877970263997,0.27882567265883546,0.6541336171766382,1.4776294692462317,44.736917338547244,100.83763804281733,356.2002071933936,0.29393462532800496,0.3199784711216616,0.05714416318972129,0.4550296111377381,0.4698067784508656,0.5189600096314577,0.9924054267875646,0.11595029631777563,0.7395547899746248,0.15302382673120551,0.5912646209968506,0.37314228395796817,0.24405581789762182,0.819022520863017,0.22294975606542505,0.9826029146259705,0.7156909279109199,0.16678873790716003,0.49154799022742246
1.1444975180021404,0.1304829792806524,0.1268501712358368,4.532418471063637,0.5772372536545164,0.3879510770561774,16.8603252228458,218.72829553942051,298.8514838328521,2.673790635949673,0.9950850641423205,0.44794078279849514,0.09798322798375436,0.2903832651613709,0.9437706220649748,0.9113509237684856,0.23622713430890932,0.9095110600127728,0.8976588429715321,0.3439971876433922,0.7090731236359876,0.11268085944768562,0.6385528514624597,0.28601969776187064,0.08046197554304758,0.07098639697355817,0.08866984563689168,0.07362932803155696,0.043726358249412664
0.6353460757597374,0.4116910883012382,1.6782715838643387,0.08479656920191603,1.629211358379216,75.16591501110567,42.138286056544366,0.24522653017519322,99.69570869615391,240.80872194381033,0.47932480951971884,0.5502810081594814,0.9979897610092147,0.6538765526272706,0.05576664474745878,0.633004023486711,0.9698244159444517,0.38419029214875183,0.6068037482982191,0.21108547362914137,0.7039453280575565,0.6654130220536694,0.19074501439973918,0.6307580962296946,0.5738616942660039,0.1497473200567497,0.09066288230258708,0.14347099885630715,0.7019054180941323
0.679881872567969,2.2598154814630074,1.1869888202047634,39.03198891555711,10.601917546240594,7.584867732154425,39.17020776175238,39.850560767213544,69.33637714820885,387.40020482076994,0.35120016558149636,0.6693585337074444,0.7160958082274048,0.6103074427051947,0.876358125171268,0.8027938862575972,0.09561660930624148,0.7123627118496373,0.23127614536091623,0.025897470280706977,0.531253235691505,0.09856072561975923,0.8794107804954708,0.2738083073531897,0.8174856253150982,0.2824736153885345,0.7520867782534273,0.8480244908122606,0.7360655430927499
1.9196958487047047,1.354052287637113,3.0195387596934053,0.08920270410185858,3.157035840084634,4.754370748871887,12.34349864182503,124.43900070073423,56.227893976881994,344.86776155691643,0.37543423124826397,0.7287663747326026,0.17631738391149057,0.5366101407372748,0.6673845475036034,0.6690573488306292,0.9860238387070865,0.5201968685718559,0.586390818338832,0.5804107000168713,0.50007907367526,0.8982397466288038,0.26180888223536836,0.5876303363118096,0.6550668562656838,0.7045309608799615,0.8529381254285139,0.24562230477736383,0.25857974344736745
0.13000950868917127,2.987156683209169,1.9765074078638607,6.39627228125748,15.472325419972176,5.193344185660944,27.32767219005828,12.17468122796506,125.70010133176963,105.77490716568728,0.6510610357468056,0.3630860841860987,0.8301001073005492,0.5405823508178815,0.838493398211687,0.4261490344323107,0.4433157172808337,0.6119681857989223,0.041707596158033544,0.6058520229545715,0.7898777457955899,0.5388992105442385,0.48644041094705714,0.3121823838151523,0.19252197460899428,0.91972395021646,0.9282586205826927,0.08567449884044676,0.7898455358148199
0.01268696274481915,0.054468116078474134,0.02114047406833133,0.06103656889509855,0.6338771193186861,0.6061692513671106,0.205314358361331,44.30156507529746,281.2931950550894,63.24311973028936,0.8380178188231759,0.14027425856164613,0.034745596327274926,0.8712514712447768,0.5637119369190898,0.19066695583923163,0.5912696601052032,0.7605714741457082,0.18892037604784367,0.18234353622590696,0.776103650282126,0.7337715012850251,0.7988462684736639,0.8098640893325121,0.6102074235301227,0.16144991559972688,0.5868221982299491,0.8262800263865251,0.6823419354065229
2.8969741614641005,4.268524149306077,0.09359178605030445,6.353775152739728,8.852787181125356,63.75509417019555,157.3459651093604,439.07961912747305,8.464491203901668,26.837384337510922,0.962619330894548,0.9877523387943823,0.3567978039394818,0.35399232512303813,0.26055970652492566,0.6059412381439037,0.5332521819427398,0.9871069535159375,0.40429486350024996,0.05013826876033201,0.9904855365618487,0.7203905124675041,0.3533391847614828,0.12415432646308572,0.7439411391826684,0.7445499930447745,0.8893994468494931,0.43464347732907577,0.5550508846539757
0.041674337272149954,0.023708518070428227,0.00020939260192830123,0.3189120285134177,1.9912455534430828,1.7840010275856109,57.8346652076424,57.02791712664845,86.42332917001015,365.82432936770243,0.3596297115831546,0.579337289595243,0.5208637270220463,0.06709879891628528,0.5711279139771533,0.1618454399611367,0.17058912464835527,0.9968076623611763,0.6373893745354843,0.5214362515311936,0.8827630362410395,0.2682696808854763,0.9926617377377489,0.5841514294745072,0.04601714135098654,0.4586964810933203,0.9542323422683148,0.9237682387910838,0.5857896492411389
0.0009082299707760261,0.0073146908893432965,0.0005104155428257233,0.0016152376394455196,0.0053677151084386065,0.019508215693975515,3.6296897486074045,41.739040747929245,401.61845777124546,26.845069826427217,0.9433489935220113,0.1015697506524705,0.0807179518467213,0.00961127666537479,0.4461748779741098,0.6584616726681048,0.8439168881790797,0.9415554927377352,0.11045101688633384,0.543524903956438,0.5521558309730784,0.3035508294307525,0.9872285720713678,0.3018906898467283,0.951948323056049,0.5118822681517863,0.12432460103891238,0.0965322976520664,0.7266262482180988
8.27672804067542,2.4192798689089323,3.7329919356966625,16.415695122016754,14.926542430309143,162.69066078411575,3.6148860405245937,168.14871906520594,155.5828648779177,177.09423103719465,0.7515870593889156,0.7096296472363065,0.5577658057879292,0.9829548243397714,0.219566442581784,0.6738881603605159,0.46779518684100985,0.7412854684507095,0.7738146896150766,0.4308512504493754,0.9222710085713026,0.061197891574076915,0.9276372200833157,0.47250402887288884,0.9719014030531018,0.4103601469591709,0.4475409370929354,0.5573567123094585,0.036990015182362355
0.9114445541481314,0.13891278565250578,1.8258446806209927,0.6200268271397621,2.1199101208372326,7.282913952829863,34.42093787540173,47.810567134074724,44.84127007622085,573.0336197959625,0.19631242431351137,0.6796407483225688,0.4974215628073902,0.2725920420539698,0.43539157507881215,0.6225324670978183,0.8226583973265283,0.36518900005732646,0.8677471176819956,0.7440955778483895,0.763915419385971,0.6395240623083152,0.5349971593537053,0.022840271694997593,0.7961537870935089,0.08633266778600081,0.7698392545609858,0.05215008548202984,0.4592285843729326
1.0021198622241063,0.5267346560468196,7.525840563960391,8.832825972064208,10.59857297747739,4.956445420327008,1.2716210727369002,16.954057524836028,18.232745360129712,366.17707857751253,0.16029461857617652,0.7391631750017791,0.6718668039115125,0.9633688081891798,0.8517921933701783,0.6279387070176796,0.506201784738468,0.1688466043733607,0.6554710407354287,0.4924989517534333,0.9112195342614358,0.7107513490429939,0.580005856945226,0.5338802716720302,0.48856553793218277,0.15374783456634056,0.1486856433392011,0.6220877762923032,0.4850323873842708
4.371715524930724,1.7129232257005782,2.298302166830072,1.117678615681828,10.975705446258356,12.80036805445557,2.8661197289209066,34.47553283856898,239.97472473713879,275.377847675345,0.5300486095645361,0.22736613384318846,0.5118048639486766,0.9207001472814921,0.6153353327077324,0.46398069686335225,0.8823572913552877,0.7258358147266923,0.718483989616827,0.022800954787597666,0.8500718944924399,0.20507476651639564,0.8354694659461741,0.1610077582758597,0.538654347496386,0.5233957496296641,0.9922635857939757,0.72219611312719,0.3774724859032147
0.0030137168370793083,0.003950089960609851,0.1452592149838653,0.0483194069107744,4.894038661063403,0.8407613472446283,2.4439773439640855,6.821146459389697,168.02955036483118,377.42078680358173,0.3268166486004185,0.08295838488683506,0.5512541292134223,0.7083322503676083,0.8583466150152682,0.03936387019054086,0.7590564389498554,0.04574739560539321,0.43276858830709775,0.4988606610672358,0.931203294499888,0.9522300943709158,0.11489421994288353,0.14841819271331644,0.9191149929443932,0.6267206356950858,0.033624844796848734,0.37967526610395025,0.08972532505401165
0.08133878550340894,0.03988394725347439,0.0322935240780738,0.40925603283007456,2.082125672946355,1.5736609926870144,34.40479325969933,87.69746318559075,8.07856065797621,499.2868515850094,0.21209136351020644,0.9398913827214795,0.30575603943431956,0.10922301440371361,0.6269671683240229,0.21277655985994628,0.2727857423938405,0.7896410142881998,0.6709862387489389,0.3355347375762337,0.7149449166630788,0.4491069791215144,0.6254804790560226,0.7822525319359996,0.934249802108759,0.5439860477369541,0.4867000687788144,0.4213759158887656,0.05700286595710033
0.013482987393264369,0.1628967417774502,0.3301108155703328,0.08605532825260961,5.111706483355061,3.0285060414847043,5.293204246443573,80.42582898684849,193.92448944255543,414.5788607250274,0.4102342581004374,0.32752968198169113,0.14849864043928737,0.6226138354501211,0.653201668531667,0.10387792053662658,0.8547701837532994,0.3482389375321744,0.07644295326145129,0.834907810985624,0.23280410743397034,0.16677995299275064,0.13194797945412845,0.25611675782055643,0.06094740142170101,0.6714414708954031,0.6444860115192762,0.1876248877799782,0.8019829702125619
0.0011347757454340229,0.0021167934986858574,0.0005058563166522657,0.014060587439497337,0.05995028461792737,0.18326015428208287,20.25116185391499,0.5501039829101447,72.63650375378813,496.4474357529294,0.15877216980595274,0.22478724091176613,0.9738820483956198,0.012725527991336806,0.297930348404727,0.2291166650933642,0.21087792228658256,0.8653715666563164,0.34899325840473644,0.4053521354221639,0.8999106952041241,0.5753751876364652,0.8452403560495955,0.5749397406849204,0.08618490351611627,0.32514899213715076,0.6654704889059111,0.9551464491940189,0.052248382471511805
0.0002335033599143833,0.01166480948369321,0.06674162382609647,0.10246122206468075,0.2379779073384737,2.990459147614497,33.68036543628705,85.75247094894979,37.57839655833443,469.64585250210524,0.25460921930057306,0.7657510540109749,0.30193085872095493,0.09192631627905856,0.12291373195070657,0.4321407901173944,0.43423210110456945,0.15130114986716925,0.01962491346324229,0.5663510961647811,0.5807551078868758,0.05263765661217756,0.4224508481697148,0.7484389286353895,0.22515270708137206,0.3063343776272023,0.24315505723349826,0.13912596306883496,0.3889021020389895
0.017343758635894123,0.007190962439691323,0.07821064829081814,1.0295424477041288,20.18778736460416,17.394270613698097,5.083939323991438,11.54945301630419,201.74023055809118,162.52390968549696,0.6126803885694497,0.21528715799842832,0.7913292682711954,0.8839237812591043,0.5507021943329056,0.05310899738495159,0.09074138908623741,0.23879150201009433,0.7069066969403184,0.8503666475595937,0.718710529954261,0.3365353670470707,0.9750634369002142,0.29424700856378494,0.4845579885464966,0.19162902403777593,0.8683013202612548,0.09464377761316704,0.29262347191058197
0.8151292361057244,0.11992433547499487,0.03872206734660661,0.49547991012406917,0.9362591988328037,9.780499079386635,7.287570011100005,50.4935417802128,160.51057073787612,199.33265281301644,0.5362311466017803,0.303574387997924,0.2783247656124743,0.6257715029967651,0.19739964043869257,0.6107863401559677,0.6627680525392815,0.9602351241921996,0.8717460270514112,0.5394205056734037,0.075574535058866,0.307553674045846,0.009291805160135476,0.21423654933079292,0.31656233032445064,0.47476313746635257,0.5385670311754309,0.6093010620476507,0.6727946128519136
1.8645221656733133,0.2544188942044809,1.1690085796807068,3.6818355492718715,2.1039033730800694,10.569388275515431,0.10188832358458215,170.84015655423244,6.4243573961340905,187.07832723436863,0.5129282311400282,0.9673906178265557,0.10360181835448735,0.9948397820531091,0.461928069467324,0.7681314099855883,0.4717433250062998,0.6444566651459787,0.8799311132235297,0.008758528760573536,0.5227172633850298,0.34302964012915765,0.6909484872236327,0.018110811779035882,0.3923477941019846,0.32203242203778903,0.569890843041771,0.2774243331157691,0.9082758437030058
0.018542762912765753,0.012307226043004793,0.004263638423187758,0.01681572115477184,0.391937276694575,0.23912210091858427,21.86683976770893,86.86973297697237,123.63666083133621,163.36963189194338,0.5878935993615837,0.46949856300752374,0.2060858971717568,0.03028797874595739,0.6498886558968521,0.11699313618594326,0.6761807796635583,0.8785759620567505,0.6010622220756839,0.7918382247461685,0.8653541868386446,0.6200949759432312,0.4947882694300065,0.7077753111948649,0.7872650610621089,0.4892662838339617,0.6733185708478632,0.6700617627612176,0.5499188477182877
0.026409509572980376,0.060101635341519584,0.8266181916260376,0.9918213504555395,3.207286921296637,19.21903255285309,120.84250012866397,73.66560118926333,2.034975683086718,33.66617604518304,0.867737460342378,0.990786726891409,0.6633804936864035,0.16760100748622425,0.2101097712710601,0.3726256158176215,0.4793453934392675,0.09474139254166804,0.30527291713780025,0.5786709529336247,0.6074796804671773,0.12454649116955016,0.602881724397247,0.5903494724037494,0.7024879350318453,0.6851443242409885,0.9637058218138129,0.6024772738014803,0.18570234604095337
1.1722020829806838,0.07502753149513415,0.1332233816964041,5.920920250504807,0.11030530914486252,33.23447198329783,33.51881534252111,295.32485397816254,322.9540426489634,53.918132239883015,0.9277587382272313,0.533602563132149,0.2007226231829106,0.548050552655637,0.18234638354469884,0.9851173646679243,0.18906758352622066,0.903492996816399,0.9398446519996508,0.6630408114504498,0.9839990828470756,0.6815998253229606,0.2740933927061707,0.7566259362379707,0.3486826228590534,0.768223910829394,0.253255696739768,0.14641624124918196,0.47266745368430824
0.003369692045446254,0.006138996651266499,0.012224115726901604,0.06191760953387937,0.3727405397422641,0.04486240430918015,5.470965230664913,5.043784416331178,10.552838600599902,743.4598846454204,0.028193505505736585,0.5107368864048027,0.542140246871794,0.08393084589361001,0.9104995436092815,0.18328674851983182,0.25980510311231336,0.4375269988801277,0.35438030972779555,0.5538076677814213,0.24126444563656296,0.9793462409331184,0.09596527887822981,0.7403154635593452,0.24196733949796026,0.23644820403988587,0.8264320669504629,0.5700359602136478,0.9532923086889918
0.1629767463004323,0.4300925483354237,1.4613688158223193,1.8936585237227823,1.5359088307618847,0.8784336352228025,37.78730610883099,13.01433075510912,358.8646263154886,6.684912631098823,0.9841857172437866,0.1374041638254284,0.7723337509508414,0.14411043755851927,0.8619344529050293,0.7199293763326159,0.5203616579877289,0.2886771286108937,0.274802198958049,0.35945875279262574,0.5187987552586018,0.40363046915696976,0.6798359500025114,0.6936032259390313,0.3290352913175326,0.4031068953628274,0.26307416131322015,0.7133049612969856,0.4633603805823465
0.8494682157317566,0.8050378060805956,0.03835882652143469,18.831957648043133,4.9605375229694175,1.4819636200323005,2.466021205182888,53.71418012348021,141.65208389498153,337.83048225668296,0.39955134361129374,0.3698739752643692,0.35398942849921766,0.9162167528629169,0.9450459511722444,0.8053573691247133,0.08247890322231116,0.9773408807211104,0.5134270921548209,0.4411303028068117,0.8911762165603367,0.015778638212087776,0.8705224771140156,0.24782825375887352,0.276165622159464,0.9209680063560206,0.28845770188751124,0.8503537887799691,0.08452829248680173
3.6558208790834708,2.5329783879936287,13.334969039521283,0.5830187004612855,1.3714024751147667,7.553095441150271,13.8687833219194,51.48253395038748,132.41712162966815,306.81070840147964,0.4250286541041836,0.41614954640920565,0.4545336454733783,0.676718851759475,0.7398291029453588,0.9361490652527791,0.9710038853917047,0.3169879487345428,0.5907156980404171,0.9545105835989257,0.39862038078979595,0.7629291123920366,0.9047877102358595,0.052758919562144166,0.30367393271943716,0.003036324939491235,0.9328744868400385,0.030602941332561574,0.4786482951473618
0.24721030191446056,0.10683727183804116,0.555536929510027,1.1006065089709478,0.34445356535747484,4.317413492595438,2.2539221073376794,17.069928446508204,96.12506142814121,486.8661535485467,0.20053128435641862,0.21287014517593575,0.3433609613965301,0.7474874397533243,0.3529112835681858,0.8537131384347242,0.4524866033760197,0.3892409913346059,0.6982403502848853,0.7171710489031295,0.8479329587780506,0.9158804381947461,0.30871639119232414,0.765151142105845,0.031076389895743243,0.5651620348700126,0.8908093172258486,0.039289480370741786,0.7673676995468248
0.6590312816275316,0.12115906977203679,3.09374463670977,11.48780828850495,12.597976952001737,34.12442708172286,9.385151539358235,45.29549254403396,230.84375417594993,64.17668376919171,0.8441501073940211,0.3359088632368637,0.6120791892540836,0.8686827534282154,0.45035200513996415,0.5494240697334287,0.2521806879826434,0.20139479722666637,0.8447057573133379,0.847010719833969,0.7659204939226845,0.9096623634279097,0.5924387851444668,0.9037072141092563,0.30668537774231536,0.40940661316460575,0.6253147428466475,0.7705263570914264,0.024070127900621453
0.12839437269192977,0.05886843370226979,0.17444165681249907,0.6028377541117916,0.03552307676429311,0.10593424706047733,0.3535134221531845,0.6213150999697399,14.966500707262156,493.6013948504601,0.03338367057817448,0.12206182512673479,0.7014096883168287,0.7577867199241988,0.9042185433901951,0.9644792425309856,0.37500117331542826,0.5177232393927826,0.6856373412542576,0.2925881199768544,0.045388211807269985,0.6645612030861423,0.8344299040433272,0.9203518390613789,0.4952625347747761,0.3184264127626732,0.3632241755650306,0.08273774882582621,0.7179191915996636
0.08300994980254399,0.31854221927840837,0.05304981452083144,0.030704699844337106,0.27321464781015325,13.11748950174398,12.232548166190398,90.58636345993789,368.5066622714019,45.624633462801,0.914049773920202,0.24050812308030312,0.22373346199647176,0.5314736379526117,0.054664221611325135,0.6398062433423578,0.9367313476371154,0.8833049207121337,0.20672270303639997,0.5345298939891558,0.6652507431004208,0.08625742766553453,0.160618663834871,0.7743176472297775,0.6083991951555356,0.46815827917896824,0.4073141367583659,0.2835156575724629,0.8346968462890529
1.2796896069900248,1.293427624827247,3.0416948247431437,5.223354165468026,4.714577158458896,15.324834856076654,14.933819090674191,72.237797070271,290.81139287438754,73.19787389843654,0.8481556080963126,0.28872725342686356,0.3880703935426839,0.6740152022868999,0.5036905181271762,0.6968652382978386,0.5180592308271097,0.4582730830341525,0.4973304718363882,0.21614069729578037,0.7331056602182602,0.8020624025372208,0.8251689868731592,0.9773900994294098,0.41045101211741225,0.23103163687871786,0.9747064065917492,0.5778545056426537,0.566508407960657
0.00254634425099109,0.014355682426044897,0.03737850626951912,0.11943851073293948,0.14142188703741826,6.068471098204182,115.93134562473239,307.5600894023033,148.91901257889617,40.19303540396131,0.9350664404377591,0.7427081185441925,0.2845360727293663,0.05218995412643566,0.0493671810393802,0.5512424021986031,0.3124616150126911,0.3113828431581136,0.15065319086560738,0.2968552599141861,0.31193780335373406,0.46122714852280183,0.5657877249927367,0.38065473106861497,0.2548178490215856,0.15721904851601104,0.17891865345101224,0.9306982705460911,0.9317580115739833
0.00036293166651227727,0.0022480682567402256,0.003662743460977724,0.3969268582162502,4.100219600996823,33.3473803350372,44.16945899663994,12.4399482185554,58.12643533818816,153.87446154217778,0.49789888760483786,0.6190594788593933,0.8683048818704009,0.46148111152729887,0.1189782022739418,0.08953208527330814,0.015559856208862244,0.41617894825209945,0.13900102534670933,0.04353844228285004,0.005139649114345572,0.5864590775662044,0.8969473899789309,0.20346185757287935,0.6035043742791674,0.45480238190654887,0.31135759066549035,0.7947841238747156,0.9849757133111136
0.2502875784511501,0.604390573984447,0.7210808047498499,2.7606737393882828,1.7470622196830972,47.95849800493949,81.86422481228017,28.585844272122806,217.8203357226415,182.9437133161596,0.6763525245606951,0.43025563121425436,0.8262174847613635,0.3976417990468781,0.11256977375219562,0.7128193178867545,0.3633767816644483,0.5423914289290708,0.2928442452142944,0.9970091605997962,0.28550939959749455,0.5150249529133809,0.33960628355058536,0.028076582636693295,0.7190964690211659,0.04323939763037233,0.23856263490725788,0.15412731434186605,0.5111796197328935
0.55725191865302,0.4766965739560438,19.61617260984221,0.02716267210522003,5.676680432703896,0.053246652693454494,194.26873114555985,292.7184903200868,53.639247179749894,57.7840452429068,0.9075185562858539,0.9054037720889139,0.4298370377837649,0.11966510993434004,0.9979836320853482,0.7845986133979799,0.9986863520179259,0.05006985128461688,0.538955201962577,0.019009411292939548,0.8421317966560214,0.5275100085460341,0.5420978085139858,0.27811632360895727,0.8458661882005252,0.5543070972427877,0.11285803677079267,0.9765511907577796,0.2006588177985855
3.0650423286881545,1.6167846254352285,6.838947399565911,2.9061674910257276,2.1298567052288497,19.463310951920924,20.780647612534768,61.619440686054446,260.9356301663639,134.57051106039106,0.7381521419682161,0.31216127200453125,0.4796543002749637,0.6341484045594409,0.4596543091876694,0.8713605955400073,0.7985597001563893,0.4063812735490408,0.6546680086047836,0.7956872609979584,0.15582234900944456,0.47955535628474855,0.5198812174677141,0.72471855593509,0.4357318491342663,0.3838264825547405,0.37225863341070903,0.7578687789840997,0.28602237236885697
0.011703929079800442,0.024680521079225713,0.0195427272205235,0.021468709005358563,0.1138272373804014,0.4047725797960129,3.267850043588082,2.7404030552812473,91.2412638478962,486.1132812476422,0.16755550849264667,0.06749669579669365,0.5850545403025005,0.15424935221625372,0.3208464803062704,0.4047412512719806,0.7226117561521351,0.6505683258803349,0.32167393017197937,0.7665739269031694,0.9736834135887176,0.3929071260431927,0.3231670946825047,0.45739278394921,0.8726888603492817,0.5833655082406151,0.7934725969381441,0.1587457355417244,0.7581747637655762
0.008557891951424503,0.00035697894451156524,0.03947056300378767,1.6309458780549955,2.7898081891882796,0.6883690371856317,3.4479331195529577,16.93079651527803,51.696638825626636,520.3122073410367,0.1292502926103297,0.3306394784899821,0.33698940304083286,0.5993310678720307,0.866530703328955,0.3757616676600102,0.02881232163973871,0.18424699702831368,0.9599569137143312,0.22976374830571758,0.9261887432584824,0.15006406833979152,0.5547755983876186,0.16625964520460054,0.6746406891707951,0.09703933587548166,0.5762196235878588,0.5082039780136614,0.4299453263944467
3.0139833211444986,12.345096089874326,9.984319920199644,1.8485706338688126,11.530689377002275,4.572856321870171,30.20474527766203,205.21396223209138,232.64694634508268,164.127498682216,0.7570240532393728,0.5450437768592998,0.26371191288580753,0.5890525436140639,0.8943803705362324,0.7022237219004996,0.9320177745031987,0.606038645814148,0.19623463363189747,0.9655372925260245,0.1459711365082885,0.14876366458460277,0.7722206129756212,0.2835129402045321,0.008351073102242488,0.64534027815385,0.4715905204746646,0.12012704793374446,0.07291543731640628
0.6895985655478685,0.11788435363711891,0.2026525979318815,2.7967736378754764,8.897053372444168,17.022517439898945,37.25273472002876,218.69082009833159,15.808184406285877,110.20134478256414,0.7323128121332302,0.9475644229004179,0.23446356471238136,0.443816490027367,0.4273618181969776,0.29966312847433496,0.26534269035345553,0.799380781590283,0.8540100962679155,0.9011733938803068,0.16451532729105342,0.715498609501923,0.7113714951463873,0.8396568957144557,0.28154076469357175,0.4268418572891434,0.6912132528363004,0.0008590107375533207,0.7314082471841342
0.004681454771520008,0.02206793261356714,0.007491169779414166,0.08900921721903629,0.3867247942782988,1.049283183202498,6.859372249873835,88.89123709321261,83.43324812481525,318.45194443280826,0.36206911852364515,0.5383876834070911,0.08651363169085036,0.1852151420768461,0.32706239109735563,0.24167827565782873,0.277814359789001,0.7812193959512846,0.17501166303830684,0.1591980533796613,0.5089879736024812,0.11730281120667804,0.8825931230136916,0.5071421510774664,0.7397546297613786,0.3029786177183478,0.7470851086896723,0.8670740432434753,0.3217133301911581
0.011724338103046588,0.002277161948533207,0.018663881027641598,0.02678090788410105,0.09417399126673777,0.5873881424173115,15.066767651610594,157.81097357902476,58.867254857827504,271.3860127536427,0.4613989198549867,0.7467922639832958,0.09104878422305282,0.046876196826577045,0.207312461687314,0.3869690178555609,0.5494940331662334,0.4286342172963724,0.8373630010967094,0.5156350639229914,0.68660474221856,0.19954795960764052,0.8620386252477781,0.7038913100618145,0.36632991720105634,0.17086279573745627,0.16703271863705013,0.6370431869512414,0.12330704278394594
4.37251370553519,1.1059131415566137,1.0510119361050605,2.243328514071567,9.513427631570057,7.17641022131595,5.688076011838561,64.29130920863804,57.09936145908763,396.6253628846764,0.2777687498941934,0.6256794582309233,0.3263833983451642,0.8174012317015208,0.7181588380687581,0.4797481013085572,0.7442849629933681,0.839034874052303,0.7981330822837066,0.8152792817646186,0.9774742330257062,0.36882579918370384,0.38447124931269244,0.5633084723769852,0.7559213468222447,0.21308328603294746,0.45613747096988794,0.3109864751193656,0.9744458961515065
0.05217595057057804,0.12840035183497706,0.2371935271700741,0.5831418775962398,15.520780917546778,15.227379072951628,61.700561331099905,11.787707123650605,82.61787424667716,273.7546173794387,0.4069567012368661,0.5602045196831444,0.8879893096254823,0.3397452795549849,0.5203834865487106,0.06058166859213759,0.417389292763955,0.43223873439828,0.2889412944861194,0.33090274622227683,0.8775069998080395,0.6448306110242872,0.15658492521775502,0.32024751865098644,0.7208542475482713,0.0086140092989473,0.7797333745753333,0.8002982429373091,0.3953146863756015
3.456392885540552,2.3112711880413768,12.210397364212607,3.454082827095636,1.501801075540716,1.8755277452040946,50.85196126119552,28.313811024314788,15.979340798600337,419.5601503836096,0.22233792340143566,0.8667884129416423,0.727686999696446,0.3279011731645062,0.9244027578203565,0.9345162355081945,0.838836339266619,0.3208167962679673,0.5992708384963216,0.5938665067404264,0.277256929703389,0.008924343909608628,0.019183966576411065,0.9421834187915101,0.983159533645017,0.7968692035707977,0.34043897329795664,0.3492450343428246,0.8354328317009347
0.0001693394710522787,0.00012667130489803948,0.0031779052434307924,0.00036501479776819947,0.005965577190330514,0.09699383158317866,0.055781137967766126,0.13472579648090977,347.6063518647436,289.8811227978024,0.5454875501628854,0.0008545620833204859,0.5468435704134695,0.6568992667126723,0.0918039367003175,0.391547522243911,0.9049175889970192,0.08520953710419675,0.5720719811926721,0.7310926708029879,0.44311359080469315,0.24493801393042103,0.5374513267006178,0.5974640494034203,0.8828150535584427,0.8233014147291897,0.01375086956095139,0.9723622756275141,0.3481236093015325
0.01672363582819185,0.0029842952490614595,0.005713457252067014,0.011865331643918968,0.11336450355161706,0.271006207817472,0.13058979167866314,18.891932678559023,4.439047353057613,505.08791549470254,0.04515034058475096,0.8141353634611653,0.028401672161864563,0.7635301976453772,0.35728345411882023,0.24750359871512928,0.6817812976728785,0.775249991147129,0.8485738945725306,0.961536142153725,0.08987479898497408,0.4236880576363319,0.577681401360017,0.10484502605759433,0.5519116526972317,0.6816084469579914,0.34626634142580975,0.6874171274757849,0.8719802766751069
2.2003959895907443,0.8520376186133629,0.5760382008432517,21.886039650571355,1.9227782714315829,29.131849581662323,87.84119030570736,246.41574761656253,31.78283815053356,157.88214911056457,0.7280196737436075,0.9247937348374671,0.36950024072112747,0.3917250203789927,0.48502222350207114,0.9299209838041835,0.1422120825158681,0.8412449562355871,0.7208661258599307,0.1422739754938868,0.4369004200990795,0.6765163752736272,0.3257051687515329,0.1593885523139859,0.5303690890186257,0.8048699129822421,0.8308190012452111,0.9196162978672016,0.19402685894197538
0.563154413900852,0.06136727217939517,0.5202672494508978,1.7088956267441848,5.589465292413673,36.52832809685181,0.03735573673275864,7.1252602596614425,1.4591447108918574,577.059913544454,0.08498052926809434,0.9727737164723197,0.8633282038664131,0.9991700354425649,0.18774454919598046,0.3379881455841391,0.4011616948365063,0.5455343484696499,0.9017371637411645,0.6443779480563674,0.21852304602645073,0.0354334085158386,0.8445563275349606,0.49796572080304585,0.5402874769038326,0.6602466757926525,0.8479439841147556,0.901663015559506,0.69271627200823
0.0002464565180001408,0.0003607232542827013,5.5993893159004456e-05,7.925925384152584e-05,0.017074643595805974,0.009856185366131788,0.09989502598288033,13.620178488212009,64.88175549617269,302.6364332490934,0.2062326973028183,0.174842093346535,0.009279214255393207,0.21692900598228199,0.6438372386877848,0.041669738503654255,0.8932438853626935,0.915566772209361,0.4059037030722001,0.07753581099965609,0.3911355245645257,0.12864431056882453,0.20752870111594068,0.00901258974068361,0.11569556915739503,0.28588466191715795,0.6454892516579549,0.4756126150938787,0.8152020186897024
0.08193729122095098,0.044200058720135875,3.1253759974421964,0.5356696323456045,4.853691793071782,0.11205384979279107,1.8196773929756582,54.6324605689733,190.15971071174022,236.8019048652181,0.5188583188418403,0.25534087854602344,0.16214393404323998,0.8278875245804092,0.9871981305201607,0.4382869882167486,0.8585572349651953,0.03879342831011236,0.6495878600527143,0.9175171755142641,0.9005611916214307,0.836849240153628,0.9423951218362211,0.6478570354087454,0.492677991868414,0.5639536132621402,0.39088532061403447,0.7990080851835925,0.8764168862163635
0.006058444235229822,0.007381818618159632,0.024777360067988075,0.5000113704117369,0.08663563941592442,29.72028132950235,32.41046470841077,74.96136481365146,686.3155505660689,60.88205699585284,0.9312000749425192,0.16712565478986133,0.45568536812522586,0.48354474823774674,0.020591913893785684,0.8613529477020034,0.0710062508611912,0.3516771014523634,0.45076828491505017,0.6550345056864119,0.4628991857273768,0.04593042158145215,0.12627710120240984,0.32773564917143994,0.14036525500133742,0.943027870352137,0.7621726704186189,0.9294702882150452,0.9438711240296687
0.17582363021801664,0.18886043166576663,0.5958970298851433,4.36048501085697,0.7189359120361709,12.123126111042087,34.671974155399354,92.7042841958076,64.46893486861775,424.8481816396029,0.3307965191473312,0.6930172363858557,0.3630295795529237,0.3437700949090469,0.33254194832851275,0.8809709151932469,0.1805241794111313,0.3796494278397791,0.48212589634379943,0.41266363316053833,0.9369285907476421,0.07776362156545866,0.23300677589573293,0.15264059643785255,0.5570900043562179,0.9724950839448411,0.3676392777448968,0.5859108234502096,0.1812717600438107
0.025946643234335428,0.07925255191021058,0.18396363871065402,0.1838633010841098,0.35892643553722187,1.6000415515121853,1.0965597179273239,12.827656567814545,108.50310791462331,422.0661656475974,0.22829310752909404,0.1309971144124234,0.2157317466549775,0.6892325389731291,0.3420865876913462,0.5685734400320039,0.6113041383903665,0.36380607335320664,0.24664298237913485,0.10372437671971182,0.06744428118285029,0.595256767660419,0.3930934623077178,0.9656213075701839,0.8600652770939806,0.5306257457559742,0.09917066985138329,0.23590170890232418,0.6498392530244972
0.009208722468021291,0.004627795210439972,0.00856506746137402,0.34213511542968117,0.26840707885476794,1.9711128691083668,2.4295291626463835,5.7552224633736,44.35563579328366,651.5321848629138,0.07803349058150345,0.1956463331334107,0.4665562389362004,0.5173362978633106,0.2430606798745869,0.5759385152676486,0.0614522079802589,0.6176579734019216,0.6655375783139518,0.01385025991090684,0.6391480424542069,0.2517859811783321,0.7801400282864911,0.41876371713346616,0.938751648105331,0.12930250576018903,0.035697182223631836,0.4638680122979433,0.5324841073663755
3.8140027383373365,0.9162738580820778,2.8483478689591113,9.726213989197433,2.068629290463848,0.4771540995340321,130.0348996078318,205.11041491533112,20.68527200197986,250.40651700076216,0.600045637609989,0.9449392954953898,0.42221756954744605,0.13243855478647526,0.9759627631179493,0.8932235923022361,0.43794829320550477,0.6241603100970057,0.806295923841821,0.35107645545405924,0.08431668339610585,0.9930327146300584,0.8205354750231867,0.21998646363162105,0.5135062046468868,0.05722478857473726,0.5483295307017002,0.8436397740541116,0.43269981257548396
0.0001278032031755954,5.656454655984294e-05,0.00011006667030366128,0.020550316743062305,1.9131721780270685,46.98576734803863,21.76092876526971,318.8165500849208,105.19548618929993,43.547755861293226,0.9190923844594515,0.7873518737952026,0.18146652039343386,0.6921235252368575,0.03953445334570735,0.010777956929172135,0.014125110812562559,0.6261759399969443,0.6931971744461208,0.7260861932597195,0.42396863548297326,0.4440666894815229,0.6225148707689125,0.059835319926508194,0.8438735133060884,0.42137993873907825,0.4158130826084729,0.18459607318031093,0.6055896114528094
0.1971623269358026,0.04083536344728725,0.4528571529235127,18.822364838955796,19.769653258231102,8.484745491690983,8.65332296274434,58.3705936035829,42.31691227371896,508.57029658283307,0.2360124139797341,0.7306515785214651,0.4915078572271058,0.8466292346635302,0.8223745338332756,0.4967360638775434,0.03540445167716697,0.34449738999291646,0.8284211776107695,0.4796377251320207,0.3152759741402798,0.862773672670003,0.06662327764661906,0.4607943996774784,0.9650449987596176,0.5091910877110386,0.14100243697140885,0.9355628855093162,0.8247556231157457
2.067446411028496e-05,0.0017297596176648004,0.000788327718799506,0.01872118202111277,0.14313306428591704,0.0440420616135607,0.206419078504057,0.6177454870259119,5.2935816905969215,557.0252355835329,0.011229547199072133,0.16322637339401727,0.4017570160426478,0.5024297590198057,0.7887012887395669,0.12932389318998008,0.11941526383455395,0.6894833857114575,0.011811049799327112,0.1482429457430023,0.9439168328089707,0.5015405745364705,0.3965657521711677,0.912304158538215,0.35532521091567076,0.1380729288427929,0.6858206851436536,0.884624302960339,0.06630084452980749
0.033488201703945876,0.2514263904603199,0.23310359650710358,10.707125469755976,21.161066091370703,45.98644313194145,31.721991617450403,231.70626050848978,145.9516584800826,60.24845824554495,0.8900577629308404,0.7007670089185609,0.3221016764034497,0.7118661696783641,0.4132335522528152,0.34660257390870947,0.04614802308409336,0.5500088575944108,0.11753768541499783,0.7746934796711328,0.692020710246345,0.18440487925008917,0.6587761747822195,0.04335610044347131,0.296344850634258,0.6340809593806075,0.07417123526578823,0.4197751787875059,0.2656338003182306
0.2900586155179507,0.2339281522213825,3.494827117202148,47.61898486171903,2.6026539061635634,10.828258004498554,198.1471709212068,27.675866012278995,263.39864726978374,25.1885152413561,0.9565324728782197,0.5248002676719118,0.9048585384718095,0.24720662851762473,0.8335873279935665,0.9520163682478403,0.07782697912159517,0.13038343718844872,0.5535609549251932,0.7066042731578055,0.604729728441907,0.020220697329055373,0.020096212660458235,0.036304626854917935,0.9776739376421821,0.8489000328033637,0.3559374182987602,0.35631822951426484,0.013890229802195255
0.07766747230371798,0.005866446031584544,0.3604613901525109,0.20073978752785837,1.7277876226456896,2.0473593966638477,0.42870862823510225,6.810376425275083,502.2687609193408,14.400144908032546,0.9727439235292137,0.022686005310916073,0.4158679472501365,0.9115807765783296,0.5367841622822997,0.27175086288718364,0.6886476496030877,0.18814144370085234,0.9297716885728164,0.7460652943209394,0.9678350089241509,0.17280880821456215,0.9637732186753318,0.4039528635927029,0.5920608903521548,0.7388372349239816,0.4296789557421727,0.49116246292009547,0.4131176528279682
0.005895793382368179,0.02075052934584161,0.02582342967461668,0.03473339027606998,0.8784773112201447,11.705658584608587,14.095562195253356,350.6315593258025,33.7811121502642,157.45580623710484,0.7230988220805036,0.9178434085924211,0.07092477588295953,0.4733958155203009,0.07620981894371082,0.09030227579610228,0.6016956590203759,0.5078415945941149,0.22126105138426666,0.9827105131512431,0.8629278636444593,0.6873735841821366,0.28841138832595353,0.5494787489185999,0.7329257399723691,0.4343807155943535,0.4329477926322227,0.2672153313939328,0.4953464440939717
0.05949778298557124,0.09189858306460631,0.17166721753315592,0.1672319460922625,0.09034294980302604,0.30078313454969713,0.7070153799468426,12.504530213423285,35.90111497022121,450.85383354891667,0.0998188883447735,0.2818927079674903,0.11271132406674962,0.5548986943589793,0.6587522591203064,0.8444075737382261,0.6589160292713427,0.4686271487826954,0.392993468323089,0.13235480303255553,0.13499505003036807,0.47419065319685627,0.499532168071956,0.5022516330036862,0.07835462564799366,0.6572580113198263,0.2738908834891266,0.3698788532295621,0.8102931654936488
0.08627096275544241,0.08974642770103522,0.08110828815564568,0.12660589901704133,1.345189729636251,0.7698387372114324,0.42344635923007057,0.5390274044100802,366.1034003966566,166.45697691531214,0.689458459394055,0.009365706260191415,0.8442672658674494,0.8550936173800336,0.69191169879915,0.22194855024148075,0.6700665089924074,0.6845578061536267,0.4901274955372885,0.8939799342672298,0.1868846424821898,0.23289958217348605,0.3630802409326141,0.9503437833576026,0.039253861357798715,0.2950146549446188,0.8031043746945423,0.45175612548055727,0.9901604663425831
0.000962344642709264,0.0010457820073779872,0.00040340379476062595,0.0002780114012033359,0.00041139130323568064,9.836537956575792e-05,0.008372321449142767,5.343321862110963,127.23897946241122,207.64167210256406,0.38971199474810514,0.040385678185374044,0.0021609430732282835,0.2764780156051127,0.9692540790805683,0.8673330628458449,0.8966324314263738,0.8327187634630616,0.4792250741094697,0.9937794046245721,0.8057280360450325,0.5948276450358362,0.14645568960779592,0.3750030498174274,0.5199625850194661,0.5291947715859002,0.006629278495534328,0.8797000458270733,0.5020510500807207
8.882702872422966,17.899383110837555,9.876051928599667,28.54847931121325,20.708926890303527,88.69942076897459,48.81680578335836,32.452796550452895,34.21449576528584,10.03032427760622,0.9665799994821946,0.8820592682594297,0.8731740764848946,0.7815135885200668,0.4920285278599309,0.7589618141395305,0.5621843222820745,0.7305904639143054,0.3316658335715478,0.42264104246303075,0.20339207948565274,0.40957056895281213,0.7887768643362049,0.6099440662345657,0.7700668704123751,0.6938875887393563,0.5909256202865731,0.9891567755909751,0.048581994251972134
0.022338427910848592,0.005569498517053829,0.009339379635707653,0.11409280114170735,0.07650209550563379,40.28804384905094,64.66239285500473,136.0517434312901,68.68370995529308,260.9258614097096,0.5429086134038582,0.778377971679292,0.4360082459362007,0.38521153295992294,0.005623527581745757,0.6642321106652612,0.24611655661825357,0.7492602654334765,0.8004330944671895,0.44741060712165714,0.35331809455971647,0.48421487251332906,0.599940954559105,0.9487602650416956,0.6154298996835934,0.6360136890386389,0.5501510314612463,0.014496192394393134,0.5970391062824717
0.03413795059377761,0.00019366154680233895,0.03548413912541158,0.0038564189003117313,0.4204952933110652,0.7196132076358053,8.607828208404516,39.68303564799385,48.08273945507354,605.9263909181262,0.1387142476298461,0.507285291471138,0.19839772557218271,0.12358267224878322,0.40713077348987703,0.1490834091906523,0.9476543328151393,0.4917459386747798,0.9943590896340859,0.47034702864561545,0.6274713765027294,0.2559023601405783,0.12173047284689469,0.8764499952938872,0.4464193452950358,0.8606245005146927,0.5169319728247654,0.8736089142413931,0.6545024517856727
0.19080102625692177,0.24692584336226212,0.07063973933198059,2.6307071914809104,5.4800595662674345,80.00441869120876,34.51662783941528,269.28403235928994,43.763480675158355,176.46236344963913,0.7119687469027492,0.8996682359811472,0.31379353274155236,0.7196964640769905,0.09725556205496716,0.36419830937528563,0.16194796340283266,0.8610456743456837,0.4358905963961407,0.6734522824593118,0.5772552273365276,0.2121849461995682,0.047635564089229164,0.13672443054287617,0.2739495643808823,0.17510378380206604,0.33950960086454535,0.7008538942939845,0.13702952006524405
0.013191911458110703,0.07871516350536106,0.0008116767968643645,1.239399905095837,0.2361014151645714,0.7310540312417358,5.336265548117281,4.589586107418803,226.21330406638782,287.01592135456343,0.45377572626403145,0.051271624996698496,0.6245775955216146,0.3011279108277561,0.682050073888785,0.849446248408018,0.06960247218453815,0.9912458183328177,0.14353532046748083,0.10555349074616392,0.9561896348948491,0.34650904877641137,0.10360696973683275,0.2364552774048919,0.5802592615774258,0.024542200828147155,0.07836918678998217,0.898826638672692,0.17303374932799667
4.516876046959282,5.030323349086161,4.766702218404017,4.379936354031088,12.273383412484685,81.93087982208114,11.380266364332554,47.81745219122364,3.938092121545212,285.6479569958288,0.38128833672573026,0.977628787092873,0.7221463469693988,0.9084292255596083,0.2742935536645645,0.6036653317553113,0.76570159849379,0.6669879151892331,0.47311005663401384,0.17105047009132207,0.37467771283772544,0.6187305445603881,0.9738494842297133,0.8250731771891588,0.23646950708803618,0.5019110703180573,0.1649750751735276,0.9990784499895508,0.7968222935351347
2.6938352525843783,0.8722376123671802,3.7596571778083163,12.597652468766901,24.83589409108294,3.0475705702994413,43.643465665172215,217.31945866227636,169.66222549827128,54.28290045578183,0.8981014033675916,0.6453785980816048,0.2961763789042912,0.5227630796359793,0.9362524251123087,0.4451229783808689,0.3676950958764927,0.4867873705605573,0.7554066769246935,0.27375662668981915,0.2205672104316686,0.8795122764661351,0.7567577591470618,0.7760858092247211,0.4619269689037379,0.7275223259792373,0.19191326450037155,0.4992416814561028,0.2639221464483489
0.2952170638492101,0.4635195971793331,1.0351727368213286,0.37325024982163973,8.245349738184007,1.2139675000664747,12.160366847201812,1.1786065596283282,45.956887266864136,422.79217050074493,0.14365050328021828,0.3520111032968498,0.9527904946312746,0.4887776207875708,0.8955859533392772,0.2081303907985339,0.8277698414038506,0.422951494617255,0.3890902852236162,0.6963418649228488,0.7727577086886557,0.1899187144505364,0.05017993148820102,0.18092118194202292,0.811382203229541,0.13065454064740736,0.9354659637319722,0.1083125514680778,0.6319452066079165
0.012483961009763823,0.014135785449069434,0.10753976962413539,0.19210767923011413,15.14000115172652,10.453254811105989,6.301438537031085,64.28069650394279,81.0008923770819,382.5202047679648,0.31695596095397205,0.543663501655947,0.3338902387427647,0.8044304637259049,0.5967034290204177,0.0210954050448461,0.411195235102415,0.19841862311407513,0.468973700747674,0.692731929107727,0.8572659326987975,0.7354045643601572,0.43062588422862974,0.9854197083434909,0.1457486880743201,0.11017709397781844,0.5726725000141547,0.9697626325128346,0.9995821898392576
1.0757959457357542,0.7738586759826168,4.279184348060421,1.7671570198860536,4.247895581261564,57.639403773054724,43.642323988843515,45.40035861949456,176.45394730204785,98.43137942632485,0.7730486192911382,0.473711564543635,0.7141502970431947,0.6152339811274568,0.17402290205794688,0.6502031036384238,0.776195805798394,0.30179527163937386,0.5816199051995531,0.09334262838170439,0.7967678648097086,0.09406653940859368,0.0703114728373201,0.493491033300197,0.8687240674385324,0.2614441860090292,0.7367177564096692,0.32774350540828345,0.0018377688265460684
0.14834064250790782,0.07504782382810304,0.037053280421841875,2.143404894160353,3.0183053537938638,13.327351318563608,20.423292631472957,13.503808360360454,47.348590564522404,428.6421142619274,0.1892025346411957,0.5266333584629902,0.7436469465240241,0.4786358201166177,0.28918910032528106,0.4433381143248192,0.10834374469844336,0.8577291049414886,0.6640479024766682,0.7790349623192061,0.037291307141683855,0.9843556129766476,0.7765555149600558,0.855280264370687,0.32286602189167807,0.4154944734342466,0.21950841704437069,0.2947852118631218,0.7413931556124308
0.005625587627773062,0.0018783807396603933,0.0005214952586317265,0.2270848848972095,1.8366510824598399,1.5118735999650021,10.40862832102467,267.45210524975283,164.73697453720007,228.62928901544947,0.6611948921350925,0.6307847087951712,0.04971591160800009,0.25611546472521585,0.5781173063360171,0.11348331183658901,0.034134880393283516,0.9350199212244874,0.7496816820534058,0.060864959926960005,0.7818025278225474,0.9463245977786907,0.376441414400391,0.5407078275746341,0.9590810396507194,0.20999587691582658,0.5270073575547837,0.01823070680338333,0.6643810633444143
0.0331187859791996,0.18872741713738886,0.170678166845471,0.8337738101795242,0.42319475481382446,0.8108949680617584,11.621870583471404,203.74469679328058,357.9150588425044,30.8965214864872,0.9490693062294788,0.37834125343770386,0.06464883314556649,0.17471543398935777,0.6704198687258378,0.7434394862532315,0.3200888465126321,0.565178164958348,0.14928714358836442,0.6764253784855191,0.016995975554364655,0.4265467646344742,0.17951904499992766,0.6590571996068272,0.7646168066927456,0.9569793289739147,0.7850670446207546,0.2866400773117103,0.44644619232489036
0.14886170724519265,0.0032376870951444396,0.03219315839781258,0.43525353892679397,0.684821383060999,0.4390276806734859,2.352302799791891,3.783688556151347,288.22747623538703,173.8465359614311,0.6300770747922836,0.02660994222914102,0.5197990921368576,0.425664971995717,0.748176608548106,0.4749781818924264,0.29746382911219593,0.8253149249956186,0.9787133465640251,0.9225424341347357,0.409131115561088,0.2647115366416678,0.4195972752664344,0.4313649454701933,0.17567962764628928,0.7942835058037376,0.3235584071609477,0.12902485266177588,0.9798657211153678
0.0006602878176520405,0.03049644332004987,0.7411768837999901,0.22521895963919178,1.816183841778227,9.569307046004694,22.200693122818056,172.8017847732128,206.14460911703307,66.0736491305593,0.862232843150565,0.5015003891493117,0.16676061259557465,0.35805973226348875,0.22722494877030047,0.3545295034668189,0.7742284814063867,0.04034102690223509,0.021192461260900516,0.2653863045208742,0.8104165985775031,0.8567530369144614,0.6153588067594391,0.09291647948458769,0.9049819187760753,0.5796871444207692,0.6144525633714959,0.7495232327340857,0.16824148804574868
3.4408319550931234e-05,0.0005087637494641877,0.0626379927762958,6.296250476017875,52.401237742762156,38.968468263880425,144.014412107446,77.57999594553226,76.83653228084626,285.12007139032363,0.5814936459644532,0.8060467559669975,0.7570489336282769,0.4042678191272151,0.6012604919892591,0.108225990404312,0.009935033256641019,0.008597056897336253,0.06334699722929511,0.8386287723239094,0.8709406492340621,0.9712003680120296,0.7465222398479368,0.7143049746074387,0.40096083045146863,0.051614120191683384,0.259025811567593,0.6317595303485924,0.7225824417949817
0.0002724610954715671,1.6400406903445924e-05,0.003923441123232288,0.03781428999745091,0.028095181604741313,0.047892840442494644,0.19711090529400208,25.0808581130909,258.5503322449231,154.37552954892092,0.6478032496907189,0.08943938418263805,0.012408478620774172,0.37450034095513823,0.5941787330637287,0.5993372684286262,0.10022945860464998,0.06857567654778056,0.94322397838202,0.17838959696851983,0.1755087477741093,0.2871851704433256,0.9454042005053335,0.7985003754708605,0.15442582662784024,0.677218907736379,0.5982723150410499,0.32099046583254626,0.6856028829554417
5.950864923940802,15.420049761689116,8.964262529756638,5.5228542078271134,0.006690616331225352,54.34848366871805,130.54837913396426,115.1328923022089,154.35993208301326,41.10769618448233,0.9226371324454646,0.6851432048795725,0.657234934968278,0.40864539803306843,0.3975551224232786,0.9998134485379854,0.8459799941986847,0.7044928247457278,0.278456257557485,0.4871734172649753,0.8347851243717654,0.9396034155040929,0.30151941821193495,0.6846411145346961,0.9976145856687632,0.35830652183289624,0.5088596029602179,0.44405610551068164,0.8611829435313371
0.00022421383003378814,0.0014669110541806302,0.0018254514579606521,0.0025310606138742877,0.02473691699645331,0.045833639274967364,0.0034404240074539525,0.06285175307834735,0.013395558580014904,644.9654569195119,0.00024228903424858728,0.9142991012889833,0.5602015939041294,0.9570261874826245,0.4017916979731837,0.1964503681092871,0.5814794055482271,0.48090094445907156,0.13258265674326153,0.7023332070624265,0.12838086498768292,0.7444737120310845,0.751676799045369,0.25483195015406873,0.7836218247445832,0.7095288506777695,0.05404636421338641,0.4718063454355131,0.7718576168489755
8.862023811199876,14.448754037038391,5.377112078270943,35.41308597021932,26.55173898614734,20.387179536892745,29.831438010994187,39.079319830973844,224.84296001283016,159.06846656892202,0.7178947254350214,0.4445491401175526,0.782833130417703,0.7882362756407084,0.8163977042357203,0.7071048669590048,0.447542171163315,0.8125650895884751,0.38016851556369796,0.28621852889148275,0.9975151021976995,0.8926038869355551,0.6548676044934751,0.725287453683401,0.2634041301411634,0.8587203045905963,0.5300029553730616,0.8914065516424773,0.9397631811335035
3.288514709243938,1.2253243743634485,5.586114710125875,5.748835696115319,3.590053664121823,5.632760523942904,17.090901146975888,277.2457996568308,54.22438039637965,276.5131547831487,0.5746905726148721,0.854872492180199,0.13200190550243565,0.5946421774996903,0.7753330582157753,0.8153154672998866,0.6372697296662596,0.44691680534302025,0.7285405279923738,0.05968013728795864,0.14131269777404093,0.6144910700562549,0.804572211794908,0.06844388445397888,0.8549376717008106,0.9978298219212184,0.32646159544959963,0.2709932553428903,0.8519784634810054
0.021360820352797228,0.08345871749082802,0.06847342167260342,0.26695574268117145,0.42251160682546773,3.5870997257686152,8.356685399788464,239.50865311854488,166.14052777378274,59.36129740370399,0.8757656289844304,0.6029674889811645,0.05075613957469762,0.3474676334475081,0.1938848193600085,0.5102792717666977,0.3936251456308144,0.604868992579061,0.20378662978522488,0.11816656219371285,0.26824325158355367,0.5823766624527821,0.4355843655898204,0.0985383088644515,0.29239614696020416,0.4382993052315576,0.375891134703134,0.4392119924335576,0.8894824486584497
0.07410004926022357,0.0771843178445141,0.018809010110548093,0.016856183441710314,0.3580349761657528,0.16174974394523853,0.3607565106188298,0.5849145034734953,43.445300675113465,623.1647243413382,0.06748502373381199,0.03664056207117254,0.6460223739945462,0.6620518757354735,0.7711307511934049,0.3430364497071954,0.9098356616486677,0.8894195034604923,0.48980638699385504,0.5583552817476175,0.5475225432936566,0.8182184125817153,0.482197002624668,0.8225969542575361,0.8366102859906803,0.786665189182183,0.6334096792644566,0.45826892772319455,0.6370742608917935
0.28063803088655426,3.7389004146995735,2.964447205809162,0.2698816519697362,6.580816943425689,24.407718420852575,4.652858649312059,1.6319947061534816,198.22532290242697,361.08276414824644,0.40201783766054583,0.18342650043181433,0.9633484105711229,0.8915297749340693,0.36176294588561964,0.5243247459766011,0.962794790601623,0.5755364696064471,0.06981847161947762,0.36072418026757896,0.6491841092146793,0.8324637568376915,0.03287831785538495,0.39994935331329273,0.11042301531455184,0.9777253738633285,0.560228658616197,0.3335662804951039,0.10566862113292014
0.3893200513445609,0.3259361036819621,0.08066020836934502,1.96956764594657,2.93328598233612,1.4046687063205086,12.274485796585612,56.91713851547498,172.0484583626488,202.87179918450565,0.5503880521300218,0.3072158379181461,0.2539866110606614,0.36657376283947135,0.8022551096673527,0.4852773516707369,0.2878036396909475,0.8986574317618009,0.5443085649925294,0.8815068321565666,0.7401294519050972,0.419858281147143,0.6962977732261093,0.33536534818720165,0.17462609232886325,0.29444914977446934,0.41154021450775147,0.04176018312052106,0.5846558629234188
0.021334588289372416,1.075926948533149e-05,0.005089497477002636,0.18719482975253104,7.577243277648434,43.82568991295552,182.3553885304314,4.6619487389788485,18.68581654903358,56.16831289906227,0.8208278862392442,0.9273828807607756,0.980464013133317,0.22061004559503647,0.15093746115474918,0.027420505518777897,0.12374144679125283,0.8074701224804443,0.9994959431109911,0.7867057692576328,0.18433011390385495,0.2224441351874964,0.029728090129165913,0.9985024375486268,0.5988395976966511,0.9668998422864417,0.18106606643988743,0.3997134852272973,0.10074858157422308
0.005486636965899606,0.0465793375921745,0.007738203825360202,0.18472547831545066,0.4211167429677719,0.5037359514708013,0.8364642317802523,0.662549446330207,18.13154171250991,561.8940229816723,0.03569616152522698,0.12828865462855987,0.7517049796701484,0.5829869348414828,0.5692290455890519,0.3673566879071844,0.24456820162749204,0.87060763922302,0.10537855120295196,0.805891934314943,0.4771873593962201,0.8472120070443726,0.25007696311699534,0.3437604915508441,0.0046202581704739626,0.16719029538199412,0.22335607201094948,0.6283883061359599,0.9899645732291502
1.1552570047165405,0.4922452204533765,0.7346423646842501,6.025919757249403,3.766858296407749,15.9311151604542,0.8752989600181039,24.78132182663245,399.2431968800366,187.72088839961003,0.7070188029522604,0.11867983148862192,0.5390607072590367,0.969797840343035,0.43317819211762193,0.6906051556380678,0.2833166459620131,0.6916046289494021,0.7012172651829904,0.683359495954049,0.1958917963249398,0.6515406017016653,0.44720378885649525,0.19499503767974688,0.24982454617038596,0.44004567077946966,0.8410885803824821,0.8853121737061354,0.5354884839754098
0.010062632123090942,0.014367077180245135,0.9139150895334975,0.23276602834275242,5.776668899231126,1.6300817078369318,1.9983522043730022,8.052267833816284,74.031738989306,257.13591102444497,0.26489778508428624,0.20104076355104464,0.5677442712799442,0.8110522089799967,0.809966421079183,0.1685590034939972,0.8012433811210435,0.026034896056992052,0.4119014269939269,0.11349371905276869,0.43344818704356064,0.7951661801817899,0.572803939103829,0.9577643722487807,0.8072383362487965,0.19795248831567805,0.822236642177013,0.3078383228861622,0.6108664254019891
0.00141823992280315,0.0027377580221460626,0.002991030888690161,0.020112449829439404,0.006994343334976071,0.011328368640466619,0.09785308794301978,1.194848548801333,2.0902290524625418,625.1091991608193,0.00545474490100858,0.3903394487009232,0.10717851897085307,0.31778925721267753,0.7514737997060408,0.7958083820435204,0.2621850887896681,0.5815000948908886,0.3412513532463937,0.9716180311164136,0.6562693322213535,0.79395677333722,0.6625081272648911,0.9820586572269745,0.46998761034571485,0.7307201874559316,0.8969498774577754,0.05935431834150898,0.6659182146371208
0.5620474575103319,1.7661473310316198,1.1899081264425118,6.829356338078115,55.49808246071513,21.02996617591724,105.86893567939558,48.77790474243956,181.30460077334993,143.65029271202997,0.7464147151677973,0.5712085022826818,0.7980397876906907,0.45072898746652507,0.7579298620893382,0.15714745423527204,0.3399967884815006,0.6617756344266107,0.24140912103936032,0.20716445317255605,0.05251720591478192,0.4359503176314415,0.2165931364141738,0.46860962980139986,0.47020463330960005,0.33146366402902333,0.9150603053554378,0.3851436934186557,0.43540545138594955
0.24551408212680087,2.1359144240326993,8.988392187739022,53.35691324611043,160.49142604099785,47.38591686555157,19.80070348052117,78.13162197493902,51.99076203513211,206.9612095189473,0.6712231422938735,0.8769528531575151,0.7891391466815854,0.9322832429128812,0.8261731173880285,0.28739571420647214,0.17565880435797174,0.20945172050404148,0.10309529825975684,0.4524701779070317,0.24783837352065446,0.6744570672608923,0.7292323585297769,0.4408119135357226,0.6475780787039928,0.014756387866236363,0.49991754370511177,0.7326326229900283,0.7941781063703778
0.01754742832107136,0.04499451670142036,0.0135172833745312,0.38335763385368243,1.161203571056532,1.5618855241382064,3.2204226243038088,23.537092923147338,298.9866852483761,251.72923112524654,0.5664743702700039,0.09102338268736125,0.21385851645771445,0.4970391152755911,0.509227776782573,0.28348208674202807,0.16555602252909285,0.8222795095425884,0.280570556524279,0.6338737609791025,0.7233498782837567,0.6976452393077159,0.7325995996240273,0.5250117601640816,0.044427773405144345,0.060740174821992045,0.11568158980289064,0.537234006842311,0.5082798141587043
4.8630915355793585,3.0769046671840155,21.31088830824006,6.533147939648153,1.225514015189338,3.421661200291923,7.557866230880526,203.25675148385767,96.00054306434131,173.04784069162605,0.6674038694785586,0.7235376614759672,0.1910044627578003,0.8425086042064485,0.9153707891056128,0.9668865432782198,0.8174284033344266,0.27144465323011174,0.6124803351778488,0.4804774682479027,0.35907777019556575,0.8401332565812705,0.630939047240744,0.6106963331906756,0.5075854608381447,0.610813992253312,0.33346612958211397,0.11119025910717913,0.7492977492080548
0.0022219026626594724,0.002814469014702684,0.004749994427172606,0.013171579775965624,0.006150031918677688,32.33192096004501,21.29990898766372,52.93853432152659,116.51871016020785,285.744131569076,0.43846474042018746,0.4777713366832013,0.5033884014092829,0.603064914421879,0.00089947627608151,0.7887166205392891,0.4262735941392271,0.5146314396544418,0.4411713044624247,0.8110398837858511,0.9629915061224875,0.28138761088416264,0.5054243079812745,0.6359964351322274,0.34304776744801524,0.38757893242859964,0.44110321227607097,0.5285370270507543,0.31098058629845565
0.207500353400583,0.07184536784575273,0.47514597300221817,2.9154691295811506,6.648984246470025,1.8926562761494856,0.25203957832919033,15.260077030394047,33.07790296756661,475.5587505750655,0.1133596442871953,0.4559700470880723,0.44956599778324635,0.979778013515447,0.8450116227631509,0.3556527143838265,0.205585762482669,0.3702436002619669,0.7428084184529276,0.06856582222659924,0.8043498750249105,0.9424939543323078,0.7388997583976169,0.1853222457163034,0.024979984187786103,0.3742840163112844,0.9137676207345828,0.024005216442034027,0.4188711078171014
0.64092232674003,3.4053790823736083,0.3318588202310637,8.018502686877241,11.147533306091889,11.233707495618576,13.15534076682406,26.7378675421558,14.9310928216737,417.42770424226495,0.17671976197469413,0.8333624396084341,0.6419248780904832,0.7255487103317685,0.6769872161723716,0.5265273360435682,0.35317248350889324,0.9242013076618865,0.15839707968775046,0.8701785867564794,0.8268909430777343,0.17861244440282992,0.07774542366418948,0.405822434812845,0.18165778214647113,0.9871967357963541,0.9755741856168307,0.656637802138916,0.32678635134604456
0.1663019650418528,0.2970421243577181,0.4710257990920074,0.5494848549207354,0.8093892345330672,2.8842954922460295,8.555779040037363,196.98349380270295,252.9391240279973,204.3869451078137,0.6940511593139462,0.45446805658493794,0.06517428941471301,0.3770057081494982,0.44292158295426787,0.647054895895449,0.6296909401946414,0.4958893636304795,0.3589167723221783,0.8659772699684103,0.332328107783682,0.3986171399317155,0.014848950258789649,0.260920833223367,0.47911769929265347,0.07974097442180064,0.5562206113458705,0.9482497838881351,0.24305332997204177
0.013136153754074722,0.021967789979755632,0.01334299939195194,0.019941172840655955,0.0194032813306894,0.17159824439601307,2.016975724596459,94.53523897327344,297.20543217902315,99.26597314867817,0.7987646620635964,0.2457041076065155,0.02351335236946734,0.11394903715124488,0.3384537513683192,0.778984252124163,0.7084117238959738,0.7245853188856591,0.3742073498544027,0.3079147355830193,0.16560266572205062,0.5247135462663886,0.8589366264661998,0.810458271622292,0.09054992662920039,0.6016027458335202,0.5237976322295238,0.3429009471947211,0.3339438950278102
0.13075261034585856,0.11566754405386222,0.36802249319257024,0.5826695017971594,0.2565428934465391,1.9914670005836586,55.74907241210454,31.577616697898296,42.110358494828304,550.8191139001758,0.19435705745437398,0.6831000080274304,0.6521208919746482,0.05820033662267598,0.4219458772476702,0.8235187263231034,0.513270747361196,0.401046632041777,0.5306084263455307,0.7233898295923447,0.13714242099327362,0.13860918858053867,0.7197333267914628,0.841310714093198,0.16414498258381927,0.34787143738126536,0.3825647725331042,0.06907764207910447,0.384527223246683
4.453161123381263,21.552180433117073,0.4689313933692364,11.102474085657516,57.07533449794503,0.4942427291667356,7.371774145193961,58.43995399917649,312.11603848259864,94.664823536002,0.8332599349266446,0.3402385704622484,0.6369243220500579,0.9280929488579855,0.9948054458961288,0.3969986335930446,0.7045387117953231,0.9822872796447624,0.1712402474586413,0.547882073258526,0.3285029425259174,0.904763078830912,0.22987611062419203,0.7878498671517724,0.9605832736464852,0.368779686106034,0.702129722471091,0.5515784709016012,0.5796958506624932
0.45034709234797804,0.00861555752339496,3.3644909972453396,5.826660205826212,3.648245040069327,5.137553760440975,13.749417963330107,15.380401706081347,436.10300227960226,137.0285468561538,0.7792344981209831,0.09834361603290218,0.6766495341292571,0.5728048244388595,0.7213290246589088,0.725662010672134,0.39620813861700727,0.12003876396343376,0.9812281946563418,0.43573910402496274,0.585838168207675,0.7713486711885997,0.9209909909167205,0.13032658386066295,0.9876239631073684,0.8718085648804373,0.8374253013921361,0.8357448150640397,0.8278432019856424
0.012620609519065417,0.002545979311721639,0.03143309498881955,0.05041859339988714,0.10048830894088334,0.050476481684243686,1.3140618975926395,101.2678697484858,28.83396469473743,328.8581572094438,0.28590136614427636,0.7810032271247143,0.015190569493157047,0.1587553965037129,0.7964519024505704,0.49121540251176254,0.4803186075359767,0.3254654879097223,0.8321323706914577,0.3171042340706801,0.3691635438579789,0.41012518648788115,0.7087249126864829,0.8513763189077436,0.37602102497597345,0.5177939224769431,0.15894403139985472,0.9140551980789016,0.42071751999549206
2.1373027007488394,6.329195685379889,2.7537122551767386,3.7600709699903456,11.142703269967573,9.878029338852329,105.87538208291281,10.44712343181302,73.49172657455748,349.5890669485679,0.3924462175662574,0.6745493150898086,0.9314149026361855,0.2537491447359749,0.7256180262462456,0.5734521410698501,0.7489986458495492,0.7545757077822253,0.25244234431681173,0.20274631206090857,0.9862434392769843,0.13267698706403483,0.06328092015537815,0.36369172542183525,0.7786092662726501,0.4603607604908609,0.19917460698956094,0.4650591178772142,0.12836540272403887
1.9895377342447862,0.1960454102643264,19.273940814300083,5.818731420626458,8.932696157063456,77.86183985048392,16.139880000032345,59.95990591601041,492.04485795338826,7.198851203907699,0.9895580488229124,0.2787565480960607,0.6847079281022269,0.8760498511541804,0.31743723543729446,0.753315066905666,0.7866897519768422,0.1018467673702484,0.9103006395538621,0.2601936974162581,0.456596581121673,0.9109109203637792,0.5560378744983241,0.9075434823365005,0.05647770855983292,0.12460870496158215,0.35120989458424845,0.48019083496403814,0.9295751262343712
0.04374479330769099,0.05207975075170017,0.007406299017596756,0.05099222430343238,0.1772976592024228,0.35862882241099314,6.397325244110495,23.879904243968305,9.761214240417209,433.8562124266582,0.08581942107704073,0.7603350998667537,0.2288690555509897,0.09737594406195399,0.48036070887268506,0.4651988699773852,0.6693605880782384,0.9282549788722227,0.4565092767942457,0.3988922075030703,0.8883761468568276,0.2798835446999765,0.21423239159534402,0.5521883525279113,0.07173454966847909,0.31175544084452084,0.581108197646109,0.567923592931306,0.8486325464187943
