obj_0,obj_1,obj_2,obj_3,obj_4,obj_5,obj_6,obj_7,obj_8,obj_9,var_0,var_1,var_2,var_3,var_4,var_5,var_6,var_7,var_8,var_9,var_10,var_11,var_12,var_13,var_14,var_15,var_16,var_17,var_18
0.04598407617030156,0.9484893851741796,2.8199623646163,1.9290759873301218,3.3719978655327414,24.272261972799786,20.088954169512004,9.898990732986187,20.542984215465427,407.54244455601105,0.1707534798381468,0.7552037385341599,0.8438046736002954,0.6243421065698022,0.2730194088403745,0.6300812588278775,0.6641295343266989,0.2607131189824102,0.04623962122441484,0.9518320468736814,0.9254306732525581,0.300244116703838,0.3411871162663978,0.5172574612890972,0.6151886193372422,0.7192425375940508,0.021484717376613883,0.5031206091463194,0.36057456276002475
0.05536078921736557,1.2265151923576232,0.8365388710559277,1.8834932102847013,1.5763997222522441,25.93347319095459,140.27913683394826,186.99014153320394,74.8053436259667,338.9811966720663,0.5612277853362598,0.8274730408663821,0.4788182467729004,0.1834310065853503,0.17702292959559268,0.7174053883430874,0.5293512043071601,0.6051109299875765,0.04318732078070924,0.4228190350264415,0.8243898368225251,0.23751745948030725,0.6967749675585526,0.5522472488062061,0.4387651343132171,0.5517681472957473,0.7427017621363857,0.3562335949822151,0.7550809835792468
0.013231491014722215,0.05945234021295905,0.16907117071866345,0.47513854970880653,3.444025637744855,1.5572542999231413,135.27029335973685,6.611057436598943,42.99067859346336,256.89886209100627,0.4259103021698304,0.7744339533510584,0.955209493603759,0.04055773934647387,0.7276657829933258,0.1722921111953932,0.337225800662016,0.3006507854750106,0.18204173873656607,0.9723722396535658,0.2910583483200834,0.629534158387969,0.3760003059917496,0.62997545910083,0.40737691874165954,0.1811171638113599,0.01098278207124555,0.9073975698965935,0.04847028074820553
0.6375132357577475,0.15789877432999028,0.012481191405211103,0.7946985174662147,0.3483404794521234,1.4025505015928539,10.555304762130758,37.048192358432054,55.30655677385257,627.7483676462016,0.14477086268015701,0.4795340100062412,0.2729515664215468,0.2411053234606984,0.5817630126461896,0.821449212978396,0.5041166704752799,0.9845509389333312,0.8014880686644733,0.961469309464182,0.6423201663397913,0.6565639405514403,0.4485442753692254,0.6559513844239349,0.5053049045209179,0.44048865642243945,0.7392202017137822,0.023138990861036445,0.4057287203599267
0.0634938105316449,0.012705684700362879,0.40170980645875676,0.6673690349710488,0.9421872365576341,19.25990166247547,47.35546465352822,81.25645587595325,59.93241975605829,146.44801776327512,0.5890213541407777,0.7144602782842436,0.45814322615886244,0.31072033930297865,0.09778562153224205,0.5486453771285331,0.4172865987177799,0.15944342360030764,0.833257626422887,0.11969984046408119,0.014258802164678498,0.5184604092324954,0.386129094069888,0.2449965174163221,0.9928256263242895,0.5610122654164076,0.18851281241475323,0.2920632625796784,0.605661626369507
4.27590671792067e-05,3.945366397181766e-05,0.008938506472999638,0.08660428983871873,0.7458624764911045,0.5010396008638712,81.15616460482997,33.74448301418215,107.82106683167454,265.26684052393324,0.457899058022937,0.5187939579648221,0.7097078336022796,0.016273313659598283,0.6267936744515016,0.11363806436430797,0.09433430955396416,0.009113766795134936,0.5201027454088408,0.13740416365344735,0.50094369936947,0.8218354616595207,0.1990925281271828,0.8796786967928216,0.36365799201152055,0.6151474123672213,0.6093254554506826,0.34564681125283114,0.9647359347701937
0.14180091597065927,0.32610883251575223,3.1923865503965696,0.04425828857545351,2.3561427236372303,18.6540087129826,146.59582553604102,17.467311475699837,113.8422719850655,170.65955930935138,0.6394107573902026,0.623811285719692,0.907471601567216,0.14426845681349687,0.245226356534083,0.6112423038643251,0.988053006770291,0.12783384466148393,0.30305185226286707,0.02861397532609797,0.819861286087127,0.16168669726918494,0.6922337959588907,0.3928515860371132,0.7096553234409249,0.41804118475940766,0.1194313567715437,0.07024959960541068,0.348063129534332
1.0124138873420017,1.4075197998706162,1.557748708629734,8.085981701961497,3.454480465239791,32.22132768651652,0.4754893966482473,1.8391211244162715,478.51715037434786,86.8739191153306,0.8588437673182172,0.09469694836172861,0.9632573204299011,0.9901381359558618,0.32505898854352366,0.7773908825758323,0.3297242333335919,0.6083778055638728,0.41836431001881824,0.47354057848341674,0.8414275731587464,0.2684217019964768,0.029110081123027022,0.025561436675524827,0.8249310919917615,0.6718702951323166,0.27992795973373225,0.9972456935860188,0.9336794640938674
0.0010154605706940718,0.0026596494418054486,0.0022135031336468344,0.1508206124240634,0.1439981689100606,3.5027036903093847,3.3134059037283903,82.2476793856668,69.7924718218634,384.2897177293475,0.29286583637000463,0.5614865461882033,0.07963808086288186,0.5344258663565339,0.07906255405386997,0.5211352578843603,0.037576684619043725,0.6241045083602745,0.27630753018014703,0.5336132938495414,0.4192326200303504,0.06654195814607941,0.7414838251020284,0.8320969257204586,0.8872340341895586,0.4806391617597856,0.29894287035725764,0.9901570020164343,0.15903027387286628
2.984771648684544,0.7894169330153156,1.6147296666495112,0.1665220176518722,7.824187867319677,0.9579874066461699,13.08785649243761,12.696847623180098,206.81447823240114,217.56497910060497,0.5316164762358944,0.16248011636477466,0.6835465214331702,0.52278464060806,0.9331836312686922,0.4152163431333232,0.9700254147864804,0.7003610757791503,0.7908379732684768,0.9236973583637382,0.4270218445343405,0.004937138798711837,0.268946903160564,0.4974266252262967,0.4844611291227741,0.542087807570421,0.6596851111064616,0.08084403462883658,0.7124584649469238
0.322737565915114,0.3192981151373268,8.475441773761366,2.6520404978448244,4.148089742832714,11.709658982776778,15.502399724698005,125.1763182148781,370.221298514346,169.86492681396825,0.7602106228315542,0.3125300980833144,0.2562574735586284,0.6405629577595836,0.576155718944585,0.7394024389728076,0.7746687240282639,0.07041812653054179,0.5026785511142847,0.5089655877569996,0.9207419838725294,0.04676057857979677,0.9716641960459922,0.36618700832482914,0.8599535457076394,0.15256781323333715,0.9328939259407116,0.8444078044212905,0.2062605583179049
1.4889413889943994,0.7128068445864177,1.2770959747044521,7.476878356425551,6.316914803528727,0.5222273496770149,14.796417965690283,169.34201524420243,22.183252183966598,112.91151203419092,0.6649789002279313,0.9010191252145238,0.16139627796926367,0.5460007478277998,0.9706529182460591,0.6342819762346139,0.31753671998694816,0.6328964741614757,0.6762541539878322,0.7569081248299784,0.7753414060205835,0.7823301710273969,0.19503805318216158,0.604457119290788,0.3968145891431768,0.43237851257705984,0.013583971902293242,0.10325046836204582,0.681482673192244
0.1467841513186038,0.1363413168244921,0.48766402179201973,0.10158190008474469,0.3150456601897281,2.813594281933071,60.59781459414827,2.259900641412509,291.9916178988163,9.369948507259144,0.9745534162943964,0.18631367532083082,0.9661988680097869,0.06193628560227899,0.2967792269595227,0.7346798581558854,0.8835565892613327,0.36731879694795677,0.518442061328149,0.6140507885024927,0.1066072107200767,0.6863028533441142,0.9739019046170576,0.8673439430389162,0.2592245308601119,0.1882307680313365,0.7046466139309999,0.6737742034874133,0.3979896428088709
0.1659902209137195,0.0026681839939157416,0.23366489871152415,10.823047801322975,0.405285620253405,8.067573881953113,38.61042038092424,383.71245317401565,17.4191950680038,33.54356110531078,0.9319580947690878,0.9620860531886427,0.13191372637875495,0.3378268965814001,0.5904416978941589,0.9651536770597456,0.035840534790162144,0.4192111254566747,0.9841799523991884,0.9772781041219203,0.44964907306715296,0.9431114704768161,0.6813518877874785,0.5995127558526909,0.8039177860318122,0.2822988844202531,0.3261870935567629,0.3469300984250418,0.8061148942575491
0.007053014726499528,0.0026833711324112256,0.03561321248411729,0.3675874586589282,1.3361697554930427,0.5034975981981995,27.15623305814098,2.340507763368892,404.24053913451905,85.7053443922588,0.8357175997255402,0.07282128868269314,0.9262816997877822,0.07659617327887853,0.7764820153027858,0.23608452843021382,0.10982206022457608,0.2146961872796301,0.7243976182440016,0.8120212318105599,0.6922733630101598,0.8549849125432593,0.9870833168592179,0.44716289457725933,0.5731884164599573,0.1260616719680116,0.7925441837629853,0.42583537474722594,0.16476255782752408
0.009910107815415342,0.009283018866563976,0.7946315112974789,3.0040781236973615,16.574501666499053,5.988645313119631,89.1964718547926,86.45001807837124,189.11779853028165,414.8760170413247,0.48527912524765604,0.5165024862669081,0.5720879528718015,0.22825415683760786,0.772994426990321,0.1872218048207048,0.21316012711178298,0.02358386043660646,0.5163362895280671,0.2538547501613408,0.2336578228535746,0.6167347643980446,0.547326580399088,0.7374017415307622,0.8411917224133482,0.0607366788180729,0.45621815930528953,0.011546439880174543,0.4416192570993653
0.003731920047084383,0.012315338869733483,0.03379766369514835,0.03534933410822577,0.18142597350860856,1.853140494605078,2.7213332398828185,39.688483672522544,13.417136621500793,410.08984880807503,0.12380809285292481,0.7684573354480215,0.10871636834633215,0.43786812242920964,0.12577845560833054,0.31953410529682014,0.5850737424199208,0.32194370210468376,0.23255810019823708,0.7687749606329496,0.6121120251672458,0.6889083481186249,0.7220684530675769,0.031047522181813517,0.3256770784180957,0.7801704735776156,0.3302788399348727,0.7183969652389997,0.6255721293166511
0.036632768774693604,0.0780865056051252,0.4759564178456908,1.0099001869922788,0.09394968016642082,1.9767943089011224,3.3352115055435436,72.77205786823703,77.5224316980209,421.973000351011,0.27154855070056666,0.5071714650374213,0.08782470886479965,0.5239853605735098,0.4615575924131142,0.9445569412357745,0.36903948128605846,0.19421702279229902,0.31932531802291425,0.771017339570605,0.043797603105580354,0.9228929905423282,0.7046187341981937,0.8430163475059002,0.24091428123909522,0.5297183559372549,0.21688020059099788,0.3895419735665407,0.7234703991803031
0.02933049771457537,0.009366841264959746,0.04141863793893885,1.8566237543545354,0.9149489443281271,0.9328349563638486,33.804001652508276,45.80724771194726,30.63344971463857,402.72642255028694,0.22066371941304969,0.7313543933184454,0.4507245863179015,0.10068295053672305,0.7535132431239422,0.679155388820536,0.04136641368213897,0.4830165026747853,0.757946114333253,0.6394290289863573,0.9781168312950919,0.47475856495322055,0.09178004949006258,0.7682578940816229,0.737453588699978,0.9140025176116264,0.18169282261474856,0.09800135519492463,0.633562545881033
2.640936496159127,3.137849130938674,2.0775802934618475,4.93007970178725,33.864840846416975,33.057535777074165,55.89488041544909,179.96830747500653,21.47807102840171,34.86004561283251,0.9062675547049963,0.9362763214469997,0.42970763662696415,0.5878071223831983,0.5852713056640321,0.2740855952795272,0.6144292286223046,0.7355545408055725,0.4570054448421282,0.14745822617643117,0.15909821686363276,0.2121193599407598,0.9056185333993191,0.20280796117125,0.5095073887581927,0.9935462417887476,0.9052069865426708,0.3853889339240753,0.5342343809710755
0.00037111959245795384,0.0006803941772849653,0.003042698068206539,0.002326998792479517,0.012839846355107739,0.11956190570028467,0.09188135462787325,56.513888586997766,246.89803654177086,416.7602574394339,0.4214900231158236,0.18687953337720511,0.004065661686968693,0.6017354347862516,0.13874546842173058,0.33337789485025227,0.6376074658799878,0.25682935113332056,0.35293840474260985,0.35383155440269737,0.6678764203866959,0.8462602610722163,0.9213724733334359,0.6643796787829819,0.829958991047038,0.4351522734605275,0.8905820016293455,0.23234880324885304,0.46847150639400487
0.002868438988209021,0.002373492228571876,0.05149692611845144,0.1456089235404645,0.5290036113603286,2.6498692460474,1.7105009777852742,9.307732088373415,431.03298279029417,75.4240348042956,0.855192286243107,0.0323269086951917,0.3536051936816148,0.6640623532152282,0.21629803863001296,0.2766765511405414,0.28040266658564084,0.09238697187378654,0.5472103447344636,0.6096452682270954,0.6300029842317525,0.22778105087964487,0.9778329166148041,0.06303186424338622,0.9570098886703446,0.40323666832265176,0.48586390647319616,0.3128565937494445,0.34074410686435924
0.18379037588994404,1.8765284251606285,0.04062869562511538,3.767944712185013,4.491124494323601,1.4577368306436558,20.42308261319094,17.27317076038951,73.15739753921001,369.31439554367927,0.24933931924262367,0.4036312059095637,0.6511457698689084,0.36654612429835104,0.8766485672195711,0.566494473609952,0.3579802494078409,0.9806617272971353,0.08920482393124204,0.06050197052358976,0.3964758935328225,0.15066345382119442,0.5169073485660924,0.07742630533631874,0.22433959738673787,0.08720673260448206,0.44319949566817646,0.6859940596309365,0.10958358773564784
2.3148237867717385,4.897207044107646,3.4079922743105313,3.0066326276955895,60.34364539661771,30.289195430602224,23.327667551020745,29.68838791336386,69.28663486231991,405.73103153565285,0.35831823003269003,0.6941827062389039,0.8112332938514121,0.8171628963341269,0.7094826233585297,0.18421792969354947,0.7793565283637703,0.6790974708289407,0.3209669843423957,0.5233993173836711,0.9446281879800764,0.34981833228336234,0.9679456367669081,0.19652549816139944,0.7703861809621106,0.16430140571633126,0.8760895738452583,0.5930275966472526,0.23272155590373225
4.701712042373257,0.9761816645508576,28.59603243723851,17.905573481438548,107.79056551698334,7.580204964257424,85.84845398332406,55.353112589817755,6.793223011485129,92.4522207008458,0.7733999094014861,0.9784714645251383,0.8207197301721953,0.661211972192974,0.9547586228334711,0.3261828991511165,0.6568465851548063,0.16566219122495093,0.8280732759473082,0.9343340801847031,0.0745025561491823,0.9235313519676817,0.7761718700335998,0.7949721575385101,0.711986552030864,0.7884194375683913,0.8362692749126741,0.6895530179670908,0.7890730815140624
0.0006894471763783437,0.0008349458225856289,0.08298110947052523,0.7131584088639354,0.0932780046768894,0.20184419023165323,10.071242203955475,71.75972470207755,229.71254675103327,260.32390475547896,0.5456509846541305,0.2652403226210622,0.1346300415098779,0.09788456960860578,0.8152939636780481,0.8953040563019042,0.10594123824434346,0.018038979171969973,0.4522765302956092,0.9832131338857422,0.8352719998528104,0.2984195577496994,0.9525813571059859,0.6814251402229263,0.35144742699856024,0.7476599927296321,0.38450683839266264,0.1278252231449299,0.9956126194939198
0.06591487234295672,0.05173497345657788,11.218098632821437,10.567203913739922,22.349232504043467,7.27587495490057,72.76173951709313,106.49108261992816,42.38554480521524,202.6985411087883,0.5740418925933801,0.8448361853880011,0.5385619393494003,0.4145799583968631,0.8587978088851659,0.4949575358513108,0.5175443143717259,0.010378657044254308,0.5602631426756827,0.6349878902493896,0.11159908295086476,0.14400043196412055,0.8756184976941861,0.40054205879218313,0.3283528611782753,0.6496138109188825,0.9164264695097569,0.4871933559632018,0.5931481069436437
3.450035352877186e-06,5.8219486579946885e-06,0.01938115589696905,0.022709951104292334,0.018918991224624378,0.09509722042037931,0.5064602497395724,3.100139785783152,195.46793919811574,265.10651524320497,0.4290646285462211,0.01888623319832818,0.17609001851602804,0.23562035543399337,0.3908576914442497,0.6899510571881331,0.46057608858493104,0.00047817325475147277,0.3720924614226948,0.36948795700313125,0.9746638653068497,0.4429344248137837,0.9854502687964058,0.3134719027303301,0.2966817850913879,0.387426317028818,0.9089634616335974,0.26104111650277967,0.47098197878172
0.0805031860080436,1.5283949413773186,0.8024754061860492,0.033956727090390784,1.24413322001918,27.511151017166377,16.85184747417393,49.358237886163145,67.35788593635425,456.12370994113354,0.2653738610161212,0.5911970378847128,0.49329757451674777,0.6493031411379926,0.1182497056567758,0.6627874956524724,0.986113643773745,0.6672123190314992,0.05003622332438798,0.3848134352399052,0.9305364342303943,0.666698927785579,0.23619468037143743,0.44517251462248547,0.43535809094719363,0.2897331690545127,0.1508155660906842,0.47522073657559133,0.8917689102193653
0.0053012897784608225,0.0001732375858332429,0.01469850417545939,0.15519480689867027,0.705760382388628,0.11349609041975235,0.14881763133968126,7.861716903131162,336.5022348771044,346.20220667286736,0.49949775675395586,0.02606357782589711,0.12697632125947927,0.8698511697034191,0.885890492383521,0.19902646889895156,0.11503267485866137,0.27137851608995067,0.9683557000804979,0.5497196155514771,0.4325211084864809,0.7705213720507915,0.0712080376650718,0.2311695031662191,0.4644326558154954,0.5541236566032016,0.7464729717275952,0.7854446387168913,0.504868241882461
0.7369548503134346,6.8475575173341525,8.392650465186614,6.30717801006912,26.33773351861692,6.599328659967794,15.505334972473811,136.24315890445445,314.12193739011724,5.8640644552430805,0.9888718117223423,0.39718507042237605,0.341724758304709,0.7807712413684688,0.8804932816103961,0.458317361723655,0.7169681591870954,0.47470958686487674,0.09716575233722093,0.8388646973480282,0.4250039434715617,0.5715619631966514,0.5829834009470131,0.6986714916443282,0.5202755410914944,0.07789722586545085,0.24274164472521012,0.43220381454796797,0.3793613233011243
0.8057115874889766,0.01821922438298891,0.44172757467637946,1.7071856159256154,2.009779717780869,2.3303703100162148,3.840957443615316,65.6783724533202,168.1881389039749,283.8951356649784,0.46325058956067144,0.3135751318049866,0.14517264223914375,0.6556415497585973,0.6813384093614742,0.59664228514569,0.4257399263113306,0.6509898884476704,0.9778874340897691,0.6567273135081916,0.5145988076344732,0.9084083137545743,0.0007952247893866412,0.7403222404267865,0.7242643468442721,0.013455962588168736,0.37072664943087275,0.773777328539127,0.5396196530960545
0.7712213171987232,1.9427534685137504,2.6331881897670733,5.586853248712967,16.62715874271308,7.769107296448253,31.605993575098115,139.13373290578224,176.58062609236345,97.12680652784574,0.7975586216566874,0.5385330376682421,0.32482298732529574,0.5278196586350588,0.780100616277648,0.3967180730618946,0.48903923918170694,0.5075541550085403,0.28416672154021577,0.005511690462289837,0.6095871007504525,0.08986351013238093,0.3540755229082361,0.8950343341939437,0.3033815327683502,0.6117834218126877,0.06007361006975387,0.44862807999268645,0.9506877261648001
0.003168614402766227,0.00357834761352506,0.007715844565660842,0.04527839424002686,0.0027140927815603186,0.09476063343159934,0.06005788750195892,1.364896168333514,3.724481534776956,540.7985831162182,0.009717269092293894,0.29814846096620745,0.13732646737671425,0.7235843277759337,0.3972580563646086,0.9565434309093295,0.24209099219564423,0.4665043384256205,0.46963572569628476,0.14108231457110837,0.5509558060122943,0.007420931057494579,0.7971151448398144,0.700868561771745,0.8839970946929778,0.836503454300589,0.25588488283186234,0.8379270074220825,0.6104729156512506
0.00017672109201027753,0.005047994002871687,0.0026611576290870693,0.038204837439604615,0.3477979986152484,0.13696184033222097,0.13557160857438466,12.38130982792495,7.394140843811204,537.2919199503106,0.03665166625020114,0.6382845688596123,0.051075708668785344,0.7965679757029046,0.7419954814748221,0.11701455039538766,0.17109462397048045,0.6625411387887981,0.033824062901226956,0.6788398952553016,0.5271555177628531,0.7990035211629369,0.7580322658303895,0.11867686644084055,0.1390839164974831,0.9370448081260938,0.606041354393535,0.1797172946958808,0.0655269102048478
0.07679660630602946,0.09734651775794319,0.08838100619019312,0.05323090086694829,0.004414953347791285,3.4329863719780707,53.39095632933955,233.41298363610167,267.5176558434759,28.790924175049458,0.9509412028411947,0.5206418946467457,0.1966708554331108,0.06567879314329611,0.08530686016289572,0.9862105957399012,0.8314170935679231,0.6633413998757903,0.44099706329959776,0.7180159571986221,0.838692103023594,0.06694900413238149,0.40834361134623215,0.012885443622289794,0.2821154051226695,0.7664427777705075,0.8693267365410374,0.743274437396667,0.3718224002783328
2.032509222753417,1.0663806600028864,12.63071630428752,6.7717481518511145,2.4577068255004857,11.881237341402606,4.087183309000278,81.14739538891138,171.7116657310966,93.85352773884756,0.757884865783494,0.415522358458737,0.3352653940949824,0.9001359690905181,0.677493456261417,0.9015304778768501,0.699051530416294,0.19701001067075669,0.6558830096103978,0.3989155242316111,0.4069697839519235,0.9715681931490499,0.6208589401686068,0.37469751735278745,0.3678218693033017,0.6090020556949506,0.08252875979457779,0.16559169217610445,0.6861485281197219
25.244007740858038,7.075161417566398,7.093602909729009,15.962014226848682,25.440087582170715,23.142161137937887,176.48235183057974,125.13533410702429,29.409651459113086,7.184229222760039,0.9837522854490307,0.9323891768891663,0.6914617020186187,0.3706934185828621,0.7773872529687477,0.6852053791380527,0.7117458089713776,0.8200176608368832,0.7810846750767366,0.913951205189607,0.5103248201026025,0.4873747005459022,0.7027160688501548,0.5881260975542081,0.5163270194756182,0.44782359291145335,0.06681550190604063,0.13829089311899964,0.028556758357107442
0.11932702408360454,0.08443318354590781,1.4717197122832426,2.494286286476002,5.457624170422945,1.7996013788583503,203.38061000785805,92.21098998926635,0.9853812201186053,48.80676436467628,0.8632138574952728,0.9968007515922359,0.6996566577195661,0.05319640302231718,0.8425131112949835,0.4331148985536054,0.40181627385862745,0.12161304066247629,0.5856247668365714,0.5764967983914171,0.2229613321058359,0.11871831874003358,0.7931315718305783,0.4676727009146336,0.8993099315282507,0.5823264281040545,0.8986862474094064,0.7686113012231028,0.31666113097441734
0.35725527118341244,0.3517777720985705,1.7297577186697037,0.15044611583083356,13.050373647843932,1.7692963355868705,11.68808313229285,14.331619699242129,137.17968266878285,506.22032594892335,0.2629597654300044,0.24045745145419706,0.6699958897916269,0.5983061088139571,0.8983683266449759,0.16555635279663122,0.9418955765995118,0.29073139620824473,0.5038626543126168,0.1024655048552825,0.8589250318634409,0.2625250571565722,0.2817337886648298,0.6577224721411373,0.4459058237484552,0.3488975475264838,0.09356538460803616,0.3665047690338435,0.16846410131586811
0.0005644524293296361,5.156167289229282e-05,0.09325439937664179,0.4830637379987176,10.246845303491629,6.815904801855067,5.999477958561812,22.72649263478559,49.662926807663496,526.342214992421,0.15429480652801073,0.48283181996147506,0.5098420865999816,0.7462059820945383,0.613603922688231,0.05330246739392959,0.16270559341729549,0.006562388290327852,0.9162979017747926,0.827932835711239,0.28586120363753637,0.05476929316523107,0.4946993487241129,0.7138352155563674,0.8733175286902938,0.9704887684688587,0.2312696030452434,0.6561241883796501,0.4540902087062157
0.00782118770199733,0.012638557301126053,0.01304661101577967,0.02868123573253365,0.07105692367696538,0.19069765599536861,2.0152414188275056,135.76878388941807,65.24544227669706,539.3136786704446,0.27381502819403136,0.6791524550541528,0.016937354396991063,0.13848514189900446,0.4113219184855556,0.4667178348879412,0.5387948797378693,0.6106228021805996,0.3822720029405718,0.830669288259195,0.1813308869371245,0.6659454810159153,0.33861991302070255,0.24894121455212148,0.04973963868973212,0.8599005507663344,0.0855117378153094,0.25993655284060835,0.3194483741413941
0.048408289853401114,0.29485688406018185,0.09151135636083987,0.2944126100726507,0.02150444488320319,105.98397575984394,3.8013915713607145,3.7086028045693005,126.62215304979068,82.7704214363145,0.7442493889304971,0.4743063625477214,0.9675380653784754,0.9656094894295667,0.007033268476274349,0.9713538981732385,0.5962465788608445,0.7895209377951482,0.14102301524356767,0.16942352021185972,0.7649756909947265,0.10669408508023764,0.3099866413175555,0.7832780673270081,0.3933563847268983,0.8980512038862194,0.4995769667482716,0.6103423260008197,0.6603987323329077
0.07906628877341786,0.134661351246561,0.05214271041062734,0.18645324611034034,1.0273854348036382,3.7180014300989375,0.6217191439661062,173.66679224286247,119.03025173480928,292.7465365829246,0.5048793319562954,0.6012606932337975,0.03242270936166375,0.8931649343454265,0.28468477463703046,0.3056841493559908,0.5877879298444655,0.8038791827438581,0.3699394648536188,0.42801428741771425,0.9492290648677105,0.5770870383403206,0.4024877849781272,0.8346307662225486,0.02815486386636796,0.7786794449998025,0.07440793078800069,0.5275807678842819,0.07477687401560204
0.2911801183558853,0.09043531753916031,0.756492831880604,0.8764830929971739,8.36919162243068,29.56022973377232,19.236564312743614,178.8725189558389,98.78814450016844,246.46199105184712,0.5774719258760508,0.7067219430800236,0.24860242537366398,0.6749513898270483,0.25995843374019595,0.1940132381456321,0.56493256644318,0.33530679523213147,0.7630197601230354,0.38703447859441537,0.9520166425331981,0.964391394672636,0.25616875281210616,0.9834615012348632,0.9994051941272606,0.31600152669033504,0.9438033904648077,0.11362472418619357,0.7726261753082556
0.0019682612439884902,0.0496918397412158,0.03433637474618644,0.6062420293986659,0.27701947668462323,1.8137540754246881,94.0629130641442,16.591495421620056,113.03504676624269,186.47142116557634,0.5484339970394172,0.5008883503181238,0.8537387808872973,0.028736491016542316,0.3482766017105019,0.7141942786316009,0.12422954674449069,0.6007234662332464,0.038100220604528244,0.9996512830106508,0.010320089030406532,0.03044809153559657,0.18067300854727222,0.18300045840946425,0.6526520087763952,0.6775213321163078,0.8965895330180602,0.7267359178876425,0.3854095177321477
0.00014299947625700474,1.8847257942230462e-05,4.182097435878236e-05,0.0014661567374933352,0.0018475945530879853,0.3076430496792602,1.3071948826011226,12.411449959706145,22.219041024864303,631.6992316097966,0.05426895822103058,0.38704142970503985,0.11535123370616639,0.19226955837133444,0.011304196237005843,0.4747300354208398,0.12196953340791734,0.7946607508137743,0.8835487287681117,0.36177453247791136,0.8026775260641646,0.8987426467237233,0.2420196433913563,0.23956297102324592,0.1494570949981515,0.3310514597553544,0.13220174081930366,0.9168170053604806,0.8358546775154713
0.005461254619373805,0.07753418079485958,0.3574420889738884,0.3346259257390272,0.8645394916994078,8.237937376570214,14.268617930751617,26.82415052252818,787.0587080496092,5.904509194782156,0.9930035849829839,0.0608216514566658,0.4737298798269404,0.40907295547709505,0.16599303966118173,0.4727141128837631,0.5682599589954449,0.1884386111958441,0.06580186720048489,0.543182756276702,0.6583950288655791,0.7434688921745479,0.5511582693308245,0.02834831147790461,0.956297693086568,0.06582521236483471,0.42235075350141815,0.8241173214913092,0.5570776306757846
0.0935238206732523,0.4368267166353835,0.03900645440296236,0.17751853715942692,0.3912944768695104,9.556176637677302,0.07007636265200598,4.324646299912509,5.392400079615006,654.8536533681435,0.030327860488111872,0.7367181046391642,0.7133921110563182,0.9934900028907735,0.10642725953165705,0.6562073548802406,0.7623184449117466,0.9314903391531184,0.1763434070376484,0.8005140101406595,0.0479441460697423,0.6148587853256593,0.04611562892210903,0.872489148418666,0.8761322932500591,0.03382688947401734,0.3347192404664626,0.8308829019082679,0.9290132237902999
0.007649277068548889,0.013231445242020846,0.0033894155258379502,0.0451528870151364,0.10405002533698987,3.8944669558831055,1.8211487299931304,34.04597497815275,74.60676430457441,526.2068393536225,0.17876249120970575,0.3486504834519116,0.1474666167608532,0.6907588233744181,0.04264395490828656,0.40019487047753965,0.34959781554185443,0.8603462597252546,0.36633201451450065,0.9224515339628289,0.2438450715464401,0.722735026425513,0.2719547735623001,0.5818338023335196,0.532515803423256,0.8076325159955466,0.9538288845019927,0.9637514162004815,0.8288689261808782
0.5729008329543267,0.07199294936990801,1.172009729199868,1.8115179353938942,2.7330632123037106,80.15016730917701,119.73242172478993,121.55203979760964,102.0974339214166,113.20042684844091,0.7915638320190406,0.7625053119871145,0.6291840116614995,0.4194624864571603,0.07353326996397495,0.5703733705713148,0.5007421376222411,0.35494112826237423,0.8883646402816271,0.40490084777939167,0.27154477328807636,0.4452181230510077,0.07622748389035977,0.17958112049043823,0.4668258342805144,0.021726564134712165,0.516822648250316,0.16278807707429963,0.018151944826533553
0.06749897966916464,0.0003165745913705517,0.08685558622657057,0.09294548210697304,6.7089050128588665,30.255304579388017,18.36110138803554,36.552194289912215,193.54357381899584,323.0337632699415,0.46930760915549485,0.32248938464624466,0.6032331514041295,0.6696034889641993,0.186943838641236,0.03559489002839222,0.6246395692936181,0.4384499528933691,0.9953318291825157,0.30489371302884644,0.6527092035179489,0.1567046536716014,0.8772723071043205,0.9575279512242283,0.4617708023432868,0.5928237429262455,0.42359778047242147,0.6521953764420609,0.8998329777010102
0.010479274160095168,0.031237035568086276,0.15832350419440033,0.05309373534772874,3.079318334383499,1.4462534245260252,10.116090359377308,0.9295600389778613,115.29663634595684,312.5668502430782,0.2955253210772979,0.12068514323168039,0.941257637516706,0.3208305380508505,0.6973545487204588,0.07596015129639819,0.7902540556130226,0.20854003465693208,0.2512032878357861,0.6899923040913776,0.07002210500529607,0.19906367871345282,0.2597931229781995,0.568472459861545,0.5829032331427265,0.5028255776328081,0.4445590572898993,0.2053569086947659,0.27359382516615
0.07190729919885146,0.7034358469009565,1.0467459055114734,0.6176648628686717,1.8523830909530326,4.563697958523338,30.596920721850758,5.458362483653836,217.8611013486869,412.8456753062195,0.38893614501797313,0.170912732905387,0.8784630018994837,0.2244668289962357,0.4846676821442801,0.5684240534241366,0.7468331296845853,0.4255242878574835,0.0927425483291691,0.12440635313040058,0.3871799747956403,0.2565324875335336,0.35183455770525773,0.6236917077010422,0.2375012712702571,0.6866939742783412,0.36489528729467585,0.6444666809373295,0.768991732396207
0.6432572558537535,1.9442376230141598,11.762785240106949,2.434257858810046,52.87990922417916,172.11914775452396,109.31118237271025,32.94905424359151,77.48506396828192,47.412160984610395,0.9068415480011134,0.8321122150381449,0.9142049642910447,0.6886561993196031,0.28812727023312334,0.24093405821659483,0.8549702194941621,0.18030971224363498,0.24860233004024063,0.3478430940061889,0.8688587918889997,0.8286394777725633,0.8851998329725549,0.25624730993895906,0.29636092106980333,0.5944417002561775,0.28781494087218984,0.8944569676192996,0.8466007785155244
0.7432238268211488,0.018116484795622705,0.1606588169068063,17.67839673221322,31.074774751030798,4.36788208444919,4.883141081568562,13.16305208625869,128.52610089812342,324.21932396217994,0.38224484385776075,0.35934063384246934,0.8174061619248534,0.9171312319953463,0.9191777320759129,0.37444050280384006,0.04956879065513908,0.8257494915813276,0.9762044850125553,0.18905493077800256,0.05108421150883574,0.6369655769660492,0.735991591973586,0.4281930698834976,0.7143286963291885,0.25682359177171477,0.7979664650570427,0.18581631022990874,0.6145817394769535
0.001625595897102867,0.005487980782529235,0.22016274883950296,0.1782727677045133,2.5911236186248683,1.305249473827905,21.868367772333585,142.30680067713192,100.33519770857066,88.52492369748936,0.7522650294610733,0.6267462386976943,0.15533441288278788,0.1643819075974633,0.6965892413921775,0.13533312851288415,0.5604163079555916,0.03129924185188918,0.2285201903786801,0.7502135416685476,0.6871533854128425,0.9955926144205902,0.31485150532652884,0.08503391914635847,0.20789265833295045,0.9822196291101375,0.4725193166641137,0.20695776054914822,0.4735870850016716
0.06756479663144913,0.31233156363525344,2.995982548527425,3.6795665509392714,31.76805469213749,21.13945987254263,40.9647725839818,96.64049099463192,43.347289365124716,289.9042413198128,0.4538555903807934,0.8200726518974515,0.5108500282474011,0.5941177759047934,0.6474580330267912,0.18173130789685896,0.4784784926849524,0.11253257907950333,0.177850602685469,0.9857022662129922,0.5658073053009921,0.8180467954196798,0.9386333920392499,0.04593714463735123,0.15727981327749055,0.8171314336023521,0.2961076682677407,0.9133083098906667,0.11221290010490208
0.004556903614580897,0.006662756249371773,0.014512047386951065,0.1948170214798014,1.586737033015,0.3711792422824689,0.7624172017185179,3.8529982010468387,13.969638018169732,489.7106515257941,0.04067496388106416,0.3272027537792189,0.43287223643294653,0.7407522136627231,0.8296143194423019,0.12203312469947823,0.11667130161662695,0.43602469725589693,0.40615345472474124,0.6119239988915107,0.3812677715801005,0.22022366405862248,0.14673059618155654,0.8497678645446953,0.2728733416088403,0.22403087342034667,0.5724312261590971,0.47705050313497877,0.301121822475903
0.002908222469527951,0.00019655344886631963,0.006366075339202032,0.847920536709901,1.350497950767571,6.689172327680641,9.189276040680841,12.95008963063277,1.6143100621958484,514.9306711782588,0.05962718399206441,0.9505582357169199,0.5827454787333064,0.49192168201773445,0.2481593835714689,0.3883307795030657,0.011046123614616165,0.32782437755043586,0.9366931933149065,0.46333526030258604,0.46161180199121454,0.6930160030434638,0.9975738556701043,0.5200777864059447,0.9322722453745699,0.42512930371387475,0.13525074358394848,0.34316193615147694,0.6077591185625885
0.1540372905623778,0.03266798171180995,0.026917452733058712,0.17655296692008746,2.1174632024836746,7.445503266581693,174.60617807606948,44.07461787368426,351.59370678540625,212.26467728259232,0.7321555410164384,0.39404178708456167,0.8072262664157267,0.053929230711340516,0.25194444667320043,0.15559484772586366,0.5475039307344431,0.8739953685538576,0.8250291418453621,0.3503565632682123,0.04285363767973814,0.2837364374011368,0.15967968255676038,0.6361549149264846,0.0382205332890868,0.8564416050660419,0.12649064299533297,0.289998270852781,0.8518789444676859
0.07291602903874382,0.04697151805418782,0.07329575804380117,0.5581207305870611,0.7136723449244223,19.632034568704782,31.567891569142308,20.702343313485958,74.38658805670728,465.96605998563683,0.2407512537290259,0.49655053883240025,0.7178258079784471,0.40058957560861275,0.06943999717140709,0.5128437875505953,0.25713066342126484,0.6205895846334997,0.6082035274457861,0.62060266706902,0.13635747974191834,0.9753517282735376,0.3608740081463121,0.8024751601355868,0.06749223695188816,0.018319404652030618,0.33749911337350585,0.21178440120714223,0.04210698553259394
0.23441681862603958,0.8889596664177221,0.8115124713127553,7.767911696188679,6.21876782178919,3.114715695986968,30.674989185438225,0.12483793222511523,80.40713556768097,225.67482095445789,0.36593603594507124,0.38263873552854993,0.9974950306314286,0.38293696550655343,0.8363800588329635,0.6094123621165929,0.19941551162848692,0.5805896412573103,0.2086716445884193,0.8433653718087983,0.5962092958073646,0.3211548672476879,0.5118375683093291,0.5253569394110098,0.590416386003153,0.333414681180572,0.3037571368040861,0.5260256644032162,0.7059306735959702
0.0284806869743895,0.8301868176446737,0.7823762320720388,0.9736172332213312,4.570351859711586,3.4621273268229698,48.03248527188904,15.515334783199645,125.05582724151665,289.33281560087886,0.4078130870696831,0.37236972139453933,0.7908842495640647,0.18144526449730117,0.674830304105032,0.3639048435838707,0.6276315574275244,0.5232447407833424,0.033168469542846614,0.28132813849181326,0.26837935974792576,0.42579938448219,0.8052711463756173,0.45080696560422384,0.1305779617178069,0.1981292564403665,0.008715435063809658,0.41576434412834967,0.24492693843076915
3.725791600985031,1.5260421430264448,1.865960345077641,0.34567065569752226,5.801951634328634,5.595460621174195,10.773789677599401,41.8756342731444,188.72934002792002,194.49885356401134,0.5722841679381188,0.27478634954317593,0.41441115872496787,0.6364464026302687,0.7033297751165909,0.5626257428705309,0.9536849616742707,0.7378456974559048,0.7094267988268765,0.6170324534605879,0.2484334801990422,0.29174636081107114,0.9935481935205244,0.9631350443593889,0.24594940575123764,0.5980474289161509,0.7193483783013933,0.6144015766359702,0.8226196923688776
0.4393518500980543,0.15185097973117995,0.2754972605853682,0.1307313324322977,1.0089383801708522,0.49258260306144913,1.9949234350651972,61.02322223149194,111.8869508208055,289.8551324481271,0.3796694767646706,0.3693100494678639,0.06859088655242647,0.5560795390027564,0.8028843599169222,0.4971323937126036,0.8689320093213424,0.6821308043782724,0.7431490986349959,0.00880876792165982,0.7057839760755947,0.9846317164421939,0.745982032341092,0.040372115156457195,0.1902344445969348,0.0030005631427440327,0.832975323479038,0.8796155785396301,0.12460143581229896
0.5377716212772096,0.01534708356503891,0.5202122730227022,2.6296905706131377,1.879329786048123,0.12413627852907999,0.01563682768152178,0.6773710588406906,55.237598851250524,316.67455023461963,0.16292677011930126,0.10382539227356577,0.8941524282835404,0.9972673038058731,0.97824646491038,0.6633444092949362,0.28985274965685276,0.5153291167860463,0.9722535444368746,0.8835045150042912,0.21807713013834137,0.6039793634485175,0.8194321960211383,0.12340455285366521,0.778337868177079,0.9016877597457645,0.9767637175715141,0.4853975587959428,0.8386749165848166
0.0930864901709198,0.02697794635179937,0.18611479327282646,0.36718282996040813,0.22392021515358365,5.684778716107737,333.47117441911837,98.38774192416778,24.909820128744364,282.3244692027916,0.6213841576573169,0.9462398246315074,0.7755963812452938,0.019355972258516232,0.1363223884029765,0.7504461846455632,0.4547022294462418,0.39213775736157364,0.7753044354087776,0.9485616033210421,0.7412228360595177,0.6569107686950367,0.7268907346011434,0.9220283600682312,0.27890245846800743,0.3618298449993825,0.651440219231905,0.45512727362850086,0.097804155300611
0.6725245821874861,1.7943854544088012,1.063788984152445,2.4441899167885635,76.12055042752326,4.047163171508078,143.32337023557739,92.73583527625844,136.6024007533621,183.04277716432094,0.7148186699220674,0.7022642815110197,0.7121808973141246,0.37540469070813426,0.9530178674391686,0.07277979122528676,0.5909229539928488,0.698703010961593,0.2726182034247995,0.19479109196475047,0.3374815348584219,0.18580859212551543,0.8239107003935876,0.7335749838012497,0.6246753515697538,0.8644368411366948,0.2631580800322565,0.23351493369659365,0.7386917175524502
0.5167905681591323,1.1299508366536004,5.38495160442381,0.8111173686252886,1.8621434511663972,43.89424713484762,6.185425460637018,24.81810324692019,390.50646377743783,90.32623760208492,0.8402536653315152,0.17807007491749918,0.7066512706705222,0.8965381933355885,0.18106527064776692,0.8081244399538935,0.8965782252093131,0.2341884667959254,0.3138261822097694,0.881678608391869,0.43511414186547576,0.9199817563038846,0.4840445009583546,0.1688976131108463,0.5570707879340582,0.8620897980414732,0.9914497402978977,0.17243219403933557,0.21946470562471693
0.0002518183412937872,0.018076227363209078,0.017514251763269817,0.3975173641305134,0.42114391837331544,0.39576734205159,1.428219389215629,5.013641394855249,1.9029069522882363,452.8096218410557,0.020750306988728907,0.801678031737179,0.34821170692082587,0.4667819468217275,0.6834547336259262,0.5071478595943253,0.08270796902411656,0.511352424352328,0.01373950858448154,0.08875178687850355,0.48966297944688136,0.9506301236592003,0.8950607881621261,0.3081186910654694,0.8500595190122738,0.10797596189835308,0.3552500687144463,0.6287667187738427,0.9119412690244866
0.13519649345894927,0.007850250692501675,1.3637900725109542,1.9445660562586302,0.9151462251239191,2.226252913867364,6.887976889210077,12.75283406772844,459.4166646788806,218.5935151721892,0.6896053363894045,0.054017498138608094,0.5138742771393765,0.48905200955142203,0.6623206779386336,0.7904188858122173,0.4365867654815735,0.0949318085207759,0.9451210809510616,0.05769957743473847,0.11945536099950183,0.5511055641973496,0.655410886640417,0.6179376174061012,0.35986634996709077,0.3717942426760516,0.4649258303533921,0.35928557865715,0.2928679211527363
1.2442369674140745,0.06388735042656314,0.14578189281568216,1.4926916322290429,5.619838110515899,0.15717013025666626,43.562941098566576,289.4318433193421,72.22504534819375,236.87170910187683,0.636038418989959,0.8255195297397888,0.15301063283565008,0.166842267347568,0.9819833531283473,0.3439701013249775,0.4934186095896372,0.8997308823999909,0.9511611017735501,0.6737619697108627,0.5612192185534443,0.34190324626214197,0.4352297454745402,0.02321367037997547,0.19488466416236908,0.7700215233440438,0.2634709749134269,0.7165320025705261,0.637647343321235
0.007585048243676418,2.6877482640882717,0.5499019534619985,4.547058722703873,18.21597581401272,4.811777373416211,6.0072538958911235,56.049845570184814,422.18169961502986,106.24694545591545,0.8289941171110102,0.1803233694886462,0.39651628418096907,0.8368804196599631,0.8438750808540408,0.29960831872582466,0.4164672522089424,0.8305509744522436,0.002814141096751402,0.06488367282341377,0.723614183807071,0.44810850628816895,0.6953425556617573,0.9718499464838201,0.3431229427643204,0.5201041589287947,0.40896448604972974,0.9360354550277572,0.465713175660532
3.158833662640064,24.817675282627594,0.9590580196092527,10.855209643481237,7.387467940150546,3.8859916383864017,36.32855534702827,286.4390814270957,138.487151821078,36.5243819948343,0.9334520893503617,0.7296857131550399,0.2337756565316627,0.5843071870186619,0.92389993606947,0.8434136748654404,0.7271928178149437,0.9668553921624071,0.11291021581069692,0.5973473714494435,0.14818108101972985,0.7048550146830671,0.20033692807893164,0.2667606539378443,0.8676505389231893,0.8483902053684274,0.20181198714032716,0.8720455284759228,0.34546133656809114
0.0056261503985942434,0.008002817344275418,0.0020988921255127523,0.066491003510549,0.7965221591306169,1.2043417610836344,15.660316582272841,394.1732949434062,76.6954116594047,113.10596178088109,0.8120283105277186,0.843034155882496,0.04307521304913187,0.11740043385375896,0.4218464236902659,0.0935643850381846,0.19129259663802015,0.8665494133927186,0.41280825552894174,0.43931393402329,0.5667475465853679,0.9059376525794944,0.9249474810790398,0.8502127435611994,0.3700760242336188,0.35921213188205486,0.7298362745208332,0.5961546605582074,0.11645557173765814
1.8386944026402081,0.2655896663909546,0.9694252719794935,19.86475308844449,80.08146411186512,94.62147099514671,22.397967511681415,4.423755693471838,94.02754136865293,275.690317677519,0.5360162525296922,0.7047714342843209,0.9802918373456813,0.8982092703876856,0.5212467014776698,0.22266044249463485,0.13399805459775385,0.6846073703049814,0.8737862105693576,0.09683718964331404,0.21217366408081137,0.25969806980488186,0.8559135701402774,0.5052071947810806,0.8535143544939184,0.03873896725875528,0.26743075595444876,0.8081984110260975,0.06939063743189675
0.7204846047480119,1.3818495460837887,3.4759576218470505,11.527588368265219,3.398367658971419,18.484289526594516,60.50142393043162,32.970724580272304,25.64040981300876,142.7014761403405,0.5255975529368219,0.8378226937165907,0.7510904886843837,0.39188413417730317,0.525904514657793,0.8342603107349578,0.32610375652795764,0.37687776769378295,0.3427069880698784,0.6263089587905583,0.49167450765878207,0.7349348346729676,0.7849726902840725,0.2918777750355372,0.3733506170239013,0.5117123979577647,0.09840684473086722,0.6985941131242848,0.07977724748432846
0.33502739490009614,0.2529474090253464,6.322752690410413,3.2469662359880367,1.0649960402634482,27.02838940796367,7.843968710718855,441.4701350722559,79.87246193863382,104.33252852104712,0.8446901445628346,0.8592401074259228,0.0945413033992365,0.8298305551268383,0.29339537632915663,0.9051033164032911,0.6803441487613643,0.08508146275589021,0.5697988972714193,0.6305926215130206,0.5745060542344429,0.017394143174753515,0.6619061004549703,0.14787354418584453,0.17714590332067798,0.944563115190427,0.29217442121721365,0.9744582346854459,0.1377604860379531
0.875704072527548,2.8112227861025643,2.8276726833768957,15.81089024841711,10.463771794717271,14.847798827826823,130.5833720468312,288.4273344576581,167.8756839489259,196.58693636096197,0.763464710124978,0.7354302922615278,0.38191639410828626,0.26729292346270983,0.6883141256175241,0.6808780896896142,0.29180096845182135,0.565948349527291,0.23751598719072997,0.7828961494360509,0.7393380544548956,0.3579105833907193,0.1541757673326931,0.3936843737104406,0.3557580450086137,0.8529642524713315,0.1534798444682579,0.9628185897065928,0.05934111005915121
0.11759721969923229,0.4621509086675816,0.4838694227672039,1.0687021760090796,1.0216134055667412,1.8445915136022981,3.2299756107215227,42.02988910591441,87.47279707491018,312.818970762744,0.30569556848813845,0.36490202881991235,0.1637239147798864,0.6074648465909004,0.6309728081538579,0.6760827314404799,0.4988077245615801,0.5450719835797111,0.20284191348838138,0.8557552343262443,0.27897222265349053,0.09624241267223654,0.7181658676936392,0.7043165726782528,0.2297668945617438,0.8050629229941229,0.824059296015774,0.06750669957015851,0.8239497563459375
4.663900504989672,9.155306996119077,1.7220155415348481,1.1334354565637175,12.319282361206236,27.922528387075804,22.266451160908975,7.589951701010143,124.55996895796882,227.26335864627129,0.48183919788943136,0.4105981430578671,0.9125308230959525,0.7187972981286083,0.5094121480786074,0.5751083848685714,0.9320264665919485,0.8891969096119523,0.33749406430256407,0.8956205107596278,0.1390906522328472,0.5828970322304984,0.13520392766066017,0.082323451237209,0.6354357571955301,0.6858800091245982,0.9107894817006004,0.9768999888421509,0.19500689382403705
0.7307583542708859,0.4296738150096616,2.561324482366725,0.03495560001388239,4.119468570175167,0.9368149746294557,143.25333415562918,142.25337665972378,50.40733508897972,166.34058484268692,0.6745233385888639,0.8537760924113109,0.5166705678755544,0.05795494505090056,0.8937007351115337,0.4769713058448145,0.9906951617073079,0.31179689536308963,0.6297294866652536,0.6699473148151995,0.4750759978890569,0.48501895155488467,0.0886421253737901,0.05143944216236212,0.5781594576556519,0.893877956529891,0.5229711429891258,0.7492494077796482,0.9806899834034679
0.021905617741882617,0.024030565992886995,0.03400209169132454,0.27943223964900393,0.7567061829945498,0.0011706813837995857,22.636956364660918,17.4078189424154,135.2336033117638,445.06466171010965,0.28384054377592116,0.2333505859545971,0.5770902932787098,0.04703366997642556,0.9989521735245669,0.3219944612199688,0.2224397163172648,0.574645668672691,0.4768706488193099,0.32551786371162794,0.5848099940603952,0.27234566789848835,0.05276733342075764,0.6126827149006046,0.11647351551820623,0.6335023549233024,0.7586570679716412,0.970552930359993,0.23439556842436768
0.0001028468862962596,0.00036631127040706834,0.0036480067071807992,0.0008568125115402296,0.7973043358547565,0.27660033791337296,1.1729246408318885,32.95460551614367,19.56837642145603,635.4293963122934,0.07936026279529639,0.6427484591780697,0.06396003932829819,0.4791176276312682,0.7436223827209933,0.006199815317701698,0.8277409712851518,0.11395175374656356,0.2192158120386145,0.23241264212181145,0.16678493704620265,0.04578467464884614,0.8085668098336665,0.7185582813558589,0.05582321750023439,0.007414029711876366,0.950760502189236,0.03540560661925405,0.6738829140297309
0.1735056371950957,0.05094124366194335,0.3550696860841754,0.9391183196816085,12.374706148514454,1.4889347876447216,133.45002508309537,16.27468800584547,45.67175253292834,429.32238926069346,0.32928975021866996,0.7833189807477744,0.9014294421264808,0.10335307409182541,0.9032045189672436,0.10930667308763847,0.3816036178583764,0.38730019754518374,0.7730365266497499,0.7320158844874703,0.46750974733123374,0.24209485597197877,0.8160372119317478,0.7226816805753447,0.22196650404361667,0.23173527641731367,0.85046061860728,0.6578591586047733,0.7010319934849484
0.059067886736972795,0.07565520115632644,0.878176306390964,0.22111263248869217,2.0057097679352567,3.7147530195040743,96.9643626986834,172.9602034979701,81.79090799340244,78.70218011879165,0.8200567094282136,0.7719605218656634,0.3753221519891696,0.06692217677424729,0.4658470813766498,0.3809006158456571,0.8208180895392728,0.13300737334184853,0.43843922864768803,0.5959981250955948,0.8227154157573251,0.02178723963179041,0.17903523430830645,0.6073464651745805,0.2136413170286984,0.5706575979823721,0.12244656375792778,0.3757528853543713,0.9424842388329417
0.010970683070951082,0.0020195094735003245,0.07021261077371747,1.1073996326962545,4.607710306152364,5.200468214290759,8.436520187889675,23.883265356282894,147.63493426157413,271.53443245240504,0.41288320634647924,0.22685400543965428,0.4486598406728098,0.5659177017515138,0.5271777631649726,0.20533601565780737,0.06988294396296778,0.15612686143250123,0.8445358321988128,0.9007236490860944,0.7892968853717043,0.7102753480357795,0.05716334293315946,0.5138387308197964,0.6092411295106692,0.5331648800378331,0.9671085882017249,0.42231399923753815,0.4579369453960882
0.0024007446065392388,0.008808045594063499,0.020079546206350465,0.011548276521129433,0.021239285691445023,0.11680747057391787,0.32128453068168183,1.500651151373751,153.18603059380612,328.56674962054444,0.32080011038766426,0.012905689138296267,0.25073053881826984,0.3602049618034631,0.3542387501141786,0.6685292575050649,0.7304110728708276,0.3582418078997581,0.21418409690727747,0.207264980187138,0.63750215712767,0.7157071504131728,0.06627385366364723,0.1992055382354598,0.18165708354339882,0.34498241025902304,0.6380578521689515,0.32201632720817375,0.10404369539516659
0.16988402268571517,0.2469132637389372,1.7753583735154197,23.899998996234572,14.088469237529372,27.358573203736363,29.722524619719515,249.0154274032492,6.163870423720078,40.489022696369894,0.8969561541655093,0.9825109164884018,0.2808782559409937,0.6944067604915165,0.594923031669069,0.6493715658870861,0.08401589247139096,0.19013124571457055,0.40759387889255466,0.3369404666779142,0.3900527157835067,0.3354931644192025,0.32453925482357887,0.2717535575412064,0.19671123751045588,0.3196873072533076,0.10195875028567591,0.18708153651824255,0.619053162298245
0.1626828182879201,0.016521754059607457,0.7109781394838678,46.266456638107066,127.0034669858467,66.94903187849131,23.73296896791231,32.71098160941735,34.76338625986608,139.69669057460945,0.7040406904978704,0.8953907227907325,0.8900667382003661,0.9103882338785877,0.7223289321411247,0.2707660229548738,0.018877144853889104,0.20131212386594824,0.9078050641053557,0.13056801530304765,0.6865851638637266,0.542599473696159,0.3942936072980381,0.4847882558767682,0.3316813164059962,0.8298159668109734,0.10883908038846182,0.9837829992269644,0.36989702387654655
0.006383235800588591,0.01647278708188244,0.03670918467857535,70.31187591704756,17.543997185369278,353.55723541409384,57.83611118123706,95.22647645343523,9.96446936088531,46.42489050701648,0.9286785458821172,0.9835161723744309,0.8398303975515166,0.8841676474965179,0.1991412912793932,0.8004446372261544,0.0008464400701354498,0.3837143160971388,0.2792802506985625,0.9448956908172713,0.37740243352141734,0.05251433419001673,0.1525641789824426,0.41657605955500804,0.2834716156867485,0.8676332770664845,0.641214798819966,0.37752001759101667,0.8115612902710152
5.281793087758435e-05,5.88801800115954e-05,0.00025484010307812974,0.0002740745715503692,1.0202691160650568,1.3512404809561374,24.183291017463112,264.62731678342595,330.33653535139865,3.0732740438318826,0.9950795539296987,0.46850155919625486,0.09119853595965453,0.08932821674869205,0.4303731376832837,0.0006274920959357829,0.5721681212951599,0.3047379690106249,0.4728632423334999,0.24675884584022134,0.4369903577078991,0.3902603416450026,0.5222261231743218,0.7294362176420571,0.6559607594551122,0.2163666620298497,0.18626629789966204,0.14976231821938385,0.5300339231026504
0.009621779911163517,8.157693260352752e-05,0.00475326263757057,0.09102040542986263,0.04494007189405479,6.094771743894606,59.67924776603484,36.98990195048838,33.77778102306789,433.44480950663444,0.2397531410554364,0.7528915263968285,0.6405758180146975,0.09473253261085686,0.02408527598476889,0.7012302933074245,0.13705941643223685,0.6712051082407843,0.9915929163569895,0.19095750102079564,0.05517535749402631,0.37884645392365085,0.391774491825166,0.05943428631633813,0.660678094233991,0.9124643207288802,0.2728215615122098,0.31584549252738925,0.8471930994940925
0.2486157161868316,0.33366702589277575,0.4256436059029963,5.898299729637959,0.2211301583469878,0.9039208943684816,84.91523188836835,28.212427716670074,28.22699449100345,287.1180839119294,0.3422326623480076,0.8110465004349804,0.7671453012311475,0.08640751777691652,0.8874499186494065,0.9689744484454033,0.14594459211938654,0.5777036618251568,0.4269673445908892,0.865683269304292,0.6981038873153856,0.7890338862871684,0.4181523813809119,0.6145937932311522,0.12129888203736605,0.9845881787678575,0.9728830673592749,0.567688198434711,0.27108416547873254
0.02323569140989405,0.0033941572550009987,0.23740590709149473,0.02341889455535289,0.09791181502710163,0.8862841534906918,104.96586483372181,25.70550894435585,84.4446000294274,263.34581436077366,0.45105803959261037,0.6097530981575376,0.8051772038586195,0.0119698828931809,0.3030442950545227,0.7459254402403439,0.9185301245606733,0.10085697896713973,0.872543126410051,0.9905675002995836,0.12151400571420178,0.3274652610493846,0.42175814672221046,0.4716693525819259,0.9012676020354011,0.05690676463944725,0.43836062472862364,0.49490447487297234,0.4246600101215749
0.01926284719766305,0.0016334326983545575,0.3266452143449993,1.3469100334650153,11.506840336838144,65.8825902132913,46.766769979718255,182.3945005477304,78.78980293021948,243.10137822319584,0.6142082828756743,0.7964271655483792,0.4082810418715935,0.6283946947026465,0.16692771671920809,0.1283549780652122,0.20510559821768556,0.06012600003821766,0.921831411787997,0.9593970518989264,0.999276946257314,0.43968270820554345,0.14666477290247018,0.8385601811299984,0.6841025247290059,0.13422177852400055,0.17655950304065718,0.2847667236546865,0.6228190562486217
0.08320830568987289,0.011672124718562061,4.109991764235327,3.383307243577962,5.087818453813105,12.448464284799112,6.063609717976803,55.14699699022781,183.93320314374787,110.28599058921284,0.7101964123841177,0.3194421166678527,0.36124453594100836,0.8055792054594532,0.5045281289134522,0.598625804678453,0.5541345231589787,0.02256440291557381,0.8769806938236191,0.7116659678356222,0.8041463561742905,0.8605008993619958,0.8100039046301507,0.4959201811146868,0.02571035862145515,0.2724985563775604,0.01912376222613406,0.7780585175282021,0.42002159158951385
24.294002806210244,27.877564117329545,23.378389230426627,152.30421669256341,20.898418838378145,104.81169822662609,37.63315587378539,17.206077477627797,53.11592436731183,227.28223306191836,0.6700324063763575,0.884910755895459,0.9578699092991179,0.9038000981876614,0.7035568884718216,0.9159871312422347,0.3315715275701918,0.6905572098177949,0.4656559930778847,0.3318673031917318,0.0867145963282933,0.5833831776775971,0.24364631063078274,0.11067183885057313,0.7457695649975906,0.8722638330864426,0.25150905719598377,0.24146407541812664,0.7349816572688097
2.4051236852900355,0.1305560855346148,2.304959444156756,2.0479471587293987,4.47416939357203,54.61114387106522,1.885018953472566,38.58598426204535,316.00201369914316,85.78368458696107,0.8312110990669457,0.2519722565912234,0.6375027528089482,0.972221500245072,0.1722310766768455,0.6062425801270273,0.702704292633237,0.5238315970702622,0.9485123922047319,0.8225737740448239,0.2541355296665921,0.4814867295806105,0.45992947996192235,0.6922787951422109,0.41274332862959556,0.1478137571300572,0.1390832298645658,0.10645017740263352,0.6998168833693411
0.09231390269904292,0.08846069486386428,0.6949553084629646,1.6859537572260461,166.1435781719716,17.097963556940112,17.005805723632157,257.59318773359104,145.4478987515301,24.328523916856465,0.9613942423401376,0.7599275884809864,0.4405040262895464,0.9161486762691424,0.9079781122160152,0.01518437323996418,0.3418571615958937,0.20642734285879985,0.5106574924992926,0.5903564917174892,0.8499632777753858,0.016071319414342942,0.5769869860373484,0.1648350212906665,0.3828332014058393,0.0459906984913028,0.3611333791858763,0.3342506105925104,0.1780019106380669
3.0696187973140114,2.977358426979806,5.994973057987339,6.58403526154412,0.7239732846567138,64.0067303141013,256.7693389237354,23.386288511196266,22.510350288709613,268.0798997717247,0.5901561720669583,0.9416864546544607,0.9356657602928582,0.24507589030008067,0.23213444568777797,0.962585280357751,0.6465134558355329,0.5021592916881162,0.5076286355076342,0.44660520732374936,0.1785360716226469,0.8478533019951672,0.7079653196360857,0.8440778385470377,0.10063160094780067,0.04096098059693538,0.4329906743461841,0.9017499251866521,0.6479886468083746
0.003821079156667854,0.0020635803987682525,0.0011748334533171797,0.03783338806497608,0.007547308701159989,0.016685556605465533,0.09872974100365767,7.2633136124325475,104.27403036131517,449.1161089643599,0.19918144653730183,0.06652482727451076,0.022588032263746508,0.4118170186608912,0.758620232269818,0.8560777767289094,0.15725194819105504,0.8335810444375443,0.649328838936491,0.7969014236147759,0.6832737968027494,0.24358345842431017,0.9568269040330637,0.6699598271232803,0.7607899356774108,0.9234326614247671,0.4603136592706074,0.19343096612934596,0.2081655883143412
0.04242341217780577,0.008095688855015794,0.053815927987979593,0.0659185373452394,0.1461476769807578,0.04371478967891177,1.9198081983641575,90.32248106129624,74.60004033574174,390.62345668024864,0.2997394795337154,0.5538340360073166,0.024620572480636628,0.15795087751937237,0.8786091546338044,0.538093860078263,0.6128214007363797,0.4842007665781128,0.8397499423088282,0.10423406410985403,0.5871700719245838,0.8417584377414518,0.0383005654464765,0.7122926190902596,0.6467684713875814,0.02422291841813485,0.055436704822332185,0.09275064204588998,0.279268068025993
0.005407068644368279,0.6757728595259982,0.026519134217109757,2.0090558635846185,0.6563946803788981,35.33870550328167,96.66833410251878,49.0063422899083,28.320173745139133,364.58907811983715,0.36845359237963315,0.8668581053322856,0.734219512180797,0.2859491875060695,0.08713479622193701,0.8054059982566344,0.26049425939082493,0.9625276680067295,0.007937797960212274,0.6702444317063958,0.152473686636174,0.5076902446980472,0.03337562460014285,0.07616467237585665,0.6430386590309977,0.2044193493585173,0.9355342135075032,0.4930958517421113,0.528415647940388
0.054741145473300085,0.03063661112809085,0.05929187003475345,1.2758134936708185,0.1806188869549422,3.48284134346243,0.3796407744089156,1.998121596425138,325.90426905152253,315.0115763190278,0.5141540977345201,0.022382925331949372,0.7322165104083163,0.9305143353311767,0.314933093625795,0.8871908934373118,0.10184536835952097,0.5901567494614663,0.6411640180342741,0.5562803371156025,0.9603830233725773,0.988369116030564,0.5361945367734237,0.7561576995538619,0.5110415535496338,0.36984209164423504,0.03237802078362062,0.40286737469843376,0.2651964085679424
0.1526863941588784,0.865534642300026,0.25513180659897655,2.818894784824191,0.8655229224140056,7.1950562221669605,46.681581249325184,252.34699604936785,8.002882546097661,122.92851103495963,0.7219521540933521,0.9749270785510371,0.18906787890299157,0.20655985470207275,0.40795204631154935,0.8254209399903921,0.3111622166708665,0.7996377767639857,0.14995407548235315,0.299172352507049,0.87847817559002,0.7420197600861052,0.2306323248157551,0.7720738745193573,0.554898529401323,0.37802161469185935,0.7032605620278474,0.0949495554105127,0.7088505624686706
0.056004546783234896,0.004169576437397699,0.026318080617654366,0.015169181307815596,0.35084657820604426,0.6082421199211446,1.3130432344686964,1.6905227363205833,83.65654920230061,502.61146488421747,0.1485957329077225,0.04633237533834916,0.5840572647811711,0.44685865249730494,0.42659243726456797,0.22466209079062882,0.8507871864423722,0.6957173080378337,0.9307081480504559,0.21455881649744565,0.3069027912257631,0.34339665062882074,0.17319217962000433,0.9351835407965766,0.20484337404140593,0.2561775225559745,0.11554571389857546,0.5333745085074785,0.14327923181219177
0.04757442839172107,0.3482789461505731,0.0027259122964671664,0.3137245334137555,16.348697759202373,14.335386086559273,2.543182314795894,12.835758377733336,38.18969984182089,474.6598227527603,0.15182497356158536,0.5505244845942727,0.7255869957909357,0.9250673383241494,0.5434065141807067,0.04175041054508098,0.5595635956261783,0.993160928361112,0.12018194475853351,0.7757806352890831,0.36165312031145147,0.8530309941130334,0.625254482931498,0.5468996482691663,0.4183252900212302,0.7067628828273256,0.19247054787587534,0.7249848492009869,0.5704682306939689
0.006721510373302496,0.11211055885358573,0.014338671497415021,3.9378695822561314,0.5547305727813663,1.1692575429603933,3.6734508655366485,84.76235782197963,63.06479220814086,352.56712313451567,0.30850582548482086,0.5990683754214327,0.10048174878860706,0.6120337017704246,0.7982309223631325,0.8800782431119495,0.032711722350813786,0.8923286645442661,0.05656310133310053,0.6986938743002998,0.7993327218980504,0.8843998835486404,0.6193955951374471,0.0477506241586471,0.7691217485727023,0.47881594055292936,0.10550379782651201,0.15094416083278797,0.15511163578953885
0.06631944234255989,0.7669768000668183,0.5910979531073489,0.004950197826942155,14.074791852278079,21.67607372581768,2.2632430935597143,1.0213243214936158,140.32312092789053,305.03260084365996,0.37212900367049107,0.22382459093653517,0.9747601645811961,0.9426205639290733,0.41699969573952106,0.09219116567988787,0.996536735408209,0.5850179992534185,0.07958687315186375,0.7458717785209475,0.634176297091042,0.9128974939554123,0.8706435192521532,0.5268769757062302,0.08797822633197351,0.23763213602659056,0.4909547113003086,0.8900239734757652,0.48552820579266126
0.15261111851186435,0.08840398760067406,0.24186682703744566,7.532939332804864,23.631460170913783,42.302515057892805,63.1448318687733,153.63367672421992,242.78066994698412,178.35157458525447,0.749457144829191,0.5449361092169522,0.4715558339672276,0.5394069583723461,0.42795630193668627,0.2532862508884106,0.0602411053251526,0.4991180857405958,0.6332014659720328,0.8363058351950837,0.0691991701724012,0.3524203127713132,0.9665573000016743,0.7657354839593542,0.08602352754502172,0.24207126357521824,0.9287161075421467,0.8122033075313237,0.728906920388231
3.4955934411251217,0.03905291218581411,22.66850899063656,12.61714292679194,15.837837199755963,11.725793911180567,64.42755591211393,1.4113083275382927,71.22318551480316,285.17512756046574,0.41636756240752915,0.6499159835095795,0.9893262856661452,0.5074778352419446,0.823363967448163,0.7102382460831422,0.6749859354815407,0.1348939204807402,0.9889513947698805,0.037420201871207814,0.8307841443735579,0.1671857588080585,0.9136816514093437,0.9085521691725823,0.8007770814396427,0.33731200423734703,0.19897180125834082,0.7802358591866462,0.07301886165786782
0.1605496033295676,0.30642164829108365,1.74275590118529,6.160369332308859,2.7293643316313014,2.6621450039324435,28.21849857669177,81.60379856070328,18.341541143434906,493.507267531751,0.22335243606945573,0.8707663642728037,0.33968909698225225,0.32781256783965,0.8065527352969059,0.754099376835186,0.2640025902611365,0.21132529915636183,0.3438104653602781,0.6630070557326171,0.3224135871931973,0.1319527415946911,0.8665251401572397,0.8285059463747628,0.9691159551462915,0.7920242166263275,0.5919163245600256,0.36706862755504105,0.0457655300982412
0.26073059353685274,0.01997896976664269,0.48591993376316556,0.3208020050713343,0.46794831854546753,8.049236715667332,0.45266173689331773,5.850079815021209,101.7099340554599,432.7999270984653,0.21368752290427911,0.13524676345062384,0.6322406409310201,0.9549916265022161,0.16194085571212385,0.6991420922898162,0.7049910689173464,0.36616066088973726,0.9288269001899234,0.8781140326020863,0.42195530585203384,0.7639202921298307,0.5591442607948828,0.16010076140389665,0.5607175932638289,0.6001080232466751,0.4338728781505657,0.7028596535804945,0.008245133031216621
0.002495995474788532,0.023377150706090515,0.014286133838729557,0.012351122797008812,0.0025926319599097517,0.08855606682803513,0.04393721405676616,135.15096073937102,167.24775042511905,337.44667917219437,0.47276673826268073,0.4472725754912425,0.0013861261693890138,0.765788502285477,0.38356800342664277,0.9529493798222859,0.7647871253217623,0.6442631981511109,0.09647050487555857,0.6513404798893127,0.27394699594845634,0.5031082422852732,0.2949591900963112,0.05580480940617086,0.20112358516154358,0.6562710754430705,0.9602098285644316,0.8270175713942842,0.056046751933747634
0.015489864224490795,0.005151594161072791,0.17566561530596375,0.0938015668487162,0.051335100784390415,0.011964386333482,15.81509523933826,13.538095412466738,150.6527025668168,362.4733956110017,0.3322557803854497,0.1647078834178232,0.5442731255445524,0.02185781328279914,0.9661456955934634,0.8496528283539905,0.6766674488769522,0.10514882626185505,0.750424894169505,0.01839207998456962,0.9402588078715134,0.6963741353907615,0.16295326936221818,0.31690122604091925,0.18684168984985072,0.7222842751751154,0.6754827837100205,0.7651584992172175,0.7652794610664424
0.003077186357685177,0.023802075702086624,0.027363474623620012,0.14337181341590985,0.01721403658031683,6.999959187383354,4.993337992755353,58.568141473316246,3.179706364804032,820.313777170817,0.08269984928013469,0.9570054153868688,0.1724889746643145,0.5909824253017412,0.02977614774088342,0.9198708288949052,0.27448756509141026,0.49553661380808917,0.11448180202426665,0.8430199293261039,0.9335004954002805,0.747504951777023,0.16707910922324734,0.9495450981531849,0.1289327967703571,0.24877218611931218,0.3515427578389106,0.07901043838164196,0.6431312308593686
0.0006805007967792642,0.00025397024608457243,0.0002969615414501144,0.0016410071349559267,0.10004491496654487,0.9714474262393147,28.760702073550714,4.641183820632232,33.68312514682165,505.71570352793367,0.11877040539754176,0.5058181689512424,0.8653802623617893,0.036010134857933244,0.09579367875145088,0.027910158865225774,0.42870615388473976,0.7588487220227683,0.7282203145575921,0.8907604648638535,0.37540377347884013,0.14804160169148053,0.6301126579154395,0.3782600662862732,0.06030067474494152,0.7273544245858119,0.5831376043944995,0.7952363370951026,0.7510056053071047
0.14988841645833678,0.035059582178850864,0.18182657916453204,1.7293866710573829,13.149209440049365,7.637165847441511,8.834450554175913,31.335638695402565,168.92445383810917,144.17495035490364,0.6167109602918394,0.27180541236279493,0.5030240484862443,0.7214599694176238,0.6662447873595868,0.13749493479906869,0.17497441000846073,0.5042552287720757,0.8104354605770716,0.4145701732761241,0.517958535569156,0.16415143234853455,0.6838584833284911,0.42043648737907663,0.6798785660143903,0.264812699010674,0.7859457689673415,0.6937988470307274,0.5811720077159889
0.08261814333520644,0.027637285448395492,0.1290214525416107,3.5166446554689483,6.31299578443385,5.358776519922221,12.237653819207686,13.086712188667052,232.068755787603,125.30319090696656,0.6852659250698918,0.14937298590626216,0.6788699212469339,0.5576540743515326,0.6526521348492945,0.3730213901822054,0.06370657080590816,0.4607859655013996,0.7493340168978062,0.5056922948552334,0.9900930994095637,0.10097271837746961,0.26463159331928726,0.9256412383819196,0.8790029161861116,0.8132015879376993,0.5675717271103269,0.9231894159164771,0.2166504755407424
1.688853006720505,0.4528317673570882,0.010918824980648592,0.39309531727652297,1.6838831261056784,77.55966081300988,10.271402676545229,57.83986176652265,111.47617282899171,201.86411943738634,0.5642350163737967,0.5735037541428363,0.6141449898409089,0.888427866031252,0.051713182501463756,0.6018795452578364,0.8455845211096322,0.9949276192860471,0.788562830142863,0.6046727737331975,0.9803395997316631,0.08334996860892063,0.2530708557003903,0.9920510550911289,0.0160643126807773,0.9888262650869148,0.4023750899381719,0.2460848762279107,0.3541197464885957
0.21832553208909175,0.267594447725564,10.715580489793727,6.89099186421699,36.7777352923504,61.38294223431282,54.763522867148076,34.230096522848456,105.60641279900032,325.6901306388264,0.4883457041905693,0.6602691813926093,0.8332246918558432,0.6797767399562267,0.4719890880568988,0.3297324089319865,0.6191242346786172,0.04337990085641125,0.4493034679750513,0.6493396075286264,0.10142119777068097,0.4683400056973561,0.46473187234265717,0.33874421573930485,0.8105774588003501,0.969538064828525,0.3685720245138618,0.4443674605051864,0.913772545199057
0.08252936569106364,0.167727465927698,0.012916314572459904,8.79932539878394,33.23810708658992,147.300743298818,10.801951021790806,34.50776146782744,46.49565511732891,191.20041831855482,0.5954347613121441,0.8347741813363542,0.8531028668499758,0.9460989363729605,0.22310287279177962,0.21424039702667158,0.02903980010425953,0.9509208490326938,0.3297786724031891,0.2171248406653056,0.6038815660062964,0.6030369041898325,0.19325414497847604,0.74647903729006,0.31715456608951087,0.5492176550364937,0.768172422273806,0.4819125193227331,0.6573482482459047
0.001822646162805093,0.004164052581259519,0.03472652732887965,2.6600871318704966,0.8075185251419668,21.45049625570167,66.52140958346901,139.12105262221579,177.54416762571876,17.729009155917698,0.9583703389950977,0.5649977971977957,0.39670302686833364,0.27283290147750244,0.14056432020418022,0.7698275008479871,0.01507450410142343,0.14704555058688992,0.3044492867813196,0.39104928460211286,0.5791222757258118,0.35527141736212847,0.6154447297883365,0.5749285226328067,0.3851259068995211,0.6189103388270767,0.668981731292096,0.22583049036114958,0.3821165091770508
6.922059717253838,0.9144891307937708,6.870823611000861,1.8324797605289211,22.483856807550918,3.655294365661934,65.03622226149037,81.92661484837329,265.03336867779706,86.92705827419142,0.8395001950735531,0.4170929856599881,0.5679929353605552,0.39622071191468716,0.9143538022193034,0.4238411117733401,0.8892082144264924,0.5328313313522091,0.8833046091428874,0.5531758322038117,0.05745916217232163,0.7567093788931943,0.5665170655917457,0.7608397634697337,0.9197604594471968,0.29802622391698774,0.8074797490585726,0.3921359853424409,0.8966302175962977
4.111655604953672,2.6196806500217433,1.6755575761707655,12.03067096489666,26.207658394342058,10.267866088125947,36.99747124681094,53.79215649510534,193.1267523440576,169.3820394251115,0.6680160354929152,0.4333625179061999,0.6358079419238717,0.6060350290760426,0.8195869136908217,0.43814914793366644,0.41134518300213246,0.8006924305427653,0.6108230890879316,0.8170248616840163,0.8439807576721923,0.8725091097230685,0.2081470753170808,0.9656752934696882,0.6122340487348283,0.9335601854359,0.5343936803164431,0.3000846986224963,0.7819436248776042
0.7467080889570253,3.843520555540311,12.436651168307923,104.39554602139158,31.033638482354174,23.135766831741204,31.993543720816994,66.8862538275841,226.0453297116605,113.70832840856733,0.8148752080888201,0.5483762819336119,0.7563090431415875,0.8458776600182446,0.8682412121313183,0.7964420856495567,0.14022846023563704,0.2695871877268554,0.16267339751194362,0.5007822625868712,0.3996768848607023,0.8136657396679486,0.5709143300975916,0.6497712638096371,0.9476938431290478,0.6678945715260957,0.837475501890867,0.1572393404917022,0.5742721647894229
0.03293167611556341,0.022260357925261022,0.015493314363942004,0.029076215438047316,12.713974825733276,2.4763595678612034,4.39308795251173,0.313093287378862,111.33486705937918,135.9391990994852,0.49137941234909677,0.15225845560472742,0.9843424211272336,0.7768100947178973,0.8380415940649037,0.007785517105219153,0.7085429065260007,0.7808129306341898,0.5966744420255379,0.40279870225310754,0.49599198240165415,0.864868540804452,0.5983954153424611,0.11476143405164427,0.3898364198409191,0.06865241181223183,0.7080567391264482,0.5747160288289834,0.4011422201274388
1.709805857281125,0.06218139400160955,10.669750362484981,2.737357133517081,24.979434914608753,13.514397040067188,52.69769294561185,127.90911649993683,40.95658391360724,175.28197622518422,0.6109326132366578,0.8511948426555305,0.4540325228153685,0.504584131217718,0.7482083077915427,0.37797934523704063,0.8196626887774889,0.14242281153091493,0.9649086673978062,0.7470900426153276,0.3110698281457067,0.5063653064050936,0.29135908349851863,0.7525942067078762,0.034219944800704255,0.7039085304916375,0.37802181242470007,0.46802879130082764,0.09220469518929729
0.4229993268857406,0.32511320826044343,0.30652282510810347,13.420851450108009,0.9815408199416982,9.933452622278512,76.88018143362648,159.34314416545968,199.68886812330044,37.30634212746853,0.925179166596129,0.5671196388206156,0.39092226556344284,0.24826748780101388,0.6087725587125055,0.9364987342057048,0.07285664199557872,0.7093565827015353,0.5654220548558044,0.10685285450974576,0.01831615535047084,0.4158838661224692,0.34964749954179497,0.5655389815846568,0.18394756454816316,0.412055524021965,0.557424980646592,0.013990983412910402,0.632963930767671
0.7820634342900622,0.18828571068950192,0.6518765366228602,0.40152697242368995,3.4897418086598897,6.641770703992781,38.52753398657985,268.76095590248445,88.2858141879201,154.9371433949832,0.7246378008245774,0.783469679788763,0.1586595397503215,0.23983018636998993,0.45358899103247374,0.3670544457280917,0.8015928618426367,0.59815915626552,0.8059608629907462,0.36393516414818455,0.7016713332053596,0.3632204073495248,0.5910566168118366,0.8234983457673244,0.16723616503218083,0.6657426728659649,0.9831555830502221,0.6768654952915394,0.2602097909170677
0.5802259966961466,0.1277864020270208,0.07819236347618712,9.573467297677286,10.100072397616666,1.3926881978444472,18.47061037264081,0.19755141296454226,47.97957608621944,448.2159705527754,0.16489194893429043,0.45785894196109483,0.9951246664642972,0.5419341154430041,0.9362685052135711,0.506344157005463,0.07589089284441271,0.9005445308453115,0.819513892330881,0.34257767116028426,0.03483795313559264,0.18261622927307242,0.1294559777176074,0.3281222791943401,0.11877302243001128,0.11457946904719843,0.696959315531971,0.2294966895618831,0.8769552211339565
0.06357886029351556,0.055323548313828845,0.1253475002863634,0.2225186646182218,0.46484631383070135,23.6691859055034,63.91267029152847,16.705757146155534,47.14660392680313,338.622053890371,0.3103250334419236,0.690569708055547,0.841229046942313,0.2779328444751148,0.037869291133545,0.5010316814959406,0.5232783926646795,0.4868063580694645,0.534714654128448,0.17406178053532526,0.3854090605364621,0.5332920092869474,0.8483008844670785,0.9883093662689469,0.9052100357056285,0.9488676098194598,0.3991672463739676,0.8882415170850093,0.1720824062010217
0.0001505696244668927,0.0005165061315818525,0.0126301169587878,0.04340220888553621,0.8155668892987179,24.152848411261683,4.9204519253936905,214.9723199535895,170.60313548670888,280.76596442273467,0.5967668937231673,0.5894235756407769,0.12226778144124305,0.8356867984302515,0.03485563607921348,0.0650023991434195,0.2345208651152524,0.050166660764752645,0.2257159297150204,0.024357428102483345,0.5265831993233161,0.19245870509088792,0.371787600906678,0.2632300173717295,0.5412744351314879,0.757738964638661,0.14417756095053982,0.33827808498385664,0.677986851116738
0.10721289033249559,0.048038190366024414,0.527181338572192,0.7061078029848487,1.74387758995883,3.4851591632588015,24.723064983699828,2.012288094040607,444.05533445243594,31.18718349295168,0.9386797824957382,0.06986248989164479,0.9396668271474182,0.2111500135859951,0.4733481490013807,0.4432806558694557,0.4914747216772453,0.22749663749039148,0.6905774172399538,0.7915159836625912,0.037933613399386314,0.6310109168490848,0.2171367791676886,0.1062590348759906,0.1735793926790838,0.12991327532149477,0.32054600083014073,0.9297441985781344,0.7226845726279836
0.5322995959245226,3.6319916573071667,7.8357561945723,22.210103820047483,49.50309387635442,47.396733838941365,46.198244454614915,56.334705072032456,307.3861127320598,138.09797546346257,0.7966536861787296,0.4318491443148798,0.7588854692442754,0.7394466902950433,0.6384963661306536,0.4086587637227594,0.35077446322433753,0.34702289897976657,0.12782477582744306,0.9662519653709116,0.20234869735096717,0.8869556056772256,0.4397042183566404,0.5586438138686972,0.9601916512692217,0.2168311171951017,0.5619626560765038,0.2677753437063374,0.3384775146721533
0.006706247280992561,0.009112768826147024,0.0076613958886285645,0.10310141009078667,0.026335437021852967,0.8952402210262348,3.0152138254375185,10.473616818636623,167.4147917338125,357.1830315462529,0.3374884648685455,0.07989472889769,0.2795194761702622,0.25795267065485467,0.14589149245852312,0.8277798256691028,0.185495923575129,0.6737111814729073,0.42393580204813336,0.5216905406664374,0.8274236830430172,0.8390962070458831,0.8516858007439604,0.6526750598271224,0.31379704610493003,0.4072564412781053,0.5736595011053033,0.1904084100625858,0.12013467912646836
0.04925660469122779,0.1333611017006919,0.013915405347600008,0.22547907688804145,2.2345251560198136,8.34519259594728,8.347357055384895,61.91683334429252,51.18378753642996,445.33058978837954,0.22923887922789357,0.613560585697349,0.23809595602882666,0.5685916830536061,0.24146542034677376,0.15885799214449908,0.4657048233101302,0.9291956188734082,0.2697252400351429,0.1550114503428427,0.8937074610809538,0.8578994934357521,0.18493008122414742,0.631904690272497,0.321785327912276,0.6926357421747602,0.613923547076023,0.14600539012239488,0.540944590810909
0.11313025070278043,0.0071555381604055,0.24298580704324207,0.038575662182223636,4.187093437025902,0.39689977910496926,189.0421673155773,48.36855954668538,92.05865355056906,182.10449144644417,0.6474667166283461,0.7247504365265742,0.8004569120834839,0.0256964988251645,0.9203946092625237,0.08756863180133566,0.9040041672407941,0.3311180676349089,0.9405121899433667,0.18335633712427454,0.8152661238182511,0.2772869477209681,0.8975180674682732,0.9451570994476267,0.6569101700008917,0.07201858023475802,0.05811511361241254,0.4096468588100301,0.28591408268644575
0.291552337998722,0.013817817037631658,0.024249116830350862,0.05350327297834102,1.1253490847439507,3.2297664504443886,25.664954093949955,139.7451486809488,81.79457000111235,251.40833897827636,0.5005310127648874,0.6753448242572372,0.1786863863686158,0.1558467299393646,0.31836129888567516,0.2539806101288312,0.8603494529407543,0.926432951893186,0.954750597562533,0.6017757554403589,0.7679523938317614,0.0985090810436391,0.732004517263822,0.321760397625235,0.4713933362374786,0.4716633892965607,0.4050928518299312,0.8672738823001398,0.060847840029207144
0.0029213150661725833,0.0006952392018632077,0.004036923327592016,0.16549131656264632,2.9345074831436313,7.936239075534915,8.124372143627411,59.44781374503556,467.3361970888238,70.57461032607978,0.8855287383527294,0.14399807627494896,0.2438211644366517,0.576155025982086,0.28139105846089746,0.05571562668800262,0.044202758926910925,0.4725373822354711,0.8077619882527566,0.26581625114647456,0.19829618745523353,0.7368378451069459,0.3587289748718119,0.5937475383801226,0.8167101847293203,0.9504171638373161,0.8894471132342555,0.7339344726015494,0.9465595020163313
0.7317784673318654,1.4611991402540911,0.5196309626202433,2.2107406761503325,14.211884935734052,19.492635722128167,6.911823456437786,105.73612601881203,415.09334540118886,30.632770025407762,0.9486889937210023,0.2670975554222738,0.3010374926241336,0.8482241985755404,0.4953737865830579,0.2572923435117657,0.5509681386535059,0.8084386489346145,0.33369171887596777,0.5292335066072712,0.16276536163613792,0.06119065411888806,0.05342668552432744,0.9125091447556442,0.005834432070220578,0.5662016705067927,0.41379812148242123,0.5425786748652955,0.9016560715775838
0.1290828845962726,1.1097486993314436,0.6687059708578326,0.7224645786318754,42.085964391855725,21.960407836752108,154.3802983838219,179.7870971709042,52.96242099278464,17.258022321924738,0.9633637584066593,0.8832928636635933,0.5514783796982974,0.3016257031909835,0.6706418420786329,0.058815728201490745,0.7252988621370032,0.6494402067313372,0.10419728256121405,0.9307176369693728,0.19287778893073723,0.6253551430867056,0.5836903166821245,0.3833243090877474,0.37900413643125785,0.5048165257164915,0.4788863538011335,0.849093182702741,0.555133208383656
3.9130837660749465,3.0895951119480656,0.017898071674474967,0.5331679350842954,9.089886437070062,2.4207368732681607,36.23489957573215,24.346981083064623,4.347997212705253,248.35579383086724,0.252728256306301,0.948234582530135,0.6943110135956226,0.34474901682457165,0.8730229688971383,0.4538519712861147,0.9294167405417084,0.9974506266646296,0.5587981162974138,0.48405746217314627,0.6959790903219822,0.5660444596543486,0.37834324717927503,0.5932235466176722,0.4059156755373922,0.4942532924927189,0.2272087217389819,0.4630640487868739,0.8837264076352064
0.0633013716267151,0.8548090157586342,0.5097478892328366,0.2003766074864385,22.37851584980151,2.9192338649215994,49.76739708182776,19.85660900820673,377.2737884450729,130.53690639293606,0.7840082759864894,0.2037677190143101,0.7943385714847372,0.3510861564423534,0.8915830225555171,0.06782404258502894,0.8769363011181113,0.6429982599952776,0.06894745174051303,0.5630918167546803,0.02018398276018654,0.5118491151133353,0.9410821850977461,0.5405295997849856,0.16002999917307836,0.8861273918073592,0.08733495798093924,0.060375257006210874,0.1865037487438304
0.028668309531229817,0.04524308199644353,0.029270368903271417,0.32744168887715713,0.13632259458956994,0.10072939410715898,0.09834135953088649,0.6322373991086389,27.24417608842415,574.5292465968313,0.04748636479938142,0.04881758226267816,0.5478380106950986,0.8716198393465372,0.8491341924930446,0.7595492621266534,0.23961017588970265,0.7163222571409716,0.38787403319955144,0.24216196382866823,0.4792778885393138,0.07436038302431366,0.6777105014474452,0.2848694390254767,0.8135501406104472,0.6420486192285286,0.7705471234291024,0.8364162019735594,0.43086722968653834
0.2688152527816995,0.6029469665729674,0.0862120251029792,0.43558064244269995,0.5390702572840367,1.6990659919436901,0.2821454257957932,0.5266349597946287,41.25373138464035,577.0815335276918,0.07337184195389357,0.09717800594570727,0.8814011176022998,0.9279107797855761,0.5321557015018769,0.7210683826058063,0.6874320153893956,0.9100059050629405,0.30835845694333186,0.49312898644742187,0.3146804734975634,0.662936586166726,0.9291841165214796,0.6455707336289809,0.1508965670895053,0.006053972920404998,0.6561141568438588,0.14318345252500392,0.4137558668788204
0.1381350970421644,0.30407555535060055,0.3614352032214923,1.2825647696734777,14.646634564949988,2.6699946816456057,14.549603844231253,15.740917525830865,4.328980693592037,539.4885730508494,0.0910216485854798,0.9198668451146079,0.683239025647873,0.5714710856784164,0.8623915519957108,0.12467757883189357,0.38521798608106345,0.5502556247922992,0.3123739699501288,0.5844028487718703,0.7531531522946047,0.31014713155270357,0.6100641417736389,0.03753641790327862,0.5484492917614547,0.4992666885355758,0.7606249455325068,0.6675454863428433,0.8659268198681301
1.969668947643358,0.7921385043809549,1.0629111035520955,1.2137828942482642,46.462062335937304,8.767652932638443,212.37221198945866,164.34498602232685,188.6582597796747,20.351463769524617,0.9684959490194757,0.6984573368739441,0.6239119648334243,0.22105385105221975,0.8545227748548664,0.09783390859145574,0.759098433068725,0.7220942958005682,0.713181125715211,0.6840435295472929,0.9052233392827673,0.15520587214304143,0.8325154791168878,0.9693019090618018,0.28804059356810324,0.815891489949321,0.24645263716144844,0.8507749752800636,0.5454117685519787
1.300462947651331,1.521473016440215,1.2763729811448838,0.6425594112589665,11.410087306600555,12.648557786550345,3.9670272704643654,66.34085110692233,225.59115127876012,68.68509152221954,0.8253992147203357,0.305228939061614,0.3306165172553064,0.8789305436802006,0.5608065459624739,0.29353485053073486,0.8644637726802507,0.6885610630627432,0.46084070092284446,0.4084736754341621,0.8986185757629729,0.8115823894547577,0.11560759221730234,0.28965249927906667,0.7486171599815794,0.6229204770629023,0.16196519508814852,0.4048102209292885,0.9702309627293145
0.2724288814170642,0.14972615939484618,0.0974727730361652,0.1172146672787982,1.0118479485254919,0.17138797528045124,0.0892300084321814,24.679935056269407,16.209530319936853,358.89442623985025,0.10654592556318233,0.6212618053116602,0.07180754937783308,0.9532657962393195,0.9058348394135375,0.386271715825484,0.8159440195142285,0.8124180991884636,0.6453289788820593,0.29156986868837037,0.20666336668691204,0.11279376879790419,0.673021445381304,0.39816775533579085,0.07890308376532909,0.05150534087988427,0.6725939223260844,0.4365859021530413,0.30352877699576586
3.47194949836994e-05,0.00340796818237679,0.0025650892040442485,0.0034775225548046534,0.046986345828973805,1.2094873636675094,0.7222633797878127,1.2917082708700875,51.77358142323722,582.8365764503435,0.08630563959603668,0.05957713750679428,0.6061781772449663,0.6367290782533558,0.04460779919943334,0.16796570016098716,0.6333776726616049,0.5730385374357512,0.010084997024859037,0.7793199561781532,0.1445897616547932,0.5485997214489906,0.9353868272884095,0.25022918890506846,0.42616924090519914,0.3400097699630792,0.7120695831296948,0.2811707503203715,0.7967736442283888
0.250289054870788,0.10415268889346634,0.2840242533694412,0.15195440666245266,0.6426549305993035,1.223214027822474,1.0623441377673224,1.1437620371523924,43.63685913733979,437.4262861221588,0.09980799649873676,0.10025711879024937,0.7647739620488189,0.7143186770700751,0.5395027193870455,0.5515553752305632,0.8077549542842493,0.5551458423087077,0.7061500494063132,0.5825196030830481,0.410485357363355,0.46321843002389085,0.2609704597385306,0.8166686998782848,0.8466417233463107,0.1127965143906002,0.5510861856636895,0.4998000305513822,0.31136736672048043
0.00032547965242722373,0.0004474281932929703,0.0046047037031891475,0.21155298791646301,0.03454196768642032,0.5310720934358051,4.516529760641695,21.813185049820763,54.705728450159114,370.0819388620956,0.1810533329881298,0.33137284550628643,0.19544938432326311,0.14767572568004453,0.3213523519066206,0.8626412094263536,0.024789548188049633,0.14372697594287023,0.4211105557143652,0.28842736164202054,0.4422613863237685,0.17638037930187475,0.03251790955746991,0.9199627108230438,0.7267112469415834,0.5759250591595708,0.8039504135243821,0.3994378503939834,0.5257213295013148
0.0037475593138132086,0.03362014219249242,0.001308272434574702,0.027921268954531377,0.003542914453277785,0.12446890173841389,0.8112558204143162,93.24539320744292,79.563243968639,442.68217079510134,0.2819390756025721,0.542251981119528,0.010672163957467128,0.19347435530661525,0.36041568505449717,0.9494880737768407,0.5807443710788357,0.9661735102889842,0.10028872964479299,0.2682737380811048,0.3355453963731443,0.22614324834221938,0.8599606363727367,0.5858401766944638,0.6702865997890624,0.4506757926924259,0.8534340209741642,0.20299746159626209,0.8080260708549811
0.0071546419908538475,0.014336832198881643,0.03489233040592844,8.830985715444415e-05,0.03373091847290777,1.3028111944621643,7.748191973962564,0.806437390656933,19.179613497808457,525.9296347727632,0.05247616508656408,0.34152352764742533,0.9189318170481219,0.15238844816585548,0.06475384899325135,0.6260556061271015,0.9984362218767596,0.38116395911651985,0.33290605975605736,0.32689801909707694,0.2283142510018196,0.6806015734270522,0.34448698189792976,0.4409666635292582,0.13427956353002388,0.48374966700979516,0.8279546485498436,0.7890726094942621,0.21300163452378182
0.005882573965600883,0.002513981278742657,0.29845265767009294,0.17921109574040545,1.3177336362261225,0.47515172090163077,3.8837373871229386,65.61129800488652,52.021470049176955,382.22359881954753,0.24464583126849954,0.5797788239874314,0.08586235516103491,0.36979764271799365,0.7915037080366448,0.26946553958352376,0.631298642268555,0.027363782897122442,0.7005937309307604,0.4723015216395412,0.5448368182243517,0.12145663079971214,0.7784237093928195,0.6411496203619174,0.8826330429205882,0.576735855868044,0.5030064005763635,0.9139025961959897,0.024686346710162708
0.0033766526378135376,0.0030466220402535758,0.0008967197203230255,0.04910267831654368,0.06457877559511555,8.11036201017656,32.771296021963785,41.0488713925826,52.2724981069029,286.51193328183916,0.31918381750935426,0.610847749997799,0.49971839701440973,0.2007519405518374,0.014700049259189954,0.4662974989386786,0.12973498145635878,0.8774972122218785,0.5256902136449872,0.09370232716410928,0.6474597565965661,0.5976726991842742,0.4690713131578885,0.27430351826992794,0.23350617438495055,0.8830281338854314,0.2055794578599881,0.07588442578179469,0.6920224995519978
0.04916594081256105,0.0039630678466464845,0.07925489968513175,0.5507078377808573,4.112434092204091,0.27269189500792096,30.551677246240338,48.90142310683826,149.1227128704683,138.68188955161986,0.6275255578171535,0.36175252472858205,0.42143089797959915,0.14228615037307218,0.9461957024430431,0.1424435545035409,0.19380106566252672,0.401325276792822,0.9254067044226758,0.724033646727548,0.1331184752251503,0.11582036304025872,0.9825663228198088,0.3000487847927726,0.6043130047253574,0.08460738021203816,0.9999833834490185,0.2560522999930338,0.7845481956900897
0.08945057162819584,0.3166424852408552,1.254650017170371,0.4191807894177419,2.910911385099148,2.756884372395048,7.690842319476157,56.66463253995544,260.29356535029683,157.3335736084137,0.6787342689117277,0.21691906538773645,0.21411758593619415,0.501842053090653,0.6441682834082058,0.41674865225391255,0.7984633972509951,0.24452491370703822,0.2202711179497957,0.2625044177932127,0.0003781402877790722,0.6096748509774234,0.5611718394313745,0.8073905394831474,0.4412846459358252,0.9183482173194915,0.8712755096669145,0.4294944543040685,0.9092814309655659
0.00035138223741726376,0.0008914506556964703,0.011357576075334639,0.011392148831162985,0.04226931468832784,0.07871310584672062,24.629673273720016,6.2507877859244685,48.254417095283486,477.32908470725323,0.14243366885347886,0.3913407355312332,0.7985269964208498,0.005851747191713868,0.45705730222618474,0.3620869271990226,0.5251798942692337,0.09863432974483669,0.28272685681574417,0.4475612432818992,0.7718384724591038,0.4932791429670243,0.946786620992134,0.17394745462801528,0.820921468819694,0.2604363604316049,0.6336439758213148,0.29887503431205187,0.794630137738611
0.00447181228687682,0.022469661491967257,0.005044924022272762,0.07435248383796908,0.03722063785347358,31.9801906661132,66.32869372559706,213.17808525647357,3.431338452433467,184.0033697474975,0.6313039739693147,0.9891090011039646,0.3159268258285098,0.3262869758172699,0.004468952680278491,0.7407302700298974,0.30079682340161,0.8422790820760501,0.165982467165116,0.9084879527384845,0.07817728846586497,0.5936030429067715,0.5270839228190864,0.19027980556232724,0.5238324587162134,0.5367847293185456,0.04844833334276981,0.9331750883418897,0.47972145989283843
0.07946950485463208,3.175707061888715,1.1169451408884183,9.54604666471923,3.5493670573782246,4.026156854772534,87.70965315571684,16.39952298047734,456.41001980173814,101.07484346172197,0.8520324128607588,0.21580770969575666,0.8694335313621298,0.19682265408497115,0.8126819347052979,0.7968020690922826,0.3141305371989293,0.7445301810929159,0.024413270133035403,0.22889508558780292,0.34451190987313907,0.9027110262723959,0.36354098189154677,0.9423273555334648,0.8358160449590215,0.8742961240060195,0.8644785042731127,0.17516233693885566,0.28122517921769735
1.944977741037514,0.8764259913897654,0.8341194643008609,8.178638498194235,1.6307016428677021,5.425429315343464,81.01048492866171,50.153420144716264,312.4732732645371,245.999296396043,0.6528016897607971,0.3244222389753268,0.665764631016016,0.1890905467444118,0.7127927335501874,0.8788920762165462,0.30889582979896224,0.7718194032943257,0.6893652683177788,0.4126899748794708,0.1415275380944559,0.1395704086510984,0.5310370099733706,0.8568535095804579,0.36191068126111875,0.01032964895616441,0.04300561136291378,0.6098568079087479,0.25426210374162056
0.0005316490949352937,9.892352560596308e-05,0.00014154456255437603,0.005043919527078384,0.08750602146113762,0.16206686248275068,0.04480600023703613,0.7238580402354853,5.490701322724301,230.7023112137374,0.027463261423395013,0.1571898058634475,0.2931439410720001,0.8507436431501438,0.36541153755734473,0.06232220789105934,0.1327565869288557,0.8166799474829916,0.8431211213689371,0.02057663995130667,0.4145350185483649,0.12421639851912711,0.21096094293359402,0.7071385517164227,0.10605402643381298,0.3099972512772177,0.8113382383698557,0.6221538045355889,0.48958737556294285
0.23711094732235563,0.3514609340377591,14.082161642190124,1.4499023907669486,1.6146241505982672,25.14358930528249,30.65166301822236,166.42608192692043,42.71302822400341,97.9210924531024,0.7427128708196525,0.8488941689584693,0.3064325554303777,0.5831436226595719,0.4136132458172252,0.9089596575021544,0.9100592310084213,0.040118776638898665,0.4028580957255763,0.30095025232367933,0.5813306503695764,0.17103117642298282,0.2863460299999518,0.43937146640455144,0.4997445377951637,0.19131955264927641,0.526711363080503,0.06442671820780686,0.0009641282165935679
0.07304743593719537,2.433536079587264,0.7619781553597204,18.28582139504036,5.845763051213027,1.0788487143091736,5.406687087313866,117.93230108031952,15.430336388041926,484.2380855514411,0.2567180498615224,0.907739961486094,0.2231993947579051,0.8404433146638113,0.9621177390320708,0.7866521212616175,0.15164255274146393,0.7668766166637457,0.02914223104268339,0.4883616227564905,0.759420743707392,0.24980769109444517,0.02639818351095629,0.5109099636467955,0.5271197517641929,0.6261890038691584,0.6290389381072984,0.9393499017745173,0.13657714741024526
0.0010940208969605425,0.0007682639245558128,0.0005766632006546661,0.0409955526618118,0.10479616531701451,2.9302900223089487,20.236572085427895,4.623667088732686,104.47226151524812,493.67967621222346,0.2114885621003767,0.2110002594328745,0.8345070750637165,0.13203982150899252,0.04814996584686698,0.29301966897787923,0.05615232093759105,0.7635606846014901,0.5874616408406003,0.5169242030139162,0.9102777323850021,0.8945020246096408,0.3202392045062928,0.4619443196563918,0.45998794585071684,0.7264580962805127,0.34630170891433065,0.5563488218227238,0.8554943253638324
0.4093988996471153,0.04944947879435497,0.38711408151007193,2.5384737153117283,3.539287655223919,6.037835923877941,5.479996820550728,51.22828137073059,382.64015654480653,40.583665952350344,0.9176624306429687,0.154031170644665,0.26469928908551793,0.7028452127514767,0.5341736613261727,0.488817326936208,0.24995668883776068,0.5423980379315575,0.8922313314861967,0.9890858482159397,0.030627099489374712,0.8774669120080197,0.8343481598986245,0.9328699830716258,0.807307220300979,0.8210760801277889,0.9026838743783954,0.451173020232395,0.3883882945299877
4.963252982778885,0.8159279664213673,1.0542871552734283,7.701095124055264,10.258932538747322,4.280036093154987,22.566823596765133,71.82073221582216,108.19078634476111,432.9916821043967,0.34853549979381254,0.532959589455092,0.4182723190805161,0.5630002273034255,0.8527858220424858,0.5862248456190841,0.4701529724031,0.8457171176985203,0.8588159855880133,0.2522597313123465,0.40367249851607284,0.6214567802955504,0.41360280033688895,0.7490002503139069,0.03295055108522684,0.9781459384909194,0.7355148766940333,0.13066031055503083,0.14706858863696115
0.3013682587979202,0.2543498686330865,0.0642756544652687,0.023162192996574904,0.9388589259792188,9.080612521357473,25.388554905491027,139.95996528856298,212.16698829727403,110.49323012192744,0.778424754963643,0.45342880325304835,0.20482328997885196,0.29576359868871227,0.1483700816155191,0.4065422990253236,0.9639866627991232,0.8963285498304853,0.54230417170499,0.22144894484331687,0.35985674958117697,0.5264022770027286,0.10434627880795663,0.1530940763564641,0.42174305711250876,0.9755376812219309,0.9225730686401452,0.5893707370071211,0.48078862902089137
0.08864546149215322,0.040753561900912415,0.3801784347706136,0.1750443838936676,0.12946707419960318,0.627981639356948,4.075687957691342,144.41700214473303,435.2920593701891,140.1157316213615,0.806828192689499,0.25619940085932225,0.036801062602752906,0.26135079165508296,0.5645277986487891,0.8409669120728581,0.7443196036988181,0.25393396297271437,0.6850551044955077,0.531555471374951,0.45558724332512196,0.07298247468738961,0.0477845326969126,0.14655463343604583,0.7590812164963888,0.42301923378517964,0.48269757614225756,0.521204230290342,0.667905077899317
0.18521319066264036,0.24540265510786088,1.1940835696745424,2.707507569371479,0.31906195777135277,46.49991027245553,48.722741420343205,12.52640730823973,28.152890158732617,209.14270435145457,0.40192981695668095,0.799699426745035,0.8885554202784687,0.5121575170938056,0.09093180282381351,0.9314032446393364,0.3750281141088767,0.2650433930589834,0.43011234370913193,0.28414568592765516,0.4850100681317996,0.8317359246237034,0.4065784029956501,0.210191635788934,0.6889360867607756,0.4691468697270642,0.5466686369153744,0.7109377010949849,0.18984212075566903
0.33633361776242304,0.0845953494780111,0.035967894002906974,0.795402059588539,51.93822990034137,16.168334389722965,40.196395897609705,114.94263827054958,151.8091731938246,164.00660761650852,0.6964603817432481,0.596581661453466,0.4880012703349571,0.6330947849997934,0.7668887054771836,0.023543644866591076,0.36484648644417306,0.9212778702286802,0.7990270186615825,0.4431200915253058,0.4575417985160272,0.42299404670416996,0.669714807863272,0.2256292563026526,0.26662511446720705,0.8018865479474789,0.28097439696639975,0.8006621702285935,0.3279856423206703
0.4884521505124417,0.04682355267266787,0.40394839050361814,0.8138770234088587,21.058039475187485,9.05141139799203,59.61455573034395,6.832086622412761,246.2585480936839,102.6263951058854,0.7705104193229536,0.28531165932077635,0.9305040930497984,0.34831175563167205,0.7159232129066724,0.07685284784446511,0.5357500970872097,0.569912661719374,0.9125244198568166,0.3354443747958086,0.5388288343890357,0.5149177749685214,0.7870562437265469,0.492358872576301,0.6449307646401361,0.09553287015437173,0.09059408980208933,0.9594746616223718,0.6963216324389665
0.002964012556319948,0.005272308727760253,0.03597849469374266,0.001688137366404244,0.010165765163890337,0.14603861799844992,0.2423764565083628,5.560843471515976,23.85800024999252,633.9134453658502,0.04499001582254133,0.20109370804744836,0.07401491599636412,0.4547012504903157,0.2774205007956033,0.8186909664714636,0.9632237744324451,0.18627966897366147,0.35987092466257004,0.29557018783174505,0.7450150288624378,0.5888122750544769,0.42479800174977866,0.40839796950502405,0.9344068573271203,0.8444434594547887,0.25893978617630437,0.9455126184821298,0.241382840594529
0.04673070423459514,0.040909252629568994,0.6612638782817716,1.2295499501179625,2.4225128047992595,6.75459820322607,4.035442813323491,27.936805317604843,1.2293894217164054,459.633809004993,0.08801189177369718,0.9722843336212096,0.3522322737140819,0.7343531832893795,0.3945086305904131,0.44954983065106746,0.378529860401082,0.11702431307096471,0.5332123144129851,0.39381612017838596,0.34278940614311953,0.3949758378917943,0.6885855452369234,0.4332995688755285,0.936948676876368,0.16181691590888564,0.3868191057441313,0.4423775203300693,0.9971124140886135
0.0014926823109212809,0.004185671306440142,0.001901830685506897,0.0008559677592448919,0.0257388468571358,0.019657737559089054,0.013650863133514818,4.152595642169461,32.536812221828825,355.9783617070161,0.0935920347533479,0.1148105586120974,0.015991074040440943,0.797715841892981,0.6348367397782352,0.24685156778049125,0.898535759793965,0.7491049545078673,0.26287237666168634,0.41767122143771107,0.3167529679367314,0.9832388540980954,0.6408651821507395,0.09691023212480111,0.44975072821924217,0.32296609984964625,0.9176934763385008,0.5111734554136808,0.19977057528227918
0.01510582224766038,0.04306868193461738,0.10268551862305628,0.365122610540195,1.2179125712133347,3.4263936308792338,25.170589337417816,39.09286089960049,420.9570505976304,88.43360698518917,0.8472185908261628,0.14158858717385034,0.43697600875554465,0.17040669706335765,0.33729164076983276,0.3016136703458519,0.30582763119416856,0.36164674832029625,0.25966396207399406,0.35780384617175526,0.2962200759359033,0.3182960901249976,0.7264853934194438,0.15900162503241785,0.24922639846443403,0.7945998948576277,0.6773773776265916,0.049808990151531576,0.7171657210494821
0.006545713151938763,0.0022571903262737906,0.0013106672612914461,0.0004982742161863306,0.11437387581883324,0.1827451441918963,0.062141835270030144,1.253776597734678,292.20858959938585,253.2081708666348,0.5371307743501513,0.005525769752373257,0.22780331978009893,0.8319912898943218,0.40615269705936785,0.08490445860478962,0.9530454677516614,0.8704050928153467,0.743585700801968,0.08059462287662865,0.9581249062641467,0.5448080046962485,0.4867179754113302,0.9391736610338961,0.48974683878031594,0.5147935302546627,0.142237381340633,0.3255922040906399,0.49330971548610014
0.11422495179711445,0.6431771304757585,0.28815128013803976,0.7606195940902345,2.116849356080008,6.167432969198094,2.9598215821543596,270.4020084200253,140.1672939750255,189.12665743362922,0.6913458686348403,0.6691198876590813,0.046040471506024395,0.7731985602286899,0.38878546141174797,0.4604034370920452,0.5788777639746754,0.724403085966268,0.15081151012199365,0.682239663969366,0.8539278642166265,0.37436040113444347,0.9114691925709968,0.3866633584531646,0.986549697446924,0.24336378051964644,0.14739238692165482,0.32687478247075685,0.8603256559836066
0.03209104130741435,0.003515520679991385,0.014494840113650084,0.012985708679665016,0.0185925152769015,24.58788365362037,8.047180143588182,0.2695137462396396,38.10065087568673,462.33752195951445,0.13326519005619084,0.46402717570069646,0.9918295141866295,0.7540348059866645,0.0033109473861220495,0.7723726689959981,0.7941622540806957,0.7106899307046614,0.9012676179959512,0.8256624793685124,0.1856321246957071,0.40677745345452654,0.13853595940255264,0.6618429148325206,0.7414922241658644,0.9619683255437854,0.6948244281180087,0.2718922152574415,0.20057761693465936
0.31287160342191916,0.16297809106831732,0.09907941318581724,0.6800365130608652,4.035658563813989,22.411512223629032,1.9197076418918058,15.16119168950054,15.71607891221409,471.89247134003654,0.11363649660067239,0.7402262991339488,0.6614523459805688,0.9351928381417849,0.19098253313736055,0.23720558802901365,0.45812339252644546,0.8276667299272592,0.6575009021642625,0.49441202074427576,0.9641795548142356,0.3259711822248133,0.595005418176594,0.5547057714846497,0.9266584068971433,0.23381345830395442,0.6812999183051835,0.8595695455610061,0.3072788097580806
6.524824758297994,0.26522325415643244,0.39886162940547404,0.1467284678865924,20.723850854876808,47.378727031414286,35.4211064916246,41.275106289920295,94.24815419802256,273.1088846365575,0.4742764767785315,0.6174723348551212,0.7286931917937939,0.68048599164435,0.3719532413928921,0.26143163615684806,0.9799978589876671,0.9445170896177405,0.9609394140262403,0.4581096354483707,0.5916781372765213,0.7673002117542943,0.31106209094278253,0.3057397532009333,0.09346975553973338,0.9543091093526821,0.3067068702369586,0.7534291289457704,0.936936967590633
9.378273697560628,1.671496547895646,0.26822346926972096,17.18320604574354,17.847454057250392,95.19610558664405,32.874087107056475,35.869745777436805,55.461549002918375,341.7036137590467,0.43748209486258227,0.7913019021050102,0.8294260977877236,0.8115221619419208,0.3274487449253522,0.6149304761376481,0.39710586957198113,0.9763011470026943,0.8487301988398379,0.25831345193802113,0.47189224901376964,0.5296380448405948,0.06282157235318457,0.7972079423571483,0.12505205246932852,0.7331709252441576,0.3766116958034078,0.9250884153266855,0.9794520709135852
0.8483410891407006,3.456930886102623,3.548393217578206,1.310072196122712,16.36284264379416,85.70752898366702,29.326687487651494,39.05300856704207,156.73181657950292,239.276951683154,0.5843162468466693,0.5340155884582408,0.782572344305143,0.7913594101837275,0.22948518452171537,0.35898805782801874,0.8570373483527286,0.5481863396950589,0.19704703768285264,0.5392491739860683,0.02889991885583778,0.7017634928718106,0.7650663997493515,0.22000784010938768,0.5762851822700963,0.3538267832146614,0.5771210598685937,0.5848226712282074,0.5655198761058028
0.5561407374810213,3.8934518314152164,5.417273584119055,2.0936635953252427,15.560815503380391,99.35549575499148,154.0277265935484,41.72591599750634,110.02881976271135,50.793530616236765,0.8949359129857057,0.7456917743173115,0.8706696418385336,0.45167240280429893,0.21691385940374186,0.4345910288521465,0.8249522688896177,0.45096310215340785,0.12498689011856588,0.8736516454986017,0.2993851801303772,0.023422171054180315,0.39729269816049606,0.6937975554604504,0.7750569738920965,0.09720932816887468,0.4523107530547426,0.5607935060714527,0.15286516613870327
62.333697322267334,1.2214751445900796,5.796332198459356,18.712139112124937,29.48864943574213,1.9195560923523196,1.3642464146313682,102.00227186192365,127.98825629259214,276.79659084547967,0.5589764936134582,0.6351808911221343,0.5422589342728552,0.9887099429479194,0.9839329841840544,0.7491444136928594,0.7875157294261514,0.9164209597696278,0.9807808696416165,0.32069325585723407,0.6719943374149917,0.17759174058944174,0.8436162053208497,0.9539976234214849,0.1553651782986768,0.9050526216190665,0.7740688081840473,0.969024684700503,0.9906537241989704
2.6689151150679282,6.271007645724735,2.470379016813165,4.070589209968771,1.7756687719729671,5.751948877674659,0.47310738810186914,259.27952798506334,9.55482547966797,94.5638320321285,0.7555730961914636,0.9673133647253814,0.08304399852216426,0.9798520090102981,0.7500077485087673,0.8971018095892178,0.737057174988446,0.783495733507978,0.29853894563528505,0.045710548151066156,0.00623325001660699,0.20166263622153843,0.2792665055984113,0.5768814971442022,0.9533199894585241,0.7995226775408563,0.5091784138230552,0.22267014429468934,0.8025807385447343
0.22832421299786115,1.455506843094818,0.14747998610813776,1.5261308403718168,0.5269057002767242,3.076955124878147,7.4305002310669295,30.87256761495971,57.087755187204,507.5649797220278,0.1678131746497961,0.4422416264056228,0.3179499187269888,0.483699140221179,0.5579914774482477,0.8643515573623787,0.5454483223392621,0.9194675384412576,0.13559805312516698,0.170119057837653,0.5312606287184896,0.6524082962685532,0.9184969491094597,0.09388162320856334,0.9144385214309807,0.0747978238642361,0.0370494570778872,0.7377585347592773,0.9211909008973631
0.017343544076265687,0.01834683526775614,0.001723812400475659,0.17068062811204782,0.8253008775032504,0.04461409428333683,27.287828296431414,54.225156855503194,345.3888446178036,39.2296635131642,0.9160341062092975,0.19297870438995865,0.34344952627647535,0.038003805432998826,0.9586143886361785,0.20136993059696595,0.17979396012976093,0.9539262424203195,0.4859445148814522,0.4773181799789402,0.8915520718557879,0.7324114266211437,0.1332326335058598,0.12061388881557798,0.832745132861769,0.3964939829478671,0.8141470742305804,0.8621665225920901,0.5887022199813612
0.040348275161795254,0.04208404147831302,0.02703128287103107,0.2925704011301621,1.5186069132968905,1.2859363489645084,0.49631311754107615,55.69328599360725,99.50093772306931,291.86234137688,0.35250977470906425,0.3738027384043437,0.06234223491297823,0.8659660247674966,0.5989691675788794,0.20932283474944202,0.27227448259731596,0.7530568792571061,0.48947156656960183,0.9286098237220128,0.19373511048136707,0.5564756975109257,0.5026244176441332,0.31030551441486137,0.3003666177528002,0.47440183055568025,0.05253175481968254,0.19860063146314738,0.2592959300185401
0.6109634688766192,0.45391711474316043,4.939032576907825,2.1589695791187196,15.0043647004833,22.143474204146617,52.73608946598694,200.8029615040869,47.81688591065387,51.9971772826199,0.8695713716362493,0.862066672018287,0.3280805946497655,0.4621335577484506,0.5112972514984467,0.3523458175487356,0.7355138315741306,0.17736442136118463,0.5737389508970204,0.07892655306156317,0.888094947328849,0.8757394590536925,0.2064888845276419,0.15420714272879862,0.6960966550558795,0.48858095825417697,0.22504318168873613,0.23938509471940297,0.5030181488311221
0.03715243116222563,0.024341909769572116,0.13381371705163425,0.037286688197545055,0.10384939942277052,0.02152455133573353,0.1447525746346236,4.629729889944527,0.7433312462316432,373.04503742348675,0.015506623284429765,0.8734923803081656,0.09794954803337193,0.7120619659053237,0.9398702972640859,0.6913324223953631,0.8396924745302154,0.3148581864298416,0.6041601649724275,0.8052547155056841,0.9856686283506115,0.21984205255394135,0.473250740416128,0.10189991143451493,0.3470555157643235,0.292519790737356,0.31808648164739395,0.5510523139344008,0.49979723377499546
0.0044019961110161295,0.24734976389537253,0.026932252622916052,0.07823462989103584,1.6969977007166495,7.106382914253448,12.215471993496154,14.786946533519231,65.54296509257655,683.7290663125247,0.12948966541398874,0.35556241068860145,0.5910996894195047,0.42853654962590637,0.22421934977260585,0.1737746737814227,0.7808054257446715,0.9033591759756224,0.017485463104227834,0.09049273601664183,0.6605587788051166,0.05756578079239984,0.22399399394448036,0.4235510559071086,0.735082642071579,0.9578723765869582,0.3416168675947574,0.037163210042693094,0.448562134657095
0.001227024702799009,0.008109529449838027,0.11744359677016492,0.4860423539672911,0.3638229631738995,0.35338827997044053,2.8811069308369985,2.5796301862309763,74.0496689402341,508.0855201275212,0.13726757742951756,0.08400215141647621,0.6201270463287714,0.31583693100247523,0.7343012683003802,0.6274769350078417,0.20687907169065112,0.07364365860648156,0.13142158046097185,0.45140282271378673,0.6261090292386526,0.7267501243252541,0.4791499417909886,0.8875842126051623,0.964014016650649,0.5851959483179621,0.8792960209332366,0.6493701320526011,0.17381167999699468
0.021472739334189025,0.017219560764645637,0.0008010379040364638,0.12104927555582588,0.1120402566875879,1.2962813839212353,10.89898763752241,10.026065138467645,544.110006026731,88.45666679906839,0.8649641450441716,0.03969954339320578,0.554276601757457,0.12583276315731656,0.17374535083083043,0.5889680940465667,0.24599909723303284,0.9797171385214836,0.5549615628778746,0.7851642080406057,0.7341622928513228,0.9617846580426899,0.33552061343691875,0.8624611502812235,0.2624061775151001,0.566907173660574,0.6327830713263739,0.8167060785848096,0.9055769351493592
0.6317940642506785,0.5305883139780452,0.7926323520307001,1.192515967772796,5.7052025923314735,19.555572528753913,15.70169396791772,11.975916145556,142.44523190896595,188.4399483841722,0.513038699215275,0.2825043653973738,0.7864719520681512,0.644033234102787,0.311624823624863,0.35554337793711066,0.6211265013178948,0.5945645115801657,0.5435337597025748,0.11346246494417206,0.214397720747782,0.010607280242519439,0.3040252496655494,0.14169565489100033,0.594318472373222,0.1230724699743881,0.7641399297228323,0.9934605566426922,0.9763834174895809
0.03378552809756946,0.061562369594858654,0.3153335145354726,0.516559199867688,4.317355333060545,0.03392077291056275,11.845590145155276,76.66582585902616,184.6092901309989,434.4464412800907,0.39054628071802716,0.33689006657783577,0.18257937036732647,0.308250629374636,0.9935738059151233,0.1767992466515901,0.44290705871882563,0.23216998591481516,0.35433951786283047,0.5592614716687135,0.6655840979045518,0.8699223631333177,0.652821594396896,0.20479223501860752,0.6644896997789861,0.4645036272296806,0.7807387984307393,0.5586157286208707,0.12908836427919615
0.6976380072276575,0.4777316931476644,5.688715648580882,13.063795005800646,5.3140537743307625,47.58544383019853,16.413915094138947,103.7996533850703,193.57352030524606,211.29097556797447,0.6466147309998582,0.4993112339131587,0.46229204062599316,0.8160726438117317,0.34659951842834463,0.7894751746377827,0.34444633482144144,0.17123471527842468,0.5935477212020065,0.06733943902867563,0.5481074796105293,0.28287481217502264,0.08478642727024947,0.4364613497969527,0.7852303836752971,0.6520324712368426,0.5652406206354569,0.5824005802720174,0.5777138985079205
0.9904573724497071,1.0081496015108438,0.1998446864810132,1.4563954525740734,2.6729039229836338,1.9630045191878969,17.763964126006588,12.569231899647253,386.8830056092289,225.25110651675902,0.6538635184423374,0.09077161002467007,0.6745741596806971,0.31820551733555663,0.7632297193999732,0.5775902200043602,0.6015167235347384,0.9090975298311204,0.4955738598704885,0.27354797737843417,0.17125212584960925,0.7950802918844749,0.6345969275343053,0.34862085891671446,0.5384327257559899,0.4590323024776411,0.02520048899802785,0.5777146925585404,0.023200193583045103
0.008149201787287837,0.08860524700296622,0.1461607107134137,0.4315937449102588,2.41995326604507,53.693788193473985,21.23285121709554,71.71478485223182,204.76081627656473,285.3698978735565,0.5540165753090128,0.42239006819712893,0.5210581340218917,0.7278575822843998,0.054491239836195644,0.21797290361248065,0.3601363272064349,0.398305519457682,0.08422560294828216,0.8476485022292181,0.20921244140907222,0.6790556472027106,0.65858660967281,0.875741006898456,0.16544418967023347,0.1586967979535723,0.8813204514635389,0.21926703319088314,0.4339856937804111
0.6801033131413825,0.7499281677888734,5.164964930918871,23.539190668702975,11.084523202610491,27.11024715419556,18.703200756432036,4.606826944683924,26.202555184204567,272.5239673569146,0.30187487881076164,0.7776458529610558,0.9497285250625307,0.7851001153529188,0.6032392682260755,0.7310803000272815,0.2188542997433431,0.21683582395298057,0.47558625261799525,0.8081206470066076,0.8091420414143513,0.20459962457017553,0.008443192166222552,0.7787645724616479,0.0526543688363994,0.4629615955200952,0.0029337362201444224,0.08666986660831483,0.8719589642438091
0.07788235795950363,0.06997162015215755,2.1225874496073813,0.059912516638739345,1.6174937061217578,4.148500946735213,19.01758580181922,20.73980932969546,49.77569561030891,374.7857771944186,0.20666023430708888,0.4901569040312467,0.566600066919234,0.2986047129148182,0.4876084080467644,0.5902846691854274,0.9742903790285597,0.06512124748366663,0.526751859870053,0.9432022687232224,0.16337702599153997,0.9971686948276386,0.3669035666095788,0.9991507585863415,0.7061918064257191,0.2844556157354243,0.7482804685400463,0.41825610679751873,0.19025126940505593
1.011116744299478,0.26089005804291854,0.015905169647024115,0.38332847309056506,5.505916404381026,7.100278953203163,23.338812910794406,53.68537499808344,224.66126988495776,118.09197954608224,0.7279330636444891,0.28896312054965134,0.4119997781452738,0.37955501388302715,0.5026922865324144,0.23285549976596823,0.7706323621959622,0.9876504217734263,0.7948988499412972,0.6287521072212414,0.1277716856989188,0.3839569821743475,0.9003958892810943,0.9948432792393122,0.4272670495939343,0.4282956468219577,0.6117515663693738,0.863781893814593,0.1187120868791178
0.0543202121091292,0.698245793496884,1.436543745289376,1.002288942878345,79.56237625781516,5.176284671600574,3.519227692491037,58.07432328182999,191.08957124150052,244.61913499597546,0.5820136244031977,0.4389836288490503,0.6116043275723513,0.9615171665543685,0.9411317961822984,0.03856499229963477,0.685940542360388,0.34377719312528704,0.07217999710920661,0.16359018860053276,0.2526421555565785,0.47813314174587923,0.7115446163549017,0.013904507173576683,0.042870495377497236,0.32696687609027514,0.38156190609275975,0.13471296872028543,0.41829944568900745
0.031842650160834755,0.18618629985480625,0.1141179811516329,0.5129620425464635,0.7544431307198608,6.222104038155531,15.035915336583614,8.781183483729633,127.87657957181219,524.473822695008,0.2332132503105458,0.19834303112731136,0.7224548344577434,0.34219103939874057,0.2045029946693762,0.5283410095684196,0.3930226059577751,0.6564231957507942,0.14604780768127543,0.7893637161780926,0.4446389974767621,0.9360739517865149,0.4503942685890841,0.5393007977979553,0.0996962285152454,0.6937475132788012,0.34901557474641093,0.03191525790055421,0.7401365787199585
0.003941122308479566,0.015226373527116237,0.30747633911298344,0.2862193870118918,2.088836045706432,8.712175622714767,73.32865215199647,51.98964653519171,252.87337035430843,153.88947061472822,0.7168521026028074,0.35095027703578363,0.6197702034942248,0.1346888662486287,0.23670307354985914,0.22684361257192004,0.5329799916916003,0.05868010898969877,0.2056148775136572,0.48290090631031696,0.2610173389625041,0.2957538387854659,0.6088504473229157,0.33303213707766194,0.26834010813740444,0.2294727737878265,0.715226365254735,0.5328555259263222,0.4501538337001662
0.02926508292951502,0.011694092443006072,1.0269359877012454,0.4659917687273173,0.5774971448892109,11.140620459595405,3.1136377305628367,64.38187103018019,94.18449213853076,189.87697067664644,0.4795167248893428,0.46159370948716455,0.20267673391560337,0.8097454606550912,0.159325637937193,0.7264840863086985,0.69620200872293,0.03835505280745594,0.7144939482631414,0.2030422006164274,0.5718632712536524,0.7080625099238221,0.019219247745963126,0.2087597386282799,0.5197605504342213,0.6759328963992229,0.028444156913603535,0.6333651927369156,0.40667911645686955
0.3240877149555404,0.033808897293598865,0.47090793553184623,0.9358012260691927,19.422635638469732,38.911425954375126,66.26839020801155,68.1242701500687,262.85943163053673,195.9440728169915,0.7000679277295857,0.42525637871233224,0.6497310654052845,0.47558808854250223,0.3525409520820968,0.08328624475030048,0.4696825546323721,0.43182269354983643,0.9055344584539856,0.5727321542612184,0.09094633343113752,0.4588096146803446,0.09382710714751152,0.22919674279912294,0.3082053550330446,0.1560528692761694,0.2483489979453805,0.7594917783034053,0.6461280712520949
3.1501675940852096,9.699402684081793,4.151009367556853,1.4481158285530247,1.1473586433341403,5.968796347423701,28.801368717969922,142.547120106975,9.108777594366986,253.89050774899613,0.4479592554098599,0.9557873798594142,0.27609210924478583,0.47023410583288305,0.7665233224975332,0.9414495062910136,0.9215057871938891,0.7558313037519898,0.24515742751629063,0.07637420738972456,0.9709290995135871,0.37259434283874393,0.6393553821339115,0.18895040507240835,0.9069921002657896,0.9973451111723881,0.47351035902955413,0.8044934588465563,0.867790261629893
0.7022390093734378,0.1381395355073633,1.2852378167130334,1.1299380350038581,10.04076947587685,50.66969841160359,232.88330120881852,25.24217916613457,168.1672159505961,211.71549551640385,0.6983998966685793,0.6569827122554435,0.9216304095024321,0.21548313309734993,0.2078654166336078,0.24484620168866347,0.652919933948967,0.39535758195362525,0.8356222486296851,0.7005105540832962,0.4987371914767563,0.3672614825578704,0.6485253680203302,0.5608216647885146,0.339549060238296,0.7535844992678051,0.8483981336973369,0.01913400584791231,0.35919503464545066
0.010493200941916954,0.005313752931996997,0.07870999866148327,0.10029453903112644,0.11045140964843708,16.873411524670583,10.521359608194036,3.6251035912354195,232.40422964358407,241.06438776641346,0.5224497423714167,0.11877758609027343,0.8842749348910812,0.6201679898569973,0.017769875232921225,0.6381761124301863,0.48517134063994294,0.16723935177654126,0.6638344759918464,0.05568987441855728,0.8801552658378218,0.8920162821226453,0.7139997397693616,0.3501106004063926,0.020987806330481296,0.2961281642451627,0.5113795434827535,0.4729374095896814,0.6540361932004369
0.018227636344789674,0.004094567107957582,0.0011892747492158213,0.029291526987910193,0.006447905012232039,0.026368846784928717,0.949310630654213,0.5484204118792786,108.76019024421883,483.76707761896114,0.18572894942042037,0.014349283923133272,0.653633034419566,0.08272996716443276,0.6920238072046627,0.8911762707064215,0.445267804690635,0.9494172701945842,0.816569761286104,0.15197800618766014,0.33116930324472693,0.7180867193061583,0.9561458625341313,0.7751643551871087,0.7021017631793959,0.3924193253256887,0.8442357625204654,0.7223011598999094,0.5681995268255566
1.2368560875583887,0.3990992375398979,4.126880412205893,2.871264725494865,7.565058683345567,17.35756735444395,53.28274412735093,137.00633431543866,117.97183732972779,160.66624863475636,0.6802559215491013,0.6548690800591548,0.38794325696613147,0.3864225133794415,0.4827395528541942,0.5329968293356729,0.6674506235054805,0.2838802630636105,0.7560451490226847,0.2792690941635897,0.555589309035024,0.6980297412768205,0.16459401268733326,0.17104415347152846,0.6303160241459551,0.1856831995316782,0.8578041367026441,0.10813425718074103,0.29564720919862475
0.057903370098385726,0.895019458512224,1.1311490528267838,0.27812169838784395,2.542645235109992,3.596501107088373,23.671405985841027,88.04227870104367,237.19719639118577,129.76305748978348,0.7336419493780211,0.3363483886268026,0.26762666324389317,0.26424042095659134,0.5769489115743668,0.4816047313588288,0.8822612588726025,0.4572408644337999,0.06076396572722536,0.04833228128526843,0.5207738087478873,0.41244041465974246,0.4613683122319884,0.35378272181737375,0.5889400516512783,0.10505483339189751,0.3901631838194237,0.11067262719342755,0.03370986993223149
0.0004620077665026408,0.003819385468149808,0.0037327522793431283,0.03643366770858881,0.03209767448152287,0.12397407752612442,0.09223646771647394,0.2972898099044181,0.42144111698333037,492.5950802407492,0.002049176463698512,0.5833449824678848,0.49615811465105397,0.684937431389279,0.38173575539234583,0.5806718926973329,0.18030460742494994,0.5342295354103065,0.10791061254623233,0.34524190269717164,0.7916322469430809,0.5349689989559172,0.10993210508771874,0.8549898473172411,0.7304800973327529,0.5876357532961926,0.28401430459291666,0.3820317167007716,0.7782367558769568
2.888690815794338,1.9058164109298408,8.09576395766786,30.28602696861889,17.83314249694247,42.414645591241,13.772651580898055,75.4284305777259,204.22100823686065,204.53760854750607,0.659888388103343,0.4853900068594355,0.6084186131836912,0.8824826370013363,0.5898958634033645,0.7076986396374035,0.2985497074971705,0.37194773935629255,0.6025000441532383,0.7615405653366732,0.8652065773957643,0.0784200517565697,0.06806376217187872,0.28331225117586756,0.10697434698820525,0.6064297086768498,0.12849691750894668,0.3626420904158687,0.4449207254354337
0.01130487612250117,0.03544783500024641,0.026503091404136255,0.007364431140383477,0.07443796622339041,0.12729168574556676,0.9388647331264562,20.844090456819202,231.17085285169327,445.5405912712142,0.3623992329706762,0.08713331167312466,0.05534546722012526,0.23120414814743853,0.5491704009061738,0.5199353128316866,0.9086528182146225,0.6382117117014724,0.24180150949579418,0.38012661878727044,0.1243105360871799,0.336681100664582,0.42901646636562013,0.13736982240130952,0.33481480510817796,0.637960798818505,0.5867138226651922,0.04448670933416294,0.030337277025543608
0.027161029788773407,0.018633895870127887,0.13771243706462774,18.827117399921445,2.908426864542971,5.934565824153717,0.7126635404590121,30.822839397687577,6.629938976359915,352.9345550879175,0.15758083255093583,0.8995753795942509,0.48100192096559224,0.9750522813710484,0.7869373400233922,0.8673105518426985,0.009652884374642583,0.24955361452115482,0.5931012966606714,0.738355850417518,0.7163974274693088,0.9775877388780843,0.6748254713951652,0.21388038327482287,0.4157340140377623,0.5082695307194628,0.9762750677136315,0.8970512999911657,0.8327499834590338
0.29792688022569636,0.4599101114120332,0.04606367113269403,2.2013759480387822,6.078333421097297,9.921670359702274,6.01327857542228,28.903163035209584,252.48100750240576,201.73446894298843,0.602992125828832,0.17598316467158936,0.4639792283709234,0.7596472849077177,0.47795190835053947,0.33084606233128294,0.26749639613172377,0.9426997970446396,0.39312792000540797,0.7285039787207592,0.3659917155158515,0.8076690973032868,0.9321443573344819,0.005168820196556226,0.7662883835563276,0.3814414990448393,0.48938158603456033,0.8810700477969503,0.549762770591507
0.07389457551719056,0.04253791283208047,0.02101733861853173,0.02439447389435383,4.7688319989382775,9.763557024124204,98.37919557527745,39.167357298285104,16.09548799518068,259.5498943433543,0.39341368469239557,0.9043849100713806,0.7427275681072936,0.1299530178484605,0.3355517903593159,0.032823955786492644,0.8492719622229349,0.8470908324718737,0.6346559844664971,0.6660784744899036,0.6281444686643752,0.08248073115525002,0.543412663785473,0.41322414256578766,0.0008922719261072831,0.6607566765793619,0.39644279078680766,0.6827604354525622,0.5087189778029868
0.23253839657249503,0.06592364047270599,0.30947793304155813,0.08687184173309039,0.09918709674794908,13.077499800295756,16.02032482083668,9.380151374571183,101.88749051859398,462.67235337660213,0.23377281724490312,0.27821000020527165,0.7611489771666423,0.4640566238818105,0.0572395907055416,0.8750790515230543,0.8749706895374219,0.4909399804763741,0.7791221921375479,0.08381836754544825,0.22659737725174722,0.4660140946593009,0.537332666856545,0.0921991392936911,0.9961672238910256,0.17271081748096198,0.16823081199354645,0.46384606156885005,0.9597644976140962
0.3141928504298794,0.5032078698815138,1.0101044120867457,10.43300420017675,23.068189915889278,21.640568224968984,20.814744999561384,173.0140050802305,101.55388967018237,178.91324660522156,0.6632317303029178,0.7117827728805438,0.3101460419498212,0.7324033006552862,0.6201360982031098,0.3470410627447,0.14905621641204164,0.4472768397858129,0.3843804423247706,0.9549605920369841,0.28859027952319044,0.45394832414691516,0.08068973522434994,0.47414354554685817,0.9766724801626157,0.7150716251301954,0.7506435900739337,0.3037917387767217,0.9859613247284877
7.082678732264704,2.581219358375287,1.4702885182962149,40.53686008114496,14.860296179377578,185.1635551956685,84.33005898903177,60.63118799217893,211.72694473636346,88.3506355749115,0.8731931118598232,0.6519841719927048,0.8471442110518774,0.7490363223960183,0.2643332994864419,0.7766421728697858,0.2154821185589325,0.8679482776841396,0.7329008093664255,0.04034464362617522,0.6561457534096097,0.9669673548499866,0.3292787023043901,0.13001907108694719,0.4913175042890147,0.546385517018539,0.9897824092184044,0.05308359434580177,0.8813670241756969
0.0015945317633233272,0.002459270162777977,0.0006914432950456068,0.05575971063366424,2.8152339992667805,3.5881955680426194,2.0259490617764575,28.12803117790288,227.47239437761658,344.4574799880805,0.43396806932557536,0.13865679086076496,0.23185054746906048,0.7613690409877846,0.4448898646507122,0.021039794222995768,0.0784273809327899,0.8542871310497865,0.39334229752484456,0.43216567385917076,0.8766259484569487,0.2662479165148278,0.7514882860500435,0.7321858073761845,0.47686672468765,0.21124184636630872,0.5415988160467818,0.7906732016624266,0.9258047004298364
0.00022541326845563223,6.803096927055792e-05,0.0006124737644907226,0.0019074032528997695,0.0012415003280481563,0.0009674141920880216,23.08824785782602,1.3543731428479482,3.7615080024155323,371.34896506458915,0.07060087153239214,0.8666564629837863,0.9446010754595477,0.00021747616318073686,0.8073738001598871,0.6938212193595088,0.322010151016095,0.3239192035129996,0.7681638944498991,0.37127153254498935,0.11647028220221399,0.20932816100941867,0.5081634519482882,0.08980399647392168,0.6675285106447076,0.11719980997159365,0.6835987921290173,0.2763274384694006,0.9668675991732573
0.17616534273115989,0.08958071734489095,0.15343732155082165,0.12641819558993297,1.2148757674996147,4.761277000893668,82.69639717698975,19.073937166217295,96.64361982143441,325.3795714583077,0.3864412666412357,0.528419812613574,0.8238658299312406,0.07309896287145182,0.26993922975670337,0.3099168409376445,0.7682957658685465,0.6339613441846778,0.6629085777630913,0.3195846324864015,0.7181048438165007,0.675885681330627,0.18756595421618377,0.2568345487060775,0.31077988864466527,0.17374274877873697,0.11160137980809443,0.25055893565260823,0.7460569893867111
0.9945506063091674,0.6247260628617333,0.3674533964650985,1.8663567228758102,16.409325631460167,1.11832323758516,81.89533854135333,366.5304391999692,2.6076523568338104,125.75095260151018,0.7897721736986812,0.9944801562995843,0.21982682498747314,0.20702506193620107,0.947694819509642,0.19015933091530363,0.5156203778122892,0.815046138969328,0.6141943654498496,0.862524070048464,0.7781938372662945,0.23113510908331505,0.31673730448517656,0.670850989019192,0.08293956383240308,0.40508222182872233,0.4680374307233681,0.7528445895237855,0.5618934464767297
0.4986027479295352,0.8850761063846054,0.05863105965376587,0.47841042975221976,2.9283466723546723,42.98867758231745,0.673601561223118,84.41106928118052,211.19495743771773,223.99559003003526,0.6057199806122139,0.3862705748591266,0.3649598602217885,0.9861145563966255,0.10136487530471425,0.3961010102258605,0.7509213502546572,0.9593491945899011,0.36034571633074614,0.9765793021448373,0.36826000870984754,0.9455996507803782,0.9625830782474181,0.6384279907361161,0.6905266015455858,0.8902824093149112,0.42898917127284053,0.5094858545930164,0.3242661985081123
0.06542422043747617,0.31759552272730174,0.4821076390676039,15.813739135449913,13.34777839777741,0.9983208520154236,28.83756126747024,17.80042523222176,25.98024611828267,371.65349227841006,0.21806000424848004,0.7493299461710748,0.7707990140397085,0.5182702318825262,0.9678220160016419,0.5554688698867888,0.051869674795658745,0.44273219300541683,0.17081161377451554,0.6928099622528273,0.8107389913508297,0.9473399738170514,0.2208446634531496,0.5466019240398042,0.5657562226246444,0.27843887419069396,0.5946815187376107,0.9869359263354365,0.775414646759571
0.008840256120323521,0.0258431547328909,0.03796480140944341,0.3654932839977912,0.96242710373634,1.800547875011941,4.189047487567284,27.453365905058064,7.676827986453888,591.3242203672701,0.06708325560408682,0.8194552357062106,0.21209573170830456,0.4331590599639289,0.43752503569648127,0.31283115747522366,0.1658099332811718,0.477415889159356,0.25488427760859095,0.7666200909352718,0.30332588265084204,0.09163113122753368,0.4123168149541694,0.36939896184668275,0.7546213535409463,0.8425718784276086,0.5446926428343835,0.12206911349804575,0.956044179274434
0.005527186806772451,0.0024281701204290247,0.1373553409028313,0.7896042215579548,0.784009007848444,0.1693253188755848,3.421197084744304,7.1374694268953185,334.4848287489159,192.72655974539305,0.6428729842071041,0.03587713132290904,0.4265672263066234,0.35563957679321245,0.9103268176993939,0.5438954595803899,0.15542665414426782,0.05474722127139399,0.6947754648032866,0.3139042082026876,0.09921236632827679,0.5623453750373566,0.12232738188751462,0.019863766700761086,0.07228437378903603,0.20707362074470664,0.7536267078414284,0.16963454884743817,0.6651398048612719
0.13672191764944291,0.19280254293201637,0.30687071115042847,10.369715794164161,6.839096167614977,32.11442483675992,7.913194372515578,15.555782034966867,89.13119048917895,308.0884786691465,0.3453955036613745,0.4517021360112554,0.7881509349198045,0.8632658041332743,0.3571925258402628,0.6167544530894222,0.057821983959987854,0.5177984925383554,0.414906733807231,0.5455524219609521,0.00950340725273493,0.3047197888576798,0.49318352865496934,0.6872516581076937,0.8952636276684314,0.13195081925279342,0.23557609713841363,0.9467688203710046,0.3227502768240976
0.03334825389137749,0.1752543368108573,0.1865975814401235,0.15186191172025248,0.053897275295664716,0.12964731079146427,1.8177810871944102,2.020212695830214,14.511099926820163,464.0040043612808,0.039495640595082634,0.23944822832818322,0.5578049083904975,0.2866936822709013,0.8225484160986608,0.9103146086764418,0.7224046114693061,0.5278403335995824,0.15986500349355545,0.015014486751412702,0.5578181001124034,0.8248789340759246,0.3025405487170607,0.8639050101724403,0.9100995449625392,0.7384693463476931,0.41121360244936916,0.21403195577218143,0.22919503646459405
0.26209327495633505,0.0953003541048175,1.6985790501693256,2.7078151767232246,12.155800217649082,47.56741974511518,94.2334412478897,336.12544170697356,17.55874189549904,127.73961105165826,0.8004518320602374,0.9657326636489667,0.3207472306549492,0.4062930025585786,0.26237204432195277,0.2815546002202004,0.431583593014319,0.17383189605171212,0.733346242474538,0.15964263051379954,0.5357620395572499,0.538808005965923,0.6017369386406334,0.975020300856152,0.7504793497895053,0.8774314689907163,0.6666038280698735,0.37181659413138934,0.8879397538725198
5.898493479895262,1.6160128832193297,17.984035502291402,12.430929012611026,21.26020183691883,32.904572729191685,22.74204769827045,193.8564327601868,230.13409350759423,25.311761552321908,0.9551320147096899,0.572897849146581,0.37200841972103116,0.8019611476829009,0.6427076135918341,0.6408123096184302,0.6722619977328583,0.2947033756981046,0.7849475660634707,0.9170752430692788,0.9295932835604571,0.31628578997248846,0.2389989344362566,0.36189595010624726,0.7190048591708262,0.14412270972534919,0.005849113856302335,0.6030507508574258,0.7586206673003861
0.007127765074017128,0.004293142266348952,0.0019918246264671057,0.006831308825722591,0.0015770376744089804,0.0966090945441205,2.5246848680217804,347.18271167871205,44.49305211132239,321.64119551806454,0.5507554023728718,0.8871647935213776,0.007555517172122164,0.044807044405000857,0.18425269432750274,0.9277287015489871,0.6625521112250164,0.8514974703593227,0.6240979688912053,0.12894293112708288,0.06115342284427689,0.4317283985749374,0.21498947049684997,0.7863664832073929,0.5844459427823154,0.053781043215484936,0.5561952290399138,0.24877964779261183,0.8431711084838639
0.05980334851868648,0.9528834646681817,0.295275604253933,3.872240681679664,2.7076307729603633,2.7846155573057785,49.01187913981354,142.6205056153252,95.18719395546712,410.98894066383116,0.4199012270467454,0.6800344716777609,0.2950217616389787,0.17881493660454917,0.7390837430779166,0.6567332911835168,0.2524924973815944,0.7742476386808742,0.05905413968064689,0.9697650349821436,0.7210557446182735,0.6366612305079005,0.1410808382947981,0.29583207800336725,0.5441796525597616,0.6441008327754978,0.07758630920394154,0.5732517218617746,0.2476542112678541
0.00018754414481004296,0.0007918627840707812,0.0007595676279811126,0.004380944834149364,0.03624280657550561,0.12303138412164294,22.52787619553985,12.449093009983846,84.99237224315213,251.37825037198382,0.3233661812864808,0.2925245821049146,0.6457525380925823,0.007288244834731534,0.25613201064981306,0.14446472108165148,0.28414991207499807,0.563209464460602,0.1914874596857826,0.4247470758048804,0.902321857008694,0.18707885110200828,0.07945750093566714,0.2987860176349804,0.8605044377095089,0.20269785747798003,0.6005954195455744,0.5197364360754402,0.051702569776033366
0.3501903344980828,0.4391947494180144,0.15224890163219224,0.05575068426681448,0.9044727925952997,0.4952531353450646,6.356777911967763,38.813493561942934,21.59736019035862,561.0442498428823,0.10974889779184767,0.6877403213831284,0.18403132836981465,0.27383380483917735,0.79339579249752,0.5244266142590014,0.9441031269538667,0.8383141390722622,0.44362421032939625,0.3111874720593351,0.7470548286458288,0.6125484932766204,0.17501087406427313,0.3342339369297873,0.9459909274847911,0.17929553402246007,0.21007319086531456,0.9518846321308759,0.16272728182358742
0.07342905649342456,0.12126922644311523,1.0052129685478841,0.8893122728317652,4.0950642202202845,35.03201483041108,1.4099359663512447,19.337433986432508,55.985517047990704,495.639419649624,0.1922284537267283,0.5253420795057803,0.6879230491417659,0.9669232844698409,0.15004469974692639,0.33782767080362963,0.5743335921306743,0.1622605694343447,0.3771428046818375,0.012607338882598951,0.46631206450229673,0.25008914669967447,0.8671195377439316,0.48898784955153957,0.5977494309453966,0.35177660547528933,0.19558957264618176,0.05571075263079901,0.03954657518259698
1.514225979648488,1.3007189900289318,1.0430690056142546,12.891588105136393,0.09198827228051153,29.064400264028897,92.10920685343783,389.51331113082597,72.95151022168172,58.30058608729712,0.9115022730590806,0.8785113443662749,0.26162604526566685,0.332615476108402,0.36687129776408917,0.9945380293455649,0.2303346644753889,0.7296357627798908,0.5379238301138127,0.030501793937852795,0.7322302640672851,0.6426828561028801,0.8291165956473147,0.129090220910834,0.23184267011692156,0.9089134546574023,0.64576241975764,0.3178382923386495,0.8764898920944272
0.11395428679427487,0.04022755284794817,0.34338737096813216,0.021586074860323583,0.6881912554049978,35.75475571824512,3.688489411398242,35.17867577559446,314.3042168180297,250.62135188961403,0.6088654540728675,0.19436749344686508,0.53608050083573,0.9092635737926236,0.03266444458195694,0.429996912977562,0.9584207741605614,0.3098701373686129,0.739090200627417,0.7033506552513601,0.23027201262869898,0.7526164139728122,0.04229999189362022,0.3251209847257715,0.7871852881778025,0.5339911801953564,0.5262458618781124,0.6729185038388388,0.5519442258203532
0.028199413852351505,0.1521155909694497,0.07539627387551753,0.39394206189209174,0.2002560067622697,0.5074529497157146,0.39463278940001145,2.263498446473791,1.5844494558949207,321.8881926091376,0.01709968203462076,0.7170597166696817,0.43630878050104493,0.7747523423734481,0.6261477493429163,0.7643795689666575,0.3936118891735703,0.7051507690250813,0.15638972408435983,0.5147358193470182,0.09530494443288048,0.9306303374922201,0.4555321851202454,0.900417009331758,0.49575433197455077,0.7128082745470377,0.22231173207560473,0.9832169473605908,0.6890625134437525
0.48727448975246607,0.1887447270966029,4.667522006529653,1.0672751737400406,1.1276144532997305,53.71236257405337,10.007623605118628,7.367617143325437,51.078718741657745,494.47714152417257,0.2077996078870599,0.6061923900714781,0.9062954500907113,0.8595587156958188,0.12307482775246179,0.8504178819605235,0.8335196162816783,0.1265114628275707,0.7207997607281882,0.9942094941776094,0.1066769685846332,0.14217376446092977,0.8923816366943653,0.5084897262639673,0.250478082742836,0.45423802119154033,0.8417612539534416,0.6325181238557137,0.3509099475291054
0.04780491081482866,0.00831388034269933,0.6751502596956235,2.4843124686793088,0.21162924061659458,2.175201988670439,11.10461873120357,143.26370445147666,529.557815101238,1.9696793903337446,0.9971515771065261,0.23200016256310838,0.10443804851393006,0.335332626596078,0.611738355206195,0.9382502987334836,0.2274142472865924,0.07674164671957023,0.8518521127912059,0.6555256166458413,0.025421363311758694,0.3895537031020827,0.8423435375406075,0.35971184195577066,0.9819070191227358,0.04944214243562984,0.16551197751341865,0.6606880741686947,0.39584690783136955
0.5114352664337108,0.8517474324789694,4.028344901390525,1.3062055663261958,5.8284470886200195,16.235423601765586,8.622491028389657,12.587277091978843,402.95753110839934,64.92487206780277,0.8746270179288598,0.11032939526917128,0.7481102360432348,0.7693540246240919,0.43551744602011344,0.5346987693093864,0.8049779628674671,0.252837933879077,0.3751773455176981,0.3081897776836325,0.6457755576184747,0.7779585149488671,0.7630994663350493,0.8822113098881149,0.6273190772240748,0.3658023839969728,0.31131607716665644,0.3319665676209656,0.5856117995252825
2.0176086417472154,2.034854302073205,8.62881549144052,10.665592831572972,32.10088973811533,4.333320219480424,29.404169434425302,78.28482013886152,20.236846509168895,343.1190799729286,0.35361289437363325,0.8921891276063987,0.5325444136617099,0.6703023289478658,0.9275135188135473,0.421060667621006,0.543168216859777,0.3195626501309474,0.49787220012063443,0.9059685572115791,0.6792478733812322,0.33073620494885464,0.8623802501705434,0.983094708992827,0.11321189350896711,0.9218560733758491,0.4579429047410512,0.6637703825553607,0.1829639853498912
0.12618745687206795,0.09399042748750158,0.31246518457081124,0.7816068730164396,0.4115813841212969,2.8938015449567236,2.4686846799553686,239.15090759128026,19.993933248521532,256.4645406353386,0.5093444239123723,0.9249006646303085,0.028786305459193418,0.651724875162515,0.3735862511700526,0.761517027820451,0.4052829312979597,0.4133685336443342,0.5731159477670015,0.3768929551720961,0.37166112719311506,0.10498747887410953,0.7935934522193226,0.24164225340135645,0.3452053096982328,0.38575837135960933,0.17113727744394192,0.12476784969673413,0.6726188485435074
0.06775406310289533,0.04098993276028949,0.3470821431398675,0.12379806710175578,0.04814137118342287,0.7930176421912841,41.221479891880314,28.984209279114303,474.3636978604217,69.11625490795676,0.8876352902831289,0.1311863771422112,0.5953422203859782,0.03331866359365483,0.44184472949941267,0.9233131396095658,0.7864166717023365,0.2385646336583972,0.6230602670527156,0.9124144485540429,0.30448169543813675,0.038971282191301936,0.44334117135292833,0.23361232655361672,0.6180489669847149,0.6301101762045502,0.5304399423518916,0.028937004937198373,0.930834679180049
0.07576169451400126,0.037421060112379285,0.28714038425626265,0.07496164991371447,10.455310420297936,17.90349013152003,43.2612369401974,25.546781082729087,22.254657892616514,471.0850990570858,0.2028772273866535,0.8143848285854042,0.7383630605783513,0.3999439135358239,0.3790859005920321,0.04348205927531917,0.8422805617163717,0.28272848514899523,0.6693748951780927,0.22506928911786014,0.6738578358644315,0.03413999411622218,0.43187715997487414,0.7926375770552102,0.9298464503329927,0.43845789893505754,0.7239507488382727,0.8142343933546856,0.13197133077457585
0.01225644957469649,0.08992580698557133,1.1453642242273525,1.544230708583057,3.482241703821642,96.47188624668014,74.93064709892687,3.983821756757608,190.17857598367993,82.7220811326449,0.8180176577602747,0.4885458449301793,0.9780699463006993,0.5782749825186881,0.06106344466624947,0.44497430385488956,0.44686463000610815,0.08190657272806104,0.1199469456565343,0.56587875488197,0.3549979771396445,0.7915314271603711,0.11815871736895983,0.2176181596724331,0.5024178395246082,0.2744503210698618,0.514319892422936,0.18196239749126392,0.23865943633617892
0.011782038723575765,0.0010399585532995912,0.10641596356284488,0.14511315903618852,0.1450710699401465,0.995814445965076,0.2032541071822528,32.342187218615535,119.01242926075722,330.9897699515269,0.31607025071447853,0.22195337541248208,0.04737727902764329,0.873636756648167,0.29135462269560675,0.6456687655221524,0.45105903427113425,0.10753284597101333,0.9188926240707311,0.46724484046170145,0.7097543472262056,0.27663082094133323,0.38292343075789315,0.9061466388405749,0.8904035698901742,0.658583394325929,0.06575022769343207,0.6385697496133773,0.8153505303576645
0.0017698640831297979,0.0012838251791073665,0.0010693071831502131,0.014264459307034953,0.3543737571938337,0.4247335446408939,1.0307355598693753,0.20808355287658958,211.40628840382138,269.1006230478623,0.44232846110670665,0.00954033472529345,0.8978136151267536,0.43621131865740115,0.46741525182442445,0.04932770662239849,0.2242287623095556,0.7406480463143484,0.5795822466340852,0.27304418077237336,0.6168347574311545,0.5917898439774915,0.6645658816834233,0.4199224651995941,0.6024042993981455,0.14164867448480203,0.17704593895536866,0.7457618686081188,0.010749362267137602
4.019967707371676e-05,0.00016664510280340816,0.005562635484751733,0.00031290677429034853,0.0007938717367951904,0.0036187766324836004,0.10291520891132815,0.14105039545674972,5.670242204746166,526.5870527449288,0.011125956905804328,0.04294909744064752,0.4456887494240267,0.09254045321187127,0.655191574708089,0.8845488858565081,0.9485552674816383,0.03585154474749398,0.1943470707725724,0.1813850963509617,0.9549356203086145,0.40148526800851336,0.3892603311790206,0.6843985631296918,0.6753749982148708,0.3254551072675666,0.03616755263911076,0.04134387555149851,0.22465778529817831
0.925368252261085,0.15600851052280276,2.0751603661204494,2.0752841242615836,1.184805140470996,3.193659355639924,73.02105792676186,88.1480390697957,248.6880474775898,116.79946780893631,0.7821989978544449,0.40713383314378154,0.4838484736709485,0.11630315231172522,0.667683205373967,0.8153538841460499,0.6033342838297904,0.3425832545677178,0.8557315859819516,0.1985263123514809,0.9891042828377311,0.6476933554453782,0.7383969729593951,0.9292637372171682,0.018312086435044794,0.9303707074454498,0.8606920145104999,0.2950039035852439,0.08570502465619351
1.21613402866724,0.08278707162645073,0.40433412445081357,0.3967850309852494,3.2445568822409623,17.521435577190374,20.16164649491349,96.83933902041787,404.2100775898395,163.06720909371606,0.7694003784509916,0.2570720570760437,0.30763277686500434,0.5314261223228418,0.2337352178468211,0.39292769904208635,0.8110583690466597,0.7626109589586226,0.93626474186328,0.17844797163331022,0.7620420235674521,0.5668627546355828,0.11225340151082729,0.06728365913649333,0.04417057666510552,0.7611069204331382,0.6469319984234665,0.6919735846853955,0.46203442938005707
0.015603435938517558,0.002420402801444514,0.04690093457802462,0.10973715604242999,1.1424184646089373,2.5318318114573346,18.13414498677626,0.6705292793171459,409.5502490393191,12.08608905057564,0.972796841921395,0.052414126415016436,0.9704007451464637,0.17508539289029545,0.34219548892603097,0.13261295981639276,0.3717167991658546,0.2776111154317849,0.8657110265818098,0.7074742782639578,0.06456737408425027,0.49404145812486766,0.7724969679037502,0.4045632395175565,0.5694875490683705,0.6987873433927845,0.9642521330171907,0.45789443871473356,0.516040464248875
0.7561574091313351,1.5741996434847823,1.8504827245320086,0.27626915752487485,2.724080672568733,39.18047693135185,0.9435531443559795,36.96534283643819,7.67879873357655,382.4920228361823,0.19380552442635823,0.9164888300588494,0.5613492810382779,0.9800539316658946,0.15489498422719084,0.6206644272668019,0.938016063422703,0.5573897056169234,0.324481352882149,0.8510295599515416,0.5059072961630454,0.9575272636214237,0.8225403003777856,0.46339786574952474,0.09257404269679598,0.3758777199880078,0.4171377562650538,0.5991900471267907,0.9187969906883624
0.06345177143323864,0.27841125585263365,0.20184238877165306,22.78875051881974,3.4081487089556526,60.68860849330312,14.821738429877405,167.20649175284845,131.04162427572572,305.07961745637914,0.5676178661294032,0.6728041713993508,0.37946976081724165,0.8550454719224446,0.3058543441525576,0.87254780681477,0.023302536928604956,0.6287651680293402,0.18560583148460533,0.7365628139639111,0.15459588940595445,0.12791114939332215,0.023097331760754472,0.4589431947903018,0.06375731489334868,0.028059443105851407,0.94862675091996,0.4117829935717863,0.412639066685214
0.10428291697375,4.809396154822482,6.7239333808162085,15.919468668203654,5.269891481059848,8.957246975000887,9.011897308135419,11.635267123264958,193.83406229235018,378.1171552465475,0.40396039499764025,0.24361998431516346,0.8136311198591666,0.8225868853610256,0.7856308657740785,0.839464590750635,0.42230932955455897,0.42222398209292467,0.021222980876451216,0.14603451206150625,0.24026867691877418,0.4196563350997156,0.5899770732965522,0.03381684957123156,0.17098743397411317,0.82548213376548,0.6880150009802996,0.7325881863305359,0.7627720345045154
0.02956938785826118,0.5796727116706277,0.041295841168776236,0.6969511806765294,7.033610453608227,7.805183810402338,16.451333293003387,198.3718948794327,165.80765679551044,7.371250392175201,0.9817628362162043,0.5821560405675968,0.1412825664982157,0.49593950271812987,0.5177902409981312,0.1607771282656573,0.48277787952323836,0.9365204723886069,0.04853470874899554,0.8674199197133585,0.5078307338814195,0.990993727598618,0.8019905355333554,0.5025501815158231,0.848227403855718,0.7026521143541693,0.4475792376767165,0.3960101118134684,0.3356957891109522
0.004066418752605239,0.000619025384935887,0.09312847063064239,0.17870256926035105,0.003585240540047771,0.41968299228617756,0.883885833428097,1.8002613536828074,6.423307055822289,382.8249448457949,0.02497818407225665,0.3450443002195217,0.4679971687453099,0.44187518466500025,0.40026842230496634,0.9872002196860094,0.3537362884958779,0.04790161142865521,0.8678833069471307,0.5113026710542802,0.4518837194852618,0.9155929799964425,0.09802665704183709,0.8132482272095385,0.9733084785619206,0.9904945272456774,0.21651191985074125,0.8215840161655552,0.4279500407901678
0.047359936184651015,0.2036553715213033,0.334175768820348,1.6992464375823322,3.2531785849862818,4.702247372787414,2.7705455718122596,8.696530459224743,248.4560680199815,240.21463034463537,0.5293394292345919,0.08034756387244951,0.5993663474275054,0.7870516167087778,0.5407900324355566,0.412530856821586,0.256164186112413,0.4289458909660459,0.18867349811243242,0.37584738441167026,0.7833370281708186,0.672567825545868,0.7538978839100572,0.7894696075096984,0.9867325179157469,0.31258158847238976,0.731927704817388,0.1181381197774403,0.25293238094947973
2.545335912313985,0.7790332336925805,8.160251262323454,0.20133414654071946,2.6852904007242016,2.2494850993316504,8.632294858166807,72.56280541288423,370.0136153610957,166.707202845333,0.7372772664417363,0.20908438155773057,0.25816910032799445,0.6581678872976892,0.8646578644922475,0.813148380044919,0.9827712707938948,0.2894626925235888,0.7656598291352804,0.05285028614380553,0.793593595597419,0.001623485164962331,0.7679214161743243,0.8221417060820063,0.1424125128632203,0.5249894094325592,0.9423522567505507,0.8855211802475673,0.6518241637524305
0.025090746970349798,0.15664439719134393,0.622099885706671,1.9277368210087167,21.62122269822899,8.878145361633665,1.4433733240316655,240.68854774494142,127.57634777264191,43.95293529742553,0.901647554376052,0.6833856199607272,0.1259222580394602,0.9583734127837246,0.7328349608683689,0.11216666922430676,0.2942756309376453,0.22608512618746474,0.1380621623081665,0.7952776632547733,0.8631614015186517,0.8002230825284052,0.28862132286569037,0.8973869115474962,0.798612288370894,0.10020879892807072,0.9590317655519036,0.9419592311677077,0.14413711919913572
0.007425441827966792,0.000842296700989257,0.05202471646406203,0.027015336964201775,0.5031877450351535,4.727588110516073,42.38574082485514,71.55059204659615,11.489972526200571,380.93305937740115,0.2555211089490638,0.912118809762216,0.40001725608861927,0.1114812849143655,0.11103539848776618,0.14785512588615463,0.6905735861761447,0.13712724966852752,0.8981224795584323,0.4356848130834453,0.7832573325080835,0.2346186558297856,0.22724843722244795,0.0718315339816278,0.40278431286503047,0.8323730597568811,0.23830003690162713,0.9038777292700744,0.09609415617977192
0.004322680568690006,0.006529795526030647,0.6473752909895011,0.4253740326165521,0.024381042541986458,0.9056331195297358,1.2537683860506037,2.4294236716414863,71.12571743088705,493.8133852054737,0.13462616708096828,0.07415543795349819,0.5735465082655505,0.6162776543610705,0.5502453612194514,0.977995108216085,0.6074443280418923,0.016487417634771483,0.398312839481198,0.577924567753064,0.7556438872004239,0.19522783263966248,0.9448190062157346,0.27815817353409006,0.1465271282486439,0.3018683941114037,0.6192872728173593,0.8402776830730488,0.5200780666995889
0.0027055110799874753,0.03293613727300323,0.00929232948182212,0.35218928176955283,0.19412735723639812,2.2186312975215143,0.9279514157806096,100.27871792538305,98.84386146295705,252.32255727985444,0.44566784367882645,0.5127493820091632,0.035934986163505524,0.7517408258154902,0.21041831466962274,0.6716665459502079,0.11314869312761568,0.7932003813242895,0.07590869684792384,0.0005240957413019039,0.08459506480821619,0.644790140487379,0.7822701013580579,0.7569019153165127,0.7822294058501262,0.6805501852911569,0.5370136549400804,0.008388883289279543,0.7903523691017309
10.397040356186821,13.520610742501571,34.0995791264096,31.241752352286575,1.5321805555670513,34.275487786863984,54.004125478393355,86.99178191582062,2.378778072060266,307.9296800992459,0.4657439890420299,0.9911385552460559,0.673040120838252,0.6984202192863587,0.7259422273261388,0.983124122406898,0.6499875816397412,0.41225082627853066,0.4347015646848774,0.24514923217449616,0.3523274356716017,0.5733626665640792,0.643534916533401,0.6229144889772084,0.391949641911105,0.7845038435533547,0.8208883640082336,0.548778759483635,0.29751239395754886
0.00039012092243448495,8.407898557284849e-05,0.004804168413067042,0.0003603998311917886,0.00023590447047027634,0.007164432219820713,0.014055267123090881,0.13455509132929397,72.41505704389692,570.1529064901391,0.11291949995696442,0.0022272912491409845,0.16761188941414698,0.4812477240324654,0.45054263261712785,0.9598438099244428,0.9360853609405899,0.08983835139242678,0.822692952585836,0.6466523906312236,0.25831929899440376,0.028238952014772483,0.4811403607286467,0.5720502918426632,0.6833226410310494,0.7344203628186412,0.9264856963741737,0.3504460985639408,0.2899244867076402
0.0011580045727039477,0.0008382592766736752,0.005296499702545114,0.0008913885810942442,0.6250042226826344,0.4821140501946379,1.320004888435858,39.4864690189247,24.583749372587427,286.81173267531284,0.18823174958914454,0.6303502737253815,0.058091701414037404,0.45797194417818693,0.5677279638388752,0.012925303840898442,0.8910835763306314,0.27373215039329063,0.5800859305572156,0.49852316000213887,0.8855183171610749,0.8808223012813456,0.604857085706349,0.5358089844851499,0.536092807050101,0.09276589899802419,0.3584694098779795,0.5060995853146145,0.10326760351996171
0.03171106706282479,0.15631683771893323,0.3487396335298588,2.6814365156345725,0.8944309425757057,5.057200728538523,8.58661683609325,43.524086273863794,91.83134567245567,375.17642863395537,0.28982637075010104,0.40023371818682346,0.2897567955294662,0.5164227310313968,0.4484960385148882,0.7825163323922165,0.16679102049275835,0.35029671386834066,0.16865085583776243,0.6418375616019457,0.9387496211564148,0.7632071129445229,0.909023843869151,0.10959108843462673,0.2129920988999496,0.964797128090212,0.9863374504742882,0.8763235622540159,0.7150649542839355
0.3593474726269912,4.023834431630492,6.342905627594271,11.921174226916998,21.41362977351093,28.661207586257827,97.97766985168265,8.358718186135253,399.405630385917,35.708578624993784,0.9418590587829245,0.30954121738289214,0.953318503250637,0.4260234185274405,0.6058803591527265,0.5139991718546372,0.47361520549824265,0.4086468520083734,0.08198324424499674,0.13429172905413378,0.2645769266143177,0.21605286604435528,0.5563077029256805,0.34520796036448315,0.05811723878945745,0.2228709746561373,0.6256890883553052,0.798980190011898,0.005795672663252787
0.07030997653697703,0.01121139558626255,0.2838385503315131,0.011921209330785717,0.2026216462772382,3.8926930725403572,7.015379219017799,27.0232443354562,190.9638319890115,382.2450579015024,0.37513079577902736,0.16782312138560088,0.29830203372128,0.3893284781258422,0.12965686984317534,0.6505937651236711,0.9684023177242741,0.22312620271955372,0.8624729283345014,0.23731988740538615,0.7274942455840882,0.5570806112236755,0.3313263739133277,0.9152569802188065,0.6219112166748185,0.44601999985169016,0.7944973367949404,0.8547164374796904,0.5128171186285706
0.005117639110828638,0.0024407291891426794,0.008633085772430792,0.002383145836442017,1.0776938201392632,52.55346058444421,4.523529489758764,9.48310853075197,161.34689734438308,347.76172458992613,0.39704779026651543,0.295438439322298,0.8598342041149298,0.9222403969307341,0.020433810950961414,0.016943478047127383,0.8716986719424679,0.46681220019975533,0.6770825273026267,0.4539158976096692,0.280467633117726,0.9287270819594372,0.8874784368641482,0.9514088699897463,0.4309343866608656,0.08274071297473075,0.3142286869607502,0.5634746918860194,0.5189911222587286
2.477866686993337,1.0675497086942816,6.944855452267389,1.1357512882533725,32.27603836016154,45.56310877484443,37.2035761312921,114.14593886222158,58.183410964627626,254.65478677013715,0.5400461289201479,0.8054054132839821,0.5260009216765965,0.7062923792339991,0.4907167936223727,0.26481724866541145,0.9023095623544598,0.3379718321006875,0.69889299604053,0.1618388074755718,0.18712445291415636,0.9544394450771362,0.540791993867651,0.814721688161768,0.636695339837048,0.7425286331123637,0.5857923627976039,0.0030248035375388905,0.598153268326431
5.964045977390689,22.116045195774248,17.25521030965895,30.34738034980979,15.500794473644408,35.83201367667745,51.88986120168636,319.6023128927824,118.77803518344257,52.738399105954585,0.9212888025453054,0.8075801280903373,0.35888184691350244,0.7099591439937832,0.7178925682097056,0.8300043483582654,0.5990181688207,0.6193868851584365,0.21239411014057882,0.7152486150840764,0.9191636235701581,0.7255101332487749,0.12453931087140212,0.4555165733771913,0.5520131368507212,0.03319989579066912,0.9369401916612571,0.7086437134669504,0.948906188279884
0.0014492008305006996,0.004015204079054936,0.000719875619494812,0.007935325854337864,0.00010174857209812028,0.013329670154462705,0.0490087731648575,0.011058553057603638,3.054394685349788,489.4611361796054,0.006378386012515385,0.027886055948682723,0.8737872501657875,0.359862822666492,0.5161824251087799,0.9928453672370461,0.4379924171488407,0.8835958983242722,0.26520743877644826,0.5688539785060205,0.9941138643813444,0.7841914364608145,0.005844146202409301,0.5327972454589737,0.07547396655861548,0.7440813220259113,0.7776831220336167,0.5144471543121459,0.7305685714661226
6.197810193279799,3.524180835009468,5.062314099558806,7.737801191218045,8.372150129602169,16.053322341586927,58.844811728039495,73.55964802558098,68.98883203339037,325.9777623096204,0.4324095656255287,0.722201054248435,0.5898588684979694,0.4437708474139882,0.6580585675502594,0.7290062590270544,0.6564352782285021,0.6575886349894585,0.6375042082681698,0.5877794044929499,0.7126540634301776,0.040289279804971316,0.01415613993659708,0.7244741455880533,0.9411635202552607,0.13698547433302785,0.6902389762230096,0.2646812086066325,0.33194443529679146
1.2991972888462002e-05,0.002466157131643388,0.014030839465204106,0.17314734978086868,0.4711710513119292,0.016116214272707576,1.6328491434981824,2.268425124684502,38.10128227866588,375.25166372069185,0.10212088673480195,0.10726973719639758,0.5045179822005522,0.2930757798991545,0.9761927132899499,0.28699938034965056,0.08705167283965166,0.1501605585043418,0.005240496775572254,0.870719796974531,0.6205725832422856,0.5222810103138726,0.49951554096257617,0.8833432454612027,0.47656593598749547,0.8380088802709619,0.8011659590860609,0.6410607021934345,0.6024812408534364
0.667719907710064,0.32778292541979404,0.694061819391267,0.15486404828391198,2.2477365024893197,53.53505257175398,57.79582519697338,60.19568194205207,96.2598930674667,278.19188437998486,0.4942614025190038,0.6459453347890625,0.6572365391474945,0.49926961108638457,0.07101097990307974,0.45072195504722,0.9160368474984593,0.5892067117078913,0.6707363208708854,0.7230466700945501,0.9693641301584444,0.4984815636460336,0.8802327269041841,0.38812707388368994,0.4820410738393059,0.9400720992592585,0.6617876289792624,0.05855421675437506,0.37529451894370763
0.00011199405410926703,0.00012060446525077493,0.0002887145290467373,0.09626955782618564,0.35834720867621567,0.34186677571654667,2.8279873462798615,1.0361349628497118,32.45536754618113,558.723386904048,0.06229273309131068,0.12558101730087473,0.777707209800235,0.21986388134219373,0.5710606109145123,0.21266265167291376,0.005385973322651691,0.44617820342479886,0.4814908298530918,0.9375688318501595,0.9154844814131454,0.40612194474153246,0.4759116480602294,0.13393962360491476,0.2557745042164672,0.7740843246899626,0.20889600197731262,0.026037558152190124,0.7475756381345753
0.01818771423210014,0.04312338319891767,0.010198577281569027,0.3081166920986466,0.3918924598690015,0.008721545019224392,4.011189460430259,20.40891200845077,70.53506186133882,248.0946076478202,0.2784381832350826,0.263229075829084,0.190133525268852,0.16284082184975965,0.9888219767451564,0.49205068455001433,0.18836856700247195,0.8573818532588862,0.2966463657344163,0.07022509316221309,0.40118003513265665,0.3068311704028369,0.5139420348752783,0.37024053927305595,0.6979966648302144,0.2688089700570761,0.505190286456288,0.004473225632052957,0.43857689380077886
0.08477548462513762,0.01005829222980815,0.13992629817060073,0.9222475720282238,2.5026928282524756,28.578626210464734,93.69950552682963,185.86662021683097,83.03774673296176,48.35532065727264,0.8908944240551073,0.7896938399463999,0.40390004450338374,0.25598603786786,0.1135201746349176,0.3161481806668758,0.202902786012992,0.4039604129647087,0.8939376605743232,0.8142041352670626,0.8701315651203176,0.9390982012377153,0.990577837536699,0.0021598648998552637,0.4515420045814355,0.6285146665676623,0.5999804999244214,0.6247517926882028,0.4941749803741201
0.242210430258609,0.010189112850952019,0.7946887929137884,0.9935360049116982,3.9140371838089836,12.025465241582927,14.549007076996093,13.837372918895156,4.019393410772356,235.75971210190298,0.17608482538808243,0.9202278137936899,0.701565334868605,0.5527391799894964,0.3311801747636104,0.3426935909716155,0.5131215555056823,0.24104894919193587,0.9596310170556483,0.2063126085054119,0.850866854789394,0.39981599255597305,0.010634102736506819,0.8906795041378407,0.7961953552397407,0.16827206450907675,0.6230112483634369,0.7045580959340467,0.5964568999567649
1.868984731142376,3.472290492309553,0.7283295771314156,12.061805909217334,0.4617900078629785,0.13796102822247935,47.47875222985121,106.03664158477162,281.86132893893745,61.81530389529222,0.8801850638122576,0.3793075642154347,0.38439035114683784,0.2829056952520763,0.9926346785055775,0.9751635011703889,0.33475634619552824,0.8800037891986944,0.34991357923969685,0.036665618601186376,0.23883210968428348,0.43544614544065857,0.5037205425463379,0.18362472484100897,0.45373158341213565,0.8895227374983797,0.30195965054939644,0.6175137161256833,0.26895796310738584
1.5730161950271113,3.80511732318535,0.3437625132129405,0.45962180442334183,2.605884307086156,36.084827379868344,3.0102824980086895,149.77061722078437,220.62243299015998,58.234696837626714,0.8777892065716315,0.4725428571226964,0.24225526914013065,0.9371319011688384,0.19583163654637004,0.7034522530437172,0.9256458014635439,0.9399215729672556,0.2924836636539915,0.2127626501925219,0.6016439101126082,0.47295761311224044,0.4412465037425153,0.06375033643147834,0.7221249370606542,0.39943835760231533,0.04533325001405195,0.6040467772618313,0.6280283744197347
0.01664461577475453,0.006488497713044633,0.008439702340077283,0.28601900640947514,2.85632809334611,8.313326066819805,7.073211802218739,138.1476001729569,78.98709101060398,140.61658543865565,0.6263295226222414,0.6648760428189099,0.11843971539514801,0.6189096258132628,0.27629946467982225,0.10006296021459908,0.09941318893368914,0.7326908570306975,0.7195147243596592,0.11143268987100353,0.08185443475172433,0.8058348093932448,0.7485685887232616,0.8044215938297943,0.0090609982283379,0.3036158474132321,0.7889788458760744,0.7726727365639239,0.960151440510424
0.007474820785603149,1.5146674460004968e-05,0.00894715987378371,0.04279730445785962,0.06318415451893299,1.3672665308570426,12.269219455417444,52.64660467097838,82.64521975792763,408.56906533378924,0.2672981312996061,0.4455228745838551,0.20719522716285377,0.10827061916948734,0.08217749167246313,0.48386796136820265,0.2774927831104519,0.455673750524523,0.9979777382824735,0.7421020325882673,0.5999964934247987,0.28679394752866577,0.5748345697464239,0.26467189132778074,0.8646670285810757,0.25149786179726863,0.49569984051742133,0.7600947462503065,0.08792777195828239
0.6127731486784992,1.987497119773265,4.357223042917365,6.743941674074577,1.0936580846589679,58.38783796848521,59.9288563529909,10.166996295899807,43.97685812080289,372.6686922361622,0.3344302621314868,0.7651506908089432,0.9290404619983641,0.5497855033927502,0.20216589934477372,0.9260796752357721,0.50779303910581,0.3737366537173243,0.23565748380584783,0.4622237245819532,0.9077654516539032,0.3661690952191959,0.2735685419110743,0.34212051072991506,0.01299600184691075,0.5594177199835979,0.32689084641330846,0.0858429357054366,0.9877924373205623
0.6895322450729607,0.3201705809209171,0.28659387877586606,2.0522321590484096,2.6488804202878775,3.676806750618023,28.588006207170206,96.58932786626008,405.9542679847817,130.04752649549317,0.8061461159215391,0.2493529943588374,0.2837358726036668,0.2528398892663248,0.6199374980442124,0.558329222701579,0.3871242439557902,0.7789133631819479,0.6829061257645144,0.12005923056811454,0.32774420456836867,0.7538310312268395,0.8374928724255702,0.674339192420036,0.21871811977623026,0.7689188666893212,0.07094347134701842,0.1542776233060759,0.220164705386503
0.13703654218986108,0.16429684789982943,0.11720349059047326,0.1670603849131033,5.043545899789464,1.1373785388793167,9.295003423036597,127.72808347997521,331.7817754502444,10.645988390462762,0.978104467273839,0.30235126298070775,0.11170157066889841,0.4212876206109136,0.8319109006680769,0.10402955625546818,0.7147179559592806,0.7199685475745745,0.45476720037256,0.6945546540468605,0.48028246249485307,0.7752875944211194,0.2480851078024288,0.9784166751642853,0.9748944785717705,0.19644231976443668,0.27367572110822297,0.953631958867228,0.3915064679671912
0.09844894752848705,0.052740927502197374,0.12928808734172942,0.0913622373175749,0.3127261809271115,0.6910689504103702,9.909052323387684,10.087550314039575,16.80555222679025,550.881266076089,0.06481148161426352,0.5598081465468535,0.528006831622934,0.12190282736706945,0.49763652123255186,0.5431762502780147,0.7542970410575683,0.5390436872538923,0.6511609822318231,0.8579095800822929,0.17591052838455923,0.4518651588492791,0.2972145558031556,0.47798136118801743,0.8397708723267386,0.4151903038955972,0.1589607618040736,0.27786118107029456,0.8179514535290158
0.06150586077216063,0.15161396637202998,0.4987014335996519,1.0302948831095573,0.2859873206574079,13.205132314710537,34.85891722258898,17.21636280217134,458.6446669789942,29.65150760034409,0.9466320063282996,0.12797434830193846,0.7442171678200502,0.3041042332253281,0.13313674743203346,0.8589878052763004,0.40859575479816157,0.29940076097401697,0.2885975537627833,0.2364295682139147,0.5429559423899765,0.8344376841238553,0.6291247584627995,0.0076286471750680925,0.29317297157327776,0.9281243231565217,0.7220285044547106,0.30734342869361514,0.3640534947326481
0.0027396699310641448,0.001689747438452295,0.061626674008621526,0.646336812806406,1.785320914203092,5.566474130880358,95.23634198981969,176.4636051438013,18.51594900701435,276.7197361271792,0.5187481345251416,0.9379242866197076,0.3692415037706017,0.07806531054606528,0.3097291176868416,0.28521798571960466,0.09272424106153965,0.06705539605969492,0.6185169972734439,0.8980307541712081,0.3487987271322333,0.42903752988253396,0.5693236007231283,0.6769604280577766,0.2740017807252435,0.5195557961852298,0.994177583745694,0.5386048974098778,0.8599486778167981
9.484808333965248,7.720172536082939,0.5218960062451091,6.191425580817216,0.07132020472910615,195.81057946821045,46.83548334528562,42.459277000450975,23.420202958890805,136.98068383390958,0.7082387755987459,0.9295665118663837,0.8626335522896881,0.8243465301285863,0.10914285987619603,0.9970270393271939,0.7411427674719194,0.9705590550502973,0.5512827015388994,0.75377050136326,0.6154610510832594,0.38150286474371475,0.10161369866518555,0.4803206976397401,0.7927836153046379,0.7514064641227111,0.8174852293525767,0.5454331674648878,0.013774728251280077
0.0765732796010354,0.07958403374037555,0.09812821898678034,0.1413772843433611,2.188670470301535,2.058603915386566,0.2515878550837948,16.886039948505836,28.94005382611059,364.7158565658894,0.12208995077640755,0.42942230413368027,0.22471983881531657,0.948598106633209,0.5566160329843933,0.15310053802502166,0.6426824093993113,0.6141022334682728,0.49035986827988753,0.8881811970866192,0.3263147817916196,0.13488527015919385,0.5238146484646768,0.6008350745695914,0.9223630061210087,0.49292036463570543,0.8836643943341259,0.437153037511226,0.08315428211618257
