label,problem,algorithm,mode,m,problem_k,max_evaluations,sample_size,seed,cpu_time_seconds,population_size_final,hypervolume,igd,status,error_message
DTLZ1_m3_e250_s159,DTLZ1,MOEAD,pure_moea,3,10,250,159,42,0.04539518000001408,23,0.0,174.25876018213617,success,
DTLZ1_m3_e250_s159,DTLZ1,MOEAD,dvl_framework,3,10,250,159,42,0.031262429000094016,91,0.3831510389662618,0.6324826980134278,success,
DTLZ1_m3_e250_s159,DTLZ1,MOEAD,pure_moea,3,10,250,159,43,0.042942258000039146,21,0.0,199.11044215658833,success,
DTLZ1_m3_e250_s159,DTLZ1,MOEAD,dvl_framework,3,10,250,159,43,0.03106005000006462,91,0.5398093208266237,0.47460665257135054,success,
DTLZ1_m3_e250_s159,DTLZ1,NSGAII,pure_moea,3,10,250,159,42,0.06094378399996003,91,0.0,279.9278621562786,success,
DTLZ1_m3_e250_s159,DTLZ1,NSGAII,dvl_framework,3,10,250,159,42,0.03248015600001963,91,0.3831510389662618,0.6324826980134278,success,
DTLZ1_m3_e250_s159,DTLZ1,NSGAII,pure_moea,3,10,250,159,43,0.05731793299992205,91,0.0,299.8343283060829,success,
DTLZ1_m3_e250_s159,DTLZ1,NSGAII,dvl_framework,3,10,250,159,43,0.03126333099999101,91,0.5398093208266237,0.47460665257135054,success,
DTLZ1_m3_e250_s159,DTLZ1,NSGAIII,pure_moea,3,10,250,159,42,0.10626154600004156,88,0.16206074960602776,1.4954100626636262,success,
DTLZ1_m3_e250_s159,DTLZ1,NSGAIII,dvl_framework,3,10,250,159,42,0.033284422000065206,91,0.3831510389662618,0.6324826980134278,success,
DTLZ1_m3_e250_s159,DTLZ1,NSGAIII,pure_moea,3,10,250,159,43,0.10371816600002148,80,0.035250692479703555,1.7389199023648017,success,
DTLZ1_m3_e250_s159,DTLZ1,NSGAIII,dvl_framework,3,10,250,159,43,0.031816569000056916,91,0.5398093208266237,0.47460665257135054,success,
DTLZ1_m3_e500_s227,DTLZ1,MOEAD,pure_moea,3,10,500,227,42,0.07625378000000183,27,0.0,130.36085952978036,success,
DTLZ1_m3_e500_s227,DTLZ1,MOEAD,dvl_framework,3,10,500,227,42,0.06428775799997766,20,0.0,39.166395333693636,success,
DTLZ1_m3_e500_s227,DTLZ1,MOEAD,pure_moea,3,10,500,227,43,0.07603127300001233,25,0.0,159.09849690485575,success,
DTLZ1_m3_e500_s227,DTLZ1,MOEAD,dvl_framework,3,10,500,227,43,0.06195417100002487,12,0.5905601441395345,0.45717712205309036,success,
DTLZ1_m3_e500_s227,DTLZ1,NSGAII,pure_moea,3,10,500,227,42,0.14734638999993876,91,0.0,151.90657035281865,success,
DTLZ1_m3_e500_s227,DTLZ1,NSGAII,dvl_framework,3,10,500,227,42,0.13425305999999182,91,0.43629183227435686,0.5609690451054336,success,
DTLZ1_m3_e500_s227,DTLZ1,NSGAII,pure_moea,3,10,500,227,43,0.14371177299994997,91,0.0,192.09646479197002,success,
DTLZ1_m3_e500_s227,DTLZ1,NSGAII,dvl_framework,3,10,500,227,43,0.09125990899997305,91,0.4361786571190775,0.5610699982981329,success,
DTLZ1_m3_e500_s227,DTLZ1,NSGAIII,pure_moea,3,10,500,227,42,0.23710471000003963,88,0.7271103342200999,0.45841249916449334,success,
DTLZ1_m3_e500_s227,DTLZ1,NSGAIII,dvl_framework,3,10,500,227,42,0.13664741100001265,88,0.6100744984067279,0.479878891616287,success,
DTLZ1_m3_e500_s227,DTLZ1,NSGAIII,pure_moea,3,10,500,227,43,0.2517373509999743,84,0.5281655722545688,0.5859515507129499,success,
DTLZ1_m3_e500_s227,DTLZ1,NSGAIII,dvl_framework,3,10,500,227,43,0.12873550200004047,77,0.7699273143703598,0.3441146035551056,success,
DTLZ1_m3_e1000_s250,DTLZ1,MOEAD,pure_moea,3,10,1000,250,42,0.15429572300001837,34,0.0,114.1706289016409,success,
DTLZ1_m3_e1000_s250,DTLZ1,MOEAD,dvl_framework,3,10,1000,250,42,0.13300269399996978,49,0.2537324067738602,1.1857354689384232,success,
DTLZ1_m3_e1000_s250,DTLZ1,MOEAD,pure_moea,3,10,1000,250,43,0.15223510900000292,29,0.0,147.1659871058787,success,
DTLZ1_m3_e1000_s250,DTLZ1,MOEAD,dvl_framework,3,10,1000,250,43,0.13902867900003457,23,0.0,28.810541517613192,success,
DTLZ1_m3_e1000_s250,DTLZ1,NSGAII,pure_moea,3,10,1000,250,42,0.30811363600003006,91,0.0,134.81948518160297,success,
DTLZ1_m3_e1000_s250,DTLZ1,NSGAII,dvl_framework,3,10,1000,250,42,0.2523496139999679,91,0.05854410112092501,1.5556078860811429,success,
DTLZ1_m3_e1000_s250,DTLZ1,NSGAII,pure_moea,3,10,1000,250,43,0.3027139470000293,91,0.0,131.9879554263326,success,
DTLZ1_m3_e1000_s250,DTLZ1,NSGAII,dvl_framework,3,10,1000,250,43,0.2503975789999231,91,0.3994383548257022,0.6087408669705425,success,
DTLZ1_m3_e1000_s250,DTLZ1,NSGAIII,pure_moea,3,10,1000,250,42,0.47668853900006525,91,0.9981347577139502,0.44520072351793144,success,
DTLZ1_m3_e1000_s250,DTLZ1,NSGAIII,dvl_framework,3,10,1000,250,42,0.45542667200004416,91,0.8706386485009707,0.3012987431386574,success,
DTLZ1_m3_e1000_s250,DTLZ1,NSGAIII,pure_moea,3,10,1000,250,43,0.5015426049999405,89,0.5453960534000556,0.581541496999049,success,
DTLZ1_m3_e1000_s250,DTLZ1,NSGAIII,dvl_framework,3,10,1000,250,43,0.3972017370000458,84,0.7993050356196394,0.40111973775672094,success,
DTLZ1_m3_e1500_s300,DTLZ1,MOEAD,pure_moea,3,10,1500,300,42,0.22924408500000482,40,0.0,100.40452489418209,success,
DTLZ1_m3_e1500_s300,DTLZ1,MOEAD,dvl_framework,3,10,1500,300,42,0.18113607099996898,51,0.8796938715896429,0.2933616172868606,success,
DTLZ1_m3_e1500_s300,DTLZ1,MOEAD,pure_moea,3,10,1500,300,43,0.22686739300002046,35,0.0,132.03882414783993,success,
DTLZ1_m3_e1500_s300,DTLZ1,MOEAD,dvl_framework,3,10,1500,300,43,0.19782426199992642,39,0.9490855935406002,0.20019719133099934,success,
DTLZ1_m3_e1500_s300,DTLZ1,NSGAII,pure_moea,3,10,1500,300,42,0.4793109839999943,91,0.0,134.81948518160297,success,
DTLZ1_m3_e1500_s300,DTLZ1,NSGAII,dvl_framework,3,10,1500,300,42,0.4107596909999529,91,0.5735893520203974,0.46209589659295836,success,
DTLZ1_m3_e1500_s300,DTLZ1,NSGAII,pure_moea,3,10,1500,300,43,0.4849596589999692,91,0.0,131.9879554263326,success,
DTLZ1_m3_e1500_s300,DTLZ1,NSGAII,dvl_framework,3,10,1500,300,43,0.40438427799995225,91,0.5666423196900774,0.46404954246794144,success,
DTLZ1_m3_e1500_s300,DTLZ1,NSGAIII,pure_moea,3,10,1500,300,42,0.8173624840000002,91,0.9982189978096193,0.44520064122376923,success,
DTLZ1_m3_e1500_s300,DTLZ1,NSGAIII,dvl_framework,3,10,1500,300,42,0.6233501640000441,82,0.8361090009963698,0.3187640727851583,success,
DTLZ1_m3_e1500_s300,DTLZ1,NSGAIII,pure_moea,3,10,1500,300,43,0.7985655689999476,88,0.9877897739419178,0.5710117601767423,success,
DTLZ1_m3_e1500_s300,DTLZ1,NSGAIII,dvl_framework,3,10,1500,300,43,0.6149386910000203,91,0.7280631940681943,0.33536732275222947,success,
DTLZ1_m3_e10000_s300,DTLZ1,MOEAD,pure_moea,3,10,10000,300,42,1.509411349000061,49,0.0,76.8210287047433,success,
DTLZ1_m3_e250_s159,DTLZ1,MOEAD,pure_moea,3,10,250,159,42,0.04576181200002338,23,0.0,174.25876018213617,success,
DTLZ1_m3_e250_s159,DTLZ1,MOEAD,dvl_framework,3,10,250,159,42,0.0329888869999877,91,0.3831510389662618,0.6324826980134278,success,
DTLZ1_m3_e250_s159,DTLZ1,MOEAD,pure_moea,3,10,250,159,43,0.03995005599995238,21,0.0,199.11044215658833,success,
DTLZ1_m3_e250_s159,DTLZ1,MOEAD,dvl_framework,3,10,250,159,43,0.03177788700008932,91,0.5398093208266237,0.47460665257135054,success,
DTLZ1_m3_e250_s159,DTLZ1,NSGAII,pure_moea,3,10,250,159,42,0.05839493100006621,91,0.0,279.9278621562786,success,
DTLZ1_m3_e250_s159,DTLZ1,NSGAII,dvl_framework,3,10,250,159,42,0.031414466000001084,91,0.3831510389662618,0.6324826980134278,success,
DTLZ1_m3_e250_s159,DTLZ1,NSGAII,pure_moea,3,10,250,159,43,0.058155533999979525,91,0.0,299.8343283060829,success,
DTLZ1_m3_e250_s159,DTLZ1,NSGAII,dvl_framework,3,10,250,159,43,0.03167806099997961,91,0.5398093208266237,0.47460665257135054,success,
DTLZ1_m3_e250_s159,DTLZ1,NSGAIII,pure_moea,3,10,250,159,42,0.1049055529999805,88,0.16206074960602776,1.4954100626636262,success,
DTLZ1_m3_e250_s159,DTLZ1,NSGAIII,dvl_framework,3,10,250,159,42,0.031381523999925776,91,0.3831510389662618,0.6324826980134278,success,
DTLZ1_m3_e250_s159,DTLZ1,NSGAIII,pure_moea,3,10,250,159,43,0.10065950799992152,80,0.035250692479703555,1.7389199023648017,success,
DTLZ1_m3_e250_s159,DTLZ1,NSGAIII,dvl_framework,3,10,250,159,43,0.031715331999976115,91,0.5398093208266237,0.47460665257135054,success,
DTLZ1_m3_e500_s227,DTLZ1,MOEAD,pure_moea,3,10,500,227,42,0.08136718200000814,27,0.0,130.36085952978036,success,
DTLZ1_m3_e500_s227,DTLZ1,MOEAD,dvl_framework,3,10,500,227,42,0.06553504799990151,20,0.0,39.166395333693636,success,
DTLZ1_m3_e500_s227,DTLZ1,MOEAD,pure_moea,3,10,500,227,43,0.07699720400000842,25,0.0,159.09849690485575,success,
DTLZ1_m3_e500_s227,DTLZ1,MOEAD,dvl_framework,3,10,500,227,43,0.06215545500003827,12,0.5905601441395345,0.45717712205309036,success,
DTLZ1_m3_e500_s227,DTLZ1,NSGAII,pure_moea,3,10,500,227,42,0.14489297800002987,91,0.0,151.90657035281865,success,
DTLZ1_m3_e500_s227,DTLZ1,NSGAII,dvl_framework,3,10,500,227,42,0.08994852700004685,91,0.43629183227435686,0.5609690451054336,success,
DTLZ1_m3_e500_s227,DTLZ1,NSGAII,pure_moea,3,10,500,227,43,0.142911593000008,91,0.0,192.09646479197002,success,
DTLZ1_m3_e500_s227,DTLZ1,NSGAII,dvl_framework,3,10,500,227,43,0.09168007300002046,91,0.4361786571190775,0.5610699982981329,success,
DTLZ1_m3_e500_s227,DTLZ1,NSGAIII,pure_moea,3,10,500,227,42,0.23906432900002983,88,0.7271103342200999,0.45841249916449334,success,
DTLZ1_m3_e500_s227,DTLZ1,NSGAIII,dvl_framework,3,10,500,227,42,0.13689132899992273,88,0.6100744984067279,0.479878891616287,success,
DTLZ1_m3_e500_s227,DTLZ1,NSGAIII,pure_moea,3,10,500,227,43,0.24580827399995542,84,0.5281655722545688,0.5859515507129499,success,
DTLZ1_m3_e500_s227,DTLZ1,NSGAIII,dvl_framework,3,10,500,227,43,0.13004082099996594,77,0.7699273143703598,0.3441146035551056,success,
DTLZ1_m3_e1000_s250,DTLZ1,MOEAD,pure_moea,3,10,1000,250,42,0.15326147500002207,34,0.0,114.1706289016409,success,
DTLZ1_m3_e1000_s250,DTLZ1,MOEAD,dvl_framework,3,10,1000,250,42,0.1289422800000466,49,0.2537324067738602,1.1857354689384232,success,
DTLZ1_m3_e1000_s250,DTLZ1,MOEAD,pure_moea,3,10,1000,250,43,0.15158107199999904,29,0.0,147.1659871058787,success,
DTLZ1_m3_e1000_s250,DTLZ1,MOEAD,dvl_framework,3,10,1000,250,43,0.13562440200007586,23,0.0,28.810541517613192,success,
DTLZ1_m3_e1000_s250,DTLZ1,NSGAII,pure_moea,3,10,1000,250,42,0.30959726199989746,91,0.0,134.81948518160297,success,
DTLZ1_m3_e1000_s250,DTLZ1,NSGAII,dvl_framework,3,10,1000,250,42,0.2527756980000504,91,0.05854410112092501,1.5556078860811429,success,
DTLZ1_m3_e1000_s250,DTLZ1,NSGAII,pure_moea,3,10,1000,250,43,0.3043069599999626,91,0.0,131.9879554263326,success,
DTLZ1_m3_e1000_s250,DTLZ1,NSGAII,dvl_framework,3,10,1000,250,43,0.2528166350000447,91,0.3994383548257022,0.6087408669705425,success,
DTLZ1_m3_e1000_s250,DTLZ1,NSGAIII,pure_moea,3,10,1000,250,42,0.4762796210000033,91,0.9981347577139502,0.44520072351793144,success,
DTLZ1_m3_e1000_s250,DTLZ1,NSGAIII,dvl_framework,3,10,1000,250,42,0.40696253400005844,91,0.8706386485009707,0.3012987431386574,success,
DTLZ1_m3_e1000_s250,DTLZ1,NSGAIII,pure_moea,3,10,1000,250,43,0.5165218579999191,89,0.5453960534000556,0.581541496999049,success,
DTLZ1_m3_e1000_s250,DTLZ1,NSGAIII,dvl_framework,3,10,1000,250,43,0.4153277049999815,84,0.7993050356196394,0.40111973775672094,success,
DTLZ1_m3_e1500_s300,DTLZ1,MOEAD,pure_moea,3,10,1500,300,42,0.2339695570000231,40,0.0,100.40452489418209,success,
DTLZ1_m3_e1500_s300,DTLZ1,MOEAD,dvl_framework,3,10,1500,300,42,0.19929084300008526,51,0.8796938715896429,0.2933616172868606,success,
DTLZ1_m3_e1500_s300,DTLZ1,MOEAD,pure_moea,3,10,1500,300,43,0.22424202600006993,35,0.0,132.03882414783993,success,
DTLZ1_m3_e1500_s300,DTLZ1,MOEAD,dvl_framework,3,10,1500,300,43,0.213165838000009,39,0.9490855935406002,0.20019719133099934,success,
DTLZ1_m3_e1500_s300,DTLZ1,NSGAII,pure_moea,3,10,1500,300,42,0.4918011749999778,91,0.0,134.81948518160297,success,
DTLZ1_m3_e1500_s300,DTLZ1,NSGAII,dvl_framework,3,10,1500,300,42,0.4364068250000628,91,0.5735893520203974,0.46209589659295836,success,
DTLZ1_m3_e1500_s300,DTLZ1,NSGAII,pure_moea,3,10,1500,300,43,0.5098731509999652,91,0.0,131.9879554263326,success,
DTLZ1_m3_e1500_s300,DTLZ1,NSGAII,dvl_framework,3,10,1500,300,43,0.45767476100002114,91,0.5666423196900774,0.46404954246794144,success,
DTLZ1_m3_e1500_s300,DTLZ1,NSGAIII,pure_moea,3,10,1500,300,42,0.7827500199999804,91,0.9982189978096193,0.44520064122376923,success,
DTLZ1_m3_e1500_s300,DTLZ1,NSGAIII,dvl_framework,3,10,1500,300,42,0.6166574020001008,82,0.8361090009963698,0.3187640727851583,success,
DTLZ1_m3_e1500_s300,DTLZ1,NSGAIII,pure_moea,3,10,1500,300,43,0.7981488249999984,88,0.9877897739419178,0.5710117601767423,success,
DTLZ1_m3_e1500_s300,DTLZ1,NSGAIII,dvl_framework,3,10,1500,300,43,0.602474566000069,91,0.7280631940681943,0.33536732275222947,success,
DTLZ1_m3_e10000_s300,DTLZ1,MOEAD,pure_moea,3,10,10000,300,42,1.4995683260000305,49,0.0,76.8210287047433,success,
DTLZ1_m3_e10000_s300,DTLZ1,MOEAD,dvl_framework,3,10,10000,300,42,1.379857126999923,58,0.9676854984819429,0.08334373249251009,success,
DTLZ1_m3_e10000_s300,DTLZ1,MOEAD,pure_moea,3,10,10000,300,43,1.5252361399999472,49,0.0,71.43811717931074,success,
DTLZ1_m3_e10000_s300,DTLZ1,MOEAD,dvl_framework,3,10,10000,300,43,1.3716513050000003,59,0.9663563376281875,0.07377171915898494,success,
DTLZ1_m3_e10000_s300,DTLZ1,NSGAII,pure_moea,3,10,10000,300,42,3.3310003489999644,91,0.0,99.35361901824149,success,
DTLZ1_m3_e10000_s300,DTLZ1,NSGAII,dvl_framework,3,10,10000,300,42,3.258213476000037,91,0.9710525289975492,0.06774276089718884,success,
DTLZ1_m3_e10000_s300,DTLZ1,NSGAII,pure_moea,3,10,10000,300,43,3.393477467000025,91,0.0,99.5427249744204,success,
DTLZ1_m3_e10000_s300,DTLZ1,NSGAII,dvl_framework,3,10,10000,300,43,3.335279412999853,91,0.9672623301380034,0.10011403718646149,success,
DTLZ1_m3_e10000_s300,DTLZ1,NSGAIII,pure_moea,3,10,10000,300,42,4.662373269999989,90,0.9998177501720311,0.5537873282413595,success,
DTLZ1_m3_e10000_s300,DTLZ1,NSGAIII,dvl_framework,3,10,10000,300,42,4.954526586000156,88,0.9999317902330569,0.3275333649544345,success,
DTLZ1_m3_e10000_s300,DTLZ1,NSGAIII,pure_moea,3,10,10000,300,43,5.185947266000085,89,0.9985836240574576,0.6157524053405908,success,
DTLZ1_m3_e10000_s300,DTLZ1,NSGAIII,dvl_framework,3,10,10000,300,43,4.894626736999953,87,0.9970541829819399,0.39309891872145714,success,
DTLZ1_m3_e250_s159,DTLZ1,MOEAD,pure_moea,3,10,250,159,42,0.0490389229999999,23,0.0,174.25876018213617,success,
DTLZ1_m3_e250_s159,DTLZ1,MOEAD,dvl_framework,3,10,250,159,42,0.03340952800000041,91,0.3831510389662618,0.6324826980134278,success,
DTLZ1_m3_e250_s159,DTLZ1,MOEAD,pure_moea,3,10,250,159,43,0.039059875999999605,21,0.0,199.11044215658833,success,
DTLZ1_m3_e250_s159,DTLZ1,MOEAD,dvl_framework,3,10,250,159,43,0.03269780099999986,91,0.5398093208266237,0.47460665257135054,success,
DTLZ1_m3_e250_s159,DTLZ1,NSGAII,pure_moea,3,10,250,159,42,0.058345300000000044,91,0.0,279.9278621562786,success,
DTLZ1_m3_e250_s159,DTLZ1,NSGAII,dvl_framework,3,10,250,159,42,0.031201154000000564,91,0.3831510389662618,0.6324826980134278,success,
DTLZ1_m3_e250_s159,DTLZ1,NSGAII,pure_moea,3,10,250,159,43,0.058758492999999135,91,0.0,299.8343283060829,success,
DTLZ1_m3_e250_s159,DTLZ1,NSGAII,dvl_framework,3,10,250,159,43,0.03152287799999964,91,0.5398093208266237,0.47460665257135054,success,
DTLZ1_m3_e250_s159,DTLZ1,NSGAIII,pure_moea,3,10,250,159,42,0.10509845500000026,88,0.16206074960602776,1.4954100626636262,success,
DTLZ1_m3_e250_s159,DTLZ1,NSGAIII,dvl_framework,3,10,250,159,42,0.031233063999999366,91,0.3831510389662618,0.6324826980134278,success,
DTLZ1_m3_e250_s159,DTLZ1,MOEAD,pure_moea,3,10,250,159,42,0.05674626199999988,23,0.0,174.25876018213617,success,
DTLZ1_m3_e250_s159,DTLZ1,MOEAD,dvl_framework,3,10,250,159,42,0.03485371000000015,91,0.3831510389662618,0.6324826980134278,success,
DTLZ1_m3_e250_s159,DTLZ1,MOEAD,pure_moea,3,10,250,159,43,0.03828036400000023,21,0.0,199.11044215658833,success,
DTLZ1_m3_e250_s159,DTLZ1,MOEAD,dvl_framework,3,10,250,159,43,0.03150439299999963,91,0.5398093208266237,0.47460665257135054,success,
DTLZ1_m3_e250_s159,DTLZ1,MOEAD,pure_moea,3,10,250,159,44,0.03848026799999982,19,0.0,158.1994245134972,success,
DTLZ1_m3_e250_s159,DTLZ1,MOEAD,dvl_framework,3,10,250,159,44,0.031155457999999747,91,0.0,3.931758760557278,success,
DTLZ1_m3_e250_s159,DTLZ1,MOEAD,pure_moea,3,10,250,159,45,0.03782048999999965,27,0.0,206.67556002622447,success,
DTLZ1_m3_e250_s159,DTLZ1,MOEAD,dvl_framework,3,10,250,159,45,0.03144899899999842,91,0.3126053346270668,0.7549469287124259,success,
DTLZ1_m3_e250_s159,DTLZ1,MOEAD,pure_moea,3,10,250,159,46,0.03697305100000037,25,0.0,177.73995976244143,success,
DTLZ1_m3_e250_s159,DTLZ1,MOEAD,dvl_framework,3,10,250,159,46,0.031411048999999025,91,0.343787429791798,0.6969077380335655,success,
DTLZ1_m3_e250_s159,DTLZ1,MOEAD,pure_moea,3,10,250,159,47,0.04026717999999896,20,0.0,180.25865813616713,success,
DTLZ1_m3_e250_s159,DTLZ1,MOEAD,dvl_framework,3,10,250,159,47,0.03187643099999882,91,0.0,2.036169270407319,success,
DTLZ1_m3_e250_s159,DTLZ1,MOEAD,pure_moea,3,10,250,159,48,0.037686084999998926,30,0.0,202.08838327905252,success,
DTLZ1_m3_e250_s159,DTLZ1,MOEAD,dvl_framework,3,10,250,159,48,0.03126443300000048,91,0.52711923500764,0.4812925073750014,success,
DTLZ1_m3_e250_s159,DTLZ1,MOEAD,pure_moea,3,10,250,159,49,0.037488257999999774,28,0.0,233.31935717263727,success,
DTLZ1_m3_e250_s159,DTLZ1,MOEAD,dvl_framework,3,10,250,159,49,0.030962996999999604,91,0.5608518342239562,0.4659158517244551,success,
DTLZ1_m3_e250_s159,DTLZ1,MOEAD,pure_moea,3,10,250,159,50,0.03828062500000051,22,0.0,175.08148195658208,success,
DTLZ1_m3_e250_s159,DTLZ1,MOEAD,dvl_framework,3,10,250,159,50,0.03101478499999999,91,0.09134917182551308,1.3982795767112781,success,
DTLZ1_m3_e250_s159,DTLZ1,MOEAD,pure_moea,3,10,250,159,51,0.03775645099999991,24,0.0,185.90210914273138,success,
DTLZ1_m3_e250_s159,DTLZ1,MOEAD,dvl_framework,3,10,250,159,51,0.03101734900000075,91,0.0,4.297543096852816,success,
DTLZ1_m3_e250_s159,DTLZ1,MOEAD,pure_moea,3,10,250,159,52,0.03792815999999988,16,0.0,222.97201117252285,success,
DTLZ1_m3_e250_s159,DTLZ1,MOEAD,dvl_framework,3,10,250,159,52,0.03099985699999941,91,0.43653216267958567,0.5606962766988317,success,
DTLZ1_m3_e250_s159,DTLZ1,MOEAD,pure_moea,3,10,250,159,53,0.03859076400000028,16,0.0,161.288399793152,success,
DTLZ1_m3_e250_s159,DTLZ1,MOEAD,dvl_framework,3,10,250,159,53,0.08058376200000161,91,0.4984660752313153,0.5004215981311144,success,
DTLZ1_m3_e250_s159,DTLZ1,MOEAD,pure_moea,3,10,250,159,54,0.03680562799999976,24,0.0,151.86381312458715,success,
DTLZ1_m3_e250_s159,DTLZ1,MOEAD,dvl_framework,3,10,250,159,54,0.03089531000000001,91,0.4330521951410397,0.5647580256966517,success,
DTLZ1_m3_e250_s159,DTLZ1,MOEAD,pure_moea,3,10,250,159,55,0.03716853899999961,16,0.0,156.22916179463522,success,
DTLZ1_m3_e250_s159,DTLZ1,MOEAD,dvl_framework,3,10,250,159,55,0.03125409299999937,91,0.025639307273251682,1.7531687127116076,success,
DTLZ1_m3_e250_s159,DTLZ1,MOEAD,pure_moea,3,10,250,159,56,0.03700167400000076,18,0.0,238.30646883691654,success,
DTLZ1_m3_e250_s159,DTLZ1,MOEAD,dvl_framework,3,10,250,159,56,0.03098646199999955,91,0.15287394002156376,1.1649034420096847,success,
DTLZ1_m3_e250_s159,DTLZ1,MOEAD,pure_moea,3,10,250,159,57,0.05065662699999862,27,0.0,174.62741031556314,success,
DTLZ1_m3_e250_s159,DTLZ1,MOEAD,dvl_framework,3,10,250,159,57,0.031035574000000565,91,0.24405079138065255,0.9053118972055921,success,
DTLZ1_m3_e250_s159,DTLZ1,MOEAD,pure_moea,3,10,250,159,58,0.03702953600000036,21,0.0,124.94683108465183,success,
DTLZ1_m3_e250_s159,DTLZ1,MOEAD,dvl_framework,3,10,250,159,58,0.031161930999999754,91,0.5596854426686816,0.46631955442041106,success,
DTLZ1_m3_e250_s159,DTLZ1,MOEAD,pure_moea,3,10,250,159,59,0.03753376099999883,29,0.0,191.09024232261248,success,
DTLZ1_m3_e250_s159,DTLZ1,MOEAD,dvl_framework,3,10,250,159,59,0.031037157000000093,91,0.0,3.4465618640605573,success,
DTLZ1_m3_e250_s159,DTLZ1,MOEAD,pure_moea,3,10,250,159,60,0.03767310499999965,26,0.0,205.71263108506622,success,
DTLZ1_m3_e250_s159,DTLZ1,MOEAD,dvl_framework,3,10,250,159,60,0.030790814999999583,91,0.13277165478184916,1.234452568982214,success,
DTLZ1_m3_e250_s159,DTLZ1,MOEAD,pure_moea,3,10,250,159,61,0.0385219560000003,28,0.0,142.86268603229695,success,
DTLZ1_m3_e250_s159,DTLZ1,MOEAD,dvl_framework,3,10,250,159,61,0.03099818299999768,91,0.0,8.399143906439438,success,
DTLZ1_m3_e250_s159,DTLZ1,NSGAII,pure_moea,3,10,250,159,42,0.0579966160000005,91,0.0,279.9278621562786,success,
DTLZ1_m3_e250_s159,DTLZ1,NSGAII,dvl_framework,3,10,250,159,42,0.03122096999999968,91,0.3831510389662618,0.6324826980134278,success,
DTLZ1_m3_e250_s159,DTLZ1,NSGAII,pure_moea,3,10,250,159,43,0.056797325999998094,91,0.0,299.8343283060829,success,
DTLZ1_m3_e250_s159,DTLZ1,NSGAII,dvl_framework,3,10,250,159,43,0.03133198800000159,91,0.5398093208266237,0.47460665257135054,success,
DTLZ1_m3_e250_s159,DTLZ1,NSGAII,pure_moea,3,10,250,159,44,0.061898964000000944,91,0.0,267.8701518577326,success,
DTLZ1_m3_e250_s159,DTLZ1,NSGAII,dvl_framework,3,10,250,159,44,0.030930607000001942,91,0.0,3.931758760557278,success,
DTLZ1_m3_e250_s159,DTLZ1,NSGAII,pure_moea,3,10,250,159,45,0.06120177800000093,91,0.0,174.44146617772424,success,
DTLZ1_m3_e250_s159,DTLZ1,NSGAII,dvl_framework,3,10,250,159,45,0.032073770000000223,91,0.3126053346270668,0.7549469287124259,success,
DTLZ1_m3_e250_s159,DTLZ1,NSGAII,pure_moea,3,10,250,159,46,0.05876914399999933,91,0.0,256.52171752799336,success,
DTLZ1_m3_e250_s159,DTLZ1,NSGAII,dvl_framework,3,10,250,159,46,0.031011940000002625,91,0.343787429791798,0.6969077380335655,success,
DTLZ1_m3_e250_s159,DTLZ1,NSGAII,pure_moea,3,10,250,159,47,0.05862416299999751,91,0.0,239.00408776138838,success,
DTLZ1_m3_e250_s159,DTLZ1,NSGAII,dvl_framework,3,10,250,159,47,0.031205152999998376,91,0.0,2.036169270407319,success,
DTLZ1_m3_e250_s159,DTLZ1,NSGAII,pure_moea,3,10,250,159,48,0.060243638999999405,91,0.0,318.5581914307626,success,
DTLZ1_m3_e250_s159,DTLZ1,NSGAII,dvl_framework,3,10,250,159,48,0.031546441000003256,91,0.52711923500764,0.4812925073750014,success,
DTLZ1_m3_e250_s159,DTLZ1,NSGAII,pure_moea,3,10,250,159,49,0.06029649899999967,91,0.0,306.02571903077325,success,
DTLZ1_m3_e250_s159,DTLZ1,NSGAII,dvl_framework,3,10,250,159,49,0.03142884100000032,91,0.5608518342239562,0.4659158517244551,success,
DTLZ1_m3_e250_s159,DTLZ1,NSGAII,pure_moea,3,10,250,159,50,0.06007049600000158,91,0.0,235.80831259711067,success,
DTLZ1_m3_e250_s159,DTLZ1,NSGAII,dvl_framework,3,10,250,159,50,0.031134648999998404,91,0.09134917182551308,1.3982795767112781,success,
DTLZ1_m3_e250_s159,DTLZ1,NSGAII,pure_moea,3,10,250,159,51,0.061372237999997026,91,0.0,239.85234125679654,success,
DTLZ1_m3_e250_s159,DTLZ1,NSGAII,dvl_framework,3,10,250,159,51,0.031089525000002283,91,0.0,4.297543096852816,success,
DTLZ1_m3_e250_s159,DTLZ1,NSGAII,pure_moea,3,10,250,159,52,0.059215082999998,91,0.0,163.34762489870997,success,
DTLZ1_m3_e250_s159,DTLZ1,NSGAII,dvl_framework,3,10,250,159,52,0.03125109599999831,91,0.43653216267958567,0.5606962766988317,success,
DTLZ1_m3_e250_s159,DTLZ1,NSGAII,pure_moea,3,10,250,159,53,0.0610704989999995,91,0.0,244.7113769716407,success,
DTLZ1_m3_e250_s159,DTLZ1,NSGAII,dvl_framework,3,10,250,159,53,0.03537678599999694,91,0.4984660752313153,0.5004215981311144,success,
DTLZ1_m3_e250_s159,DTLZ1,NSGAII,pure_moea,3,10,250,159,54,0.060579340000000315,91,0.0,336.56024540164555,success,
DTLZ1_m3_e250_s159,DTLZ1,NSGAII,dvl_framework,3,10,250,159,54,0.035472477000002556,91,0.4330521951410397,0.5647580256966517,success,
DTLZ1_m3_e250_s159,DTLZ1,NSGAII,pure_moea,3,10,250,159,55,0.061628167000002065,91,0.0,187.09668006541432,success,
DTLZ1_m3_e250_s159,DTLZ1,NSGAII,dvl_framework,3,10,250,159,55,0.03171084099999888,91,0.025639307273251682,1.7531687127116076,success,
DTLZ1_m3_e250_s159,DTLZ1,NSGAII,pure_moea,3,10,250,159,56,0.06097044299999865,91,0.0,194.63388162354974,success,
DTLZ1_m3_e250_s159,DTLZ1,NSGAII,dvl_framework,3,10,250,159,56,0.031381883000001665,91,0.15287394002156376,1.1649034420096847,success,
DTLZ1_m3_e250_s159,DTLZ1,NSGAII,pure_moea,3,10,250,159,57,0.061416612000002146,91,0.0,251.6217685310323,success,
DTLZ1_m3_e250_s159,DTLZ1,NSGAII,dvl_framework,3,10,250,159,57,0.031341665999999435,91,0.24405079138065255,0.9053118972055921,success,
DTLZ1_m3_e250_s159,DTLZ1,NSGAII,pure_moea,3,10,250,159,58,0.06631307299999989,91,0.0,250.10244839386095,success,
DTLZ1_m3_e250_s159,DTLZ1,NSGAII,dvl_framework,3,10,250,159,58,0.031351378000000096,91,0.5596854426686816,0.46631955442041106,success,
DTLZ1_m3_e250_s159,DTLZ1,NSGAII,pure_moea,3,10,250,159,59,0.06025885800000097,91,0.0,259.3733695653404,success,
DTLZ1_m3_e250_s159,DTLZ1,NSGAII,dvl_framework,3,10,250,159,59,0.031464736000000215,91,0.0,3.4465618640605573,success,
DTLZ1_m3_e250_s159,DTLZ1,NSGAII,pure_moea,3,10,250,159,60,0.06025230500000234,91,0.0,257.84645817302265,success,
DTLZ1_m3_e250_s159,DTLZ1,NSGAII,dvl_framework,3,10,250,159,60,0.03589218299999786,91,0.13277165478184916,1.234452568982214,success,
DTLZ1_m3_e250_s159,DTLZ1,NSGAII,pure_moea,3,10,250,159,61,0.06194715599999512,91,0.0,187.0183995269966,success,
DTLZ1_m3_e250_s159,DTLZ1,NSGAII,dvl_framework,3,10,250,159,61,0.03203722399999975,91,0.0,8.399143906439438,success,
DTLZ1_m3_e250_s159,DTLZ1,NSGAIII,pure_moea,3,10,250,159,42,0.10920434399999834,88,0.16206074960602776,1.4954100626636262,success,
DTLZ1_m3_e250_s159,DTLZ1,NSGAIII,dvl_framework,3,10,250,159,42,0.033796742999996354,91,0.3831510389662618,0.6324826980134278,success,
DTLZ1_m3_e250_s159,DTLZ1,NSGAIII,pure_moea,3,10,250,159,43,0.1031917199999981,80,0.035250692479703555,1.7389199023648017,success,
DTLZ1_m3_e250_s159,DTLZ1,NSGAIII,dvl_framework,3,10,250,159,43,0.0310258649999966,91,0.5398093208266237,0.47460665257135054,success,
DTLZ1_m3_e250_s159,DTLZ1,NSGAIII,pure_moea,3,10,250,159,44,0.09985740500000162,91,0.16356074499640966,1.1920869816176876,success,
DTLZ1_m3_e250_s159,DTLZ1,NSGAIII,dvl_framework,3,10,250,159,44,0.031795038000005604,91,0.0,3.931758760557278,success,
DTLZ1_m3_e250_s159,DTLZ1,NSGAIII,pure_moea,3,10,250,159,45,0.15729604299999522,87,0.3805908784645095,1.0243566617608373,success,
DTLZ1_m3_e250_s159,DTLZ1,NSGAIII,dvl_framework,3,10,250,159,45,0.032537640999997564,91,0.3126053346270668,0.7549469287124259,success,
DTLZ1_m3_e250_s159,DTLZ1,NSGAIII,pure_moea,3,10,250,159,46,0.08347174000000024,91,0.044158371520492554,1.7819798668275728,success,
DTLZ1_m3_e250_s159,DTLZ1,NSGAIII,dvl_framework,3,10,250,159,46,0.03307088100000044,91,0.343787429791798,0.6969077380335655,success,
DTLZ1_m3_e250_s159,DTLZ1,NSGAIII,pure_moea,3,10,250,159,47,0.10095422099999496,90,0.3536404239306914,0.7906312138304432,success,
DTLZ1_m3_e250_s159,DTLZ1,NSGAIII,dvl_framework,3,10,250,159,47,0.030839999000001228,91,0.0,2.036169270407319,success,
DTLZ1_m3_e250_s159,DTLZ1,NSGAIII,pure_moea,3,10,250,159,48,0.09746333199999668,85,0.45112133014093553,0.853333307082545,success,
DTLZ1_m3_e250_s159,DTLZ1,NSGAIII,dvl_framework,3,10,250,159,48,0.030840948999994566,91,0.52711923500764,0.4812925073750014,success,
DTLZ1_m3_e250_s159,DTLZ1,NSGAIII,pure_moea,3,10,250,159,49,0.08469094699999857,91,0.43144299910148914,0.7413616377155986,success,
DTLZ1_m3_e250_s159,DTLZ1,NSGAIII,dvl_framework,3,10,250,159,49,0.03106166399999921,91,0.5608518342239562,0.4659158517244551,success,
DTLZ1_m3_e250_s159,DTLZ1,NSGAIII,pure_moea,3,10,250,159,50,0.09860720700000059,86,0.4991046408302947,0.6839344395847939,success,
DTLZ1_m3_e250_s159,DTLZ1,NSGAIII,dvl_framework,3,10,250,159,50,0.03105226599999611,91,0.09134917182551308,1.3982795767112781,success,
DTLZ1_m3_e250_s159,DTLZ1,NSGAIII,pure_moea,3,10,250,159,51,0.10014342199999504,87,0.38398248584218525,0.9247345956894061,success,
DTLZ1_m3_e250_s159,DTLZ1,NSGAIII,dvl_framework,3,10,250,159,51,0.03133389499999595,91,0.0,4.297543096852816,success,
DTLZ1_m3_e250_s159,DTLZ1,NSGAIII,pure_moea,3,10,250,159,52,0.09749661800000098,88,0.5563874882237512,0.798704348843413,success,
DTLZ1_m3_e250_s159,DTLZ1,NSGAIII,dvl_framework,3,10,250,159,52,0.03137451999999996,91,0.43653216267958567,0.5606962766988317,success,
DTLZ1_m3_e250_s159,DTLZ1,NSGAIII,pure_moea,3,10,250,159,53,0.09860902100000146,76,0.6415449750559306,0.4625981027832882,success,
DTLZ1_m3_e250_s159,DTLZ1,NSGAIII,dvl_framework,3,10,250,159,53,0.0308261200000004,91,0.4984660752313153,0.5004215981311144,success,
DTLZ1_m3_e250_s159,DTLZ1,NSGAIII,pure_moea,3,10,250,159,54,0.1057812860000027,82,0.7100249434552897,0.5164131610210605,success,
DTLZ1_m3_e250_s159,DTLZ1,NSGAIII,dvl_framework,3,10,250,159,54,0.03269412599999555,91,0.4330521951410397,0.5647580256966517,success,
DTLZ1_m3_e250_s159,DTLZ1,NSGAIII,pure_moea,3,10,250,159,55,0.10268287199999548,90,0.410270377435227,0.8050782846157898,success,
DTLZ1_m3_e250_s159,DTLZ1,NSGAIII,dvl_framework,3,10,250,159,55,0.03120526200000029,91,0.025639307273251682,1.7531687127116076,success,
DTLZ1_m3_e250_s159,DTLZ1,NSGAIII,pure_moea,3,10,250,159,56,0.10194356499999913,91,0.4114601994602104,0.9819250300144619,success,
DTLZ1_m3_e250_s159,DTLZ1,NSGAIII,dvl_framework,3,10,250,159,56,0.031245456999997145,91,0.15287394002156376,1.1649034420096847,success,
DTLZ1_m3_e250_s159,DTLZ1,NSGAIII,pure_moea,3,10,250,159,57,0.11435934400000036,79,0.6778042502508563,0.49465385494546504,success,
DTLZ1_m3_e250_s159,DTLZ1,NSGAIII,dvl_framework,3,10,250,159,57,0.03631179799999984,91,0.24405079138065255,0.9053118972055921,success,
DTLZ1_m3_e250_s159,DTLZ1,NSGAIII,pure_moea,3,10,250,159,58,0.09991083399999923,75,0.47037770371459997,0.9491718567334391,success,
DTLZ1_m3_e250_s159,DTLZ1,NSGAIII,dvl_framework,3,10,250,159,58,0.031248160000004077,91,0.5596854426686816,0.46631955442041106,success,
DTLZ1_m3_e250_s159,DTLZ1,NSGAIII,pure_moea,3,10,250,159,59,0.11578129299999773,87,0.2748918602907554,1.105052226218577,success,
DTLZ1_m3_e250_s159,DTLZ1,NSGAIII,dvl_framework,3,10,250,159,59,0.03497602500000596,91,0.0,3.4465618640605573,success,
DTLZ1_m3_e250_s159,DTLZ1,NSGAIII,pure_moea,3,10,250,159,60,0.10818461099999865,87,0.4701174086399622,0.6210063017786942,success,
DTLZ1_m3_e250_s159,DTLZ1,NSGAIII,dvl_framework,3,10,250,159,60,0.031390739000002554,91,0.13277165478184916,1.234452568982214,success,
DTLZ1_m3_e250_s159,DTLZ1,NSGAIII,pure_moea,3,10,250,159,61,0.11956020299999892,78,0.47892770816271374,0.8045070494332145,success,
DTLZ1_m3_e250_s159,DTLZ1,NSGAIII,dvl_framework,3,10,250,159,61,0.031969955000000994,91,0.0,8.399143906439438,success,
DTLZ1_m3_e500_s227,DTLZ1,MOEAD,pure_moea,3,10,500,227,42,0.07812289099999958,27,0.0,130.36085952978036,success,
DTLZ1_m3_e500_s227,DTLZ1,MOEAD,dvl_framework,3,10,500,227,42,0.06623915600000174,20,0.0,39.166395333693636,success,
DTLZ1_m3_e500_s227,DTLZ1,MOEAD,pure_moea,3,10,500,227,43,0.07993930300000329,25,0.0,159.09849690485575,success,
DTLZ1_m3_e500_s227,DTLZ1,MOEAD,dvl_framework,3,10,500,227,43,0.06230620699999889,12,0.5905601441395345,0.45717712205309036,success,
DTLZ1_m3_e500_s227,DTLZ1,MOEAD,pure_moea,3,10,500,227,44,0.0940519999999978,26,0.0,158.1994245134972,success,
DTLZ1_m3_e500_s227,DTLZ1,MOEAD,dvl_framework,3,10,500,227,44,0.061337267999995504,11,0.0,42.19461286123831,success,
DTLZ1_m3_e500_s227,DTLZ1,MOEAD,pure_moea,3,10,500,227,45,0.07496698700000337,28,0.0,165.2350934341583,success,
DTLZ1_m3_e500_s227,DTLZ1,MOEAD,dvl_framework,3,10,500,227,45,0.06529208900000327,24,0.0,4.433099091230045,success,
DTLZ1_m3_e500_s227,DTLZ1,MOEAD,pure_moea,3,10,500,227,46,0.07978748000000024,27,0.0,125.17733605290474,success,
DTLZ1_m3_e500_s227,DTLZ1,MOEAD,dvl_framework,3,10,500,227,46,0.0651506549999965,14,0.35320409979067946,0.6806146527494428,success,
DTLZ1_m3_e500_s227,DTLZ1,MOEAD,pure_moea,3,10,500,227,47,0.07389929400000028,28,0.0,132.0925910990789,success,
DTLZ1_m3_e500_s227,DTLZ1,MOEAD,dvl_framework,3,10,500,227,47,0.06347489000000195,24,0.5512212556246918,0.46952978782536614,success,
DTLZ1_m3_e500_s227,DTLZ1,MOEAD,pure_moea,3,10,500,227,48,0.07593620199999407,31,0.0,168.2674518623568,success,
DTLZ1_m3_e500_s227,DTLZ1,MOEAD,dvl_framework,3,10,500,227,48,0.06209133600000172,15,0.5441140136706246,0.47258350807331306,success,
DTLZ1_m3_e500_s227,DTLZ1,MOEAD,pure_moea,3,10,500,227,49,0.07573934700000251,24,0.0,175.2587794162175,success,
DTLZ1_m3_e500_s227,DTLZ1,MOEAD,dvl_framework,3,10,500,227,49,0.062348849000002815,19,0.0,36.55355704193238,success,
DTLZ1_m3_e500_s227,DTLZ1,MOEAD,pure_moea,3,10,500,227,50,0.08301342300000414,23,0.0,159.28202618792483,success,
DTLZ1_m3_e500_s227,DTLZ1,MOEAD,dvl_framework,3,10,500,227,50,0.06254787200000322,23,0.3906517799899044,0.6212959373831192,success,
DTLZ1_m3_e500_s227,DTLZ1,MOEAD,pure_moea,3,10,500,227,51,0.07625649500000264,35,0.0,144.7962883769233,success,
DTLZ1_m3_e500_s227,DTLZ1,MOEAD,dvl_framework,3,10,500,227,51,0.06621248700000137,27,0.3834298805692512,0.6320754307793657,success,
DTLZ1_m3_e500_s227,DTLZ1,MOEAD,pure_moea,3,10,500,227,52,0.08297163699999999,27,0.0,163.97632579210702,success,
DTLZ1_m3_e500_s227,DTLZ1,MOEAD,dvl_framework,3,10,500,227,52,0.06675515300000257,23,0.5722538738117219,0.4624463656547952,success,
DTLZ1_m3_e500_s227,DTLZ1,MOEAD,pure_moea,3,10,500,227,53,0.078230413,21,0.0,157.2833698719237,success,
DTLZ1_m3_e500_s227,DTLZ1,MOEAD,dvl_framework,3,10,500,227,53,0.06356359799999467,19,0.0,36.38106424736267,success,
DTLZ1_m3_e500_s227,DTLZ1,MOEAD,pure_moea,3,10,500,227,54,0.07665520199999776,24,0.0,145.77652102214145,success,
DTLZ1_m3_e500_s227,DTLZ1,MOEAD,dvl_framework,3,10,500,227,54,0.06177530299999745,11,0.0,2.6781330409107484,success,
DTLZ1_m3_e500_s227,DTLZ1,MOEAD,pure_moea,3,10,500,227,55,0.07371913600000113,33,0.0,156.07762135292165,success,
DTLZ1_m3_e500_s227,DTLZ1,MOEAD,dvl_framework,3,10,500,227,55,0.06184139799999855,15,0.0,1.9987052161534657,success,
DTLZ1_m3_e500_s227,DTLZ1,MOEAD,pure_moea,3,10,500,227,56,0.0744925559999956,28,0.0,151.58514630850118,success,
DTLZ1_m3_e500_s227,DTLZ1,MOEAD,dvl_framework,3,10,500,227,56,0.06524647600000577,17,0.5616243346508507,0.4656555778405853,success,
DTLZ1_m3_e500_s227,DTLZ1,MOEAD,pure_moea,3,10,500,227,57,0.07827632300000431,26,0.0,166.84433701977315,success,
DTLZ1_m3_e500_s227,DTLZ1,MOEAD,dvl_framework,3,10,500,227,57,0.06418060300000406,22,0.0,62.623660609715536,success,
DTLZ1_m3_e500_s227,DTLZ1,MOEAD,pure_moea,3,10,500,227,58,0.07421609000000018,34,0.0,107.59625645705407,success,
DTLZ1_m3_e500_s227,DTLZ1,MOEAD,dvl_framework,3,10,500,227,58,0.06251878700000191,20,0.0,38.60283466718772,success,
DTLZ1_m3_e500_s227,DTLZ1,MOEAD,pure_moea,3,10,500,227,59,0.07645031799999913,27,0.0,145.4668929441734,success,
DTLZ1_m3_e500_s227,DTLZ1,MOEAD,dvl_framework,3,10,500,227,59,0.061172222999999804,26,0.0,70.11944512961328,success,
DTLZ1_m3_e500_s227,DTLZ1,MOEAD,pure_moea,3,10,500,227,60,0.07707668899999476,30,0.0,181.17655078635636,success,
DTLZ1_m3_e500_s227,DTLZ1,MOEAD,dvl_framework,3,10,500,227,60,0.06054310000000385,20,0.3463462898456157,0.6924936614624952,success,
DTLZ1_m3_e500_s227,DTLZ1,MOEAD,pure_moea,3,10,500,227,61,0.07658174699999876,26,0.0,155.6467633168337,success,
DTLZ1_m3_e500_s227,DTLZ1,MOEAD,dvl_framework,3,10,500,227,61,0.061110035999995205,16,0.0,3.0558764482667233,success,
DTLZ1_m3_e500_s227,DTLZ1,NSGAII,pure_moea,3,10,500,227,42,0.1459208349999983,91,0.0,151.90657035281865,success,
DTLZ1_m3_e500_s227,DTLZ1,NSGAII,dvl_framework,3,10,500,227,42,0.09034237699999892,91,0.43629183227435686,0.5609690451054336,success,
DTLZ1_m3_e500_s227,DTLZ1,NSGAII,pure_moea,3,10,500,227,43,0.14159387099999776,91,0.0,192.09646479197002,success,
DTLZ1_m3_e500_s227,DTLZ1,NSGAII,dvl_framework,3,10,500,227,43,0.09119699099999679,91,0.4361786571190775,0.5610699982981329,success,
DTLZ1_m3_e500_s227,DTLZ1,NSGAII,pure_moea,3,10,500,227,44,0.14820635199999543,91,0.0,160.10400639571046,success,
DTLZ1_m3_e500_s227,DTLZ1,NSGAII,dvl_framework,3,10,500,227,44,0.09229772399999803,91,0.5445809321403497,0.47237343242931384,success,
DTLZ1_m3_e500_s227,DTLZ1,NSGAII,pure_moea,3,10,500,227,45,0.14590748399999853,91,0.0,156.71494040174807,success,
DTLZ1_m3_e500_s227,DTLZ1,NSGAII,dvl_framework,3,10,500,227,45,0.09212122199999584,91,0.0,4.433099091230045,success,
DTLZ1_m3_e500_s227,DTLZ1,NSGAII,pure_moea,3,10,500,227,46,0.14519313299999936,91,0.0,202.08446800825877,success,
DTLZ1_m3_e500_s227,DTLZ1,NSGAII,dvl_framework,3,10,500,227,46,0.091061744000001,91,0.35320409979067946,0.6806146527494428,success,
DTLZ1_m3_e500_s227,DTLZ1,NSGAII,pure_moea,3,10,500,227,47,0.14460612100000247,91,0.0,182.8118330307229,success,
DTLZ1_m3_e500_s227,DTLZ1,NSGAII,dvl_framework,3,10,500,227,47,0.09264854999999983,91,0.5561918189983032,0.46759378829857684,success,
DTLZ1_m3_e500_s227,DTLZ1,NSGAII,pure_moea,3,10,500,227,48,0.1980226029999983,91,0.0,176.97936800729224,success,
DTLZ1_m3_e500_s227,DTLZ1,NSGAII,dvl_framework,3,10,500,227,48,0.09364734600000446,91,0.5441140136706246,0.47258350807331306,success,
DTLZ1_m3_e500_s227,DTLZ1,NSGAII,pure_moea,3,10,500,227,49,0.15511901100000358,91,0.0,169.75824920765902,success,
DTLZ1_m3_e500_s227,DTLZ1,NSGAII,dvl_framework,3,10,500,227,49,0.09185069499999798,91,0.5274834033157442,0.48108921293984225,success,
DTLZ1_m3_e500_s227,DTLZ1,NSGAII,pure_moea,3,10,500,227,50,0.14677524900000094,91,0.0,199.7368702762604,success,
DTLZ1_m3_e500_s227,DTLZ1,NSGAII,dvl_framework,3,10,500,227,50,0.09119760899999108,91,0.3906517799899044,0.6212959373831192,success,
DTLZ1_m3_e500_s227,DTLZ1,NSGAII,pure_moea,3,10,500,227,51,0.14578851800000336,91,0.0,194.4815568000698,success,
DTLZ1_m3_e500_s227,DTLZ1,NSGAII,dvl_framework,3,10,500,227,51,0.09035324699999592,91,0.3834298805692512,0.6320754307793657,success,
DTLZ1_m3_e500_s227,DTLZ1,NSGAII,pure_moea,3,10,500,227,52,0.1448498670000049,91,0.0,156.53158806912356,success,
DTLZ1_m3_e500_s227,DTLZ1,NSGAII,dvl_framework,3,10,500,227,52,0.09189144100000135,91,0.5722538738117219,0.4624463656547952,success,
DTLZ1_m3_e500_s227,DTLZ1,NSGAII,pure_moea,3,10,500,227,53,0.14578350700000442,91,0.0,206.3872971762391,success,
DTLZ1_m3_e500_s227,DTLZ1,NSGAII,dvl_framework,3,10,500,227,53,0.09111735999999837,91,0.0,2.3350470876777703,success,
DTLZ1_m3_e500_s227,DTLZ1,NSGAII,pure_moea,3,10,500,227,54,0.1428734010000028,91,0.0,191.41024728577176,success,
DTLZ1_m3_e500_s227,DTLZ1,NSGAII,dvl_framework,3,10,500,227,54,0.09096004399999913,91,0.0,2.6781330409107484,success,
DTLZ1_m3_e500_s227,DTLZ1,NSGAII,pure_moea,3,10,500,227,55,0.1483902860000086,91,0.0,184.6372170207449,success,
DTLZ1_m3_e500_s227,DTLZ1,NSGAII,dvl_framework,3,10,500,227,55,0.09166086099999404,91,0.0,1.9987052161534657,success,
DTLZ1_m3_e500_s227,DTLZ1,NSGAII,pure_moea,3,10,500,227,56,0.144927942999999,91,0.0,174.74294364933158,success,
DTLZ1_m3_e500_s227,DTLZ1,NSGAII,dvl_framework,3,10,500,227,56,0.09243920200000844,91,0.5616243346508507,0.4656555778405853,success,
DTLZ1_m3_e500_s227,DTLZ1,NSGAII,pure_moea,3,10,500,227,57,0.14603196299999865,91,0.0,192.07912376676828,success,
DTLZ1_m3_e500_s227,DTLZ1,NSGAII,dvl_framework,3,10,500,227,57,0.09187488200001326,91,0.13111064607500875,1.2404613103012603,success,
DTLZ1_m3_e500_s227,DTLZ1,NSGAII,pure_moea,3,10,500,227,58,0.14720134899999948,91,0.0,131.58831372967757,success,
DTLZ1_m3_e500_s227,DTLZ1,NSGAII,dvl_framework,3,10,500,227,58,0.09170862899999577,91,0.0,5.791014541450146,success,
DTLZ1_m3_e500_s227,DTLZ1,NSGAII,pure_moea,3,10,500,227,59,0.1471119200000004,91,0.0,171.36451261411935,success,
DTLZ1_m3_e500_s227,DTLZ1,NSGAII,dvl_framework,3,10,500,227,59,0.09516515200000697,91,0.4769959429773901,0.5184359157614982,success,
DTLZ1_m3_e500_s227,DTLZ1,NSGAII,pure_moea,3,10,500,227,60,0.14804777400000546,91,0.0,196.09140172375356,success,
DTLZ1_m3_e500_s227,DTLZ1,NSGAII,dvl_framework,3,10,500,227,60,0.09147708500000817,91,0.3463462898456157,0.6924936614624952,success,
DTLZ1_m3_e500_s227,DTLZ1,NSGAII,pure_moea,3,10,500,227,61,0.14194696100000215,91,0.0,158.00277522566563,success,
DTLZ1_m3_e500_s227,DTLZ1,NSGAII,dvl_framework,3,10,500,227,61,0.09191081700001291,91,0.0,3.0558764482667233,success,
DTLZ1_m3_e500_s227,DTLZ1,NSGAIII,pure_moea,3,10,500,227,42,0.2351444609999902,88,0.7271103342200999,0.45841249916449334,success,
DTLZ1_m3_e500_s227,DTLZ1,NSGAIII,dvl_framework,3,10,500,227,42,0.134735316000004,88,0.6100744984067279,0.479878891616287,success,
DTLZ1_m3_e500_s227,DTLZ1,NSGAIII,pure_moea,3,10,500,227,43,0.2921561699999984,84,0.5281655722545688,0.5859515507129499,success,
DTLZ1_m3_e500_s227,DTLZ1,NSGAIII,dvl_framework,3,10,500,227,43,0.13254441500001235,77,0.7699273143703598,0.3441146035551056,success,
DTLZ1_m3_e500_s227,DTLZ1,NSGAIII,pure_moea,3,10,500,227,44,0.2606877759999975,90,0.323554073828106,0.9724646024788778,success,
DTLZ1_m3_e500_s227,DTLZ1,NSGAIII,dvl_framework,3,10,500,227,44,0.13517672199999708,79,0.7144974117236196,0.4013170319133216,success,
DTLZ1_m3_e500_s227,DTLZ1,NSGAIII,pure_moea,3,10,500,227,45,0.25300847500000145,71,0.7062853685715244,0.6196669244044162,success,
DTLZ1_m3_e500_s227,DTLZ1,NSGAIII,dvl_framework,3,10,500,227,45,0.13487059999999929,85,0.7461940040917601,0.39506523342414795,success,
DTLZ1_m3_e500_s227,DTLZ1,NSGAIII,pure_moea,3,10,500,227,46,0.20590233400000102,91,0.3918064126256958,0.9480708482951803,success,
DTLZ1_m3_e500_s227,DTLZ1,NSGAIII,dvl_framework,3,10,500,227,46,0.1337204430000014,85,0.8233346144022033,0.2640932953454261,success,
DTLZ1_m3_e500_s227,DTLZ1,NSGAIII,pure_moea,3,10,500,227,47,0.2618330680000014,81,0.5204504212430358,0.6831707831765813,success,
DTLZ1_m3_e500_s227,DTLZ1,NSGAIII,dvl_framework,3,10,500,227,47,0.13681134899999847,88,0.5878169194308922,0.46594020534522596,success,
DTLZ1_m3_e500_s227,DTLZ1,NSGAIII,pure_moea,3,10,500,227,48,0.23672830200000305,86,0.6193569911844411,0.5115718817036929,success,
DTLZ1_m3_e500_s227,DTLZ1,NSGAIII,dvl_framework,3,10,500,227,48,0.13082855599999732,79,0.6723698541532237,0.4392281612806887,success,
DTLZ1_m3_e500_s227,DTLZ1,NSGAIII,pure_moea,3,10,500,227,49,0.21747465900000407,81,0.6228791799633435,0.6741610243518427,success,
DTLZ1_m3_e500_s227,DTLZ1,NSGAIII,dvl_framework,3,10,500,227,49,0.13477869599999792,90,0.5367929570401135,0.48108921293984225,success,
DTLZ1_m3_e500_s227,DTLZ1,NSGAIII,pure_moea,3,10,500,227,50,0.24448512899999741,76,0.7849203716673683,0.3372188102638483,success,
DTLZ1_m3_e500_s227,DTLZ1,NSGAIII,dvl_framework,3,10,500,227,50,0.1310900559999908,87,0.6632564689109988,0.4035086776527774,success,
DTLZ1_m3_e500_s227,DTLZ1,NSGAIII,pure_moea,3,10,500,227,51,0.24528962399999443,91,0.6582538496044659,0.5292062523262203,success,
DTLZ1_m3_e500_s227,DTLZ1,NSGAIII,dvl_framework,3,10,500,227,51,0.13688504799999635,78,0.7739113341492732,0.36107101063362934,success,
DTLZ1_m3_e500_s227,DTLZ1,NSGAIII,pure_moea,3,10,500,227,52,0.24927929100000767,88,0.5714645421082137,0.745801027825511,success,
DTLZ1_m3_e500_s227,DTLZ1,NSGAIII,dvl_framework,3,10,500,227,52,0.11547661800000242,91,0.6345754231393655,0.3500103746174095,success,
DTLZ1_m3_e500_s227,DTLZ1,NSGAIII,pure_moea,3,10,500,227,53,0.23787604899999337,90,0.7408678849805588,0.417030457416449,success,
DTLZ1_m3_e500_s227,DTLZ1,NSGAIII,dvl_framework,3,10,500,227,53,0.13079761800000256,79,0.6712514475955067,0.4391414318618619,success,
DTLZ1_m3_e500_s227,DTLZ1,NSGAIII,pure_moea,3,10,500,227,54,0.2459763779999946,82,0.7299197863702239,0.4591618743031489,success,
DTLZ1_m3_e500_s227,DTLZ1,NSGAIII,dvl_framework,3,10,500,227,54,0.13318661899999995,91,0.5777998889678586,0.4092456838958008,success,
DTLZ1_m3_e500_s227,DTLZ1,NSGAIII,pure_moea,3,10,500,227,55,0.23823911499999895,88,0.7075495635438542,0.5128264422698342,success,
DTLZ1_m3_e500_s227,DTLZ1,NSGAIII,dvl_framework,3,10,500,227,55,0.1309306910000032,74,0.6014977046183476,0.48197562451118836,success,
DTLZ1_m3_e500_s227,DTLZ1,NSGAIII,pure_moea,3,10,500,227,56,0.24298301500000719,81,0.44800923560615175,1.0290122834531235,success,
DTLZ1_m3_e500_s227,DTLZ1,NSGAIII,dvl_framework,3,10,500,227,56,0.25907585699999913,89,0.5616243346508507,0.4641524809358169,success,
DTLZ1_m3_e500_s227,DTLZ1,NSGAIII,pure_moea,3,10,500,227,57,0.24313243999999656,85,0.6789772371813811,0.4675695008454329,success,
DTLZ1_m3_e500_s227,DTLZ1,NSGAIII,dvl_framework,3,10,500,227,57,0.15874249600000212,79,0.33060981701490244,0.9103038049733545,success,
DTLZ1_m3_e500_s227,DTLZ1,NSGAIII,pure_moea,3,10,500,227,58,0.2474668370000046,88,0.6904434296959486,0.5468913613920309,success,
DTLZ1_m3_e500_s227,DTLZ1,NSGAIII,dvl_framework,3,10,500,227,58,0.14512666699999954,84,0.3798899617993078,0.8202570712261501,success,
DTLZ1_m3_e500_s227,DTLZ1,NSGAIII,pure_moea,3,10,500,227,59,0.2535251270000032,81,0.9934221102427536,0.5856945857493453,success,
DTLZ1_m3_e500_s227,DTLZ1,NSGAIII,dvl_framework,3,10,500,227,59,0.12970806799999934,87,0.5096953342520931,0.5183901313759831,success,
DTLZ1_m3_e500_s227,DTLZ1,NSGAIII,pure_moea,3,10,500,227,60,0.2563897750000024,69,0.5782716105464407,0.6149718170216532,success,
DTLZ1_m3_e500_s227,DTLZ1,NSGAIII,dvl_framework,3,10,500,227,60,0.1375913410000038,87,0.43681504252207465,0.6428018166524958,success,
DTLZ1_m3_e500_s227,DTLZ1,NSGAIII,pure_moea,3,10,500,227,61,0.2358475539999887,88,0.5728308978479363,0.7622008707728846,success,
DTLZ1_m3_e500_s227,DTLZ1,NSGAIII,dvl_framework,3,10,500,227,61,0.13498500600000796,85,0.1261562268335601,1.4273511162534844,success,
DTLZ1_m3_e1000_s250,DTLZ1,MOEAD,pure_moea,3,10,1000,250,42,0.15314790899999764,34,0.0,114.1706289016409,success,
DTLZ1_m3_e1000_s250,DTLZ1,MOEAD,dvl_framework,3,10,1000,250,42,0.1317596610000038,49,0.2537324067738602,1.1857354689384232,success,
DTLZ1_m3_e1000_s250,DTLZ1,MOEAD,pure_moea,3,10,1000,250,43,0.1496948119999928,29,0.0,147.1659871058787,success,
DTLZ1_m3_e1000_s250,DTLZ1,MOEAD,dvl_framework,3,10,1000,250,43,0.13327619599999707,23,0.0,28.810541517613192,success,
DTLZ1_m3_e1000_s250,DTLZ1,MOEAD,pure_moea,3,10,1000,250,44,0.1484284170000052,35,0.0,143.7446726666725,success,
DTLZ1_m3_e1000_s250,DTLZ1,MOEAD,dvl_framework,3,10,1000,250,44,0.1324539839999943,21,0.5728496366917487,0.46228864090592325,success,
DTLZ1_m3_e1000_s250,DTLZ1,MOEAD,pure_moea,3,10,1000,250,45,0.15397655799999654,32,0.0,149.0166712565074,success,
DTLZ1_m3_e1000_s250,DTLZ1,MOEAD,dvl_framework,3,10,1000,250,45,0.13549739200000488,25,0.0,3.5922297861468504,success,
DTLZ1_m3_e1000_s250,DTLZ1,MOEAD,pure_moea,3,10,1000,250,46,0.14933878799999434,31,0.0,125.14872206647846,success,
DTLZ1_m3_e1000_s250,DTLZ1,MOEAD,dvl_framework,3,10,1000,250,46,0.13199800900000014,28,0.0,35.05127014966596,success,
DTLZ1_m3_e1000_s250,DTLZ1,MOEAD,pure_moea,3,10,1000,250,47,0.14355775300001028,40,0.0,121.03327465906656,success,
DTLZ1_m3_e1000_s250,DTLZ1,MOEAD,dvl_framework,3,10,1000,250,47,0.1372974930000055,35,0.0,69.4457404782369,success,
DTLZ1_m3_e1000_s250,DTLZ1,MOEAD,pure_moea,3,10,1000,250,48,0.15119350599999848,32,0.0,161.2301744021175,success,
DTLZ1_m3_e1000_s250,DTLZ1,MOEAD,dvl_framework,3,10,1000,250,48,0.13939086800000666,17,0.0,32.5643127180134,success,
DTLZ1_m3_e1000_s250,DTLZ1,MOEAD,pure_moea,3,10,1000,250,49,0.15207051199999455,23,0.0,162.10082197178124,success,
DTLZ1_m3_e1000_s250,DTLZ1,MOEAD,dvl_framework,3,10,1000,250,49,0.13255525399999613,22,0.8599743416054901,0.3022269186968527,success,
DTLZ1_m3_e1000_s250,DTLZ1,MOEAD,pure_moea,3,10,1000,250,50,0.1553906970000014,25,0.0,134.61093306404206,success,
DTLZ1_m3_e1000_s250,DTLZ1,MOEAD,dvl_framework,3,10,1000,250,50,0.13184914400000025,12,0.33905547088946264,0.7054866822598395,success,
DTLZ1_m3_e1000_s250,DTLZ1,MOEAD,pure_moea,3,10,1000,250,51,0.1654454659999942,42,0.0,139.95432757220357,success,
DTLZ1_m3_e1000_s250,DTLZ1,MOEAD,dvl_framework,3,10,1000,250,51,0.12411358099998893,35,0.6721375579361284,0.49751438277007326,success,
DTLZ1_m3_e1000_s250,DTLZ1,MOEAD,pure_moea,3,10,1000,250,52,0.1481839499999893,37,0.0,152.8048861000396,success,
DTLZ1_m3_e1000_s250,DTLZ1,MOEAD,dvl_framework,3,10,1000,250,52,0.13181699000000435,16,0.6663145873381932,0.37991375861352095,success,
DTLZ1_m3_e1000_s250,DTLZ1,MOEAD,pure_moea,3,10,1000,250,53,0.14999329500000158,31,0.0,153.20566991014175,success,
DTLZ1_m3_e1000_s250,DTLZ1,MOEAD,dvl_framework,3,10,1000,250,53,0.1374218520000028,17,0.0,31.692492749383945,success,
DTLZ1_m3_e1000_s250,DTLZ1,MOEAD,pure_moea,3,10,1000,250,54,0.14729855100000577,28,0.0,139.84114993039603,success,
DTLZ1_m3_e1000_s250,DTLZ1,MOEAD,dvl_framework,3,10,1000,250,54,0.133699816999993,24,0.5501879887604912,0.46994674742872394,success,
DTLZ1_m3_e1000_s250,DTLZ1,MOEAD,pure_moea,3,10,1000,250,55,0.15089039799998716,40,0.0,149.14645611824182,success,
DTLZ1_m3_e1000_s250,DTLZ1,MOEAD,dvl_framework,3,10,1000,250,55,0.1303744159999951,19,0.7392590152261836,0.34574645450091207,success,
DTLZ1_m3_e1000_s250,DTLZ1,MOEAD,pure_moea,3,10,1000,250,56,0.14800380300000882,27,0.0,130.29914188718524,success,
DTLZ1_m3_e1000_s250,DTLZ1,MOEAD,dvl_framework,3,10,1000,250,56,0.13059262500000557,13,0.6578652483303751,0.4245671168744121,success,
DTLZ1_m3_e1000_s250,DTLZ1,MOEAD,pure_moea,3,10,1000,250,57,0.14905322500000295,35,0.0,143.8608379287402,success,
DTLZ1_m3_e1000_s250,DTLZ1,MOEAD,dvl_framework,3,10,1000,250,57,0.13212111600000753,23,0.0,26.298861481315345,success,
DTLZ1_m3_e1000_s250,DTLZ1,MOEAD,pure_moea,3,10,1000,250,58,0.1451455720000041,41,0.0,107.59625645705407,success,
DTLZ1_m3_e1000_s250,DTLZ1,MOEAD,dvl_framework,3,10,1000,250,58,0.13207556499999384,32,0.8154869185475817,0.31914898283434995,success,
DTLZ1_m3_e1000_s250,DTLZ1,MOEAD,pure_moea,3,10,1000,250,59,0.1589055630000047,30,0.0,142.80714669529166,success,
DTLZ1_m3_e1000_s250,DTLZ1,MOEAD,dvl_framework,3,10,1000,250,59,0.1397075889999968,21,0.6669542718327854,0.42296818706105654,success,
DTLZ1_m3_e1000_s250,DTLZ1,MOEAD,pure_moea,3,10,1000,250,60,0.1465660160000084,30,0.0,167.1317122519592,success,
DTLZ1_m3_e1000_s250,DTLZ1,MOEAD,dvl_framework,3,10,1000,250,60,0.12571983200000147,23,0.9367106651531014,0.22809908406436455,success,
DTLZ1_m3_e1000_s250,DTLZ1,MOEAD,pure_moea,3,10,1000,250,61,0.15053486099999702,31,0.0,132.18687999032426,success,
DTLZ1_m3_e1000_s250,DTLZ1,MOEAD,dvl_framework,3,10,1000,250,61,0.12379421100000343,28,0.0,5.905899833329313,success,
DTLZ1_m3_e1000_s250,DTLZ1,NSGAII,pure_moea,3,10,1000,250,42,0.3038685060000006,91,0.0,134.81948518160297,success,
DTLZ1_m3_e1000_s250,DTLZ1,NSGAII,dvl_framework,3,10,1000,250,42,0.25250471600000424,91,0.05854410112092501,1.5556078860811429,success,
DTLZ1_m3_e1000_s250,DTLZ1,NSGAII,pure_moea,3,10,1000,250,43,0.30027535999998634,91,0.0,131.9879554263326,success,
DTLZ1_m3_e1000_s250,DTLZ1,NSGAII,dvl_framework,3,10,1000,250,43,0.2492079700000005,91,0.3994383548257022,0.6087408669705425,success,
DTLZ1_m3_e1000_s250,DTLZ1,NSGAII,pure_moea,3,10,1000,250,44,0.30213827199999344,91,0.0,151.8012803225297,success,
DTLZ1_m3_e1000_s250,DTLZ1,NSGAII,dvl_framework,3,10,1000,250,44,0.25177647000001,91,0.5728496366917487,0.46228864090592325,success,
DTLZ1_m3_e1000_s250,DTLZ1,NSGAII,pure_moea,3,10,1000,250,45,0.30947478299999887,91,0.0,156.68297287646445,success,
DTLZ1_m3_e1000_s250,DTLZ1,NSGAII,dvl_framework,3,10,1000,250,45,0.25375791199999753,91,0.0,4.579977653460835,success,
DTLZ1_m3_e1000_s250,DTLZ1,NSGAII,pure_moea,3,10,1000,250,46,0.30936864699999944,91,0.0,141.61102049182713,success,
DTLZ1_m3_e1000_s250,DTLZ1,NSGAII,dvl_framework,3,10,1000,250,46,0.24851786199999992,91,0.5548952461304513,0.46807470677977964,success,
DTLZ1_m3_e1000_s250,DTLZ1,NSGAII,pure_moea,3,10,1000,250,47,0.30776687800000957,91,0.0,121.54025043003324,success,
DTLZ1_m3_e1000_s250,DTLZ1,NSGAII,dvl_framework,3,10,1000,250,47,0.2500364289999908,91,0.1560749229658774,1.154333073085193,success,
DTLZ1_m3_e1000_s250,DTLZ1,NSGAII,pure_moea,3,10,1000,250,48,0.3068976149999969,91,0.0,172.26349842095132,success,
DTLZ1_m3_e1000_s250,DTLZ1,NSGAII,dvl_framework,3,10,1000,250,48,0.24983509999999853,91,0.5676448476392661,0.4637453678299609,success,
DTLZ1_m3_e1000_s250,DTLZ1,NSGAII,pure_moea,3,10,1000,250,49,0.30975656600000434,91,0.0,146.88971769452104,success,
DTLZ1_m3_e1000_s250,DTLZ1,NSGAII,dvl_framework,3,10,1000,250,49,0.2480389059999908,91,0.570890574000015,0.4574822936197913,success,
DTLZ1_m3_e1000_s250,DTLZ1,NSGAII,pure_moea,3,10,1000,250,50,0.3554842679999979,91,0.0,181.51063642264631,success,
DTLZ1_m3_e1000_s250,DTLZ1,NSGAII,dvl_framework,3,10,1000,250,50,0.2528731090000065,91,0.33905000974691635,0.7054964604592747,success,
DTLZ1_m3_e1000_s250,DTLZ1,NSGAII,pure_moea,3,10,1000,250,51,0.3062653380000029,91,0.0,155.48765380942046,success,
DTLZ1_m3_e1000_s250,DTLZ1,NSGAII,dvl_framework,3,10,1000,250,51,0.25277078599999925,91,0.3586599676580926,0.6714670283580779,success,
DTLZ1_m3_e1000_s250,DTLZ1,NSGAII,pure_moea,3,10,1000,250,52,0.3041197129999915,91,0.0,140.04107521770203,success,
DTLZ1_m3_e1000_s250,DTLZ1,NSGAII,dvl_framework,3,10,1000,250,52,0.25076749400000153,91,0.4969778892727399,0.5015723518815838,success,
DTLZ1_m3_e1000_s250,DTLZ1,NSGAII,pure_moea,3,10,1000,250,53,0.3087450579999995,91,0.0,168.03749017432233,success,
DTLZ1_m3_e1000_s250,DTLZ1,NSGAII,dvl_framework,3,10,1000,250,53,0.25284752199999616,91,0.1390726306969069,1.2121113935342755,success,
DTLZ1_m3_e1000_s250,DTLZ1,NSGAII,pure_moea,3,10,1000,250,54,0.30660116800000026,91,0.0,137.1161766596242,success,
DTLZ1_m3_e1000_s250,DTLZ1,NSGAII,dvl_framework,3,10,1000,250,54,0.25087454799999875,91,0.5501879887604912,0.46994674742872394,success,
DTLZ1_m3_e1000_s250,DTLZ1,NSGAII,pure_moea,3,10,1000,250,55,0.3081524299999927,91,0.0,133.5731195206659,success,
DTLZ1_m3_e1000_s250,DTLZ1,NSGAII,dvl_framework,3,10,1000,250,55,0.25400135099999943,91,0.5580292509450109,0.4669120033821952,success,
DTLZ1_m3_e1000_s250,DTLZ1,NSGAII,pure_moea,3,10,1000,250,56,0.3054894229999974,91,0.0,121.59111752540161,success,
DTLZ1_m3_e1000_s250,DTLZ1,NSGAII,dvl_framework,3,10,1000,250,56,0.24874348199999474,91,0.5553246385992697,0.46791334201509405,success,
DTLZ1_m3_e1000_s250,DTLZ1,NSGAII,pure_moea,3,10,1000,250,57,0.30796243000000345,91,0.0,149.71053631346237,success,
DTLZ1_m3_e1000_s250,DTLZ1,NSGAII,dvl_framework,3,10,1000,250,57,0.2534444970000038,91,0.47841182980407776,0.5062107192009777,success,
DTLZ1_m3_e1000_s250,DTLZ1,NSGAII,pure_moea,3,10,1000,250,58,0.3110117680000002,91,0.0,131.58831372967757,success,
DTLZ1_m3_e1000_s250,DTLZ1,NSGAII,dvl_framework,3,10,1000,250,58,0.2505752239999879,91,0.5310299209945166,0.47911522068519735,success,
DTLZ1_m3_e1000_s250,DTLZ1,NSGAII,pure_moea,3,10,1000,250,59,0.307379386000008,91,0.0,109.83570422546333,success,
DTLZ1_m3_e1000_s250,DTLZ1,NSGAII,dvl_framework,3,10,1000,250,59,0.25418484400000807,91,0.4949403720541454,0.5031686723306951,success,
DTLZ1_m3_e1000_s250,DTLZ1,NSGAII,pure_moea,3,10,1000,250,60,0.3062128279999854,91,0.0,137.8201092636909,success,
DTLZ1_m3_e1000_s250,DTLZ1,NSGAII,dvl_framework,3,10,1000,250,60,0.2469205320000185,91,0.5668234848022906,0.4639927308748271,success,
DTLZ1_m3_e1000_s250,DTLZ1,NSGAII,pure_moea,3,10,1000,250,61,0.30497483700000316,91,0.0,130.83915171314968,success,
DTLZ1_m3_e1000_s250,DTLZ1,NSGAII,dvl_framework,3,10,1000,250,61,0.25261415400001397,91,0.0,6.363425885549119,success,
DTLZ1_m3_e1000_s250,DTLZ1,NSGAIII,pure_moea,3,10,1000,250,42,0.47241007300002025,91,0.9981347577139502,0.44520072351793144,success,
DTLZ1_m3_e1000_s250,DTLZ1,NSGAIII,dvl_framework,3,10,1000,250,42,0.4082885329999897,91,0.8706386485009707,0.3012987431386574,success,
DTLZ1_m3_e1000_s250,DTLZ1,NSGAIII,pure_moea,3,10,1000,250,43,0.5017571230000044,89,0.5453960534000556,0.581541496999049,success,
DTLZ1_m3_e1000_s250,DTLZ1,NSGAIII,dvl_framework,3,10,1000,250,43,0.39888866900000153,84,0.7993050356196394,0.40111973775672094,success,
DTLZ1_m3_e1000_s250,DTLZ1,NSGAIII,pure_moea,3,10,1000,250,44,0.5119688449999842,78,0.4896371633538079,0.7925803715698634,success,
DTLZ1_m3_e1000_s250,DTLZ1,NSGAIII,dvl_framework,3,10,1000,250,44,0.41413493499999277,87,0.7969359984429881,0.36879585920421026,success,
DTLZ1_m3_e1000_s250,DTLZ1,NSGAIII,pure_moea,3,10,1000,250,45,0.5211271059999945,91,0.9894701302615032,0.6503805107750231,success,
DTLZ1_m3_e1000_s250,DTLZ1,NSGAIII,dvl_framework,3,10,1000,250,45,0.36841669999998317,91,0.7892090828902389,0.3424711988231941,success,
DTLZ1_m3_e1000_s250,DTLZ1,NSGAIII,pure_moea,3,10,1000,250,46,0.4854740279999987,88,0.5010331940278763,0.8382087607937878,success,
DTLZ1_m3_e1000_s250,DTLZ1,NSGAIII,dvl_framework,3,10,1000,250,46,0.375148165000013,91,0.7428462226810847,0.33301271315481684,success,
DTLZ1_m3_e1000_s250,DTLZ1,NSGAIII,pure_moea,3,10,1000,250,47,0.49739666700000384,87,0.9924059081583692,0.5082639597831923,success,
DTLZ1_m3_e1000_s250,DTLZ1,NSGAIII,dvl_framework,3,10,1000,250,47,0.393464836000021,85,0.1560749229658774,1.154333073085193,success,
DTLZ1_m3_e1000_s250,DTLZ1,NSGAIII,pure_moea,3,10,1000,250,48,0.5020322319999764,90,0.9957991913754695,0.4479030663897194,success,
DTLZ1_m3_e1000_s250,DTLZ1,NSGAIII,dvl_framework,3,10,1000,250,48,0.4108156249999979,87,0.6525720421982467,0.45127581257020005,success,
DTLZ1_m3_e1000_s250,DTLZ1,NSGAIII,pure_moea,3,10,1000,250,49,0.48238900399999807,87,0.6261198450866003,0.6741610243518427,success,
DTLZ1_m3_e1000_s250,DTLZ1,NSGAIII,dvl_framework,3,10,1000,250,49,0.3718331809999995,83,0.6939486026970569,0.4074457487012413,success,
DTLZ1_m3_e1000_s250,DTLZ1,NSGAIII,pure_moea,3,10,1000,250,50,0.48402825499999835,91,0.8080217843718761,0.3244421519267251,success,
DTLZ1_m3_e1000_s250,DTLZ1,NSGAIII,dvl_framework,3,10,1000,250,50,0.41594624500001487,87,0.9599722828092596,0.47421327520684,success,
DTLZ1_m3_e1000_s250,DTLZ1,NSGAIII,pure_moea,3,10,1000,250,51,0.5086401890000047,89,0.9930889828483913,0.44030432569098893,success,
DTLZ1_m3_e1000_s250,DTLZ1,NSGAIII,dvl_framework,3,10,1000,250,51,0.3819804599999941,91,0.789432845379458,0.3046729462096112,success,
DTLZ1_m3_e1000_s250,DTLZ1,NSGAIII,pure_moea,3,10,1000,250,52,0.4849530240000206,84,0.9933335771592453,0.5034929809299463,success,
DTLZ1_m3_e1000_s250,DTLZ1,NSGAIII,dvl_framework,3,10,1000,250,52,0.3760414879999985,82,0.7908641381609718,0.36729590253794275,success,
DTLZ1_m3_e1000_s250,DTLZ1,NSGAIII,pure_moea,3,10,1000,250,53,0.4956357660000208,86,0.9908202532997881,0.417030457416449,success,
DTLZ1_m3_e1000_s250,DTLZ1,NSGAIII,dvl_framework,3,10,1000,250,53,0.3736314230000062,83,0.9967138492647146,0.3106464655726814,success,
DTLZ1_m3_e1000_s250,DTLZ1,NSGAIII,pure_moea,3,10,1000,250,54,0.49964936800000714,91,0.7456233136998286,0.45118139464118034,success,
DTLZ1_m3_e1000_s250,DTLZ1,NSGAIII,dvl_framework,3,10,1000,250,54,0.40055827300000146,88,0.7098560157519352,0.3575164762144181,success,
DTLZ1_m3_e1000_s250,DTLZ1,NSGAIII,pure_moea,3,10,1000,250,55,0.5006700659999979,91,0.7675543279706445,0.47575311736254366,success,
DTLZ1_m3_e1000_s250,DTLZ1,NSGAIII,dvl_framework,3,10,1000,250,55,0.3681985139999995,91,0.8278713452164762,0.30252907106087684,success,
DTLZ1_m3_e1000_s250,DTLZ1,NSGAIII,pure_moea,3,10,1000,250,56,0.500826625000002,79,0.9871503859659254,0.6905622527314421,success,
DTLZ1_m3_e1000_s250,DTLZ1,NSGAIII,dvl_framework,3,10,1000,250,56,0.4002541650000069,83,0.8709729928993306,0.22724652252662844,success,
DTLZ1_m3_e1000_s250,DTLZ1,NSGAIII,pure_moea,3,10,1000,250,57,0.4548580600000207,91,0.6860434070136405,0.4655350152072489,success,
DTLZ1_m3_e1000_s250,DTLZ1,NSGAIII,dvl_framework,3,10,1000,250,57,0.3953667020000182,81,0.9796630255293018,0.3337358358046621,success,
DTLZ1_m3_e1000_s250,DTLZ1,NSGAIII,pure_moea,3,10,1000,250,58,0.4920271120000166,74,0.9953140701578769,0.44640693861222897,success,
DTLZ1_m3_e1000_s250,DTLZ1,NSGAIII,dvl_framework,3,10,1000,250,58,0.4051034649999963,88,0.9217904232780318,0.2536664829297807,success,
DTLZ1_m3_e1000_s250,DTLZ1,NSGAIII,pure_moea,3,10,1000,250,59,0.49844869500000755,86,0.9928902543352188,0.5114334131446843,success,
DTLZ1_m3_e1000_s250,DTLZ1,NSGAIII,dvl_framework,3,10,1000,250,59,0.4476834339999982,90,0.5911606423953027,0.4963196471033719,success,
DTLZ1_m3_e1000_s250,DTLZ1,NSGAIII,pure_moea,3,10,1000,250,60,0.5177427859999852,88,0.5638711532189843,0.6156451912329717,success,
DTLZ1_m3_e1000_s250,DTLZ1,NSGAIII,dvl_framework,3,10,1000,250,60,0.3881291470000008,91,0.6248007008776559,0.4517969869709568,success,
DTLZ1_m3_e1000_s250,DTLZ1,NSGAIII,pure_moea,3,10,1000,250,61,0.49757733100000223,79,0.6349824903516055,0.7210834339865533,success,
DTLZ1_m3_e1000_s250,DTLZ1,NSGAIII,dvl_framework,3,10,1000,250,61,0.39955242600001384,86,0.9589953954394459,0.317173093813076,success,
DTLZ1_m3_e1500_s300,DTLZ1,MOEAD,pure_moea,3,10,1500,300,42,0.2332191499999965,40,0.0,100.40452489418209,success,
DTLZ1_m3_e1500_s300,DTLZ1,MOEAD,dvl_framework,3,10,1500,300,42,0.18139753999997765,51,0.8796938715896429,0.2933616172868606,success,
DTLZ1_m3_e1500_s300,DTLZ1,MOEAD,pure_moea,3,10,1500,300,43,0.22138408899999718,35,0.0,132.03882414783993,success,
DTLZ1_m3_e1500_s300,DTLZ1,MOEAD,dvl_framework,3,10,1500,300,43,0.19630999800000382,39,0.9490855935406002,0.20019719133099934,success,
DTLZ1_m3_e1500_s300,DTLZ1,MOEAD,pure_moea,3,10,1500,300,44,0.2221580880000147,32,0.0,131.35433889377572,success,
DTLZ1_m3_e1500_s300,DTLZ1,MOEAD,dvl_framework,3,10,1500,300,44,0.20749336700001209,13,0.7183448140563203,0.5025640840486104,success,
DTLZ1_m3_e1500_s300,DTLZ1,MOEAD,pure_moea,3,10,1500,300,45,0.22366960100001165,36,0.0,144.94914692663102,success,
DTLZ1_m3_e1500_s300,DTLZ1,MOEAD,dvl_framework,3,10,1500,300,45,0.1968196770000077,33,0.0,29.015696143966387,success,
DTLZ1_m3_e1500_s300,DTLZ1,MOEAD,pure_moea,3,10,1500,300,46,0.224411377999985,41,0.0,119.30922068320065,success,
DTLZ1_m3_e1500_s300,DTLZ1,MOEAD,dvl_framework,3,10,1500,300,46,0.18591838000000394,42,0.6931161416702365,0.47075563805914467,success,
DTLZ1_m3_e1500_s300,DTLZ1,MOEAD,pure_moea,3,10,1500,300,47,0.2121880669999996,43,0.0,119.82269898441979,success,
DTLZ1_m3_e1500_s300,DTLZ1,MOEAD,dvl_framework,3,10,1500,300,47,0.2126403489999973,31,0.0,41.625185372533274,success,
DTLZ1_m3_e1500_s300,DTLZ1,MOEAD,pure_moea,3,10,1500,300,48,0.2359593630000063,30,0.0,144.05008689439978,success,
DTLZ1_m3_e1500_s300,DTLZ1,MOEAD,dvl_framework,3,10,1500,300,48,0.20158196799999928,31,0.4113408798831589,0.8583348197015562,success,
DTLZ1_m3_e1500_s300,DTLZ1,MOEAD,pure_moea,3,10,1500,300,49,0.2260447959999965,31,0.0,152.68313456416882,success,
DTLZ1_m3_e1500_s300,DTLZ1,MOEAD,dvl_framework,3,10,1500,300,49,0.20325297499999806,30,0.40792840312045514,0.8545012705073489,success,
DTLZ1_m3_e1500_s300,DTLZ1,MOEAD,pure_moea,3,10,1500,300,50,0.2252339489999997,39,0.0,116.97265250506318,success,
DTLZ1_m3_e1500_s300,DTLZ1,MOEAD,dvl_framework,3,10,1500,300,50,0.1961557429999914,45,0.6021375597826825,0.5796596897426023,success,
DTLZ1_m3_e1500_s300,DTLZ1,MOEAD,pure_moea,3,10,1500,300,51,0.23698175399999855,46,0.0,138.77156261322193,success,
DTLZ1_m3_e1500_s300,DTLZ1,MOEAD,dvl_framework,3,10,1500,300,51,0.19507892300001117,42,0.7820962594078357,0.5004166255432049,success,
DTLZ1_m3_e1500_s300,DTLZ1,MOEAD,pure_moea,3,10,1500,300,52,0.23098859800001037,37,0.0,135.73518290537783,success,
DTLZ1_m3_e1500_s300,DTLZ1,MOEAD,dvl_framework,3,10,1500,300,52,0.20815015299999118,31,0.053407078004378446,1.7910126405835396,success,
DTLZ1_m3_e1500_s300,DTLZ1,MOEAD,pure_moea,3,10,1500,300,53,0.2355310579999923,30,0.0,132.78079192113628,success,
DTLZ1_m3_e1500_s300,DTLZ1,MOEAD,dvl_framework,3,10,1500,300,53,0.19175788199999033,38,0.0,30.60315175776877,success,
DTLZ1_m3_e1500_s300,DTLZ1,MOEAD,pure_moea,3,10,1500,300,54,0.22413842099999215,39,0.0,139.0465163913126,success,
DTLZ1_m3_e1500_s300,DTLZ1,MOEAD,dvl_framework,3,10,1500,300,54,0.19837341100000572,46,0.7541273227126795,0.39477114059244184,success,
DTLZ1_m3_e1500_s300,DTLZ1,MOEAD,pure_moea,3,10,1500,300,55,0.23340336500001513,45,0.0,147.96777221405463,success,
DTLZ1_m3_e1500_s300,DTLZ1,MOEAD,dvl_framework,3,10,1500,300,55,0.18601431299998694,31,0.8977818124218576,0.3230001591921104,success,
DTLZ1_m3_e1500_s300,DTLZ1,MOEAD,pure_moea,3,10,1500,300,56,0.22612639800001944,34,0.0,110.4815155162146,success,
DTLZ1_m3_e1500_s300,DTLZ1,MOEAD,dvl_framework,3,10,1500,300,56,0.20370251800000005,40,0.9542521937870143,0.1969197833457028,success,
DTLZ1_m3_e1500_s300,DTLZ1,MOEAD,pure_moea,3,10,1500,300,57,0.23057397400000923,44,0.0,130.87884595055758,success,
DTLZ1_m3_e1500_s300,DTLZ1,MOEAD,dvl_framework,3,10,1500,300,57,0.20384536599999592,25,0.0,26.54163996024323,success,
DTLZ1_m3_e1500_s300,DTLZ1,MOEAD,pure_moea,3,10,1500,300,58,0.22105049399999643,45,0.0,106.39691086922136,success,
DTLZ1_m3_e1500_s300,DTLZ1,MOEAD,dvl_framework,3,10,1500,300,58,0.1951788990000125,37,0.8437371205095577,0.3500795408886021,success,
DTLZ1_m3_e1500_s300,DTLZ1,MOEAD,pure_moea,3,10,1500,300,59,0.22886730500002272,34,0.0,133.51738482171461,success,
DTLZ1_m3_e1500_s300,DTLZ1,MOEAD,dvl_framework,3,10,1500,300,59,0.20440907299999367,23,0.0,20.225443342232122,success,
DTLZ1_m3_e1500_s300,DTLZ1,MOEAD,pure_moea,3,10,1500,300,60,0.22091898599998672,38,0.0,152.29972653433418,success,
DTLZ1_m3_e1500_s300,DTLZ1,MOEAD,dvl_framework,3,10,1500,300,60,0.20470957800000633,30,0.0,101.5800381162781,success,
DTLZ1_m3_e1500_s300,DTLZ1,MOEAD,pure_moea,3,10,1500,300,61,0.22540300000000002,34,0.0,129.439514728454,success,
DTLZ1_m3_e1500_s300,DTLZ1,MOEAD,dvl_framework,3,10,1500,300,61,0.20938400300002513,26,0.0,101.77450684431736,success,
DTLZ1_m3_e1500_s300,DTLZ1,NSGAII,pure_moea,3,10,1500,300,42,0.47504626299999586,91,0.0,134.81948518160297,success,
DTLZ1_m3_e1500_s300,DTLZ1,NSGAII,dvl_framework,3,10,1500,300,42,0.40721710100001474,91,0.5735893520203974,0.46209589659295836,success,
DTLZ1_m3_e1500_s300,DTLZ1,NSGAII,pure_moea,3,10,1500,300,43,0.4756971410000119,91,0.0,131.9879554263326,success,
DTLZ1_m3_e1500_s300,DTLZ1,NSGAII,dvl_framework,3,10,1500,300,43,0.40083551499998293,91,0.5666423196900774,0.46404954246794144,success,
DTLZ1_m3_e1500_s300,DTLZ1,NSGAII,pure_moea,3,10,1500,300,44,0.48145294699997976,91,0.0,145.99433766063515,success,
DTLZ1_m3_e1500_s300,DTLZ1,NSGAII,dvl_framework,3,10,1500,300,44,0.405866992,91,0.5519634485211408,0.46922537874295694,success,
DTLZ1_m3_e1500_s300,DTLZ1,NSGAII,pure_moea,3,10,1500,300,45,0.48399114399998666,91,0.0,123.72433960752157,success,
DTLZ1_m3_e1500_s300,DTLZ1,NSGAII,dvl_framework,3,10,1500,300,45,0.40087782899999524,91,0.0,2.7763658869627386,success,
DTLZ1_m3_e1500_s300,DTLZ1,NSGAII,pure_moea,3,10,1500,300,46,0.4738131130000056,91,0.0,141.43765906663577,success,
DTLZ1_m3_e1500_s300,DTLZ1,NSGAII,dvl_framework,3,10,1500,300,46,0.41198838700000806,91,0.5204660055496437,0.5063347239357338,success,
DTLZ1_m3_e1500_s300,DTLZ1,NSGAII,pure_moea,3,10,1500,300,47,0.47613064300000474,91,0.0,121.54025043003324,success,
DTLZ1_m3_e1500_s300,DTLZ1,NSGAII,dvl_framework,3,10,1500,300,47,0.4074031969999794,91,0.5038486183497891,0.49639890596237307,success,
DTLZ1_m3_e1500_s300,DTLZ1,NSGAII,pure_moea,3,10,1500,300,48,0.47387487599999645,91,0.0,155.61766598137555,success,
DTLZ1_m3_e1500_s300,DTLZ1,NSGAII,dvl_framework,3,10,1500,300,48,0.40574329000000375,91,0.20977077598547744,0.9936233634768489,success,
DTLZ1_m3_e1500_s300,DTLZ1,NSGAII,pure_moea,3,10,1500,300,49,0.48047986299999934,91,0.0,136.59470876343474,success,
DTLZ1_m3_e1500_s300,DTLZ1,NSGAII,dvl_framework,3,10,1500,300,49,0.40032690699999307,91,0.3550992116138509,0.6773972000008144,success,
DTLZ1_m3_e1500_s300,DTLZ1,NSGAII,pure_moea,3,10,1500,300,50,0.4848073229999841,91,0.0,152.89574658500996,success,
DTLZ1_m3_e1500_s300,DTLZ1,NSGAII,dvl_framework,3,10,1500,300,50,0.4032149429999947,91,0.3145590489099141,0.7511390056738622,success,
DTLZ1_m3_e1500_s300,DTLZ1,NSGAII,pure_moea,3,10,1500,300,51,0.47344265399999585,91,0.0,117.07274900367881,success,
DTLZ1_m3_e1500_s300,DTLZ1,NSGAII,dvl_framework,3,10,1500,300,51,0.40077909699999736,91,0.33969166681465635,0.7042454496549508,success,
DTLZ1_m3_e1500_s300,DTLZ1,NSGAII,pure_moea,3,10,1500,300,52,0.47716149700002575,91,0.0,132.29865531776775,success,
DTLZ1_m3_e1500_s300,DTLZ1,NSGAII,dvl_framework,3,10,1500,300,52,0.41342173999998977,91,0.0,1.977168764761376,success,
DTLZ1_m3_e1500_s300,DTLZ1,NSGAII,pure_moea,3,10,1500,300,53,0.48014384300000756,91,0.0,161.8633989259687,success,
DTLZ1_m3_e1500_s300,DTLZ1,NSGAII,dvl_framework,3,10,1500,300,53,0.40216773299999886,91,0.08151752204993261,1.4425480986553523,success,
DTLZ1_m3_e1500_s300,DTLZ1,NSGAII,pure_moea,3,10,1500,300,54,0.4800699060000113,91,0.0,136.1271179388523,success,
DTLZ1_m3_e1500_s300,DTLZ1,NSGAII,dvl_framework,3,10,1500,300,54,0.4024180400000148,91,0.42541087038295605,0.5741265524531209,success,
DTLZ1_m3_e1500_s300,DTLZ1,NSGAII,pure_moea,3,10,1500,300,55,0.47981771900001036,91,0.0,133.5731195206659,success,
DTLZ1_m3_e1500_s300,DTLZ1,NSGAII,dvl_framework,3,10,1500,300,55,0.3994742510000151,91,0.48964963323744115,0.5074531387169997,success,
DTLZ1_m3_e1500_s300,DTLZ1,NSGAII,pure_moea,3,10,1500,300,56,0.4750302829999953,91,0.0,121.59111752540161,success,
DTLZ1_m3_e1500_s300,DTLZ1,NSGAII,dvl_framework,3,10,1500,300,56,0.40270855999997934,91,0.626509072100626,0.4434801434856244,success,
DTLZ1_m3_e1500_s300,DTLZ1,NSGAII,pure_moea,3,10,1500,300,57,0.5237468130000025,91,0.0,149.71053631346237,success,
DTLZ1_m3_e1500_s300,DTLZ1,NSGAII,dvl_framework,3,10,1500,300,57,0.409226163999989,91,0.5668709095430069,0.46397773019278715,success,
DTLZ1_m3_e1500_s300,DTLZ1,NSGAII,pure_moea,3,10,1500,300,58,0.48430547500001353,91,0.0,131.58831372967757,success,
DTLZ1_m3_e1500_s300,DTLZ1,NSGAII,dvl_framework,3,10,1500,300,58,0.4147133829999916,91,0.45325244439799267,0.5419094574002824,success,
DTLZ1_m3_e1500_s300,DTLZ1,NSGAII,pure_moea,3,10,1500,300,59,0.48298529999999573,91,0.0,109.83570422546333,success,
DTLZ1_m3_e1500_s300,DTLZ1,NSGAII,dvl_framework,3,10,1500,300,59,0.409377424000013,91,0.4735781220572099,0.5135518192726819,success,
DTLZ1_m3_e1500_s300,DTLZ1,NSGAII,pure_moea,3,10,1500,300,60,0.48217753400001584,91,0.0,137.8201092636909,success,
DTLZ1_m3_e1500_s300,DTLZ1,NSGAII,dvl_framework,3,10,1500,300,60,0.4043086350000067,91,0.3918866926320707,0.6195244808447964,success,
DTLZ1_m3_e1500_s300,DTLZ1,NSGAII,pure_moea,3,10,1500,300,61,0.47029077400000574,91,0.0,123.38128477957824,success,
DTLZ1_m3_e1500_s300,DTLZ1,NSGAII,dvl_framework,3,10,1500,300,61,0.40413745000000745,91,0.2642946280531831,0.8574390939893926,success,
DTLZ1_m3_e1500_s300,DTLZ1,NSGAIII,pure_moea,3,10,1500,300,42,0.7722528730000136,91,0.9982189978096193,0.44520064122376923,success,
DTLZ1_m3_e1500_s300,DTLZ1,NSGAIII,dvl_framework,3,10,1500,300,42,0.6168412540000077,82,0.8361090009963698,0.3187640727851583,success,
DTLZ1_m3_e1500_s300,DTLZ1,NSGAIII,pure_moea,3,10,1500,300,43,0.7762047939999945,88,0.9877897739419178,0.5710117601767423,success,
DTLZ1_m3_e1500_s300,DTLZ1,NSGAIII,dvl_framework,3,10,1500,300,43,0.5951927360000013,91,0.7280631940681943,0.33536732275222947,success,
DTLZ1_m3_e1500_s300,DTLZ1,NSGAIII,pure_moea,3,10,1500,300,44,0.7414738850000049,90,0.990875699768449,0.6334496176806129,success,
DTLZ1_m3_e1500_s300,DTLZ1,NSGAIII,dvl_framework,3,10,1500,300,44,0.6229537460000074,80,0.989897486955818,0.4051347287507477,success,
DTLZ1_m3_e1500_s300,DTLZ1,NSGAIII,pure_moea,3,10,1500,300,45,0.8131227199999955,89,0.9956091544769556,0.6440047277048168,success,
DTLZ1_m3_e1500_s300,DTLZ1,NSGAIII,dvl_framework,3,10,1500,300,45,0.6149771849999865,87,0.8848445892492187,0.27992068445321394,success,
DTLZ1_m3_e1500_s300,DTLZ1,NSGAIII,pure_moea,3,10,1500,300,46,0.7496229729999868,78,0.988753009517584,0.6666367325900793,success,
DTLZ1_m3_e1500_s300,DTLZ1,NSGAIII,dvl_framework,3,10,1500,300,46,0.5959155740000028,90,0.8671717011450507,0.21840129364049457,success,
DTLZ1_m3_e1500_s300,DTLZ1,NSGAIII,pure_moea,3,10,1500,300,47,0.7451294089999863,87,0.9924117355194155,0.5082639597831923,success,
DTLZ1_m3_e1500_s300,DTLZ1,NSGAIII,dvl_framework,3,10,1500,300,47,0.6259157200000232,80,0.9944494996701878,0.32529737856088026,success,
DTLZ1_m3_e1500_s300,DTLZ1,NSGAIII,pure_moea,3,10,1500,300,48,0.793192978999997,90,0.9972783857278937,0.42222933766036547,success,
DTLZ1_m3_e1500_s300,DTLZ1,NSGAIII,dvl_framework,3,10,1500,300,48,0.6309370829999921,91,0.9917881362808038,0.2691515480614389,success,
DTLZ1_m3_e1500_s300,DTLZ1,NSGAIII,pure_moea,3,10,1500,300,49,0.7398440320000077,85,0.6534792021556616,0.6676888677571553,success,
DTLZ1_m3_e1500_s300,DTLZ1,NSGAIII,dvl_framework,3,10,1500,300,49,0.6076890690000027,81,0.9800203201383362,0.35563646631515855,success,
DTLZ1_m3_e1500_s300,DTLZ1,NSGAIII,pure_moea,3,10,1500,300,50,0.782585599000015,91,0.9928064605284734,0.2996240016608388,success,
DTLZ1_m3_e1500_s300,DTLZ1,NSGAIII,dvl_framework,3,10,1500,300,50,0.6238667439999972,86,0.6884157538902964,0.48071433918129897,success,
DTLZ1_m3_e1500_s300,DTLZ1,NSGAIII,pure_moea,3,10,1500,300,51,0.8102432610000108,90,0.9955518402095548,0.44008430088849637,success,
DTLZ1_m3_e1500_s300,DTLZ1,NSGAIII,dvl_framework,3,10,1500,300,51,0.6400356629999919,90,0.7882680406286134,0.32802732308295146,success,
DTLZ1_m3_e1500_s300,DTLZ1,NSGAIII,pure_moea,3,10,1500,300,52,0.7496332270000039,91,0.9936160659108396,0.46318027525006905,success,
DTLZ1_m3_e1500_s300,DTLZ1,NSGAIII,dvl_framework,3,10,1500,300,52,0.6134112560000062,88,0.8395949923949679,0.3380313897078252,success,
DTLZ1_m3_e1500_s300,DTLZ1,NSGAIII,pure_moea,3,10,1500,300,53,0.7633234470000048,91,0.9980330129180208,0.417030457416449,success,
DTLZ1_m3_e1500_s300,DTLZ1,NSGAIII,dvl_framework,3,10,1500,300,53,0.6061105660000123,91,0.9760333403841005,0.5536084698679004,success,
DTLZ1_m3_e1500_s300,DTLZ1,NSGAIII,pure_moea,3,10,1500,300,54,0.7735839519999956,91,0.7719495493161442,0.45113522549747703,success,
DTLZ1_m3_e1500_s300,DTLZ1,NSGAIII,dvl_framework,3,10,1500,300,54,0.6267691829999933,87,0.7136854040411835,0.3992218178225684,success,
DTLZ1_m3_e1500_s300,DTLZ1,NSGAIII,pure_moea,3,10,1500,300,55,0.7616674560000263,90,0.9937566271100378,0.4219727996312676,success,
DTLZ1_m3_e1500_s300,DTLZ1,NSGAIII,dvl_framework,3,10,1500,300,55,0.6523529219999773,87,0.7520247526586616,0.3946953572206896,success,
DTLZ1_m3_e1500_s300,DTLZ1,NSGAIII,pure_moea,3,10,1500,300,56,0.7608448100000089,87,0.9944016771964341,0.5907559322704086,success,
DTLZ1_m3_e1500_s300,DTLZ1,NSGAIII,dvl_framework,3,10,1500,300,56,0.6307704799999954,88,0.9757157675432744,0.3541714831539373,success,
DTLZ1_m3_e1500_s300,DTLZ1,NSGAIII,pure_moea,3,10,1500,300,57,0.7788596099999836,91,0.6867800943169075,0.4655350152072489,success,
DTLZ1_m3_e1500_s300,DTLZ1,NSGAIII,dvl_framework,3,10,1500,300,57,0.5851982849999899,85,0.9714931594273704,0.4153427143185948,success,
DTLZ1_m3_e1500_s300,DTLZ1,NSGAIII,pure_moea,3,10,1500,300,58,0.708401705,91,0.9986202097076529,0.5053540332508597,success,
DTLZ1_m3_e1500_s300,DTLZ1,NSGAIII,dvl_framework,3,10,1500,300,58,0.6222749080000085,87,0.6645452501155797,0.44045961924654303,success,
DTLZ1_m3_e1500_s300,DTLZ1,NSGAIII,pure_moea,3,10,1500,300,59,0.7511936530000014,86,0.9952954656932627,0.511422192298158,success,
DTLZ1_m3_e1500_s300,DTLZ1,NSGAIII,dvl_framework,3,10,1500,300,59,0.630451590000007,88,0.9480367948469388,0.41796586374493133,success,
DTLZ1_m3_e1500_s300,DTLZ1,NSGAIII,pure_moea,3,10,1500,300,60,0.78443936299999,87,0.9952297751700006,0.5822576769967267,success,
DTLZ1_m3_e1500_s300,DTLZ1,NSGAIII,dvl_framework,3,10,1500,300,60,0.6223571529999958,88,0.7855474789900365,0.4838656001400801,success,
DTLZ1_m3_e1500_s300,DTLZ1,NSGAIII,pure_moea,3,10,1500,300,61,0.7602026520000038,89,0.9532727921715303,0.6105444975874703,success,
DTLZ1_m3_e1500_s300,DTLZ1,NSGAIII,dvl_framework,3,10,1500,300,61,0.634407183999997,83,0.9903930353969118,0.40090947823257994,success,
DTLZ1_m3_e10000_s300,DTLZ1,MOEAD,pure_moea,3,10,10000,300,42,1.4828238189999752,49,0.0,76.8210287047433,success,
DTLZ1_m3_e10000_s300,DTLZ1,MOEAD,dvl_framework,3,10,10000,300,42,1.3331137559999888,58,0.9676854984819429,0.08334373249251009,success,
DTLZ1_m3_e10000_s300,DTLZ1,MOEAD,pure_moea,3,10,10000,300,43,1.4644877990000111,49,0.0,71.43811717931074,success,
DTLZ1_m3_e10000_s300,DTLZ1,MOEAD,dvl_framework,3,10,10000,300,43,1.4048337209999886,59,0.9663563376281875,0.07377171915898494,success,
DTLZ1_m3_e10000_s300,DTLZ1,MOEAD,pure_moea,3,10,10000,300,44,1.5183747919999746,61,0.0,102.01644199789095,success,
DTLZ1_m3_e10000_s300,DTLZ1,MOEAD,dvl_framework,3,10,10000,300,44,1.4784353119999878,61,0.9626984872093451,0.08676654669743696,success,
DTLZ1_m3_e10000_s300,DTLZ1,MOEAD,pure_moea,3,10,10000,300,45,1.5247789900000157,59,0.0,90.33631916762415,success,
DTLZ1_m3_e10000_s300,DTLZ1,MOEAD,dvl_framework,3,10,10000,300,45,1.3357724990000293,63,0.0,23.324837452259143,success,
DTLZ1_m3_e10000_s300,DTLZ1,MOEAD,pure_moea,3,10,10000,300,46,1.5115838890000077,46,0.0,67.36765097169058,success,
DTLZ1_m3_e10000_s300,DTLZ1,MOEAD,dvl_framework,3,10,10000,300,46,1.3622215930000152,52,0.928274358970003,0.2266509495201879,success,
DTLZ1_m3_e10000_s300,DTLZ1,MOEAD,pure_moea,3,10,10000,300,47,1.38891047300001,51,0.0,84.82278610643819,success,
DTLZ1_m3_e10000_s300,DTLZ1,MOEAD,dvl_framework,3,10,10000,300,47,1.4097011759999987,55,0.0,19.357674387733958,success,
DTLZ1_m3_e10000_s300,DTLZ1,MOEAD,pure_moea,3,10,10000,300,48,1.5371827559999929,51,0.0,106.78368232468243,success,
DTLZ1_m3_e10000_s300,DTLZ1,MOEAD,dvl_framework,3,10,10000,300,48,1.4264854669999636,51,0.722797849049011,0.6108018622963374,success,
DTLZ1_m3_e10000_s300,DTLZ1,MOEAD,pure_moea,3,10,10000,300,49,1.5434242370000106,39,0.0,83.87770987709753,success,
DTLZ1_m3_e10000_s300,DTLZ1,MOEAD,dvl_framework,3,10,10000,300,49,1.4314970650000305,54,0.6847067254233304,0.6841832074800772,success,
DTLZ1_m3_e10000_s300,DTLZ1,MOEAD,pure_moea,3,10,10000,300,50,1.4711785810000038,50,0.0,71.95630964694934,success,
DTLZ1_m3_e10000_s300,DTLZ1,MOEAD,dvl_framework,3,10,10000,300,50,1.3883600059999708,62,0.8267779941475816,0.4565071456296036,success,
DTLZ1_m3_e10000_s300,DTLZ1,MOEAD,pure_moea,3,10,10000,300,51,1.5304088440000214,48,0.0,66.69278163618743,success,
DTLZ1_m3_e10000_s300,DTLZ1,MOEAD,dvl_framework,3,10,10000,300,51,1.3756020090000334,63,0.869077209697527,0.36597302951146116,success,
DTLZ1_m3_e10000_s300,DTLZ1,MOEAD,pure_moea,3,10,10000,300,52,1.5760453400000074,51,0.0,99.28505209688524,success,
DTLZ1_m3_e10000_s300,DTLZ1,MOEAD,dvl_framework,3,10,10000,300,52,1.3292698060000134,61,0.10052871780585543,1.7172866030636926,success,
DTLZ1_m3_e10000_s300,DTLZ1,MOEAD,pure_moea,3,10,10000,300,53,1.49958452300001,49,0.0,82.87144206566866,success,
DTLZ1_m3_e10000_s300,DTLZ1,MOEAD,dvl_framework,3,10,10000,300,53,1.3079126419999625,64,0.0,30.008350465851834,success,
DTLZ1_m3_e10000_s300,DTLZ1,MOEAD,pure_moea,3,10,10000,300,54,1.571507629999985,58,0.0,107.0087225601675,success,
DTLZ1_m3_e10000_s300,DTLZ1,MOEAD,dvl_framework,3,10,10000,300,54,1.3898402410000017,58,0.9436874878702228,0.1606261336847252,success,
DTLZ1_m3_e10000_s300,DTLZ1,MOEAD,pure_moea,3,10,10000,300,55,1.476576212999987,59,0.0,66.37259539340656,success,
DTLZ1_m3_e10000_s300,DTLZ1,MOEAD,dvl_framework,3,10,10000,300,55,1.3209885460000237,64,0.9508315467026016,0.1141073645940319,success,
DTLZ1_m3_e10000_s300,DTLZ1,MOEAD,pure_moea,3,10,10000,300,56,1.4801735939999503,41,0.0,68.52402578032094,success,
DTLZ1_m3_e10000_s300,DTLZ1,MOEAD,dvl_framework,3,10,10000,300,56,1.4063388530000225,62,0.9675470269395304,0.06844237565892136,success,
DTLZ1_m3_e10000_s300,DTLZ1,MOEAD,pure_moea,3,10,10000,300,57,1.5222993589999874,55,0.0,91.23199126558757,success,
DTLZ1_m3_e10000_s300,DTLZ1,MOEAD,dvl_framework,3,10,10000,300,57,1.5206824549999851,46,0.9056703907859864,0.289228948432672,success,
DTLZ1_m3_e10000_s300,DTLZ1,MOEAD,pure_moea,3,10,10000,300,58,1.52786723600002,55,0.0,87.82794756551088,success,
DTLZ1_m3_e10000_s300,DTLZ1,MOEAD,dvl_framework,3,10,10000,300,58,1.2852511209999875,65,0.9190507550959046,0.22259542570649693,success,
DTLZ1_m3_e10000_s300,DTLZ1,MOEAD,pure_moea,3,10,10000,300,59,1.4614289890000123,58,0.0,89.56073651031352,success,
DTLZ1_m3_e10000_s300,DTLZ1,MOEAD,dvl_framework,3,10,10000,300,59,1.4761493510000037,62,0.0,11.05925152243644,success,
DTLZ1_m3_e10000_s300,DTLZ1,MOEAD,pure_moea,3,10,10000,300,60,1.5078437029999918,55,0.0,97.62149384194561,success,
DTLZ1_m3_e10000_s300,DTLZ1,MOEAD,dvl_framework,3,10,10000,300,60,1.513383379000004,37,0.0,31.71949953974833,success,
DTLZ1_m3_e10000_s300,DTLZ1,MOEAD,pure_moea,3,10,10000,300,61,1.473663029000022,54,0.0,76.30196757938681,success,
DTLZ1_m3_e10000_s300,DTLZ1,MOEAD,dvl_framework,3,10,10000,300,61,1.4771674469999994,35,0.0,30.91569473114728,success,
DTLZ1_m3_e10000_s300,DTLZ1,NSGAII,pure_moea,3,10,10000,300,42,3.286653749999971,91,0.0,99.35361901824149,success,
DTLZ1_m3_e10000_s300,DTLZ1,NSGAII,dvl_framework,3,10,10000,300,42,3.2451136349999956,91,0.9710525289975492,0.06774276089718884,success,
DTLZ1_m3_e10000_s300,DTLZ1,NSGAII,pure_moea,3,10,10000,300,43,3.283301257000005,91,0.0,99.5427249744204,success,
DTLZ1_m3_e10000_s300,DTLZ1,NSGAII,dvl_framework,3,10,10000,300,43,3.286197652999988,91,0.9672623301380034,0.10011403718646149,success,
DTLZ1_m3_e10000_s300,DTLZ1,NSGAII,pure_moea,3,10,10000,300,44,3.316351215999987,91,0.0,89.44582655595538,success,
DTLZ1_m3_e10000_s300,DTLZ1,NSGAII,dvl_framework,3,10,10000,300,44,3.2262108269999885,91,0.966094428593625,0.08659189901922079,success,
DTLZ1_m3_e10000_s300,DTLZ1,NSGAII,pure_moea,3,10,10000,300,45,3.3099152799999843,91,0.0,90.74384039011427,success,
DTLZ1_m3_e10000_s300,DTLZ1,NSGAII,dvl_framework,3,10,10000,300,45,3.164731951999954,91,0.28223911009982333,1.2736141426641647,success,
DTLZ1_m3_e10000_s300,DTLZ1,NSGAII,pure_moea,3,10,10000,300,46,3.3499256520000245,91,0.0,116.20380172577089,success,
DTLZ1_m3_e10000_s300,DTLZ1,NSGAII,dvl_framework,3,10,10000,300,46,3.211858407999955,91,0.932294311467537,0.2355003170397081,success,
DTLZ1_m3_e10000_s300,DTLZ1,NSGAII,pure_moea,3,10,10000,300,47,3.322207547000005,91,0.0,89.00283890123602,success,
DTLZ1_m3_e10000_s300,DTLZ1,NSGAII,dvl_framework,3,10,10000,300,47,3.1803819220000378,91,0.9569501191920099,0.12600357792121653,success,
DTLZ1_m3_e10000_s300,DTLZ1,NSGAII,pure_moea,3,10,10000,300,48,3.321808997000005,91,0.0,91.44820048708092,success,
DTLZ1_m3_e10000_s300,DTLZ1,NSGAII,dvl_framework,3,10,10000,300,48,3.231463130999998,91,0.816880595011987,0.4914188652177775,success,
DTLZ1_m3_e10000_s300,DTLZ1,NSGAII,pure_moea,3,10,10000,300,49,3.346290811000017,91,0.0,100.97364015315631,success,
DTLZ1_m3_e10000_s300,DTLZ1,NSGAII,dvl_framework,3,10,10000,300,49,3.2234219360000225,91,0.8970282965804579,0.34359001703364833,success,
DTLZ1_m3_e10000_s300,DTLZ1,NSGAII,pure_moea,3,10,10000,300,50,3.292168530999959,91,0.0,90.32086143402859,success,
DTLZ1_m3_e10000_s300,DTLZ1,NSGAII,dvl_framework,3,10,10000,300,50,3.254923464000001,91,0.9288520992532834,0.2332035139124891,success,
DTLZ1_m3_e10000_s300,DTLZ1,NSGAII,pure_moea,3,10,10000,300,51,3.276243232000013,91,0.0,82.82130439006217,success,
DTLZ1_m3_e10000_s300,DTLZ1,NSGAII,dvl_framework,3,10,10000,300,51,3.2461222840000232,91,0.9415872840666711,0.19306701500379145,success,
DTLZ1_m3_e10000_s300,DTLZ1,NSGAII,pure_moea,3,10,10000,300,52,3.302368549999983,91,0.0,97.11272912669355,success,
DTLZ1_m3_e10000_s300,DTLZ1,NSGAII,dvl_framework,3,10,10000,300,52,3.214169066000011,91,0.34555743456594473,1.192890042904709,success,
DTLZ1_m3_e10000_s300,DTLZ1,NSGAII,pure_moea,3,10,10000,300,53,3.3532824919999484,91,0.0,93.60794122807562,success,
DTLZ1_m3_e10000_s300,DTLZ1,NSGAII,dvl_framework,3,10,10000,300,53,3.2256178970000065,91,0.8090309835338487,0.5265362434481896,success,
DTLZ1_m3_e10000_s300,DTLZ1,NSGAII,pure_moea,3,10,10000,300,54,3.311372168000048,91,0.0,90.64325747886792,success,
DTLZ1_m3_e10000_s300,DTLZ1,NSGAII,dvl_framework,3,10,10000,300,54,3.1911508860000026,91,0.9387408372451426,0.20994329391831115,success,
DTLZ1_m3_e10000_s300,DTLZ1,NSGAII,pure_moea,3,10,10000,300,55,3.294755503000033,91,0.0,94.39225249579806,success,
DTLZ1_m3_e10000_s300,DTLZ1,NSGAII,dvl_framework,3,10,10000,300,55,3.25138397500001,91,0.9456148594125401,0.16992569580357153,success,
DTLZ1_m3_e10000_s300,DTLZ1,NSGAII,pure_moea,3,10,10000,300,56,3.292601389999959,91,0.0,92.60859831433483,success,
DTLZ1_m3_e10000_s300,DTLZ1,NSGAII,dvl_framework,3,10,10000,300,56,3.247903721,91,0.9688127537331209,0.08785399386307471,success,
DTLZ1_m3_e10000_s300,DTLZ1,NSGAII,pure_moea,3,10,10000,300,57,3.282731274000014,91,0.0,120.65445592029286,success,
DTLZ1_m3_e10000_s300,DTLZ1,NSGAII,dvl_framework,3,10,10000,300,57,3.242763099000001,91,0.968296021299909,0.08231949665633553,success,
DTLZ1_m3_e10000_s300,DTLZ1,NSGAII,pure_moea,3,10,10000,300,58,3.295866664000016,91,0.0,108.67684416518554,success,
DTLZ1_m3_e10000_s300,DTLZ1,NSGAII,dvl_framework,3,10,10000,300,58,3.3138495560000365,91,0.9408011368593645,0.18793717665834012,success,
DTLZ1_m3_e10000_s300,DTLZ1,NSGAII,pure_moea,3,10,10000,300,59,3.276413026,91,0.0,76.86559568516674,success,
DTLZ1_m3_e10000_s300,DTLZ1,NSGAII,dvl_framework,3,10,10000,300,59,3.2354957109999987,91,0.9526180402035653,0.14902853657051723,success,
DTLZ1_m3_e10000_s300,DTLZ1,NSGAII,pure_moea,3,10,10000,300,60,3.330130501000042,91,0.0,89.3017915549612,success,
DTLZ1_m3_e10000_s300,DTLZ1,NSGAII,dvl_framework,3,10,10000,300,60,3.154363432000025,91,0.9225243238446857,0.24734098595488663,success,
DTLZ1_m3_e10000_s300,DTLZ1,NSGAII,pure_moea,3,10,10000,300,61,3.305728606999992,91,0.0,76.08001561177325,success,
DTLZ1_m3_e10000_s300,DTLZ1,NSGAII,dvl_framework,3,10,10000,300,61,3.2063463409999713,91,0.8486865074989758,0.4679540537881437,success,
DTLZ1_m3_e10000_s300,DTLZ1,NSGAIII,pure_moea,3,10,10000,300,42,4.613875678999989,90,0.9998177501720311,0.5537873282413595,success,
DTLZ1_m3_e10000_s300,DTLZ1,NSGAIII,dvl_framework,3,10,10000,300,42,4.955572332000031,88,0.9999317902330569,0.3275333649544345,success,
DTLZ1_m3_e10000_s300,DTLZ1,NSGAIII,pure_moea,3,10,10000,300,43,5.099066753000045,89,0.9985836240574576,0.6157524053405908,success,
DTLZ1_m3_e10000_s300,DTLZ1,NSGAIII,dvl_framework,3,10,10000,300,43,4.890497358000005,87,0.9970541829819399,0.39309891872145714,success,
DTLZ1_m3_e10000_s300,DTLZ1,NSGAIII,pure_moea,3,10,10000,300,44,4.765589578000004,91,0.999955300371572,0.6590607716517027,success,
DTLZ1_m3_e10000_s300,DTLZ1,NSGAIII,dvl_framework,3,10,10000,300,44,5.0163915130000305,86,0.9994156655921256,0.5117774692114737,success,
DTLZ1_m3_e10000_s300,DTLZ1,NSGAIII,pure_moea,3,10,10000,300,45,4.8827519960000245,90,0.9999991168516814,0.6495263061134949,success,
DTLZ1_m3_e10000_s300,DTLZ1,NSGAIII,dvl_framework,3,10,10000,300,45,5.0133201770000255,91,0.999764240281312,0.4312850171874748,success,
DTLZ1_m3_e10000_s300,DTLZ1,NSGAIII,pure_moea,3,10,10000,300,46,4.95297423300002,90,0.9999572997646227,0.5257086023012364,success,
DTLZ1_m3_e10000_s300,DTLZ1,NSGAIII,dvl_framework,3,10,10000,300,46,4.924928506000015,90,0.998324118357223,0.2586455634044112,success,
DTLZ1_m3_e10000_s300,DTLZ1,NSGAIII,pure_moea,3,10,10000,300,47,5.111167968000018,91,0.9943149724253614,0.3808466485054098,success,
DTLZ1_m3_e10000_s300,DTLZ1,NSGAIII,dvl_framework,3,10,10000,300,47,4.968525370000066,87,0.9978479992239359,0.3664670100347583,success,
DTLZ1_m3_e10000_s300,DTLZ1,NSGAIII,pure_moea,3,10,10000,300,48,5.088198521000095,91,0.9999772773962903,0.5457084776715246,success,
DTLZ1_m3_e10000_s300,DTLZ1,NSGAIII,dvl_framework,3,10,10000,300,48,4.991266097999983,91,0.9999044137545013,0.5446391485462039,success,
DTLZ1_m3_e10000_s300,DTLZ1,NSGAIII,pure_moea,3,10,10000,300,49,5.1255275130000655,88,0.793652217083918,0.5304057102803366,success,
DTLZ1_m3_e10000_s300,DTLZ1,NSGAIII,dvl_framework,3,10,10000,300,49,4.815324725000096,91,0.9999808113139322,0.5593912876310663,success,
DTLZ1_m3_e10000_s300,DTLZ1,NSGAIII,pure_moea,3,10,10000,300,50,5.075688860000014,90,0.9995386084331942,0.4224748983243712,success,
DTLZ1_m3_e10000_s300,DTLZ1,NSGAIII,dvl_framework,3,10,10000,300,50,5.041775314999995,89,0.9998382009218564,0.4800925786101488,success,
DTLZ1_m3_e10000_s300,DTLZ1,NSGAIII,pure_moea,3,10,10000,300,51,4.767610155000057,91,0.9999368612778112,0.6335032843087514,success,
DTLZ1_m3_e10000_s300,DTLZ1,NSGAIII,dvl_framework,3,10,10000,300,51,4.864778357999967,91,0.9999612072750533,0.5115817625554,success,
DTLZ1_m3_e10000_s300,DTLZ1,NSGAIII,pure_moea,3,10,10000,300,52,5.103917475999992,89,0.9972350357017042,0.3844301308488286,success,
DTLZ1_m3_e10000_s300,DTLZ1,NSGAIII,dvl_framework,3,10,10000,300,52,4.988650280999991,88,0.9999966152817054,0.5279298947599727,success,
DTLZ1_m3_e10000_s300,DTLZ1,NSGAIII,pure_moea,3,10,10000,300,53,5.020918227000038,89,0.9998782617982096,0.5489080654141602,success,
DTLZ1_m3_e10000_s300,DTLZ1,NSGAIII,dvl_framework,3,10,10000,300,53,4.974555451000015,89,0.9972951526045374,0.5162245720780732,success,
DTLZ1_m3_e10000_s300,DTLZ1,NSGAIII,pure_moea,3,10,10000,300,54,5.238744974000042,91,0.9993393109060503,0.43353788548810906,success,
DTLZ1_m3_e10000_s300,DTLZ1,NSGAIII,dvl_framework,3,10,10000,300,54,4.8654739030000655,91,0.9999940805152352,0.5252315679135577,success,
DTLZ1_m3_e10000_s300,DTLZ1,NSGAIII,pure_moea,3,10,10000,300,55,5.023378500000035,91,0.9999451838272472,0.5650687516876224,success,
DTLZ1_m3_e10000_s300,DTLZ1,NSGAIII,dvl_framework,3,10,10000,300,55,4.9405427920000875,91,0.9997841284734685,0.5182713349046082,success,
DTLZ1_m3_e10000_s300,DTLZ1,NSGAIII,pure_moea,3,10,10000,300,56,4.973704741000006,86,0.9956837943342773,0.5373428268005321,success,
DTLZ1_m3_e10000_s300,DTLZ1,NSGAIII,dvl_framework,3,10,10000,300,56,4.989532094000083,90,0.9999920429229656,0.4592814554059252,success,
DTLZ1_m3_e10000_s300,DTLZ1,NSGAIII,pure_moea,3,10,10000,300,57,5.013510586000052,91,0.6982005538220242,0.4655350152072489,success,
DTLZ1_m3_e10000_s300,DTLZ1,NSGAIII,dvl_framework,3,10,10000,300,57,5.002598636000016,91,0.9996628800578133,0.3345462807906014,success,
DTLZ1_m3_e10000_s300,DTLZ1,NSGAIII,pure_moea,3,10,10000,300,58,5.115030422000018,89,0.9999153939834561,0.41685509577417346,success,
DTLZ1_m3_e10000_s300,DTLZ1,NSGAIII,dvl_framework,3,10,10000,300,58,5.065454822999982,91,0.9983992142680456,0.4589899282882617,success,
DTLZ1_m3_e10000_s300,DTLZ1,NSGAIII,pure_moea,3,10,10000,300,59,5.019577471000048,90,0.9994553168390348,0.5823782059254174,success,
DTLZ1_m3_e10000_s300,DTLZ1,NSGAIII,dvl_framework,3,10,10000,300,59,5.013665667000055,88,0.9998132999884686,0.5639298910738466,success,
DTLZ1_m3_e10000_s300,DTLZ1,NSGAIII,pure_moea,3,10,10000,300,60,4.970993411999984,90,0.999567132142147,0.633350484725084,success,
DTLZ1_m3_e10000_s300,DTLZ1,NSGAIII,dvl_framework,3,10,10000,300,60,5.005946223000024,91,0.9999768984444702,0.5373042242603376,success,
DTLZ1_m3_e10000_s300,DTLZ1,NSGAIII,pure_moea,3,10,10000,300,61,4.94090810199998,80,0.9968404607317444,0.47887057698101887,success,
DTLZ1_m3_e10000_s300,DTLZ1,NSGAIII,dvl_framework,3,10,10000,300,61,4.942293887000005,86,0.9998322747482808,0.4473147642475466,success,
DTLZ2_m3_e250_s159,DTLZ2,MOEAD,pure_moea,3,10,250,159,42,0.03521191799995904,31,0.648689372214923,0.5877712284646988,success,
DTLZ2_m3_e250_s159,DTLZ2,MOEAD,dvl_framework,3,10,250,159,42,0.02813122600002771,91,0.9213873062649589,0.06863698335545085,success,
DTLZ2_m3_e250_s159,DTLZ2,MOEAD,pure_moea,3,10,250,159,43,0.03349978599999304,30,0.5690833711513597,0.7605229551696112,success,
DTLZ2_m3_e250_s159,DTLZ2,MOEAD,dvl_framework,3,10,250,159,43,0.027665621999972245,91,0.9211511104376423,0.06877495451983393,success,
DTLZ2_m3_e250_s159,DTLZ2,MOEAD,pure_moea,3,10,250,159,44,0.03433958999994502,29,0.41956657944750936,0.816280476019356,success,
DTLZ2_m3_e250_s159,DTLZ2,MOEAD,dvl_framework,3,10,250,159,44,0.02740153700005976,91,0.9219240883379554,0.0675653089040399,success,
DTLZ2_m3_e250_s159,DTLZ2,MOEAD,pure_moea,3,10,250,159,45,0.03432625499999631,21,0.5772816087521337,0.6396349537289112,success,
DTLZ2_m3_e250_s159,DTLZ2,MOEAD,dvl_framework,3,10,250,159,45,0.027475656999968123,91,0.9209667819893756,0.06907002013926436,success,
DTLZ2_m3_e250_s159,DTLZ2,MOEAD,pure_moea,3,10,250,159,46,0.033768370999951,23,0.5775750374405935,0.5990211029530147,success,
DTLZ2_m3_e250_s159,DTLZ2,MOEAD,dvl_framework,3,10,250,159,46,0.02727079299995694,91,0.9217124970648058,0.06700498678966756,success,
DTLZ2_m3_e250_s159,DTLZ2,MOEAD,pure_moea,3,10,250,159,47,0.035327672999983406,21,0.49192769584941676,0.7636797086351632,success,
DTLZ2_m3_e250_s159,DTLZ2,MOEAD,dvl_framework,3,10,250,159,47,0.027259179999987282,91,0.9221593638668958,0.06830273618114847,success,
DTLZ2_m3_e250_s159,DTLZ2,MOEAD,pure_moea,3,10,250,159,48,0.03406142899996212,23,0.4976573565832787,0.7983367357343686,success,
DTLZ2_m3_e250_s159,DTLZ2,MOEAD,dvl_framework,3,10,250,159,48,0.027555946999996195,91,0.9208258551159219,0.06944812506272555,success,
DTLZ2_m3_e250_s159,DTLZ2,MOEAD,pure_moea,3,10,250,159,49,0.03377241500004402,23,0.6272109498262803,0.6894768210011343,success,
DTLZ2_m3_e250_s159,DTLZ2,MOEAD,dvl_framework,3,10,250,159,49,0.027774106000038046,91,0.9225223514151026,0.06810722294060766,success,
DTLZ2_m3_e250_s159,DTLZ2,MOEAD,pure_moea,3,10,250,159,50,0.035076720999995814,29,0.48506438361514825,0.7054396769726787,success,
DTLZ2_m3_e250_s159,DTLZ2,MOEAD,dvl_framework,3,10,250,159,50,0.027870978000009927,91,0.9220296218752928,0.0680907914085754,success,
DTLZ2_m3_e250_s159,DTLZ2,MOEAD,pure_moea,3,10,250,159,51,0.033915175000061026,22,0.5926182156498722,0.6028201003442277,success,
DTLZ2_m3_e250_s159,DTLZ2,MOEAD,dvl_framework,3,10,250,159,51,0.02778680999995231,91,0.9204295595775966,0.06929980679717297,success,
DTLZ2_m3_e250_s159,DTLZ2,MOEAD,pure_moea,3,10,250,159,52,0.03427877899991927,21,0.6439405275590242,0.5781916514279347,success,
DTLZ2_m3_e250_s159,DTLZ2,MOEAD,dvl_framework,3,10,250,159,52,0.027444408000064868,91,0.9221699021761351,0.06858313104189948,success,
DTLZ2_m3_e250_s159,DTLZ2,MOEAD,pure_moea,3,10,250,159,53,0.03417502399997829,27,0.47990174967760374,0.757346947366303,success,
DTLZ2_m3_e250_s159,DTLZ2,MOEAD,dvl_framework,3,10,250,159,53,0.02743446900001345,91,0.9211325032846558,0.06915147488017809,success,
DTLZ2_m3_e250_s159,DTLZ2,MOEAD,pure_moea,3,10,250,159,54,0.03522179599997344,25,0.43746174089197254,0.7836281303458347,success,
DTLZ2_m3_e250_s159,DTLZ2,MOEAD,dvl_framework,3,10,250,159,54,0.027907927999990534,91,0.918978663955495,0.06977570144652327,success,
DTLZ2_m3_e250_s159,DTLZ2,MOEAD,pure_moea,3,10,250,159,55,0.034525290999908975,26,0.6383825982486797,0.5260470836483947,success,
DTLZ2_m3_e250_s159,DTLZ2,MOEAD,dvl_framework,3,10,250,159,55,0.027816886999971757,91,0.9189315637318518,0.07348292620539114,success,
DTLZ2_m3_e250_s159,DTLZ2,MOEAD,pure_moea,3,10,250,159,56,0.0341971329999069,25,0.5607353207506363,0.6313020169915792,success,
DTLZ2_m3_e250_s159,DTLZ2,MOEAD,dvl_framework,3,10,250,159,56,0.027837184000077286,91,0.9197467047496013,0.07020726738902502,success,
DTLZ2_m3_e250_s159,DTLZ2,MOEAD,pure_moea,3,10,250,159,57,0.03539324900009433,21,0.5996635713299634,0.5420186725700428,success,
DTLZ2_m3_e250_s159,DTLZ2,MOEAD,dvl_framework,3,10,250,159,57,0.027823828999999023,91,0.9198782760076571,0.07056482946823785,success,
DTLZ2_m3_e250_s159,DTLZ2,MOEAD,pure_moea,3,10,250,159,58,0.0792870899999798,29,0.49993281943957935,0.738490704391231,success,
DTLZ2_m3_e250_s159,DTLZ2,MOEAD,dvl_framework,3,10,250,159,58,0.0296215990000519,91,0.9218086985722191,0.06846218071088868,success,
DTLZ2_m3_e250_s159,DTLZ2,MOEAD,pure_moea,3,10,250,159,59,0.03408508299992263,25,0.7048741887435946,0.5326358298864451,success,
DTLZ2_m3_e250_s159,DTLZ2,MOEAD,dvl_framework,3,10,250,159,59,0.02785015899996779,91,0.9175261918016968,0.07673684265310533,success,
DTLZ2_m3_e250_s159,DTLZ2,MOEAD,pure_moea,3,10,250,159,60,0.034220657999981086,24,0.7221282440731067,0.5019084797628225,success,
DTLZ2_m3_e250_s159,DTLZ2,MOEAD,dvl_framework,3,10,250,159,60,0.027377081000054204,91,0.9215967904820992,0.06892116884123708,success,
DTLZ2_m3_e250_s159,DTLZ2,MOEAD,pure_moea,3,10,250,159,61,0.047609813000008216,29,0.48240835389545655,0.7187370135782759,success,
DTLZ2_m3_e250_s159,DTLZ2,MOEAD,dvl_framework,3,10,250,159,61,0.02734091399997851,91,0.9217198758693534,0.06897290148873284,success,
DTLZ2_m3_e250_s159,DTLZ2,NSGAII,pure_moea,3,10,250,159,42,0.0575703849999627,91,0.7162173194799267,0.4842917827366363,success,
DTLZ2_m3_e250_s159,DTLZ2,NSGAII,dvl_framework,3,10,250,159,42,0.027650602999983676,91,0.9213873062649589,0.06863698335545085,success,
DTLZ2_m3_e250_s159,DTLZ2,NSGAII,pure_moea,3,10,250,159,43,0.055770439999946575,91,0.6769999959210078,0.4984610226185905,success,
DTLZ2_m3_e250_s159,DTLZ2,NSGAII,dvl_framework,3,10,250,159,43,0.028703522000000703,91,0.9211511104376423,0.06877495451983393,success,
DTLZ2_m3_e250_s159,DTLZ2,NSGAII,pure_moea,3,10,250,159,44,0.05706284500001857,91,0.710068561443507,0.45456125559520955,success,
DTLZ2_m3_e250_s159,DTLZ2,NSGAII,dvl_framework,3,10,250,159,44,0.027743878999899607,91,0.9219240883379554,0.0675653089040399,success,
DTLZ2_m3_e250_s159,DTLZ2,NSGAII,pure_moea,3,10,250,159,45,0.057599000999971395,91,0.6624594191094538,0.4919545546275345,success,
DTLZ2_m3_e250_s159,DTLZ2,NSGAII,dvl_framework,3,10,250,159,45,0.027779666000014913,91,0.9209667819893756,0.06907002013926436,success,
DTLZ2_m3_e250_s159,DTLZ2,NSGAII,pure_moea,3,10,250,159,46,0.05600254600005883,91,0.7043928499220572,0.4911907769731519,success,
DTLZ2_m3_e250_s159,DTLZ2,NSGAII,dvl_framework,3,10,250,159,46,0.027773456999966584,91,0.9217124970648058,0.06700498678966756,success,
DTLZ2_m3_e250_s159,DTLZ2,NSGAII,pure_moea,3,10,250,159,47,0.05536685300000954,91,0.6371549201265535,0.5563415732903414,success,
DTLZ2_m3_e250_s159,DTLZ2,NSGAII,dvl_framework,3,10,250,159,47,0.02768033999996078,91,0.9221593638668958,0.06830273618114847,success,
DTLZ2_m3_e250_s159,DTLZ2,NSGAII,pure_moea,3,10,250,159,48,0.05751372800000354,91,0.6746919217279311,0.4659291498738779,success,
DTLZ2_m3_e250_s159,DTLZ2,NSGAII,dvl_framework,3,10,250,159,48,0.027450290000047062,91,0.9208258551159219,0.06944812506272555,success,
DTLZ2_m3_e250_s159,DTLZ2,NSGAII,pure_moea,3,10,250,159,49,0.0562261260000696,91,0.6693471774117283,0.5204862180397429,success,
DTLZ2_m3_e250_s159,DTLZ2,NSGAII,dvl_framework,3,10,250,159,49,0.027713755000036144,91,0.9225223514151026,0.06810722294060766,success,
DTLZ2_m3_e250_s159,DTLZ2,NSGAII,pure_moea,3,10,250,159,50,0.057171116000063193,91,0.6471851291382984,0.5390054955366111,success,
DTLZ2_m3_e250_s159,DTLZ2,NSGAII,dvl_framework,3,10,250,159,50,0.03014163800003189,91,0.9220296218752928,0.0680907914085754,success,
DTLZ2_m3_e250_s159,DTLZ2,NSGAII,pure_moea,3,10,250,159,51,0.05805014600002778,91,0.6685294614328856,0.5164986194773427,success,
DTLZ2_m3_e250_s159,DTLZ2,NSGAII,dvl_framework,3,10,250,159,51,0.02821525299998484,91,0.9204295595775966,0.06929980679717297,success,
DTLZ2_m3_e250_s159,DTLZ2,NSGAII,pure_moea,3,10,250,159,52,0.05549242699999013,91,0.6954141993601743,0.4994256917680328,success,
DTLZ2_m3_e250_s159,DTLZ2,NSGAII,dvl_framework,3,10,250,159,52,0.027620278999961556,91,0.9221699021761351,0.06858313104189948,success,
DTLZ2_m3_e250_s159,DTLZ2,NSGAII,pure_moea,3,10,250,159,53,0.05699251600003663,91,0.6500959529370561,0.5306312869368376,success,
DTLZ2_m3_e250_s159,DTLZ2,NSGAII,dvl_framework,3,10,250,159,53,0.02762252200000148,91,0.9211325032846558,0.06915147488017809,success,
DTLZ2_m3_e250_s159,DTLZ2,NSGAII,pure_moea,3,10,250,159,54,0.05654944000002615,91,0.659028044801474,0.5190422836632617,success,
DTLZ2_m3_e250_s159,DTLZ2,NSGAII,dvl_framework,3,10,250,159,54,0.027656997000008232,91,0.918978663955495,0.06977570144652327,success,
DTLZ2_m3_e250_s159,DTLZ2,NSGAII,pure_moea,3,10,250,159,55,0.059040643000003,91,0.6667491609351877,0.4772946875961341,success,
DTLZ2_m3_e250_s159,DTLZ2,NSGAII,dvl_framework,3,10,250,159,55,0.029046071000038864,91,0.9189315637318518,0.07348292620539114,success,
DTLZ2_m3_e250_s159,DTLZ2,NSGAII,pure_moea,3,10,250,159,56,0.05677502399998957,91,0.6920881760938835,0.48453628303148427,success,
DTLZ2_m3_e250_s159,DTLZ2,NSGAII,dvl_framework,3,10,250,159,56,0.02782411000009688,91,0.9197467047496013,0.07020726738902502,success,
DTLZ2_m3_e250_s159,DTLZ2,NSGAII,pure_moea,3,10,250,159,57,0.05789025699993999,91,0.7057514606904111,0.4819411328522062,success,
DTLZ2_m3_e250_s159,DTLZ2,NSGAII,dvl_framework,3,10,250,159,57,0.027649886000062907,91,0.9198782760076571,0.07056482946823785,success,
DTLZ2_m3_e250_s159,DTLZ2,NSGAII,pure_moea,3,10,250,159,58,0.05776996099996268,91,0.7125296635600484,0.4971650782743866,success,
DTLZ2_m3_e250_s159,DTLZ2,NSGAII,dvl_framework,3,10,250,159,58,0.027749439999979586,91,0.9218086985722191,0.06846218071088868,success,
DTLZ2_m3_e250_s159,DTLZ2,NSGAII,pure_moea,3,10,250,159,59,0.056471523000027446,91,0.6545897211122237,0.4968304723139254,success,
DTLZ2_m3_e250_s159,DTLZ2,NSGAII,dvl_framework,3,10,250,159,59,0.028105048000043098,91,0.9175261918016968,0.07673684265310533,success,
DTLZ2_m3_e250_s159,DTLZ2,NSGAII,pure_moea,3,10,250,159,60,0.05718210800000634,91,0.7091982415237845,0.4732395417281571,success,
DTLZ2_m3_e250_s159,DTLZ2,NSGAII,dvl_framework,3,10,250,159,60,0.02769944800002122,91,0.9215967904820992,0.06892116884123708,success,
DTLZ2_m3_e250_s159,DTLZ2,NSGAII,pure_moea,3,10,250,159,61,0.05630978100009543,91,0.6731328093436647,0.5057070449417194,success,
DTLZ2_m3_e250_s159,DTLZ2,NSGAII,dvl_framework,3,10,250,159,61,0.028066502999990917,91,0.9217198758693534,0.06897290148873284,success,
DTLZ2_m3_e250_s159,DTLZ2,NSGAIII,pure_moea,3,10,250,159,42,0.09937250400002995,71,0.9174788808153725,0.23442866990874556,success,
DTLZ2_m3_e250_s159,DTLZ2,NSGAIII,dvl_framework,3,10,250,159,42,0.02779504399995858,91,0.9213873062649589,0.06863698335545085,success,
DTLZ2_m3_e250_s159,DTLZ2,NSGAIII,pure_moea,3,10,250,159,43,0.09485877599991,77,0.9312996368247267,0.15428498841245367,success,
DTLZ2_m3_e250_s159,DTLZ2,NSGAIII,dvl_framework,3,10,250,159,43,0.028412130999981855,91,0.9211511104376423,0.06877495451983393,success,
DTLZ2_m3_e250_s159,DTLZ2,NSGAIII,pure_moea,3,10,250,159,44,0.09263133100000687,72,0.9352896102652396,0.17948250948656652,success,
DTLZ2_m3_e250_s159,DTLZ2,NSGAIII,dvl_framework,3,10,250,159,44,0.027694517999975687,91,0.9219240883379554,0.0675653089040399,success,
DTLZ2_m3_e250_s159,DTLZ2,NSGAIII,pure_moea,3,10,250,159,45,0.09400350500004606,65,0.9145486847518387,0.12358103757305565,success,
DTLZ2_m3_e250_s159,DTLZ2,NSGAIII,dvl_framework,3,10,250,159,45,0.027883440999971754,91,0.9209667819893756,0.06907002013926436,success,
DTLZ2_m3_e250_s159,DTLZ2,NSGAIII,pure_moea,3,10,250,159,46,0.10290708499996981,82,0.8396299129985613,0.2708998470069488,success,
DTLZ2_m3_e250_s159,DTLZ2,NSGAIII,dvl_framework,3,10,250,159,46,0.0277877810000291,91,0.9217124970648058,0.06700498678966756,success,
DTLZ2_m3_e250_s159,DTLZ2,NSGAIII,pure_moea,3,10,250,159,47,0.0930567579999888,72,0.9349909960418843,0.15545799993617793,success,
DTLZ2_m3_e250_s159,DTLZ2,NSGAIII,dvl_framework,3,10,250,159,47,0.027715688000057526,91,0.9221593638668958,0.06830273618114847,success,
DTLZ2_m3_e250_s159,DTLZ2,NSGAIII,pure_moea,3,10,250,159,48,0.10165545799998199,87,0.8232462822291969,0.2549454725533422,success,
DTLZ2_m3_e250_s159,DTLZ2,NSGAIII,dvl_framework,3,10,250,159,48,0.027854516999923362,91,0.9208258551159219,0.06944812506272555,success,
DTLZ2_m3_e250_s159,DTLZ2,NSGAIII,pure_moea,3,10,250,159,49,0.10669402499991065,72,0.8941035110622947,0.18092580253959148,success,
DTLZ2_m3_e250_s159,DTLZ2,NSGAIII,dvl_framework,3,10,250,159,49,0.07074325500002487,91,0.9225223514151026,0.06810722294060766,success,
DTLZ2_m3_e250_s159,DTLZ2,NSGAIII,pure_moea,3,10,250,159,50,0.09283882900001572,70,0.9414563029722008,0.1474302353282606,success,
DTLZ2_m3_e250_s159,DTLZ2,NSGAIII,dvl_framework,3,10,250,159,50,0.029702303000021857,91,0.9220296218752928,0.0680907914085754,success,
DTLZ2_m3_e250_s159,DTLZ2,NSGAIII,pure_moea,3,10,250,159,51,0.10409087400000772,73,0.9391086319135163,0.17717612988083337,success,
DTLZ2_m3_e250_s159,DTLZ2,NSGAIII,dvl_framework,3,10,250,159,51,0.027639593000003515,91,0.9204295595775966,0.06929980679717297,success,
DTLZ2_m3_e250_s159,DTLZ2,NSGAIII,pure_moea,3,10,250,159,52,0.0932157660000712,90,0.9318768616722057,0.24118864635745954,success,
DTLZ2_m3_e250_s159,DTLZ2,NSGAIII,dvl_framework,3,10,250,159,52,0.02754896600004031,91,0.9221699021761351,0.06858313104189948,success,
DTLZ2_m3_e250_s159,DTLZ2,NSGAIII,pure_moea,3,10,250,159,53,0.10417601200003901,73,0.8814033999310452,0.18722705923174662,success,
DTLZ2_m3_e250_s159,DTLZ2,NSGAIII,dvl_framework,3,10,250,159,53,0.02912484000000859,91,0.9211325032846558,0.06915147488017809,success,
DTLZ2_m3_e250_s159,DTLZ2,NSGAIII,pure_moea,3,10,250,159,54,0.09513351299995065,74,0.9328267744861913,0.15043724173868073,success,
DTLZ2_m3_e250_s159,DTLZ2,NSGAIII,dvl_framework,3,10,250,159,54,0.028601790000038818,91,0.918978663955495,0.06977570144652327,success,
DTLZ2_m3_e250_s159,DTLZ2,NSGAIII,pure_moea,3,10,250,159,55,0.09513606699999855,74,0.9403775215531105,0.158390316029334,success,
DTLZ2_m3_e250_s159,DTLZ2,NSGAIII,dvl_framework,3,10,250,159,55,0.027739862999965226,91,0.9189315637318518,0.07348292620539114,success,
DTLZ2_m3_e250_s159,DTLZ2,NSGAIII,pure_moea,3,10,250,159,56,0.09536942599993381,90,0.9115905882107751,0.17261518943467186,success,
DTLZ2_m3_e250_s159,DTLZ2,NSGAIII,dvl_framework,3,10,250,159,56,0.029660122999985106,91,0.9197467047496013,0.07020726738902502,success,
DTLZ2_m3_e250_s159,DTLZ2,NSGAIII,pure_moea,3,10,250,159,57,0.0815574480000123,81,0.9142305753859136,0.1665709823521584,success,
DTLZ2_m3_e250_s159,DTLZ2,NSGAIII,dvl_framework,3,10,250,159,57,0.02782562200002303,91,0.9198782760076571,0.07056482946823785,success,
DTLZ2_m3_e250_s159,DTLZ2,NSGAIII,pure_moea,3,10,250,159,58,0.10649075599997104,87,0.824173574003168,0.28352542089751975,success,
DTLZ2_m3_e250_s159,DTLZ2,NSGAIII,dvl_framework,3,10,250,159,58,0.027963411999962773,91,0.9218086985722191,0.06846218071088868,success,
DTLZ2_m3_e250_s159,DTLZ2,NSGAIII,pure_moea,3,10,250,159,59,0.09393562600007499,72,0.9406717839582767,0.17854635203969701,success,
DTLZ2_m3_e250_s159,DTLZ2,NSGAIII,dvl_framework,3,10,250,159,59,0.027688796000006732,91,0.9175261918016968,0.07673684265310533,success,
DTLZ2_m3_e250_s159,DTLZ2,NSGAIII,pure_moea,3,10,250,159,60,0.10294836200000645,91,0.815462589431603,0.29355399786685044,success,
DTLZ2_m3_e250_s159,DTLZ2,NSGAIII,dvl_framework,3,10,250,159,60,0.027760821000015312,91,0.9215967904820992,0.06892116884123708,success,
DTLZ2_m3_e250_s159,DTLZ2,NSGAIII,pure_moea,3,10,250,159,61,0.09484230700002172,70,0.9233722451551541,0.13368211296354535,success,
DTLZ2_m3_e250_s159,DTLZ2,NSGAIII,dvl_framework,3,10,250,159,61,0.027545999000039956,91,0.9217198758693534,0.06897290148873284,success,
DTLZ2_m3_e500_s227,DTLZ2,MOEAD,pure_moea,3,10,500,227,42,0.0707963430000973,24,0.6326800554785668,0.6300203073117359,success,
DTLZ2_m3_e500_s227,DTLZ2,MOEAD,dvl_framework,3,10,500,227,42,0.05848317099992073,25,0.8904115900555472,0.2693862781444584,success,
DTLZ2_m3_e500_s227,DTLZ2,MOEAD,pure_moea,3,10,500,227,43,0.06936669100002746,24,0.6384528298505514,0.7006149832530265,success,
DTLZ2_m3_e500_s227,DTLZ2,MOEAD,dvl_framework,3,10,500,227,43,0.05741985299994212,28,0.9021851198862318,0.1959311713586154,success,
DTLZ2_m3_e500_s227,DTLZ2,MOEAD,pure_moea,3,10,500,227,44,0.07239257600008386,30,0.49841117497005005,0.7478983258099458,success,
DTLZ2_m3_e500_s227,DTLZ2,MOEAD,dvl_framework,3,10,500,227,44,0.05831824900008087,25,0.8740798400956945,0.2603593579643142,success,
DTLZ2_m3_e500_s227,DTLZ2,MOEAD,pure_moea,3,10,500,227,45,0.07521541799997067,20,0.652821804023677,0.6403514399755502,success,
DTLZ2_m3_e500_s227,DTLZ2,MOEAD,dvl_framework,3,10,500,227,45,0.058637877000023764,28,0.8922974773830482,0.32959478865339253,success,
DTLZ2_m3_e500_s227,DTLZ2,MOEAD,pure_moea,3,10,500,227,46,0.07353866899995865,30,0.6175512805235592,0.6196030227675804,success,
DTLZ2_m3_e500_s227,DTLZ2,MOEAD,dvl_framework,3,10,500,227,46,0.05611555500001941,35,0.8948124512483865,0.2050852039460373,success,
DTLZ2_m3_e500_s227,DTLZ2,MOEAD,pure_moea,3,10,500,227,47,0.07652590999998665,24,0.7254224334274508,0.5788764040829101,success,
DTLZ2_m3_e500_s227,DTLZ2,MOEAD,dvl_framework,3,10,500,227,47,0.05814130800001749,29,0.8906291316528845,0.24056779592419147,success,
DTLZ2_m3_e500_s227,DTLZ2,MOEAD,pure_moea,3,10,500,227,48,0.06933568900001319,27,0.6113852271793057,0.6075064931081494,success,
DTLZ2_m3_e500_s227,DTLZ2,MOEAD,dvl_framework,3,10,500,227,48,0.05567010099991876,30,0.9032140793561054,0.19102847603344875,success,
DTLZ2_m3_e500_s227,DTLZ2,MOEAD,pure_moea,3,10,500,227,49,0.06861068799992154,25,0.6826013028947149,0.6181775807295907,success,
DTLZ2_m3_e500_s227,DTLZ2,MOEAD,dvl_framework,3,10,500,227,49,0.05718460400009917,25,0.8838586011126667,0.20788900394913443,success,
DTLZ2_m3_e500_s227,DTLZ2,MOEAD,pure_moea,3,10,500,227,50,0.07464369500007706,30,0.5691429137994799,0.676846695826401,success,
DTLZ2_m3_e500_s227,DTLZ2,MOEAD,dvl_framework,3,10,500,227,50,0.05813216100000318,28,0.893057647473069,0.24638903851194416,success,
DTLZ2_m3_e500_s227,DTLZ2,MOEAD,pure_moea,3,10,500,227,51,0.06947059700007685,26,0.7747237051630587,0.4527035944406685,success,
DTLZ2_m3_e500_s227,DTLZ2,MOEAD,dvl_framework,3,10,500,227,51,0.05597265899996273,29,0.9037260217052314,0.2350268653756311,success,
DTLZ2_m3_e500_s227,DTLZ2,MOEAD,pure_moea,3,10,500,227,52,0.06806172100004915,27,0.7904708633827343,0.459819668925129,success,
DTLZ2_m3_e500_s227,DTLZ2,MOEAD,dvl_framework,3,10,500,227,52,0.05668582599992078,35,0.9007223869266457,0.19443357232873834,success,
DTLZ2_m3_e500_s227,DTLZ2,MOEAD,pure_moea,3,10,500,227,53,0.07057509900005243,23,0.5812330351325667,0.6885005644161943,success,
DTLZ2_m3_e500_s227,DTLZ2,MOEAD,dvl_framework,3,10,500,227,53,0.05600859399999081,34,0.896414076733672,0.25545783713925907,success,
DTLZ2_m3_e500_s227,DTLZ2,MOEAD,pure_moea,3,10,500,227,54,0.0703976040000498,24,0.5169536013871769,0.7236199044151918,success,
DTLZ2_m3_e500_s227,DTLZ2,MOEAD,dvl_framework,3,10,500,227,54,0.056203119999963747,35,0.8919127404641882,0.25034375727772396,success,
DTLZ2_m3_e500_s227,DTLZ2,MOEAD,pure_moea,3,10,500,227,55,0.07294684099997539,27,0.6979939422733867,0.4822747311453667,success,
DTLZ2_m3_e500_s227,DTLZ2,MOEAD,dvl_framework,3,10,500,227,55,0.09914405699998952,29,0.8858048476426755,0.22759372491571075,success,
DTLZ2_m3_e500_s227,DTLZ2,MOEAD,pure_moea,3,10,500,227,56,0.07050362399991172,26,0.6742046940127024,0.5695809151712823,success,
DTLZ2_m3_e500_s227,DTLZ2,MOEAD,dvl_framework,3,10,500,227,56,0.059091959000056704,23,0.8881321834176812,0.2543168864774065,success,
DTLZ2_m3_e500_s227,DTLZ2,MOEAD,pure_moea,3,10,500,227,57,0.06921813400003884,36,0.7051976827442894,0.5079157235685311,success,
DTLZ2_m3_e500_s227,DTLZ2,MOEAD,dvl_framework,3,10,500,227,57,0.05692688299996007,23,0.8742903982362308,0.2882786122565855,success,
DTLZ2_m3_e500_s227,DTLZ2,MOEAD,pure_moea,3,10,500,227,58,0.0713599929999873,29,0.6122569136002933,0.6290448664702399,success,
DTLZ2_m3_e500_s227,DTLZ2,MOEAD,dvl_framework,3,10,500,227,58,0.055385186000080466,20,0.8937757091076197,0.2678877318495594,success,
DTLZ2_m3_e500_s227,DTLZ2,MOEAD,pure_moea,3,10,500,227,59,0.06918022299998938,24,0.7690549543874554,0.47676460115071534,success,
DTLZ2_m3_e500_s227,DTLZ2,MOEAD,dvl_framework,3,10,500,227,59,0.05539364200001273,29,0.8668494287124696,0.2613376850173071,success,
DTLZ2_m3_e500_s227,DTLZ2,MOEAD,pure_moea,3,10,500,227,60,0.06847098399998686,25,0.7651466582813327,0.47407969859828347,success,
DTLZ2_m3_e500_s227,DTLZ2,MOEAD,dvl_framework,3,10,500,227,60,0.056462047999957576,30,0.88172122648814,0.2685663507699252,success,
DTLZ2_m3_e500_s227,DTLZ2,MOEAD,pure_moea,3,10,500,227,61,0.06965719300001183,19,0.6224519257630194,0.6425747415076778,success,
DTLZ2_m3_e500_s227,DTLZ2,MOEAD,dvl_framework,3,10,500,227,61,0.05633645099999285,27,0.8517063130730922,0.27842881331968833,success,
DTLZ2_m3_e500_s227,DTLZ2,NSGAII,pure_moea,3,10,500,227,42,0.14575473699994745,91,0.7322557631553318,0.4863378969438905,success,
DTLZ2_m3_e500_s227,DTLZ2,NSGAII,dvl_framework,3,10,500,227,42,0.08424995999996554,91,0.9225386025007061,0.06748886658873594,success,
DTLZ2_m3_e500_s227,DTLZ2,NSGAII,pure_moea,3,10,500,227,43,0.13636134399996536,91,0.6979218698929067,0.4976232020787714,success,
DTLZ2_m3_e500_s227,DTLZ2,NSGAII,dvl_framework,3,10,500,227,43,0.08334863699997186,91,0.9240600801663773,0.06565492740314698,success,
DTLZ2_m3_e500_s227,DTLZ2,NSGAII,pure_moea,3,10,500,227,44,0.13873865300001853,91,0.7323980266268143,0.45452008667026766,success,
DTLZ2_m3_e500_s227,DTLZ2,NSGAII,dvl_framework,3,10,500,227,44,0.0895681220000597,91,0.9215162617700354,0.06853577104334778,success,
DTLZ2_m3_e500_s227,DTLZ2,NSGAII,pure_moea,3,10,500,227,45,0.14189832199997454,91,0.7020135343821764,0.4907438455718437,success,
DTLZ2_m3_e500_s227,DTLZ2,NSGAII,dvl_framework,3,10,500,227,45,0.08453343999997287,91,0.9217143925175889,0.06830960249370947,success,
DTLZ2_m3_e500_s227,DTLZ2,NSGAII,pure_moea,3,10,500,227,46,0.13968311500002528,91,0.7236658418949439,0.48417744472538027,success,
DTLZ2_m3_e500_s227,DTLZ2,NSGAII,dvl_framework,3,10,500,227,46,0.08218658999999207,91,0.9228538935209112,0.06907442951669913,success,
DTLZ2_m3_e500_s227,DTLZ2,NSGAII,pure_moea,3,10,500,227,47,0.13804996399994707,91,0.6727951706126494,0.5388571493565304,success,
DTLZ2_m3_e500_s227,DTLZ2,NSGAII,dvl_framework,3,10,500,227,47,0.08422937900002125,91,0.9226117368486535,0.06658397611570126,success,
DTLZ2_m3_e500_s227,DTLZ2,NSGAII,pure_moea,3,10,500,227,48,0.14082037699995453,91,0.7018100749012727,0.45997838574965305,success,
DTLZ2_m3_e500_s227,DTLZ2,NSGAII,dvl_framework,3,10,500,227,48,0.08425763200000347,91,0.9214798937336746,0.06966796877385141,success,
DTLZ2_m3_e500_s227,DTLZ2,NSGAII,pure_moea,3,10,500,227,49,0.13738504700006615,91,0.7227044569650152,0.49258406194777743,success,
DTLZ2_m3_e500_s227,DTLZ2,NSGAII,dvl_framework,3,10,500,227,49,0.08590365199995631,91,0.921105109183217,0.07039389143904105,success,
DTLZ2_m3_e500_s227,DTLZ2,NSGAII,pure_moea,3,10,500,227,50,0.14080965000005108,91,0.6977630409634624,0.5218899474214748,success,
DTLZ2_m3_e500_s227,DTLZ2,NSGAII,dvl_framework,3,10,500,227,50,0.08697483000003103,91,0.9236363332292179,0.06605476649184346,success,
DTLZ2_m3_e500_s227,DTLZ2,NSGAII,pure_moea,3,10,500,227,51,0.13621385999999802,91,0.7077665872211825,0.5089294645966767,success,
DTLZ2_m3_e500_s227,DTLZ2,NSGAII,dvl_framework,3,10,500,227,51,0.08552782499998557,91,0.9232299057357441,0.06832112056537928,success,
DTLZ2_m3_e500_s227,DTLZ2,NSGAII,pure_moea,3,10,500,227,52,0.14127186700000038,91,0.7119275844032672,0.49580771594475537,success,
DTLZ2_m3_e500_s227,DTLZ2,NSGAII,dvl_framework,3,10,500,227,52,0.08299130600005356,91,0.9211270910866225,0.06881073999283498,success,
DTLZ2_m3_e500_s227,DTLZ2,NSGAII,pure_moea,3,10,500,227,53,0.13993070200001512,91,0.6998768084563656,0.5117132262115214,success,
DTLZ2_m3_e500_s227,DTLZ2,NSGAII,dvl_framework,3,10,500,227,53,0.08325461399999767,91,0.9231408798181124,0.06765037961301382,success,
DTLZ2_m3_e500_s227,DTLZ2,NSGAII,pure_moea,3,10,500,227,54,0.18195453399994221,91,0.7206343731172137,0.48387581311721306,success,
DTLZ2_m3_e500_s227,DTLZ2,NSGAII,dvl_framework,3,10,500,227,54,0.08427350199997363,91,0.9216005220552455,0.06851705216437703,success,
DTLZ2_m3_e500_s227,DTLZ2,NSGAII,pure_moea,3,10,500,227,55,0.14001547000009396,91,0.7063110148555886,0.4727885306000575,success,
DTLZ2_m3_e500_s227,DTLZ2,NSGAII,dvl_framework,3,10,500,227,55,0.08393858400006593,91,0.9233695938249833,0.06645298268168202,success,
DTLZ2_m3_e500_s227,DTLZ2,NSGAII,pure_moea,3,10,500,227,56,0.14019623700005468,91,0.727881584103256,0.46568702590734945,success,
DTLZ2_m3_e500_s227,DTLZ2,NSGAII,dvl_framework,3,10,500,227,56,0.08341200400002435,91,0.9231981882900488,0.0687227910494963,success,
DTLZ2_m3_e500_s227,DTLZ2,NSGAII,pure_moea,3,10,500,227,57,0.14144662199998947,91,0.7445767741893417,0.44235381923588,success,
DTLZ2_m3_e500_s227,DTLZ2,NSGAII,dvl_framework,3,10,500,227,57,0.08425560999990012,91,0.9213706713507139,0.066147499780982,success,
DTLZ2_m3_e500_s227,DTLZ2,NSGAII,pure_moea,3,10,500,227,58,0.13860383100006857,91,0.7216218249180748,0.4943529702994426,success,
DTLZ2_m3_e500_s227,DTLZ2,NSGAII,dvl_framework,3,10,500,227,58,0.08348979299989878,91,0.9215108457640664,0.06933684603457069,success,
DTLZ2_m3_e500_s227,DTLZ2,NSGAII,pure_moea,3,10,500,227,59,0.137365698999929,91,0.6912387370728376,0.4858448356089559,success,
DTLZ2_m3_e500_s227,DTLZ2,NSGAII,dvl_framework,3,10,500,227,59,0.08362804000000779,91,0.9200634718318209,0.06784573764228197,success,
DTLZ2_m3_e500_s227,DTLZ2,NSGAII,pure_moea,3,10,500,227,60,0.13774705399998766,91,0.7670643867237792,0.40880761892862716,success,
DTLZ2_m3_e500_s227,DTLZ2,NSGAII,dvl_framework,3,10,500,227,60,0.08353651200002332,91,0.9236014165507255,0.06973949021462258,success,
DTLZ2_m3_e500_s227,DTLZ2,NSGAII,pure_moea,3,10,500,227,61,0.1407598839999764,91,0.7047605393903668,0.5026890434413019,success,
DTLZ2_m3_e500_s227,DTLZ2,NSGAII,dvl_framework,3,10,500,227,61,0.08114858200008257,91,0.9222295513312502,0.06804280290351877,success,
DTLZ2_m3_e500_s227,DTLZ2,NSGAIII,pure_moea,3,10,500,227,42,0.23108080400004383,81,0.9491923849399617,0.19740514906683193,success,
DTLZ2_m3_e500_s227,DTLZ2,NSGAIII,dvl_framework,3,10,500,227,42,0.1188949429999866,83,0.9269659659138058,0.0714822359475665,success,
DTLZ2_m3_e500_s227,DTLZ2,NSGAIII,pure_moea,3,10,500,227,43,0.23045405400000618,87,0.9557492169030001,0.16336149166911318,success,
DTLZ2_m3_e500_s227,DTLZ2,NSGAIII,dvl_framework,3,10,500,227,43,0.11930362800001149,81,0.926640537153972,0.07039940019699295,success,
DTLZ2_m3_e500_s227,DTLZ2,NSGAIII,pure_moea,3,10,500,227,44,0.22945679299994026,91,0.9599588568777214,0.18448945510740203,success,
DTLZ2_m3_e500_s227,DTLZ2,NSGAIII,dvl_framework,3,10,500,227,44,0.1210708749999867,78,0.9671509764625126,0.21607687756628172,success,
DTLZ2_m3_e500_s227,DTLZ2,NSGAIII,pure_moea,3,10,500,227,45,0.22818750600004023,88,0.9234084406041565,0.11813057937415375,success,
DTLZ2_m3_e500_s227,DTLZ2,NSGAIII,dvl_framework,3,10,500,227,45,0.13064149699994232,58,0.9108125900255435,0.09202689654333243,success,
DTLZ2_m3_e500_s227,DTLZ2,NSGAIII,pure_moea,3,10,500,227,46,0.24367425200000525,86,0.8844281594937965,0.19179479915290024,success,
DTLZ2_m3_e500_s227,DTLZ2,NSGAIII,dvl_framework,3,10,500,227,46,0.11861830500004089,83,0.9263519190702455,0.0688007432871843,success,
DTLZ2_m3_e500_s227,DTLZ2,NSGAIII,pure_moea,3,10,500,227,47,0.22211622999998326,87,0.9375438050733279,0.15139632045478543,success,
DTLZ2_m3_e500_s227,DTLZ2,NSGAIII,dvl_framework,3,10,500,227,47,0.1199611230000528,82,0.9263862706243449,0.06890742682490046,success,
DTLZ2_m3_e500_s227,DTLZ2,NSGAIII,pure_moea,3,10,500,227,48,0.2155621939999719,91,0.8928426784985124,0.17284577118006214,success,
DTLZ2_m3_e500_s227,DTLZ2,NSGAIII,dvl_framework,3,10,500,227,48,0.12254877500004113,88,0.962881862584005,0.2198422068401841,success,
DTLZ2_m3_e500_s227,DTLZ2,NSGAIII,pure_moea,3,10,500,227,49,0.23754258999997546,91,0.9113924069916117,0.16056945193922922,success,
DTLZ2_m3_e500_s227,DTLZ2,NSGAIII,dvl_framework,3,10,500,227,49,0.12211860100001104,84,0.9275668113443408,0.072190775879973,success,
DTLZ2_m3_e500_s227,DTLZ2,NSGAIII,pure_moea,3,10,500,227,50,0.21133923600007165,76,0.9519103305351835,0.14549971575613846,success,
DTLZ2_m3_e500_s227,DTLZ2,NSGAIII,dvl_framework,3,10,500,227,50,0.11980379700003141,85,0.9276331797302593,0.06819956864492863,success,
DTLZ2_m3_e500_s227,DTLZ2,NSGAIII,pure_moea,3,10,500,227,51,0.24303143700001328,88,0.9473861550998144,0.15968391558201545,success,
DTLZ2_m3_e500_s227,DTLZ2,NSGAIII,dvl_framework,3,10,500,227,51,0.12126894700008961,87,0.92592315071655,0.06885659461856936,success,
DTLZ2_m3_e500_s227,DTLZ2,NSGAIII,pure_moea,3,10,500,227,52,0.22147999399999208,90,0.9573717742026124,0.19958143200568026,success,
DTLZ2_m3_e500_s227,DTLZ2,NSGAIII,dvl_framework,3,10,500,227,52,0.12627083699999275,57,0.9539264998330141,0.21622397089590864,success,
DTLZ2_m3_e500_s227,DTLZ2,NSGAIII,pure_moea,3,10,500,227,53,0.23673722000000907,84,0.9212631768087518,0.14344942495772892,success,
DTLZ2_m3_e500_s227,DTLZ2,NSGAIII,dvl_framework,3,10,500,227,53,0.10451565200003188,68,0.9384949405607748,0.11472203212278248,success,
DTLZ2_m3_e500_s227,DTLZ2,NSGAIII,pure_moea,3,10,500,227,54,0.2272307659999342,73,0.9605855144363463,0.17356179914866907,success,
DTLZ2_m3_e500_s227,DTLZ2,NSGAIII,dvl_framework,3,10,500,227,54,0.12518007400001352,53,0.9385874893822865,0.1833613877414097,success,
DTLZ2_m3_e500_s227,DTLZ2,NSGAIII,pure_moea,3,10,500,227,55,0.2240788159999738,85,0.9457075441716344,0.16547041161197976,success,
DTLZ2_m3_e500_s227,DTLZ2,NSGAIII,dvl_framework,3,10,500,227,55,0.11739426799999819,78,0.9251923097295672,0.0704198689195144,success,
DTLZ2_m3_e500_s227,DTLZ2,NSGAIII,pure_moea,3,10,500,227,56,0.22658280699999978,86,0.923862043961569,0.14848335816119376,success,
DTLZ2_m3_e500_s227,DTLZ2,NSGAIII,dvl_framework,3,10,500,227,56,0.10752077899996948,91,0.9228606250234563,0.06971822903140125,success,
DTLZ2_m3_e500_s227,DTLZ2,NSGAIII,pure_moea,3,10,500,227,57,0.21326178500009974,91,0.9644643405876454,0.174566982239428,success,
DTLZ2_m3_e500_s227,DTLZ2,NSGAIII,dvl_framework,3,10,500,227,57,0.1347749780001095,85,0.9260331008555621,0.0691499207894855,success,
DTLZ2_m3_e500_s227,DTLZ2,NSGAIII,pure_moea,3,10,500,227,58,0.24842461900004764,85,0.868014411737703,0.23373811182714696,success,
DTLZ2_m3_e500_s227,DTLZ2,NSGAIII,dvl_framework,3,10,500,227,58,0.12942566599997463,91,0.9229648627347664,0.0674487160986972,success,
DTLZ2_m3_e500_s227,DTLZ2,NSGAIII,pure_moea,3,10,500,227,59,0.23092072199995073,90,0.9428878281605642,0.174801868369337,success,
DTLZ2_m3_e500_s227,DTLZ2,NSGAIII,dvl_framework,3,10,500,227,59,0.12245365800004038,83,0.9257865676260693,0.0704747525952141,success,
DTLZ2_m3_e500_s227,DTLZ2,NSGAIII,pure_moea,3,10,500,227,60,0.23136972500003594,91,0.9037279788851708,0.16068049303667598,success,
DTLZ2_m3_e500_s227,DTLZ2,NSGAIII,dvl_framework,3,10,500,227,60,0.12645878099999663,55,0.9083508610437615,0.09943485658659584,success,
DTLZ2_m3_e500_s227,DTLZ2,NSGAIII,pure_moea,3,10,500,227,61,0.20981918900008623,77,0.930204720181191,0.1334685188482028,success,
DTLZ2_m3_e500_s227,DTLZ2,NSGAIII,dvl_framework,3,10,500,227,61,0.14874189599993315,91,0.9225814595362714,0.06775692960459409,success,
DTLZ2_m3_e1000_s600,DTLZ2,MOEAD,pure_moea,3,10,1000,600,42,0.13729341399994155,21,0.703254726722723,0.5222180656123898,success,
DTLZ2_m3_e1000_s600,DTLZ2,MOEAD,dvl_framework,3,10,1000,600,42,0.079243077000001,30,0.8986353365999259,0.2188937787631488,success,
DTLZ2_m3_e1000_s600,DTLZ2,MOEAD,pure_moea,3,10,1000,600,43,0.1343483790000164,27,0.7682072419045486,0.5209704539460595,success,
DTLZ2_m3_e1000_s600,DTLZ2,MOEAD,dvl_framework,3,10,1000,600,43,0.0810887200000252,34,0.9051952858901818,0.19967438838369675,success,
DTLZ2_m3_e1000_s600,DTLZ2,MOEAD,pure_moea,3,10,1000,600,44,0.13763545200004046,26,0.6631237747228746,0.604338193670725,success,
DTLZ2_m3_e1000_s600,DTLZ2,MOEAD,dvl_framework,3,10,1000,600,44,0.08251428200003375,37,0.8988872152804196,0.2113801982894378,success,
DTLZ2_m3_e1000_s600,DTLZ2,MOEAD,pure_moea,3,10,1000,600,45,0.13777279399994313,21,0.7907306456807708,0.48565527274793546,success,
DTLZ2_m3_e1000_s600,DTLZ2,MOEAD,dvl_framework,3,10,1000,600,45,0.08076725800003715,30,0.8966446774748993,0.24897670744825656,success,
DTLZ2_m3_e1000_s600,DTLZ2,MOEAD,pure_moea,3,10,1000,600,46,0.13783999099996436,25,0.6764987697902874,0.5981388052788958,success,
DTLZ2_m3_e1000_s600,DTLZ2,MOEAD,dvl_framework,3,10,1000,600,46,0.08145611999998437,34,0.9014094771288383,0.20121061087262337,success,
DTLZ2_m3_e1000_s600,DTLZ2,MOEAD,pure_moea,3,10,1000,600,47,0.13398545799998374,22,0.7856615131097713,0.4668054996103425,success,
DTLZ2_m3_e1000_s600,DTLZ2,MOEAD,dvl_framework,3,10,1000,600,47,0.08188578299996152,32,0.9022687046827856,0.24778620273271174,success,
DTLZ2_m3_e1000_s600,DTLZ2,MOEAD,pure_moea,3,10,1000,600,48,0.13998697800002446,21,0.7739003374476465,0.46969042413535195,success,
DTLZ2_m3_e1000_s600,DTLZ2,MOEAD,dvl_framework,3,10,1000,600,48,0.08376497899996593,29,0.9002197257593044,0.2575195032685857,success,
DTLZ2_m3_e1000_s600,DTLZ2,MOEAD,pure_moea,3,10,1000,600,49,0.1378681010000946,30,0.8077788980743766,0.46990562978562606,success,
DTLZ2_m3_e1000_s600,DTLZ2,MOEAD,dvl_framework,3,10,1000,600,49,0.08046204499999021,28,0.8921603092626769,0.2516255268500453,success,
DTLZ2_m3_e1000_s600,DTLZ2,MOEAD,pure_moea,3,10,1000,600,50,0.14745501000004424,24,0.7701437370451296,0.47784501813397623,success,
DTLZ2_m3_e1000_s600,DTLZ2,MOEAD,dvl_framework,3,10,1000,600,50,0.08103710300008515,31,0.8986434002813083,0.2556333497198901,success,
DTLZ2_m3_e1000_s600,DTLZ2,MOEAD,pure_moea,3,10,1000,600,51,0.1334717529999807,29,0.7978018260366526,0.41521752227417213,success,
DTLZ2_m3_e1000_s600,DTLZ2,MOEAD,dvl_framework,3,10,1000,600,51,0.1242592840000043,26,0.8947903445950136,0.26495575141550587,success,
DTLZ2_m3_e1000_s600,DTLZ2,MOEAD,pure_moea,3,10,1000,600,52,0.13254095899992535,27,0.8191397007088292,0.38498223042169166,success,
DTLZ2_m3_e1000_s600,DTLZ2,MOEAD,dvl_framework,3,10,1000,600,52,0.08242262299995673,26,0.8998319430554355,0.2297103135915765,success,
DTLZ2_m3_e1000_s600,DTLZ2,MOEAD,pure_moea,3,10,1000,600,53,0.14092825299997003,33,0.6589413894929907,0.6010225357419341,success,
DTLZ2_m3_e1000_s600,DTLZ2,MOEAD,dvl_framework,3,10,1000,600,53,0.08195903399996496,28,0.8933874106566251,0.28057783598357067,success,
DTLZ2_m3_e1000_s600,DTLZ2,MOEAD,pure_moea,3,10,1000,600,54,0.13591656799997054,22,0.739692168259539,0.536999353334241,success,
DTLZ2_m3_e1000_s600,DTLZ2,MOEAD,dvl_framework,3,10,1000,600,54,0.07966006899994227,21,0.8971131330742461,0.2588301153976558,success,
DTLZ2_m3_e1000_s600,DTLZ2,MOEAD,pure_moea,3,10,1000,600,55,0.1383342580000999,30,0.8118246653978962,0.38625881873858897,success,
DTLZ2_m3_e1000_s600,DTLZ2,MOEAD,dvl_framework,3,10,1000,600,55,0.07927859500000523,29,0.8989285355355146,0.23572950237019794,success,
DTLZ2_m3_e1000_s600,DTLZ2,MOEAD,pure_moea,3,10,1000,600,56,0.1361925290000272,31,0.7893006906398333,0.4289096647478527,success,
DTLZ2_m3_e1000_s600,DTLZ2,MOEAD,dvl_framework,3,10,1000,600,56,0.08071701100004702,26,0.8964280775280518,0.22242115373694596,success,
DTLZ2_m3_e1000_s600,DTLZ2,MOEAD,pure_moea,3,10,1000,600,57,0.14002713200000017,35,0.7971371319291226,0.40604530431696434,success,
DTLZ2_m3_e1000_s600,DTLZ2,MOEAD,dvl_framework,3,10,1000,600,57,0.07928636799999822,27,0.8950639960320501,0.28778571092675365,success,
DTLZ2_m3_e1000_s600,DTLZ2,MOEAD,pure_moea,3,10,1000,600,58,0.1371756539999751,18,0.7604377438146692,0.5106412467357382,success,
DTLZ2_m3_e1000_s600,DTLZ2,MOEAD,dvl_framework,3,10,1000,600,58,0.08040922499992575,25,0.8895893310047716,0.31538422828284784,success,
DTLZ2_m3_e1000_s600,DTLZ2,MOEAD,pure_moea,3,10,1000,600,59,0.13061470000002373,24,0.8290377236837969,0.4098509162961297,success,
DTLZ2_m3_e1000_s600,DTLZ2,MOEAD,dvl_framework,3,10,1000,600,59,0.07882200900007774,24,0.9004363567109125,0.2226720834841647,success,
DTLZ2_m3_e1000_s600,DTLZ2,MOEAD,pure_moea,3,10,1000,600,60,0.13154181799995968,25,0.8395332069516794,0.39901866598878616,success,
DTLZ2_m3_e1000_s600,DTLZ2,MOEAD,dvl_framework,3,10,1000,600,60,0.08001830000000609,39,0.9000672863612861,0.2971234029743312,success,
DTLZ2_m3_e1000_s600,DTLZ2,MOEAD,pure_moea,3,10,1000,600,61,0.13236475899998368,24,0.7611221034087094,0.5029778571301394,success,
DTLZ2_m3_e1000_s600,DTLZ2,MOEAD,dvl_framework,3,10,1000,600,61,0.0828278329998966,32,0.9044582974743273,0.1961729763473928,success,
DTLZ2_m3_e1000_s600,DTLZ2,NSGAII,pure_moea,3,10,1000,600,42,0.29290780300004826,91,0.7463012713690943,0.47811320456729445,success,
DTLZ2_m3_e1000_s600,DTLZ2,NSGAII,dvl_framework,3,10,1000,600,42,0.12614918700001,91,0.9240595536474683,0.06673784780929828,success,
DTLZ2_m3_e1000_s600,DTLZ2,NSGAII,pure_moea,3,10,1000,600,43,0.29713738600003126,91,0.7393920997106543,0.47149855298754484,success,
DTLZ2_m3_e1000_s600,DTLZ2,NSGAII,dvl_framework,3,10,1000,600,43,0.12581937200002358,91,0.9239078862241119,0.06717721584591392,success,
DTLZ2_m3_e1000_s600,DTLZ2,NSGAII,pure_moea,3,10,1000,600,44,0.30402025000000776,91,0.7678932468924757,0.4315975113822666,success,
DTLZ2_m3_e1000_s600,DTLZ2,NSGAII,dvl_framework,3,10,1000,600,44,0.12655345600001056,91,0.9233632320115611,0.06703331934701047,success,
DTLZ2_m3_e1000_s600,DTLZ2,NSGAII,pure_moea,3,10,1000,600,45,0.29559640299999046,91,0.7411266400553734,0.4489508668066589,success,
DTLZ2_m3_e1000_s600,DTLZ2,NSGAII,dvl_framework,3,10,1000,600,45,0.1269353919999503,91,0.9241414955458923,0.06488736515385819,success,
DTLZ2_m3_e1000_s600,DTLZ2,NSGAII,pure_moea,3,10,1000,600,46,0.2945268539999688,91,0.7647668687620177,0.4478518637214691,success,
DTLZ2_m3_e1000_s600,DTLZ2,NSGAII,dvl_framework,3,10,1000,600,46,0.12349544200003493,91,0.9240338256690144,0.06830943828205736,success,
DTLZ2_m3_e1000_s600,DTLZ2,NSGAII,pure_moea,3,10,1000,600,47,0.28810688399994433,91,0.7345739440650126,0.47090430230106356,success,
DTLZ2_m3_e1000_s600,DTLZ2,NSGAII,dvl_framework,3,10,1000,600,47,0.12305711999999858,91,0.9239652582007076,0.06677968071590794,success,
DTLZ2_m3_e1000_s600,DTLZ2,NSGAII,pure_moea,3,10,1000,600,48,0.29223680600000534,91,0.7347085542432881,0.45282637905493195,success,
DTLZ2_m3_e1000_s600,DTLZ2,NSGAII,dvl_framework,3,10,1000,600,48,0.12538487699998768,91,0.9247701124394854,0.06552174329824148,success,
DTLZ2_m3_e1000_s600,DTLZ2,NSGAII,pure_moea,3,10,1000,600,49,0.2884214449999263,91,0.7407873604700479,0.47801882297600257,success,
DTLZ2_m3_e1000_s600,DTLZ2,NSGAII,dvl_framework,3,10,1000,600,49,0.12658978600006776,91,0.922705721006311,0.07140366931130737,success,
DTLZ2_m3_e1000_s600,DTLZ2,NSGAII,pure_moea,3,10,1000,600,50,0.29154557099991507,91,0.7235542165048332,0.48043122314344644,success,
DTLZ2_m3_e1000_s600,DTLZ2,NSGAII,dvl_framework,3,10,1000,600,50,0.12563556600002812,91,0.9240604894806832,0.0671789179440891,success,
DTLZ2_m3_e1000_s600,DTLZ2,NSGAII,pure_moea,3,10,1000,600,51,0.2981779759999199,91,0.758174169050728,0.4544455624158654,success,
DTLZ2_m3_e1000_s600,DTLZ2,NSGAII,dvl_framework,3,10,1000,600,51,0.12337063699999362,91,0.9233572485913429,0.06698227940099245,success,
DTLZ2_m3_e1000_s600,DTLZ2,NSGAII,pure_moea,3,10,1000,600,52,0.2896626089999472,91,0.7568856798226273,0.4478523960661595,success,
DTLZ2_m3_e1000_s600,DTLZ2,NSGAII,dvl_framework,3,10,1000,600,52,0.12822987100003047,91,0.9240454541454473,0.06770013515166172,success,
DTLZ2_m3_e1000_s600,DTLZ2,NSGAII,pure_moea,3,10,1000,600,53,0.2994692270000314,91,0.7519515253089397,0.47051858964691945,success,
DTLZ2_m3_e1000_s600,DTLZ2,NSGAII,dvl_framework,3,10,1000,600,53,0.12668521599994165,91,0.9237748332978122,0.06818363084015887,success,
DTLZ2_m3_e1000_s600,DTLZ2,NSGAII,pure_moea,3,10,1000,600,54,0.2993715030000885,91,0.7495578032880132,0.4627338581802972,success,
DTLZ2_m3_e1000_s600,DTLZ2,NSGAII,dvl_framework,3,10,1000,600,54,0.12317472999995971,91,0.9230741767799274,0.07223335141727082,success,
DTLZ2_m3_e1000_s600,DTLZ2,NSGAII,pure_moea,3,10,1000,600,55,0.2883470980000311,91,0.7451913108277601,0.4395507717453672,success,
DTLZ2_m3_e1000_s600,DTLZ2,NSGAII,dvl_framework,3,10,1000,600,55,0.1258171660000471,91,0.9236605180604891,0.06680045561449581,success,
DTLZ2_m3_e1000_s600,DTLZ2,NSGAII,pure_moea,3,10,1000,600,56,0.2907587340000646,91,0.7503978699225693,0.45072148596802947,success,
DTLZ2_m3_e1000_s600,DTLZ2,NSGAII,dvl_framework,3,10,1000,600,56,0.12573389900001075,91,0.9239548161420519,0.06706053597107217,success,
DTLZ2_m3_e1000_s600,DTLZ2,NSGAII,pure_moea,3,10,1000,600,57,0.29615599400005976,91,0.7655267136321369,0.41305936516107594,success,
DTLZ2_m3_e1000_s600,DTLZ2,NSGAII,dvl_framework,3,10,1000,600,57,0.12619683900004475,91,0.9232848010570904,0.06760571618653939,success,
DTLZ2_m3_e1000_s600,DTLZ2,NSGAII,pure_moea,3,10,1000,600,58,0.2925663109999732,91,0.7574382716106474,0.4471865920460334,success,
DTLZ2_m3_e1000_s600,DTLZ2,NSGAII,dvl_framework,3,10,1000,600,58,0.12643712900000992,91,0.9238988106533075,0.06629824101099512,success,
DTLZ2_m3_e1000_s600,DTLZ2,NSGAII,pure_moea,3,10,1000,600,59,0.29156371299995953,91,0.7552782505521599,0.41371624085007347,success,
DTLZ2_m3_e1000_s600,DTLZ2,NSGAII,dvl_framework,3,10,1000,600,59,0.12785775700001523,91,0.9232655964805051,0.06713616823120912,success,
DTLZ2_m3_e1000_s600,DTLZ2,NSGAII,pure_moea,3,10,1000,600,60,0.30357349900009467,91,0.8030647641160822,0.37584260675255676,success,
DTLZ2_m3_e1000_s600,DTLZ2,NSGAII,dvl_framework,3,10,1000,600,60,0.1297886689999359,91,0.9240102461306232,0.06925673157489431,success,
DTLZ2_m3_e1000_s600,DTLZ2,NSGAII,pure_moea,3,10,1000,600,61,0.30362190899995767,91,0.7372423935640978,0.48807966315410944,success,
DTLZ2_m3_e1000_s600,DTLZ2,NSGAII,dvl_framework,3,10,1000,600,61,0.12787550699999883,91,0.9238302168841609,0.0676153443237019,success,
DTLZ2_m3_e1000_s600,DTLZ2,NSGAIII,pure_moea,3,10,1000,600,42,0.4868739819999064,90,0.956748768460594,0.19247484943045995,success,
DTLZ2_m3_e1000_s600,DTLZ2,NSGAIII,dvl_framework,3,10,1000,600,42,0.20325827600004231,85,0.925705828162103,0.06705946419978509,success,
DTLZ2_m3_e1000_s600,DTLZ2,NSGAIII,pure_moea,3,10,1000,600,43,0.48437362399999984,90,0.9570711506316243,0.16543766187871214,success,
DTLZ2_m3_e1000_s600,DTLZ2,NSGAIII,dvl_framework,3,10,1000,600,43,0.21100077400001283,91,0.925051702639297,0.06746744965960741,success,
DTLZ2_m3_e1000_s600,DTLZ2,NSGAIII,pure_moea,3,10,1000,600,44,0.46409335999999257,88,0.9702320887733474,0.20235905873053894,success,
DTLZ2_m3_e1000_s600,DTLZ2,NSGAIII,dvl_framework,3,10,1000,600,44,0.1710551909999367,91,0.9260686716787212,0.07107231507792365,success,
DTLZ2_m3_e1000_s600,DTLZ2,NSGAIII,pure_moea,3,10,1000,600,45,0.43292445100007626,91,0.9413211463233986,0.15323646768494456,success,
DTLZ2_m3_e1000_s600,DTLZ2,NSGAIII,dvl_framework,3,10,1000,600,45,0.21407072400006655,91,0.9275663243858243,0.06627470166251269,success,
DTLZ2_m3_e1000_s600,DTLZ2,NSGAIII,pure_moea,3,10,1000,600,46,0.4825846649999903,71,0.9099772173818179,0.15332195351023573,success,
DTLZ2_m3_e1000_s600,DTLZ2,NSGAIII,dvl_framework,3,10,1000,600,46,0.20504148899999564,86,0.9487076209654148,0.15863812820482998,success,
DTLZ2_m3_e1000_s600,DTLZ2,NSGAIII,pure_moea,3,10,1000,600,47,0.4833859450000091,91,0.9420087870836886,0.15428454674104494,success,
DTLZ2_m3_e1000_s600,DTLZ2,NSGAIII,dvl_framework,3,10,1000,600,47,0.25186510899993664,86,0.9234208142675701,0.08241613533894011,success,
DTLZ2_m3_e1000_s600,DTLZ2,NSGAIII,pure_moea,3,10,1000,600,48,0.45306962600000134,89,0.9071810855692342,0.1497210263144369,success,
DTLZ2_m3_e1000_s600,DTLZ2,NSGAIII,dvl_framework,3,10,1000,600,48,0.21177037700010715,65,0.9088322033223186,0.09121955459363645,success,
DTLZ2_m3_e1000_s600,DTLZ2,NSGAIII,pure_moea,3,10,1000,600,49,0.4797330809999494,88,0.9294049525962575,0.13690366651353983,success,
DTLZ2_m3_e1000_s600,DTLZ2,NSGAIII,dvl_framework,3,10,1000,600,49,0.2027910399999655,89,0.9207256737534936,0.08679622411948161,success,
DTLZ2_m3_e1000_s600,DTLZ2,NSGAIII,pure_moea,3,10,1000,600,50,0.446754736999992,76,0.9800471504788352,0.21110078224857273,success,
DTLZ2_m3_e1000_s600,DTLZ2,NSGAIII,dvl_framework,3,10,1000,600,50,0.20857971700002054,88,0.9258995768719418,0.06929865832285839,success,
DTLZ2_m3_e1000_s600,DTLZ2,NSGAIII,pure_moea,3,10,1000,600,51,0.4738046579999491,87,0.9627533953235902,0.17617734956422476,success,
DTLZ2_m3_e1000_s600,DTLZ2,NSGAIII,dvl_framework,3,10,1000,600,51,0.2057084069999746,75,0.9242492489966418,0.08635410632691912,success,
DTLZ2_m3_e1000_s600,DTLZ2,NSGAIII,pure_moea,3,10,1000,600,52,0.5244406949999529,86,0.9597548328098857,0.1713292243747201,success,
DTLZ2_m3_e1000_s600,DTLZ2,NSGAIII,dvl_framework,3,10,1000,600,52,0.18858660599994437,86,0.9240584457201704,0.06963957345048084,success,
DTLZ2_m3_e1000_s600,DTLZ2,NSGAIII,pure_moea,3,10,1000,600,53,0.4952771959999609,78,0.9377160092073932,0.14515332556595112,success,
DTLZ2_m3_e1000_s600,DTLZ2,NSGAIII,dvl_framework,3,10,1000,600,53,0.2077535229999512,90,0.9251218877535089,0.0682506668175934,success,
DTLZ2_m3_e1000_s600,DTLZ2,NSGAIII,pure_moea,3,10,1000,600,54,0.47856503399998473,86,0.969998589756203,0.1855883525160797,success,
DTLZ2_m3_e1000_s600,DTLZ2,NSGAIII,dvl_framework,3,10,1000,600,54,0.19016971400003513,73,0.9352626785467404,0.11913343855292303,success,
DTLZ2_m3_e1000_s600,DTLZ2,NSGAIII,pure_moea,3,10,1000,600,55,0.4672472040000457,86,0.951280701013534,0.19005340287802996,success,
DTLZ2_m3_e1000_s600,DTLZ2,NSGAIII,dvl_framework,3,10,1000,600,55,0.20628605599995353,84,0.9261300640071023,0.06896799471120478,success,
DTLZ2_m3_e1000_s600,DTLZ2,NSGAIII,pure_moea,3,10,1000,600,56,0.4964272099999789,85,0.9300573614867854,0.1352784632934093,success,
DTLZ2_m3_e1000_s600,DTLZ2,NSGAIII,dvl_framework,3,10,1000,600,56,0.20244176699998206,90,0.9274563947291458,0.07781627685628902,success,
DTLZ2_m3_e1000_s600,DTLZ2,NSGAIII,pure_moea,3,10,1000,600,57,0.4680678510000007,91,0.9719257668354042,0.1784871150854738,success,
DTLZ2_m3_e1000_s600,DTLZ2,NSGAIII,dvl_framework,3,10,1000,600,57,0.20761597099999562,76,0.950918530104382,0.1453069201374021,success,
DTLZ2_m3_e1000_s600,DTLZ2,NSGAIII,pure_moea,3,10,1000,600,58,0.511891349999928,91,0.8822261837989822,0.22300569826414923,success,
DTLZ2_m3_e1000_s600,DTLZ2,NSGAIII,dvl_framework,3,10,1000,600,58,0.20844182199994066,76,0.9227247295536718,0.092253622581929,success,
DTLZ2_m3_e1000_s600,DTLZ2,NSGAIII,pure_moea,3,10,1000,600,59,0.4464443059999894,90,0.9471918817156647,0.16646639156922693,success,
DTLZ2_m3_e1000_s600,DTLZ2,NSGAIII,dvl_framework,3,10,1000,600,59,0.21392800700004955,88,0.9259269718895458,0.06789613464350587,success,
DTLZ2_m3_e1000_s600,DTLZ2,NSGAIII,pure_moea,3,10,1000,600,60,0.486703994000095,91,0.9296565812939123,0.14266431234465246,success,
DTLZ2_m3_e1000_s600,DTLZ2,NSGAIII,dvl_framework,3,10,1000,600,60,0.25307933800002047,58,0.9266242768225512,0.10472100088985901,success,
DTLZ2_m3_e1000_s600,DTLZ2,NSGAIII,pure_moea,3,10,1000,600,61,0.4571460339999476,90,0.9425986677108755,0.167635372314527,success,
DTLZ2_m3_e1000_s600,DTLZ2,NSGAIII,dvl_framework,3,10,1000,600,61,0.20994943700009117,86,0.9254615823781556,0.0674667835201942,success,
DTLZ2_m3_e1500_s600,DTLZ2,MOEAD,pure_moea,3,10,1500,600,42,0.20810811299998022,23,0.7579166185770922,0.4423609706248773,success,
DTLZ2_m3_e1500_s600,DTLZ2,MOEAD,dvl_framework,3,10,1500,600,42,0.14789938800004165,24,0.9059334780981491,0.21912963757287654,success,
DTLZ2_m3_e1500_s600,DTLZ2,MOEAD,pure_moea,3,10,1500,600,43,0.1962516029999506,32,0.8093030609039963,0.418226390426813,success,
DTLZ2_m3_e1500_s600,DTLZ2,MOEAD,dvl_framework,3,10,1500,600,43,0.1505467020000424,43,0.9055792054076484,0.17378207845837892,success,
DTLZ2_m3_e1500_s600,DTLZ2,MOEAD,pure_moea,3,10,1500,600,44,0.20000573499999064,29,0.7146187961517778,0.5407494302475622,success,
DTLZ2_m3_e1500_s600,DTLZ2,MOEAD,dvl_framework,3,10,1500,600,44,0.15156613500005278,31,0.8975343550151778,0.20240633048882284,success,
DTLZ2_m3_e1500_s600,DTLZ2,MOEAD,pure_moea,3,10,1500,600,45,0.20768677400008073,25,0.8190450511216473,0.44963537893553723,success,
DTLZ2_m3_e1500_s600,DTLZ2,MOEAD,dvl_framework,3,10,1500,600,45,0.14603896600010557,27,0.9042883364642591,0.21974514434579773,success,
DTLZ2_m3_e1500_s600,DTLZ2,MOEAD,pure_moea,3,10,1500,600,46,0.21112063900000066,28,0.7349610365350826,0.4994297514702681,success,
DTLZ2_m3_e1500_s600,DTLZ2,MOEAD,dvl_framework,3,10,1500,600,46,0.15187609700001303,37,0.9116351500853761,0.16667849506703386,success,
DTLZ2_m3_e1500_s600,DTLZ2,MOEAD,pure_moea,3,10,1500,600,47,0.20156544799999665,32,0.8243498139247816,0.37738297738276283,success,
DTLZ2_m3_e1500_s600,DTLZ2,MOEAD,dvl_framework,3,10,1500,600,47,0.14645736199997827,26,0.8993524834425167,0.22245654550665306,success,
DTLZ2_m3_e1500_s600,DTLZ2,MOEAD,pure_moea,3,10,1500,600,48,0.20286500600002455,29,0.8011001799269271,0.4451073711450781,success,
DTLZ2_m3_e1500_s600,DTLZ2,MOEAD,dvl_framework,3,10,1500,600,48,0.14721443200005524,35,0.9030119508230685,0.24735988567941064,success,
DTLZ2_m3_e1500_s600,DTLZ2,MOEAD,pure_moea,3,10,1500,600,49,0.198380745999998,31,0.8262795904540208,0.47131111741207815,success,
DTLZ2_m3_e1500_s600,DTLZ2,MOEAD,dvl_framework,3,10,1500,600,49,0.1499025260000053,28,0.9036374246514299,0.19294798697422863,success,
DTLZ2_m3_e1500_s600,DTLZ2,MOEAD,pure_moea,3,10,1500,600,50,0.20538777899992056,34,0.7955617427267088,0.4324906638756263,success,
DTLZ2_m3_e1500_s600,DTLZ2,MOEAD,dvl_framework,3,10,1500,600,50,0.15911464099997374,32,0.9083042342528548,0.22750170693163102,success,
DTLZ2_m3_e1500_s600,DTLZ2,MOEAD,pure_moea,3,10,1500,600,51,0.20461359300009008,37,0.8195936848688729,0.37613087337105805,success,
DTLZ2_m3_e1500_s600,DTLZ2,MOEAD,dvl_framework,3,10,1500,600,51,0.15120754299994132,25,0.8967075503817126,0.25355362372585477,success,
DTLZ2_m3_e1500_s600,DTLZ2,MOEAD,pure_moea,3,10,1500,600,52,0.202350944999921,39,0.8412002608863278,0.35159201729965545,success,
DTLZ2_m3_e1500_s600,DTLZ2,MOEAD,dvl_framework,3,10,1500,600,52,0.14880698000001757,24,0.9029163388481416,0.22153279389759087,success,
DTLZ2_m3_e1500_s600,DTLZ2,MOEAD,pure_moea,3,10,1500,600,53,0.19839480100006313,36,0.7290062184395999,0.5148144633717587,success,
DTLZ2_m3_e1500_s600,DTLZ2,MOEAD,dvl_framework,3,10,1500,600,53,0.14971482200007813,37,0.9029076861212674,0.24255762125785366,success,
DTLZ2_m3_e1500_s600,DTLZ2,MOEAD,pure_moea,3,10,1500,600,54,0.19830894999995508,36,0.8184111265835453,0.38379940014014363,success,
DTLZ2_m3_e1500_s600,DTLZ2,MOEAD,dvl_framework,3,10,1500,600,54,0.14789695199999642,30,0.9021879702573106,0.23873585362052588,success,
DTLZ2_m3_e1500_s600,DTLZ2,MOEAD,pure_moea,3,10,1500,600,55,0.2029550060000247,29,0.8424631921504402,0.3406537662691089,success,
DTLZ2_m3_e1500_s600,DTLZ2,MOEAD,dvl_framework,3,10,1500,600,55,0.14578614200001994,32,0.9068799877055687,0.23444332736922247,success,
DTLZ2_m3_e1500_s600,DTLZ2,MOEAD,pure_moea,3,10,1500,600,56,0.19945034299996678,25,0.839694141528607,0.3426507119920168,success,
DTLZ2_m3_e1500_s600,DTLZ2,MOEAD,dvl_framework,3,10,1500,600,56,0.14925117300003876,28,0.9044284246329912,0.20588820437431118,success,
DTLZ2_m3_e1500_s600,DTLZ2,MOEAD,pure_moea,3,10,1500,600,57,0.20479940200004876,29,0.8293159623620473,0.34588272354064026,success,
DTLZ2_m3_e1500_s600,DTLZ2,MOEAD,dvl_framework,3,10,1500,600,57,0.1463573720000113,25,0.8998634948344253,0.2793348992090633,success,
DTLZ2_m3_e1500_s600,DTLZ2,MOEAD,pure_moea,3,10,1500,600,58,0.20042599299995345,27,0.7920911533375583,0.42765821013489536,success,
DTLZ2_m3_e1500_s600,DTLZ2,MOEAD,dvl_framework,3,10,1500,600,58,0.14810542400005033,33,0.8985968689322543,0.27145163885559426,success,
DTLZ2_m3_e1500_s600,DTLZ2,MOEAD,pure_moea,3,10,1500,600,59,0.19216667000000598,35,0.8626211126635486,0.2833741253218371,success,
DTLZ2_m3_e1500_s600,DTLZ2,MOEAD,dvl_framework,3,10,1500,600,59,0.14810999300004823,30,0.9063081621697255,0.2033251325834069,success,
DTLZ2_m3_e1500_s600,DTLZ2,MOEAD,pure_moea,3,10,1500,600,60,0.1936430980000523,31,0.8563697063889021,0.3369116606814643,success,
DTLZ2_m3_e1500_s600,DTLZ2,MOEAD,dvl_framework,3,10,1500,600,60,0.15053205599997455,43,0.904714108345668,0.3012369396691476,success,
DTLZ2_m3_e1500_s600,DTLZ2,MOEAD,pure_moea,3,10,1500,600,61,0.19277772500004176,33,0.7982178279434193,0.4408305379957645,success,
DTLZ2_m3_e1500_s600,DTLZ2,MOEAD,dvl_framework,3,10,1500,600,61,0.14987279799993303,37,0.9081329258697609,0.16458213739733638,success,
DTLZ2_m3_e1500_s600,DTLZ2,NSGAII,pure_moea,3,10,1500,600,42,0.455686763000017,91,0.766965115175332,0.42505299095091686,success,
DTLZ2_m3_e1500_s600,DTLZ2,NSGAII,dvl_framework,3,10,1500,600,42,0.29296402500006025,91,0.9232447268984872,0.07424553008412008,success,
DTLZ2_m3_e1500_s600,DTLZ2,NSGAII,pure_moea,3,10,1500,600,43,0.460941350999974,91,0.7629778433892349,0.4595819367161798,success,
DTLZ2_m3_e1500_s600,DTLZ2,NSGAII,dvl_framework,3,10,1500,600,43,0.2863646719999906,91,0.9236722594189206,0.07526584995876842,success,
DTLZ2_m3_e1500_s600,DTLZ2,NSGAII,pure_moea,3,10,1500,600,44,0.5158279000000903,91,0.7774740724524227,0.4234734358100517,success,
DTLZ2_m3_e1500_s600,DTLZ2,NSGAII,dvl_framework,3,10,1500,600,44,0.29576464699994176,91,0.9239198170362835,0.06780933995928079,success,
DTLZ2_m3_e1500_s600,DTLZ2,NSGAII,pure_moea,3,10,1500,600,45,0.4585316459999831,91,0.7628917929228678,0.41939633071610233,success,
DTLZ2_m3_e1500_s600,DTLZ2,NSGAII,dvl_framework,3,10,1500,600,45,0.29048034499999176,91,0.9232694362299794,0.06951173690956561,success,
DTLZ2_m3_e1500_s600,DTLZ2,NSGAII,pure_moea,3,10,1500,600,46,0.4502449290000641,91,0.7855197279564446,0.4165786058959451,success,
DTLZ2_m3_e1500_s600,DTLZ2,NSGAII,dvl_framework,3,10,1500,600,46,0.2908757320000177,91,0.9238903238402049,0.07348068221206869,success,
DTLZ2_m3_e1500_s600,DTLZ2,NSGAII,pure_moea,3,10,1500,600,47,0.45314732899998944,91,0.7513165378134449,0.45161949379397115,success,
DTLZ2_m3_e1500_s600,DTLZ2,NSGAII,dvl_framework,3,10,1500,600,47,0.335374072000036,91,0.9241535996392873,0.0699249413339416,success,
DTLZ2_m3_e1500_s600,DTLZ2,NSGAII,pure_moea,3,10,1500,600,48,0.4540077229999042,91,0.7749589109243104,0.4065408202130097,success,
DTLZ2_m3_e1500_s600,DTLZ2,NSGAII,dvl_framework,3,10,1500,600,48,0.2944788030000609,91,0.9247384928008908,0.06886195929164832,success,
DTLZ2_m3_e1500_s600,DTLZ2,NSGAII,pure_moea,3,10,1500,600,49,0.4498507220000647,91,0.7586562033758758,0.4541047614810017,success,
DTLZ2_m3_e1500_s600,DTLZ2,NSGAII,dvl_framework,3,10,1500,600,49,0.2877013120000811,91,0.9243660818531682,0.07360291982156293,success,
DTLZ2_m3_e1500_s600,DTLZ2,NSGAII,pure_moea,3,10,1500,600,50,0.454012440999918,91,0.7825766251204671,0.4311040801769216,success,
DTLZ2_m3_e1500_s600,DTLZ2,NSGAII,dvl_framework,3,10,1500,600,50,0.291022410000096,91,0.9249849342566632,0.07039941237869045,success,
DTLZ2_m3_e1500_s600,DTLZ2,NSGAII,pure_moea,3,10,1500,600,51,0.45174497900006827,91,0.770712227148223,0.4364701740095187,success,
DTLZ2_m3_e1500_s600,DTLZ2,NSGAII,dvl_framework,3,10,1500,600,51,0.2885790970000244,91,0.9227111598415961,0.07327670093830314,success,
DTLZ2_m3_e1500_s600,DTLZ2,NSGAII,pure_moea,3,10,1500,600,52,0.4504591730000129,91,0.7746778126887017,0.4165564964175321,success,
DTLZ2_m3_e1500_s600,DTLZ2,NSGAII,dvl_framework,3,10,1500,600,52,0.3364000940000551,91,0.9244593923764285,0.07152826596379516,success,
DTLZ2_m3_e1500_s600,DTLZ2,NSGAII,pure_moea,3,10,1500,600,53,0.45760547800000495,91,0.7674247165794712,0.4522301519721669,success,
DTLZ2_m3_e1500_s600,DTLZ2,NSGAII,dvl_framework,3,10,1500,600,53,0.2943560090000119,91,0.9229248869686407,0.07290192376234571,success,
DTLZ2_m3_e1500_s600,DTLZ2,NSGAII,pure_moea,3,10,1500,600,54,0.4568487379999624,91,0.7876153304637121,0.4101614752007599,success,
DTLZ2_m3_e1500_s600,DTLZ2,NSGAII,dvl_framework,3,10,1500,600,54,0.29394173000002866,91,0.9240018523443027,0.07447007155770022,success,
DTLZ2_m3_e1500_s600,DTLZ2,NSGAII,pure_moea,3,10,1500,600,55,0.45360253499995906,91,0.7720686675689099,0.41894087284780146,success,
DTLZ2_m3_e1500_s600,DTLZ2,NSGAII,dvl_framework,3,10,1500,600,55,0.29433728100002554,91,0.9231844033163845,0.07410369974592064,success,
DTLZ2_m3_e1500_s600,DTLZ2,NSGAII,pure_moea,3,10,1500,600,56,0.45843242800003736,91,0.7686020219416481,0.4314614529321025,success,
DTLZ2_m3_e1500_s600,DTLZ2,NSGAII,dvl_framework,3,10,1500,600,56,0.2950992620000079,91,0.923919764219438,0.07201768067526683,success,
DTLZ2_m3_e1500_s600,DTLZ2,NSGAII,pure_moea,3,10,1500,600,57,0.4621249850000595,91,0.7947485843219333,0.3838569115472994,success,
DTLZ2_m3_e1500_s600,DTLZ2,NSGAII,dvl_framework,3,10,1500,600,57,0.29607752100002926,91,0.9237372431274777,0.06781125913725349,success,
DTLZ2_m3_e1500_s600,DTLZ2,NSGAII,pure_moea,3,10,1500,600,58,0.5024562690000494,91,0.7772870160075922,0.41090581812854504,success,
DTLZ2_m3_e1500_s600,DTLZ2,NSGAII,dvl_framework,3,10,1500,600,58,0.2987250109999877,91,0.9235398980474009,0.07230056421782753,success,
DTLZ2_m3_e1500_s600,DTLZ2,NSGAII,pure_moea,3,10,1500,600,59,0.4553659090000792,91,0.77504381919962,0.39958311215902803,success,
DTLZ2_m3_e1500_s600,DTLZ2,NSGAII,dvl_framework,3,10,1500,600,59,0.2933854089999386,91,0.9238936318876927,0.07602156675030047,success,
DTLZ2_m3_e1500_s600,DTLZ2,NSGAII,pure_moea,3,10,1500,600,60,0.47074956500000553,91,0.8086001868919815,0.36497975717798403,success,
DTLZ2_m3_e1500_s600,DTLZ2,NSGAII,dvl_framework,3,10,1500,600,60,0.2925014380000448,91,0.923938356403631,0.07417081351885754,success,
DTLZ2_m3_e1500_s600,DTLZ2,NSGAII,pure_moea,3,10,1500,600,61,0.460802885000021,91,0.773501705512323,0.4293470673948815,success,
DTLZ2_m3_e1500_s600,DTLZ2,NSGAII,dvl_framework,3,10,1500,600,61,0.3385734030000549,91,0.9244584084860942,0.07048745094475671,success,
DTLZ2_m3_e1500_s600,DTLZ2,NSGAIII,pure_moea,3,10,1500,600,42,0.7119645779999928,91,0.9596979420388158,0.19768358476562886,success,
DTLZ2_m3_e1500_s600,DTLZ2,NSGAIII,dvl_framework,3,10,1500,600,42,0.47104689200000394,88,0.924229636449467,0.07218958971888312,success,
DTLZ2_m3_e1500_s600,DTLZ2,NSGAIII,pure_moea,3,10,1500,600,43,0.6936999089999745,90,0.9640533835737078,0.1914791630389724,success,
DTLZ2_m3_e1500_s600,DTLZ2,NSGAIII,dvl_framework,3,10,1500,600,43,0.4524628039999925,78,0.9350474866185459,0.1035570429484588,success,
DTLZ2_m3_e1500_s600,DTLZ2,NSGAIII,pure_moea,3,10,1500,600,44,0.7307010210000726,89,0.977573017459227,0.23741701978697832,success,
DTLZ2_m3_e1500_s600,DTLZ2,NSGAIII,dvl_framework,3,10,1500,600,44,0.4223888269999634,85,0.9222494254359431,0.08583112411985766,success,
DTLZ2_m3_e1500_s600,DTLZ2,NSGAIII,pure_moea,3,10,1500,600,45,0.6960305689999586,89,0.9522315314412084,0.16831017598538744,success,
DTLZ2_m3_e1500_s600,DTLZ2,NSGAIII,dvl_framework,3,10,1500,600,45,0.4548234709999406,88,0.9374347988811899,0.0988556195282448,success,
DTLZ2_m3_e1500_s600,DTLZ2,NSGAIII,pure_moea,3,10,1500,600,46,0.7448752909999712,86,0.9272631471448849,0.1548663769073653,success,
DTLZ2_m3_e1500_s600,DTLZ2,NSGAIII,dvl_framework,3,10,1500,600,46,0.46372486600000684,91,0.9490301194495403,0.16868695741370096,success,
DTLZ2_m3_e1500_s600,DTLZ2,NSGAIII,pure_moea,3,10,1500,600,47,0.7272592289999693,91,0.9441785618487352,0.1543166478458726,success,
DTLZ2_m3_e1500_s600,DTLZ2,NSGAIII,dvl_framework,3,10,1500,600,47,0.4389991939999618,66,0.9061193619149267,0.10784403105351466,success,
DTLZ2_m3_e1500_s600,DTLZ2,NSGAIII,pure_moea,3,10,1500,600,48,0.7290718709999737,90,0.9124078028607273,0.13879909285418324,success,
DTLZ2_m3_e1500_s600,DTLZ2,NSGAIII,dvl_framework,3,10,1500,600,48,0.46793912099997215,77,0.9446981810806081,0.11226395568459345,success,
DTLZ2_m3_e1500_s600,DTLZ2,NSGAIII,pure_moea,3,10,1500,600,49,0.7025964790000216,91,0.9347736462599954,0.1549113694381098,success,
DTLZ2_m3_e1500_s600,DTLZ2,NSGAIII,dvl_framework,3,10,1500,600,49,0.44200082800000473,68,0.9143236096430656,0.0949029912839676,success,
DTLZ2_m3_e1500_s600,DTLZ2,NSGAIII,pure_moea,3,10,1500,600,50,0.7215286709999873,91,0.9791653507293477,0.25017075492725965,success,
DTLZ2_m3_e1500_s600,DTLZ2,NSGAIII,dvl_framework,3,10,1500,600,50,0.4628032489999896,86,0.9309599351861586,0.08420780387898355,success,
DTLZ2_m3_e1500_s600,DTLZ2,NSGAIII,pure_moea,3,10,1500,600,51,0.7221372110000175,90,0.9667579496972629,0.17060469489240127,success,
DTLZ2_m3_e1500_s600,DTLZ2,NSGAIII,dvl_framework,3,10,1500,600,51,0.43888398000001416,91,0.9226718117690472,0.08718770375202896,success,
DTLZ2_m3_e1500_s600,DTLZ2,NSGAIII,pure_moea,3,10,1500,600,52,0.756384363000052,90,0.962714319381546,0.17401607384313586,success,
DTLZ2_m3_e1500_s600,DTLZ2,NSGAIII,dvl_framework,3,10,1500,600,52,0.41408470600003966,85,0.9242718747438209,0.07250926767138065,success,
DTLZ2_m3_e1500_s600,DTLZ2,NSGAIII,pure_moea,3,10,1500,600,53,0.8127915040000744,91,0.9509404776848716,0.15852708979435245,success,
DTLZ2_m3_e1500_s600,DTLZ2,NSGAIII,dvl_framework,3,10,1500,600,53,0.4732288210000206,84,0.942333479213763,0.10328623002341471,success,
DTLZ2_m3_e1500_s600,DTLZ2,NSGAIII,pure_moea,3,10,1500,600,54,0.7493038019999858,90,0.9709344785566791,0.1917171973965451,success,
DTLZ2_m3_e1500_s600,DTLZ2,NSGAIII,dvl_framework,3,10,1500,600,54,0.4468784719999803,89,0.939095394479653,0.11335212954156201,success,
DTLZ2_m3_e1500_s600,DTLZ2,NSGAIII,pure_moea,3,10,1500,600,55,0.7174418660000583,91,0.9544753302509449,0.19383997344675807,success,
DTLZ2_m3_e1500_s600,DTLZ2,NSGAIII,dvl_framework,3,10,1500,600,55,0.4441586110000344,91,0.923387962681246,0.08560632168766613,success,
DTLZ2_m3_e1500_s600,DTLZ2,NSGAIII,pure_moea,3,10,1500,600,56,0.7995561260000841,90,0.9360035209123904,0.14560499604046037,success,
DTLZ2_m3_e1500_s600,DTLZ2,NSGAIII,dvl_framework,3,10,1500,600,56,0.44701682999993864,70,0.9174060225064238,0.09429997595724389,success,
DTLZ2_m3_e1500_s600,DTLZ2,NSGAIII,pure_moea,3,10,1500,600,57,0.7275086250000413,90,0.9783888441803349,0.21211182542662665,success,
DTLZ2_m3_e1500_s600,DTLZ2,NSGAIII,dvl_framework,3,10,1500,600,57,0.457945349000056,90,0.9641396398281549,0.16746588999954531,success,
DTLZ2_m3_e1500_s600,DTLZ2,NSGAIII,pure_moea,3,10,1500,600,58,0.7962899130000096,76,0.9057839175869259,0.1865058565501389,success,
DTLZ2_m3_e1500_s600,DTLZ2,NSGAIII,dvl_framework,3,10,1500,600,58,0.5130035500000076,80,0.9142763267484622,0.09739328841023814,success,
DTLZ2_m3_e1500_s600,DTLZ2,NSGAIII,pure_moea,3,10,1500,600,59,0.7052915280000889,90,0.9508741940007504,0.17210451792009399,success,
DTLZ2_m3_e1500_s600,DTLZ2,NSGAIII,dvl_framework,3,10,1500,600,59,0.4688307310000255,85,0.9282205661563799,0.07698101393089979,success,
DTLZ2_m3_e1500_s600,DTLZ2,NSGAIII,pure_moea,3,10,1500,600,60,0.7409308759999931,91,0.9316577869529092,0.16722046614906386,success,
DTLZ2_m3_e1500_s600,DTLZ2,NSGAIII,dvl_framework,3,10,1500,600,60,0.45347192399992764,84,0.9371023051016464,0.10957939206311036,success,
DTLZ2_m3_e1500_s600,DTLZ2,NSGAIII,pure_moea,3,10,1500,600,61,0.7029748070000323,91,0.9450455002248567,0.16140467419600912,success,
DTLZ2_m3_e1500_s600,DTLZ2,NSGAIII,dvl_framework,3,10,1500,600,61,0.4881148189999749,90,0.9255884190074015,0.07026236030087923,success,
DTLZ2_m3_e10000_s600,DTLZ2,MOEAD,pure_moea,3,10,10000,600,42,1.2684020020000162,57,0.9180481564256568,0.10329279921336694,success,
DTLZ2_m3_e10000_s600,DTLZ2,MOEAD,dvl_framework,3,10,10000,600,42,1.3387507689999438,51,0.9199747004530741,0.14799948390468887,success,
DTLZ2_m3_e10000_s600,DTLZ2,MOEAD,pure_moea,3,10,10000,600,43,1.3617241809999996,54,0.8664216370686981,0.23272380140023116,success,
DTLZ2_m3_e10000_s600,DTLZ2,MOEAD,dvl_framework,3,10,10000,600,43,1.3831035959999554,58,0.9208911476318828,0.11010657544359274,success,
DTLZ2_m3_e10000_s600,DTLZ2,MOEAD,pure_moea,3,10,10000,600,44,1.3620302810001021,45,0.9038200286947097,0.1450368663674072,success,
DTLZ2_m3_e10000_s600,DTLZ2,MOEAD,dvl_framework,3,10,10000,600,44,1.356156644000066,52,0.9195616068036923,0.1353998107910428,success,
DTLZ2_m3_e10000_s600,DTLZ2,MOEAD,pure_moea,3,10,10000,600,45,1.289714240999956,54,0.9098784426048314,0.12074469527444623,success,
DTLZ2_m3_e10000_s600,DTLZ2,MOEAD,dvl_framework,3,10,10000,600,45,1.3028695570000082,51,0.92219613880065,0.10832795336519777,success,
DTLZ2_m3_e10000_s600,DTLZ2,MOEAD,pure_moea,3,10,10000,600,46,1.314216293999948,55,0.9155398508472276,0.12498510636232528,success,
DTLZ2_m3_e10000_s600,DTLZ2,MOEAD,dvl_framework,3,10,10000,600,46,1.3741566219999868,52,0.9205926283018722,0.12029900855885252,success,
DTLZ2_m3_e10000_s600,DTLZ2,MOEAD,pure_moea,3,10,10000,600,47,1.3204291039999134,55,0.8922847812060506,0.16196005252722095,success,
DTLZ2_m3_e10000_s600,DTLZ2,MOEAD,dvl_framework,3,10,10000,600,47,1.3678488509999625,55,0.9186824292527708,0.11925604364303684,success,
DTLZ2_m3_e10000_s600,DTLZ2,MOEAD,pure_moea,3,10,10000,600,48,1.3948446260000082,54,0.9114390613641971,0.1528171269778165,success,
DTLZ2_m3_e10000_s600,DTLZ2,MOEAD,dvl_framework,3,10,10000,600,48,1.3492021529999647,52,0.9201426542716851,0.11998567268418658,success,
DTLZ2_m3_e10000_s600,DTLZ2,MOEAD,pure_moea,3,10,10000,600,49,1.359713843999998,51,0.9127785346577697,0.1444458626614297,success,
DTLZ2_m3_e10000_s600,DTLZ2,MOEAD,dvl_framework,3,10,10000,600,49,1.336331843000039,57,0.9215503169769006,0.10024033306219897,success,
DTLZ2_m3_e10000_s600,DTLZ2,MOEAD,pure_moea,3,10,10000,600,50,1.3859209590000319,48,0.9098969551774398,0.18092016858013177,success,
DTLZ2_m3_e10000_s600,DTLZ2,MOEAD,dvl_framework,3,10,10000,600,50,1.3361355209999601,59,0.9214574807790339,0.11079404870065938,success,
DTLZ2_m3_e10000_s600,DTLZ2,MOEAD,pure_moea,3,10,10000,600,51,1.3212326410000514,61,0.8653276661190492,0.2266301776037093,success,
DTLZ2_m3_e10000_s600,DTLZ2,MOEAD,dvl_framework,3,10,10000,600,51,1.3460528929999782,58,0.9191686107271231,0.12720449784163593,success,
DTLZ2_m3_e10000_s600,DTLZ2,MOEAD,pure_moea,3,10,10000,600,52,1.3090775069999836,53,0.8881155972816983,0.17722997363197482,success,
DTLZ2_m3_e10000_s600,DTLZ2,MOEAD,dvl_framework,3,10,10000,600,52,1.3611459360000708,53,0.9215369773071809,0.09920048070707342,success,
DTLZ2_m3_e10000_s600,DTLZ2,MOEAD,pure_moea,3,10,10000,600,53,1.3530981060000613,41,0.9055334870261617,0.19335971369799476,success,
DTLZ2_m3_e10000_s600,DTLZ2,MOEAD,dvl_framework,3,10,10000,600,53,1.3493224039999632,52,0.9191930596458551,0.12336544996925031,success,
DTLZ2_m3_e10000_s600,DTLZ2,MOEAD,pure_moea,3,10,10000,600,54,1.3453659719999678,59,0.888690389716724,0.1640903095444673,success,
DTLZ2_m3_e10000_s600,DTLZ2,MOEAD,dvl_framework,3,10,10000,600,54,1.3383440789999668,54,0.920831525246107,0.10441807280091465,success,
DTLZ2_m3_e10000_s600,DTLZ2,MOEAD,pure_moea,3,10,10000,600,55,1.3705710589999853,46,0.9101310511902856,0.15999963801530948,success,
DTLZ2_m3_e10000_s600,DTLZ2,MOEAD,dvl_framework,3,10,10000,600,55,1.326949794999905,56,0.9198311568127238,0.12061047092445383,success,
DTLZ2_m3_e10000_s600,DTLZ2,MOEAD,pure_moea,3,10,10000,600,56,1.3536796240000513,51,0.9162667099878392,0.12338245127890592,success,
DTLZ2_m3_e10000_s600,DTLZ2,MOEAD,dvl_framework,3,10,10000,600,56,1.3648439349999535,53,0.9200866454772612,0.12641153502910907,success,
DTLZ2_m3_e10000_s600,DTLZ2,MOEAD,pure_moea,3,10,10000,600,57,1.3724182259999225,51,0.9131755232380998,0.13713806140057616,success,
DTLZ2_m3_e10000_s600,DTLZ2,MOEAD,dvl_framework,3,10,10000,600,57,1.3762554219999856,53,0.9207597006104149,0.1309580002181293,success,
DTLZ2_m3_e10000_s600,DTLZ2,MOEAD,pure_moea,3,10,10000,600,58,1.3819349020000118,53,0.8876555089393383,0.20152508970058242,success,
DTLZ2_m3_e10000_s600,DTLZ2,MOEAD,dvl_framework,3,10,10000,600,58,1.3887686280000935,52,0.9191994477814494,0.11364582710965426,success,
DTLZ2_m3_e10000_s600,DTLZ2,MOEAD,pure_moea,3,10,10000,600,59,1.325589089999994,50,0.909503909993142,0.1513095669969545,success,
DTLZ2_m3_e10000_s600,DTLZ2,MOEAD,dvl_framework,3,10,10000,600,59,1.3626124720000234,57,0.9207886169975303,0.1200121043075539,success,
DTLZ2_m3_e10000_s600,DTLZ2,MOEAD,pure_moea,3,10,10000,600,60,1.3395605179999848,55,0.9116294914250227,0.14445613209981173,success,
DTLZ2_m3_e10000_s600,DTLZ2,MOEAD,dvl_framework,3,10,10000,600,60,1.3707433630000878,55,0.9183805347327892,0.1398151159990316,success,
DTLZ2_m3_e10000_s600,DTLZ2,MOEAD,pure_moea,3,10,10000,600,61,1.2893865290000122,60,0.8597876543689363,0.24307196547142837,success,
DTLZ2_m3_e10000_s600,DTLZ2,MOEAD,dvl_framework,3,10,10000,600,61,1.3482971879999468,57,0.921153518476584,0.11375070606770511,success,
DTLZ2_m3_e10000_s600,DTLZ2,NSGAII,pure_moea,3,10,10000,600,42,3.1693937989999768,91,0.8920755490335541,0.20268231429983707,success,
DTLZ2_m3_e10000_s600,DTLZ2,NSGAII,dvl_framework,3,10,10000,600,42,3.046498488999987,91,0.9226288655797847,0.07733249705516282,success,
DTLZ2_m3_e10000_s600,DTLZ2,NSGAII,pure_moea,3,10,10000,600,43,3.1379931709999482,91,0.8968252909124159,0.18979177837369146,success,
DTLZ2_m3_e10000_s600,DTLZ2,NSGAII,dvl_framework,3,10,10000,600,43,3.0538073139999824,91,0.9240987175512061,0.08219231493085905,success,
DTLZ2_m3_e10000_s600,DTLZ2,NSGAII,pure_moea,3,10,10000,600,44,3.1793374559999847,91,0.8997844050826308,0.18272509519566424,success,
DTLZ2_m3_e10000_s600,DTLZ2,NSGAII,dvl_framework,3,10,10000,600,44,2.9902444330000435,91,0.9220254420440148,0.09398467215783288,success,
DTLZ2_m3_e10000_s600,DTLZ2,NSGAII,pure_moea,3,10,10000,600,45,3.1540391949999957,91,0.8952154205530588,0.19897331537044877,success,
DTLZ2_m3_e10000_s600,DTLZ2,NSGAII,dvl_framework,3,10,10000,600,45,2.9879588090000198,91,0.922411050024164,0.07706453810310476,success,
DTLZ2_m3_e10000_s600,DTLZ2,NSGAII,pure_moea,3,10,10000,600,46,3.1828553789999887,91,0.9016558805715409,0.1558753665499274,success,
DTLZ2_m3_e10000_s600,DTLZ2,NSGAII,dvl_framework,3,10,10000,600,46,2.9936457900000732,91,0.922382233196356,0.0824186208219588,success,
DTLZ2_m3_e10000_s600,DTLZ2,NSGAII,pure_moea,3,10,10000,600,47,3.1873349329999883,91,0.891357384277593,0.21414439094940366,success,
DTLZ2_m3_e10000_s600,DTLZ2,NSGAII,dvl_framework,3,10,10000,600,47,2.9880880169999955,91,0.9223995620108993,0.07631104263687723,success,
DTLZ2_m3_e10000_s600,DTLZ2,NSGAII,pure_moea,3,10,10000,600,48,3.1219559450000816,91,0.9006029843982883,0.1763510370359451,success,
DTLZ2_m3_e10000_s600,DTLZ2,NSGAII,dvl_framework,3,10,10000,600,48,2.991516760999957,91,0.9232990778917258,0.08017396841810448,success,
DTLZ2_m3_e10000_s600,DTLZ2,NSGAII,pure_moea,3,10,10000,600,49,3.1330541770000764,91,0.9027232254753341,0.1851513441034345,success,
DTLZ2_m3_e10000_s600,DTLZ2,NSGAII,dvl_framework,3,10,10000,600,49,3.0435493569999608,91,0.9223468634303897,0.08445873464862491,success,
DTLZ2_m3_e10000_s600,DTLZ2,NSGAII,pure_moea,3,10,10000,600,50,3.153432174999921,91,0.8985905621601866,0.18092662734891526,success,
DTLZ2_m3_e10000_s600,DTLZ2,NSGAII,dvl_framework,3,10,10000,600,50,3.0541947449999043,91,0.9233982058756525,0.0789594042463803,success,
DTLZ2_m3_e10000_s600,DTLZ2,NSGAII,pure_moea,3,10,10000,600,51,3.1374934380000923,91,0.8937157633503596,0.17805402941620427,success,
DTLZ2_m3_e10000_s600,DTLZ2,NSGAII,dvl_framework,3,10,10000,600,51,3.0525889859998188,91,0.9227313233628311,0.0756172944221223,success,
DTLZ2_m3_e10000_s600,DTLZ2,NSGAII,pure_moea,3,10,10000,600,52,3.1652725940000437,91,0.895332123739635,0.1917275374321622,success,
DTLZ2_m3_e10000_s600,DTLZ2,NSGAII,dvl_framework,3,10,10000,600,52,3.037032106999959,91,0.9222338615603054,0.08242172388733304,success,
DTLZ2_m3_e10000_s600,DTLZ2,NSGAII,pure_moea,3,10,10000,600,53,3.164978223999924,91,0.9044161028284239,0.17284259440529495,success,
DTLZ2_m3_e10000_s600,DTLZ2,NSGAII,dvl_framework,3,10,10000,600,53,3.0468500810000023,91,0.9238679255827422,0.07788431141281753,success,
DTLZ2_m3_e10000_s600,DTLZ2,NSGAII,pure_moea,3,10,10000,600,54,3.1609105089999048,91,0.8870798694506827,0.21965325200296565,success,
DTLZ2_m3_e10000_s600,DTLZ2,NSGAII,dvl_framework,3,10,10000,600,54,3.1006441600000016,91,0.9235456549834854,0.07598323734869374,success,
DTLZ2_m3_e10000_s600,DTLZ2,NSGAII,pure_moea,3,10,10000,600,55,3.140917404999982,91,0.9071076098145721,0.1372974868952457,success,
DTLZ2_m3_e10000_s600,DTLZ2,NSGAII,dvl_framework,3,10,10000,600,55,2.984663443000045,91,0.9237317698547723,0.08317454637541997,success,
DTLZ2_m3_e10000_s600,DTLZ2,NSGAII,pure_moea,3,10,10000,600,56,3.1628771749999487,91,0.9027744878434072,0.1682764500368456,success,
DTLZ2_m3_e10000_s600,DTLZ2,NSGAII,dvl_framework,3,10,10000,600,56,3.005490846999919,91,0.9236218035006197,0.07767167455712819,success,
DTLZ2_m3_e10000_s600,DTLZ2,NSGAII,pure_moea,3,10,10000,600,57,3.155527923000136,91,0.9045359643023774,0.14536543087263498,success,
DTLZ2_m3_e10000_s600,DTLZ2,NSGAII,dvl_framework,3,10,10000,600,57,2.995288146999883,91,0.9230108974973574,0.07706420412932283,success,
DTLZ2_m3_e10000_s600,DTLZ2,NSGAII,pure_moea,3,10,10000,600,58,3.1873046890000296,91,0.8920568111181812,0.20362005912201142,success,
DTLZ2_m3_e10000_s600,DTLZ2,NSGAII,dvl_framework,3,10,10000,600,58,2.99844863300018,91,0.9220848881965092,0.08368443802603373,success,
DTLZ2_m3_e10000_s600,DTLZ2,NSGAII,pure_moea,3,10,10000,600,59,3.1790083680000407,91,0.9001616004675479,0.14538949300538764,success,
DTLZ2_m3_e10000_s600,DTLZ2,NSGAII,dvl_framework,3,10,10000,600,59,2.9935324219998165,91,0.9241909257507885,0.08112465633999072,success,
DTLZ2_m3_e10000_s600,DTLZ2,NSGAII,pure_moea,3,10,10000,600,60,3.1765581539998493,91,0.8940759605837424,0.19876926975909065,success,
DTLZ2_m3_e10000_s600,DTLZ2,NSGAII,dvl_framework,3,10,10000,600,60,3.0519017920000806,91,0.9221458166339811,0.08444021540854006,success,
DTLZ2_m3_e10000_s600,DTLZ2,NSGAII,pure_moea,3,10,10000,600,61,3.2322502489998897,91,0.90681361702346,0.1648494200684543,success,
DTLZ2_m3_e10000_s600,DTLZ2,NSGAII,dvl_framework,3,10,10000,600,61,2.988012235000042,91,0.9239933943972101,0.07986667889410545,success,
DTLZ2_m3_e10000_s600,DTLZ2,NSGAIII,pure_moea,3,10,10000,600,42,5.2585373920001075,88,0.9699836579919736,0.22469083478489718,success,
DTLZ2_m3_e10000_s600,DTLZ2,NSGAIII,dvl_framework,3,10,10000,600,42,4.874457325999856,86,0.9579359864437922,0.14551876902123798,success,
DTLZ2_m3_e10000_s600,DTLZ2,NSGAIII,pure_moea,3,10,10000,600,43,5.152330682999946,90,0.970907136038985,0.2120301556282636,success,
DTLZ2_m3_e10000_s600,DTLZ2,NSGAIII,dvl_framework,3,10,10000,600,43,4.869405716000074,88,0.9534816886751394,0.13959696626596843,success,
DTLZ2_m3_e10000_s600,DTLZ2,NSGAIII,pure_moea,3,10,10000,600,44,5.188395423999964,91,0.9866592004086921,0.24348379608832532,success,
DTLZ2_m3_e10000_s600,DTLZ2,NSGAIII,dvl_framework,3,10,10000,600,44,4.91674068400016,88,0.96676772699365,0.16930765207805534,success,
DTLZ2_m3_e10000_s600,DTLZ2,NSGAIII,pure_moea,3,10,10000,600,45,5.225768567000159,91,0.9568442413818171,0.19501107300919357,success,
DTLZ2_m3_e10000_s600,DTLZ2,NSGAIII,dvl_framework,3,10,10000,600,45,4.887009686000056,91,0.9623506509317413,0.1996334962539186,success,
DTLZ2_m3_e10000_s600,DTLZ2,NSGAIII,pure_moea,3,10,10000,600,46,5.252492724000149,89,0.9645612391854711,0.2023852639854257,success,
DTLZ2_m3_e10000_s600,DTLZ2,NSGAIII,dvl_framework,3,10,10000,600,46,4.945580386000074,91,0.9680182123506965,0.216278547606655,success,
DTLZ2_m3_e10000_s600,DTLZ2,NSGAIII,pure_moea,3,10,10000,600,47,5.176061949000086,88,0.9473400133489472,0.15981710288405276,success,
DTLZ2_m3_e10000_s600,DTLZ2,NSGAIII,dvl_framework,3,10,10000,600,47,4.914601080000011,91,0.9630910571936494,0.19266229886669423,success,
DTLZ2_m3_e10000_s600,DTLZ2,NSGAIII,pure_moea,3,10,10000,600,48,5.254164574000015,91,0.9209968570906918,0.1288830259524901,success,
DTLZ2_m3_e10000_s600,DTLZ2,NSGAIII,dvl_framework,3,10,10000,600,48,4.852250453000124,81,0.9608507942373218,0.1466919235004777,success,
DTLZ2_m3_e10000_s600,DTLZ2,NSGAIII,pure_moea,3,10,10000,600,49,5.097079100999963,91,0.9818088773357988,0.27546680424885095,success,
DTLZ2_m3_e10000_s600,DTLZ2,NSGAIII,dvl_framework,3,10,10000,600,49,4.847834968999905,86,0.9518744388883488,0.13871957526705966,success,
DTLZ2_m3_e10000_s600,DTLZ2,NSGAIII,pure_moea,3,10,10000,600,50,5.153056425000159,90,0.9917520579671182,0.33147044376231255,success,
DTLZ2_m3_e10000_s600,DTLZ2,NSGAIII,dvl_framework,3,10,10000,600,50,4.987523218999968,91,0.9596341912442767,0.16896400103430734,success,
DTLZ2_m3_e10000_s600,DTLZ2,NSGAIII,pure_moea,3,10,10000,600,51,4.988712137999983,89,0.970110220106789,0.2340961270062348,success,
DTLZ2_m3_e10000_s600,DTLZ2,NSGAIII,dvl_framework,3,10,10000,600,51,4.908558846000005,73,0.9276594684719142,0.12458210871296284,success,
DTLZ2_m3_e10000_s600,DTLZ2,NSGAIII,pure_moea,3,10,10000,600,52,5.0253618710000865,89,0.9630834260061114,0.2226661250720782,success,
DTLZ2_m3_e10000_s600,DTLZ2,NSGAIII,dvl_framework,3,10,10000,600,52,4.696041973999854,88,0.9736135021805874,0.17580567347716744,success,
DTLZ2_m3_e10000_s600,DTLZ2,NSGAIII,pure_moea,3,10,10000,600,53,5.033668648999992,91,0.9657253899949201,0.21920199397354265,success,
DTLZ2_m3_e10000_s600,DTLZ2,NSGAIII,dvl_framework,3,10,10000,600,53,4.728204407000021,90,0.9776527014459615,0.1819356040421062,success,
DTLZ2_m3_e10000_s600,DTLZ2,NSGAIII,pure_moea,3,10,10000,600,54,5.078401164999832,91,0.973169059187205,0.26237755280087083,success,
DTLZ2_m3_e10000_s600,DTLZ2,NSGAIII,dvl_framework,3,10,10000,600,54,4.815961868999921,89,0.9655334842525208,0.16263441588303462,success,
DTLZ2_m3_e10000_s600,DTLZ2,NSGAIII,pure_moea,3,10,10000,600,55,5.02483509700005,83,0.9735639080559804,0.2034301746640592,success,
DTLZ2_m3_e10000_s600,DTLZ2,NSGAIII,dvl_framework,3,10,10000,600,55,4.847328940999887,91,0.9589644300379457,0.14930986207824867,success,
DTLZ2_m3_e10000_s600,DTLZ2,NSGAIII,pure_moea,3,10,10000,600,56,5.123235770999827,91,0.9540137681403358,0.18651517750885274,success,
DTLZ2_m3_e10000_s600,DTLZ2,NSGAIII,dvl_framework,3,10,10000,600,56,4.79401089299995,90,0.9570375455784232,0.20119585353310684,success,
DTLZ2_m3_e10000_s600,DTLZ2,NSGAIII,pure_moea,3,10,10000,600,57,5.073794985999939,87,0.984316665701606,0.3143455065780673,success,
DTLZ2_m3_e10000_s600,DTLZ2,NSGAIII,dvl_framework,3,10,10000,600,57,4.84085221600003,90,0.9306706346081812,0.13994572165554034,success,
DTLZ2_m3_e10000_s600,DTLZ2,NSGAIII,pure_moea,3,10,10000,600,58,5.158415982999941,89,0.9535085167469013,0.1593659499453466,success,
DTLZ2_m3_e10000_s600,DTLZ2,NSGAIII,dvl_framework,3,10,10000,600,58,4.7988479640000605,90,0.9658375168439973,0.14966293683878798,success,
DTLZ2_m3_e10000_s600,DTLZ2,NSGAIII,pure_moea,3,10,10000,600,59,5.064191296999979,89,0.9664561141587785,0.19752209897940767,success,
DTLZ2_m3_e10000_s600,DTLZ2,NSGAIII,dvl_framework,3,10,10000,600,59,4.7972507380000025,90,0.963641816971086,0.20764226292774193,success,
DTLZ2_m3_e10000_s600,DTLZ2,NSGAIII,pure_moea,3,10,10000,600,60,5.13386545000003,88,0.9775551588597401,0.24532653279263497,success,
DTLZ2_m3_e10000_s600,DTLZ2,NSGAIII,dvl_framework,3,10,10000,600,60,4.820284855999944,75,0.938604056724704,0.13673535147992574,success,
DTLZ2_m3_e10000_s600,DTLZ2,NSGAIII,pure_moea,3,10,10000,600,61,4.941304378000041,90,0.9752813089312815,0.23175703041122803,success,
DTLZ2_m3_e10000_s600,DTLZ2,NSGAIII,dvl_framework,3,10,10000,600,61,4.85038763600005,90,0.958586757340107,0.15324242976968414,success,
DTLZ3_m3_e250_s159,DTLZ3,MOEAD,pure_moea,3,10,250,159,42,0.03505006499995034,20,0.0,230.51090027732832,success,
DTLZ3_m3_e250_s159,DTLZ3,MOEAD,dvl_framework,3,10,250,159,42,0.027263017999985095,91,0.0,21.935972991001748,success,
DTLZ3_m3_e250_s159,DTLZ3,MOEAD,pure_moea,3,10,250,159,43,0.0325022459999218,19,0.0,255.12628601859714,success,
DTLZ3_m3_e250_s159,DTLZ3,MOEAD,dvl_framework,3,10,250,159,43,0.027020573000072545,91,0.0,17.359046078929353,success,
DTLZ3_m3_e250_s159,DTLZ3,MOEAD,pure_moea,3,10,250,159,44,0.03371237400006066,25,0.0,256.8162144905753,success,
DTLZ3_m3_e250_s159,DTLZ3,MOEAD,dvl_framework,3,10,250,159,44,0.027004783999927895,91,0.0,16.444772393536713,success,
DTLZ3_m3_e250_s159,DTLZ3,MOEAD,pure_moea,3,10,250,159,45,0.03422050699987267,20,0.0,237.56414344848906,success,
DTLZ3_m3_e250_s159,DTLZ3,MOEAD,dvl_framework,3,10,250,159,45,0.027049206999890885,91,0.0,35.20463893086483,success,
DTLZ3_m3_e250_s159,DTLZ3,MOEAD,pure_moea,3,10,250,159,46,0.032920178999802374,20,0.0,245.98913658715884,success,
DTLZ3_m3_e250_s159,DTLZ3,MOEAD,dvl_framework,3,10,250,159,46,0.026999824000085937,91,0.0,24.34238631975649,success,
DTLZ3_m3_e250_s159,DTLZ3,MOEAD,pure_moea,3,10,250,159,47,0.03459671100017658,21,0.0,282.2005235650097,success,
DTLZ3_m3_e250_s159,DTLZ3,MOEAD,dvl_framework,3,10,250,159,47,0.0271018460000505,91,0.0,10.862124699822777,success,
DTLZ3_m3_e250_s159,DTLZ3,MOEAD,pure_moea,3,10,250,159,48,0.03369468300002154,20,0.0,262.61880985221376,success,
DTLZ3_m3_e250_s159,DTLZ3,MOEAD,dvl_framework,3,10,250,159,48,0.02712330600002133,91,0.0,35.01537543078454,success,
DTLZ3_m3_e250_s159,DTLZ3,MOEAD,pure_moea,3,10,250,159,49,0.03380840599993462,22,0.0,261.92085338566005,success,
DTLZ3_m3_e250_s159,DTLZ3,MOEAD,dvl_framework,3,10,250,159,49,0.02746469600015189,91,0.0,26.703847926591386,success,
DTLZ3_m3_e250_s159,DTLZ3,MOEAD,pure_moea,3,10,250,159,50,0.03281654400007028,10,0.0,212.21530714804905,success,
DTLZ3_m3_e250_s159,DTLZ3,MOEAD,dvl_framework,3,10,250,159,50,0.026986258000079033,91,0.0,24.55974714892724,success,
DTLZ3_m3_e250_s159,DTLZ3,MOEAD,pure_moea,3,10,250,159,51,0.03398527800004558,23,0.0,237.38436886723167,success,
DTLZ3_m3_e250_s159,DTLZ3,MOEAD,dvl_framework,3,10,250,159,51,0.027205188999914753,91,0.0,13.249406900333744,success,
DTLZ3_m3_e250_s159,DTLZ3,MOEAD,pure_moea,3,10,250,159,52,0.03360822900003768,19,0.0,229.1781989534145,success,
DTLZ3_m3_e250_s159,DTLZ3,MOEAD,dvl_framework,3,10,250,159,52,0.06771036600002844,91,0.0,20.661696156318524,success,
DTLZ3_m3_e250_s159,DTLZ3,MOEAD,pure_moea,3,10,250,159,53,0.03252897499987739,16,0.0,236.49918474355297,success,
DTLZ3_m3_e250_s159,DTLZ3,MOEAD,dvl_framework,3,10,250,159,53,0.0269409039999573,91,0.0,29.929764985696124,success,
DTLZ3_m3_e250_s159,DTLZ3,MOEAD,pure_moea,3,10,250,159,54,0.03384620600013477,16,0.0,223.522392755507,success,
DTLZ3_m3_e250_s159,DTLZ3,MOEAD,dvl_framework,3,10,250,159,54,0.027160395000009885,91,0.0,13.680485921888591,success,
DTLZ3_m3_e250_s159,DTLZ3,MOEAD,pure_moea,3,10,250,159,55,0.03452575900018928,19,0.0,219.90003847476208,success,
DTLZ3_m3_e250_s159,DTLZ3,MOEAD,dvl_framework,3,10,250,159,55,0.02753387500001736,91,0.0,15.257559102007285,success,
DTLZ3_m3_e250_s159,DTLZ3,MOEAD,pure_moea,3,10,250,159,56,0.03424214899996514,24,0.0,251.16850070439517,success,
DTLZ3_m3_e250_s159,DTLZ3,MOEAD,dvl_framework,3,10,250,159,56,0.026998651999974754,91,0.0,42.55676000804507,success,
DTLZ3_m3_e250_s159,DTLZ3,MOEAD,pure_moea,3,10,250,159,57,0.03328831099997842,22,0.0,257.54341896726385,success,
DTLZ3_m3_e250_s159,DTLZ3,MOEAD,dvl_framework,3,10,250,159,57,0.027006205999896338,91,0.0,31.978090992150786,success,
DTLZ3_m3_e250_s159,DTLZ3,MOEAD,pure_moea,3,10,250,159,58,0.03709528300009879,15,0.0,238.0948295383542,success,
DTLZ3_m3_e250_s159,DTLZ3,MOEAD,dvl_framework,3,10,250,159,58,0.027502697000045373,91,0.0,14.455047237554128,success,
DTLZ3_m3_e250_s159,DTLZ3,MOEAD,pure_moea,3,10,250,159,59,0.03356895499996426,14,0.0,267.6423021262497,success,
DTLZ3_m3_e250_s159,DTLZ3,MOEAD,dvl_framework,3,10,250,159,59,0.027013248999992356,91,0.0,36.22148328199329,success,
DTLZ3_m3_e250_s159,DTLZ3,MOEAD,pure_moea,3,10,250,159,60,0.03443741299997782,18,0.0,208.89166708971547,success,
DTLZ3_m3_e250_s159,DTLZ3,MOEAD,dvl_framework,3,10,250,159,60,0.027382882999972935,91,0.0,31.130874876508898,success,
DTLZ3_m3_e250_s159,DTLZ3,MOEAD,pure_moea,3,10,250,159,61,0.033809024999982284,20,0.0,209.2891938614978,success,
DTLZ3_m3_e250_s159,DTLZ3,MOEAD,dvl_framework,3,10,250,159,61,0.027461379999976998,91,0.0,11.68379989387512,success,
DTLZ3_m3_e250_s159,DTLZ3,NSGAII,pure_moea,3,10,250,159,42,0.056055214000025444,91,0.0,404.6202250756329,success,
DTLZ3_m3_e250_s159,DTLZ3,NSGAII,dvl_framework,3,10,250,159,42,0.027378153999961796,91,0.0,21.935972991001748,success,
DTLZ3_m3_e250_s159,DTLZ3,NSGAII,pure_moea,3,10,250,159,43,0.05612717199983308,91,0.0,416.26708720176606,success,
DTLZ3_m3_e250_s159,DTLZ3,NSGAII,dvl_framework,3,10,250,159,43,0.0666105239999979,91,0.0,17.359046078929353,success,
DTLZ3_m3_e250_s159,DTLZ3,NSGAII,pure_moea,3,10,250,159,44,0.0564881760001299,91,0.0,299.84141209366015,success,
DTLZ3_m3_e250_s159,DTLZ3,NSGAII,dvl_framework,3,10,250,159,44,0.02816880599993965,91,0.0,16.444772393536713,success,
DTLZ3_m3_e250_s159,DTLZ3,NSGAII,pure_moea,3,10,250,159,45,0.0579966450000029,91,0.0,378.89259777172,success,
DTLZ3_m3_e250_s159,DTLZ3,NSGAII,dvl_framework,3,10,250,159,45,0.027092658999890773,91,0.0,35.20463893086483,success,
DTLZ3_m3_e250_s159,DTLZ3,NSGAII,pure_moea,3,10,250,159,46,0.05627634000006765,91,0.0,410.7861811699277,success,
DTLZ3_m3_e250_s159,DTLZ3,NSGAII,dvl_framework,3,10,250,159,46,0.02705627000000277,91,0.0,24.34238631975649,success,
DTLZ3_m3_e250_s159,DTLZ3,NSGAII,pure_moea,3,10,250,159,47,0.055706761000010374,91,0.0,281.494222409235,success,
DTLZ3_m3_e250_s159,DTLZ3,NSGAII,dvl_framework,3,10,250,159,47,0.027246335999961957,91,0.0,10.862124699822777,success,
DTLZ3_m3_e250_s159,DTLZ3,NSGAII,pure_moea,3,10,250,159,48,0.05664974000001166,91,0.0,365.0631352670436,success,
DTLZ3_m3_e250_s159,DTLZ3,NSGAII,dvl_framework,3,10,250,159,48,0.027391718999979275,91,0.0,35.01537543078454,success,
DTLZ3_m3_e250_s159,DTLZ3,NSGAII,pure_moea,3,10,250,159,49,0.05770795500006898,91,0.0,313.2229011173421,success,
DTLZ3_m3_e250_s159,DTLZ3,NSGAII,dvl_framework,3,10,250,159,49,0.027221741999937876,91,0.0,26.703847926591386,success,
DTLZ3_m3_e250_s159,DTLZ3,NSGAII,pure_moea,3,10,250,159,50,0.06060179199994309,91,0.0,287.57773250762506,success,
DTLZ3_m3_e250_s159,DTLZ3,NSGAII,dvl_framework,3,10,250,159,50,0.02742566399979296,91,0.0,24.55974714892724,success,
DTLZ3_m3_e250_s159,DTLZ3,NSGAII,pure_moea,3,10,250,159,51,0.057734344999971654,91,0.0,338.4101316443623,success,
DTLZ3_m3_e250_s159,DTLZ3,NSGAII,dvl_framework,3,10,250,159,51,0.02742393800008358,91,0.0,13.249406900333744,success,
DTLZ3_m3_e250_s159,DTLZ3,NSGAII,pure_moea,3,10,250,159,52,0.056264266999960455,91,0.0,404.46613991646007,success,
DTLZ3_m3_e250_s159,DTLZ3,NSGAII,dvl_framework,3,10,250,159,52,0.027440701999921657,91,0.0,20.661696156318524,success,
DTLZ3_m3_e250_s159,DTLZ3,NSGAII,pure_moea,3,10,250,159,53,0.0570425549999527,91,0.0,272.9844257686296,success,
DTLZ3_m3_e250_s159,DTLZ3,NSGAII,dvl_framework,3,10,250,159,53,0.027081986999974106,91,0.0,29.929764985696124,success,
DTLZ3_m3_e250_s159,DTLZ3,NSGAII,pure_moea,3,10,250,159,54,0.05700267900010658,91,0.0,425.6214153932034,success,
DTLZ3_m3_e250_s159,DTLZ3,NSGAII,dvl_framework,3,10,250,159,54,0.027525341999989905,91,0.0,13.680485921888591,success,
DTLZ3_m3_e250_s159,DTLZ3,NSGAII,pure_moea,3,10,250,159,55,0.057479634999936025,91,0.0,313.57513719174517,success,
DTLZ3_m3_e250_s159,DTLZ3,NSGAII,dvl_framework,3,10,250,159,55,0.02723954400016737,91,0.0,15.257559102007285,success,
DTLZ3_m3_e250_s159,DTLZ3,NSGAII,pure_moea,3,10,250,159,56,0.05668888099989999,91,0.0,341.4645470460303,success,
DTLZ3_m3_e250_s159,DTLZ3,NSGAII,dvl_framework,3,10,250,159,56,0.02714775300000838,91,0.0,42.55676000804507,success,
DTLZ3_m3_e250_s159,DTLZ3,NSGAII,pure_moea,3,10,250,159,57,0.0586644279999291,91,0.0,286.770459634911,success,
DTLZ3_m3_e250_s159,DTLZ3,NSGAII,dvl_framework,3,10,250,159,57,0.027245303999961834,91,0.0,31.978090992150786,success,
DTLZ3_m3_e250_s159,DTLZ3,NSGAII,pure_moea,3,10,250,159,58,0.057880998999962685,91,0.0,349.5417792607078,success,
DTLZ3_m3_e250_s159,DTLZ3,NSGAII,dvl_framework,3,10,250,159,58,0.027402017999975214,91,0.0,14.455047237554128,success,
DTLZ3_m3_e250_s159,DTLZ3,NSGAII,pure_moea,3,10,250,159,59,0.055867062000061196,91,0.0,313.3946159554965,success,
DTLZ3_m3_e250_s159,DTLZ3,NSGAII,dvl_framework,3,10,250,159,59,0.027249953999898935,91,0.0,36.22148328199329,success,
DTLZ3_m3_e250_s159,DTLZ3,NSGAII,pure_moea,3,10,250,159,60,0.05801991899988934,91,0.0,398.5196060425742,success,
DTLZ3_m3_e250_s159,DTLZ3,NSGAII,dvl_framework,3,10,250,159,60,0.027212152999936734,91,0.0,31.130874876508898,success,
DTLZ3_m3_e250_s159,DTLZ3,NSGAII,pure_moea,3,10,250,159,61,0.05726061399991522,91,0.0,244.81869495160302,success,
DTLZ3_m3_e250_s159,DTLZ3,NSGAII,dvl_framework,3,10,250,159,61,0.027473699999973178,91,0.0,11.68379989387512,success,
DTLZ3_m3_e250_s159,DTLZ3,NSGAIII,pure_moea,3,10,250,159,42,0.10105274599982295,89,0.6789321083762128,0.4108579722641279,success,
DTLZ3_m3_e250_s159,DTLZ3,NSGAIII,dvl_framework,3,10,250,159,42,0.02749019399993813,91,0.0,21.935972991001748,success,
DTLZ3_m3_e250_s159,DTLZ3,NSGAIII,pure_moea,3,10,250,159,43,0.13501599299979716,85,0.7474550817886927,0.37685700135613176,success,
DTLZ3_m3_e250_s159,DTLZ3,NSGAIII,dvl_framework,3,10,250,159,43,0.027184519999991608,91,0.0,17.359046078929353,success,
DTLZ3_m3_e250_s159,DTLZ3,NSGAIII,pure_moea,3,10,250,159,44,0.10527063800009273,91,0.5238116764652027,0.4152132845086036,success,
DTLZ3_m3_e250_s159,DTLZ3,NSGAIII,dvl_framework,3,10,250,159,44,0.027543514999933905,91,0.0,16.444772393536713,success,
DTLZ3_m3_e250_s159,DTLZ3,NSGAIII,pure_moea,3,10,250,159,45,0.10226926800010006,91,0.6050447402152044,0.5030032492139702,success,
DTLZ3_m3_e250_s159,DTLZ3,NSGAIII,dvl_framework,3,10,250,159,45,0.02711344900012591,91,0.0,35.20463893086483,success,
DTLZ3_m3_e250_s159,DTLZ3,NSGAIII,pure_moea,3,10,250,159,46,0.09878911100008736,84,0.666622542078395,0.4284728723942801,success,
DTLZ3_m3_e250_s159,DTLZ3,NSGAIII,dvl_framework,3,10,250,159,46,0.028345870000066498,91,0.0,24.34238631975649,success,
DTLZ3_m3_e250_s159,DTLZ3,NSGAIII,pure_moea,3,10,250,159,47,0.09960912699989422,88,0.6959607966966096,0.398279138207319,success,
DTLZ3_m3_e250_s159,DTLZ3,NSGAIII,dvl_framework,3,10,250,159,47,0.0275595330001579,91,0.0,10.862124699822777,success,
DTLZ3_m3_e250_s159,DTLZ3,NSGAIII,pure_moea,3,10,250,159,48,0.10197182199999588,84,0.6428202326884609,0.44945024000740996,success,
DTLZ3_m3_e250_s159,DTLZ3,NSGAIII,dvl_framework,3,10,250,159,48,0.027257368999926257,91,0.0,35.01537543078454,success,
DTLZ3_m3_e250_s159,DTLZ3,NSGAIII,pure_moea,3,10,250,159,49,0.10240471099996284,81,0.5987997787604795,0.47460003047216953,success,
DTLZ3_m3_e250_s159,DTLZ3,NSGAIII,dvl_framework,3,10,250,159,49,0.02734697400001096,91,0.0,26.703847926591386,success,
DTLZ3_m3_e250_s159,DTLZ3,NSGAIII,pure_moea,3,10,250,159,50,0.10095118399999592,87,0.7148154248376937,0.4021105621771475,success,
DTLZ3_m3_e250_s159,DTLZ3,NSGAIII,dvl_framework,3,10,250,159,50,0.02718127299999651,91,0.0,24.55974714892724,success,
DTLZ3_m3_e250_s159,DTLZ3,NSGAIII,pure_moea,3,10,250,159,51,0.0991121669999302,77,0.7682804745918518,0.34992730286501933,success,
DTLZ3_m3_e250_s159,DTLZ3,NSGAIII,dvl_framework,3,10,250,159,51,0.027607430999978533,91,0.0,13.249406900333744,success,
DTLZ3_m3_e250_s159,DTLZ3,NSGAIII,pure_moea,3,10,250,159,52,0.09971291199985899,85,0.3434627016965073,0.7938758312184259,success,
DTLZ3_m3_e250_s159,DTLZ3,NSGAIII,dvl_framework,3,10,250,159,52,0.027198223999903348,91,0.0,20.661696156318524,success,
DTLZ3_m3_e250_s159,DTLZ3,NSGAIII,pure_moea,3,10,250,159,53,0.10138384800006861,90,0.6098992944791112,0.418597032186329,success,
DTLZ3_m3_e250_s159,DTLZ3,NSGAIII,dvl_framework,3,10,250,159,53,0.02722152000001188,91,0.0,29.929764985696124,success,
DTLZ3_m3_e250_s159,DTLZ3,NSGAIII,pure_moea,3,10,250,159,54,0.09824327699993773,84,0.648368652949675,0.37211365060129337,success,
DTLZ3_m3_e250_s159,DTLZ3,NSGAIII,dvl_framework,3,10,250,159,54,0.027449086999922656,91,0.0,13.680485921888591,success,
DTLZ3_m3_e250_s159,DTLZ3,NSGAIII,pure_moea,3,10,250,159,55,0.10052500599999803,88,0.7072167111182533,0.39624297628607524,success,
DTLZ3_m3_e250_s159,DTLZ3,NSGAIII,dvl_framework,3,10,250,159,55,0.027361331000065547,91,0.0,15.257559102007285,success,
DTLZ3_m3_e250_s159,DTLZ3,NSGAIII,pure_moea,3,10,250,159,56,0.09912165300011111,86,0.5874719643401392,0.5536799848561564,success,
DTLZ3_m3_e250_s159,DTLZ3,NSGAIII,dvl_framework,3,10,250,159,56,0.027310987999953795,91,0.0,42.55676000804507,success,
DTLZ3_m3_e250_s159,DTLZ3,NSGAIII,pure_moea,3,10,250,159,57,0.09682731199995942,83,0.8221991551578289,0.23614514471508977,success,
DTLZ3_m3_e250_s159,DTLZ3,NSGAIII,dvl_framework,3,10,250,159,57,0.027411776999997528,91,0.0,31.978090992150786,success,
DTLZ3_m3_e250_s159,DTLZ3,NSGAIII,pure_moea,3,10,250,159,58,0.09991616299998896,84,0.569641006736511,0.4614189735658331,success,
DTLZ3_m3_e250_s159,DTLZ3,NSGAIII,dvl_framework,3,10,250,159,58,0.027389223999989554,91,0.0,14.455047237554128,success,
DTLZ3_m3_e250_s159,DTLZ3,NSGAIII,pure_moea,3,10,250,159,59,0.09965735900004802,79,0.6723331516555513,0.40911580643752266,success,
DTLZ3_m3_e250_s159,DTLZ3,NSGAIII,dvl_framework,3,10,250,159,59,0.027271862999896257,91,0.0,36.22148328199329,success,
DTLZ3_m3_e250_s159,DTLZ3,NSGAIII,pure_moea,3,10,250,159,60,0.07893503999980567,91,0.28985303082924485,0.7861991837133647,success,
DTLZ3_m3_e250_s159,DTLZ3,NSGAIII,dvl_framework,3,10,250,159,60,0.02718144499999653,91,0.0,31.130874876508898,success,
DTLZ3_m3_e250_s159,DTLZ3,NSGAIII,pure_moea,3,10,250,159,61,0.09800390899999911,82,0.7383021405917014,0.3891772963329757,success,
DTLZ3_m3_e250_s159,DTLZ3,NSGAIII,dvl_framework,3,10,250,159,61,0.027458595000098285,91,0.0,11.68379989387512,success,
DTLZ3_m3_e500_s227,DTLZ3,MOEAD,pure_moea,3,10,500,227,42,0.06660088199987513,18,0.0,157.49632453046593,success,
DTLZ3_m3_e500_s227,DTLZ3,MOEAD,dvl_framework,3,10,500,227,42,0.05421693499988578,15,0.0,37.29456612073625,success,
DTLZ3_m3_e500_s227,DTLZ3,MOEAD,pure_moea,3,10,500,227,43,0.06882496399998672,18,0.0,227.02551209966714,success,
DTLZ3_m3_e500_s227,DTLZ3,MOEAD,dvl_framework,3,10,500,227,43,0.052704078000033405,21,0.0,82.39195961046464,success,
DTLZ3_m3_e500_s227,DTLZ3,MOEAD,pure_moea,3,10,500,227,44,0.06749454999999216,21,0.0,246.03695468956315,success,
DTLZ3_m3_e500_s227,DTLZ3,MOEAD,dvl_framework,3,10,500,227,44,0.05434187999981077,15,0.0,10.962634002273015,success,
DTLZ3_m3_e500_s227,DTLZ3,MOEAD,pure_moea,3,10,500,227,45,0.06695214299998042,16,0.0,210.86462907594435,success,
DTLZ3_m3_e500_s227,DTLZ3,MOEAD,dvl_framework,3,10,500,227,45,0.05332337900017592,16,0.0,82.67100031757683,success,
DTLZ3_m3_e500_s227,DTLZ3,MOEAD,pure_moea,3,10,500,227,46,0.06620297900008154,23,0.0,184.11766172347953,success,
DTLZ3_m3_e500_s227,DTLZ3,MOEAD,dvl_framework,3,10,500,227,46,0.054588749999993524,11,0.0,19.862146520561474,success,
DTLZ3_m3_e500_s227,DTLZ3,MOEAD,pure_moea,3,10,500,227,47,0.0662208239998563,19,0.0,230.17000884962468,success,
DTLZ3_m3_e500_s227,DTLZ3,MOEAD,dvl_framework,3,10,500,227,47,0.054104064000057406,27,0.0,50.42834676369954,success,
DTLZ3_m3_e500_s227,DTLZ3,MOEAD,pure_moea,3,10,500,227,48,0.06656947399983437,27,0.0,258.85350254040816,success,
DTLZ3_m3_e500_s227,DTLZ3,MOEAD,dvl_framework,3,10,500,227,48,0.05362417399987862,15,0.0,20.822294749552775,success,
DTLZ3_m3_e500_s227,DTLZ3,MOEAD,pure_moea,3,10,500,227,49,0.06490120500006924,23,0.0,218.92897360255958,success,
DTLZ3_m3_e500_s227,DTLZ3,MOEAD,dvl_framework,3,10,500,227,49,0.05455763600002683,18,0.0,140.6432522604544,success,
DTLZ3_m3_e500_s227,DTLZ3,MOEAD,pure_moea,3,10,500,227,50,0.06622811700003695,21,0.0,189.28032077780952,success,
DTLZ3_m3_e500_s227,DTLZ3,MOEAD,dvl_framework,3,10,500,227,50,0.053264769999941564,25,0.0,20.921911185658438,success,
DTLZ3_m3_e500_s227,DTLZ3,MOEAD,pure_moea,3,10,500,227,51,0.06724145600014708,15,0.0,221.00151417864987,success,
DTLZ3_m3_e500_s227,DTLZ3,MOEAD,dvl_framework,3,10,500,227,51,0.05317231599997285,19,0.0,20.685132746300916,success,
DTLZ3_m3_e500_s227,DTLZ3,MOEAD,pure_moea,3,10,500,227,52,0.06700236599999698,27,0.0,226.91032099023897,success,
DTLZ3_m3_e500_s227,DTLZ3,MOEAD,dvl_framework,3,10,500,227,52,0.05631609700003537,22,0.0,29.340436524846403,success,
DTLZ3_m3_e500_s227,DTLZ3,MOEAD,pure_moea,3,10,500,227,53,0.06487649800010331,29,0.0,212.77887865085953,success,
DTLZ3_m3_e500_s227,DTLZ3,MOEAD,dvl_framework,3,10,500,227,53,0.05696325200005958,21,0.0,19.353913396705384,success,
DTLZ3_m3_e500_s227,DTLZ3,MOEAD,pure_moea,3,10,500,227,54,0.06585223999991285,15,0.0,223.4394915665497,success,
DTLZ3_m3_e500_s227,DTLZ3,MOEAD,dvl_framework,3,10,500,227,54,0.055056831000001694,17,0.0,26.0848472642002,success,
DTLZ3_m3_e500_s227,DTLZ3,MOEAD,pure_moea,3,10,500,227,55,0.06736336400012988,21,0.0,219.90003847476208,success,
DTLZ3_m3_e500_s227,DTLZ3,MOEAD,dvl_framework,3,10,500,227,55,0.052956660000063493,13,0.0,24.32378879653885,success,
DTLZ3_m3_e500_s227,DTLZ3,MOEAD,pure_moea,3,10,500,227,56,0.10967193400006181,27,0.0,218.4500706813113,success,
DTLZ3_m3_e500_s227,DTLZ3,MOEAD,dvl_framework,3,10,500,227,56,0.055103067999880295,21,0.0,27.227961176371753,success,
DTLZ3_m3_e500_s227,DTLZ3,MOEAD,pure_moea,3,10,500,227,57,0.06872587299994848,23,0.0,238.4433665048654,success,
DTLZ3_m3_e500_s227,DTLZ3,MOEAD,dvl_framework,3,10,500,227,57,0.05414434099998289,16,0.0,7.220445609240644,success,
DTLZ3_m3_e500_s227,DTLZ3,MOEAD,pure_moea,3,10,500,227,58,0.06549977800000306,26,0.0,228.93548712150343,success,
DTLZ3_m3_e500_s227,DTLZ3,MOEAD,dvl_framework,3,10,500,227,58,0.05394834300000184,26,0.0,31.49224313067329,success,
DTLZ3_m3_e500_s227,DTLZ3,MOEAD,pure_moea,3,10,500,227,59,0.06843805500011513,16,0.0,217.9092016591011,success,
DTLZ3_m3_e500_s227,DTLZ3,MOEAD,dvl_framework,3,10,500,227,59,0.05413000299995474,19,0.0,16.43147508420742,success,
DTLZ3_m3_e500_s227,DTLZ3,MOEAD,pure_moea,3,10,500,227,60,0.0653949919999377,31,0.0,207.76050715700507,success,
DTLZ3_m3_e500_s227,DTLZ3,MOEAD,dvl_framework,3,10,500,227,60,0.054782344999921406,26,0.0,149.29134993171482,success,
DTLZ3_m3_e500_s227,DTLZ3,MOEAD,pure_moea,3,10,500,227,61,0.06738578599993161,26,0.0,203.89212442951032,success,
DTLZ3_m3_e500_s227,DTLZ3,MOEAD,dvl_framework,3,10,500,227,61,0.054541794999977355,26,0.0,19.719151227290123,success,
DTLZ3_m3_e500_s227,DTLZ3,NSGAII,pure_moea,3,10,500,227,42,0.13916581400008,91,0.0,239.43640596185378,success,
DTLZ3_m3_e500_s227,DTLZ3,NSGAII,dvl_framework,3,10,500,227,42,0.07945685999993657,91,0.0,23.389401860015315,success,
DTLZ3_m3_e500_s227,DTLZ3,NSGAII,pure_moea,3,10,500,227,43,0.13601149800001622,91,0.0,252.29385821262247,success,
DTLZ3_m3_e500_s227,DTLZ3,NSGAII,dvl_framework,3,10,500,227,43,0.08109562100003131,91,0.0,11.7825377087421,success,
DTLZ3_m3_e500_s227,DTLZ3,NSGAII,pure_moea,3,10,500,227,44,0.13795331999995142,91,0.0,244.080893370392,success,
DTLZ3_m3_e500_s227,DTLZ3,NSGAII,dvl_framework,3,10,500,227,44,0.08243169000002126,91,0.0,11.063896816736545,success,
DTLZ3_m3_e500_s227,DTLZ3,NSGAII,pure_moea,3,10,500,227,45,0.1391403980001087,91,0.0,246.97355356350099,success,
DTLZ3_m3_e500_s227,DTLZ3,NSGAII,dvl_framework,3,10,500,227,45,0.08318064500008404,91,0.0,17.775339396915882,success,
DTLZ3_m3_e500_s227,DTLZ3,NSGAII,pure_moea,3,10,500,227,46,0.1395562879999943,91,0.0,241.51442322049382,success,
DTLZ3_m3_e500_s227,DTLZ3,NSGAII,dvl_framework,3,10,500,227,46,0.08178995399998712,91,0.0,19.862146520561474,success,
DTLZ3_m3_e500_s227,DTLZ3,NSGAII,pure_moea,3,10,500,227,47,0.13714539700004025,91,0.0,223.191723549908,success,
DTLZ3_m3_e500_s227,DTLZ3,NSGAII,dvl_framework,3,10,500,227,47,0.08167768499993144,91,0.0,21.097635420208306,success,
DTLZ3_m3_e500_s227,DTLZ3,NSGAII,pure_moea,3,10,500,227,48,0.13893025300012596,91,0.0,210.9819764266251,success,
DTLZ3_m3_e500_s227,DTLZ3,NSGAII,dvl_framework,3,10,500,227,48,0.08480291800015038,91,0.0,27.733477241456193,success,
DTLZ3_m3_e500_s227,DTLZ3,NSGAII,pure_moea,3,10,500,227,49,0.1375873459999184,91,0.0,250.94250803724563,success,
DTLZ3_m3_e500_s227,DTLZ3,NSGAII,dvl_framework,3,10,500,227,49,0.08438139600002614,91,0.0,44.10131317383127,success,
DTLZ3_m3_e500_s227,DTLZ3,NSGAII,pure_moea,3,10,500,227,50,0.1386576109998714,91,0.0,226.7024393212504,success,
DTLZ3_m3_e500_s227,DTLZ3,NSGAII,dvl_framework,3,10,500,227,50,0.08170612599997185,91,0.0,21.05712531376894,success,
DTLZ3_m3_e500_s227,DTLZ3,NSGAII,pure_moea,3,10,500,227,51,0.13616130800005521,91,0.0,288.242902794408,success,
DTLZ3_m3_e500_s227,DTLZ3,NSGAII,dvl_framework,3,10,500,227,51,0.08236242800012405,91,0.0,19.792946922167083,success,
DTLZ3_m3_e500_s227,DTLZ3,NSGAII,pure_moea,3,10,500,227,52,0.1386538650001512,91,0.0,240.7412840356689,success,
DTLZ3_m3_e500_s227,DTLZ3,NSGAII,dvl_framework,3,10,500,227,52,0.08504538099987258,91,0.0,29.340436524846403,success,
DTLZ3_m3_e500_s227,DTLZ3,NSGAII,pure_moea,3,10,500,227,53,0.13930219999997462,91,0.0,248.63856096790775,success,
DTLZ3_m3_e500_s227,DTLZ3,NSGAII,dvl_framework,3,10,500,227,53,0.08150400800013813,91,0.0,19.353913396705384,success,
DTLZ3_m3_e500_s227,DTLZ3,NSGAII,pure_moea,3,10,500,227,54,0.13866146000009394,91,0.0,229.34987774895586,success,
DTLZ3_m3_e500_s227,DTLZ3,NSGAII,dvl_framework,3,10,500,227,54,0.12117651399989882,91,0.0,26.0848472642002,success,
DTLZ3_m3_e500_s227,DTLZ3,NSGAII,pure_moea,3,10,500,227,55,0.14087825699994028,91,0.0,218.94756325888517,success,
DTLZ3_m3_e500_s227,DTLZ3,NSGAII,dvl_framework,3,10,500,227,55,0.08283252100000027,91,0.0,5.914560052074959,success,
DTLZ3_m3_e500_s227,DTLZ3,NSGAII,pure_moea,3,10,500,227,56,0.140304401000094,91,0.0,266.59484932168385,success,
DTLZ3_m3_e500_s227,DTLZ3,NSGAII,dvl_framework,3,10,500,227,56,0.08228917199994612,91,0.0,27.227961176371753,success,
DTLZ3_m3_e500_s227,DTLZ3,NSGAII,pure_moea,3,10,500,227,57,0.13938749199996892,91,0.0,249.23593374913904,success,
DTLZ3_m3_e500_s227,DTLZ3,NSGAII,dvl_framework,3,10,500,227,57,0.08259520699994027,91,0.0,7.220445609240644,success,
DTLZ3_m3_e500_s227,DTLZ3,NSGAII,pure_moea,3,10,500,227,58,0.14002303300003405,91,0.0,237.98063060382057,success,
DTLZ3_m3_e500_s227,DTLZ3,NSGAII,dvl_framework,3,10,500,227,58,0.08304979900003673,91,0.0,31.49224313067329,success,
DTLZ3_m3_e500_s227,DTLZ3,NSGAII,pure_moea,3,10,500,227,59,0.13590298700000858,91,0.0,192.95867403548397,success,
DTLZ3_m3_e500_s227,DTLZ3,NSGAII,dvl_framework,3,10,500,227,59,0.08190331700006936,91,0.0,14.473943501945799,success,
DTLZ3_m3_e500_s227,DTLZ3,NSGAII,pure_moea,3,10,500,227,60,0.13848322400008328,91,0.0,237.17678952972082,success,
DTLZ3_m3_e500_s227,DTLZ3,NSGAII,dvl_framework,3,10,500,227,60,0.08243974399988474,91,0.0,28.881836803295872,success,
DTLZ3_m3_e500_s227,DTLZ3,NSGAII,pure_moea,3,10,500,227,61,0.14036119499996857,91,0.0,206.55891831629734,success,
DTLZ3_m3_e500_s227,DTLZ3,NSGAII,dvl_framework,3,10,500,227,61,0.08301751599992713,91,0.0,19.719151227290123,success,
DTLZ3_m3_e500_s227,DTLZ3,NSGAIII,pure_moea,3,10,500,227,42,0.26105538299998443,91,0.7653447484471209,0.37977953472571807,success,
DTLZ3_m3_e500_s227,DTLZ3,NSGAIII,dvl_framework,3,10,500,227,42,0.12428825599999982,90,0.5937402922524493,0.48189902188038214,success,
DTLZ3_m3_e500_s227,DTLZ3,NSGAIII,pure_moea,3,10,500,227,43,0.22674763099985284,88,0.890329626645389,0.1943644460740776,success,
DTLZ3_m3_e500_s227,DTLZ3,NSGAIII,dvl_framework,3,10,500,227,43,0.12456760400004896,82,0.7464203110886733,0.3591480635205405,success,
DTLZ3_m3_e500_s227,DTLZ3,NSGAIII,pure_moea,3,10,500,227,44,0.2436801009998817,89,0.7103925915945539,0.3751065724356043,success,
DTLZ3_m3_e500_s227,DTLZ3,NSGAIII,dvl_framework,3,10,500,227,44,0.12550834499984376,84,0.8473958037742566,0.2780259653454776,success,
DTLZ3_m3_e500_s227,DTLZ3,NSGAIII,pure_moea,3,10,500,227,45,0.2335542630000873,82,0.9360907151783056,0.24128811286057658,success,
DTLZ3_m3_e500_s227,DTLZ3,NSGAIII,dvl_framework,3,10,500,227,45,0.12593002000016895,83,0.7766220027777017,0.29895222102285685,success,
DTLZ3_m3_e500_s227,DTLZ3,NSGAIII,pure_moea,3,10,500,227,46,0.23841130499999963,88,0.8680787666053837,0.23973305823063845,success,
DTLZ3_m3_e500_s227,DTLZ3,NSGAIII,dvl_framework,3,10,500,227,46,0.12091853699985222,83,0.8334841746643626,0.4785047057413793,success,
DTLZ3_m3_e500_s227,DTLZ3,NSGAIII,pure_moea,3,10,500,227,47,0.23957610800016482,86,0.8672914949671381,0.27765715967834453,success,
DTLZ3_m3_e500_s227,DTLZ3,NSGAIII,dvl_framework,3,10,500,227,47,0.12688296400006038,83,0.7314980733020362,0.3613716351716581,success,
DTLZ3_m3_e500_s227,DTLZ3,NSGAIII,pure_moea,3,10,500,227,48,0.24082072800001697,74,0.8621738263464599,0.27075913468529705,success,
DTLZ3_m3_e500_s227,DTLZ3,NSGAIII,dvl_framework,3,10,500,227,48,0.12668773099994723,89,0.618395115991753,0.5288615663704738,success,
DTLZ3_m3_e500_s227,DTLZ3,NSGAIII,pure_moea,3,10,500,227,49,0.23788593499989474,79,0.884201458000339,0.2431184369520974,success,
DTLZ3_m3_e500_s227,DTLZ3,NSGAIII,dvl_framework,3,10,500,227,49,0.1230146920001971,78,0.6229939567522795,0.4185016290519153,success,
DTLZ3_m3_e500_s227,DTLZ3,NSGAIII,pure_moea,3,10,500,227,50,0.23685642500004178,86,0.7910489840069432,0.37038564979865485,success,
DTLZ3_m3_e500_s227,DTLZ3,NSGAIII,dvl_framework,3,10,500,227,50,0.12449535900009323,91,0.7864996145920535,0.5830805976706318,success,
DTLZ3_m3_e500_s227,DTLZ3,NSGAIII,pure_moea,3,10,500,227,51,0.23304623399985758,81,0.9985736697998151,0.22656698973297829,success,
DTLZ3_m3_e500_s227,DTLZ3,NSGAIII,dvl_framework,3,10,500,227,51,0.12337786299985964,79,0.8568211951129727,0.3915291202625197,success,
DTLZ3_m3_e500_s227,DTLZ3,NSGAIII,pure_moea,3,10,500,227,52,0.23473586999989493,91,0.8968598684799906,0.30222183731517993,success,
DTLZ3_m3_e500_s227,DTLZ3,NSGAIII,dvl_framework,3,10,500,227,52,0.1294198549999237,91,0.21922763735897735,0.9443593591941973,success,
DTLZ3_m3_e500_s227,DTLZ3,NSGAIII,pure_moea,3,10,500,227,53,0.2104602850001811,91,0.8540431868446013,0.2816996489218852,success,
DTLZ3_m3_e500_s227,DTLZ3,NSGAIII,dvl_framework,3,10,500,227,53,0.12451602600003753,88,0.4008016731504766,0.9480524304735677,success,
DTLZ3_m3_e500_s227,DTLZ3,NSGAIII,pure_moea,3,10,500,227,54,0.24569285799998397,86,0.8164523024315725,0.2900022940100593,success,
DTLZ3_m3_e500_s227,DTLZ3,NSGAIII,dvl_framework,3,10,500,227,54,0.12706675200001882,89,0.7119905553846098,0.3600168637004688,success,
DTLZ3_m3_e500_s227,DTLZ3,NSGAIII,pure_moea,3,10,500,227,55,0.2446619989998453,89,0.7768520143141121,0.3254568095174106,success,
DTLZ3_m3_e500_s227,DTLZ3,NSGAIII,dvl_framework,3,10,500,227,55,0.10769072700009019,91,0.7413725597628646,0.5950345306326361,success,
DTLZ3_m3_e500_s227,DTLZ3,NSGAIII,pure_moea,3,10,500,227,56,0.2362793929999043,84,0.8086479353868627,0.3223740561464352,success,
DTLZ3_m3_e500_s227,DTLZ3,NSGAIII,dvl_framework,3,10,500,227,56,0.12628775099983613,90,0.7057671670402286,0.4785501388169008,success,
DTLZ3_m3_e500_s227,DTLZ3,NSGAIII,pure_moea,3,10,500,227,57,0.230724280000004,76,0.9304310134452684,0.20869279983325298,success,
DTLZ3_m3_e500_s227,DTLZ3,NSGAIII,dvl_framework,3,10,500,227,57,0.11970322999991367,80,0.9330640424453245,0.4468053038970317,success,
DTLZ3_m3_e500_s227,DTLZ3,NSGAIII,pure_moea,3,10,500,227,58,0.2424063710000155,87,0.8141230685172385,0.30394423133745196,success,
DTLZ3_m3_e500_s227,DTLZ3,NSGAIII,dvl_framework,3,10,500,227,58,0.12705013799995868,83,0.8583853338438865,0.29366113977855135,success,
DTLZ3_m3_e500_s227,DTLZ3,NSGAIII,pure_moea,3,10,500,227,59,0.23750877900010892,85,0.8265850175157695,0.26953008655409505,success,
DTLZ3_m3_e500_s227,DTLZ3,NSGAIII,dvl_framework,3,10,500,227,59,0.12042105699993044,73,0.13531737119894488,1.2366205120651368,success,
DTLZ3_m3_e500_s227,DTLZ3,NSGAIII,pure_moea,3,10,500,227,60,0.2340951030000724,87,0.4882104838720729,0.6872329275653917,success,
DTLZ3_m3_e500_s227,DTLZ3,NSGAIII,dvl_framework,3,10,500,227,60,0.12102333500001805,80,0.8272825474355684,0.325863888199517,success,
DTLZ3_m3_e500_s227,DTLZ3,NSGAIII,pure_moea,3,10,500,227,61,0.23945363500001804,88,0.8192509095521763,0.3531833981387736,success,
DTLZ3_m3_e500_s227,DTLZ3,NSGAIII,dvl_framework,3,10,500,227,61,0.12344350199987275,76,0.8302061883770252,0.3604263095559851,success,
DTLZ3_m3_e1000_s300,DTLZ3,MOEAD,pure_moea,3,10,1000,300,42,0.12838779000003342,21,0.0,148.36512745069282,success,
DTLZ3_m3_e1000_s300,DTLZ3,MOEAD,dvl_framework,3,10,1000,300,42,0.11244134899993696,27,0.0,86.4804294107606,success,
DTLZ3_m3_e1000_s300,DTLZ3,MOEAD,pure_moea,3,10,1000,300,43,0.13305151400004434,24,0.0,209.31887072733207,success,
DTLZ3_m3_e1000_s300,DTLZ3,MOEAD,dvl_framework,3,10,1000,300,43,0.10814265399994838,32,0.0,19.741632885266622,success,
DTLZ3_m3_e1000_s300,DTLZ3,MOEAD,pure_moea,3,10,1000,300,44,0.12982865100002527,30,0.0,241.5157296002023,success,
DTLZ3_m3_e1000_s300,DTLZ3,MOEAD,dvl_framework,3,10,1000,300,44,0.11028237799996532,25,0.0,36.63997956459797,success,
DTLZ3_m3_e1000_s300,DTLZ3,MOEAD,pure_moea,3,10,1000,300,45,0.1289367880001464,27,0.0,191.99705888309612,success,
DTLZ3_m3_e1000_s300,DTLZ3,MOEAD,dvl_framework,3,10,1000,300,45,0.11126033299979099,22,0.0,161.43731589522378,success,
DTLZ3_m3_e1000_s300,DTLZ3,MOEAD,pure_moea,3,10,1000,300,46,0.12878144799992697,27,0.0,183.34790415738277,success,
DTLZ3_m3_e1000_s300,DTLZ3,MOEAD,dvl_framework,3,10,1000,300,46,0.10298999099995854,37,0.0,37.82866589688454,success,
DTLZ3_m3_e1000_s300,DTLZ3,MOEAD,pure_moea,3,10,1000,300,47,0.13020311600007517,33,0.0,229.92299378488374,success,
DTLZ3_m3_e1000_s300,DTLZ3,MOEAD,dvl_framework,3,10,1000,300,47,0.10937579400001596,29,0.0,46.30446257635093,success,
DTLZ3_m3_e1000_s300,DTLZ3,MOEAD,pure_moea,3,10,1000,300,48,0.13146987999994053,29,0.0,250.9915993576341,success,
DTLZ3_m3_e1000_s300,DTLZ3,MOEAD,dvl_framework,3,10,1000,300,48,0.10463366299995869,37,0.0,9.290495247758288,success,
DTLZ3_m3_e1000_s300,DTLZ3,MOEAD,pure_moea,3,10,1000,300,49,0.131613858000037,19,0.0,218.42148608340673,success,
DTLZ3_m3_e1000_s300,DTLZ3,MOEAD,dvl_framework,3,10,1000,300,49,0.1076478350000798,24,0.0,86.66082797327385,success,
DTLZ3_m3_e1000_s300,DTLZ3,MOEAD,pure_moea,3,10,1000,300,50,0.12884913300013068,18,0.0,182.67473784748137,success,
DTLZ3_m3_e1000_s300,DTLZ3,MOEAD,dvl_framework,3,10,1000,300,50,0.11111566899990066,22,0.0,78.48532365236478,success,
DTLZ3_m3_e1000_s300,DTLZ3,MOEAD,pure_moea,3,10,1000,300,51,0.13326387300003262,24,0.0,206.99099017197153,success,
DTLZ3_m3_e1000_s300,DTLZ3,MOEAD,dvl_framework,3,10,1000,300,51,0.10825589499995658,19,0.0,15.949807663192484,success,
DTLZ3_m3_e1000_s300,DTLZ3,MOEAD,pure_moea,3,10,1000,300,52,0.13272680699992634,36,0.0,206.03386529669925,success,
DTLZ3_m3_e1000_s300,DTLZ3,MOEAD,dvl_framework,3,10,1000,300,52,0.10413539000001037,15,0.0,67.08675522770133,success,
DTLZ3_m3_e1000_s300,DTLZ3,MOEAD,pure_moea,3,10,1000,300,53,0.1296073390001311,32,0.0,197.4160924459011,success,
DTLZ3_m3_e1000_s300,DTLZ3,MOEAD,dvl_framework,3,10,1000,300,53,0.11231477000001178,18,0.0,116.58899773714863,success,
DTLZ3_m3_e1000_s300,DTLZ3,MOEAD,pure_moea,3,10,1000,300,54,0.1342307580000579,36,0.0,222.16186303217182,success,
DTLZ3_m3_e1000_s300,DTLZ3,MOEAD,dvl_framework,3,10,1000,300,54,0.10915987099997437,23,0.0,32.65476558467693,success,
DTLZ3_m3_e1000_s300,DTLZ3,MOEAD,pure_moea,3,10,1000,300,55,0.13323714499983907,18,0.0,188.61162985041477,success,
DTLZ3_m3_e1000_s300,DTLZ3,MOEAD,dvl_framework,3,10,1000,300,55,0.10713063699995473,22,0.0,20.387777990035495,success,
DTLZ3_m3_e1000_s300,DTLZ3,MOEAD,pure_moea,3,10,1000,300,56,0.13278735999983837,23,0.0,201.51689677749405,success,
DTLZ3_m3_e1000_s300,DTLZ3,MOEAD,dvl_framework,3,10,1000,300,56,0.1091166430001067,26,0.0,37.28995647404313,success,
DTLZ3_m3_e1000_s300,DTLZ3,MOEAD,pure_moea,3,10,1000,300,57,0.13094548599997324,27,0.0,228.49477433894805,success,
DTLZ3_m3_e1000_s300,DTLZ3,MOEAD,dvl_framework,3,10,1000,300,57,0.11321457100007137,18,0.0,55.982006440367385,success,
DTLZ3_m3_e1000_s300,DTLZ3,MOEAD,pure_moea,3,10,1000,300,58,0.13056204500003332,24,0.0,219.6713369037983,success,
DTLZ3_m3_e1000_s300,DTLZ3,MOEAD,dvl_framework,3,10,1000,300,58,0.1110875690001194,28,0.0,8.648478084258974,success,
DTLZ3_m3_e1000_s300,DTLZ3,MOEAD,pure_moea,3,10,1000,300,59,0.12791813800004093,34,0.0,217.28674374142886,success,
DTLZ3_m3_e1000_s300,DTLZ3,MOEAD,dvl_framework,3,10,1000,300,59,0.10782732399979977,22,0.0,22.171074805213003,success,
DTLZ3_m3_e1000_s300,DTLZ3,MOEAD,pure_moea,3,10,1000,300,60,0.13409664100004193,29,0.0,191.98156285038766,success,
DTLZ3_m3_e1000_s300,DTLZ3,MOEAD,dvl_framework,3,10,1000,300,60,0.10645958600002814,28,0.0,11.595173518174555,success,
DTLZ3_m3_e1000_s300,DTLZ3,MOEAD,pure_moea,3,10,1000,300,61,0.13380912799993894,27,0.0,201.44886026187493,success,
DTLZ3_m3_e1000_s300,DTLZ3,MOEAD,dvl_framework,3,10,1000,300,61,0.11024642999996104,21,0.0,64.09661880598672,success,
DTLZ3_m3_e1000_s300,DTLZ3,NSGAII,pure_moea,3,10,1000,300,42,0.28898320300004343,91,0.0,238.40981646063864,success,
DTLZ3_m3_e1000_s300,DTLZ3,NSGAII,dvl_framework,3,10,1000,300,42,0.22326560500005144,91,0.0,19.4389753910603,success,
DTLZ3_m3_e1000_s300,DTLZ3,NSGAII,pure_moea,3,10,1000,300,43,0.2899519269999473,91,0.0,206.2716519024354,success,
DTLZ3_m3_e1000_s300,DTLZ3,NSGAII,dvl_framework,3,10,1000,300,43,0.22095950799985076,91,0.0,20.31385514253089,success,
DTLZ3_m3_e1000_s300,DTLZ3,NSGAII,pure_moea,3,10,1000,300,44,0.2898772089999966,91,0.0,213.48545876659503,success,
DTLZ3_m3_e1000_s300,DTLZ3,NSGAII,dvl_framework,3,10,1000,300,44,0.2642353579999508,91,0.0,7.736477621672377,success,
DTLZ3_m3_e1000_s300,DTLZ3,NSGAII,pure_moea,3,10,1000,300,45,0.2917008980000446,91,0.0,208.37010903511734,success,
DTLZ3_m3_e1000_s300,DTLZ3,NSGAII,dvl_framework,3,10,1000,300,45,0.22736947700013843,91,0.0,18.205655691876977,success,
DTLZ3_m3_e1000_s300,DTLZ3,NSGAII,pure_moea,3,10,1000,300,46,0.2887607879999905,91,0.0,211.64282852254144,success,
DTLZ3_m3_e1000_s300,DTLZ3,NSGAII,dvl_framework,3,10,1000,300,46,0.22246724100000392,91,0.0,9.08281214178713,success,
DTLZ3_m3_e1000_s300,DTLZ3,NSGAII,pure_moea,3,10,1000,300,47,0.2934922209999513,91,0.0,213.34742699321905,success,
DTLZ3_m3_e1000_s300,DTLZ3,NSGAII,dvl_framework,3,10,1000,300,47,0.22835980800005018,91,0.0,11.360259531054197,success,
DTLZ3_m3_e1000_s300,DTLZ3,NSGAII,pure_moea,3,10,1000,300,48,0.29092113599995173,91,0.0,210.9819764266251,success,
DTLZ3_m3_e1000_s300,DTLZ3,NSGAII,dvl_framework,3,10,1000,300,48,0.22501250599998457,91,0.0,7.23266477140991,success,
DTLZ3_m3_e1000_s300,DTLZ3,NSGAII,pure_moea,3,10,1000,300,49,0.29551708099984353,91,0.0,199.78911794532928,success,
DTLZ3_m3_e1000_s300,DTLZ3,NSGAII,dvl_framework,3,10,1000,300,49,0.22418339799992282,91,0.0,17.908694018020274,success,
DTLZ3_m3_e1000_s300,DTLZ3,NSGAII,pure_moea,3,10,1000,300,50,0.2920865689998209,91,0.0,208.6224555902195,success,
DTLZ3_m3_e1000_s300,DTLZ3,NSGAII,dvl_framework,3,10,1000,300,50,0.26612678700007564,91,0.0,24.690379704461463,success,
DTLZ3_m3_e1000_s300,DTLZ3,NSGAII,pure_moea,3,10,1000,300,51,0.29387731799988615,91,0.0,227.40968479785164,success,
DTLZ3_m3_e1000_s300,DTLZ3,NSGAII,dvl_framework,3,10,1000,300,51,0.22936416700008522,91,0.0,15.949807663192484,success,
DTLZ3_m3_e1000_s300,DTLZ3,NSGAII,pure_moea,3,10,1000,300,52,0.2924809619998996,91,0.0,231.28718196261363,success,
DTLZ3_m3_e1000_s300,DTLZ3,NSGAII,dvl_framework,3,10,1000,300,52,0.22489320299996507,91,0.0,36.96696716407006,success,
DTLZ3_m3_e1000_s300,DTLZ3,NSGAII,pure_moea,3,10,1000,300,53,0.29431686199995966,91,0.0,219.74725767237788,success,
DTLZ3_m3_e1000_s300,DTLZ3,NSGAII,dvl_framework,3,10,1000,300,53,0.22505156799979886,91,0.0,16.254876587343368,success,
DTLZ3_m3_e1000_s300,DTLZ3,NSGAII,pure_moea,3,10,1000,300,54,0.2898668899999848,91,0.0,219.894674734478,success,
DTLZ3_m3_e1000_s300,DTLZ3,NSGAII,dvl_framework,3,10,1000,300,54,0.22382055600019157,91,0.0,41.699929764023416,success,
DTLZ3_m3_e1000_s300,DTLZ3,NSGAII,pure_moea,3,10,1000,300,55,0.2943366330000572,91,0.0,216.22967420534994,success,
DTLZ3_m3_e1000_s300,DTLZ3,NSGAII,dvl_framework,3,10,1000,300,55,0.26447146299983615,91,0.0,15.400939081724864,success,
DTLZ3_m3_e1000_s300,DTLZ3,NSGAII,pure_moea,3,10,1000,300,56,0.2944342680000318,91,0.0,209.48704245158532,success,
DTLZ3_m3_e1000_s300,DTLZ3,NSGAII,dvl_framework,3,10,1000,300,56,0.2248825350000061,91,0.0,37.29768626200074,success,
DTLZ3_m3_e1000_s300,DTLZ3,NSGAII,pure_moea,3,10,1000,300,57,0.2905811949999588,91,0.0,227.16302355524107,success,
DTLZ3_m3_e1000_s300,DTLZ3,NSGAII,dvl_framework,3,10,1000,300,57,0.22384215699980814,91,0.0,10.469740614242427,success,
DTLZ3_m3_e1000_s300,DTLZ3,NSGAII,pure_moea,3,10,1000,300,58,0.2918976600001315,91,0.0,218.99144228806517,success,
DTLZ3_m3_e1000_s300,DTLZ3,NSGAII,dvl_framework,3,10,1000,300,58,0.22633697900005245,91,0.0,8.462789608417957,success,
DTLZ3_m3_e1000_s300,DTLZ3,NSGAII,pure_moea,3,10,1000,300,59,0.2895597770000222,91,0.0,192.95867403548397,success,
DTLZ3_m3_e1000_s300,DTLZ3,NSGAII,dvl_framework,3,10,1000,300,59,0.22596020299988595,91,0.0,21.31591414757079,success,
DTLZ3_m3_e1000_s300,DTLZ3,NSGAII,pure_moea,3,10,1000,300,60,0.29118627499997274,91,0.0,184.88733995138475,success,
DTLZ3_m3_e1000_s300,DTLZ3,NSGAII,dvl_framework,3,10,1000,300,60,0.26348107900003015,91,0.0,11.755769776970167,success,
DTLZ3_m3_e1000_s300,DTLZ3,NSGAII,pure_moea,3,10,1000,300,61,0.29479374900006405,91,0.0,183.6140557273772,success,
DTLZ3_m3_e1000_s300,DTLZ3,NSGAII,dvl_framework,3,10,1000,300,61,0.22263958600001388,91,0.0,29.744431156686623,success,
DTLZ3_m3_e1000_s300,DTLZ3,NSGAIII,pure_moea,3,10,1000,300,42,0.48620613000002777,89,0.7713702486673122,0.3783923906303787,success,
DTLZ3_m3_e1000_s300,DTLZ3,NSGAIII,dvl_framework,3,10,1000,300,42,0.35964534200002163,85,0.960367893765377,0.27732671941432746,success,
DTLZ3_m3_e1000_s300,DTLZ3,NSGAIII,pure_moea,3,10,1000,300,43,0.46332189700001436,84,0.9996925013067037,0.21035068160240034,success,
DTLZ3_m3_e1000_s300,DTLZ3,NSGAIII,dvl_framework,3,10,1000,300,43,0.3507656589999897,83,0.8902618698910993,0.27081491364692395,success,
DTLZ3_m3_e1000_s300,DTLZ3,NSGAIII,pure_moea,3,10,1000,300,44,0.4926799260001644,90,0.811640495852705,0.27034356600532794,success,
DTLZ3_m3_e1000_s300,DTLZ3,NSGAIII,dvl_framework,3,10,1000,300,44,0.3599084480001693,89,0.8097437721431038,0.4556385076233093,success,
DTLZ3_m3_e1000_s300,DTLZ3,NSGAIII,pure_moea,3,10,1000,300,45,0.5182229100000768,85,0.9636464144595576,0.2112655205405733,success,
DTLZ3_m3_e1000_s300,DTLZ3,NSGAIII,dvl_framework,3,10,1000,300,45,0.35927574999982426,91,0.8966646378384445,0.3200762514108018,success,
DTLZ3_m3_e1000_s300,DTLZ3,NSGAIII,pure_moea,3,10,1000,300,46,0.48506892099999277,87,0.8963121500993131,0.2070941857322624,success,
DTLZ3_m3_e1000_s300,DTLZ3,NSGAIII,dvl_framework,3,10,1000,300,46,0.3481277199998658,85,0.8623283096142957,0.378127075416731,success,
DTLZ3_m3_e1000_s300,DTLZ3,NSGAIII,pure_moea,3,10,1000,300,47,0.479602856999918,87,0.9997393991344448,0.2483569808320768,success,
DTLZ3_m3_e1000_s300,DTLZ3,NSGAIII,dvl_framework,3,10,1000,300,47,0.339250088999961,81,0.9496651226087942,0.38316341728804415,success,
DTLZ3_m3_e1000_s300,DTLZ3,NSGAIII,pure_moea,3,10,1000,300,48,0.4938213979999091,90,0.8485398994726812,0.2718452011056301,success,
DTLZ3_m3_e1000_s300,DTLZ3,NSGAIII,dvl_framework,3,10,1000,300,48,0.31520234799995706,77,0.9805341575265781,0.3108458898486777,success,
DTLZ3_m3_e1000_s300,DTLZ3,NSGAIII,pure_moea,3,10,1000,300,49,0.5271855160001451,89,0.9985201689075964,0.27068221846276364,success,
DTLZ3_m3_e1000_s300,DTLZ3,NSGAIII,dvl_framework,3,10,1000,300,49,0.3570795900000121,90,0.9092811164005903,0.26725063563377444,success,
DTLZ3_m3_e1000_s300,DTLZ3,NSGAIII,pure_moea,3,10,1000,300,50,0.4929823250001846,88,0.8340983487880925,0.3863756064519041,success,
DTLZ3_m3_e1000_s300,DTLZ3,NSGAIII,dvl_framework,3,10,1000,300,50,0.31702584300001035,89,0.8313562233213726,0.2730769833374197,success,
DTLZ3_m3_e1000_s300,DTLZ3,NSGAIII,pure_moea,3,10,1000,300,51,0.45858040600001004,82,0.9995459726243505,0.22311028141362785,success,
DTLZ3_m3_e1000_s300,DTLZ3,NSGAIII,dvl_framework,3,10,1000,300,51,0.3505494620001173,87,0.9556943662353345,0.33376823879632667,success,
DTLZ3_m3_e1000_s300,DTLZ3,NSGAIII,pure_moea,3,10,1000,300,52,0.47234568399994714,90,0.9456936677744952,0.222947581599432,success,
DTLZ3_m3_e1000_s300,DTLZ3,NSGAIII,dvl_framework,3,10,1000,300,52,0.3554952009999397,90,0.9490909212266925,0.22508336239002952,success,
DTLZ3_m3_e1000_s300,DTLZ3,NSGAIII,pure_moea,3,10,1000,300,53,0.49041840400013825,91,0.894612538948989,0.23690218057241746,success,
DTLZ3_m3_e1000_s300,DTLZ3,NSGAIII,dvl_framework,3,10,1000,300,53,0.36207792599998356,91,0.9797554825532844,0.25766243555812857,success,
DTLZ3_m3_e1000_s300,DTLZ3,NSGAIII,pure_moea,3,10,1000,300,54,0.49611051400006545,86,0.8894440008460451,0.25473095114225836,success,
DTLZ3_m3_e1000_s300,DTLZ3,NSGAIII,dvl_framework,3,10,1000,300,54,0.3522651190000943,81,0.9095050273395989,0.28777303037596075,success,
DTLZ3_m3_e1000_s300,DTLZ3,NSGAIII,pure_moea,3,10,1000,300,55,0.5008357059998616,91,0.8106879072546537,0.3098946279274649,success,
DTLZ3_m3_e1000_s300,DTLZ3,NSGAIII,dvl_framework,3,10,1000,300,55,0.35402865200012457,84,0.9707463707172956,0.28318856951579885,success,
DTLZ3_m3_e1000_s300,DTLZ3,NSGAIII,pure_moea,3,10,1000,300,56,0.49084790599999906,86,0.871639769213231,0.30219165193408304,success,
DTLZ3_m3_e1000_s300,DTLZ3,NSGAIII,dvl_framework,3,10,1000,300,56,0.3345143490000737,87,0.874890441535048,0.31294469611762554,success,
DTLZ3_m3_e1000_s300,DTLZ3,NSGAIII,pure_moea,3,10,1000,300,57,0.4715957389998948,79,0.9995933411321926,0.27030386332128,success,
DTLZ3_m3_e1000_s300,DTLZ3,NSGAIII,dvl_framework,3,10,1000,300,57,0.3520505530000264,89,0.9964237978479318,0.3416875024986477,success,
DTLZ3_m3_e1000_s300,DTLZ3,NSGAIII,pure_moea,3,10,1000,300,58,0.49232038500008457,85,0.9095166040934098,0.23921885911315607,success,
DTLZ3_m3_e1000_s300,DTLZ3,NSGAIII,dvl_framework,3,10,1000,300,58,0.34927984799992373,90,0.9103194815788757,0.23933007086532326,success,
DTLZ3_m3_e1000_s300,DTLZ3,NSGAIII,pure_moea,3,10,1000,300,59,0.46281816900000194,91,0.8590044139139648,0.23340954663807242,success,
DTLZ3_m3_e1000_s300,DTLZ3,NSGAIII,dvl_framework,3,10,1000,300,59,0.3494221399998878,91,0.9243221758681872,0.28959147429026594,success,
DTLZ3_m3_e1000_s300,DTLZ3,NSGAIII,pure_moea,3,10,1000,300,60,0.4749785060000704,78,0.7159400776095609,0.4444903863451227,success,
DTLZ3_m3_e1000_s300,DTLZ3,NSGAIII,dvl_framework,3,10,1000,300,60,0.3441689240000869,84,0.974818759937516,0.3061515396888626,success,
DTLZ3_m3_e1000_s300,DTLZ3,NSGAIII,pure_moea,3,10,1000,300,61,0.5028280060000725,89,0.99872839437676,0.21134639609830036,success,
DTLZ3_m3_e1000_s300,DTLZ3,NSGAIII,dvl_framework,3,10,1000,300,61,0.3367823280000266,85,0.972933701646334,0.24401836489352086,success,
DTLZ3_m3_e1500_s300,DTLZ3,MOEAD,pure_moea,3,10,1500,300,42,0.19796504600003573,27,0.0,128.51093180540437,success,
DTLZ3_m3_e1500_s300,DTLZ3,MOEAD,dvl_framework,3,10,1500,300,42,0.17293727099990974,33,0.0,84.15222209073076,success,
DTLZ3_m3_e1500_s300,DTLZ3,MOEAD,pure_moea,3,10,1500,300,43,0.19888760699996055,25,0.0,187.40209512250595,success,
DTLZ3_m3_e1500_s300,DTLZ3,MOEAD,dvl_framework,3,10,1500,300,43,0.16708302899996852,23,0.0,16.258864145454467,success,
DTLZ3_m3_e1500_s300,DTLZ3,MOEAD,pure_moea,3,10,1500,300,44,0.19217822199993861,34,0.0,241.50517597862233,success,
DTLZ3_m3_e1500_s300,DTLZ3,MOEAD,dvl_framework,3,10,1500,300,44,0.17431199899988314,18,0.0,68.33680517824466,success,
DTLZ3_m3_e1500_s300,DTLZ3,MOEAD,pure_moea,3,10,1500,300,45,0.1944958389999556,36,0.0,189.10874130494702,success,
DTLZ3_m3_e1500_s300,DTLZ3,MOEAD,dvl_framework,3,10,1500,300,45,0.17553642699999727,20,0.0,136.4492812514578,success,
DTLZ3_m3_e1500_s300,DTLZ3,MOEAD,pure_moea,3,10,1500,300,46,0.19031794399984392,42,0.0,177.63098387102636,success,
DTLZ3_m3_e1500_s300,DTLZ3,MOEAD,dvl_framework,3,10,1500,300,46,0.1599613789999239,51,0.0,37.819831735773484,success,
DTLZ3_m3_e1500_s300,DTLZ3,MOEAD,pure_moea,3,10,1500,300,47,0.19224413499978255,41,0.0,229.91149914937125,success,
DTLZ3_m3_e1500_s300,DTLZ3,MOEAD,dvl_framework,3,10,1500,300,47,0.16799080200007666,33,0.0,45.62100197131381,success,
DTLZ3_m3_e1500_s300,DTLZ3,MOEAD,pure_moea,3,10,1500,300,48,0.19468033499992998,39,0.0,215.28794588006372,success,
DTLZ3_m3_e1500_s300,DTLZ3,MOEAD,dvl_framework,3,10,1500,300,48,0.16320374299994,45,0.0,8.965259137521265,success,
DTLZ3_m3_e1500_s300,DTLZ3,MOEAD,pure_moea,3,10,1500,300,49,0.1934731589999501,30,0.0,210.14213681632796,success,
DTLZ3_m3_e1500_s300,DTLZ3,MOEAD,dvl_framework,3,10,1500,300,49,0.17066493900006208,35,0.0,69.67522953497436,success,
DTLZ3_m3_e1500_s300,DTLZ3,MOEAD,pure_moea,3,10,1500,300,50,0.19337132900000142,20,0.0,169.10032211517543,success,
DTLZ3_m3_e1500_s300,DTLZ3,MOEAD,dvl_framework,3,10,1500,300,50,0.21239668600014738,23,0.0,63.06095421332028,success,
DTLZ3_m3_e1500_s300,DTLZ3,MOEAD,pure_moea,3,10,1500,300,51,0.19918453599984787,24,0.0,201.6169415391245,success,
DTLZ3_m3_e1500_s300,DTLZ3,MOEAD,dvl_framework,3,10,1500,300,51,0.17282783500013466,15,0.0,15.949807663192484,success,
DTLZ3_m3_e1500_s300,DTLZ3,MOEAD,pure_moea,3,10,1500,300,52,0.194911736999984,38,0.0,206.02577057059787,success,
DTLZ3_m3_e1500_s300,DTLZ3,MOEAD,dvl_framework,3,10,1500,300,52,0.16337837000014588,24,0.0,60.99065741532919,success,
DTLZ3_m3_e1500_s300,DTLZ3,MOEAD,pure_moea,3,10,1500,300,53,0.19067834099996617,33,0.0,193.1594359545227,success,
DTLZ3_m3_e1500_s300,DTLZ3,MOEAD,dvl_framework,3,10,1500,300,53,0.17486650799992276,22,0.0,94.86864502605967,success,
DTLZ3_m3_e1500_s300,DTLZ3,MOEAD,pure_moea,3,10,1500,300,54,0.1892544170000292,37,0.0,221.91081929570123,success,
DTLZ3_m3_e1500_s300,DTLZ3,MOEAD,dvl_framework,3,10,1500,300,54,0.17068286199992144,28,0.0,29.08633488495761,success,
DTLZ3_m3_e1500_s300,DTLZ3,MOEAD,pure_moea,3,10,1500,300,55,0.19486712499997338,32,0.0,184.9623180306534,success,
DTLZ3_m3_e1500_s300,DTLZ3,MOEAD,dvl_framework,3,10,1500,300,55,0.16673855499993806,30,0.0,16.166501619558623,success,
DTLZ3_m3_e1500_s300,DTLZ3,MOEAD,pure_moea,3,10,1500,300,56,0.1933387600001879,29,0.0,200.84118601992733,success,
DTLZ3_m3_e1500_s300,DTLZ3,MOEAD,dvl_framework,3,10,1500,300,56,0.17413500599991494,25,0.0,34.767052737790834,success,
DTLZ3_m3_e1500_s300,DTLZ3,MOEAD,pure_moea,3,10,1500,300,57,0.19475321200002327,34,0.0,223.78081688348044,success,
DTLZ3_m3_e1500_s300,DTLZ3,MOEAD,dvl_framework,3,10,1500,300,57,0.17890052699999615,27,0.0,40.148378646572766,success,
DTLZ3_m3_e1500_s300,DTLZ3,MOEAD,pure_moea,3,10,1500,300,58,0.19374773699996695,31,0.0,218.45631482068038,success,
DTLZ3_m3_e1500_s300,DTLZ3,MOEAD,dvl_framework,3,10,1500,300,58,0.1731776730000547,18,0.0,8.03588754391965,success,
DTLZ3_m3_e1500_s300,DTLZ3,MOEAD,pure_moea,3,10,1500,300,59,0.1948137570000199,37,0.0,201.476084030882,success,
DTLZ3_m3_e1500_s300,DTLZ3,MOEAD,dvl_framework,3,10,1500,300,59,0.1671711230001165,34,0.0,21.856720996901725,success,
DTLZ3_m3_e1500_s300,DTLZ3,MOEAD,pure_moea,3,10,1500,300,60,0.19200005800007602,39,0.0,186.00276342757186,success,
DTLZ3_m3_e1500_s300,DTLZ3,MOEAD,dvl_framework,3,10,1500,300,60,0.16763521600000786,27,0.0,8.65433375685246,success,
DTLZ3_m3_e1500_s300,DTLZ3,MOEAD,pure_moea,3,10,1500,300,61,0.19725196100012,37,0.0,195.3879070809892,success,
DTLZ3_m3_e1500_s300,DTLZ3,MOEAD,dvl_framework,3,10,1500,300,61,0.17228607899983217,18,0.0,50.42691497000548,success,
DTLZ3_m3_e1500_s300,DTLZ3,NSGAII,pure_moea,3,10,1500,300,42,0.49007665199997064,91,0.0,209.59235447533948,success,
DTLZ3_m3_e1500_s300,DTLZ3,NSGAII,dvl_framework,3,10,1500,300,42,0.37832536200016875,91,0.0,19.4389753910603,success,
DTLZ3_m3_e1500_s300,DTLZ3,NSGAII,pure_moea,3,10,1500,300,43,0.4477566109999316,91,0.0,181.67791873082538,success,
DTLZ3_m3_e1500_s300,DTLZ3,NSGAII,dvl_framework,3,10,1500,300,43,0.3755737379999573,91,0.0,20.31385514253089,success,
DTLZ3_m3_e1500_s300,DTLZ3,NSGAII,pure_moea,3,10,1500,300,44,0.45385310200003914,91,0.0,205.72467926651802,success,
DTLZ3_m3_e1500_s300,DTLZ3,NSGAII,dvl_framework,3,10,1500,300,44,0.3755292799999097,91,0.0,7.730587494400431,success,
DTLZ3_m3_e1500_s300,DTLZ3,NSGAII,pure_moea,3,10,1500,300,45,0.4489920940000047,91,0.0,205.30977206208277,success,
DTLZ3_m3_e1500_s300,DTLZ3,NSGAII,dvl_framework,3,10,1500,300,45,0.37626984899998206,91,0.0,18.205655691876977,success,
DTLZ3_m3_e1500_s300,DTLZ3,NSGAII,pure_moea,3,10,1500,300,46,0.44939505199999985,91,0.0,187.3413737811802,success,
DTLZ3_m3_e1500_s300,DTLZ3,NSGAII,dvl_framework,3,10,1500,300,46,0.3693288249999114,91,0.0,9.08281214178713,success,
DTLZ3_m3_e1500_s300,DTLZ3,NSGAII,pure_moea,3,10,1500,300,47,0.49100710300012906,91,0.0,203.5948326883934,success,
DTLZ3_m3_e1500_s300,DTLZ3,NSGAII,dvl_framework,3,10,1500,300,47,0.37283515399985845,91,0.0,11.360259531054197,success,
DTLZ3_m3_e1500_s300,DTLZ3,NSGAII,pure_moea,3,10,1500,300,48,0.4503709489999892,91,0.0,204.2868001452762,success,
DTLZ3_m3_e1500_s300,DTLZ3,NSGAII,dvl_framework,3,10,1500,300,48,0.37210442100013097,91,0.0,7.23266477140991,success,
DTLZ3_m3_e1500_s300,DTLZ3,NSGAII,pure_moea,3,10,1500,300,49,0.4567242000000533,91,0.0,199.78911794532928,success,
DTLZ3_m3_e1500_s300,DTLZ3,NSGAII,dvl_framework,3,10,1500,300,49,0.3737865690000035,91,0.0,17.908694018020274,success,
DTLZ3_m3_e1500_s300,DTLZ3,NSGAII,pure_moea,3,10,1500,300,50,0.45562657400000717,91,0.0,206.5032112013916,success,
DTLZ3_m3_e1500_s300,DTLZ3,NSGAII,dvl_framework,3,10,1500,300,50,0.3715055709999433,91,0.0,24.690379704461463,success,
DTLZ3_m3_e1500_s300,DTLZ3,NSGAII,pure_moea,3,10,1500,300,51,0.45106986599989796,91,0.0,199.0955301685666,success,
DTLZ3_m3_e1500_s300,DTLZ3,NSGAII,dvl_framework,3,10,1500,300,51,0.38190932899988184,91,0.0,15.949807663192484,success,
DTLZ3_m3_e1500_s300,DTLZ3,NSGAII,pure_moea,3,10,1500,300,52,0.4517072680000638,91,0.0,220.66775016647588,success,
DTLZ3_m3_e1500_s300,DTLZ3,NSGAII,dvl_framework,3,10,1500,300,52,0.3775897340001393,91,0.0,36.958718195976786,success,
DTLZ3_m3_e1500_s300,DTLZ3,NSGAII,pure_moea,3,10,1500,300,53,0.45713456100020267,91,0.0,208.6883451281246,success,
DTLZ3_m3_e1500_s300,DTLZ3,NSGAII,dvl_framework,3,10,1500,300,53,0.38374597899996843,91,0.0,16.254876587343368,success,
DTLZ3_m3_e1500_s300,DTLZ3,NSGAII,pure_moea,3,10,1500,300,54,0.45234994199995526,91,0.0,202.12553922159447,success,
DTLZ3_m3_e1500_s300,DTLZ3,NSGAII,dvl_framework,3,10,1500,300,54,0.3755334559998573,91,0.0,41.699929764023416,success,
DTLZ3_m3_e1500_s300,DTLZ3,NSGAII,pure_moea,3,10,1500,300,55,0.4543916679999711,91,0.0,174.88555405768912,success,
DTLZ3_m3_e1500_s300,DTLZ3,NSGAII,dvl_framework,3,10,1500,300,55,0.3746027539998522,91,0.0,15.400939081724864,success,
DTLZ3_m3_e1500_s300,DTLZ3,NSGAII,pure_moea,3,10,1500,300,56,0.46006262100013373,91,0.0,207.85291617599438,success,
DTLZ3_m3_e1500_s300,DTLZ3,NSGAII,dvl_framework,3,10,1500,300,56,0.37461484200002815,91,0.0,37.29768626200074,success,
DTLZ3_m3_e1500_s300,DTLZ3,NSGAII,pure_moea,3,10,1500,300,57,0.4581927720000749,91,0.0,218.91047436296896,success,
DTLZ3_m3_e1500_s300,DTLZ3,NSGAII,dvl_framework,3,10,1500,300,57,0.3726498220000849,91,0.0,10.469740614242427,success,
DTLZ3_m3_e1500_s300,DTLZ3,NSGAII,pure_moea,3,10,1500,300,58,0.4534950670001763,91,0.0,215.04849637124047,success,
DTLZ3_m3_e1500_s300,DTLZ3,NSGAII,dvl_framework,3,10,1500,300,58,0.38064556800009086,91,0.0,8.462789608417957,success,
DTLZ3_m3_e1500_s300,DTLZ3,NSGAII,pure_moea,3,10,1500,300,59,0.4579526160000569,91,0.0,192.94596545595562,success,
DTLZ3_m3_e1500_s300,DTLZ3,NSGAII,dvl_framework,3,10,1500,300,59,0.37692926699992313,91,0.0,21.312638368577613,success,
DTLZ3_m3_e1500_s300,DTLZ3,NSGAII,pure_moea,3,10,1500,300,60,0.45606509799995365,91,0.0,175.1055592670321,success,
DTLZ3_m3_e1500_s300,DTLZ3,NSGAII,dvl_framework,3,10,1500,300,60,0.37698687599981895,91,0.0,8.358894918076317,success,
DTLZ3_m3_e1500_s300,DTLZ3,NSGAII,pure_moea,3,10,1500,300,61,0.45447451500012903,91,0.0,183.6140557273772,success,
DTLZ3_m3_e1500_s300,DTLZ3,NSGAII,dvl_framework,3,10,1500,300,61,0.3708155580000039,91,0.0,29.744431156686623,success,
DTLZ3_m3_e1500_s300,DTLZ3,NSGAIII,pure_moea,3,10,1500,300,42,0.6897467700000561,91,0.8286942277078443,0.30285820068856223,success,
DTLZ3_m3_e1500_s300,DTLZ3,NSGAIII,dvl_framework,3,10,1500,300,42,0.6196642769998562,81,0.9992832995299918,0.2781489226151978,success,
DTLZ3_m3_e1500_s300,DTLZ3,NSGAIII,pure_moea,3,10,1500,300,43,0.7344674819999,82,0.9999833857129887,0.25271295539327276,success,
DTLZ3_m3_e1500_s300,DTLZ3,NSGAIII,dvl_framework,3,10,1500,300,43,0.5921091459999843,82,0.9988648814493001,0.3573225885640898,success,
DTLZ3_m3_e1500_s300,DTLZ3,NSGAIII,pure_moea,3,10,1500,300,44,0.7695853129998795,90,0.9950067671893634,0.2610062241702413,success,
DTLZ3_m3_e1500_s300,DTLZ3,NSGAIII,dvl_framework,3,10,1500,300,44,0.6006876359999751,81,0.8919211051703758,0.3370329653863616,success,
DTLZ3_m3_e1500_s300,DTLZ3,NSGAIII,pure_moea,3,10,1500,300,45,0.7609470219999821,84,0.990344455150686,0.20637414007233995,success,
DTLZ3_m3_e1500_s300,DTLZ3,NSGAIII,dvl_framework,3,10,1500,300,45,0.5794643950000591,91,0.998432592835885,0.3252912030389527,success,
DTLZ3_m3_e1500_s300,DTLZ3,NSGAIII,pure_moea,3,10,1500,300,46,0.689775864000012,91,0.999239922119868,0.19875675823691688,success,
DTLZ3_m3_e1500_s300,DTLZ3,NSGAIII,dvl_framework,3,10,1500,300,46,0.6046794889998637,86,0.9957328800207903,0.35878980659675574,success,
DTLZ3_m3_e1500_s300,DTLZ3,NSGAIII,pure_moea,3,10,1500,300,47,0.7508458240001801,91,0.9997864618855452,0.23229242195107774,success,
DTLZ3_m3_e1500_s300,DTLZ3,NSGAIII,dvl_framework,3,10,1500,300,47,0.5719870340001307,91,0.9517850036579821,0.3682268627972098,success,
DTLZ3_m3_e1500_s300,DTLZ3,NSGAIII,pure_moea,3,10,1500,300,48,0.7631208709999555,91,0.8754000064432634,0.2377818343329143,success,
DTLZ3_m3_e1500_s300,DTLZ3,NSGAIII,dvl_framework,3,10,1500,300,48,0.5710578670000359,85,0.9848243357671249,0.3080313208833573,success,
DTLZ3_m3_e1500_s300,DTLZ3,NSGAIII,pure_moea,3,10,1500,300,49,0.7156668420000187,91,0.9987175676636557,0.29545523591874695,success,
DTLZ3_m3_e1500_s300,DTLZ3,NSGAIII,dvl_framework,3,10,1500,300,49,0.6081372510000165,90,0.9186178096648159,0.24357742462524695,success,
DTLZ3_m3_e1500_s300,DTLZ3,NSGAIII,pure_moea,3,10,1500,300,50,0.7569591949998085,91,0.885513177739798,0.2919856356728244,success,
DTLZ3_m3_e1500_s300,DTLZ3,NSGAIII,dvl_framework,3,10,1500,300,50,0.571935632000077,86,0.9990587449877246,0.259510435924229,success,
DTLZ3_m3_e1500_s300,DTLZ3,NSGAIII,pure_moea,3,10,1500,300,51,0.7096477729999151,89,0.9996789588739253,0.20689912815801662,success,
DTLZ3_m3_e1500_s300,DTLZ3,NSGAIII,dvl_framework,3,10,1500,300,51,0.6084361559999252,85,0.9992915401270926,0.2861657174635309,success,
DTLZ3_m3_e1500_s300,DTLZ3,NSGAIII,pure_moea,3,10,1500,300,52,0.7247127389998695,88,0.9456980002649344,0.22235904674463472,success,
DTLZ3_m3_e1500_s300,DTLZ3,NSGAIII,dvl_framework,3,10,1500,300,52,0.6025616239999181,74,0.9996348845015084,0.2660062659805147,success,
DTLZ3_m3_e1500_s300,DTLZ3,NSGAIII,pure_moea,3,10,1500,300,53,0.7008867810000083,86,0.8950369284958207,0.23690156027473852,success,
DTLZ3_m3_e1500_s300,DTLZ3,NSGAIII,dvl_framework,3,10,1500,300,53,0.6029246250000142,90,0.99983729544936,0.28991232586937393,success,
DTLZ3_m3_e1500_s300,DTLZ3,NSGAIII,pure_moea,3,10,1500,300,54,0.7465063249999275,90,0.9026395226745954,0.2444014785613298,success,
DTLZ3_m3_e1500_s300,DTLZ3,NSGAIII,dvl_framework,3,10,1500,300,54,0.5760266069999034,84,0.9987545472207188,0.3683601319681756,success,
DTLZ3_m3_e1500_s300,DTLZ3,NSGAIII,pure_moea,3,10,1500,300,55,0.7332497160000457,90,0.9275060274432703,0.200261092775792,success,
DTLZ3_m3_e1500_s300,DTLZ3,NSGAIII,dvl_framework,3,10,1500,300,55,0.600652534999881,87,0.99872133758641,0.2437936598001648,success,
DTLZ3_m3_e1500_s300,DTLZ3,NSGAIII,pure_moea,3,10,1500,300,56,0.7296703039999102,81,0.9990191367769372,0.2654214020127251,success,
DTLZ3_m3_e1500_s300,DTLZ3,NSGAIII,dvl_framework,3,10,1500,300,56,0.5825134639999305,87,0.9748672756802151,0.29163677298914964,success,
DTLZ3_m3_e1500_s300,DTLZ3,NSGAIII,pure_moea,3,10,1500,300,57,0.7559778499999084,91,0.9996901797518509,0.27236912425819176,success,
DTLZ3_m3_e1500_s300,DTLZ3,NSGAIII,dvl_framework,3,10,1500,300,57,0.5633469360000163,91,0.9969409361470505,0.2775229800371597,success,
DTLZ3_m3_e1500_s300,DTLZ3,NSGAIII,pure_moea,3,10,1500,300,58,0.7541946070000449,89,0.9984125309026213,0.22734452281263007,success,
DTLZ3_m3_e1500_s300,DTLZ3,NSGAIII,dvl_framework,3,10,1500,300,58,0.5904449639999712,86,0.9969445912065739,0.2181179950992929,success,
DTLZ3_m3_e1500_s300,DTLZ3,NSGAIII,pure_moea,3,10,1500,300,59,0.7381553039999744,88,0.9766021209048894,0.2019826658423556,success,
DTLZ3_m3_e1500_s300,DTLZ3,NSGAIII,dvl_framework,3,10,1500,300,59,0.6380775000000085,80,0.9973833768261142,0.2972546016141331,success,
DTLZ3_m3_e1500_s300,DTLZ3,NSGAIII,pure_moea,3,10,1500,300,60,0.7071006230000876,91,0.9993762133069597,0.3824543443999186,success,
DTLZ3_m3_e1500_s300,DTLZ3,NSGAIII,dvl_framework,3,10,1500,300,60,0.5893631070000538,88,0.9984332966007732,0.2586558971138845,success,
DTLZ3_m3_e1500_s300,DTLZ3,NSGAIII,pure_moea,3,10,1500,300,61,0.7039159860000836,91,0.9996039589715814,0.19858923024056815,success,
DTLZ3_m3_e1500_s300,DTLZ3,NSGAIII,dvl_framework,3,10,1500,300,61,0.5852705830000104,85,0.9759847625636207,0.21080256228610197,success,
DTLZ3_m3_e10000_s300,DTLZ3,MOEAD,pure_moea,3,10,10000,300,42,1.2165800909999689,59,0.0,119.59268642200179,success,
DTLZ3_m3_e10000_s300,DTLZ3,MOEAD,dvl_framework,3,10,10000,300,42,1.2440240000000813,29,0.0,54.13625167546151,success,
DTLZ3_m3_e10000_s300,DTLZ3,MOEAD,pure_moea,3,10,10000,300,43,1.293100369000058,45,0.0,135.22800891319395,success,
DTLZ3_m3_e10000_s300,DTLZ3,MOEAD,dvl_framework,3,10,10000,300,43,1.2227725779998764,61,0.0,16.080262602671677,success,
DTLZ3_m3_e10000_s300,DTLZ3,MOEAD,pure_moea,3,10,10000,300,44,1.2777545439998903,41,0.0,164.81924091382862,success,
DTLZ3_m3_e10000_s300,DTLZ3,MOEAD,dvl_framework,3,10,10000,300,44,1.2419717490001858,53,0.0,33.66473879618932,success,
DTLZ3_m3_e10000_s300,DTLZ3,MOEAD,pure_moea,3,10,10000,300,45,1.3182322310001382,41,0.0,114.44471957273483,success,
DTLZ3_m3_e10000_s300,DTLZ3,MOEAD,dvl_framework,3,10,10000,300,45,1.1938787219999085,65,0.0,132.2893379206558,success,
DTLZ3_m3_e10000_s300,DTLZ3,MOEAD,pure_moea,3,10,10000,300,46,1.2619278920001307,53,0.0,122.26486155367427,success,
DTLZ3_m3_e10000_s300,DTLZ3,MOEAD,dvl_framework,3,10,10000,300,46,1.094874695000044,62,0.0,37.80790602930571,success,
DTLZ3_m3_e10000_s300,DTLZ3,MOEAD,pure_moea,3,10,10000,300,47,1.2718804609999097,30,0.0,87.96816358005249,success,
DTLZ3_m3_e10000_s300,DTLZ3,MOEAD,dvl_framework,3,10,10000,300,47,1.1458355309998751,66,0.0,43.57415356302966,success,
DTLZ3_m3_e10000_s300,DTLZ3,MOEAD,pure_moea,3,10,10000,300,48,1.2197331089998897,54,0.0,148.30733071542963,success,
DTLZ3_m3_e10000_s300,DTLZ3,MOEAD,dvl_framework,3,10,10000,300,48,1.1996013069999663,61,0.0,8.61604276803497,success,
DTLZ3_m3_e10000_s300,DTLZ3,MOEAD,pure_moea,3,10,10000,300,49,1.2609520749999774,40,0.0,133.3695084576667,success,
DTLZ3_m3_e10000_s300,DTLZ3,MOEAD,dvl_framework,3,10,10000,300,49,1.2259734060000937,55,0.0,45.440806713796455,success,
DTLZ3_m3_e10000_s300,DTLZ3,MOEAD,pure_moea,3,10,10000,300,50,1.2363524229999712,59,0.0,91.50052872269266,success,
DTLZ3_m3_e10000_s300,DTLZ3,MOEAD,dvl_framework,3,10,10000,300,50,1.2225760869998794,61,0.0,37.17172770336466,success,
DTLZ3_m3_e10000_s300,DTLZ3,MOEAD,pure_moea,3,10,10000,300,51,1.3697823889999654,47,0.0,113.22127985773197,success,
DTLZ3_m3_e10000_s300,DTLZ3,MOEAD,dvl_framework,3,10,10000,300,51,1.1762964859999556,62,0.0,9.919745141789232,success,
DTLZ3_m3_e10000_s300,DTLZ3,MOEAD,pure_moea,3,10,10000,300,52,1.2520315939998454,42,0.0,130.65343006503892,success,
DTLZ3_m3_e10000_s300,DTLZ3,MOEAD,dvl_framework,3,10,10000,300,52,1.192831999000191,59,0.0,52.63435252581752,success,
DTLZ3_m3_e10000_s300,DTLZ3,MOEAD,pure_moea,3,10,10000,300,53,1.2169445960000758,59,0.0,139.8226559625847,success,
DTLZ3_m3_e10000_s300,DTLZ3,MOEAD,dvl_framework,3,10,10000,300,53,1.2269120850000945,55,0.0,54.64181609985219,success,
DTLZ3_m3_e10000_s300,DTLZ3,MOEAD,pure_moea,3,10,10000,300,54,1.2807174980000582,39,0.0,114.90363918667919,success,
DTLZ3_m3_e10000_s300,DTLZ3,MOEAD,dvl_framework,3,10,10000,300,54,1.2287332759999572,61,0.0,27.48114724271252,success,
DTLZ3_m3_e10000_s300,DTLZ3,MOEAD,pure_moea,3,10,10000,300,55,1.283142491000035,30,0.0,80.57076999457733,success,
DTLZ3_m3_e10000_s300,DTLZ3,MOEAD,dvl_framework,3,10,10000,300,55,1.1842932040001415,59,0.0,13.254718915857135,success,
DTLZ3_m3_e10000_s300,DTLZ3,MOEAD,pure_moea,3,10,10000,300,56,1.227047391000042,64,0.0,149.90117879723527,success,
DTLZ3_m3_e10000_s300,DTLZ3,MOEAD,dvl_framework,3,10,10000,300,56,1.2576695669999935,57,0.0,6.787118129297781,success,
DTLZ3_m3_e10000_s300,DTLZ3,MOEAD,pure_moea,3,10,10000,300,57,1.2639371270001902,53,0.0,130.9312684396076,success,
DTLZ3_m3_e10000_s300,DTLZ3,MOEAD,dvl_framework,3,10,10000,300,57,1.205138510000097,59,0.0,17.387264072272423,success,
DTLZ3_m3_e10000_s300,DTLZ3,MOEAD,pure_moea,3,10,10000,300,58,1.282236342999795,34,0.0,131.4625886145177,success,
DTLZ3_m3_e10000_s300,DTLZ3,MOEAD,dvl_framework,3,10,10000,300,58,1.3492534659999365,58,0.0,4.443863925049823,success,
DTLZ3_m3_e10000_s300,DTLZ3,MOEAD,pure_moea,3,10,10000,300,59,1.2616429790000439,50,0.0,128.40134793128536,success,
DTLZ3_m3_e10000_s300,DTLZ3,MOEAD,dvl_framework,3,10,10000,300,59,1.1670215379999718,55,0.0,18.904984628553926,success,
DTLZ3_m3_e10000_s300,DTLZ3,MOEAD,pure_moea,3,10,10000,300,60,1.2844303770000352,40,0.0,132.80714872718494,success,
DTLZ3_m3_e10000_s300,DTLZ3,MOEAD,dvl_framework,3,10,10000,300,60,1.1930381169997872,57,0.0,7.462685721882827,success,
DTLZ3_m3_e10000_s300,DTLZ3,MOEAD,pure_moea,3,10,10000,300,61,1.3039397000000008,51,0.0,111.98994487847757,success,
DTLZ3_m3_e10000_s300,DTLZ3,MOEAD,dvl_framework,3,10,10000,300,61,1.3012128670000038,60,0.0,33.432746069750635,success,
DTLZ3_m3_e10000_s300,DTLZ3,NSGAII,pure_moea,3,10,10000,300,42,3.0978289380000206,91,0.0,151.7203209095764,success,
DTLZ3_m3_e10000_s300,DTLZ3,NSGAII,dvl_framework,3,10,10000,300,42,3.1014007879998644,91,0.0,8.49296150959884,success,
DTLZ3_m3_e10000_s300,DTLZ3,NSGAII,pure_moea,3,10,10000,300,43,3.1394746739999846,91,0.0,105.92352153574636,success,
DTLZ3_m3_e10000_s300,DTLZ3,NSGAII,dvl_framework,3,10,10000,300,43,3.046026066999957,91,0.0,3.794055605810123,success,
DTLZ3_m3_e10000_s300,DTLZ3,NSGAII,pure_moea,3,10,10000,300,44,3.163436210999862,91,0.0,113.41056782916573,success,
DTLZ3_m3_e10000_s300,DTLZ3,NSGAII,dvl_framework,3,10,10000,300,44,3.0483486100001755,91,0.0,3.353643397952299,success,
DTLZ3_m3_e10000_s300,DTLZ3,NSGAII,pure_moea,3,10,10000,300,45,3.1337549740001123,91,0.0,122.11643395289573,success,
DTLZ3_m3_e10000_s300,DTLZ3,NSGAII,dvl_framework,3,10,10000,300,45,3.054152470999952,91,0.0,3.5266989873429537,success,
DTLZ3_m3_e10000_s300,DTLZ3,NSGAII,pure_moea,3,10,10000,300,46,3.100741355000082,91,0.0,109.00647934574764,success,
DTLZ3_m3_e10000_s300,DTLZ3,NSGAII,dvl_framework,3,10,10000,300,46,3.0283865010001136,91,0.0,6.721039701755962,success,
DTLZ3_m3_e10000_s300,DTLZ3,NSGAII,pure_moea,3,10,10000,300,47,3.138567494999961,91,0.0,101.0850391578972,success,
DTLZ3_m3_e10000_s300,DTLZ3,NSGAII,dvl_framework,3,10,10000,300,47,3.1050651090001793,91,0.0,4.342068405141657,success,
DTLZ3_m3_e10000_s300,DTLZ3,NSGAII,pure_moea,3,10,10000,300,48,3.1202241850000973,91,0.0,116.26633707983031,success,
DTLZ3_m3_e10000_s300,DTLZ3,NSGAII,dvl_framework,3,10,10000,300,48,3.0247178239999357,91,0.0,1.5910395955963337,success,
DTLZ3_m3_e10000_s300,DTLZ3,NSGAII,pure_moea,3,10,10000,300,49,3.144686143999934,91,0.0,120.58427324087899,success,
DTLZ3_m3_e10000_s300,DTLZ3,NSGAII,dvl_framework,3,10,10000,300,49,3.0307011859999875,91,0.0,4.975079887900306,success,
DTLZ3_m3_e10000_s300,DTLZ3,NSGAII,pure_moea,3,10,10000,300,50,3.1832606479999868,91,0.0,140.59035394809231,success,
DTLZ3_m3_e10000_s300,DTLZ3,NSGAII,dvl_framework,3,10,10000,300,50,3.0443779209999775,91,0.0,6.617143902026531,success,
DTLZ3_m3_e10000_s300,DTLZ3,NSGAII,pure_moea,3,10,10000,300,51,3.104630726999858,91,0.0,118.58460867048869,success,
DTLZ3_m3_e10000_s300,DTLZ3,NSGAII,dvl_framework,3,10,10000,300,51,3.0941320849999556,91,0.0,4.2826266713170265,success,
DTLZ3_m3_e10000_s300,DTLZ3,NSGAII,pure_moea,3,10,10000,300,52,3.1197735220000595,91,0.0,129.65900270846404,success,
DTLZ3_m3_e10000_s300,DTLZ3,NSGAII,dvl_framework,3,10,10000,300,52,3.054032670999959,91,0.0,5.016144779244015,success,
DTLZ3_m3_e10000_s300,DTLZ3,NSGAII,pure_moea,3,10,10000,300,53,3.1627436930000385,91,0.0,95.04596359601108,success,
DTLZ3_m3_e10000_s300,DTLZ3,NSGAII,dvl_framework,3,10,10000,300,53,3.039078846999928,91,0.0,5.630382372588258,success,
DTLZ3_m3_e10000_s300,DTLZ3,NSGAII,pure_moea,3,10,10000,300,54,3.1295980859999872,91,0.0,136.61249969492832,success,
DTLZ3_m3_e10000_s300,DTLZ3,NSGAII,dvl_framework,3,10,10000,300,54,3.1086943400000564,91,0.0,9.332230004670382,success,
DTLZ3_m3_e10000_s300,DTLZ3,NSGAII,pure_moea,3,10,10000,300,55,3.1059465630000886,91,0.0,129.98370674610916,success,
DTLZ3_m3_e10000_s300,DTLZ3,NSGAII,dvl_framework,3,10,10000,300,55,3.071221682999976,91,0.016897167886293987,1.5044728465779345,success,
DTLZ3_m3_e10000_s300,DTLZ3,NSGAII,pure_moea,3,10,10000,300,56,3.096367872999963,91,0.0,133.16300856526647,success,
DTLZ3_m3_e10000_s300,DTLZ3,NSGAII,dvl_framework,3,10,10000,300,56,3.0615587940001205,91,0.0,7.042281022752686,success,
DTLZ3_m3_e10000_s300,DTLZ3,NSGAII,pure_moea,3,10,10000,300,57,3.1144841719999476,91,0.0,103.27877242868063,success,
DTLZ3_m3_e10000_s300,DTLZ3,NSGAII,dvl_framework,3,10,10000,300,57,3.088644942999963,91,0.0,3.3106418662423445,success,
DTLZ3_m3_e10000_s300,DTLZ3,NSGAII,pure_moea,3,10,10000,300,58,3.1856788239999787,91,0.0,129.2254374153198,success,
DTLZ3_m3_e10000_s300,DTLZ3,NSGAII,dvl_framework,3,10,10000,300,58,3.015268639999931,91,0.0,5.917603040815018,success,
DTLZ3_m3_e10000_s300,DTLZ3,NSGAII,pure_moea,3,10,10000,300,59,3.096917554999891,91,0.0,121.22023544742741,success,
DTLZ3_m3_e10000_s300,DTLZ3,NSGAII,dvl_framework,3,10,10000,300,59,3.091251906999787,91,0.0,1.85405436523843,success,
DTLZ3_m3_e10000_s300,DTLZ3,NSGAII,pure_moea,3,10,10000,300,60,3.139877408000075,91,0.0,121.24865464982545,success,
DTLZ3_m3_e10000_s300,DTLZ3,NSGAII,dvl_framework,3,10,10000,300,60,3.0914714100001675,91,0.0,3.005743497072463,success,
DTLZ3_m3_e10000_s300,DTLZ3,NSGAII,pure_moea,3,10,10000,300,61,3.1072176860000127,91,0.0,120.6090889653195,success,
DTLZ3_m3_e10000_s300,DTLZ3,NSGAII,dvl_framework,3,10,10000,300,61,3.072613545999957,91,0.0,3.724344035848238,success,
DTLZ3_m3_e10000_s300,DTLZ3,NSGAIII,pure_moea,3,10,10000,300,42,4.7201199830001315,90,0.9990471033857362,0.258586302971277,success,
DTLZ3_m3_e10000_s300,DTLZ3,NSGAIII,dvl_framework,3,10,10000,300,42,4.865552976000117,90,0.9999998625441456,0.5509467183548425,success,
DTLZ3_m3_e10000_s300,DTLZ3,NSGAIII,pure_moea,3,10,10000,300,43,5.0734215850000055,88,0.9999996270828826,0.39188132180973434,success,
DTLZ3_m3_e10000_s300,DTLZ3,NSGAIII,dvl_framework,3,10,10000,300,43,4.718785795000031,90,0.999984883211726,0.3637558694450749,success,
DTLZ3_m3_e10000_s300,DTLZ3,NSGAIII,pure_moea,3,10,10000,300,44,5.03286478799987,91,0.9999999727554633,0.37967371464014155,success,
DTLZ3_m3_e10000_s300,DTLZ3,NSGAIII,dvl_framework,3,10,10000,300,44,4.721645903000081,80,0.9999925189643881,0.5895458277155223,success,
DTLZ3_m3_e10000_s300,DTLZ3,NSGAIII,pure_moea,3,10,10000,300,45,5.009164268999939,90,0.9995235971652244,0.3228396394762063,success,
DTLZ3_m3_e10000_s300,DTLZ3,NSGAIII,dvl_framework,3,10,10000,300,45,4.760363236000103,91,0.9999911184060137,0.41001803522850405,success,
DTLZ3_m3_e10000_s300,DTLZ3,NSGAIII,pure_moea,3,10,10000,300,46,4.937296569999944,91,0.9999999629462105,0.32469565619448393,success,
DTLZ3_m3_e10000_s300,DTLZ3,NSGAIII,dvl_framework,3,10,10000,300,46,4.907387028999892,91,0.999990061505549,0.48641395894761724,success,
DTLZ3_m3_e10000_s300,DTLZ3,NSGAIII,pure_moea,3,10,10000,300,47,4.85888930200008,90,0.9999999859612811,0.45658104673139926,success,
DTLZ3_m3_e10000_s300,DTLZ3,NSGAIII,dvl_framework,3,10,10000,300,47,4.78165851000017,90,0.999975534155092,0.4578385189545501,success,
DTLZ3_m3_e10000_s300,DTLZ3,NSGAIII,pure_moea,3,10,10000,300,48,4.967614110999875,91,0.9998348206403334,0.33360922675128823,success,
DTLZ3_m3_e10000_s300,DTLZ3,NSGAIII,dvl_framework,3,10,10000,300,48,4.84347511299984,83,0.9999876138128245,0.47816243355891436,success,
DTLZ3_m3_e10000_s300,DTLZ3,NSGAIII,pure_moea,3,10,10000,300,49,4.937993889999916,91,0.9997374219605657,0.301637502359989,success,
DTLZ3_m3_e10000_s300,DTLZ3,NSGAIII,dvl_framework,3,10,10000,300,49,4.790226368000049,91,0.999998873867407,0.37584480937124837,success,
DTLZ3_m3_e10000_s300,DTLZ3,NSGAIII,pure_moea,3,10,10000,300,50,4.970671937000134,91,0.9999978227855315,0.27254847316706465,success,
DTLZ3_m3_e10000_s300,DTLZ3,NSGAIII,dvl_framework,3,10,10000,300,50,4.490685846999895,91,0.999999984290481,0.46847814306690655,success,
DTLZ3_m3_e10000_s300,DTLZ3,NSGAIII,pure_moea,3,10,10000,300,51,4.874501252000073,89,0.9999970400658706,0.2678918781431977,success,
DTLZ3_m3_e10000_s300,DTLZ3,NSGAIII,dvl_framework,3,10,10000,300,51,4.867273221999994,90,0.999996547007564,0.6588190126766169,success,
DTLZ3_m3_e10000_s300,DTLZ3,NSGAIII,pure_moea,3,10,10000,300,52,4.899706457999855,90,0.999743464545613,0.30302957751703585,success,
DTLZ3_m3_e10000_s300,DTLZ3,NSGAIII,dvl_framework,3,10,10000,300,52,4.768585243000189,89,0.9999999917451317,0.37349899309375184,success,
DTLZ3_m3_e10000_s300,DTLZ3,NSGAIII,pure_moea,3,10,10000,300,53,4.810302059999913,88,0.9999999834036114,0.564457744574712,success,
DTLZ3_m3_e10000_s300,DTLZ3,NSGAIII,dvl_framework,3,10,10000,300,53,4.961460144000057,90,0.9999994680981318,0.34213261794510386,success,
DTLZ3_m3_e10000_s300,DTLZ3,NSGAIII,pure_moea,3,10,10000,300,54,5.048338006999984,90,0.9998113649165972,0.2681447250855437,success,
DTLZ3_m3_e10000_s300,DTLZ3,NSGAIII,dvl_framework,3,10,10000,300,54,4.580322597000077,86,0.9999996019277366,0.3014554690788859,success,
DTLZ3_m3_e10000_s300,DTLZ3,NSGAIII,pure_moea,3,10,10000,300,55,4.9507310889998735,91,0.9997455121368302,0.2800644319716911,success,
DTLZ3_m3_e10000_s300,DTLZ3,NSGAIII,dvl_framework,3,10,10000,300,55,4.818141659000048,91,0.9999993056500283,0.2803736261405881,success,
DTLZ3_m3_e10000_s300,DTLZ3,NSGAIII,pure_moea,3,10,10000,300,56,4.865815903999874,88,0.9999969690265231,0.2907048094763604,success,
DTLZ3_m3_e10000_s300,DTLZ3,NSGAIII,dvl_framework,3,10,10000,300,56,4.772116493999874,89,0.9999966061970396,0.5514521600099475,success,
DTLZ3_m3_e10000_s300,DTLZ3,NSGAIII,pure_moea,3,10,10000,300,57,5.023656431000063,90,0.9999395673386282,0.28567013798347646,success,
DTLZ3_m3_e10000_s300,DTLZ3,NSGAIII,dvl_framework,3,10,10000,300,57,4.818635949000054,88,0.9999981817551997,0.31967021728681977,success,
DTLZ3_m3_e10000_s300,DTLZ3,NSGAIII,pure_moea,3,10,10000,300,58,4.938210889999937,88,0.9998725459990759,0.37036553491915847,success,
DTLZ3_m3_e10000_s300,DTLZ3,NSGAIII,dvl_framework,3,10,10000,300,58,4.559452642999986,91,0.9999941970032243,0.39266931701872637,success,
DTLZ3_m3_e10000_s300,DTLZ3,NSGAIII,pure_moea,3,10,10000,300,59,5.012616078999827,90,0.999585103564363,0.25158058563129004,success,
DTLZ3_m3_e10000_s300,DTLZ3,NSGAIII,dvl_framework,3,10,10000,300,59,4.819718527000077,88,0.9999901996911986,0.4135789822690822,success,
DTLZ3_m3_e10000_s300,DTLZ3,NSGAIII,pure_moea,3,10,10000,300,60,4.832469118000063,89,0.9998974077715631,0.4709379971677426,success,
DTLZ3_m3_e10000_s300,DTLZ3,NSGAIII,dvl_framework,3,10,10000,300,60,4.760204866999857,90,0.9999994810302884,0.3774117287809933,success,
DTLZ3_m3_e10000_s300,DTLZ3,NSGAIII,pure_moea,3,10,10000,300,61,4.783986728999935,89,0.9999313520588866,0.31679756727550723,success,
DTLZ3_m3_e10000_s300,DTLZ3,NSGAIII,dvl_framework,3,10,10000,300,61,4.662724100999867,91,0.9999985916414134,0.2735491737829262,success,
DTLZ4_m3_e250_s159,DTLZ4,MOEAD,pure_moea,3,10,250,159,42,0.03232002300001113,18,0.41491945843495576,0.9933914781234838,success,
DTLZ4_m3_e250_s159,DTLZ4,MOEAD,dvl_framework,3,10,250,159,42,0.02734387800001059,91,0.8288834224930848,0.5149507650680796,success,
DTLZ4_m3_e250_s159,DTLZ4,MOEAD,pure_moea,3,10,250,159,43,0.032916602000113926,17,0.275832901878921,1.0610315888296322,success,
DTLZ4_m3_e250_s159,DTLZ4,MOEAD,dvl_framework,3,10,250,159,43,0.02677367899991623,91,0.7849038780798547,0.5579294311839447,success,
DTLZ4_m3_e250_s159,DTLZ4,MOEAD,pure_moea,3,10,250,159,44,0.03351914399991074,13,0.561775763034247,0.8129633460107759,success,
DTLZ4_m3_e250_s159,DTLZ4,MOEAD,dvl_framework,3,10,250,159,44,0.02620609499990678,91,0.8260740627850487,0.5115105076121792,success,
DTLZ4_m3_e250_s159,DTLZ4,MOEAD,pure_moea,3,10,250,159,45,0.03166266299990639,16,0.4043156176249452,0.9608274229991453,success,
DTLZ4_m3_e250_s159,DTLZ4,MOEAD,dvl_framework,3,10,250,159,45,0.026583823999999368,91,0.6040911454889395,0.8657429992927302,success,
DTLZ4_m3_e250_s159,DTLZ4,MOEAD,pure_moea,3,10,250,159,46,0.032699354999977004,21,0.557725608645453,0.7832703020306492,success,
DTLZ4_m3_e250_s159,DTLZ4,MOEAD,dvl_framework,3,10,250,159,46,0.026407903000063015,91,0.8178121464920757,0.5827160809646175,success,
DTLZ4_m3_e250_s159,DTLZ4,MOEAD,pure_moea,3,10,250,159,47,0.03250597100009145,22,0.5561200593309914,0.7488022139194284,success,
DTLZ4_m3_e250_s159,DTLZ4,MOEAD,dvl_framework,3,10,250,159,47,0.026402102000020022,91,0.7963108453933336,0.5281826519298854,success,
DTLZ4_m3_e250_s159,DTLZ4,MOEAD,pure_moea,3,10,250,159,48,0.03365225099992131,19,0.5121809550322218,0.8619362946209715,success,
DTLZ4_m3_e250_s159,DTLZ4,MOEAD,dvl_framework,3,10,250,159,48,0.02634771099997124,91,0.803591745954128,0.5124559528741346,success,
DTLZ4_m3_e250_s159,DTLZ4,MOEAD,pure_moea,3,10,250,159,49,0.03215159799992762,12,0.4339458564636598,0.9261004933090274,success,
DTLZ4_m3_e250_s159,DTLZ4,MOEAD,dvl_framework,3,10,250,159,49,0.026369640999973853,91,0.804611183519722,0.5438478134434211,success,
DTLZ4_m3_e250_s159,DTLZ4,MOEAD,pure_moea,3,10,250,159,50,0.0332195609998962,21,0.42857695895559883,0.8843055717477925,success,
DTLZ4_m3_e250_s159,DTLZ4,MOEAD,dvl_framework,3,10,250,159,50,0.026492341999983182,91,0.6923409697068488,0.7435032299062022,success,
DTLZ4_m3_e250_s159,DTLZ4,MOEAD,pure_moea,3,10,250,159,51,0.03310622799995144,24,0.42947455535277484,0.9675957167925803,success,
DTLZ4_m3_e250_s159,DTLZ4,MOEAD,dvl_framework,3,10,250,159,51,0.026508542999863494,91,0.7540128452722558,0.6367750274308775,success,
DTLZ4_m3_e250_s159,DTLZ4,MOEAD,pure_moea,3,10,250,159,52,0.03306009999982962,20,0.5435371977369678,0.8036036824998525,success,
DTLZ4_m3_e250_s159,DTLZ4,MOEAD,dvl_framework,3,10,250,159,52,0.026505266999947708,91,0.797421782751502,0.5501084674538748,success,
DTLZ4_m3_e250_s159,DTLZ4,MOEAD,pure_moea,3,10,250,159,53,0.030825600000071063,12,0.4400286749470069,0.9002419645479428,success,
DTLZ4_m3_e250_s159,DTLZ4,MOEAD,dvl_framework,3,10,250,159,53,0.02627661699989403,91,0.850601664880891,0.4918343991491661,success,
DTLZ4_m3_e250_s159,DTLZ4,MOEAD,pure_moea,3,10,250,159,54,0.031847427000002426,12,0.678116453394455,0.6389211338187835,success,
DTLZ4_m3_e250_s159,DTLZ4,MOEAD,dvl_framework,3,10,250,159,54,0.026374400000122478,91,0.7294477659721038,0.6963588766498291,success,
DTLZ4_m3_e250_s159,DTLZ4,MOEAD,pure_moea,3,10,250,159,55,0.030645692999996754,11,0.6162629335685199,0.7136940851017587,success,
DTLZ4_m3_e250_s159,DTLZ4,MOEAD,dvl_framework,3,10,250,159,55,0.026650469000060184,91,0.8328936512546548,0.5066836188236966,success,
DTLZ4_m3_e250_s159,DTLZ4,MOEAD,pure_moea,3,10,250,159,56,0.03311124800006837,23,0.5230169513887027,0.8699802053243322,success,
DTLZ4_m3_e250_s159,DTLZ4,MOEAD,dvl_framework,3,10,250,159,56,0.0264487699998881,91,0.7985838344110036,0.6031969432939862,success,
DTLZ4_m3_e250_s159,DTLZ4,MOEAD,pure_moea,3,10,250,159,57,0.03274779700018371,13,0.6684720985104795,0.7398865688962889,success,
DTLZ4_m3_e250_s159,DTLZ4,MOEAD,dvl_framework,3,10,250,159,57,0.026593642000079853,91,0.8046836039142788,0.538517679760116,success,
DTLZ4_m3_e250_s159,DTLZ4,MOEAD,pure_moea,3,10,250,159,58,0.03259157200000118,16,0.5038769273565489,0.8642132364939575,success,
DTLZ4_m3_e250_s159,DTLZ4,MOEAD,dvl_framework,3,10,250,159,58,0.02660363099994356,91,0.7566388356073399,0.6274893502809844,success,
DTLZ4_m3_e250_s159,DTLZ4,MOEAD,pure_moea,3,10,250,159,59,0.03320076099998914,15,0.665011365347519,0.6638311313145248,success,
DTLZ4_m3_e250_s159,DTLZ4,MOEAD,dvl_framework,3,10,250,159,59,0.026465731999905984,91,0.8333442875740703,0.5198842072618943,success,
DTLZ4_m3_e250_s159,DTLZ4,MOEAD,pure_moea,3,10,250,159,60,0.032693273999939265,26,0.5494340654991534,0.8276911003619991,success,
DTLZ4_m3_e250_s159,DTLZ4,MOEAD,dvl_framework,3,10,250,159,60,0.026777988000048936,91,0.7929467723549068,0.6178058338464171,success,
DTLZ4_m3_e250_s159,DTLZ4,MOEAD,pure_moea,3,10,250,159,61,0.0333214009999665,20,0.49310848775942634,0.9078483534993235,success,
DTLZ4_m3_e250_s159,DTLZ4,MOEAD,dvl_framework,3,10,250,159,61,0.026466193000032945,91,0.835307345999003,0.49579626266109733,success,
DTLZ4_m3_e250_s159,DTLZ4,NSGAII,pure_moea,3,10,250,159,42,0.05567892699991717,91,0.6015592446337724,0.7544966377337518,success,
DTLZ4_m3_e250_s159,DTLZ4,NSGAII,dvl_framework,3,10,250,159,42,0.026787017000060587,91,0.8288834224930848,0.5149507650680796,success,
DTLZ4_m3_e250_s159,DTLZ4,NSGAII,pure_moea,3,10,250,159,43,0.05442884200010667,91,0.5274880164800388,0.8504848309480224,success,
DTLZ4_m3_e250_s159,DTLZ4,NSGAII,dvl_framework,3,10,250,159,43,0.026767877999873235,91,0.7849038780798547,0.5579294311839447,success,
DTLZ4_m3_e250_s159,DTLZ4,NSGAII,pure_moea,3,10,250,159,44,0.0571055030000025,91,0.44089330767751256,0.9610900013568175,success,
DTLZ4_m3_e250_s159,DTLZ4,NSGAII,dvl_framework,3,10,250,159,44,0.026646492000054423,91,0.8260740627850487,0.5115105076121792,success,
DTLZ4_m3_e250_s159,DTLZ4,NSGAII,pure_moea,3,10,250,159,45,0.057384987000205,91,0.5679722274230539,0.8406266754716948,success,
DTLZ4_m3_e250_s159,DTLZ4,NSGAII,dvl_framework,3,10,250,159,45,0.02679739299992434,91,0.6040911454889395,0.8657429992927302,success,
DTLZ4_m3_e250_s159,DTLZ4,NSGAII,pure_moea,3,10,250,159,46,0.05483423100008622,91,0.5410963385732752,0.8270230888813234,success,
DTLZ4_m3_e250_s159,DTLZ4,NSGAII,dvl_framework,3,10,250,159,46,0.06661157399980766,91,0.8178121464920757,0.5827160809646175,success,
DTLZ4_m3_e250_s159,DTLZ4,NSGAII,pure_moea,3,10,250,159,47,0.054885860000013054,91,0.5236767612220927,0.8477844491532207,success,
DTLZ4_m3_e250_s159,DTLZ4,NSGAII,dvl_framework,3,10,250,159,47,0.026662390999945274,91,0.7963108453933336,0.5281826519298854,success,
DTLZ4_m3_e250_s159,DTLZ4,NSGAII,pure_moea,3,10,250,159,48,0.05614870699992025,91,0.5728977676911566,0.7894615147263709,success,
DTLZ4_m3_e250_s159,DTLZ4,NSGAII,dvl_framework,3,10,250,159,48,0.026609760999917853,91,0.803591745954128,0.5124559528741346,success,
DTLZ4_m3_e250_s159,DTLZ4,NSGAII,pure_moea,3,10,250,159,49,0.057640176999939285,91,0.55932442826287,0.7861877519792302,success,
DTLZ4_m3_e250_s159,DTLZ4,NSGAII,dvl_framework,3,10,250,159,49,0.027015634000008504,91,0.804611183519722,0.5438478134434211,success,
DTLZ4_m3_e250_s159,DTLZ4,NSGAII,pure_moea,3,10,250,159,50,0.05751266599986593,91,0.5203688966560551,0.7816048706966627,success,
DTLZ4_m3_e250_s159,DTLZ4,NSGAII,dvl_framework,3,10,250,159,50,0.026813786999809963,91,0.6923409697068488,0.7435032299062022,success,
DTLZ4_m3_e250_s159,DTLZ4,NSGAII,pure_moea,3,10,250,159,51,0.05758617500009677,91,0.5444535869280979,0.815022367782296,success,
DTLZ4_m3_e250_s159,DTLZ4,NSGAII,dvl_framework,3,10,250,159,51,0.02681721299995843,91,0.7540128452722558,0.6367750274308775,success,
DTLZ4_m3_e250_s159,DTLZ4,NSGAII,pure_moea,3,10,250,159,52,0.05625054999995882,91,0.7066171815509004,0.6795124906129366,success,
DTLZ4_m3_e250_s159,DTLZ4,NSGAII,dvl_framework,3,10,250,159,52,0.02671627199993054,91,0.797421782751502,0.5501084674538748,success,
DTLZ4_m3_e250_s159,DTLZ4,NSGAII,pure_moea,3,10,250,159,53,0.05609740199997759,91,0.5618083252114706,0.7978580189612957,success,
DTLZ4_m3_e250_s159,DTLZ4,NSGAII,dvl_framework,3,10,250,159,53,0.026723555999979,91,0.850601664880891,0.4918343991491661,success,
DTLZ4_m3_e250_s159,DTLZ4,NSGAII,pure_moea,3,10,250,159,54,0.05546288300001834,91,0.4764489577010458,0.9235571626323555,success,
DTLZ4_m3_e250_s159,DTLZ4,NSGAII,dvl_framework,3,10,250,159,54,0.026807407000205785,91,0.7294477659721038,0.6963588766498291,success,
DTLZ4_m3_e250_s159,DTLZ4,NSGAII,pure_moea,3,10,250,159,55,0.057581035000112024,91,0.5375871318403749,0.8275773664084777,success,
DTLZ4_m3_e250_s159,DTLZ4,NSGAII,dvl_framework,3,10,250,159,55,0.026939537999851382,91,0.8328936512546548,0.5066836188236966,success,
DTLZ4_m3_e250_s159,DTLZ4,NSGAII,pure_moea,3,10,250,159,56,0.0557665219998853,91,0.4568675904849814,0.9344094943192927,success,
DTLZ4_m3_e250_s159,DTLZ4,NSGAII,dvl_framework,3,10,250,159,56,0.026596144999984972,91,0.7985838344110036,0.6031969432939862,success,
DTLZ4_m3_e250_s159,DTLZ4,NSGAII,pure_moea,3,10,250,159,57,0.05851792400017075,91,0.6297361309669683,0.7411918382803974,success,
DTLZ4_m3_e250_s159,DTLZ4,NSGAII,dvl_framework,3,10,250,159,57,0.02678437000008671,91,0.8046836039142788,0.538517679760116,success,
DTLZ4_m3_e250_s159,DTLZ4,NSGAII,pure_moea,3,10,250,159,58,0.058016321999957654,91,0.5587290472810679,0.8330378284350247,success,
DTLZ4_m3_e250_s159,DTLZ4,NSGAII,dvl_framework,3,10,250,159,58,0.02691076700011763,91,0.7566388356073399,0.6274893502809844,success,
DTLZ4_m3_e250_s159,DTLZ4,NSGAII,pure_moea,3,10,250,159,59,0.05527407799991124,91,0.5665355140170704,0.8403368307998156,success,
DTLZ4_m3_e250_s159,DTLZ4,NSGAII,dvl_framework,3,10,250,159,59,0.02672494899979938,91,0.8333442875740703,0.5198842072618943,success,
DTLZ4_m3_e250_s159,DTLZ4,NSGAII,pure_moea,3,10,250,159,60,0.056704550999938874,91,0.5960916845113704,0.8050763496145072,success,
DTLZ4_m3_e250_s159,DTLZ4,NSGAII,dvl_framework,3,10,250,159,60,0.026652311000134432,91,0.7929467723549068,0.6178058338464171,success,
DTLZ4_m3_e250_s159,DTLZ4,NSGAII,pure_moea,3,10,250,159,61,0.0562873189999209,91,0.5327567630403263,0.8708947069086093,success,
DTLZ4_m3_e250_s159,DTLZ4,NSGAII,dvl_framework,3,10,250,159,61,0.026740689000007478,91,0.835307345999003,0.49579626266109733,success,
DTLZ4_m3_e250_s159,DTLZ4,NSGAIII,pure_moea,3,10,250,159,42,0.09704364599997461,62,0.7428535889079769,0.5712826145442454,success,
DTLZ4_m3_e250_s159,DTLZ4,NSGAIII,dvl_framework,3,10,250,159,42,0.026817161999815653,91,0.8288834224930848,0.5149507650680796,success,
DTLZ4_m3_e250_s159,DTLZ4,NSGAIII,pure_moea,3,10,250,159,43,0.09627305999993041,58,0.8162506514163346,0.511615139379015,success,
DTLZ4_m3_e250_s159,DTLZ4,NSGAIII,dvl_framework,3,10,250,159,43,0.026881340000045384,91,0.7849038780798547,0.5579294311839447,success,
DTLZ4_m3_e250_s159,DTLZ4,NSGAIII,pure_moea,3,10,250,159,44,0.10055111700012276,73,0.7527462010480038,0.6118692192862378,success,
DTLZ4_m3_e250_s159,DTLZ4,NSGAIII,dvl_framework,3,10,250,159,44,0.026643443000011757,91,0.8260740627850487,0.5115105076121792,success,
DTLZ4_m3_e250_s159,DTLZ4,NSGAIII,pure_moea,3,10,250,159,45,0.10072597299995323,63,0.7571518714798289,0.6007294114084042,success,
DTLZ4_m3_e250_s159,DTLZ4,NSGAIII,dvl_framework,3,10,250,159,45,0.02694226600010552,91,0.6040911454889395,0.8657429992927302,success,
DTLZ4_m3_e250_s159,DTLZ4,NSGAIII,pure_moea,3,10,250,159,46,0.09254742300004182,77,0.8133173057016256,0.4679941183961907,success,
DTLZ4_m3_e250_s159,DTLZ4,NSGAIII,dvl_framework,3,10,250,159,46,0.06462676000001011,91,0.8178121464920757,0.5827160809646175,success,
DTLZ4_m3_e250_s159,DTLZ4,NSGAIII,pure_moea,3,10,250,159,47,0.10119445300006191,90,0.6567108948856337,0.6478959236333225,success,
DTLZ4_m3_e250_s159,DTLZ4,NSGAIII,dvl_framework,3,10,250,159,47,0.02679347899993445,91,0.7963108453933336,0.5281826519298854,success,
DTLZ4_m3_e250_s159,DTLZ4,NSGAIII,pure_moea,3,10,250,159,48,0.10368027300000904,70,0.7729297696276437,0.599123625928747,success,
DTLZ4_m3_e250_s159,DTLZ4,NSGAIII,dvl_framework,3,10,250,159,48,0.028165131999912774,91,0.803591745954128,0.5124559528741346,success,
DTLZ4_m3_e250_s159,DTLZ4,NSGAIII,pure_moea,3,10,250,159,49,0.09239661000015076,84,0.8227927555581702,0.5154200591799833,success,
DTLZ4_m3_e250_s159,DTLZ4,NSGAIII,dvl_framework,3,10,250,159,49,0.02731883299998117,91,0.804611183519722,0.5438478134434211,success,
DTLZ4_m3_e250_s159,DTLZ4,NSGAIII,pure_moea,3,10,250,159,50,0.10344482400000743,84,0.6833011498783665,0.6684838329389279,success,
DTLZ4_m3_e250_s159,DTLZ4,NSGAIII,dvl_framework,3,10,250,159,50,0.026945101999899634,91,0.6923409697068488,0.7435032299062022,success,
DTLZ4_m3_e250_s159,DTLZ4,NSGAIII,pure_moea,3,10,250,159,51,0.10174050399996304,84,0.6750002555936668,0.6879278156741765,success,
DTLZ4_m3_e250_s159,DTLZ4,NSGAIII,dvl_framework,3,10,250,159,51,0.026957474000028014,91,0.7540128452722558,0.6367750274308775,success,
DTLZ4_m3_e250_s159,DTLZ4,NSGAIII,pure_moea,3,10,250,159,52,0.09913029199992707,89,0.7912937920791636,0.5736999325559982,success,
DTLZ4_m3_e250_s159,DTLZ4,NSGAIII,dvl_framework,3,10,250,159,52,0.026726650999989943,91,0.797421782751502,0.5501084674538748,success,
DTLZ4_m3_e250_s159,DTLZ4,NSGAIII,pure_moea,3,10,250,159,53,0.09207172999981594,83,0.719447150081899,0.5866307452698879,success,
DTLZ4_m3_e250_s159,DTLZ4,NSGAIII,dvl_framework,3,10,250,159,53,0.026636725000116712,91,0.850601664880891,0.4918343991491661,success,
DTLZ4_m3_e250_s159,DTLZ4,NSGAIII,pure_moea,3,10,250,159,54,0.09501977999980227,68,0.738411554597132,0.6564489054313228,success,
DTLZ4_m3_e250_s159,DTLZ4,NSGAIII,dvl_framework,3,10,250,159,54,0.026634981000142943,91,0.7294477659721038,0.6963588766498291,success,
DTLZ4_m3_e250_s159,DTLZ4,NSGAIII,pure_moea,3,10,250,159,55,0.10091528800012384,67,0.7047512671424616,0.5929276160387426,success,
DTLZ4_m3_e250_s159,DTLZ4,NSGAIII,dvl_framework,3,10,250,159,55,0.0274151339999662,91,0.8328936512546548,0.5066836188236966,success,
DTLZ4_m3_e250_s159,DTLZ4,NSGAIII,pure_moea,3,10,250,159,56,0.1429910000001655,91,0.7255468625663068,0.643052804975867,success,
DTLZ4_m3_e250_s159,DTLZ4,NSGAIII,dvl_framework,3,10,250,159,56,0.026819947000149114,91,0.7985838344110036,0.6031969432939862,success,
DTLZ4_m3_e250_s159,DTLZ4,NSGAIII,pure_moea,3,10,250,159,57,0.09880602199996247,69,0.7545437702792674,0.5912674288002848,success,
DTLZ4_m3_e250_s159,DTLZ4,NSGAIII,dvl_framework,3,10,250,159,57,0.027198826999892844,91,0.8046836039142788,0.538517679760116,success,
DTLZ4_m3_e250_s159,DTLZ4,NSGAIII,pure_moea,3,10,250,159,58,0.09336569700008113,76,0.7226093050160617,0.6334439207835383,success,
DTLZ4_m3_e250_s159,DTLZ4,NSGAIII,dvl_framework,3,10,250,159,58,0.02690540699995836,91,0.7566388356073399,0.6274893502809844,success,
DTLZ4_m3_e250_s159,DTLZ4,NSGAIII,pure_moea,3,10,250,159,59,0.093991189999997,56,0.7824615028551375,0.5908007310789564,success,
DTLZ4_m3_e250_s159,DTLZ4,NSGAIII,dvl_framework,3,10,250,159,59,0.02678898800013485,91,0.8333442875740703,0.5198842072618943,success,
DTLZ4_m3_e250_s159,DTLZ4,NSGAIII,pure_moea,3,10,250,159,60,0.09737086899986025,67,0.7145326523130252,0.5726291222217178,success,
DTLZ4_m3_e250_s159,DTLZ4,NSGAIII,dvl_framework,3,10,250,159,60,0.026974096000003556,91,0.7929467723549068,0.6178058338464171,success,
DTLZ4_m3_e250_s159,DTLZ4,NSGAIII,pure_moea,3,10,250,159,61,0.09774747699998443,63,0.7480909364772621,0.6525698042248839,success,
DTLZ4_m3_e250_s159,DTLZ4,NSGAIII,dvl_framework,3,10,250,159,61,0.026905066000153965,91,0.835307345999003,0.49579626266109733,success,
DTLZ4_m3_e500_s410,DTLZ4,MOEAD,pure_moea,3,10,500,410,42,0.06359027999997124,18,0.6646676253030367,0.7037243680122954,success,
DTLZ4_m3_e500_s410,DTLZ4,MOEAD,dvl_framework,3,10,500,410,42,0.029777464000062537,91,0.8278080631415122,0.5190139581544969,success,
DTLZ4_m3_e500_s410,DTLZ4,MOEAD,pure_moea,3,10,500,410,43,0.06374671699995815,20,0.64519053328785,0.6752705349282732,success,
DTLZ4_m3_e500_s410,DTLZ4,MOEAD,dvl_framework,3,10,500,410,43,0.029884405000075276,91,0.8760121939268332,0.3533763157460883,success,
DTLZ4_m3_e500_s410,DTLZ4,MOEAD,pure_moea,3,10,500,410,44,0.06471548600006827,21,0.7443464392888449,0.5750841121246492,success,
DTLZ4_m3_e500_s410,DTLZ4,MOEAD,dvl_framework,3,10,500,410,44,0.029874907000021267,91,0.8432817064236716,0.49248048288729496,success,
DTLZ4_m3_e500_s410,DTLZ4,MOEAD,pure_moea,3,10,500,410,45,0.06252835500004039,10,0.6140637543456522,0.7289626142808868,success,
DTLZ4_m3_e500_s410,DTLZ4,MOEAD,dvl_framework,3,10,500,410,45,0.02965748899987375,91,0.8481717634553159,0.44343762465250874,success,
DTLZ4_m3_e500_s410,DTLZ4,MOEAD,pure_moea,3,10,500,410,46,0.06527112199978546,15,0.6171357737093635,0.7324493113970989,success,
DTLZ4_m3_e500_s410,DTLZ4,MOEAD,dvl_framework,3,10,500,410,46,0.029686984000136363,91,0.842094282430143,0.4636616342081824,success,
DTLZ4_m3_e500_s410,DTLZ4,MOEAD,pure_moea,3,10,500,410,47,0.06521863800003302,18,0.6356914091532271,0.6670330839974558,success,
DTLZ4_m3_e500_s410,DTLZ4,MOEAD,dvl_framework,3,10,500,410,47,0.030266650999919875,91,0.8535713785083865,0.45802603424609883,success,
DTLZ4_m3_e500_s410,DTLZ4,MOEAD,pure_moea,3,10,500,410,48,0.06474014500008707,19,0.6845441744450826,0.6294430181955469,success,
DTLZ4_m3_e500_s410,DTLZ4,MOEAD,dvl_framework,3,10,500,410,48,0.029717942999923253,91,0.8600358581700446,0.4144069115008505,success,
DTLZ4_m3_e500_s410,DTLZ4,MOEAD,pure_moea,3,10,500,410,49,0.06695701300009205,18,0.6482513968245589,0.6728108584265444,success,
DTLZ4_m3_e500_s410,DTLZ4,MOEAD,dvl_framework,3,10,500,410,49,0.030121620000045368,91,0.7749863610215151,0.6336800318759069,success,
DTLZ4_m3_e500_s410,DTLZ4,MOEAD,pure_moea,3,10,500,410,50,0.06776390799996079,14,0.7077315991258581,0.6372605225882091,success,
DTLZ4_m3_e500_s410,DTLZ4,MOEAD,dvl_framework,3,10,500,410,50,0.02977416799990351,91,0.825929659585124,0.48613851703503347,success,
DTLZ4_m3_e500_s410,DTLZ4,MOEAD,pure_moea,3,10,500,410,51,0.06619308700010151,16,0.538998613707896,0.851848646280463,success,
DTLZ4_m3_e500_s410,DTLZ4,MOEAD,dvl_framework,3,10,500,410,51,0.029813481000019237,91,0.8396247383899468,0.5110257714757716,success,
DTLZ4_m3_e500_s410,DTLZ4,MOEAD,pure_moea,3,10,500,410,52,0.06442782899989652,17,0.6952879992648429,0.6289344820774473,success,
DTLZ4_m3_e500_s410,DTLZ4,MOEAD,dvl_framework,3,10,500,410,52,0.029573732000017117,91,0.8654913265159342,0.4362651734644053,success,
DTLZ4_m3_e500_s410,DTLZ4,MOEAD,pure_moea,3,10,500,410,53,0.06269301499992253,18,0.6496890485302598,0.6542324946866293,success,
DTLZ4_m3_e500_s410,DTLZ4,MOEAD,dvl_framework,3,10,500,410,53,0.029823480000004565,91,0.8407569013428036,0.5238985907437688,success,
DTLZ4_m3_e500_s410,DTLZ4,MOEAD,pure_moea,3,10,500,410,54,0.06187576299998909,24,0.7129409236350241,0.5669604628279805,success,
DTLZ4_m3_e500_s410,DTLZ4,MOEAD,dvl_framework,3,10,500,410,54,0.029504140999961237,91,0.8351625807730858,0.5030918452607654,success,
DTLZ4_m3_e500_s410,DTLZ4,MOEAD,pure_moea,3,10,500,410,55,0.06067581000002065,12,0.7637663956418552,0.5328878593045562,success,
DTLZ4_m3_e500_s410,DTLZ4,MOEAD,dvl_framework,3,10,500,410,55,0.029597397000088677,91,0.8412806013614532,0.5097920172118855,success,
DTLZ4_m3_e500_s410,DTLZ4,MOEAD,pure_moea,3,10,500,410,56,0.06519950599999902,18,0.7059728047991739,0.5866973520363734,success,
DTLZ4_m3_e500_s410,DTLZ4,MOEAD,dvl_framework,3,10,500,410,56,0.029786440999941988,91,0.8537186094389482,0.4962744839278925,success,
DTLZ4_m3_e500_s410,DTLZ4,MOEAD,pure_moea,3,10,500,410,57,0.06154813600005582,20,0.7501718742561491,0.6170587316375842,success,
DTLZ4_m3_e500_s410,DTLZ4,MOEAD,dvl_framework,3,10,500,410,57,0.029587457999923572,91,0.8367477237082614,0.48497895400595153,success,
DTLZ4_m3_e500_s410,DTLZ4,MOEAD,pure_moea,3,10,500,410,58,0.06246005800016974,24,0.8305749859130984,0.4072108726787299,success,
DTLZ4_m3_e500_s410,DTLZ4,MOEAD,dvl_framework,3,10,500,410,58,0.06971199899999192,91,0.8287268286578418,0.5405049033568876,success,
DTLZ4_m3_e500_s410,DTLZ4,MOEAD,pure_moea,3,10,500,410,59,0.0645829089999097,18,0.7777892796742735,0.492101750473402,success,
DTLZ4_m3_e500_s410,DTLZ4,MOEAD,dvl_framework,3,10,500,410,59,0.029764370000066265,91,0.859983320708598,0.4432362785570407,success,
DTLZ4_m3_e500_s410,DTLZ4,MOEAD,pure_moea,3,10,500,410,60,0.06492350700000316,26,0.5914032735927899,0.7408451973723992,success,
DTLZ4_m3_e500_s410,DTLZ4,MOEAD,dvl_framework,3,10,500,410,60,0.029897199000060937,91,0.8500830029718869,0.4445452627559706,success,
DTLZ4_m3_e500_s410,DTLZ4,MOEAD,pure_moea,3,10,500,410,61,0.06573595100007879,21,0.7426820533442544,0.6047477844245204,success,
DTLZ4_m3_e500_s410,DTLZ4,MOEAD,dvl_framework,3,10,500,410,61,0.02952669399996921,91,0.811893637093755,0.5617486949256529,success,
DTLZ4_m3_e500_s410,DTLZ4,NSGAII,pure_moea,3,10,500,410,42,0.14126650499997595,91,0.6866708243590899,0.6218605185120476,success,
DTLZ4_m3_e500_s410,DTLZ4,NSGAII,dvl_framework,3,10,500,410,42,0.03014735700003257,91,0.8278080631415122,0.5190139581544969,success,
DTLZ4_m3_e500_s410,DTLZ4,NSGAII,pure_moea,3,10,500,410,43,0.1385193540002092,91,0.5838842184361628,0.7959929809268909,success,
DTLZ4_m3_e500_s410,DTLZ4,NSGAII,dvl_framework,3,10,500,410,43,0.029948684999908437,91,0.8760121939268332,0.3533763157460883,success,
DTLZ4_m3_e500_s410,DTLZ4,NSGAII,pure_moea,3,10,500,410,44,0.13776330499990763,91,0.5405923602967808,0.8728362361439959,success,
DTLZ4_m3_e500_s410,DTLZ4,NSGAII,dvl_framework,3,10,500,410,44,0.029982818999997107,91,0.8432817064236716,0.49248048288729496,success,
DTLZ4_m3_e500_s410,DTLZ4,NSGAII,pure_moea,3,10,500,410,45,0.1415967450000153,91,0.5688707558210926,0.8296826127193008,success,
DTLZ4_m3_e500_s410,DTLZ4,NSGAII,dvl_framework,3,10,500,410,45,0.02997811999989608,91,0.8481717634553159,0.44343762465250874,success,
DTLZ4_m3_e500_s410,DTLZ4,NSGAII,pure_moea,3,10,500,410,46,0.1382229499999994,91,0.6562979907347337,0.7031509133809697,success,
DTLZ4_m3_e500_s410,DTLZ4,NSGAII,dvl_framework,3,10,500,410,46,0.031061892000025182,91,0.842094282430143,0.4636616342081824,success,
DTLZ4_m3_e500_s410,DTLZ4,NSGAII,pure_moea,3,10,500,410,47,0.13857425499986675,91,0.5927390484295946,0.7667060415145245,success,
DTLZ4_m3_e500_s410,DTLZ4,NSGAII,dvl_framework,3,10,500,410,47,0.031237440000040806,91,0.8535713785083865,0.45802603424609883,success,
DTLZ4_m3_e500_s410,DTLZ4,NSGAII,pure_moea,3,10,500,410,48,0.14052629899993008,91,0.6577897166793498,0.7193860923828388,success,
DTLZ4_m3_e500_s410,DTLZ4,NSGAII,dvl_framework,3,10,500,410,48,0.030432582000003094,91,0.8600358581700446,0.4144069115008505,success,
DTLZ4_m3_e500_s410,DTLZ4,NSGAII,pure_moea,3,10,500,410,49,0.13907188900020628,91,0.6146424874086438,0.7523841348988639,success,
DTLZ4_m3_e500_s410,DTLZ4,NSGAII,dvl_framework,3,10,500,410,49,0.030020769999964614,91,0.7749863610215151,0.6336800318759069,success,
DTLZ4_m3_e500_s410,DTLZ4,NSGAII,pure_moea,3,10,500,410,50,0.14077871199992842,91,0.6183223221715898,0.6771674591403498,success,
DTLZ4_m3_e500_s410,DTLZ4,NSGAII,dvl_framework,3,10,500,410,50,0.030117611999912697,91,0.825929659585124,0.48613851703503347,success,
DTLZ4_m3_e500_s410,DTLZ4,NSGAII,pure_moea,3,10,500,410,51,0.13743029900001602,91,0.5611966471699453,0.8213765268433475,success,
DTLZ4_m3_e500_s410,DTLZ4,NSGAII,dvl_framework,3,10,500,410,51,0.03002147999995941,91,0.8396247383899468,0.5110257714757716,success,
DTLZ4_m3_e500_s410,DTLZ4,NSGAII,pure_moea,3,10,500,410,52,0.13947731899997962,91,0.7066171815509003,0.6794555638007898,success,
DTLZ4_m3_e500_s410,DTLZ4,NSGAII,dvl_framework,3,10,500,410,52,0.030471125000076427,91,0.8654913265159342,0.4362651734644053,success,
DTLZ4_m3_e500_s410,DTLZ4,NSGAII,pure_moea,3,10,500,410,53,0.1388910399998622,91,0.624182708046971,0.7066599076920816,success,
DTLZ4_m3_e500_s410,DTLZ4,NSGAII,dvl_framework,3,10,500,410,53,0.030860011999948256,91,0.8407569013428036,0.5238985907437688,success,
DTLZ4_m3_e500_s410,DTLZ4,NSGAII,pure_moea,3,10,500,410,54,0.13606085100013843,91,0.5431613467960521,0.8381047265013831,success,
DTLZ4_m3_e500_s410,DTLZ4,NSGAII,dvl_framework,3,10,500,410,54,0.03018118299996786,91,0.8351625807730858,0.5030918452607654,success,
DTLZ4_m3_e500_s410,DTLZ4,NSGAII,pure_moea,3,10,500,410,55,0.14144050199979574,91,0.7061279746858142,0.6501542718631934,success,
DTLZ4_m3_e500_s410,DTLZ4,NSGAII,dvl_framework,3,10,500,410,55,0.029957601000205614,91,0.8412806013614532,0.5097920172118855,success,
DTLZ4_m3_e500_s410,DTLZ4,NSGAII,pure_moea,3,10,500,410,56,0.13860570299993924,91,0.6183470287163011,0.7371391633326018,success,
DTLZ4_m3_e500_s410,DTLZ4,NSGAII,dvl_framework,3,10,500,410,56,0.030076075999886598,91,0.8537186094389482,0.4962744839278925,success,
DTLZ4_m3_e500_s410,DTLZ4,NSGAII,pure_moea,3,10,500,410,57,0.14182624499994745,91,0.6297361309677042,0.7411149061916052,success,
DTLZ4_m3_e500_s410,DTLZ4,NSGAII,dvl_framework,3,10,500,410,57,0.03007581399992887,91,0.8367477237082614,0.48497895400595153,success,
DTLZ4_m3_e500_s410,DTLZ4,NSGAII,pure_moea,3,10,500,410,58,0.14085583400014912,91,0.5911451135058358,0.7995210613134386,success,
DTLZ4_m3_e500_s410,DTLZ4,NSGAII,dvl_framework,3,10,500,410,58,0.029850721000002522,91,0.8287268286578418,0.5405049033568876,success,
DTLZ4_m3_e500_s410,DTLZ4,NSGAII,pure_moea,3,10,500,410,59,0.13778834100003223,91,0.6400083465761662,0.7396085374176459,success,
DTLZ4_m3_e500_s410,DTLZ4,NSGAII,dvl_framework,3,10,500,410,59,0.029799758000081056,91,0.859983320708598,0.4432362785570407,success,
DTLZ4_m3_e500_s410,DTLZ4,NSGAII,pure_moea,3,10,500,410,60,0.13808809399984057,91,0.6142021113755187,0.7715947344698412,success,
DTLZ4_m3_e500_s410,DTLZ4,NSGAII,dvl_framework,3,10,500,410,60,0.029890256000044246,91,0.8500830029718869,0.4445452627559706,success,
DTLZ4_m3_e500_s410,DTLZ4,NSGAII,pure_moea,3,10,500,410,61,0.14201638200006528,91,0.5907208588686759,0.7872770737994158,success,
DTLZ4_m3_e500_s410,DTLZ4,NSGAII,dvl_framework,3,10,500,410,61,0.02993098199999622,91,0.811893637093755,0.5617486949256529,success,
DTLZ4_m3_e500_s410,DTLZ4,NSGAIII,pure_moea,3,10,500,410,42,0.22181050399990454,76,0.7850669024716279,0.5195384403067747,success,
DTLZ4_m3_e500_s410,DTLZ4,NSGAIII,dvl_framework,3,10,500,410,42,0.030050897999899462,91,0.8278080631415122,0.5190139581544969,success,
DTLZ4_m3_e500_s410,DTLZ4,NSGAIII,pure_moea,3,10,500,410,43,0.2030030450000595,91,0.816634905844053,0.5000831237238581,success,
DTLZ4_m3_e500_s410,DTLZ4,NSGAIII,dvl_framework,3,10,500,410,43,0.03056814799992935,91,0.8760121939268332,0.3533763157460883,success,
DTLZ4_m3_e500_s410,DTLZ4,NSGAIII,pure_moea,3,10,500,410,44,0.24456162899991796,79,0.6470718394355979,0.6770919950234351,success,
DTLZ4_m3_e500_s410,DTLZ4,NSGAIII,dvl_framework,3,10,500,410,44,0.02989215000002332,91,0.8432817064236716,0.49248048288729496,success,
DTLZ4_m3_e500_s410,DTLZ4,NSGAIII,pure_moea,3,10,500,410,45,0.23335657500001616,84,0.7956937699395443,0.485261190594917,success,
DTLZ4_m3_e500_s410,DTLZ4,NSGAIII,dvl_framework,3,10,500,410,45,0.02991412300002594,91,0.8481717634553159,0.44343762465250874,success,
DTLZ4_m3_e500_s410,DTLZ4,NSGAIII,pure_moea,3,10,500,410,46,0.21424317900005008,78,0.8147460286844087,0.45063185563279945,success,
DTLZ4_m3_e500_s410,DTLZ4,NSGAIII,dvl_framework,3,10,500,410,46,0.030062348999990718,91,0.842094282430143,0.4636616342081824,success,
DTLZ4_m3_e500_s410,DTLZ4,NSGAIII,pure_moea,3,10,500,410,47,0.22588551699982418,69,0.8126238435970785,0.5078058355584367,success,
DTLZ4_m3_e500_s410,DTLZ4,NSGAIII,dvl_framework,3,10,500,410,47,0.029936586000076204,91,0.8535713785083865,0.45802603424609883,success,
DTLZ4_m3_e500_s410,DTLZ4,NSGAIII,pure_moea,3,10,500,410,48,0.23139578300015273,89,0.7893015186202691,0.5180003678449542,success,
DTLZ4_m3_e500_s410,DTLZ4,NSGAIII,dvl_framework,3,10,500,410,48,0.029971768999985215,91,0.8600358581700446,0.4144069115008505,success,
DTLZ4_m3_e500_s410,DTLZ4,NSGAIII,pure_moea,3,10,500,410,49,0.2203795479999826,78,0.827950308877164,0.47109326186640327,success,
DTLZ4_m3_e500_s410,DTLZ4,NSGAIII,dvl_framework,3,10,500,410,49,0.02991667400010556,91,0.7749863610215151,0.6336800318759069,success,
DTLZ4_m3_e500_s410,DTLZ4,NSGAIII,pure_moea,3,10,500,410,50,0.23756065199995646,82,0.7599199347902102,0.5150315921802398,success,
DTLZ4_m3_e500_s410,DTLZ4,NSGAIII,dvl_framework,3,10,500,410,50,0.03081155200015928,91,0.825929659585124,0.48613851703503347,success,
DTLZ4_m3_e500_s410,DTLZ4,NSGAIII,pure_moea,3,10,500,410,51,0.22912414200004605,85,0.7700811595990973,0.5409884668165598,success,
DTLZ4_m3_e500_s410,DTLZ4,NSGAIII,dvl_framework,3,10,500,410,51,0.029907159000003958,91,0.8396247383899468,0.5110257714757716,success,
DTLZ4_m3_e500_s410,DTLZ4,NSGAIII,pure_moea,3,10,500,410,52,0.22995690600009766,81,0.7972471999135544,0.5161313556558574,success,
DTLZ4_m3_e500_s410,DTLZ4,NSGAIII,dvl_framework,3,10,500,410,52,0.030144513000095685,91,0.8654913265159342,0.4362651734644053,success,
DTLZ4_m3_e500_s410,DTLZ4,NSGAIII,pure_moea,3,10,500,410,53,0.23017697399995996,81,0.7703455426073806,0.5104743409598415,success,
DTLZ4_m3_e500_s410,DTLZ4,NSGAIII,dvl_framework,3,10,500,410,53,0.030454855000016323,91,0.8407569013428036,0.5238985907437688,success,
DTLZ4_m3_e500_s410,DTLZ4,NSGAIII,pure_moea,3,10,500,410,54,0.24366183799997998,90,0.6937045874617498,0.6404023963836948,success,
DTLZ4_m3_e500_s410,DTLZ4,NSGAIII,dvl_framework,3,10,500,410,54,0.030073187999960282,91,0.8351625807730858,0.5030918452607654,success,
DTLZ4_m3_e500_s410,DTLZ4,NSGAIII,pure_moea,3,10,500,410,55,0.23114851799982716,87,0.7665339741233719,0.5095050823656831,success,
DTLZ4_m3_e500_s410,DTLZ4,NSGAIII,dvl_framework,3,10,500,410,55,0.030219715999919572,91,0.8412806013614532,0.5097920172118855,success,
DTLZ4_m3_e500_s410,DTLZ4,NSGAIII,pure_moea,3,10,500,410,56,0.2339705239999148,72,0.7596738174306208,0.5519333453602476,success,
DTLZ4_m3_e500_s410,DTLZ4,NSGAIII,dvl_framework,3,10,500,410,56,0.0302881720001551,91,0.8537186094389482,0.4962744839278925,success,
DTLZ4_m3_e500_s410,DTLZ4,NSGAIII,pure_moea,3,10,500,410,57,0.21258346600006917,91,0.7797842794567179,0.5606925057900267,success,
DTLZ4_m3_e500_s410,DTLZ4,NSGAIII,dvl_framework,3,10,500,410,57,0.030128869999998642,91,0.8367477237082614,0.48497895400595153,success,
DTLZ4_m3_e500_s410,DTLZ4,NSGAIII,pure_moea,3,10,500,410,58,0.22840908100010893,84,0.7399960868557545,0.5632195805482495,success,
DTLZ4_m3_e500_s410,DTLZ4,NSGAIII,dvl_framework,3,10,500,410,58,0.030584449999878416,91,0.8287268286578418,0.5405049033568876,success,
DTLZ4_m3_e500_s410,DTLZ4,NSGAIII,pure_moea,3,10,500,410,59,0.22310580299995308,88,0.7824658631457795,0.5778605712864082,success,
DTLZ4_m3_e500_s410,DTLZ4,NSGAIII,dvl_framework,3,10,500,410,59,0.031016506000014488,91,0.859983320708598,0.4432362785570407,success,
DTLZ4_m3_e500_s410,DTLZ4,NSGAIII,pure_moea,3,10,500,410,60,0.20482712900002298,91,0.7752895107080783,0.5271399958115935,success,
DTLZ4_m3_e500_s410,DTLZ4,NSGAIII,dvl_framework,3,10,500,410,60,0.030030909000061,91,0.8500830029718869,0.4445452627559706,success,
DTLZ4_m3_e500_s410,DTLZ4,NSGAIII,pure_moea,3,10,500,410,61,0.22582043800002793,71,0.7856930445402086,0.5884048214569879,success,
DTLZ4_m3_e500_s410,DTLZ4,NSGAIII,dvl_framework,3,10,500,410,61,0.029970886999990398,91,0.811893637093755,0.5617486949256529,success,
DTLZ4_m3_e1000_s410,DTLZ4,MOEAD,pure_moea,3,10,1000,410,42,0.1246582120002131,25,0.8276635091312312,0.3939766377131526,success,
DTLZ4_m3_e1000_s410,DTLZ4,MOEAD,dvl_framework,3,10,1000,410,42,0.09873586100002285,20,0.849655829369355,0.39246095392399655,success,
DTLZ4_m3_e1000_s410,DTLZ4,MOEAD,pure_moea,3,10,1000,410,43,0.127763042999959,25,0.7076699918859538,0.6148511049342665,success,
DTLZ4_m3_e1000_s410,DTLZ4,MOEAD,dvl_framework,3,10,1000,410,43,0.09503319600003124,13,0.88912272407106,0.382122313309016,success,
DTLZ4_m3_e1000_s410,DTLZ4,MOEAD,pure_moea,3,10,1000,410,44,0.1291889579999861,14,0.8322008164591962,0.44578643274554014,success,
DTLZ4_m3_e1000_s410,DTLZ4,MOEAD,dvl_framework,3,10,1000,410,44,0.09576611000011326,15,0.869745611239629,0.4579475580246159,success,
DTLZ4_m3_e1000_s410,DTLZ4,MOEAD,pure_moea,3,10,1000,410,45,0.1240686830001323,25,0.786134780644255,0.4666592039316539,success,
DTLZ4_m3_e1000_s410,DTLZ4,MOEAD,dvl_framework,3,10,1000,410,45,0.09522522400015987,11,0.8568320524349777,0.4712805046791339,success,
DTLZ4_m3_e1000_s410,DTLZ4,MOEAD,pure_moea,3,10,1000,410,46,0.1286285589999352,18,0.8173910450458297,0.46205644702363957,success,
DTLZ4_m3_e1000_s410,DTLZ4,MOEAD,dvl_framework,3,10,1000,410,46,0.09773547300005703,24,0.8816683113363678,0.4014711502411955,success,
DTLZ4_m3_e1000_s410,DTLZ4,MOEAD,pure_moea,3,10,1000,410,47,0.13416004999999132,15,0.7691453197334177,0.5165436931486334,success,
DTLZ4_m3_e1000_s410,DTLZ4,MOEAD,dvl_framework,3,10,1000,410,47,0.09838659500019276,10,0.8646639492714652,0.42925263011109127,success,
DTLZ4_m3_e1000_s410,DTLZ4,MOEAD,pure_moea,3,10,1000,410,48,0.12555661400006102,25,0.8222688293886062,0.38220792458345865,success,
DTLZ4_m3_e1000_s410,DTLZ4,MOEAD,dvl_framework,3,10,1000,410,48,0.09652695499994479,21,0.863485091229375,0.3807661405277981,success,
DTLZ4_m3_e1000_s410,DTLZ4,MOEAD,pure_moea,3,10,1000,410,49,0.12801698299995223,20,0.7842263633512924,0.5004704166453942,success,
DTLZ4_m3_e1000_s410,DTLZ4,MOEAD,dvl_framework,3,10,1000,410,49,0.13339133399995262,17,0.8229628694908189,0.447744257443526,success,
DTLZ4_m3_e1000_s410,DTLZ4,MOEAD,pure_moea,3,10,1000,410,50,0.12831685499986634,28,0.7921970308219819,0.41150517948648757,success,
DTLZ4_m3_e1000_s410,DTLZ4,MOEAD,dvl_framework,3,10,1000,410,50,0.09558833500000219,20,0.8557989702727424,0.4129465851524278,success,
DTLZ4_m3_e1000_s410,DTLZ4,MOEAD,pure_moea,3,10,1000,410,51,0.12888538000015615,26,0.8108665946339374,0.4285511588467492,success,
DTLZ4_m3_e1000_s410,DTLZ4,MOEAD,dvl_framework,3,10,1000,410,51,0.09618020699986118,23,0.8697619693388383,0.373779793326962,success,
DTLZ4_m3_e1000_s410,DTLZ4,MOEAD,pure_moea,3,10,1000,410,52,0.12668970400000035,16,0.8056752005526255,0.5011535921666476,success,
DTLZ4_m3_e1000_s410,DTLZ4,MOEAD,dvl_framework,3,10,1000,410,52,0.09366146299998945,27,0.8914845504697859,0.32536894664248595,success,
DTLZ4_m3_e1000_s410,DTLZ4,MOEAD,pure_moea,3,10,1000,410,53,0.1279470609999862,28,0.7768665975282969,0.48336261028885663,success,
DTLZ4_m3_e1000_s410,DTLZ4,MOEAD,dvl_framework,3,10,1000,410,53,0.09393845099998543,34,0.9035718683774727,0.2963991255232323,success,
DTLZ4_m3_e1000_s410,DTLZ4,MOEAD,pure_moea,3,10,1000,410,54,0.12344255299990436,37,0.7571648499832305,0.48889287941253645,success,
DTLZ4_m3_e1000_s410,DTLZ4,MOEAD,dvl_framework,3,10,1000,410,54,0.09477274699997906,22,0.8459319704735282,0.43808097412331864,success,
DTLZ4_m3_e1000_s410,DTLZ4,MOEAD,pure_moea,3,10,1000,410,55,0.1261911929998405,22,0.8197679921111208,0.4125510416305222,success,
DTLZ4_m3_e1000_s410,DTLZ4,MOEAD,dvl_framework,3,10,1000,410,55,0.09647447900010775,19,0.876776246175976,0.37535070973714335,success,
DTLZ4_m3_e1000_s410,DTLZ4,MOEAD,pure_moea,3,10,1000,410,56,0.12637607199985723,26,0.8085604117801011,0.43422404552253996,success,
DTLZ4_m3_e1000_s410,DTLZ4,MOEAD,dvl_framework,3,10,1000,410,56,0.09634834200005571,9,0.8715434919778059,0.4890196511212613,success,
DTLZ4_m3_e1000_s410,DTLZ4,MOEAD,pure_moea,3,10,1000,410,57,0.12257081899997502,35,0.8349930656514928,0.4346355558126323,success,
DTLZ4_m3_e1000_s410,DTLZ4,MOEAD,dvl_framework,3,10,1000,410,57,0.09614985899997919,9,0.8687388380262806,0.48069986195519315,success,
DTLZ4_m3_e1000_s410,DTLZ4,MOEAD,pure_moea,3,10,1000,410,58,0.11987909599997693,34,0.8699035107089116,0.2746497587744752,success,
DTLZ4_m3_e1000_s410,DTLZ4,MOEAD,dvl_framework,3,10,1000,410,58,0.0948728650000703,13,0.8681740735636838,0.4217050549827234,success,
DTLZ4_m3_e1000_s410,DTLZ4,MOEAD,pure_moea,3,10,1000,410,59,0.12789427699999578,18,0.8465441504653701,0.43285453207061864,success,
DTLZ4_m3_e1000_s410,DTLZ4,MOEAD,dvl_framework,3,10,1000,410,59,0.09683284800007641,15,0.8873608958148297,0.30494409947352413,success,
DTLZ4_m3_e1000_s410,DTLZ4,MOEAD,pure_moea,3,10,1000,410,60,0.13267225100003088,20,0.7121871294857001,0.5917859227009207,success,
DTLZ4_m3_e1000_s410,DTLZ4,MOEAD,dvl_framework,3,10,1000,410,60,0.09421137499998622,12,0.8779341067341664,0.3683644119017228,success,
DTLZ4_m3_e1000_s410,DTLZ4,MOEAD,pure_moea,3,10,1000,410,61,0.1298109110000496,22,0.8186988974790882,0.510187695081407,success,
DTLZ4_m3_e1000_s410,DTLZ4,MOEAD,dvl_framework,3,10,1000,410,61,0.09397661399998469,15,0.8891842488788788,0.38022823968790376,success,
DTLZ4_m3_e1000_s410,DTLZ4,NSGAII,pure_moea,3,10,1000,410,42,0.3271669089999705,91,0.7183165807555564,0.5746067934776214,success,
DTLZ4_m3_e1000_s410,DTLZ4,NSGAII,dvl_framework,3,10,1000,410,42,0.18777317800004312,91,0.866388132318116,0.39094680065239784,success,
DTLZ4_m3_e1000_s410,DTLZ4,NSGAII,pure_moea,3,10,1000,410,43,0.29571413600024243,91,0.7546904203225814,0.5191568108174552,success,
DTLZ4_m3_e1000_s410,DTLZ4,NSGAII,dvl_framework,3,10,1000,410,43,0.18854381399978593,91,0.883457484698706,0.31153376646261655,success,
DTLZ4_m3_e1000_s410,DTLZ4,NSGAII,pure_moea,3,10,1000,410,44,0.28980886099998315,91,0.6647621869851542,0.6899613515369247,success,
DTLZ4_m3_e1000_s410,DTLZ4,NSGAII,dvl_framework,3,10,1000,410,44,0.18794990000014877,91,0.8448593961362317,0.4669370356991449,success,
DTLZ4_m3_e1000_s410,DTLZ4,NSGAII,pure_moea,3,10,1000,410,45,0.2911609929997212,91,0.6739749800546432,0.6867507774045513,success,
DTLZ4_m3_e1000_s410,DTLZ4,NSGAII,dvl_framework,3,10,1000,410,45,0.19249681800010876,91,0.8564540657318173,0.3647049675957788,success,
DTLZ4_m3_e1000_s410,DTLZ4,NSGAII,pure_moea,3,10,1000,410,46,0.29146523999997953,91,0.6818157067060556,0.6592836084138707,success,
DTLZ4_m3_e1000_s410,DTLZ4,NSGAII,dvl_framework,3,10,1000,410,46,0.19106708799972694,91,0.8473315890387253,0.4338035826197173,success,
DTLZ4_m3_e1000_s410,DTLZ4,NSGAII,pure_moea,3,10,1000,410,47,0.2834150200001204,91,0.67281956928824,0.6841430879319853,success,
DTLZ4_m3_e1000_s410,DTLZ4,NSGAII,dvl_framework,3,10,1000,410,47,0.18902485899980093,91,0.8722421731755229,0.4082966374396213,success,
DTLZ4_m3_e1000_s410,DTLZ4,NSGAII,pure_moea,3,10,1000,410,48,0.2911984749998737,91,0.7184274552340562,0.6204496448867038,success,
DTLZ4_m3_e1000_s410,DTLZ4,NSGAII,dvl_framework,3,10,1000,410,48,0.1895718969999507,91,0.872926977947595,0.3539456065056404,success,
DTLZ4_m3_e1000_s410,DTLZ4,NSGAII,pure_moea,3,10,1000,410,49,0.28862806799998,91,0.7050755406254223,0.6126864408741547,success,
DTLZ4_m3_e1000_s410,DTLZ4,NSGAII,dvl_framework,3,10,1000,410,49,0.19098523399998157,91,0.7790337084932536,0.5600698995545919,success,
DTLZ4_m3_e1000_s410,DTLZ4,NSGAII,pure_moea,3,10,1000,410,50,0.295250254000166,91,0.697275894819251,0.5853094733914078,success,
DTLZ4_m3_e1000_s410,DTLZ4,NSGAII,dvl_framework,3,10,1000,410,50,0.1939043889997265,91,0.8737670197621663,0.3689085356761347,success,
DTLZ4_m3_e1000_s410,DTLZ4,NSGAII,pure_moea,3,10,1000,410,51,0.2929879369999071,91,0.6447143467647483,0.6916955130194096,success,
DTLZ4_m3_e1000_s410,DTLZ4,NSGAII,dvl_framework,3,10,1000,410,51,0.18915619400013384,91,0.8520948818969619,0.4343801721295459,success,
DTLZ4_m3_e1000_s410,DTLZ4,NSGAII,pure_moea,3,10,1000,410,52,0.29229934400018465,91,0.721151309795616,0.6401558228044837,success,
DTLZ4_m3_e1000_s410,DTLZ4,NSGAII,dvl_framework,3,10,1000,410,52,0.19007797300037055,91,0.8810871096156838,0.3278026294569533,success,
DTLZ4_m3_e1000_s410,DTLZ4,NSGAII,pure_moea,3,10,1000,410,53,0.2939005060002273,91,0.735241512649697,0.5634541982221352,success,
DTLZ4_m3_e1000_s410,DTLZ4,NSGAII,dvl_framework,3,10,1000,410,53,0.18967026600012105,91,0.8485810992099503,0.44999944656862806,success,
DTLZ4_m3_e1000_s410,DTLZ4,NSGAII,pure_moea,3,10,1000,410,54,0.28997901799993997,91,0.6794494999647829,0.678480955843961,success,
DTLZ4_m3_e1000_s410,DTLZ4,NSGAII,dvl_framework,3,10,1000,410,54,0.18825290599988875,91,0.8527818303992494,0.43013499484711953,success,
DTLZ4_m3_e1000_s410,DTLZ4,NSGAII,pure_moea,3,10,1000,410,55,0.29270463300008487,91,0.7272977491727703,0.627647505618854,success,
DTLZ4_m3_e1000_s410,DTLZ4,NSGAII,dvl_framework,3,10,1000,410,55,0.19035194600019167,91,0.8439998166951355,0.4406880623823892,success,
DTLZ4_m3_e1000_s410,DTLZ4,NSGAII,pure_moea,3,10,1000,410,56,0.2913933489999181,91,0.6866210078246153,0.6587232494742866,success,
DTLZ4_m3_e1000_s410,DTLZ4,NSGAII,dvl_framework,3,10,1000,410,56,0.19108117299992955,91,0.8597815490993964,0.42488164718579413,success,
DTLZ4_m3_e1000_s410,DTLZ4,NSGAII,pure_moea,3,10,1000,410,57,0.29385613299973556,91,0.6637977722759777,0.6567728248068393,success,
DTLZ4_m3_e1000_s410,DTLZ4,NSGAII,dvl_framework,3,10,1000,410,57,0.19249498599992876,91,0.8607679855287234,0.4282474680831399,success,
DTLZ4_m3_e1000_s410,DTLZ4,NSGAII,pure_moea,3,10,1000,410,58,0.2991198620002251,91,0.6743582350012691,0.6657931285884678,success,
DTLZ4_m3_e1000_s410,DTLZ4,NSGAII,dvl_framework,3,10,1000,410,58,0.19136484399996334,91,0.8581942490334761,0.4198477269251309,success,
DTLZ4_m3_e1000_s410,DTLZ4,NSGAII,pure_moea,3,10,1000,410,59,0.298077435000323,91,0.717857263013902,0.6194288433118749,success,
DTLZ4_m3_e1000_s410,DTLZ4,NSGAII,dvl_framework,3,10,1000,410,59,0.19189717500012193,91,0.872871700518867,0.3968844308952878,success,
DTLZ4_m3_e1000_s410,DTLZ4,NSGAII,pure_moea,3,10,1000,410,60,0.3322713869997642,91,0.730458253509336,0.5921249065157846,success,
DTLZ4_m3_e1000_s410,DTLZ4,NSGAII,dvl_framework,3,10,1000,410,60,0.19023670900014622,91,0.8866149192067595,0.32695820529612635,success,
DTLZ4_m3_e1000_s410,DTLZ4,NSGAII,pure_moea,3,10,1000,410,61,0.2929597279999143,91,0.6778954054369026,0.6665065769297438,success,
DTLZ4_m3_e1000_s410,DTLZ4,NSGAII,dvl_framework,3,10,1000,410,61,0.18990004800025417,91,0.8559962493833666,0.38330893974671537,success,
DTLZ4_m3_e1000_s410,DTLZ4,NSGAIII,pure_moea,3,10,1000,410,42,0.4491839259999324,91,0.8129394938364012,0.4388101304509017,success,
DTLZ4_m3_e1000_s410,DTLZ4,NSGAIII,dvl_framework,3,10,1000,410,42,0.295960450000166,88,0.8685481848284756,0.38588721246565916,success,
DTLZ4_m3_e1000_s410,DTLZ4,NSGAIII,pure_moea,3,10,1000,410,43,0.4658055580002838,86,0.8280418919485207,0.42473897319529547,success,
DTLZ4_m3_e1000_s410,DTLZ4,NSGAIII,dvl_framework,3,10,1000,410,43,0.2931219480001346,86,0.8869430320163555,0.3234668398566683,success,
DTLZ4_m3_e1000_s410,DTLZ4,NSGAIII,pure_moea,3,10,1000,410,44,0.4876281530000597,80,0.7868143806605854,0.4490168429733318,success,
DTLZ4_m3_e1000_s410,DTLZ4,NSGAIII,dvl_framework,3,10,1000,410,44,0.28582566399973075,85,0.856017477293971,0.3889396697356634,success,
DTLZ4_m3_e1000_s410,DTLZ4,NSGAIII,pure_moea,3,10,1000,410,45,0.43199770999990506,91,0.8198887963123238,0.42004995692388625,success,
DTLZ4_m3_e1000_s410,DTLZ4,NSGAIII,dvl_framework,3,10,1000,410,45,0.31056370299984337,89,0.8608527697436403,0.32828129311163934,success,
DTLZ4_m3_e1000_s410,DTLZ4,NSGAIII,pure_moea,3,10,1000,410,46,0.4471636819998821,78,0.8193731435840467,0.42781441737565173,success,
DTLZ4_m3_e1000_s410,DTLZ4,NSGAIII,dvl_framework,3,10,1000,410,46,0.28798944299978757,80,0.8705248301558306,0.40331915374516153,success,
DTLZ4_m3_e1000_s410,DTLZ4,NSGAIII,pure_moea,3,10,1000,410,47,0.4525298409998868,82,0.8281074845901331,0.41863006795727337,success,
DTLZ4_m3_e1000_s410,DTLZ4,NSGAIII,dvl_framework,3,10,1000,410,47,0.29696009400004186,90,0.8614793106443721,0.41372358369683687,success,
DTLZ4_m3_e1000_s410,DTLZ4,NSGAIII,pure_moea,3,10,1000,410,48,0.46826891899991097,82,0.8042587115586967,0.44500994489567747,success,
DTLZ4_m3_e1000_s410,DTLZ4,NSGAIII,dvl_framework,3,10,1000,410,48,0.3032259689998682,89,0.8875882587218753,0.27684443391913394,success,
DTLZ4_m3_e1000_s410,DTLZ4,NSGAIII,pure_moea,3,10,1000,410,49,0.5104881970000861,83,0.8370136044102657,0.4401212549812847,success,
DTLZ4_m3_e1000_s410,DTLZ4,NSGAIII,dvl_framework,3,10,1000,410,49,0.28959456699976727,91,0.8334488443199493,0.41199661139215144,success,
DTLZ4_m3_e1000_s410,DTLZ4,NSGAIII,pure_moea,3,10,1000,410,50,0.4865117879999161,83,0.778790182339437,0.47400480609756107,success,
DTLZ4_m3_e1000_s410,DTLZ4,NSGAIII,dvl_framework,3,10,1000,410,50,0.31106165299979693,87,0.8664681991497807,0.35357131483173954,success,
DTLZ4_m3_e1000_s410,DTLZ4,NSGAIII,pure_moea,3,10,1000,410,51,0.47961083100017277,83,0.8052405602728504,0.39761998597060405,success,
DTLZ4_m3_e1000_s410,DTLZ4,NSGAIII,dvl_framework,3,10,1000,410,51,0.29796107799984384,86,0.8621475713242504,0.3949610793600641,success,
DTLZ4_m3_e1000_s410,DTLZ4,NSGAIII,pure_moea,3,10,1000,410,52,0.46419359799983795,84,0.8017855863013473,0.4887662509526029,success,
DTLZ4_m3_e1000_s410,DTLZ4,NSGAIII,dvl_framework,3,10,1000,410,52,0.2966345959998762,85,0.8778571443090943,0.3717763579926253,success,
DTLZ4_m3_e1000_s410,DTLZ4,NSGAIII,pure_moea,3,10,1000,410,53,0.490182941999592,82,0.800256754497284,0.4605394060871617,success,
DTLZ4_m3_e1000_s410,DTLZ4,NSGAIII,dvl_framework,3,10,1000,410,53,0.2847713070000282,85,0.8492284349983956,0.4069048888681548,success,
DTLZ4_m3_e1000_s410,DTLZ4,NSGAIII,pure_moea,3,10,1000,410,54,0.472255719000259,88,0.7890865591817304,0.4922822650347174,success,
DTLZ4_m3_e1000_s410,DTLZ4,NSGAIII,dvl_framework,3,10,1000,410,54,0.27559707700038416,91,0.8715828724734986,0.33419263329607735,success,
DTLZ4_m3_e1000_s410,DTLZ4,NSGAIII,pure_moea,3,10,1000,410,55,0.46874087199967107,76,0.8303359005884117,0.32899171942321226,success,
DTLZ4_m3_e1000_s410,DTLZ4,NSGAIII,dvl_framework,3,10,1000,410,55,0.3051966769999126,75,0.8663312932840919,0.39607714660292703,success,
DTLZ4_m3_e1000_s410,DTLZ4,NSGAIII,pure_moea,3,10,1000,410,56,0.4837783490002039,90,0.7852366749555464,0.4898079114917923,success,
DTLZ4_m3_e1000_s410,DTLZ4,NSGAIII,dvl_framework,3,10,1000,410,56,0.2947170020001977,83,0.8804518313789049,0.30338824590089813,success,
DTLZ4_m3_e1000_s410,DTLZ4,NSGAIII,pure_moea,3,10,1000,410,57,0.5224475900004109,90,0.8195073053656817,0.4780121400100007,success,
DTLZ4_m3_e1000_s410,DTLZ4,NSGAIII,dvl_framework,3,10,1000,410,57,0.2852285290000509,91,0.854544642261297,0.40114435247127017,success,
DTLZ4_m3_e1000_s410,DTLZ4,NSGAIII,pure_moea,3,10,1000,410,58,0.4649884469999961,85,0.8246756774618346,0.37780005219414176,success,
DTLZ4_m3_e1000_s410,DTLZ4,NSGAIII,dvl_framework,3,10,1000,410,58,0.29154625799992573,91,0.8671215818080807,0.452293290911319,success,
DTLZ4_m3_e1000_s410,DTLZ4,NSGAIII,pure_moea,3,10,1000,410,59,0.4458648719996745,91,0.7868472099061161,0.5188528448585861,success,
DTLZ4_m3_e1000_s410,DTLZ4,NSGAIII,dvl_framework,3,10,1000,410,59,0.3133037890002015,85,0.8767216218489855,0.3885132771077742,success,
DTLZ4_m3_e1000_s410,DTLZ4,NSGAIII,pure_moea,3,10,1000,410,60,0.47292199000003166,88,0.7764657501137406,0.4963406000153445,success,
DTLZ4_m3_e1000_s410,DTLZ4,NSGAIII,dvl_framework,3,10,1000,410,60,0.2941213199997037,91,0.8736390381892779,0.41605755060321725,success,
DTLZ4_m3_e1000_s410,DTLZ4,NSGAIII,pure_moea,3,10,1000,410,61,0.5138812479999615,86,0.7893879402157808,0.5021429763052943,success,
DTLZ4_m3_e1000_s410,DTLZ4,NSGAIII,dvl_framework,3,10,1000,410,61,0.29505568700005824,80,0.8687812040283072,0.3693968352567853,success,
DTLZ4_m3_e1500_s410,DTLZ4,MOEAD,pure_moea,3,10,1500,410,42,0.1864899110000806,27,0.8593895442479349,0.2945750161849612,success,
DTLZ4_m3_e1500_s410,DTLZ4,MOEAD,dvl_framework,3,10,1500,410,42,0.16348066000000472,18,0.88279971014233,0.30122940800418474,success,
DTLZ4_m3_e1500_s410,DTLZ4,MOEAD,pure_moea,3,10,1500,410,43,0.18850653400022566,25,0.7401321957939305,0.557418307211631,success,
DTLZ4_m3_e1500_s410,DTLZ4,MOEAD,dvl_framework,3,10,1500,410,43,0.15930686299998342,19,0.8952360807152576,0.35433668355152137,success,
DTLZ4_m3_e1500_s410,DTLZ4,MOEAD,pure_moea,3,10,1500,410,44,0.19171821000009004,20,0.8582195754961914,0.36785662037562894,success,
DTLZ4_m3_e1500_s410,DTLZ4,MOEAD,dvl_framework,3,10,1500,410,44,0.15975340399972993,28,0.8917507313848572,0.3459345479296921,success,
DTLZ4_m3_e1500_s410,DTLZ4,MOEAD,pure_moea,3,10,1500,410,45,0.1840187450002304,29,0.8452660774999534,0.3267721427888763,success,
DTLZ4_m3_e1500_s410,DTLZ4,MOEAD,dvl_framework,3,10,1500,410,45,0.15472367600023063,42,0.9075486555330536,0.23744473150349168,success,
DTLZ4_m3_e1500_s410,DTLZ4,MOEAD,pure_moea,3,10,1500,410,46,0.18879003499978353,29,0.8482589514128962,0.33411777768441864,success,
DTLZ4_m3_e1500_s410,DTLZ4,MOEAD,dvl_framework,3,10,1500,410,46,0.16023889100006272,32,0.9044800319122601,0.24473700409371849,success,
DTLZ4_m3_e1500_s410,DTLZ4,MOEAD,pure_moea,3,10,1500,410,47,0.19039009699963572,27,0.8303803407238259,0.35754575295111396,success,
DTLZ4_m3_e1500_s410,DTLZ4,MOEAD,dvl_framework,3,10,1500,410,47,0.15891867499976797,11,0.8720879783947859,0.42315914531472515,success,
DTLZ4_m3_e1500_s410,DTLZ4,MOEAD,pure_moea,3,10,1500,410,48,0.194239497000126,38,0.847228102031008,0.3531462102796892,success,
DTLZ4_m3_e1500_s410,DTLZ4,MOEAD,dvl_framework,3,10,1500,410,48,0.1608521930002098,22,0.8989319552787902,0.29307634111513536,success,
DTLZ4_m3_e1500_s410,DTLZ4,MOEAD,pure_moea,3,10,1500,410,49,0.19106824799973765,28,0.8407753922746628,0.34115492303118394,success,
DTLZ4_m3_e1500_s410,DTLZ4,MOEAD,dvl_framework,3,10,1500,410,49,0.1588170239997453,31,0.8677191224455945,0.31865612605166915,success,
DTLZ4_m3_e1500_s410,DTLZ4,MOEAD,pure_moea,3,10,1500,410,50,0.19448104299999613,27,0.832853637998496,0.3628578886885966,success,
DTLZ4_m3_e1500_s410,DTLZ4,MOEAD,dvl_framework,3,10,1500,410,50,0.16223420399956012,27,0.8843150303935565,0.2685068074416785,success,
DTLZ4_m3_e1500_s410,DTLZ4,MOEAD,pure_moea,3,10,1500,410,51,0.19048330099985833,40,0.8450996350234435,0.28298524238129197,success,
DTLZ4_m3_e1500_s410,DTLZ4,MOEAD,dvl_framework,3,10,1500,410,51,0.16323044499995376,36,0.8915882537758641,0.29582934499271485,success,
DTLZ4_m3_e1500_s410,DTLZ4,MOEAD,pure_moea,3,10,1500,410,52,0.19378897299975506,27,0.8541802234141779,0.3369963634141936,success,
DTLZ4_m3_e1500_s410,DTLZ4,MOEAD,dvl_framework,3,10,1500,410,52,0.15661583500013876,35,0.9099533373623746,0.24964656165074384,success,
DTLZ4_m3_e1500_s410,DTLZ4,MOEAD,pure_moea,3,10,1500,410,53,0.19199980799976402,26,0.8158154309269711,0.42593787224626517,success,
DTLZ4_m3_e1500_s410,DTLZ4,MOEAD,dvl_framework,3,10,1500,410,53,0.15486432199986666,39,0.9112413989391954,0.2042176837829652,success,
DTLZ4_m3_e1500_s410,DTLZ4,MOEAD,pure_moea,3,10,1500,410,54,0.18665149399976144,30,0.7689108129638595,0.47841063807420553,success,
DTLZ4_m3_e1500_s410,DTLZ4,MOEAD,dvl_framework,3,10,1500,410,54,0.1593287339997005,27,0.88089946244183,0.313517628130047,success,
DTLZ4_m3_e1500_s410,DTLZ4,MOEAD,pure_moea,3,10,1500,410,55,0.1889263100001699,33,0.8495977660072644,0.3644273498523905,success,
DTLZ4_m3_e1500_s410,DTLZ4,MOEAD,dvl_framework,3,10,1500,410,55,0.16454837599985694,31,0.8930244743886696,0.33860025707020996,success,
DTLZ4_m3_e1500_s410,DTLZ4,MOEAD,pure_moea,3,10,1500,410,56,0.1968937960000403,20,0.8377744262191915,0.40037127509219916,success,
DTLZ4_m3_e1500_s410,DTLZ4,MOEAD,dvl_framework,3,10,1500,410,56,0.16156244600006175,14,0.8887773128889498,0.39791695136995053,success,
DTLZ4_m3_e1500_s410,DTLZ4,MOEAD,pure_moea,3,10,1500,410,57,0.1898440129998562,40,0.8606197751895492,0.3605330244395914,success,
DTLZ4_m3_e1500_s410,DTLZ4,MOEAD,dvl_framework,3,10,1500,410,57,0.1607113360000767,21,0.887665000816307,0.30256528399964966,success,
DTLZ4_m3_e1500_s410,DTLZ4,MOEAD,pure_moea,3,10,1500,410,58,0.17735078899977452,42,0.89242436932674,0.18626274632673337,success,
DTLZ4_m3_e1500_s410,DTLZ4,MOEAD,dvl_framework,3,10,1500,410,58,0.1605298579997907,31,0.90294956300163,0.2617765899691824,success,
DTLZ4_m3_e1500_s410,DTLZ4,MOEAD,pure_moea,3,10,1500,410,59,0.19669386099985786,29,0.8660187667946054,0.3026598517067084,success,
DTLZ4_m3_e1500_s410,DTLZ4,MOEAD,dvl_framework,3,10,1500,410,59,0.16377117799993357,36,0.9068616385142307,0.2057451225323465,success,
DTLZ4_m3_e1500_s410,DTLZ4,MOEAD,pure_moea,3,10,1500,410,60,0.19161739800028954,35,0.7761193430160347,0.4861658481474935,success,
DTLZ4_m3_e1500_s410,DTLZ4,MOEAD,dvl_framework,3,10,1500,410,60,0.15364099499993245,25,0.9011874028798967,0.2982883813539476,success,
DTLZ4_m3_e1500_s410,DTLZ4,MOEAD,pure_moea,3,10,1500,410,61,0.19121436100022038,25,0.848663370311447,0.4706158679886958,success,
DTLZ4_m3_e1500_s410,DTLZ4,MOEAD,dvl_framework,3,10,1500,410,61,0.15439539199996943,36,0.907471583792038,0.23484866078491906,success,
DTLZ4_m3_e1500_s410,DTLZ4,NSGAII,pure_moea,3,10,1500,410,42,0.4619783919997644,91,0.7299827860539844,0.5570715834383952,success,
DTLZ4_m3_e1500_s410,DTLZ4,NSGAII,dvl_framework,3,10,1500,410,42,0.3406701599997177,91,0.8698112736929852,0.3544090264011482,success,
DTLZ4_m3_e1500_s410,DTLZ4,NSGAII,pure_moea,3,10,1500,410,43,0.49852505099988775,91,0.7786206217356532,0.48219113708564654,success,
DTLZ4_m3_e1500_s410,DTLZ4,NSGAII,dvl_framework,3,10,1500,410,43,0.3391462499998852,91,0.8880190554935046,0.28640782751426686,success,
DTLZ4_m3_e1500_s410,DTLZ4,NSGAII,pure_moea,3,10,1500,410,44,0.4525213089996214,91,0.7348381041920962,0.5857799064357329,success,
DTLZ4_m3_e1500_s410,DTLZ4,NSGAII,dvl_framework,3,10,1500,410,44,0.3434664189999239,91,0.8577750443054601,0.37841123313579367,success,
DTLZ4_m3_e1500_s410,DTLZ4,NSGAII,pure_moea,3,10,1500,410,45,0.4488486320001357,91,0.7930202522627452,0.5062594409166368,success,
DTLZ4_m3_e1500_s410,DTLZ4,NSGAII,dvl_framework,3,10,1500,410,45,0.34204825400001937,91,0.8630322247612187,0.31732577868147327,success,
DTLZ4_m3_e1500_s410,DTLZ4,NSGAII,pure_moea,3,10,1500,410,46,0.45582917799993083,91,0.7133127374072621,0.5807838467898742,success,
DTLZ4_m3_e1500_s410,DTLZ4,NSGAII,dvl_framework,3,10,1500,410,46,0.33957757100006347,91,0.8764998214974676,0.36478981245364145,success,
DTLZ4_m3_e1500_s410,DTLZ4,NSGAII,pure_moea,3,10,1500,410,47,0.4475313449997884,91,0.7565156261729162,0.6157871704618398,success,
DTLZ4_m3_e1500_s410,DTLZ4,NSGAII,dvl_framework,3,10,1500,410,47,0.3826609340003415,91,0.8756962987185521,0.36228861757007236,success,
DTLZ4_m3_e1500_s410,DTLZ4,NSGAII,pure_moea,3,10,1500,410,48,0.4547665209997831,91,0.7655372759806169,0.5635422008448145,success,
DTLZ4_m3_e1500_s410,DTLZ4,NSGAII,dvl_framework,3,10,1500,410,48,0.341164721000041,91,0.8816810676036083,0.34113298827485344,success,
DTLZ4_m3_e1500_s410,DTLZ4,NSGAII,pure_moea,3,10,1500,410,49,0.45292684600008215,91,0.7068392149403845,0.6072194264332392,success,
DTLZ4_m3_e1500_s410,DTLZ4,NSGAII,dvl_framework,3,10,1500,410,49,0.33925377999958073,91,0.8340698724578527,0.42731943966570796,success,
DTLZ4_m3_e1500_s410,DTLZ4,NSGAII,pure_moea,3,10,1500,410,50,0.4551450429999022,91,0.7530490909960835,0.5581402547915287,success,
DTLZ4_m3_e1500_s410,DTLZ4,NSGAII,dvl_framework,3,10,1500,410,50,0.35322701499990217,91,0.8800420938527592,0.3159893728137031,success,
DTLZ4_m3_e1500_s410,DTLZ4,NSGAII,pure_moea,3,10,1500,410,51,0.45584030300005907,91,0.7468209126803579,0.5871174296163159,success,
DTLZ4_m3_e1500_s410,DTLZ4,NSGAII,dvl_framework,3,10,1500,410,51,0.3422266719999243,91,0.865859711778787,0.3829097843837447,success,
DTLZ4_m3_e1500_s410,DTLZ4,NSGAII,pure_moea,3,10,1500,410,52,0.4530977519998487,91,0.7813415288787035,0.5130658113972492,success,
DTLZ4_m3_e1500_s410,DTLZ4,NSGAII,dvl_framework,3,10,1500,410,52,0.33743017699998745,91,0.8913774805106123,0.31334628838645956,success,
DTLZ4_m3_e1500_s410,DTLZ4,NSGAII,pure_moea,3,10,1500,410,53,0.4551612939999359,91,0.7493621044116631,0.5275786467161002,success,
DTLZ4_m3_e1500_s410,DTLZ4,NSGAII,dvl_framework,3,10,1500,410,53,0.3409848649998821,91,0.8579426724471068,0.3883339593464127,success,
DTLZ4_m3_e1500_s410,DTLZ4,NSGAII,pure_moea,3,10,1500,410,54,0.45337273599989203,91,0.7590647696501857,0.5712993360065701,success,
DTLZ4_m3_e1500_s410,DTLZ4,NSGAII,dvl_framework,3,10,1500,410,54,0.34220319100040797,91,0.8588443784429942,0.35898283523878916,success,
DTLZ4_m3_e1500_s410,DTLZ4,NSGAII,pure_moea,3,10,1500,410,55,0.45445023699994636,91,0.797702165149189,0.46286840757316755,success,
DTLZ4_m3_e1500_s410,DTLZ4,NSGAII,dvl_framework,3,10,1500,410,55,0.3474212260002787,91,0.8604633357735927,0.38281059271183515,success,
DTLZ4_m3_e1500_s410,DTLZ4,NSGAII,pure_moea,3,10,1500,410,56,0.45088612800009287,91,0.7385935034057654,0.565335506100097,success,
DTLZ4_m3_e1500_s410,DTLZ4,NSGAII,dvl_framework,3,10,1500,410,56,0.34960446899958697,91,0.8880821881484644,0.3195340075099653,success,
DTLZ4_m3_e1500_s410,DTLZ4,NSGAII,pure_moea,3,10,1500,410,57,0.4568666420000227,91,0.7674515411290769,0.46095756617864675,success,
DTLZ4_m3_e1500_s410,DTLZ4,NSGAII,dvl_framework,3,10,1500,410,57,0.34486097299986795,91,0.8786902721966295,0.36844325341856465,success,
DTLZ4_m3_e1500_s410,DTLZ4,NSGAII,pure_moea,3,10,1500,410,58,0.45577404300001945,91,0.7614795679956334,0.5361799318185484,success,
DTLZ4_m3_e1500_s410,DTLZ4,NSGAII,dvl_framework,3,10,1500,410,58,0.34144942400007494,91,0.87846975583505,0.3112068829530734,success,
DTLZ4_m3_e1500_s410,DTLZ4,NSGAII,pure_moea,3,10,1500,410,59,0.4555475770002886,91,0.740116046564045,0.5612522135854331,success,
DTLZ4_m3_e1500_s410,DTLZ4,NSGAII,dvl_framework,3,10,1500,410,59,0.34036960200000976,91,0.8823200884805427,0.35555509053471335,success,
DTLZ4_m3_e1500_s410,DTLZ4,NSGAII,pure_moea,3,10,1500,410,60,0.4508115819999148,91,0.7632249378252064,0.5037569478544329,success,
DTLZ4_m3_e1500_s410,DTLZ4,NSGAII,dvl_framework,3,10,1500,410,60,0.34011346399984177,91,0.8953275400639368,0.3053296481766167,success,
DTLZ4_m3_e1500_s410,DTLZ4,NSGAII,pure_moea,3,10,1500,410,61,0.45080755099979797,91,0.7466578938105415,0.5177467436908414,success,
DTLZ4_m3_e1500_s410,DTLZ4,NSGAII,dvl_framework,3,10,1500,410,61,0.37643100900004356,91,0.8751622987511605,0.3510520920783568,success,
DTLZ4_m3_e1500_s410,DTLZ4,NSGAIII,pure_moea,3,10,1500,410,42,0.7058923619997586,86,0.8270430034146539,0.3759552804573878,success,
DTLZ4_m3_e1500_s410,DTLZ4,NSGAIII,dvl_framework,3,10,1500,410,42,0.5779627309998432,85,0.8752369610510943,0.36123255632653634,success,
DTLZ4_m3_e1500_s410,DTLZ4,NSGAIII,pure_moea,3,10,1500,410,43,0.7279898350002441,89,0.8284030644703666,0.4109492287116841,success,
DTLZ4_m3_e1500_s410,DTLZ4,NSGAIII,dvl_framework,3,10,1500,410,43,0.5369599719997495,91,0.8900694172455306,0.2796913767472974,success,
DTLZ4_m3_e1500_s410,DTLZ4,NSGAIII,pure_moea,3,10,1500,410,44,0.7261100040000201,87,0.810480568502937,0.3970215768440131,success,
DTLZ4_m3_e1500_s410,DTLZ4,NSGAIII,dvl_framework,3,10,1500,410,44,0.5568945309996707,78,0.8715458387821784,0.31335724677167276,success,
DTLZ4_m3_e1500_s410,DTLZ4,NSGAIII,pure_moea,3,10,1500,410,45,0.7397576539997317,89,0.8221815462873707,0.4088496837212792,success,
DTLZ4_m3_e1500_s410,DTLZ4,NSGAIII,dvl_framework,3,10,1500,410,45,0.5584847079999236,89,0.8826046150053851,0.32897049736436873,success,
DTLZ4_m3_e1500_s410,DTLZ4,NSGAIII,pure_moea,3,10,1500,410,46,0.7061927889999424,88,0.8261153193666501,0.4040443881449408,success,
DTLZ4_m3_e1500_s410,DTLZ4,NSGAIII,dvl_framework,3,10,1500,410,46,0.5266567359999499,83,0.8783543171714671,0.36166842731965176,success,
DTLZ4_m3_e1500_s410,DTLZ4,NSGAIII,pure_moea,3,10,1500,410,47,0.7066731630002323,84,0.8362662051900809,0.40635480787969147,success,
DTLZ4_m3_e1500_s410,DTLZ4,NSGAIII,dvl_framework,3,10,1500,410,47,0.5849064459998772,86,0.8773977191399488,0.35867242215310974,success,
DTLZ4_m3_e1500_s410,DTLZ4,NSGAIII,pure_moea,3,10,1500,410,48,0.7464810040000884,71,0.8432714985363057,0.3303104557999626,success,
DTLZ4_m3_e1500_s410,DTLZ4,NSGAIII,dvl_framework,3,10,1500,410,48,0.55514554399997,91,0.8891907894682199,0.24211608886158947,success,
DTLZ4_m3_e1500_s410,DTLZ4,NSGAIII,pure_moea,3,10,1500,410,49,0.7416033729996343,89,0.8479947176580668,0.3782294338424579,success,
DTLZ4_m3_e1500_s410,DTLZ4,NSGAIII,dvl_framework,3,10,1500,410,49,0.5299516240002049,79,0.8548322301769639,0.32399296912343356,success,
DTLZ4_m3_e1500_s410,DTLZ4,NSGAIII,pure_moea,3,10,1500,410,50,0.7488632279996636,90,0.7938542674934019,0.4324292749326707,success,
DTLZ4_m3_e1500_s410,DTLZ4,NSGAIII,dvl_framework,3,10,1500,410,50,0.5789598229998774,88,0.8771500515624444,0.3049295542834638,success,
DTLZ4_m3_e1500_s410,DTLZ4,NSGAIII,pure_moea,3,10,1500,410,51,0.7215059440000005,61,0.8541694054228192,0.2684863155039264,success,
DTLZ4_m3_e1500_s410,DTLZ4,NSGAIII,dvl_framework,3,10,1500,410,51,0.542741549999846,80,0.8782961302497692,0.33066592966277114,success,
DTLZ4_m3_e1500_s410,DTLZ4,NSGAIII,pure_moea,3,10,1500,410,52,0.6983006539999224,91,0.8124868569026238,0.4161948350393633,success,
DTLZ4_m3_e1500_s410,DTLZ4,NSGAIII,dvl_framework,3,10,1500,410,52,0.5592008269995858,77,0.8858492804803599,0.35069265278304235,success,
DTLZ4_m3_e1500_s410,DTLZ4,NSGAIII,pure_moea,3,10,1500,410,53,0.6889623490001213,91,0.8223624565396311,0.3919476080834279,success,
DTLZ4_m3_e1500_s410,DTLZ4,NSGAIII,dvl_framework,3,10,1500,410,53,0.5296943979997195,81,0.8529167892709153,0.3922659363047068,success,
DTLZ4_m3_e1500_s410,DTLZ4,NSGAIII,pure_moea,3,10,1500,410,54,0.7282039570000052,91,0.8061769082819717,0.41922386579783594,success,
DTLZ4_m3_e1500_s410,DTLZ4,NSGAIII,dvl_framework,3,10,1500,410,54,0.5477543450001576,72,0.8789369957899332,0.3081782980345924,success,
DTLZ4_m3_e1500_s410,DTLZ4,NSGAIII,pure_moea,3,10,1500,410,55,0.742725550999694,87,0.8405273195217161,0.3058015906291008,success,
DTLZ4_m3_e1500_s410,DTLZ4,NSGAIII,dvl_framework,3,10,1500,410,55,0.5425525810001091,79,0.8825480365246635,0.32295200599910134,success,
DTLZ4_m3_e1500_s410,DTLZ4,NSGAIII,pure_moea,3,10,1500,410,56,0.7647976799999014,72,0.8325316855595951,0.37814110059698036,success,
DTLZ4_m3_e1500_s410,DTLZ4,NSGAIII,dvl_framework,3,10,1500,410,56,0.5728206080002565,86,0.8945354671563961,0.2890331088988351,success,
DTLZ4_m3_e1500_s410,DTLZ4,NSGAIII,pure_moea,3,10,1500,410,57,0.7494138140000359,89,0.8307963883279619,0.4148888185918168,success,
DTLZ4_m3_e1500_s410,DTLZ4,NSGAIII,dvl_framework,3,10,1500,410,57,0.5286282679999204,75,0.8654370660354959,0.36112941709158514,success,
DTLZ4_m3_e1500_s410,DTLZ4,NSGAIII,pure_moea,3,10,1500,410,58,0.7434545460000663,89,0.8281073969314002,0.35427196083287965,success,
DTLZ4_m3_e1500_s410,DTLZ4,NSGAIII,dvl_framework,3,10,1500,410,58,0.5291372189999493,81,0.872300620065477,0.3736381354090985,success,
DTLZ4_m3_e1500_s410,DTLZ4,NSGAIII,pure_moea,3,10,1500,410,59,0.7180802230000154,81,0.8158150862229092,0.396617462745891,success,
DTLZ4_m3_e1500_s410,DTLZ4,NSGAIII,dvl_framework,3,10,1500,410,59,0.5918108179998853,81,0.8771822866557464,0.3643404265291496,success,
DTLZ4_m3_e1500_s410,DTLZ4,NSGAIII,pure_moea,3,10,1500,410,60,0.7362563219999174,84,0.8136073281556743,0.4127875950272574,success,
DTLZ4_m3_e1500_s410,DTLZ4,NSGAIII,dvl_framework,3,10,1500,410,60,0.5401424629999383,85,0.8900868872059094,0.32731461643668397,success,
DTLZ4_m3_e1500_s410,DTLZ4,NSGAIII,pure_moea,3,10,1500,410,61,0.7445227339999292,69,0.8109174686498759,0.39527704680292125,success,
DTLZ4_m3_e1500_s410,DTLZ4,NSGAIII,dvl_framework,3,10,1500,410,61,0.5420079900000019,88,0.8852249104574983,0.31030565098197016,success,
DTLZ4_m3_e10000_s500,DTLZ4,MOEAD,pure_moea,3,10,10000,500,42,1.3003421459998208,51,0.9022473904967732,0.15203005069728082,success,
DTLZ4_m3_e10000_s500,DTLZ4,MOEAD,dvl_framework,3,10,10000,500,42,1.3106453529999271,50,0.9190644866337444,0.12098930052563868,success,
DTLZ4_m3_e10000_s500,DTLZ4,MOEAD,pure_moea,3,10,10000,500,43,1.27668492399971,55,0.9108040750692359,0.1352081181116995,success,
DTLZ4_m3_e10000_s500,DTLZ4,MOEAD,dvl_framework,3,10,10000,500,43,1.1745010500003445,62,0.9196215592147305,0.0868315549823177,success,
DTLZ4_m3_e10000_s500,DTLZ4,MOEAD,pure_moea,3,10,10000,500,44,1.337510994999775,47,0.9141584852237099,0.15591661787595873,success,
DTLZ4_m3_e10000_s500,DTLZ4,MOEAD,dvl_framework,3,10,10000,500,44,1.2345891790000678,60,0.9206236604027905,0.10907936781016334,success,
DTLZ4_m3_e10000_s500,DTLZ4,MOEAD,pure_moea,3,10,10000,500,45,1.262213538999731,57,0.9202646383585793,0.09977377025781942,success,
DTLZ4_m3_e10000_s500,DTLZ4,MOEAD,dvl_framework,3,10,10000,500,45,1.2815802260001874,51,0.9217541460877587,0.1212127423488925,success,
DTLZ4_m3_e10000_s500,DTLZ4,MOEAD,pure_moea,3,10,10000,500,46,1.2961814870000126,49,0.9097136908862054,0.14252081541298353,success,
DTLZ4_m3_e10000_s500,DTLZ4,MOEAD,dvl_framework,3,10,10000,500,46,1.317898274000072,52,0.9213059076796442,0.12641555117295264,success,
DTLZ4_m3_e10000_s500,DTLZ4,MOEAD,pure_moea,3,10,10000,500,47,1.3219243280000228,52,0.9022865235526396,0.17277249214287083,success,
DTLZ4_m3_e10000_s500,DTLZ4,MOEAD,dvl_framework,3,10,10000,500,47,1.1209585259998676,62,0.9222538301086557,0.08662585602315515,success,
DTLZ4_m3_e10000_s500,DTLZ4,MOEAD,pure_moea,3,10,10000,500,48,1.386349433000305,45,0.911908217640754,0.16817544386449143,success,
DTLZ4_m3_e10000_s500,DTLZ4,MOEAD,dvl_framework,3,10,10000,500,48,1.3208301380000194,45,0.9197625571455408,0.1597762668848095,success,
DTLZ4_m3_e10000_s500,DTLZ4,MOEAD,pure_moea,3,10,10000,500,49,1.3059597840001516,56,0.8780435240990365,0.2023461318250201,success,
DTLZ4_m3_e10000_s500,DTLZ4,MOEAD,dvl_framework,3,10,10000,500,49,1.307868808999956,51,0.9205518217523252,0.11726532358267203,success,
DTLZ4_m3_e10000_s500,DTLZ4,MOEAD,pure_moea,3,10,10000,500,50,1.2491047910002635,61,0.9016742516237866,0.1312896946494513,success,
DTLZ4_m3_e10000_s500,DTLZ4,MOEAD,dvl_framework,3,10,10000,500,50,1.234629047999988,61,0.9220282206157462,0.09263950074948994,success,
DTLZ4_m3_e10000_s500,DTLZ4,MOEAD,pure_moea,3,10,10000,500,51,1.2286542799997733,56,0.8853946286408987,0.1804338641067419,success,
DTLZ4_m3_e10000_s500,DTLZ4,MOEAD,dvl_framework,3,10,10000,500,51,1.254955586000051,56,0.9220872949078647,0.10975202743659508,success,
DTLZ4_m3_e10000_s500,DTLZ4,MOEAD,pure_moea,3,10,10000,500,52,1.3383672219997607,44,0.9152739168274653,0.15740832370880656,success,
DTLZ4_m3_e10000_s500,DTLZ4,MOEAD,dvl_framework,3,10,10000,500,52,1.3166506719999234,55,0.9193877363206455,0.11916085736592458,success,
DTLZ4_m3_e10000_s500,DTLZ4,MOEAD,pure_moea,3,10,10000,500,53,1.323376283000016,43,0.9107134087990056,0.1606557239814864,success,
DTLZ4_m3_e10000_s500,DTLZ4,MOEAD,dvl_framework,3,10,10000,500,53,1.2972937370000182,52,0.9196952831152849,0.121133784294056,success,
DTLZ4_m3_e10000_s500,DTLZ4,MOEAD,pure_moea,3,10,10000,500,54,1.3064243280000483,55,0.8834452414415839,0.2252293152196604,success,
DTLZ4_m3_e10000_s500,DTLZ4,MOEAD,dvl_framework,3,10,10000,500,54,1.284669761999794,60,0.922326212928412,0.09030869017226838,success,
DTLZ4_m3_e10000_s500,DTLZ4,MOEAD,pure_moea,3,10,10000,500,55,1.3066830410002694,53,0.9117712605765578,0.13689467963481972,success,
DTLZ4_m3_e10000_s500,DTLZ4,MOEAD,dvl_framework,3,10,10000,500,55,1.2646919560002061,53,0.9207688005196856,0.10841397782785166,success,
DTLZ4_m3_e10000_s500,DTLZ4,MOEAD,pure_moea,3,10,10000,500,56,1.121790124999734,77,0.9101498400002279,0.09840975546604311,success,
DTLZ4_m3_e10000_s500,DTLZ4,MOEAD,dvl_framework,3,10,10000,500,56,1.069879084999684,73,0.9233161942301887,0.08237159652126452,success,
DTLZ4_m3_e10000_s500,DTLZ4,MOEAD,pure_moea,3,10,10000,500,57,1.2907747239996752,51,0.892711780231459,0.184011548296867,success,
DTLZ4_m3_e10000_s500,DTLZ4,MOEAD,dvl_framework,3,10,10000,500,57,1.1887193880002087,60,0.9228897004841474,0.09031544881037648,success,
DTLZ4_m3_e10000_s500,DTLZ4,MOEAD,pure_moea,3,10,10000,500,58,1.1818678409999848,63,0.9024943776667997,0.12106531969493697,success,
DTLZ4_m3_e10000_s500,DTLZ4,MOEAD,dvl_framework,3,10,10000,500,58,1.2144997189998321,66,0.9225800483858082,0.09065903704430439,success,
DTLZ4_m3_e10000_s500,DTLZ4,MOEAD,pure_moea,3,10,10000,500,59,1.2946475160001683,54,0.9090421037949391,0.1233459170384446,success,
DTLZ4_m3_e10000_s500,DTLZ4,MOEAD,dvl_framework,3,10,10000,500,59,1.305653970000094,54,0.9182249236002229,0.12022617504735793,success,
DTLZ4_m3_e10000_s500,DTLZ4,MOEAD,pure_moea,3,10,10000,500,60,1.2230208480000329,54,0.8828438140352177,0.18942129883266534,success,
DTLZ4_m3_e10000_s500,DTLZ4,MOEAD,dvl_framework,3,10,10000,500,60,1.2806628999996974,48,0.9216165351013319,0.12461222605624962,success,
DTLZ4_m3_e10000_s500,DTLZ4,MOEAD,pure_moea,3,10,10000,500,61,1.3761701489997904,46,0.9096757080555358,0.15796990243007256,success,
DTLZ4_m3_e10000_s500,DTLZ4,MOEAD,dvl_framework,3,10,10000,500,61,1.280509187000007,63,0.9233741759079468,0.09664040344470708,success,
DTLZ4_m3_e10000_s500,DTLZ4,NSGAII,pure_moea,3,10,10000,500,42,3.0970917929998905,91,0.8975389120659263,0.17221515297142811,success,
DTLZ4_m3_e10000_s500,DTLZ4,NSGAII,dvl_framework,3,10,10000,500,42,3.0425400049998643,91,0.9205119351680845,0.11289598354011456,success,
DTLZ4_m3_e10000_s500,DTLZ4,NSGAII,pure_moea,3,10,10000,500,43,3.101513561000047,91,0.9119371254296599,0.10991889825229073,success,
DTLZ4_m3_e10000_s500,DTLZ4,NSGAII,dvl_framework,3,10,10000,500,43,3.036235988000044,91,0.9212772911970639,0.10027982292138973,success,
DTLZ4_m3_e10000_s500,DTLZ4,NSGAII,pure_moea,3,10,10000,500,44,3.1294189089999236,91,0.8949735991957231,0.18895150716757694,success,
DTLZ4_m3_e10000_s500,DTLZ4,NSGAII,dvl_framework,3,10,10000,500,44,3.039794281000013,91,0.9223711728348891,0.09658635484676219,success,
DTLZ4_m3_e10000_s500,DTLZ4,NSGAII,pure_moea,3,10,10000,500,45,3.1033414850003282,91,0.8972406041529077,0.18435782034318263,success,
DTLZ4_m3_e10000_s500,DTLZ4,NSGAII,dvl_framework,3,10,10000,500,45,3.0091209920001347,91,0.9200862825867737,0.11334648795860006,success,
DTLZ4_m3_e10000_s500,DTLZ4,NSGAII,pure_moea,3,10,10000,500,46,3.1554789060000985,91,0.8993796016257153,0.17217597695520961,success,
DTLZ4_m3_e10000_s500,DTLZ4,NSGAII,dvl_framework,3,10,10000,500,46,2.980310097000256,91,0.9207588837479876,0.09704344980285252,success,
DTLZ4_m3_e10000_s500,DTLZ4,NSGAII,pure_moea,3,10,10000,500,47,3.156493431999934,91,0.9019067580389697,0.14889461481151928,success,
DTLZ4_m3_e10000_s500,DTLZ4,NSGAII,dvl_framework,3,10,10000,500,47,2.984108087000095,91,0.921461631985951,0.09258840821890023,success,
DTLZ4_m3_e10000_s500,DTLZ4,NSGAII,pure_moea,3,10,10000,500,48,3.1022809719997895,91,0.9107534374107621,0.14182610809715798,success,
DTLZ4_m3_e10000_s500,DTLZ4,NSGAII,dvl_framework,3,10,10000,500,48,3.040873061000184,91,0.9170939927351234,0.1138577678587785,success,
DTLZ4_m3_e10000_s500,DTLZ4,NSGAII,pure_moea,3,10,10000,500,49,3.1399933099996815,91,0.8921547803268995,0.18674240363997413,success,
DTLZ4_m3_e10000_s500,DTLZ4,NSGAII,dvl_framework,3,10,10000,500,49,3.0112411549998797,91,0.9198856432488857,0.10917795068910836,success,
DTLZ4_m3_e10000_s500,DTLZ4,NSGAII,pure_moea,3,10,10000,500,50,3.09098184100003,91,0.9078798771521962,0.11550432144060573,success,
DTLZ4_m3_e10000_s500,DTLZ4,NSGAII,dvl_framework,3,10,10000,500,50,2.9819368949997624,91,0.9201633880648095,0.10726620331971798,success,
DTLZ4_m3_e10000_s500,DTLZ4,NSGAII,pure_moea,3,10,10000,500,51,3.155634159999863,91,0.9039983228550913,0.16769848648598873,success,
DTLZ4_m3_e10000_s500,DTLZ4,NSGAII,dvl_framework,3,10,10000,500,51,2.97182999000006,91,0.9212971230772489,0.09896163549281055,success,
DTLZ4_m3_e10000_s500,DTLZ4,NSGAII,pure_moea,3,10,10000,500,52,3.1756273089999922,91,0.8990938457374131,0.16785864358099567,success,
DTLZ4_m3_e10000_s500,DTLZ4,NSGAII,dvl_framework,3,10,10000,500,52,2.9789771159998963,91,0.923992761534052,0.09512362138219407,success,
DTLZ4_m3_e10000_s500,DTLZ4,NSGAII,pure_moea,3,10,10000,500,53,3.1433758840003065,91,0.9009484802647479,0.1628649389622742,success,
DTLZ4_m3_e10000_s500,DTLZ4,NSGAII,dvl_framework,3,10,10000,500,53,3.0376997440002924,91,0.9241482718598596,0.09185396524276776,success,
DTLZ4_m3_e10000_s500,DTLZ4,NSGAII,pure_moea,3,10,10000,500,54,3.1079449989997556,91,0.9019798732833559,0.15571644804693638,success,
DTLZ4_m3_e10000_s500,DTLZ4,NSGAII,dvl_framework,3,10,10000,500,54,3.035842042999775,91,0.9207502702487856,0.0918829803795955,success,
DTLZ4_m3_e10000_s500,DTLZ4,NSGAII,pure_moea,3,10,10000,500,55,3.1488296259999515,91,0.9043449068607605,0.14328900684271684,success,
DTLZ4_m3_e10000_s500,DTLZ4,NSGAII,dvl_framework,3,10,10000,500,55,3.020327828000063,91,0.9172297854520624,0.11260323990350625,success,
DTLZ4_m3_e10000_s500,DTLZ4,NSGAII,pure_moea,3,10,10000,500,56,3.1271046789997854,91,0.8961131837735079,0.19462369585482175,success,
DTLZ4_m3_e10000_s500,DTLZ4,NSGAII,dvl_framework,3,10,10000,500,56,3.0020606790003512,91,0.9194647710527726,0.0977628486628733,success,
DTLZ4_m3_e10000_s500,DTLZ4,NSGAII,pure_moea,3,10,10000,500,57,3.1451096109999526,91,0.9142822282116182,0.10226331242406271,success,
DTLZ4_m3_e10000_s500,DTLZ4,NSGAII,dvl_framework,3,10,10000,500,57,2.988943814999857,91,0.9212125114487744,0.09177684257507202,success,
DTLZ4_m3_e10000_s500,DTLZ4,NSGAII,pure_moea,3,10,10000,500,58,3.131972327999847,91,0.9139393581350649,0.09449187677114228,success,
DTLZ4_m3_e10000_s500,DTLZ4,NSGAII,dvl_framework,3,10,10000,500,58,2.9950935669999126,91,0.9222398944487584,0.0958651990031484,success,
DTLZ4_m3_e10000_s500,DTLZ4,NSGAII,pure_moea,3,10,10000,500,59,3.1489657389997774,91,0.9066632213842432,0.16076962646471366,success,
DTLZ4_m3_e10000_s500,DTLZ4,NSGAII,dvl_framework,3,10,10000,500,59,2.988984055000401,91,0.9232077741952784,0.09982119919649132,success,
DTLZ4_m3_e10000_s500,DTLZ4,NSGAII,pure_moea,3,10,10000,500,60,3.113070543000049,91,0.9028293529062315,0.14396755582127083,success,
DTLZ4_m3_e10000_s500,DTLZ4,NSGAII,dvl_framework,3,10,10000,500,60,3.047291426999891,91,0.9223574121332356,0.09454502500069317,success,
DTLZ4_m3_e10000_s500,DTLZ4,NSGAII,pure_moea,3,10,10000,500,61,3.112205186999745,91,0.9087559909248055,0.14832146302934643,success,
DTLZ4_m3_e10000_s500,DTLZ4,NSGAII,dvl_framework,3,10,10000,500,61,3.0426518909998777,91,0.9222199581369317,0.10546832024087843,success,
DTLZ4_m3_e10000_s500,DTLZ4,NSGAIII,pure_moea,3,10,10000,500,42,4.964954218999992,75,0.9416455143590319,0.2992032461359191,success,
DTLZ4_m3_e10000_s500,DTLZ4,NSGAIII,dvl_framework,3,10,10000,500,42,4.70912813699988,87,0.8961119296233383,0.16674503222665754,success,
DTLZ4_m3_e10000_s500,DTLZ4,NSGAIII,pure_moea,3,10,10000,500,43,4.973487086999739,91,0.9121934603332156,0.12065980959262625,success,
DTLZ4_m3_e10000_s500,DTLZ4,NSGAIII,dvl_framework,3,10,10000,500,43,4.776041386000088,89,0.9360540638386722,0.1648820921796595,success,
DTLZ4_m3_e10000_s500,DTLZ4,NSGAIII,pure_moea,3,10,10000,500,44,5.005574680000336,85,0.9301678930868771,0.13069470197769828,success,
DTLZ4_m3_e10000_s500,DTLZ4,NSGAIII,dvl_framework,3,10,10000,500,44,4.787740476000181,87,0.9360432900774114,0.14111618177454927,success,
DTLZ4_m3_e10000_s500,DTLZ4,NSGAIII,pure_moea,3,10,10000,500,45,4.910019805000047,88,0.9201656487854895,0.12257448765259886,success,
DTLZ4_m3_e10000_s500,DTLZ4,NSGAIII,dvl_framework,3,10,10000,500,45,4.7406253910003215,91,0.9351108187353762,0.12122344718355149,success,
DTLZ4_m3_e10000_s500,DTLZ4,NSGAIII,pure_moea,3,10,10000,500,46,5.009475716999987,89,0.9373740604462422,0.15176333480214277,success,
DTLZ4_m3_e10000_s500,DTLZ4,NSGAIII,dvl_framework,3,10,10000,500,46,4.840293226000085,82,0.9548962064274399,0.1612026013753512,success,
DTLZ4_m3_e10000_s500,DTLZ4,NSGAIII,pure_moea,3,10,10000,500,47,5.041990127999725,88,0.8955683874623942,0.16382026404486316,success,
DTLZ4_m3_e10000_s500,DTLZ4,NSGAIII,dvl_framework,3,10,10000,500,47,4.872798184000203,85,0.9255694325670989,0.1275584257263711,success,
DTLZ4_m3_e10000_s500,DTLZ4,NSGAIII,pure_moea,3,10,10000,500,48,4.995873114000005,87,0.9275906737627939,0.11512013688765298,success,
DTLZ4_m3_e10000_s500,DTLZ4,NSGAIII,dvl_framework,3,10,10000,500,48,4.798157476000142,88,0.9553435180193409,0.17240226405156286,success,
DTLZ4_m3_e10000_s500,DTLZ4,NSGAIII,pure_moea,3,10,10000,500,49,5.031834120999974,81,0.903908556694292,0.1626152144574615,success,
DTLZ4_m3_e10000_s500,DTLZ4,NSGAIII,dvl_framework,3,10,10000,500,49,4.838340860000244,88,0.9481009483310276,0.1476268680314049,success,
DTLZ4_m3_e10000_s500,DTLZ4,NSGAIII,pure_moea,3,10,10000,500,50,5.009602168999663,88,0.9301897284098041,0.13419988521241724,success,
DTLZ4_m3_e10000_s500,DTLZ4,NSGAIII,dvl_framework,3,10,10000,500,50,4.759815957000228,91,0.9253291124099137,0.1532365014373538,success,
DTLZ4_m3_e10000_s500,DTLZ4,NSGAIII,pure_moea,3,10,10000,500,51,4.971716337000089,86,0.9360040745841655,0.14373356256006248,success,
DTLZ4_m3_e10000_s500,DTLZ4,NSGAIII,dvl_framework,3,10,10000,500,51,4.734376116000021,87,0.9345366532454357,0.13815584757625435,success,
DTLZ4_m3_e10000_s500,DTLZ4,NSGAIII,pure_moea,3,10,10000,500,52,5.073491311999987,88,0.8871585200358174,0.1999757689457855,success,
DTLZ4_m3_e10000_s500,DTLZ4,NSGAIII,dvl_framework,3,10,10000,500,52,4.831996368000091,87,0.9121782346583062,0.16134759000901774,success,
DTLZ4_m3_e10000_s500,DTLZ4,NSGAIII,pure_moea,3,10,10000,500,53,5.054648057000122,88,0.9134290148307083,0.1316283804393514,success,
DTLZ4_m3_e10000_s500,DTLZ4,NSGAIII,dvl_framework,3,10,10000,500,53,4.843333188000088,90,0.9413535741687912,0.1370616981148869,success,
DTLZ4_m3_e10000_s500,DTLZ4,NSGAIII,pure_moea,3,10,10000,500,54,4.981007217000297,85,0.9228026163298257,0.1326618159911887,success,
DTLZ4_m3_e10000_s500,DTLZ4,NSGAIII,dvl_framework,3,10,10000,500,54,4.724327329000062,83,0.9284208205275621,0.15871229376642146,success,
DTLZ4_m3_e10000_s500,DTLZ4,NSGAIII,pure_moea,3,10,10000,500,55,4.9758971870001005,91,0.9183634805156144,0.12676706288079256,success,
DTLZ4_m3_e10000_s500,DTLZ4,NSGAIII,dvl_framework,3,10,10000,500,55,4.794048861999727,86,0.9284229821629936,0.14823636810131222,success,
DTLZ4_m3_e10000_s500,DTLZ4,NSGAIII,pure_moea,3,10,10000,500,56,5.081720758999836,82,0.9307465576418339,0.15926035472439398,success,
DTLZ4_m3_e10000_s500,DTLZ4,NSGAIII,dvl_framework,3,10,10000,500,56,4.806898719999936,86,0.9495192341186551,0.16825481948541662,success,
DTLZ4_m3_e10000_s500,DTLZ4,NSGAIII,pure_moea,3,10,10000,500,57,4.9082280779998655,87,0.9068411113824361,0.14267613196056397,success,
DTLZ4_m3_e10000_s500,DTLZ4,NSGAIII,dvl_framework,3,10,10000,500,57,4.774318572000084,85,0.9354503689260184,0.14528848815482237,success,
DTLZ4_m3_e10000_s500,DTLZ4,NSGAIII,pure_moea,3,10,10000,500,58,5.005497114999798,90,0.9439741144867759,0.15035287147511553,success,
DTLZ4_m3_e10000_s500,DTLZ4,NSGAIII,dvl_framework,3,10,10000,500,58,4.774626807999994,91,0.9410279489791363,0.13607250718914915,success,
DTLZ4_m3_e10000_s500,DTLZ4,NSGAIII,pure_moea,3,10,10000,500,59,4.959871768000085,77,0.9448529003498515,0.14242495177465167,success,
DTLZ4_m3_e10000_s500,DTLZ4,NSGAIII,dvl_framework,3,10,10000,500,59,4.793197372000122,90,0.9305844944690781,0.12049768329701194,success,
DTLZ4_m3_e10000_s500,DTLZ4,NSGAIII,pure_moea,3,10,10000,500,60,5.0733774659997835,88,0.8595349233673273,0.2606532780433004,success,
DTLZ4_m3_e10000_s500,DTLZ4,NSGAIII,dvl_framework,3,10,10000,500,60,4.783466400000179,90,0.9260474773974203,0.116881561353147,success,
DTLZ4_m3_e10000_s500,DTLZ4,NSGAIII,pure_moea,3,10,10000,500,61,5.021994346000156,84,0.9087450115292237,0.1358727835501529,success,
DTLZ4_m3_e10000_s500,DTLZ4,NSGAIII,dvl_framework,3,10,10000,500,61,4.743287656999655,86,0.921184593248022,0.1082461418889419,success,
DTLZ1_m10_e250_s50,DTLZ1,MOEAD,pure_moea,10,1,250,50,42,0.08682817299995804,75,0.8966364450943214,1.3043396964071945,success,
DTLZ1_m10_e250_s50,DTLZ1,MOEAD,dvl_framework,10,1,250,50,42,0.10304352499997549,162,0.6287650942244832,3.0650417067839713,success,
DTLZ1_m10_e250_s50,DTLZ1,MOEAD,pure_moea,10,1,250,50,43,0.08904385000005277,71,0.8914830049093785,1.0731686175294972,success,
DTLZ1_m10_e250_s50,DTLZ1,MOEAD,dvl_framework,10,1,250,50,43,0.11110789599979398,204,0.9067137285643367,2.1474902868794477,success,
DTLZ1_m10_e250_s50,DTLZ1,MOEAD,pure_moea,10,1,250,50,44,0.0878423770000154,87,0.9011571256254967,1.3480871726894668,success,
DTLZ1_m10_e250_s50,DTLZ1,MOEAD,dvl_framework,10,1,250,50,44,0.11775039700023626,211,0.9663679263951394,1.5168146264206395,success,
DTLZ1_m10_e250_s50,DTLZ1,MOEAD,pure_moea,10,1,250,50,45,0.08774023500018302,62,0.7760306526428864,2.049280448539794,success,
DTLZ1_m10_e250_s50,DTLZ1,MOEAD,dvl_framework,10,1,250,50,45,0.10857118000012633,182,0.9149124891597912,1.3232748453987888,success,
DTLZ1_m10_e250_s50,DTLZ1,MOEAD,pure_moea,10,1,250,50,46,0.08841845799997827,54,0.8535514772870751,2.984054558186127,success,
DTLZ1_m10_e250_s50,DTLZ1,MOEAD,dvl_framework,10,1,250,50,46,0.10924494299979415,185,0.999002299519214,0.8735379131695303,success,
DTLZ1_m10_e250_s50,DTLZ1,MOEAD,pure_moea,10,1,250,50,47,0.11147596599994358,65,0.9755204725269958,0.7533208857662479,success,
DTLZ1_m10_e250_s50,DTLZ1,MOEAD,dvl_framework,10,1,250,50,47,0.10707560200035005,168,0.955161410806629,1.2169370268023196,success,
DTLZ1_m10_e250_s50,DTLZ1,MOEAD,pure_moea,10,1,250,50,48,0.08960972100021536,71,0.829025312960458,1.9060419985604273,success,
DTLZ1_m10_e250_s50,DTLZ1,MOEAD,dvl_framework,10,1,250,50,48,0.11199221400011083,198,0.8593139892949564,2.560586849245068,success,
DTLZ1_m10_e250_s50,DTLZ1,MOEAD,pure_moea,10,1,250,50,49,0.12655010099979336,67,0.8454002580353793,1.8986258571236523,success,
DTLZ1_m10_e250_s50,DTLZ1,MOEAD,dvl_framework,10,1,250,50,49,0.10155318500028443,168,0.5397592247772155,5.6737946548146585,success,
DTLZ1_m10_e250_s50,DTLZ1,MOEAD,pure_moea,10,1,250,50,50,0.08664918900012708,67,0.7944826446108595,2.7351857751307014,success,
DTLZ1_m10_e250_s50,DTLZ1,MOEAD,dvl_framework,10,1,250,50,50,0.11775365299990881,211,0.9954599892981035,0.8381541916944446,success,
DTLZ1_m10_e250_s50,DTLZ1,MOEAD,pure_moea,10,1,250,50,51,0.08813481500010312,53,0.9283888679995319,1.1441203614252204,success,
DTLZ1_m10_e250_s50,DTLZ1,MOEAD,dvl_framework,10,1,250,50,51,0.10538632499992673,175,0.005384767667317812,14.285598060079675,success,
DTLZ1_m10_e250_s50,DTLZ1,MOEAD,pure_moea,10,1,250,50,52,0.08641148400010934,63,0.6782944162687294,4.0047710119508055,success,
DTLZ1_m10_e250_s50,DTLZ1,MOEAD,dvl_framework,10,1,250,50,52,0.10842844299986609,187,0.959061793868729,1.1410634758451654,success,
DTLZ1_m10_e250_s50,DTLZ1,MOEAD,pure_moea,10,1,250,50,53,0.08762790100036,71,0.9234653988401138,1.1635223626312867,success,
DTLZ1_m10_e250_s50,DTLZ1,MOEAD,dvl_framework,10,1,250,50,53,0.11059491500009244,188,0.5223097357509172,4.803526722239142,success,
DTLZ1_m10_e250_s50,DTLZ1,MOEAD,pure_moea,10,1,250,50,54,0.08875130299975353,51,0.5452667151583468,3.122609060979539,success,
DTLZ1_m10_e250_s50,DTLZ1,MOEAD,dvl_framework,10,1,250,50,54,0.1075004069998613,179,0.7538486274951501,1.7143908212389969,success,
DTLZ1_m10_e250_s50,DTLZ1,MOEAD,pure_moea,10,1,250,50,55,0.08656330999974671,69,0.7534235022533841,3.286286164511357,success,
DTLZ1_m10_e250_s50,DTLZ1,MOEAD,dvl_framework,10,1,250,50,55,0.10549483100021462,181,0.986250541407452,1.502560140833894,success,
DTLZ1_m10_e250_s50,DTLZ1,MOEAD,pure_moea,10,1,250,50,56,0.08869008600004236,70,0.8579491450278309,2.239003688430766,success,
DTLZ1_m10_e250_s50,DTLZ1,MOEAD,dvl_framework,10,1,250,50,56,0.10816497799987701,172,0.956030379178123,2.04420079547306,success,
DTLZ1_m10_e250_s50,DTLZ1,MOEAD,pure_moea,10,1,250,50,57,0.08796183999993445,62,0.917404092994695,0.7165023824474339,success,
DTLZ1_m10_e250_s50,DTLZ1,MOEAD,dvl_framework,10,1,250,50,57,0.11372612300010587,198,0.911814032551487,1.0286863491312017,success,
DTLZ1_m10_e250_s50,DTLZ1,MOEAD,pure_moea,10,1,250,50,58,0.08752973100035888,76,0.9193056832879688,1.4627528141841326,success,
DTLZ1_m10_e250_s50,DTLZ1,MOEAD,dvl_framework,10,1,250,50,58,0.11222283300003255,193,0.7610890174586081,2.2987487226599255,success,
DTLZ1_m10_e250_s50,DTLZ1,MOEAD,pure_moea,10,1,250,50,59,0.08650370699979248,67,0.7899365157946436,1.2581087096543608,success,
DTLZ1_m10_e250_s50,DTLZ1,MOEAD,dvl_framework,10,1,250,50,59,0.10701088099995104,178,0.9553301956364834,1.6464208724453786,success,
DTLZ1_m10_e250_s50,DTLZ1,MOEAD,pure_moea,10,1,250,50,60,0.08606408999958148,67,0.9625200370443623,1.0367600064850706,success,
DTLZ1_m10_e250_s50,DTLZ1,MOEAD,dvl_framework,10,1,250,50,60,0.10314822800000911,172,0.7929497215173955,2.59853417589427,success,
DTLZ1_m10_e250_s50,DTLZ1,MOEAD,pure_moea,10,1,250,50,61,0.09083330700013903,68,0.9610168906865696,1.1353682778022918,success,
DTLZ1_m10_e250_s50,DTLZ1,MOEAD,dvl_framework,10,1,250,50,61,0.11514833499995802,213,0.9853342628953159,1.0930253853840528,success,
DTLZ1_m10_e250_s50,DTLZ1,NSGAII,pure_moea,10,1,250,50,42,0.052161229999910574,220,0.9305684439459354,1.1949360123642747,success,
DTLZ1_m10_e250_s50,DTLZ1,NSGAII,dvl_framework,10,1,250,50,42,0.1037387020001006,162,0.6287650942244832,3.0650417067839713,success,
DTLZ1_m10_e250_s50,DTLZ1,NSGAII,pure_moea,10,1,250,50,43,0.05354398299959939,220,0.9428100414409827,1.0637096736060008,success,
DTLZ1_m10_e250_s50,DTLZ1,NSGAII,dvl_framework,10,1,250,50,43,0.14559511500010558,204,0.9067137285643367,2.1474902868794477,success,
DTLZ1_m10_e250_s50,DTLZ1,NSGAII,pure_moea,10,1,250,50,44,0.0690839019998748,220,0.949778963222094,0.7947381950148267,success,
DTLZ1_m10_e250_s50,DTLZ1,NSGAII,dvl_framework,10,1,250,50,44,0.15979840400041212,211,0.9663679263951394,1.5168146264206395,success,
DTLZ1_m10_e250_s50,DTLZ1,NSGAII,pure_moea,10,1,250,50,45,0.053805042000021785,220,0.8947221197542286,1.643709050554414,success,
DTLZ1_m10_e250_s50,DTLZ1,NSGAII,dvl_framework,10,1,250,50,45,0.1111652210001921,182,0.9149124891597912,1.3232748453987888,success,
DTLZ1_m10_e250_s50,DTLZ1,NSGAII,pure_moea,10,1,250,50,46,0.05475457400007144,220,0.9315796813396848,1.1338221002463125,success,
DTLZ1_m10_e250_s50,DTLZ1,NSGAII,dvl_framework,10,1,250,50,46,0.11312060199998086,185,0.999002299519214,0.8735379131695303,success,
DTLZ1_m10_e250_s50,DTLZ1,NSGAII,pure_moea,10,1,250,50,47,0.0544512740002574,220,0.9783539199269023,0.7533208857662479,success,
DTLZ1_m10_e250_s50,DTLZ1,NSGAII,dvl_framework,10,1,250,50,47,0.1053458389997104,168,0.955161410806629,1.2169370268023196,success,
DTLZ1_m10_e250_s50,DTLZ1,NSGAII,pure_moea,10,1,250,50,48,0.05437361799977225,220,0.9425735396970167,0.7089612993453486,success,
DTLZ1_m10_e250_s50,DTLZ1,NSGAII,dvl_framework,10,1,250,50,48,0.11479197800008478,198,0.8593139892949564,2.560586849245068,success,
DTLZ1_m10_e250_s50,DTLZ1,NSGAII,pure_moea,10,1,250,50,49,0.0539730469999995,220,0.8670808900140755,1.9354020426704217,success,
DTLZ1_m10_e250_s50,DTLZ1,NSGAII,dvl_framework,10,1,250,50,49,0.10507243499978358,168,0.5397592247772155,5.6737946548146585,success,
DTLZ1_m10_e250_s50,DTLZ1,NSGAII,pure_moea,10,1,250,50,50,0.05515354099998149,220,0.8688687873544729,1.0282159555440333,success,
DTLZ1_m10_e250_s50,DTLZ1,NSGAII,dvl_framework,10,1,250,50,50,0.12102653900001314,211,0.9954599892981035,0.8381541916944446,success,
DTLZ1_m10_e250_s50,DTLZ1,NSGAII,pure_moea,10,1,250,50,51,0.0546595470000284,220,0.9623262943831079,0.9436606469541184,success,
DTLZ1_m10_e250_s50,DTLZ1,NSGAII,dvl_framework,10,1,250,50,51,0.10768428199980917,175,0.005384767667317812,14.285598060079675,success,
DTLZ1_m10_e250_s50,DTLZ1,NSGAII,pure_moea,10,1,250,50,52,0.053528986000401346,220,0.9378660317562115,0.9898735070785296,success,
DTLZ1_m10_e250_s50,DTLZ1,NSGAII,dvl_framework,10,1,250,50,52,0.11324248200025977,187,0.959061793868729,1.1410634758451654,success,
DTLZ1_m10_e250_s50,DTLZ1,NSGAII,pure_moea,10,1,250,50,53,0.05355418099998133,220,0.9700675136487499,0.6707014272034518,success,
DTLZ1_m10_e250_s50,DTLZ1,NSGAII,dvl_framework,10,1,250,50,53,0.10751697299974694,188,0.5223097357509172,4.803526722239142,success,
DTLZ1_m10_e250_s50,DTLZ1,NSGAII,pure_moea,10,1,250,50,54,0.06813491200000499,220,0.9486280301185173,1.0651625118269703,success,
DTLZ1_m10_e250_s50,DTLZ1,NSGAII,dvl_framework,10,1,250,50,54,0.11379144000011365,179,0.7538486274951501,1.7143908212389969,success,
DTLZ1_m10_e250_s50,DTLZ1,NSGAII,pure_moea,10,1,250,50,55,0.05343789400012611,220,0.8927429122956041,1.4644163610450593,success,
DTLZ1_m10_e250_s50,DTLZ1,NSGAII,dvl_framework,10,1,250,50,55,0.11185399399982998,181,0.986250541407452,1.502560140833894,success,
DTLZ1_m10_e250_s50,DTLZ1,NSGAII,pure_moea,10,1,250,50,56,0.05498691999991934,220,0.8763795901430776,1.626356653534,success,
DTLZ1_m10_e250_s50,DTLZ1,NSGAII,dvl_framework,10,1,250,50,56,0.10587748600028135,172,0.956030379178123,2.04420079547306,success,
DTLZ1_m10_e250_s50,DTLZ1,NSGAII,pure_moea,10,1,250,50,57,0.05343702199979816,220,0.9733312216813063,0.7165023824474339,success,
DTLZ1_m10_e250_s50,DTLZ1,NSGAII,dvl_framework,10,1,250,50,57,0.11470645800000057,198,0.911814032551487,1.0286863491312017,success,
DTLZ1_m10_e250_s50,DTLZ1,NSGAII,pure_moea,10,1,250,50,58,0.05422677400019893,220,0.9535777269860856,1.2404377111388338,success,
DTLZ1_m10_e250_s50,DTLZ1,NSGAII,dvl_framework,10,1,250,50,58,0.11174481199986985,193,0.7610890174586081,2.2987487226599255,success,
DTLZ1_m10_e250_s50,DTLZ1,NSGAII,pure_moea,10,1,250,50,59,0.05425626899977942,220,0.9032422413185645,1.2581087096543608,success,
DTLZ1_m10_e250_s50,DTLZ1,NSGAII,dvl_framework,10,1,250,50,59,0.11390410200010592,178,0.9553301956364834,1.6464208724453786,success,
DTLZ1_m10_e250_s50,DTLZ1,NSGAII,pure_moea,10,1,250,50,60,0.05244148499969015,220,0.9682422982851072,1.0367600064850706,success,
DTLZ1_m10_e250_s50,DTLZ1,NSGAII,dvl_framework,10,1,250,50,60,0.10644897900010619,172,0.7929497215173955,2.59853417589427,success,
DTLZ1_m10_e250_s50,DTLZ1,NSGAII,pure_moea,10,1,250,50,61,0.05400636000013037,220,0.9683350320929401,0.6679940771767982,success,
DTLZ1_m10_e250_s50,DTLZ1,NSGAII,dvl_framework,10,1,250,50,61,0.11441090400012399,213,0.9853342628953159,1.0930253853840528,success,
DTLZ1_m10_e250_s50,DTLZ1,NSGAIII,pure_moea,10,1,250,50,42,0.3626016250000248,214,0.9305692151567595,1.1949360123642747,success,
DTLZ1_m10_e250_s50,DTLZ1,NSGAIII,dvl_framework,10,1,250,50,42,0.10487255299995013,162,0.6287650942244832,3.0650417067839713,success,
DTLZ1_m10_e250_s50,DTLZ1,NSGAIII,pure_moea,10,1,250,50,43,0.4056502529997488,191,0.9543564720773373,1.0637096736060008,success,
DTLZ1_m10_e250_s50,DTLZ1,NSGAIII,dvl_framework,10,1,250,50,43,0.11563314299974081,204,0.9067137285643367,2.1474902868794477,success,
DTLZ1_m10_e250_s50,DTLZ1,NSGAIII,pure_moea,10,1,250,50,44,0.3684700129997509,216,0.9499162669980912,0.7947381950148267,success,
DTLZ1_m10_e250_s50,DTLZ1,NSGAIII,dvl_framework,10,1,250,50,44,0.11828369800014116,211,0.9663679263951394,1.5168146264206395,success,
DTLZ1_m10_e250_s50,DTLZ1,NSGAIII,pure_moea,10,1,250,50,45,0.36483647899967764,220,0.8956696207572403,1.643709050554414,success,
DTLZ1_m10_e250_s50,DTLZ1,NSGAIII,dvl_framework,10,1,250,50,45,0.10965136300001177,182,0.9149124891597912,1.3232748453987888,success,
DTLZ1_m10_e250_s50,DTLZ1,NSGAIII,pure_moea,10,1,250,50,46,0.3717846190002092,216,0.9464448826239906,1.1338221002463125,success,
DTLZ1_m10_e250_s50,DTLZ1,NSGAIII,dvl_framework,10,1,250,50,46,0.11061429299979864,185,0.999002299519214,0.8735379131695303,success,
DTLZ1_m10_e250_s50,DTLZ1,NSGAIII,pure_moea,10,1,250,50,47,0.3590138649997243,206,0.9858169888927379,0.7531490174399761,success,
DTLZ1_m10_e250_s50,DTLZ1,NSGAIII,dvl_framework,10,1,250,50,47,0.10573254400014775,168,0.955161410806629,1.2169370268023196,success,
DTLZ1_m10_e250_s50,DTLZ1,NSGAIII,pure_moea,10,1,250,50,48,0.3759946549998858,218,0.9425769875200354,0.7089612993453486,success,
DTLZ1_m10_e250_s50,DTLZ1,NSGAIII,dvl_framework,10,1,250,50,48,0.11599703699994279,198,0.8593139892949564,2.560586849245068,success,
DTLZ1_m10_e250_s50,DTLZ1,NSGAIII,pure_moea,10,1,250,50,49,0.3582321829999273,198,0.8786869680512959,1.9354020426704217,success,
DTLZ1_m10_e250_s50,DTLZ1,NSGAIII,dvl_framework,10,1,250,50,49,0.10388456800001222,168,0.5397592247772155,5.6737946548146585,success,
DTLZ1_m10_e250_s50,DTLZ1,NSGAIII,pure_moea,10,1,250,50,50,0.36787867500015636,201,0.87250476064253,1.0282159555440333,success,
DTLZ1_m10_e250_s50,DTLZ1,NSGAIII,dvl_framework,10,1,250,50,50,0.1138973279998936,211,0.9954599892981035,0.8381541916944446,success,
DTLZ1_m10_e250_s50,DTLZ1,NSGAIII,pure_moea,10,1,250,50,51,0.353771974999745,198,0.9623358455486313,0.9436606469541184,success,
DTLZ1_m10_e250_s50,DTLZ1,NSGAIII,dvl_framework,10,1,250,50,51,0.10977946399998473,175,0.005384767667317812,14.285598060079675,success,
DTLZ1_m10_e250_s50,DTLZ1,NSGAIII,pure_moea,10,1,250,50,52,0.361045285000273,201,0.9392075881216887,0.9898735070785296,success,
DTLZ1_m10_e250_s50,DTLZ1,NSGAIII,dvl_framework,10,1,250,50,52,0.11048192299995208,187,0.959061793868729,1.1410634758451654,success,
DTLZ1_m10_e250_s50,DTLZ1,NSGAIII,pure_moea,10,1,250,50,53,0.42894309600023917,220,0.9701278152626895,0.6650987881093362,success,
DTLZ1_m10_e250_s50,DTLZ1,NSGAIII,dvl_framework,10,1,250,50,53,0.10751624999966225,188,0.5223097357509172,4.803526722239142,success,
DTLZ1_m10_e250_s50,DTLZ1,NSGAIII,pure_moea,10,1,250,50,54,0.41570996300015395,208,0.9486280301185173,1.0651625118269703,success,
DTLZ1_m10_e250_s50,DTLZ1,NSGAIII,dvl_framework,10,1,250,50,54,0.1092979939999168,179,0.7538486274951501,1.7143908212389969,success,
DTLZ1_m10_e250_s50,DTLZ1,NSGAIII,pure_moea,10,1,250,50,55,0.38181983599997693,220,0.9134019542138879,1.4644163610450593,success,
DTLZ1_m10_e250_s50,DTLZ1,NSGAIII,dvl_framework,10,1,250,50,55,0.10818227699974159,181,0.986250541407452,1.502560140833894,success,
DTLZ1_m10_e250_s50,DTLZ1,NSGAIII,pure_moea,10,1,250,50,56,0.3749080310003592,220,0.9306491295072149,1.6208691780406008,success,
DTLZ1_m10_e250_s50,DTLZ1,NSGAIII,dvl_framework,10,1,250,50,56,0.11123868200002107,172,0.956030379178123,2.04420079547306,success,
DTLZ1_m10_e250_s50,DTLZ1,NSGAIII,pure_moea,10,1,250,50,57,0.3694614519999959,203,0.9782582281261524,0.7157435557858554,success,
DTLZ1_m10_e250_s50,DTLZ1,NSGAIII,dvl_framework,10,1,250,50,57,0.11444524699982139,198,0.911814032551487,1.0286863491312017,success,
DTLZ1_m10_e250_s50,DTLZ1,NSGAIII,pure_moea,10,1,250,50,58,0.35792261000005965,204,0.9729021913577496,1.1650842223929543,success,
DTLZ1_m10_e250_s50,DTLZ1,NSGAIII,dvl_framework,10,1,250,50,58,0.11305355600006806,193,0.7610890174586081,2.2987487226599255,success,
DTLZ1_m10_e250_s50,DTLZ1,NSGAIII,pure_moea,10,1,250,50,59,0.3704377280000699,205,0.9449968313481035,1.2543701614812321,success,
DTLZ1_m10_e250_s50,DTLZ1,NSGAIII,dvl_framework,10,1,250,50,59,0.11200795700005983,178,0.9553301956364834,1.6464208724453786,success,
DTLZ1_m10_e250_s50,DTLZ1,NSGAIII,pure_moea,10,1,250,50,60,0.3529451260001224,189,0.9742958552922859,1.0367600064850706,success,
DTLZ1_m10_e250_s50,DTLZ1,NSGAIII,dvl_framework,10,1,250,50,60,0.10599383399994622,172,0.7929497215173955,2.59853417589427,success,
DTLZ1_m10_e250_s50,DTLZ1,NSGAIII,pure_moea,10,1,250,50,61,0.3664863140002126,200,0.9784025580428204,0.6679940771767982,success,
DTLZ1_m10_e250_s50,DTLZ1,NSGAIII,dvl_framework,10,1,250,50,61,0.11743573500007187,213,0.9853342628953159,1.0930253853840528,success,
DTLZ1_m10_e500_s112,DTLZ1,MOEAD,pure_moea,10,1,500,112,42,0.13041942900008507,59,0.7455023800768423,4.2157056091432175,success,
DTLZ1_m10_e500_s112,DTLZ1,MOEAD,dvl_framework,10,1,500,112,42,0.15018819099987013,52,0.9907509234916344,2.351509850414699,success,
DTLZ1_m10_e500_s112,DTLZ1,MOEAD,pure_moea,10,1,500,112,43,0.13052679100019304,50,0.8188844358270483,3.8336908639766,success,
DTLZ1_m10_e500_s112,DTLZ1,MOEAD,dvl_framework,10,1,500,112,43,0.1963284069997826,56,0.9431785697321796,3.133473954208692,success,
DTLZ1_m10_e500_s112,DTLZ1,MOEAD,pure_moea,10,1,500,112,44,0.12836841200032723,42,0.4941580838121012,6.89751541740103,success,
DTLZ1_m10_e500_s112,DTLZ1,MOEAD,dvl_framework,10,1,500,112,44,0.15470885800004908,64,0.9531881212268608,2.3211312503671064,success,
DTLZ1_m10_e500_s112,DTLZ1,MOEAD,pure_moea,10,1,500,112,45,0.13096932100006597,43,0.9950328829320791,1.9453857557384349,success,
DTLZ1_m10_e500_s112,DTLZ1,MOEAD,dvl_framework,10,1,500,112,45,0.14861504999998942,44,0.999702862256213,0.9899236097949439,success,
DTLZ1_m10_e500_s112,DTLZ1,MOEAD,pure_moea,10,1,500,112,46,0.13314692699987063,47,0.9203258922591763,2.393889314764154,success,
DTLZ1_m10_e500_s112,DTLZ1,MOEAD,dvl_framework,10,1,500,112,46,0.1515301360000194,68,0.9576311880783037,0.7342091285305238,success,
DTLZ1_m10_e500_s112,DTLZ1,MOEAD,pure_moea,10,1,500,112,47,0.13100982500009195,49,0.9961977839062172,1.1980694599795003,success,
DTLZ1_m10_e500_s112,DTLZ1,MOEAD,dvl_framework,10,1,500,112,47,0.1525842860000921,52,0.9602564379717259,2.232596627390245,success,
DTLZ1_m10_e500_s112,DTLZ1,MOEAD,pure_moea,10,1,500,112,48,0.1295328440000958,62,0.10565914369873311,8.71232017089879,success,
DTLZ1_m10_e500_s112,DTLZ1,MOEAD,dvl_framework,10,1,500,112,48,0.15001956199967026,49,0.9999868930409412,1.1840190835905582,success,
DTLZ1_m10_e500_s112,DTLZ1,MOEAD,pure_moea,10,1,500,112,49,0.1309356389997447,49,0.999848810611265,0.6401301270216188,success,
DTLZ1_m10_e500_s112,DTLZ1,MOEAD,dvl_framework,10,1,500,112,49,0.15552982100007284,44,0.9435508164845373,1.41651920122962,success,
DTLZ1_m10_e500_s112,DTLZ1,MOEAD,pure_moea,10,1,500,112,50,0.1297588209999958,53,0.9990505587317177,1.4619629814202433,success,
DTLZ1_m10_e500_s112,DTLZ1,MOEAD,dvl_framework,10,1,500,112,50,0.15140488299994104,56,0.9910047365972,1.8445466805400998,success,
DTLZ1_m10_e500_s112,DTLZ1,MOEAD,pure_moea,10,1,500,112,51,0.12945299700004398,49,0.9954221755679799,1.148156738436846,success,
DTLZ1_m10_e500_s112,DTLZ1,MOEAD,dvl_framework,10,1,500,112,51,0.1520667750000939,50,0.9962863167665573,1.9866609602456244,success,
DTLZ1_m10_e500_s112,DTLZ1,MOEAD,pure_moea,10,1,500,112,52,0.1310323600000629,50,0.45604320695039274,7.293276743539603,success,
DTLZ1_m10_e500_s112,DTLZ1,MOEAD,dvl_framework,10,1,500,112,52,0.15437512500011508,68,0.9952976803782821,1.0043723231200736,success,
DTLZ1_m10_e500_s112,DTLZ1,MOEAD,pure_moea,10,1,500,112,53,0.13116109100019457,50,0.9980525345188507,0.8601166963685336,success,
DTLZ1_m10_e500_s112,DTLZ1,MOEAD,dvl_framework,10,1,500,112,53,0.1549622669999735,64,0.9968166776399694,1.3464532157025293,success,
DTLZ1_m10_e500_s112,DTLZ1,MOEAD,pure_moea,10,1,500,112,54,0.13185173500005476,57,0.9022446056961568,3.5925697006363126,success,
DTLZ1_m10_e500_s112,DTLZ1,MOEAD,dvl_framework,10,1,500,112,54,0.150014161999934,61,0.9176117744872521,3.2582722631748817,success,
DTLZ1_m10_e500_s112,DTLZ1,MOEAD,pure_moea,10,1,500,112,55,0.12843200199995408,65,0.3325222942784661,7.35262594038023,success,
DTLZ1_m10_e500_s112,DTLZ1,MOEAD,dvl_framework,10,1,500,112,55,0.1529752789997474,49,0.880112809752577,2.02568690579964,success,
DTLZ1_m10_e500_s112,DTLZ1,MOEAD,pure_moea,10,1,500,112,56,0.13151649800011,58,0.976789223671543,1.9358471595580755,success,
DTLZ1_m10_e500_s112,DTLZ1,MOEAD,dvl_framework,10,1,500,112,56,0.15313755299985132,58,0.9990937164809084,0.7129376890699819,success,
DTLZ1_m10_e500_s112,DTLZ1,MOEAD,pure_moea,10,1,500,112,57,0.13173199099992416,44,0.2609232667252569,6.953127052911869,success,
DTLZ1_m10_e500_s112,DTLZ1,MOEAD,dvl_framework,10,1,500,112,57,0.1543029149997892,66,0.9052926555287514,3.000784947498353,success,
DTLZ1_m10_e500_s112,DTLZ1,MOEAD,pure_moea,10,1,500,112,58,0.12994013200022891,44,0.9871961426310543,1.0691504082718564,success,
DTLZ1_m10_e500_s112,DTLZ1,MOEAD,dvl_framework,10,1,500,112,58,0.1525814819997322,61,0.9247162533114399,2.0257698529074952,success,
DTLZ1_m10_e500_s112,DTLZ1,MOEAD,pure_moea,10,1,500,112,59,0.1757403169999634,45,0.8961472749959246,2.5097311607621773,success,
DTLZ1_m10_e500_s112,DTLZ1,MOEAD,dvl_framework,10,1,500,112,59,0.15698452800006635,61,0.9988536705453794,1.6333869310287843,success,
DTLZ1_m10_e500_s112,DTLZ1,MOEAD,pure_moea,10,1,500,112,60,0.12974645600024814,44,0.9347357455745926,2.9552732136880784,success,
DTLZ1_m10_e500_s112,DTLZ1,MOEAD,dvl_framework,10,1,500,112,60,0.15093974799992793,59,0.9804184584619107,0.8378620347266731,success,
DTLZ1_m10_e500_s112,DTLZ1,MOEAD,pure_moea,10,1,500,112,61,0.12988209300010567,55,0.9999538867504228,0.846227481451393,success,
DTLZ1_m10_e500_s112,DTLZ1,MOEAD,dvl_framework,10,1,500,112,61,0.15342722400009734,69,0.8424631837164424,1.5978344258002526,success,
DTLZ1_m10_e500_s112,DTLZ1,NSGAII,pure_moea,10,1,500,112,42,0.2204993150003247,220,0.9346657444213322,1.1949360123642747,success,
DTLZ1_m10_e500_s112,DTLZ1,NSGAII,dvl_framework,10,1,500,112,42,0.25074801899972954,220,0.98818207184174,1.494752752409506,success,
DTLZ1_m10_e500_s112,DTLZ1,NSGAII,pure_moea,10,1,500,112,43,0.21463307900012296,220,0.9544123759866001,1.0636954439967101,success,
DTLZ1_m10_e500_s112,DTLZ1,NSGAII,dvl_framework,10,1,500,112,43,0.26096223599961377,220,0.9337184077645708,3.44648348808566,success,
DTLZ1_m10_e500_s112,DTLZ1,NSGAII,pure_moea,10,1,500,112,44,0.21671216200002164,220,0.9713216053864839,0.6627752712779712,success,
DTLZ1_m10_e500_s112,DTLZ1,NSGAII,dvl_framework,10,1,500,112,44,0.2613802629998645,220,0.9992809549140924,1.2383754258497734,success,
DTLZ1_m10_e500_s112,DTLZ1,NSGAII,pure_moea,10,1,500,112,45,0.21705488700035858,220,0.8947830395676933,1.643709050554414,success,
DTLZ1_m10_e500_s112,DTLZ1,NSGAII,dvl_framework,10,1,500,112,45,0.2455830550002247,220,0.9894819351077635,1.2904851182950015,success,
DTLZ1_m10_e500_s112,DTLZ1,NSGAII,pure_moea,10,1,500,112,46,0.2233599090000098,220,0.9353998788223782,1.1338221002463125,success,
DTLZ1_m10_e500_s112,DTLZ1,NSGAII,dvl_framework,10,1,500,112,46,0.2566562829997565,220,0.9862469322649464,0.73419085925883,success,
DTLZ1_m10_e500_s112,DTLZ1,NSGAII,pure_moea,10,1,500,112,47,0.21886381600006644,220,0.9931938830439232,0.7531490174399761,success,
DTLZ1_m10_e500_s112,DTLZ1,NSGAII,dvl_framework,10,1,500,112,47,0.25169042000015907,220,0.9839535549816836,2.005988551067255,success,
DTLZ1_m10_e500_s112,DTLZ1,NSGAII,pure_moea,10,1,500,112,48,0.2174033290002626,220,0.9497265832349159,0.7089612993453486,success,
DTLZ1_m10_e500_s112,DTLZ1,NSGAII,dvl_framework,10,1,500,112,48,0.25444767299995874,220,0.9918250427456184,0.904285241747155,success,
DTLZ1_m10_e500_s112,DTLZ1,NSGAII,pure_moea,10,1,500,112,49,0.2225235360001534,220,0.8921221487263752,1.9354020426704217,success,
DTLZ1_m10_e500_s112,DTLZ1,NSGAII,dvl_framework,10,1,500,112,49,0.2617542309999408,220,0.9589955440746522,1.41651920122962,success,
DTLZ1_m10_e500_s112,DTLZ1,NSGAII,pure_moea,10,1,500,112,50,0.22183724700016683,220,0.9000885110393204,1.0282159555440333,success,
DTLZ1_m10_e500_s112,DTLZ1,NSGAII,dvl_framework,10,1,500,112,50,0.25591118900001675,220,0.9801512118156355,0.8364147717599149,success,
DTLZ1_m10_e500_s112,DTLZ1,NSGAII,pure_moea,10,1,500,112,51,0.21972919099971477,220,0.9734061032832787,0.9436606469541184,success,
DTLZ1_m10_e500_s112,DTLZ1,NSGAII,dvl_framework,10,1,500,112,51,0.2656076060002306,220,0.9967667112860027,1.3001906327975556,success,
DTLZ1_m10_e500_s112,DTLZ1,NSGAII,pure_moea,10,1,500,112,52,0.2251860750002379,220,0.9402756557014784,0.9898735070785296,success,
DTLZ1_m10_e500_s112,DTLZ1,NSGAII,dvl_framework,10,1,500,112,52,0.25581401299996287,220,0.9909684866903683,1.000617732556817,success,
DTLZ1_m10_e500_s112,DTLZ1,NSGAII,pure_moea,10,1,500,112,53,0.22371382299979814,220,0.9744432650630962,0.6650987881093362,success,
DTLZ1_m10_e500_s112,DTLZ1,NSGAII,dvl_framework,10,1,500,112,53,0.25655300000016723,220,0.9594783186476984,1.5364057924730068,success,
DTLZ1_m10_e500_s112,DTLZ1,NSGAII,pure_moea,10,1,500,112,54,0.2203267820000292,220,0.9605180735397785,1.0651625118269703,success,
DTLZ1_m10_e500_s112,DTLZ1,NSGAII,dvl_framework,10,1,500,112,54,0.23339960400016935,220,0.9935208164864706,0.9974769906017147,success,
DTLZ1_m10_e500_s112,DTLZ1,NSGAII,pure_moea,10,1,500,112,55,0.21854112499977418,220,0.9186213543252443,1.4644163610450593,success,
DTLZ1_m10_e500_s112,DTLZ1,NSGAII,dvl_framework,10,1,500,112,55,0.25367594499994084,220,0.7972874576720131,2.02568690579964,success,
DTLZ1_m10_e500_s112,DTLZ1,NSGAII,pure_moea,10,1,500,112,56,0.22017102100016928,220,0.8786190949603581,1.6251381575730537,success,
DTLZ1_m10_e500_s112,DTLZ1,NSGAII,dvl_framework,10,1,500,112,56,0.252097581000271,220,0.9999918885275914,0.6607590700160667,success,
DTLZ1_m10_e500_s112,DTLZ1,NSGAII,pure_moea,10,1,500,112,57,0.22342010300008042,220,0.9817078470030554,0.7157435557858554,success,
DTLZ1_m10_e500_s112,DTLZ1,NSGAII,dvl_framework,10,1,500,112,57,0.2573296640002809,220,0.9652749266988091,1.7078573372080823,success,
DTLZ1_m10_e500_s112,DTLZ1,NSGAII,pure_moea,10,1,500,112,58,0.22002994000013132,220,0.9634777190029759,1.2349445380720758,success,
DTLZ1_m10_e500_s112,DTLZ1,NSGAII,dvl_framework,10,1,500,112,58,0.24168722300009904,220,0.9980673791549499,1.143881699000097,success,
DTLZ1_m10_e500_s112,DTLZ1,NSGAII,pure_moea,10,1,500,112,59,0.21756777200016586,220,0.9043066853510218,1.2581087096543608,success,
DTLZ1_m10_e500_s112,DTLZ1,NSGAII,dvl_framework,10,1,500,112,59,0.2694508700001279,220,0.9992896684973509,1.311184733867383,success,
DTLZ1_m10_e500_s112,DTLZ1,NSGAII,pure_moea,10,1,500,112,60,0.21372939200000474,220,0.9785821285181595,1.0361028687539948,success,
DTLZ1_m10_e500_s112,DTLZ1,NSGAII,dvl_framework,10,1,500,112,60,0.24871282899994185,220,0.9827826155946312,0.698584792294878,success,
DTLZ1_m10_e500_s112,DTLZ1,NSGAII,pure_moea,10,1,500,112,61,0.21895453300021472,220,0.9851462476557796,0.6676706400895621,success,
DTLZ1_m10_e500_s112,DTLZ1,NSGAII,dvl_framework,10,1,500,112,61,0.25136673499991957,220,0.9773831814062426,1.5967552373391516,success,
DTLZ1_m10_e500_s112,DTLZ1,NSGAIII,pure_moea,10,1,500,112,42,0.8986752850000812,203,0.9697584552613827,1.1914201090266952,success,
DTLZ1_m10_e500_s112,DTLZ1,NSGAIII,dvl_framework,10,1,500,112,42,0.5583908419998806,192,0.995764743335676,1.494752752409506,success,
DTLZ1_m10_e500_s112,DTLZ1,NSGAIII,pure_moea,10,1,500,112,43,0.8471492509997915,203,0.9771615468959545,1.0636229662276704,success,
DTLZ1_m10_e500_s112,DTLZ1,NSGAIII,dvl_framework,10,1,500,112,43,0.558577631999924,183,0.9998409700703211,0.905938057804399,success,
DTLZ1_m10_e500_s112,DTLZ1,NSGAIII,pure_moea,10,1,500,112,44,0.81600054799992,205,0.976821628598532,0.661071099458454,success,
DTLZ1_m10_e500_s112,DTLZ1,NSGAIII,dvl_framework,10,1,500,112,44,0.5608061980001366,219,0.9976842923494188,1.2283326926012563,success,
DTLZ1_m10_e500_s112,DTLZ1,NSGAIII,pure_moea,10,1,500,112,45,0.8173636599999554,213,0.9510414033528971,1.5857365312386735,success,
DTLZ1_m10_e500_s112,DTLZ1,NSGAIII,dvl_framework,10,1,500,112,45,0.5315719960003662,197,0.998373679247406,1.2868340473544997,success,
DTLZ1_m10_e500_s112,DTLZ1,NSGAIII,pure_moea,10,1,500,112,46,0.8356050389998018,215,0.9453964971703116,1.1338221002463125,success,
DTLZ1_m10_e500_s112,DTLZ1,NSGAIII,dvl_framework,10,1,500,112,46,0.5666430260002926,218,0.9996470832801453,0.6012820771873622,success,
DTLZ1_m10_e500_s112,DTLZ1,NSGAIII,pure_moea,10,1,500,112,47,0.8452880959998765,207,0.9955512914551945,0.7528462104481952,success,
DTLZ1_m10_e500_s112,DTLZ1,NSGAIII,dvl_framework,10,1,500,112,47,0.5718490579997706,212,0.9996768381648433,0.8650251624313612,success,
DTLZ1_m10_e500_s112,DTLZ1,NSGAIII,pure_moea,10,1,500,112,48,0.8881214640000508,208,0.9556270300275795,0.7089612993453486,success,
DTLZ1_m10_e500_s112,DTLZ1,NSGAIII,dvl_framework,10,1,500,112,48,0.5606478670001707,219,0.9982057123417153,0.9039100655791651,success,
DTLZ1_m10_e500_s112,DTLZ1,NSGAIII,pure_moea,10,1,500,112,49,0.8367099790002612,219,0.9410956620084724,1.9354020426704217,success,
DTLZ1_m10_e500_s112,DTLZ1,NSGAIII,dvl_framework,10,1,500,112,49,0.5314196249996712,209,0.9875269181341677,1.4163954626862523,success,
DTLZ1_m10_e500_s112,DTLZ1,NSGAIII,pure_moea,10,1,500,112,50,0.8608910250000008,220,0.9528267668997242,0.9421360708783904,success,
DTLZ1_m10_e500_s112,DTLZ1,NSGAIII,dvl_framework,10,1,500,112,50,0.5247014279998439,203,0.9993424208340043,0.8231979154437571,success,
DTLZ1_m10_e500_s112,DTLZ1,NSGAIII,pure_moea,10,1,500,112,51,0.8451507419999871,217,0.9839201428938589,0.9436606469541184,success,
DTLZ1_m10_e500_s112,DTLZ1,NSGAIII,dvl_framework,10,1,500,112,51,0.5568787219999649,213,0.9987041995208247,1.2998903476929555,success,
DTLZ1_m10_e500_s112,DTLZ1,NSGAIII,pure_moea,10,1,500,112,52,0.7997708919997422,211,0.9650498069434421,0.9898735070785296,success,
DTLZ1_m10_e500_s112,DTLZ1,NSGAIII,dvl_framework,10,1,500,112,52,0.6001783729998351,186,0.9999534593315994,0.9188058711862808,success,
DTLZ1_m10_e500_s112,DTLZ1,NSGAIII,pure_moea,10,1,500,112,53,0.8798542889999226,220,0.9746507749455797,0.6650987881093362,success,
DTLZ1_m10_e500_s112,DTLZ1,NSGAIII,dvl_framework,10,1,500,112,53,0.5988186929998847,157,0.9998564352222612,1.1177806741283207,success,
DTLZ1_m10_e500_s112,DTLZ1,NSGAIII,pure_moea,10,1,500,112,54,0.8161168229999021,200,0.9826892451998642,1.0645065485618515,success,
DTLZ1_m10_e500_s112,DTLZ1,NSGAIII,dvl_framework,10,1,500,112,54,0.4816646940003011,166,0.9999831729279728,0.9957443535048369,success,
DTLZ1_m10_e500_s112,DTLZ1,NSGAIII,pure_moea,10,1,500,112,55,0.5835748130002685,220,0.9454347629313075,1.4612938998589173,success,
DTLZ1_m10_e500_s112,DTLZ1,NSGAIII,dvl_framework,10,1,500,112,55,0.5439413779999995,218,0.9390979239716942,2.0256869057995353,success,
DTLZ1_m10_e500_s112,DTLZ1,NSGAIII,pure_moea,10,1,500,112,56,0.8150842229997579,215,0.9547674594847521,1.6251381575730537,success,
DTLZ1_m10_e500_s112,DTLZ1,NSGAIII,dvl_framework,10,1,500,112,56,0.5710349810001389,220,0.9999920435350786,0.6608347300893549,success,
DTLZ1_m10_e500_s112,DTLZ1,NSGAIII,pure_moea,10,1,500,112,57,0.8616015799998422,218,0.9848507845321632,0.7156281624668123,success,
DTLZ1_m10_e500_s112,DTLZ1,NSGAIII,dvl_framework,10,1,500,112,57,0.5686850409997533,203,0.9983521193008817,0.993553012115774,success,
DTLZ1_m10_e500_s112,DTLZ1,NSGAIII,pure_moea,10,1,500,112,58,0.84062667399985,219,0.9662944229834175,1.2349445380720758,success,
DTLZ1_m10_e500_s112,DTLZ1,NSGAIII,dvl_framework,10,1,500,112,58,0.49521687700007533,173,0.9969662936094763,0.6371545335257702,success,
DTLZ1_m10_e500_s112,DTLZ1,NSGAIII,pure_moea,10,1,500,112,59,0.8838246269997398,202,0.9158333917044155,1.2581087096543608,success,
DTLZ1_m10_e500_s112,DTLZ1,NSGAIII,dvl_framework,10,1,500,112,59,0.5447947850002492,193,0.9994278210477768,1.3094344752162947,success,
DTLZ1_m10_e500_s112,DTLZ1,NSGAIII,pure_moea,10,1,500,112,60,0.8253093620000982,206,0.9800878052448494,1.0361028687539948,success,
DTLZ1_m10_e500_s112,DTLZ1,NSGAIII,dvl_framework,10,1,500,112,60,0.5021754059998784,162,0.9999500942033216,0.6830384217199778,success,
DTLZ1_m10_e500_s112,DTLZ1,NSGAIII,pure_moea,10,1,500,112,61,0.8866586180001832,201,0.9895498005050463,0.6676706400895621,success,
DTLZ1_m10_e500_s112,DTLZ1,NSGAIII,dvl_framework,10,1,500,112,61,0.5410647109997626,203,0.9986073893251589,1.4541723661057218,success,
DTLZ1_m10_e1000_s200,DTLZ1,MOEAD,pure_moea,10,1,1000,200,42,0.2061265449997336,56,0.9994166452785532,1.0304369205176491,success,
DTLZ1_m10_e1000_s200,DTLZ1,MOEAD,dvl_framework,10,1,1000,200,42,0.21241289599993252,54,0.9983971178335398,3.1408315740964827,success,
DTLZ1_m10_e1000_s200,DTLZ1,MOEAD,pure_moea,10,1,1000,200,43,0.20618916199964588,62,0.9714322414564848,3.233708044162908,success,
DTLZ1_m10_e1000_s200,DTLZ1,MOEAD,dvl_framework,10,1,1000,200,43,0.22119355799986806,65,0.9999979732736081,0.739265578087169,success,
DTLZ1_m10_e1000_s200,DTLZ1,MOEAD,pure_moea,10,1,1000,200,44,0.20459637300018585,53,0.9999656231417606,1.367217639480754,success,
DTLZ1_m10_e1000_s200,DTLZ1,MOEAD,dvl_framework,10,1,1000,200,44,0.21765696500006015,57,0.9866068736092293,2.0859053744352405,success,
DTLZ1_m10_e1000_s200,DTLZ1,MOEAD,pure_moea,10,1,1000,200,45,0.20614500900001076,74,0.9998209101187313,1.2902409423107133,success,
DTLZ1_m10_e1000_s200,DTLZ1,MOEAD,dvl_framework,10,1,1000,200,45,0.21592449299987493,61,0.9999979204393081,0.7114933259931773,success,
DTLZ1_m10_e1000_s200,DTLZ1,MOEAD,pure_moea,10,1,1000,200,46,0.21180057799983842,52,0.9999984889134419,0.6739400084377747,success,
DTLZ1_m10_e1000_s200,DTLZ1,MOEAD,dvl_framework,10,1,1000,200,46,0.21484423800029617,53,0.9999945891766764,0.6356294860362045,success,
DTLZ1_m10_e1000_s200,DTLZ1,MOEAD,pure_moea,10,1,1000,200,47,0.2063938460000827,72,0.9998759962001065,1.145923851296135,success,
DTLZ1_m10_e1000_s200,DTLZ1,MOEAD,dvl_framework,10,1,1000,200,47,0.21784030800017717,55,0.9996036984681843,1.6275000842952427,success,
DTLZ1_m10_e1000_s200,DTLZ1,MOEAD,pure_moea,10,1,1000,200,48,0.20555738699977155,52,0.452208305449864,7.233872662934541,success,
DTLZ1_m10_e1000_s200,DTLZ1,MOEAD,dvl_framework,10,1,1000,200,48,0.21880172099963602,63,0.8258218948050378,3.6421650272850243,success,
DTLZ1_m10_e1000_s200,DTLZ1,MOEAD,pure_moea,10,1,1000,200,49,0.20683876900011455,75,0.9999829038595245,0.5887472971411263,success,
DTLZ1_m10_e1000_s200,DTLZ1,MOEAD,dvl_framework,10,1,1000,200,49,0.21923229699996227,55,0.9967432867837965,3.273202131441892,success,
DTLZ1_m10_e1000_s200,DTLZ1,MOEAD,pure_moea,10,1,1000,200,50,0.20692595399987113,64,0.9999937607005552,0.9284016878243259,success,
DTLZ1_m10_e1000_s200,DTLZ1,MOEAD,dvl_framework,10,1,1000,200,50,0.22084955399986939,51,0.9999998515913067,0.7026154312927702,success,
DTLZ1_m10_e1000_s200,DTLZ1,MOEAD,pure_moea,10,1,1000,200,51,0.20303418399998918,78,0.9995456218670101,0.8227245162719331,success,
DTLZ1_m10_e1000_s200,DTLZ1,MOEAD,dvl_framework,10,1,1000,200,51,0.21808686899976237,59,0.9999963387757301,0.9187041753631278,success,
DTLZ1_m10_e1000_s200,DTLZ1,MOEAD,pure_moea,10,1,1000,200,52,0.20902742599992052,60,0.9850834045782731,2.8984339617126307,success,
DTLZ1_m10_e1000_s200,DTLZ1,MOEAD,dvl_framework,10,1,1000,200,52,0.22022777499978474,43,0.9996729618148879,0.7182522688649855,success,
DTLZ1_m10_e1000_s200,DTLZ1,MOEAD,pure_moea,10,1,1000,200,53,0.20843749000005118,67,0.9999847219248449,0.6004633046526777,success,
DTLZ1_m10_e1000_s200,DTLZ1,MOEAD,dvl_framework,10,1,1000,200,53,0.21982037099996887,53,0.9999957993423759,0.8530240797120915,success,
DTLZ1_m10_e1000_s200,DTLZ1,MOEAD,pure_moea,10,1,1000,200,54,0.24894976899986432,58,0.9751637679982273,3.0353041970991197,success,
DTLZ1_m10_e1000_s200,DTLZ1,MOEAD,dvl_framework,10,1,1000,200,54,0.21874868799977776,58,0.9999906366872651,0.8008793366365565,success,
DTLZ1_m10_e1000_s200,DTLZ1,MOEAD,pure_moea,10,1,1000,200,55,0.20597024199969383,63,0.5690170882907528,6.0318147647135945,success,
DTLZ1_m10_e1000_s200,DTLZ1,MOEAD,dvl_framework,10,1,1000,200,55,0.2189113660001567,57,0.999278917229542,1.3061538514219448,success,
DTLZ1_m10_e1000_s200,DTLZ1,MOEAD,pure_moea,10,1,1000,200,56,0.20848196299994015,62,0.9996588749173094,1.2219164369744777,success,
DTLZ1_m10_e1000_s200,DTLZ1,MOEAD,dvl_framework,10,1,1000,200,56,0.2191730469999129,66,0.9999153453236626,1.1528250601614505,success,
DTLZ1_m10_e1000_s200,DTLZ1,MOEAD,pure_moea,10,1,1000,200,57,0.22014540700001817,55,0.6620496857240246,6.722082866283265,success,
DTLZ1_m10_e1000_s200,DTLZ1,MOEAD,dvl_framework,10,1,1000,200,57,0.21926251099966976,65,0.9999733357236109,0.6066847485895934,success,
DTLZ1_m10_e1000_s200,DTLZ1,MOEAD,pure_moea,10,1,1000,200,58,0.20420426900000166,54,0.9997492898150367,0.6603540370597437,success,
DTLZ1_m10_e1000_s200,DTLZ1,MOEAD,dvl_framework,10,1,1000,200,58,0.21731257400006143,66,0.9999522420937687,1.12302837140291,success,
DTLZ1_m10_e1000_s200,DTLZ1,MOEAD,pure_moea,10,1,1000,200,59,0.20871246499973495,64,0.9997319525397236,1.468419284815469,success,
DTLZ1_m10_e1000_s200,DTLZ1,MOEAD,dvl_framework,10,1,1000,200,59,0.21873181699993438,59,0.9999254154926102,1.3056568641083695,success,
DTLZ1_m10_e1000_s200,DTLZ1,MOEAD,pure_moea,10,1,1000,200,60,0.20262002700019366,51,0.9969856471686216,1.7636322168246916,success,
DTLZ1_m10_e1000_s200,DTLZ1,MOEAD,dvl_framework,10,1,1000,200,60,0.21929957300017122,72,0.7391421993127807,5.59612891252499,success,
DTLZ1_m10_e1000_s200,DTLZ1,MOEAD,pure_moea,10,1,1000,200,61,0.2079638730001534,59,0.9999982272603294,0.5868923752640554,success,
DTLZ1_m10_e1000_s200,DTLZ1,MOEAD,dvl_framework,10,1,1000,200,61,0.21614384500026063,58,0.9785440489802488,4.013548407115239,success,
DTLZ1_m10_e1000_s200,DTLZ1,NSGAII,pure_moea,10,1,1000,200,42,0.8266350170001715,220,0.9936661270234415,0.866647458151381,success,
DTLZ1_m10_e1000_s200,DTLZ1,NSGAII,dvl_framework,10,1,1000,200,42,0.7089137689999916,220,0.9990099520686623,1.3442234064308043,success,
DTLZ1_m10_e1000_s200,DTLZ1,NSGAII,pure_moea,10,1,1000,200,43,0.8023048620002555,220,0.9986409403964829,0.9411844737409015,success,
DTLZ1_m10_e1000_s200,DTLZ1,NSGAII,dvl_framework,10,1,1000,200,43,0.6947220580000248,220,0.9999986049520778,0.7318256065200375,success,
DTLZ1_m10_e1000_s200,DTLZ1,NSGAII,pure_moea,10,1,1000,200,44,0.786540769000112,220,0.999274667852921,0.6426803651834003,success,
DTLZ1_m10_e1000_s200,DTLZ1,NSGAII,dvl_framework,10,1,1000,200,44,0.6685166729998855,220,0.9978472785814338,1.1337888668222789,success,
DTLZ1_m10_e1000_s200,DTLZ1,NSGAII,pure_moea,10,1,1000,200,45,0.7971747470000992,220,0.9880790950768655,1.0261918535030023,success,
DTLZ1_m10_e1000_s200,DTLZ1,NSGAII,dvl_framework,10,1,1000,200,45,0.673413361999792,220,0.9990754553668038,1.5536490143215336,success,
DTLZ1_m10_e1000_s200,DTLZ1,NSGAII,pure_moea,10,1,1000,200,46,0.8607645530000809,220,0.9903108347019317,0.7661267412316928,success,
DTLZ1_m10_e1000_s200,DTLZ1,NSGAII,dvl_framework,10,1,1000,200,46,0.6753179420002198,220,0.9999939633523575,0.9469108310286103,success,
DTLZ1_m10_e1000_s200,DTLZ1,NSGAII,pure_moea,10,1,1000,200,47,0.8000226099998144,220,0.9994306373869055,0.6988009132811523,success,
DTLZ1_m10_e1000_s200,DTLZ1,NSGAII,dvl_framework,10,1,1000,200,47,0.6601270249998379,220,0.9993829264669561,0.7222172442280607,success,
DTLZ1_m10_e1000_s200,DTLZ1,NSGAII,pure_moea,10,1,1000,200,48,0.78718223199985,220,0.9967379989969116,0.6145748592763581,success,
DTLZ1_m10_e1000_s200,DTLZ1,NSGAII,dvl_framework,10,1,1000,200,48,0.6748499840000477,220,0.9968388114930946,0.8253753893849045,success,
DTLZ1_m10_e1000_s200,DTLZ1,NSGAII,pure_moea,10,1,1000,200,49,0.7939838709999094,220,0.9965510477967254,1.1109669218990808,success,
DTLZ1_m10_e1000_s200,DTLZ1,NSGAII,dvl_framework,10,1,1000,200,49,0.6950730080002359,220,0.9941124503693931,1.4033632423843572,success,
DTLZ1_m10_e1000_s200,DTLZ1,NSGAII,pure_moea,10,1,1000,200,50,0.802338114000122,220,0.9921536355715164,0.6137204993391988,success,
DTLZ1_m10_e1000_s200,DTLZ1,NSGAII,dvl_framework,10,1,1000,200,50,0.6779997869998624,220,0.999761980598243,1.1100384046031206,success,
DTLZ1_m10_e1000_s200,DTLZ1,NSGAII,pure_moea,10,1,1000,200,51,0.7964804809998896,220,0.9971093299259911,0.787968886366315,success,
DTLZ1_m10_e1000_s200,DTLZ1,NSGAII,dvl_framework,10,1,1000,200,51,0.6735220290001962,220,0.9998879264724936,1.0470620636251904,success,
DTLZ1_m10_e1000_s200,DTLZ1,NSGAII,pure_moea,10,1,1000,200,52,0.7991442190000271,220,0.997588168035038,0.7728697175999429,success,
DTLZ1_m10_e1000_s200,DTLZ1,NSGAII,dvl_framework,10,1,1000,200,52,0.6734788939997998,220,0.9999173687133577,0.8011321488491057,success,
DTLZ1_m10_e1000_s200,DTLZ1,NSGAII,pure_moea,10,1,1000,200,53,0.8271508069997253,220,0.9998545596739582,0.5581874004190684,success,
DTLZ1_m10_e1000_s200,DTLZ1,NSGAII,dvl_framework,10,1,1000,200,53,0.7199377259998982,220,0.9999407019908161,0.7733055763064787,success,
DTLZ1_m10_e1000_s200,DTLZ1,NSGAII,pure_moea,10,1,1000,200,54,0.8111564050000197,220,0.9917658722637691,1.0427531159068424,success,
DTLZ1_m10_e1000_s200,DTLZ1,NSGAII,dvl_framework,10,1,1000,200,54,0.6844937500000015,220,0.999996641498978,0.7820426283298116,success,
DTLZ1_m10_e1000_s200,DTLZ1,NSGAII,pure_moea,10,1,1000,200,55,0.796254100999704,220,0.987536316327068,1.1352479722645503,success,
DTLZ1_m10_e1000_s200,DTLZ1,NSGAII,dvl_framework,10,1,1000,200,55,0.6640517370001362,220,0.9942906951472746,0.6639588404725957,success,
DTLZ1_m10_e1000_s200,DTLZ1,NSGAII,pure_moea,10,1,1000,200,56,0.791042286999982,220,0.9666569951500309,1.6044316510215606,success,
DTLZ1_m10_e1000_s200,DTLZ1,NSGAII,dvl_framework,10,1,1000,200,56,0.7253626309998253,220,0.9999803419001941,0.8436414914484743,success,
DTLZ1_m10_e1000_s200,DTLZ1,NSGAII,pure_moea,10,1,1000,200,57,0.8020832769998378,220,0.9987243898342277,0.6238750563452953,success,
DTLZ1_m10_e1000_s200,DTLZ1,NSGAII,dvl_framework,10,1,1000,200,57,0.6797357010000269,220,0.9994591300849743,0.697954419921872,success,
DTLZ1_m10_e1000_s200,DTLZ1,NSGAII,pure_moea,10,1,1000,200,58,0.7888723249998293,220,0.9989339704019339,1.0496561029890052,success,
DTLZ1_m10_e1000_s200,DTLZ1,NSGAII,dvl_framework,10,1,1000,200,58,0.6490154329999314,220,0.9986507942263012,1.1470748908597808,success,
DTLZ1_m10_e1000_s200,DTLZ1,NSGAII,pure_moea,10,1,1000,200,59,0.7967480470001647,220,0.9946851885385296,1.2532963481112673,success,
DTLZ1_m10_e1000_s200,DTLZ1,NSGAII,dvl_framework,10,1,1000,200,59,0.7184679249999135,220,0.9989882029952282,1.0861068467675803,success,
DTLZ1_m10_e1000_s200,DTLZ1,NSGAII,pure_moea,10,1,1000,200,60,0.791002158000083,220,0.9916853462554123,1.0357333657770238,success,
DTLZ1_m10_e1000_s200,DTLZ1,NSGAII,dvl_framework,10,1,1000,200,60,0.6718307179999101,220,0.9928408504718813,2.4038840377984303,success,
DTLZ1_m10_e1000_s200,DTLZ1,NSGAII,pure_moea,10,1,1000,200,61,0.815555828000015,220,0.9977355918098955,0.6666633628069557,success,
DTLZ1_m10_e1000_s200,DTLZ1,NSGAII,dvl_framework,10,1,1000,200,61,0.680629553000017,220,0.7342019841905784,2.4566216679682444,success,
DTLZ1_m10_e1000_s200,DTLZ1,NSGAIII,pure_moea,10,1,1000,200,42,1.880103545000111,181,0.9961455582105362,1.053277640632626,success,
DTLZ1_m10_e1000_s200,DTLZ1,NSGAIII,dvl_framework,10,1,1000,200,42,1.4685340000000906,207,0.9999920159104133,1.1333114084569054,success,
DTLZ1_m10_e1000_s200,DTLZ1,NSGAIII,pure_moea,10,1,1000,200,43,1.5590254369999457,176,0.9990940241419899,0.820295538937232,success,
DTLZ1_m10_e1000_s200,DTLZ1,NSGAIII,dvl_framework,10,1,1000,200,43,1.4957937639996999,154,0.9999992910952027,0.7201390416379483,success,
DTLZ1_m10_e1000_s200,DTLZ1,NSGAIII,pure_moea,10,1,1000,200,44,1.735189438999896,213,0.9996817459876313,0.6466150872913022,success,
DTLZ1_m10_e1000_s200,DTLZ1,NSGAIII,dvl_framework,10,1,1000,200,44,1.5277361069997824,100,0.9999999542259731,0.45367866130848894,success,
DTLZ1_m10_e1000_s200,DTLZ1,NSGAIII,pure_moea,10,1,1000,200,45,1.7976158829997075,198,0.9987200920220425,0.8941021300593348,success,
DTLZ1_m10_e1000_s200,DTLZ1,NSGAIII,dvl_framework,10,1,1000,200,45,1.529700307999974,109,0.9999995055977835,0.47362265368174167,success,
DTLZ1_m10_e1000_s200,DTLZ1,NSGAIII,pure_moea,10,1,1000,200,46,1.8505842960003065,213,0.997116425223273,0.7973084748317505,success,
DTLZ1_m10_e1000_s200,DTLZ1,NSGAIII,dvl_framework,10,1,1000,200,46,1.3364390900001126,176,0.9999977942466414,0.5400855971209522,success,
DTLZ1_m10_e1000_s200,DTLZ1,NSGAIII,pure_moea,10,1,1000,200,47,1.8933722579999994,202,0.9997080694694439,0.6002974253632835,success,
DTLZ1_m10_e1000_s200,DTLZ1,NSGAIII,dvl_framework,10,1,1000,200,47,1.5128764020000744,182,0.9999816085758467,0.7460694391028311,success,
DTLZ1_m10_e1000_s200,DTLZ1,NSGAIII,pure_moea,10,1,1000,200,48,1.7787059679999402,190,0.9974329169551529,0.7081460969821933,success,
DTLZ1_m10_e1000_s200,DTLZ1,NSGAIII,dvl_framework,10,1,1000,200,48,1.5186835009999413,82,0.9999999368658432,0.5060606587182039,success,
DTLZ1_m10_e1000_s200,DTLZ1,NSGAIII,pure_moea,10,1,1000,200,49,1.8026958089999425,181,0.9994003079814295,1.020543585963452,success,
DTLZ1_m10_e1000_s200,DTLZ1,NSGAIII,dvl_framework,10,1,1000,200,49,1.2062260659999993,90,0.9999999761869753,0.45977309600868765,success,
DTLZ1_m10_e1000_s200,DTLZ1,NSGAIII,pure_moea,10,1,1000,200,50,1.8224398030001794,215,0.9965385684526833,0.9375866593793409,success,
DTLZ1_m10_e1000_s200,DTLZ1,NSGAIII,dvl_framework,10,1,1000,200,50,1.4697923670000819,191,0.9999982002968631,0.5527909842358357,success,
DTLZ1_m10_e1000_s200,DTLZ1,NSGAIII,pure_moea,10,1,1000,200,51,1.7760126240000318,201,0.9980535313232605,0.8970524644460416,success,
DTLZ1_m10_e1000_s200,DTLZ1,NSGAIII,dvl_framework,10,1,1000,200,51,1.5068522520000442,220,0.9999950693780989,1.025398545580773,success,
DTLZ1_m10_e1000_s200,DTLZ1,NSGAIII,pure_moea,10,1,1000,200,52,1.473510776999774,220,0.9983158637135485,0.7248588672320334,success,
DTLZ1_m10_e1000_s200,DTLZ1,NSGAIII,dvl_framework,10,1,1000,200,52,1.5845221979998314,212,0.9999960846194668,0.6209448428686466,success,
DTLZ1_m10_e1000_s200,DTLZ1,NSGAIII,pure_moea,10,1,1000,200,53,1.6157214750001003,220,0.9992076910681473,0.6481110261279479,success,
DTLZ1_m10_e1000_s200,DTLZ1,NSGAIII,dvl_framework,10,1,1000,200,53,1.4372478020000017,201,0.9999852509421803,0.717522688323011,success,
DTLZ1_m10_e1000_s200,DTLZ1,NSGAIII,pure_moea,10,1,1000,200,54,1.8330559390001326,190,0.9535257077711595,1.0355536249666664,success,
DTLZ1_m10_e1000_s200,DTLZ1,NSGAIII,dvl_framework,10,1,1000,200,54,1.5106925430000047,154,0.9999998581145891,0.6324013246608478,success,
DTLZ1_m10_e1000_s200,DTLZ1,NSGAIII,pure_moea,10,1,1000,200,55,1.7985840629999075,185,0.9974236521249483,1.1466661250653478,success,
DTLZ1_m10_e1000_s200,DTLZ1,NSGAIII,dvl_framework,10,1,1000,200,55,1.2820684520002033,205,0.9999999933180481,0.4807748638830811,success,
DTLZ1_m10_e1000_s200,DTLZ1,NSGAIII,pure_moea,10,1,1000,200,56,1.825236392000079,194,0.9963952023106944,1.2265195038258825,success,
DTLZ1_m10_e1000_s200,DTLZ1,NSGAIII,dvl_framework,10,1,1000,200,56,1.5680275919999076,162,0.9999891617345751,0.7814989155620781,success,
DTLZ1_m10_e1000_s200,DTLZ1,NSGAIII,pure_moea,10,1,1000,200,57,1.833031850000225,218,0.998130967120913,0.6027548298784073,success,
DTLZ1_m10_e1000_s200,DTLZ1,NSGAIII,dvl_framework,10,1,1000,200,57,1.2563236590003726,93,0.9999999586690417,0.42696183582008895,success,
DTLZ1_m10_e1000_s200,DTLZ1,NSGAIII,pure_moea,10,1,1000,200,58,1.9398707420000392,172,0.9947000109272837,0.9229471396967017,success,
DTLZ1_m10_e1000_s200,DTLZ1,NSGAIII,dvl_framework,10,1,1000,200,58,1.3825478129997464,197,0.999984829233997,0.8334742867680461,success,
DTLZ1_m10_e1000_s200,DTLZ1,NSGAIII,pure_moea,10,1,1000,200,59,1.8003248550003264,210,0.9930229055286858,0.9684477743148965,success,
DTLZ1_m10_e1000_s200,DTLZ1,NSGAIII,dvl_framework,10,1,1000,200,59,1.679695544000424,217,0.9761547086271414,0.6076208642959806,success,
DTLZ1_m10_e1000_s200,DTLZ1,NSGAIII,pure_moea,10,1,1000,200,60,1.7872490970003128,188,0.9994768390183998,0.7324653545188351,success,
DTLZ1_m10_e1000_s200,DTLZ1,NSGAIII,dvl_framework,10,1,1000,200,60,1.3671966719994089,201,0.9999704759466705,0.5174321067001351,success,
DTLZ1_m10_e1000_s200,DTLZ1,NSGAIII,pure_moea,10,1,1000,200,61,1.7929734350000217,202,0.999400196519668,0.6568917735545605,success,
DTLZ1_m10_e1000_s200,DTLZ1,NSGAIII,dvl_framework,10,1,1000,200,61,1.4410961470002803,211,0.9999883381263922,0.5262301578565837,success,
DTLZ1_m10_e1500_s200,DTLZ1,MOEAD,pure_moea,10,1,1500,200,42,0.2886124810002002,59,0.99975933528993,0.6942971961221936,success,
DTLZ1_m10_e1500_s200,DTLZ1,MOEAD,dvl_framework,10,1,1500,200,42,0.29106309000053443,56,0.9986008801129679,1.0803699449496704,success,
DTLZ1_m10_e1500_s200,DTLZ1,MOEAD,pure_moea,10,1,1500,200,43,0.2829816049998044,65,0.9786864532566425,2.9766061278556104,success,
DTLZ1_m10_e1500_s200,DTLZ1,MOEAD,dvl_framework,10,1,1500,200,43,0.3403148739998869,54,0.9999427261860895,0.6512773743586379,success,
DTLZ1_m10_e1500_s200,DTLZ1,MOEAD,pure_moea,10,1,1500,200,44,0.2899160169999959,69,0.9999699319191704,1.0624271856206566,success,
DTLZ1_m10_e1500_s200,DTLZ1,MOEAD,dvl_framework,10,1,1500,200,44,0.29747922099977586,61,0.9998251843952207,0.9462235044000379,success,
DTLZ1_m10_e1500_s200,DTLZ1,MOEAD,pure_moea,10,1,1500,200,45,0.2922190919998684,59,0.9999838638291714,1.1910533317627894,success,
DTLZ1_m10_e1500_s200,DTLZ1,MOEAD,dvl_framework,10,1,1500,200,45,0.29857138700026553,78,0.9999997355929379,0.5778718558727336,success,
DTLZ1_m10_e1500_s200,DTLZ1,MOEAD,pure_moea,10,1,1500,200,46,0.2836344229999668,58,0.9999166572353241,0.5781373398005806,success,
DTLZ1_m10_e1500_s200,DTLZ1,MOEAD,dvl_framework,10,1,1500,200,46,0.2965249240005505,70,0.9999993691006588,0.5634836120766893,success,
DTLZ1_m10_e1500_s200,DTLZ1,MOEAD,pure_moea,10,1,1500,200,47,0.28554165400055354,57,0.9999210749313574,0.9917092817087204,success,
DTLZ1_m10_e1500_s200,DTLZ1,MOEAD,dvl_framework,10,1,1500,200,47,0.297913936000441,88,0.9996870746386037,1.1559076639283168,success,
DTLZ1_m10_e1500_s200,DTLZ1,MOEAD,pure_moea,10,1,1500,200,48,0.28219810600057826,50,0.6523171516991337,5.795468606079134,success,
DTLZ1_m10_e1500_s200,DTLZ1,MOEAD,dvl_framework,10,1,1500,200,48,0.29483486600020115,67,0.9985047661110491,2.761363588025509,success,
DTLZ1_m10_e1500_s200,DTLZ1,MOEAD,pure_moea,10,1,1500,200,49,0.2885392710004453,75,0.9999686674167736,0.5375218808431479,success,
DTLZ1_m10_e1500_s200,DTLZ1,MOEAD,dvl_framework,10,1,1500,200,49,0.2953997790000358,59,0.9972605169370143,2.8158022204114714,success,
DTLZ1_m10_e1500_s200,DTLZ1,MOEAD,pure_moea,10,1,1500,200,50,0.28332763299931685,76,0.9999772286220487,0.8721428406868114,success,
DTLZ1_m10_e1500_s200,DTLZ1,MOEAD,dvl_framework,10,1,1500,200,50,0.2991127149998647,68,0.9999741644551855,0.5066649484222692,success,
DTLZ1_m10_e1500_s200,DTLZ1,MOEAD,pure_moea,10,1,1500,200,51,0.28120934999969904,69,0.9999642506682297,0.6243771873417122,success,
DTLZ1_m10_e1500_s200,DTLZ1,MOEAD,dvl_framework,10,1,1500,200,51,0.2943782860002102,61,0.9999998964171051,0.5925245525685434,success,
DTLZ1_m10_e1500_s200,DTLZ1,MOEAD,pure_moea,10,1,1500,200,52,0.28692220900029497,75,0.9911189959995972,2.758211885885563,success,
DTLZ1_m10_e1500_s200,DTLZ1,MOEAD,dvl_framework,10,1,1500,200,52,0.2956293840006765,56,0.9997210718744579,0.650640625190649,success,
DTLZ1_m10_e1500_s200,DTLZ1,MOEAD,pure_moea,10,1,1500,200,53,0.28448515699983545,70,0.9999983578629852,0.5188895915376573,success,
DTLZ1_m10_e1500_s200,DTLZ1,MOEAD,dvl_framework,10,1,1500,200,53,0.29684980300044117,53,0.9999981016618769,0.6788028818191809,success,
DTLZ1_m10_e1500_s200,DTLZ1,MOEAD,pure_moea,10,1,1500,200,54,0.2852558089998638,57,0.9921807232361219,2.9157548771071995,success,
DTLZ1_m10_e1500_s200,DTLZ1,MOEAD,dvl_framework,10,1,1500,200,54,0.29313859199919534,63,0.9999850134132409,0.5420718017838878,success,
DTLZ1_m10_e1500_s200,DTLZ1,MOEAD,pure_moea,10,1,1500,200,55,0.28393203599989647,67,0.7664417887876601,5.540431871398086,success,
DTLZ1_m10_e1500_s200,DTLZ1,MOEAD,dvl_framework,10,1,1500,200,55,0.29708321199996135,57,0.9999937236424986,0.6117180188625212,success,
DTLZ1_m10_e1500_s200,DTLZ1,MOEAD,pure_moea,10,1,1500,200,56,0.28659769000023516,71,0.9997685463569069,1.0130206606061705,success,
DTLZ1_m10_e1500_s200,DTLZ1,MOEAD,dvl_framework,10,1,1500,200,56,0.2916822079996564,69,0.9998940403137329,1.0957958126075655,success,
DTLZ1_m10_e1500_s200,DTLZ1,MOEAD,pure_moea,10,1,1500,200,57,0.28606387699983316,78,0.7653951406793563,6.271719688210806,success,
DTLZ1_m10_e1500_s200,DTLZ1,MOEAD,dvl_framework,10,1,1500,200,57,0.3001391979996697,70,0.9999997663040289,0.4684177508037344,success,
DTLZ1_m10_e1500_s200,DTLZ1,MOEAD,pure_moea,10,1,1500,200,58,0.283028263000233,70,0.9999965863042228,0.48618588968494747,success,
DTLZ1_m10_e1500_s200,DTLZ1,MOEAD,dvl_framework,10,1,1500,200,58,0.29492209,59,0.9999083046790411,0.9586894926816925,success,
DTLZ1_m10_e1500_s200,DTLZ1,MOEAD,pure_moea,10,1,1500,200,59,0.28745079200052714,67,0.9999312500518749,1.1737017769813305,success,
DTLZ1_m10_e1500_s200,DTLZ1,MOEAD,dvl_framework,10,1,1500,200,59,0.3090892469999744,56,0.9999797168741833,1.145635564034141,success,
DTLZ1_m10_e1500_s200,DTLZ1,MOEAD,pure_moea,10,1,1500,200,60,0.2814253139995344,60,0.9989346346590477,1.2515689289796397,success,
DTLZ1_m10_e1500_s200,DTLZ1,MOEAD,dvl_framework,10,1,1500,200,60,0.2985362620001979,54,0.9999919931310757,0.9161368878893265,success,
DTLZ1_m10_e1500_s200,DTLZ1,MOEAD,pure_moea,10,1,1500,200,61,0.2816268360002141,68,0.9999989978599896,0.563399408625739,success,
DTLZ1_m10_e1500_s200,DTLZ1,MOEAD,dvl_framework,10,1,1500,200,61,0.29136766600004194,66,0.9928060261623066,3.7570502936394465,success,
DTLZ1_m10_e1500_s200,DTLZ1,NSGAII,pure_moea,10,1,1500,200,42,1.254583597000419,220,0.9991874314829932,0.8578341731593107,success,
DTLZ1_m10_e1500_s200,DTLZ1,NSGAII,dvl_framework,10,1,1500,200,42,1.1235274860000573,220,0.9997957050061358,1.3394805943983392,success,
DTLZ1_m10_e1500_s200,DTLZ1,NSGAII,pure_moea,10,1,1500,200,43,1.2966730050002298,220,0.9999282652042494,0.8372734025238336,success,
DTLZ1_m10_e1500_s200,DTLZ1,NSGAII,dvl_framework,10,1,1500,200,43,1.1213865460003944,220,0.9999988668211041,0.6912654685024849,success,
DTLZ1_m10_e1500_s200,DTLZ1,NSGAII,pure_moea,10,1,1500,200,44,1.2321414689995436,220,0.9999838713766404,0.6144609980980715,success,
DTLZ1_m10_e1500_s200,DTLZ1,NSGAII,dvl_framework,10,1,1500,200,44,1.1215095289999226,220,0.9994826537981752,1.1333851972126214,success,
DTLZ1_m10_e1500_s200,DTLZ1,NSGAII,pure_moea,10,1,1500,200,45,1.2442940410001029,220,0.9992290224622349,0.9497889075220588,success,
DTLZ1_m10_e1500_s200,DTLZ1,NSGAII,dvl_framework,10,1,1500,200,45,1.1641675440005201,220,0.9980700901025131,1.6237693144097844,success,
DTLZ1_m10_e1500_s200,DTLZ1,NSGAII,pure_moea,10,1,1500,200,46,1.2506548940000357,220,0.9984616268605604,0.6843906660082908,success,
DTLZ1_m10_e1500_s200,DTLZ1,NSGAII,dvl_framework,10,1,1500,200,46,1.1287792590001118,220,0.9999865806227314,0.923286655566012,success,
DTLZ1_m10_e1500_s200,DTLZ1,NSGAII,pure_moea,10,1,1500,200,47,1.2487926710000465,220,0.9999553998833198,0.5664172531381723,success,
DTLZ1_m10_e1500_s200,DTLZ1,NSGAII,dvl_framework,10,1,1500,200,47,1.09685325800001,220,0.9998476003523934,0.7219162245051629,success,
DTLZ1_m10_e1500_s200,DTLZ1,NSGAII,pure_moea,10,1,1500,200,48,1.2720722680005565,220,0.999836314134725,0.5239451126180389,success,
DTLZ1_m10_e1500_s200,DTLZ1,NSGAII,dvl_framework,10,1,1500,200,48,1.1155004069996721,220,0.9996113428961384,0.8253753893849045,success,
DTLZ1_m10_e1500_s200,DTLZ1,NSGAII,pure_moea,10,1,1500,200,49,1.232601120000254,220,0.9986661936016823,1.081487735296057,success,
DTLZ1_m10_e1500_s200,DTLZ1,NSGAII,dvl_framework,10,1,1500,200,49,1.0983899530001509,220,0.998585776071257,1.403994513179114,success,
DTLZ1_m10_e1500_s200,DTLZ1,NSGAII,pure_moea,10,1,1500,200,50,1.282468269000674,220,0.9984997426882988,0.6035672696865523,success,
DTLZ1_m10_e1500_s200,DTLZ1,NSGAII,dvl_framework,10,1,1500,200,50,1.1423859850001463,220,0.9999845657709205,1.1014472815541838,success,
DTLZ1_m10_e1500_s200,DTLZ1,NSGAII,pure_moea,10,1,1500,200,51,1.2376229639994563,220,0.9998120126955848,0.784322203092293,success,
DTLZ1_m10_e1500_s200,DTLZ1,NSGAII,dvl_framework,10,1,1500,200,51,1.0819722320002256,220,0.9999973588030256,0.9767735667858807,success,
DTLZ1_m10_e1500_s200,DTLZ1,NSGAII,pure_moea,10,1,1500,200,52,1.2421074450003289,220,0.9997627451142563,0.7524902058761735,success,
DTLZ1_m10_e1500_s200,DTLZ1,NSGAII,dvl_framework,10,1,1500,200,52,1.158432499999435,220,0.9999434808819494,1.0282446203336284,success,
DTLZ1_m10_e1500_s200,DTLZ1,NSGAII,pure_moea,10,1,1500,200,53,1.2478878239999176,220,0.99999583225978,0.5222774655188835,success,
DTLZ1_m10_e1500_s200,DTLZ1,NSGAII,dvl_framework,10,1,1500,200,53,1.1274658629999976,220,0.9999999711446467,0.6471605706074801,success,
DTLZ1_m10_e1500_s200,DTLZ1,NSGAII,pure_moea,10,1,1500,200,54,1.2489548079993256,220,0.9994952788448142,0.9817168808112088,success,
DTLZ1_m10_e1500_s200,DTLZ1,NSGAII,dvl_framework,10,1,1500,200,54,1.110943751999912,220,0.965705031491991,0.7096778440662787,success,
DTLZ1_m10_e1500_s200,DTLZ1,NSGAII,pure_moea,10,1,1500,200,55,1.2956632060004267,220,0.9987041358648369,0.9901320805691773,success,
DTLZ1_m10_e1500_s200,DTLZ1,NSGAII,dvl_framework,10,1,1500,200,55,1.1037853620000533,220,0.9980455769008768,0.6722772508067569,success,
DTLZ1_m10_e1500_s200,DTLZ1,NSGAII,pure_moea,10,1,1500,200,56,1.2388197020000007,220,0.9998450105964681,0.8488775869028176,success,
DTLZ1_m10_e1500_s200,DTLZ1,NSGAII,dvl_framework,10,1,1500,200,56,1.1103692379992935,220,0.9999969920291591,0.7865799413925767,success,
DTLZ1_m10_e1500_s200,DTLZ1,NSGAII,pure_moea,10,1,1500,200,57,1.2621260350006196,220,0.9960915082050528,0.5838578027681463,success,
DTLZ1_m10_e1500_s200,DTLZ1,NSGAII,dvl_framework,10,1,1500,200,57,1.11222239000017,220,0.99996828017059,0.7967909033292602,success,
DTLZ1_m10_e1500_s200,DTLZ1,NSGAII,pure_moea,10,1,1500,200,58,1.236124258000018,220,0.9999664489655831,0.875172888203893,success,
DTLZ1_m10_e1500_s200,DTLZ1,NSGAII,dvl_framework,10,1,1500,200,58,1.0944037660001413,220,0.9999571707771608,0.9782744708945094,success,
DTLZ1_m10_e1500_s200,DTLZ1,NSGAII,pure_moea,10,1,1500,200,59,1.252455488999658,220,0.9957901425719914,0.7461434368923718,success,
DTLZ1_m10_e1500_s200,DTLZ1,NSGAII,dvl_framework,10,1,1500,200,59,1.1628393470000447,220,0.9999295396661266,1.0861068467675803,success,
DTLZ1_m10_e1500_s200,DTLZ1,NSGAII,pure_moea,10,1,1500,200,60,1.235623743999895,220,0.9994798885310662,0.9457019108974184,success,
DTLZ1_m10_e1500_s200,DTLZ1,NSGAII,dvl_framework,10,1,1500,200,60,1.1248547179993693,220,0.9967911580023793,2.403815257727267,success,
DTLZ1_m10_e1500_s200,DTLZ1,NSGAII,pure_moea,10,1,1500,200,61,1.260143223000341,220,0.9998285080283043,0.6626079086455622,success,
DTLZ1_m10_e1500_s200,DTLZ1,NSGAII,dvl_framework,10,1,1500,200,61,1.1720841189999192,220,0.6720721675887777,2.95249788685105,success,
DTLZ1_m10_e1500_s200,DTLZ1,NSGAIII,pure_moea,10,1,1500,200,42,2.9576135099996463,153,0.9996051689400807,0.6624520961143735,success,
DTLZ1_m10_e1500_s200,DTLZ1,NSGAIII,dvl_framework,10,1,1500,200,42,2.614818619000289,71,0.9999997918310795,0.5304806341705833,success,
DTLZ1_m10_e1500_s200,DTLZ1,NSGAIII,pure_moea,10,1,1500,200,43,2.607632212999306,219,0.9999619385324532,0.7549128870067798,success,
DTLZ1_m10_e1500_s200,DTLZ1,NSGAIII,dvl_framework,10,1,1500,200,43,2.5228375220003727,87,0.999998624706864,0.4956657774873428,success,
DTLZ1_m10_e1500_s200,DTLZ1,NSGAIII,pure_moea,10,1,1500,200,44,2.669400902000234,217,0.9999932844738126,0.5835955399989604,success,
DTLZ1_m10_e1500_s200,DTLZ1,NSGAIII,dvl_framework,10,1,1500,200,44,2.496686397999838,198,0.9999999989613453,0.4199845094720034,success,
DTLZ1_m10_e1500_s200,DTLZ1,NSGAIII,pure_moea,10,1,1500,200,45,2.745882674999848,179,0.9999690183174892,0.583687701032787,success,
DTLZ1_m10_e1500_s200,DTLZ1,NSGAIII,dvl_framework,10,1,1500,200,45,2.5332979929999055,216,0.9999999488398406,0.4663010288722837,success,
DTLZ1_m10_e1500_s200,DTLZ1,NSGAIII,pure_moea,10,1,1500,200,46,2.888735092999923,214,0.9997030211411602,0.7904533067084825,success,
DTLZ1_m10_e1500_s200,DTLZ1,NSGAIII,dvl_framework,10,1,1500,200,46,2.2966381320002256,71,0.9999998754992212,0.4282715047766028,success,
DTLZ1_m10_e1500_s200,DTLZ1,NSGAIII,pure_moea,10,1,1500,200,47,2.844257851000293,179,0.9999959632937079,0.45704926159687753,success,
DTLZ1_m10_e1500_s200,DTLZ1,NSGAIII,dvl_framework,10,1,1500,200,47,2.6645064599997568,104,0.9705389099991041,0.5052335806058125,success,
DTLZ1_m10_e1500_s200,DTLZ1,NSGAIII,pure_moea,10,1,1500,200,48,2.672023688999616,219,0.9999399929173111,0.5622498494714004,success,
DTLZ1_m10_e1500_s200,DTLZ1,NSGAIII,dvl_framework,10,1,1500,200,48,2.501350235001155,210,0.9999990512636163,0.43612959177534544,success,
DTLZ1_m10_e1500_s200,DTLZ1,NSGAIII,pure_moea,10,1,1500,200,49,2.886967424999966,199,0.9998709371885562,0.9495823016365584,success,
DTLZ1_m10_e1500_s200,DTLZ1,NSGAIII,dvl_framework,10,1,1500,200,49,2.220128270000714,174,0.9999999994880302,0.464811121235867,success,
DTLZ1_m10_e1500_s200,DTLZ1,NSGAIII,pure_moea,10,1,1500,200,50,2.9364545659991563,207,0.9994968767959403,0.7072493992463803,success,
DTLZ1_m10_e1500_s200,DTLZ1,NSGAIII,dvl_framework,10,1,1500,200,50,2.5160503900006006,94,0.9999944950560511,0.49964103691738404,success,
DTLZ1_m10_e1500_s200,DTLZ1,NSGAIII,pure_moea,10,1,1500,200,51,2.648048942000969,172,0.9999599199373393,0.8810818611089571,success,
DTLZ1_m10_e1500_s200,DTLZ1,NSGAIII,dvl_framework,10,1,1500,200,51,2.4095625760000985,149,0.999998698320945,0.4294382463440773,success,
DTLZ1_m10_e1500_s200,DTLZ1,NSGAIII,pure_moea,10,1,1500,200,52,2.665822642000421,220,0.9999172230643452,0.5647666684715853,success,
DTLZ1_m10_e1500_s200,DTLZ1,NSGAIII,dvl_framework,10,1,1500,200,52,2.518207736999102,164,0.9999999972759188,0.47827591749139525,success,
DTLZ1_m10_e1500_s200,DTLZ1,NSGAIII,pure_moea,10,1,1500,200,53,2.92823759500061,176,0.9999746002453346,0.5109655714685678,success,
DTLZ1_m10_e1500_s200,DTLZ1,NSGAIII,dvl_framework,10,1,1500,200,53,2.273919888999444,206,0.999995203815514,0.4589530548520741,success,
DTLZ1_m10_e1500_s200,DTLZ1,NSGAIII,pure_moea,10,1,1500,200,54,2.816394424999089,208,0.9997721997662428,0.686239930190791,success,
DTLZ1_m10_e1500_s200,DTLZ1,NSGAIII,dvl_framework,10,1,1500,200,54,2.6206547650017455,205,0.9999822508574913,0.5346284831378076,success,
DTLZ1_m10_e1500_s200,DTLZ1,NSGAIII,pure_moea,10,1,1500,200,55,2.8915542469985667,165,0.9997563605825891,1.1087828918812468,success,
DTLZ1_m10_e1500_s200,DTLZ1,NSGAIII,dvl_framework,10,1,1500,200,55,2.24777699599872,97,0.9999999929115192,0.5006733364658178,success,
DTLZ1_m10_e1500_s200,DTLZ1,NSGAIII,pure_moea,10,1,1500,200,56,2.8513296290002472,216,0.999831281211609,0.7188542829652491,success,
DTLZ1_m10_e1500_s200,DTLZ1,NSGAIII,dvl_framework,10,1,1500,200,56,2.6095915360001527,98,0.9999978859447569,0.5325753028653313,success,
DTLZ1_m10_e1500_s200,DTLZ1,NSGAIII,pure_moea,10,1,1500,200,57,2.938432898001338,188,0.999937214404524,0.5654928113249851,success,
DTLZ1_m10_e1500_s200,DTLZ1,NSGAIII,dvl_framework,10,1,1500,200,57,2.2076178139996046,176,0.89916623437756,0.4160240877974526,success,
DTLZ1_m10_e1500_s200,DTLZ1,NSGAIII,pure_moea,10,1,1500,200,58,2.9345299130000058,209,0.9998178593209204,0.788193043649765,success,
DTLZ1_m10_e1500_s200,DTLZ1,NSGAIII,dvl_framework,10,1,1500,200,58,2.3800402710003254,177,0.9999997950057496,0.6616469840205793,success,
DTLZ1_m10_e1500_s200,DTLZ1,NSGAIII,pure_moea,10,1,1500,200,59,2.850662150000062,144,0.9995462425324819,0.776494779599934,success,
DTLZ1_m10_e1500_s200,DTLZ1,NSGAIII,dvl_framework,10,1,1500,200,59,2.473062991999541,187,0.999999997863683,0.4359448777080849,success,
DTLZ1_m10_e1500_s200,DTLZ1,NSGAIII,pure_moea,10,1,1500,200,60,2.889686475000417,158,0.9998988492156093,0.677001199034527,success,
DTLZ1_m10_e1500_s200,DTLZ1,NSGAIII,dvl_framework,10,1,1500,200,60,2.2524029800006247,153,0.9999999999966652,0.3804019195715087,success,
DTLZ1_m10_e1500_s200,DTLZ1,NSGAIII,pure_moea,10,1,1500,200,61,2.7922802270004468,150,0.9999893445842208,0.51714828288367,success,
DTLZ1_m10_e1500_s200,DTLZ1,NSGAIII,dvl_framework,10,1,1500,200,61,2.4768819990003976,100,0.9999936279773032,0.4458138693278478,success,
DTLZ1_m10_e10000_s300,DTLZ1,MOEAD,pure_moea,10,1,10000,300,42,1.5727443589985342,90,0.999990749350089,0.4820712976629099,success,
DTLZ1_m10_e10000_s300,DTLZ1,MOEAD,dvl_framework,10,1,10000,300,42,1.495233339999686,108,0.9982654001633389,1.452981066502983,success,
DTLZ1_m10_e10000_s300,DTLZ1,MOEAD,pure_moea,10,1,10000,300,43,1.550975940999706,94,0.999901062183072,0.7998069895611296,success,
DTLZ1_m10_e10000_s300,DTLZ1,MOEAD,dvl_framework,10,1,10000,300,43,1.572245727000336,110,0.999985342284477,0.42093229294598383,success,
DTLZ1_m10_e10000_s300,DTLZ1,MOEAD,pure_moea,10,1,10000,300,44,1.594905899000878,107,0.9999236969162341,0.6553370881467423,success,
DTLZ1_m10_e10000_s300,DTLZ1,MOEAD,dvl_framework,10,1,10000,300,44,1.5516404040026828,97,0.999995336422818,0.43881665130593833,success,
DTLZ1_m10_e10000_s300,DTLZ1,MOEAD,pure_moea,10,1,10000,300,45,1.6805587250019016,90,0.9999922426816421,0.4419311473213183,success,
DTLZ1_m10_e10000_s300,DTLZ1,MOEAD,dvl_framework,10,1,10000,300,45,1.5567318080029509,101,0.9999922568315824,0.4668897751952896,success,
DTLZ1_m10_e10000_s300,DTLZ1,MOEAD,pure_moea,10,1,10000,300,46,1.5930157990005682,82,0.9999924031310684,0.44341852632097967,success,
DTLZ1_m10_e10000_s300,DTLZ1,MOEAD,dvl_framework,10,1,10000,300,46,1.6382527760033554,111,0.9999959154169911,0.40346289821438874,success,
DTLZ1_m10_e10000_s300,DTLZ1,MOEAD,pure_moea,10,1,10000,300,47,1.6097163790000195,110,0.9998997536533728,0.7282451012900849,success,
DTLZ1_m10_e10000_s300,DTLZ1,MOEAD,dvl_framework,10,1,10000,300,47,1.5441277210011322,95,0.9999874468295556,0.46509959067209367,success,
DTLZ1_m10_e10000_s300,DTLZ1,MOEAD,pure_moea,10,1,10000,300,48,1.545720430000074,90,0.999712746279398,0.7670453815781164,success,
DTLZ1_m10_e10000_s300,DTLZ1,MOEAD,dvl_framework,10,1,10000,300,48,1.5700575199989544,101,0.9999997032459013,0.4054903998009945,success,
DTLZ1_m10_e10000_s300,DTLZ1,MOEAD,pure_moea,10,1,10000,300,49,1.616994631000125,103,0.9999926719503872,0.42233445400175973,success,
DTLZ1_m10_e10000_s300,DTLZ1,MOEAD,dvl_framework,10,1,10000,300,49,1.5791445989998465,100,0.9999944643098826,0.42338244143574577,success,
DTLZ1_m10_e10000_s300,DTLZ1,MOEAD,pure_moea,10,1,10000,300,50,1.6107227969987434,109,0.9999206569630403,0.6902927758690244,success,
DTLZ1_m10_e10000_s300,DTLZ1,MOEAD,dvl_framework,10,1,10000,300,50,1.5180316869991657,108,0.9999925184498909,0.46227880907105257,success,
DTLZ1_m10_e10000_s300,DTLZ1,MOEAD,pure_moea,10,1,10000,300,51,1.5846434109989787,85,0.9999911714380174,0.48194365201286843,success,
DTLZ1_m10_e10000_s300,DTLZ1,MOEAD,dvl_framework,10,1,10000,300,51,1.6037020750009106,89,0.9999914347717115,0.4524977612356286,success,
DTLZ1_m10_e10000_s300,DTLZ1,MOEAD,pure_moea,10,1,10000,300,52,1.566165780001029,93,0.997336616702425,1.9883236046195563,success,
DTLZ1_m10_e10000_s300,DTLZ1,MOEAD,dvl_framework,10,1,10000,300,52,1.5598344940008246,89,0.9954824024379925,2.1014455476493366,success,
DTLZ1_m10_e10000_s300,DTLZ1,MOEAD,pure_moea,10,1,10000,300,53,1.57846940699892,99,0.9999925341854292,0.4158977622797822,success,
DTLZ1_m10_e10000_s300,DTLZ1,MOEAD,dvl_framework,10,1,10000,300,53,1.5610868200019468,116,0.9999957603533789,0.40956451647735825,success,
DTLZ1_m10_e10000_s300,DTLZ1,MOEAD,pure_moea,10,1,10000,300,54,1.568656870000268,111,0.999904370218805,0.7259311862537414,success,
DTLZ1_m10_e10000_s300,DTLZ1,MOEAD,dvl_framework,10,1,10000,300,54,1.572736748999887,110,0.9999974272100397,0.3913064092890026,success,
DTLZ1_m10_e10000_s300,DTLZ1,MOEAD,pure_moea,10,1,10000,300,55,1.5817783899983624,80,0.9595740677618206,4.170408744477139,success,
DTLZ1_m10_e10000_s300,DTLZ1,MOEAD,dvl_framework,10,1,10000,300,55,1.586834985002497,89,0.9999308735802679,0.7678585529514278,success,
DTLZ1_m10_e10000_s300,DTLZ1,MOEAD,pure_moea,10,1,10000,300,56,1.5337660820005112,55,0.9999774555759292,0.6246509771599446,success,
DTLZ1_m10_e10000_s300,DTLZ1,MOEAD,dvl_framework,10,1,10000,300,56,1.4871092370012775,48,0.9990032905422542,1.231043892941167,success,
DTLZ1_m10_e10000_s300,DTLZ1,MOEAD,pure_moea,10,1,10000,300,57,1.5410222350001277,97,0.9399672126162529,4.362520325964021,success,
DTLZ1_m10_e10000_s300,DTLZ1,MOEAD,dvl_framework,10,1,10000,300,57,1.536959698998544,100,0.9998982648446482,0.7623774099277895,success,
DTLZ1_m10_e10000_s300,DTLZ1,MOEAD,pure_moea,10,1,10000,300,58,1.5627402999998594,102,0.9999953117920793,0.41696644990229437,success,
DTLZ1_m10_e10000_s300,DTLZ1,MOEAD,dvl_framework,10,1,10000,300,58,1.574446585997066,91,0.9999925676974386,0.4357337372962292,success,
DTLZ1_m10_e10000_s300,DTLZ1,MOEAD,pure_moea,10,1,10000,300,59,1.555684790997475,81,0.9999515762886744,0.6024506450761838,success,
DTLZ1_m10_e10000_s300,DTLZ1,MOEAD,dvl_framework,10,1,10000,300,59,1.5513867080007913,89,0.9999276263836246,0.7500786276392896,success,
DTLZ1_m10_e10000_s300,DTLZ1,MOEAD,pure_moea,10,1,10000,300,60,1.5504092009941814,49,0.9999324140377818,0.6862413464884096,success,
DTLZ1_m10_e10000_s300,DTLZ1,MOEAD,dvl_framework,10,1,10000,300,60,1.6219564529965282,100,0.9999928530691105,0.4441234277387511,success,
DTLZ1_m10_e10000_s300,DTLZ1,MOEAD,pure_moea,10,1,10000,300,61,1.574700003999169,115,0.9999918373748281,0.45306637755211115,success,
DTLZ1_m10_e10000_s300,DTLZ1,MOEAD,dvl_framework,10,1,10000,300,61,1.6258042889967328,113,0.9999444769749001,0.6288846890143763,success,
DTLZ1_m10_e10000_s300,DTLZ1,NSGAII,pure_moea,10,1,10000,300,42,9.483227644996077,220,0.9999742558463305,0.7126226309579198,success,
DTLZ1_m10_e10000_s300,DTLZ1,NSGAII,dvl_framework,10,1,10000,300,42,9.223967057994741,220,0.9999821452982479,1.3871164050785614,success,
DTLZ1_m10_e10000_s300,DTLZ1,NSGAII,pure_moea,10,1,10000,300,43,9.2860058429942,220,0.9999768585754139,0.6552393734176472,success,
DTLZ1_m10_e10000_s300,DTLZ1,NSGAII,dvl_framework,10,1,10000,300,43,9.251396604995534,220,0.9996234045768383,0.8386285809264522,success,
DTLZ1_m10_e10000_s300,DTLZ1,NSGAII,pure_moea,10,1,10000,300,44,9.366833580003004,220,0.9999876568928812,0.582157587488529,success,
DTLZ1_m10_e10000_s300,DTLZ1,NSGAII,dvl_framework,10,1,10000,300,44,9.296944167996116,220,0.9967011386098225,0.7305630197495703,success,
DTLZ1_m10_e10000_s300,DTLZ1,NSGAII,pure_moea,10,1,10000,300,45,9.47404243699566,220,0.9999989788948461,0.5546041550233974,success,
DTLZ1_m10_e10000_s300,DTLZ1,NSGAII,dvl_framework,10,1,10000,300,45,9.356086280000454,220,0.9999700278795166,0.7363991350522296,success,
DTLZ1_m10_e10000_s300,DTLZ1,NSGAII,pure_moea,10,1,10000,300,46,9.389229688000341,220,0.9999645466547502,0.677762404084668,success,
DTLZ1_m10_e10000_s300,DTLZ1,NSGAII,dvl_framework,10,1,10000,300,46,9.448367532000702,220,0.9990557489646901,0.6239632748665039,success,
DTLZ1_m10_e10000_s300,DTLZ1,NSGAII,pure_moea,10,1,10000,300,47,9.554813078000734,220,0.9999897921510935,0.5500262026622165,success,
DTLZ1_m10_e10000_s300,DTLZ1,NSGAII,dvl_framework,10,1,10000,300,47,9.21504326500144,220,0.9999611571335854,0.5289890717802255,success,
DTLZ1_m10_e10000_s300,DTLZ1,NSGAII,pure_moea,10,1,10000,300,48,9.44766035500652,220,0.99999957085389,0.5224161632968319,success,
DTLZ1_m10_e10000_s300,DTLZ1,NSGAII,dvl_framework,10,1,10000,300,48,9.173241531003441,220,0.9999990174861302,0.6062291704315301,success,
DTLZ1_m10_e10000_s300,DTLZ1,NSGAII,pure_moea,10,1,10000,300,49,9.43341260500165,220,0.9997203748912893,0.7837549743485881,success,
DTLZ1_m10_e10000_s300,DTLZ1,NSGAII,dvl_framework,10,1,10000,300,49,9.287201325998467,220,0.9948228741832927,1.011582640156984,success,
DTLZ1_m10_e10000_s300,DTLZ1,NSGAII,pure_moea,10,1,10000,300,50,9.510143862004043,220,0.9997333676302752,0.6645301172888546,success,
DTLZ1_m10_e10000_s300,DTLZ1,NSGAII,dvl_framework,10,1,10000,300,50,9.28877829099656,220,0.9999981806706943,0.5136574750115955,success,
DTLZ1_m10_e10000_s300,DTLZ1,NSGAII,pure_moea,10,1,10000,300,51,9.446047523000743,220,0.9999141684203091,0.6981743723959506,success,
DTLZ1_m10_e10000_s300,DTLZ1,NSGAII,dvl_framework,10,1,10000,300,51,9.215247490996262,220,0.9999941424768194,0.7272037071429853,success,
DTLZ1_m10_e10000_s300,DTLZ1,NSGAII,pure_moea,10,1,10000,300,52,9.50103312599822,220,0.9999879104013027,0.6970394145104193,success,
DTLZ1_m10_e10000_s300,DTLZ1,NSGAII,dvl_framework,10,1,10000,300,52,9.277358808998542,220,0.9999899570561808,0.8650002041280138,success,
DTLZ1_m10_e10000_s300,DTLZ1,NSGAII,pure_moea,10,1,10000,300,53,9.380878360003408,220,0.9999981283052076,0.5536646613768488,success,
DTLZ1_m10_e10000_s300,DTLZ1,NSGAII,dvl_framework,10,1,10000,300,53,9.283869928003696,220,0.9764590217340223,1.9195521481437523,success,
DTLZ1_m10_e10000_s300,DTLZ1,NSGAII,pure_moea,10,1,10000,300,54,9.44026334600494,220,0.9999950571471711,0.5670629005278178,success,
DTLZ1_m10_e10000_s300,DTLZ1,NSGAII,dvl_framework,10,1,10000,300,54,9.303382495003461,220,0.999949419840332,0.6390693504081095,success,
DTLZ1_m10_e10000_s300,DTLZ1,NSGAII,pure_moea,10,1,10000,300,55,9.413856238003063,220,0.9999994352952654,0.5798869853489796,success,
DTLZ1_m10_e10000_s300,DTLZ1,NSGAII,dvl_framework,10,1,10000,300,55,9.245656184000836,220,0.9999995376785482,0.8305864334574357,success,
DTLZ1_m10_e10000_s300,DTLZ1,NSGAII,pure_moea,10,1,10000,300,56,9.650128055000096,220,0.9999893730647347,0.5780157697157214,success,
DTLZ1_m10_e10000_s300,DTLZ1,NSGAII,dvl_framework,10,1,10000,300,56,9.46980651299964,220,0.9993931198836072,1.1003823007522038,success,
DTLZ1_m10_e10000_s300,DTLZ1,NSGAII,pure_moea,10,1,10000,300,57,9.315623253001831,220,0.999589157140692,0.6693481289015349,success,
DTLZ1_m10_e10000_s300,DTLZ1,NSGAII,dvl_framework,10,1,10000,300,57,9.242780499000219,220,0.9999984652837087,0.9728320507703614,success,
DTLZ1_m10_e10000_s300,DTLZ1,NSGAII,pure_moea,10,1,10000,300,58,9.668807562004076,220,0.9999761050804626,0.6353823572315523,success,
DTLZ1_m10_e10000_s300,DTLZ1,NSGAII,dvl_framework,10,1,10000,300,58,9.501661721995333,220,0.9999989318992583,0.767470363293349,success,
DTLZ1_m10_e10000_s300,DTLZ1,NSGAII,pure_moea,10,1,10000,300,59,9.693139315000735,220,0.9999146382743557,0.7049298865256926,success,
DTLZ1_m10_e10000_s300,DTLZ1,NSGAII,dvl_framework,10,1,10000,300,59,9.603740544996981,220,0.9999993592014902,0.6267422112859865,success,
DTLZ1_m10_e10000_s300,DTLZ1,NSGAII,pure_moea,10,1,10000,300,60,9.516956209001364,220,0.9999850309157206,0.6460937289237437,success,
DTLZ1_m10_e10000_s300,DTLZ1,NSGAII,dvl_framework,10,1,10000,300,60,9.359651638,220,1.0,0.5383413759280027,success,
DTLZ1_m10_e10000_s300,DTLZ1,NSGAII,pure_moea,10,1,10000,300,61,9.500681828999998,220,0.99992,0.6503766750800124,success,
DTLZ1_m10_e10000_s300,DTLZ1,NSGAII,dvl_framework,10,1,10000,300,61,9.448718788,220,1.0,0.7109790064833353,success,
DTLZ1_m10_e10000_s300,DTLZ1,NSGAIII,pure_moea,10,1,10000,300,42,21.204131029,218,1.0,0.38287586288365366,success,
DTLZ1_m10_e10000_s300,DTLZ1,NSGAIII,dvl_framework,10,1,10000,300,42,20.479666091000006,194,1.0,0.40082906403887825,success,
DTLZ1_m10_e10000_s300,DTLZ1,NSGAIII,pure_moea,10,1,10000,300,43,20.094157781999996,165,1.0,0.3947770675521063,success,
DTLZ1_m10_e10000_s300,DTLZ1,NSGAIII,dvl_framework,10,1,10000,300,43,21.572262737999992,217,1.0,0.3863776378171832,success,
DTLZ1_m10_e10000_s300,DTLZ1,NSGAIII,pure_moea,10,1,10000,300,44,19.938997076999996,151,1.0,0.4015044881166918,success,
DTLZ1_m10_e10000_s300,DTLZ1,NSGAIII,dvl_framework,10,1,10000,300,44,21.25945434899998,145,1.0,0.38744001040791254,success,
DTLZ1_m10_e10000_s300,DTLZ1,NSGAIII,pure_moea,10,1,10000,300,45,21.39011625499998,189,1.0,0.39540791368828154,success,
DTLZ1_m10_e10000_s300,DTLZ1,NSGAIII,dvl_framework,10,1,10000,300,45,21.64624713500001,167,1.0,0.3915975328117781,success,
DTLZ1_m10_e10000_s300,DTLZ1,NSGAIII,pure_moea,10,1,10000,300,46,21.198274053000006,215,1.0,0.3715005472521994,success,
DTLZ1_m10_e10000_s300,DTLZ1,NSGAIII,dvl_framework,10,1,10000,300,46,21.021163475999998,195,1.0,0.3878600135154475,success,
