obj_0,obj_1,obj_2,obj_3,obj_4,obj_5,obj_6,obj_7,obj_8,obj_9,var_0,var_1,var_2,var_3,var_4,var_5,var_6,var_7,var_8,var_9,var_10,var_11
0.0028649706134451064,9.034779833941983e-05,0.0028490909618667432,0.9274265396999026,0.00012328703012985383,0.00034626248210916055,0.46440961162269234,0.0058499439151703655,0.003840853902459902,0.00015789619204664254,9.691107042815827e-05,0.0023573850119310786,0.0035905313249201373,0.2955469598507237,0.000237684956510172,8.462792059961774e-05,0.9971599178998964,0.5127376712657898,0.02081976513651847,0.5310137229140821,0.622202110650835,0.6460914939531908
8.759686390148923e-07,8.827840057894794e-07,1.8953002781873456e-05,2.4458469152659176e-07,1.708946211204294e-07,0.00024195311404212006,0.5792179201552136,5.775351012232674e-05,0.5780779221833314,0.5736105847585982,0.3884239002379679,0.49771514511043746,6.401724409939584e-05,0.999734492445395,0.945912111224227,0.005746468898250007,0.007556826163418906,0.9608183572738803,0.5141549646167913,0.4816489537172729,0.4818049207116305,0.5208867321501104
4.5719834062884616e-05,1.420520448619004e-06,0.004518060957261268,3.1595077261733454e-05,4.060529576556848e-05,5.9249326590603085e-06,1.4288523411441995e-05,0.8871304114287994,0.45542472602197964,8.68309195162602e-05,5.483400824463211e-05,0.29841052569224824,0.9965294813300002,0.0018650117302488598,0.0007693380309131673,0.0057386145432696024,0.004102740674133319,0.9940598543786933,0.020512840437774238,0.5759941503556456,0.45955416470994953,0.4737102784333733
0.9315520147998821,4.137605994596473e-05,0.00010615405740231038,9.87727879623886e-06,0.00017007562992240463,0.46533778548578497,0.00018613780841197686,0.0012365479582714509,0.0005298221977042869,0.00035213461491608825,0.00021528214824236165,0.0003239138254120405,0.000766395101187933,0.00011439210934078683,0.2949275993639326,0.00012650264109458455,6.750101791413001e-06,7.871510561816524e-05,2.9334272018994136e-05,0.4435795957334906,0.3804194732869905,0.6543668839953131
8.308912086734324e-06,0.0010891489281267166,0.5786978418350419,0.5749018978571598,1.2682507347019448e-05,0.0007721991712020436,0.58483825789638,6.150149656168639e-05,0.003367230455103064,0.0008596236693772495,0.0005452254463477533,0.002135706223289151,3.900820675523109e-05,0.3959874216483231,0.0006026517263828554,9.897883235285721e-06,0.4979045901849559,0.9987569749286656,0.9953185970878007,0.48619814920722704,0.5256446921998458,0.5535864160487168
0.8852716532606124,0.0016645699800050082,0.0009329464715423227,0.00034733979551267836,0.00015718338457332664,0.0019025913315305271,0.0004816366711694487,0.00017840178322159377,0.4504871717254775,0.004114066578100608,0.002610555705910539,0.29645413522972874,0.0001372766101170607,0.000346393080676701,0.0013561976718553302,0.00012365151015079087,0.00025289487590185087,0.0007384440256225244,0.0012321896960638522,0.47399065217487824,0.4903279954287886,0.4499572794263291
0.001475407884759318,0.00026789173519970475,0.0001554279388771933,0.00014261851690875653,0.0015669969257352456,1.336667709409185e-07,0.44990916446400164,0.00010938328690625951,0.000733052841492665,0.9006322121588065,0.7050595924286396,0.0010372538793769204,0.00015477511821277532,0.9969147993175614,3.902761791565979e-05,0.5105083259132494,0.059975021586051835,0.06567220636805442,0.11852810673588787,0.4693532048764985,0.43086393805865525,0.467764719517921
0.0008055899990989843,0.4450570720994488,0.0005360929283518751,0.0004754084556962689,0.0017712528759868138,0.9245834363040772,9.899603420802352e-06,0.0015904233000743214,1.0370511279203733e-05,0.0009062712584699302,0.0005582707710014345,6.38832442006245e-06,0.0010079566853517768,6.130090954395258e-06,0.7051505631736256,0.002658107492746059,0.0006555064555370527,0.0008020452873188547,0.9988752213499394,0.5013774147614131,0.6777763260458317,0.543049507236528
0.5783584649795006,0.5486700505590609,0.003492299993025,0.005509758949225851,0.5884880891229205,0.0005333067198124533,5.0121121399308246e-05,0.00271103402757418,0.0002685042915263591,0.0029655022808195157,0.001883325689009717,0.00017052170701301397,0.0017217256459063038,3.1831039251647465e-05,0.0003386936978371441,0.3994349710098626,0.004322436311239103,0.002739779181350684,0.49491901337579625,0.47752177397934253,0.5255264663436722,0.5356658256813487
0.45559026933055424,0.8802051460928669,0.0011092864500785102,0.001856386375832858,4.045064924087507e-05,0.00023262979066062127,0.0006800183856629707,0.0001589262604400894,5.3802598859227715e-05,0.0006584564089711753,0.00041077129354000577,3.356420547420603e-05,0.00010051041386771283,0.0004233090940370639,0.0001451237701706636,2.6796135119020402e-05,0.0011580887489990414,0.000750872555661682,0.705379262742263,0.4653937213702684,0.37047078393032656,0.4498931658420944
5.905592204043038e-06,0.0023980261495312027,0.5755564752395033,0.00058199293273295,0.5897328228508062,0.0007587379201143218,0.0011740567247366948,0.0006611602726541895,0.5789285354494323,0.003952524445842107,0.0024985437956775236,0.3898842795552077,0.0005107791629804201,0.00090701765897927,0.0005861635476947796,0.5077412918549851,0.0006437328689907779,0.9972483209222083,0.9984887522133654,0.578438917492095,0.5305718926110081,0.5019942378124634
1.5781523074978806e-06,1.5195793964636437e-09,2.9303613094427135e-05,2.1360984233560462e-05,3.4526360538805063e-05,1.0,3.087267007890676e-05,1.111638184065412e-05,8.468250569444542e-05,3.503664122099509e-05,2.2254019490781745e-05,5.378729437491954e-05,7.445669698200145e-06,1.971160437427174e-05,0.9999656940243388,0.4924623339096391,0.38360346615938445,0.9680304499281103,0.0006309965065584558,0.540505197013051,0.517460159349394,0.4813948663793155
0.4493626783355228,0.006489906507562057,0.002421687506916476,0.004113628887930469,0.8448849698998648,0.00035874377271254176,4.612468432427164e-06,0.000980460038097346,4.531647930771937e-05,0.0008816691351161084,0.000559362265149916,2.8750394038198088e-05,0.0006306085951315044,2.94159610675235e-06,0.0002275999872170571,0.7043459187499509,0.005826938699180168,0.0035923416582432205,0.009537668834617652,0.44824295313684154,0.5274618870787028,0.4968500538521418
0.5819782745580023,0.5637544057750249,0.0006678857619243838,0.0002443655705262115,0.000875072169731706,0.57778806566051,5.4109477718863985e-05,0.0013268282312359314,0.0013112441164818366,0.002109463961627484,0.0013332336549964625,0.0008287403185547331,0.0008627642896533808,3.437721449898166e-05,0.388922457623359,0.0007348785067780503,0.00018855036999301588,0.000559162579103843,0.5015657974755889,0.47169763073615945,0.5501549233947907,0.5628836099659155
0.004132874798732763,0.00017826446199782308,2.7530365496901254e-05,0.4548787240411337,0.0007098895725900366,0.0003586895633664026,0.0005723952457670548,0.905158713268486,3.8581399658334146e-05,0.0006274107660188289,0.00038998634339494555,2.398145150896017e-05,0.7070097447988926,0.0007993286597335336,0.0005019778931957007,0.0010549463386860633,0.9942101080902573,0.0045967026973520175,0.02846795057982937,0.5361632786962002,0.524710223305207,0.6492540742737954
0.44793939656698,0.002758222382124103,2.7810076305163156e-05,0.0006690602792873836,0.0017422456343869491,0.0007231898591587914,0.0002059641414417825,5.61920374717649e-05,0.00040644618357661385,0.8974908426479467,0.7052821019787399,0.0005776302646945972,8.21606664853191e-05,0.0002942391288782674,0.0010277786109132378,0.00269490095059907,0.0009508607595012963,4.288472749481648e-05,0.00406665568139436,0.5322634901693569,0.4891898705774061,0.5437462251868065
0.012898629983661447,0.0002895839429626807,0.8571235989369755,0.0003562725711877215,0.009850531175515171,0.00014794702402327932,0.0018874841313071768,0.445501781167551,0.004048747460017632,0.0006650459880661415,0.000422449226390467,0.002571844904634169,0.2932547212939526,0.0013454791433026203,0.00010491528411678836,0.007417805482133557,0.00025266460814282374,0.9908496364837149,0.014824691828735009,0.4768313335442794,0.5278295304649386,0.47007580618675254
0.0005665421874703912,0.5593501537740307,0.0005437351797376234,0.001257919863386907,0.0009760769550470401,0.0002108726949101426,0.582237119232434,1.8872609451977656e-05,0.5841742007004119,0.0003790771070010333,0.00023888750767895721,0.3925413414228951,1.4997914012358684e-05,0.5027283429120503,0.0002313456518292319,0.001165493389540695,0.0013800507424393698,0.0006472599589832222,0.9993784510903774,0.48549662779414815,0.5254072773819887,0.5967478291150158
0.0011060470278967587,0.5760995841590939,2.434042709636186e-05,0.0009122321675839844,0.5737771871424049,0.0015167451554047302,0.009043815957962359,0.0001972385865175988,0.0007173239344754742,0.5844385530963666,0.39109021498598245,0.0005511573773594018,0.00015154872857521973,0.006948975233376176,0.0011654647851282024,0.48702425570479907,0.000971703334496774,2.592727310768959e-05,0.9988218448413569,0.5467723688205132,0.5495294067863252,0.5964139774328273
0.010299533445221984,0.5593985693436677,0.0019871192698695623,0.007166245983147733,0.0007682553535179203,0.008817072731315854,5.155110460880764e-05,0.591262277644937,0.5790147460287013,0.0010103574262447367,0.0006362927542392464,0.38827396498931194,0.5058273504920993,5.653131272642881e-05,0.009669237265157726,0.000842571787470223,0.007859670066430735,0.0021795129493887085,0.9887026245416678,0.5704836530908866,0.5551212865428101,0.5535775976487233
2.688673276276002e-06,3.795056706556313e-09,0.0003344892541242235,0.9025656788999659,0.0015526272912037076,0.4686350996815551,0.000359278620215454,0.0012640393548843112,0.0004905093502030785,0.00018259449729584538,0.00011430240033670985,0.0003070541539991966,0.000802177928677008,0.00022607952427791954,0.30488276092115574,0.001162897509173262,0.9997529265894081,0.9951134971135722,0.0009322088484512957,0.44594088616110095,0.3966151631985084,0.5580456717863902
0.588054416582851,0.5624530215111505,0.00017460920261516932,0.00018483686883528325,0.002745402816533446,0.00016986444628888078,0.0028020397419148617,0.00014596888411272222,0.5865954422312811,9.389661705870618e-05,5.888835467063002e-05,0.39224006358155844,0.0001154056753659722,0.0021645201314281484,0.00013053582576831368,0.002296247816452224,0.00014204261882760092,0.00014559473867714612,0.4975241006397093,0.42743832301444185,0.525356982402803,0.5957742636326648
1.0,0.0011112909851871452,0.0005541562103374434,0.0018700120932636187,4.466145081890888e-05,0.0001309055502785726,1.1889764390719426e-05,0.0001386122813371945,0.0008988528047670531,0.00019469229373761553,0.00012240112179054343,0.0005650999601464141,9.18952018511824e-05,7.5140113749725475e-06,8.229906082956057e-05,3.06890996615088e-05,0.0011756592993999674,0.0003780230358886455,0.0007248008485628878,0.5633167689752352,0.586921465751896,0.46761753767231523
0.0006291246884885816,0.00033996255925958593,6.464697488736794e-05,0.9823614093804424,0.0020582100501642655,2.6355924265433985e-05,4.5234170642959894e-05,0.49359343166312614,0.0010649877911659618,0.00018729857495257933,0.0001081555610694952,0.00061497729567549,0.2999248355908511,2.9467004938584312e-05,1.7079920030038025e-05,0.0014517176386311392,0.9995303966993223,0.061721289803150114,0.32527418938188546,0.4213092582526766,0.340254428941911,0.7660009163246095
0.46585692680648416,0.0013308567184306028,0.0029655933485965118,0.003084108705220779,0.001305363756930718,0.00025473505341796934,0.9302021327835605,0.006485963182428415,0.004564568901400063,0.0002484734026415939,0.0001514114886333172,0.002781506498998178,0.004006846447719651,0.7057305043547084,0.0003480907080995338,0.0019414244139914862,0.004214427928197428,0.004397226372524238,0.0018867343865988703,0.5394879256490109,0.7061299566626718,0.5259665706074547
2.3888139057848138e-05,2.373574156672052e-05,2.0541449607138557e-07,7.219031416899639e-08,7.682156687468353e-08,3.379561055280607e-05,5.192481706619443e-07,0.8956694356585913,1.9841640645328905e-06,0.4509778533738596,0.29346741862259057,1.3911298520711063e-06,0.9999662337601728,0.006899740743604388,0.495210843349679,0.0015137089194739994,0.0013395713406986393,0.003991638942664522,0.5096539607905014,0.43959590760825934,0.4611537000267393,0.5931507681073547
0.00022234013622718588,0.005377980942898871,4.594649800240863e-06,5.977139907746041e-05,1.545539434104493e-06,0.46204873590603196,0.00021832586734620878,0.9032458056088771,0.00021657755174691297,9.811603354771038e-05,6.15649677058206e-05,0.0001358961388858937,0.6989624555481165,0.0003023622494684468,0.9923066892830077,0.00018710766266756567,0.006814590738343701,0.0005485865741139545,0.9746431201817276,0.5276577867422912,0.38246402754023556,0.5008372958502242
0.5792270577622841,0.005398009949280636,0.0023805510344608967,0.5685386253456663,0.5681425766025007,0.0005334074215548903,4.987018681107645e-05,0.0027115459390882122,0.0002685549919000916,0.0029660622423496917,0.001883325689009717,0.00017052170701301397,0.0017217256459063038,3.1831039251647465e-05,0.0003386936978371441,0.3994349710098626,0.4940539045861017,0.002739779181350684,0.006154667579025108,0.47609704895036115,0.5296868897933459,0.5341400583961986
0.5866612438684935,0.00620369606232375,0.0070342413469482315,0.5903871128089219,0.0002978893715961308,0.0007390374091831554,0.5778601754220802,0.0010275036774244383,0.0003952985899905086,0.0003622449793916661,0.00022720208322212832,0.00024793351001008103,0.0006533346986960711,0.38788810512409827,0.0005652426524742045,0.00024193409059812402,0.5019709322487574,0.007992650065368253,0.006983594027012319,0.4805040818133799,0.37980909913262234,0.5135561508926804
1.4098461244674808e-07,2.0058442640834327e-06,0.000286431182760401,0.0005689573420788758,0.0003490554020697808,3.1529022875846936e-06,2.0245124492574793e-07,0.45722271295602934,3.22175173909238e-05,0.9139282058562227,0.7046883372571816,4.485840575827901e-05,0.9989752031397051,0.00017511153120126465,0.0027271319079046354,0.3231857351959385,0.6911278369338973,0.9955734238340338,0.956933630796202,0.3663734286330335,0.5328687200023637,0.5546107109388062
0.0006294435750754842,0.00011627935868035914,6.24861993657847e-05,1.686124099816645e-05,0.4506929476391944,2.714152970287444e-05,0.0016558443545977122,0.00012190772502474818,0.0005866985173786311,0.9011152961881971,0.7047540952652077,0.0008287255227538168,0.00017219764232370238,0.0023389259562636155,3.8338334039282954e-05,0.999089690874272,0.016658250481850767,0.06477425926940256,0.12054381963143829,0.4748163743820958,0.4307899170973536,0.45400501410582383
3.692812941803641e-06,2.661056348342891e-05,0.0036863834639651568,5.326296129879088e-06,0.4380302665704377,0.0007457921123098486,0.9183710117454993,0.0008018387497635407,0.0011638088218730732,0.00046585664959786693,0.0002868958553721032,0.0007167269606799019,0.000500612445880545,0.7028680129255798,0.0010207162444423443,0.9947163433879448,0.0008783418647965537,0.9954069542508429,0.9153436223288443,0.5890532564279911,0.4859155688099805,0.3399886661338585
0.5819705651983822,0.0016613452155148326,7.565924532500608e-05,0.0007307339321937104,0.001719257980656407,0.0010904536169670247,0.0001578750817071785,0.5852991057418997,0.00014568395418428778,0.5816137143740971,0.3907830939219187,0.00011236506346544331,0.5018115686898742,0.00017359983701901438,0.001192837832321478,0.0019970544647270024,0.0007993486416809081,8.667003293685686e-05,0.0018853452372674584,0.58905225986163,0.5421972034718735,0.4960659593953373
0.006876899522512411,0.00026505611653762054,0.44370416094178333,0.0003145819612194886,0.00012154764245366182,0.002516618672212782,7.962024919072143e-05,0.9030068247023407,0.00023706191479907278,4.540308417780605e-06,2.8461499397577054e-06,0.00014860527051727026,0.6974306662076684,0.00010907526332137728,0.003447642924981456,0.0001665158792968338,0.0004309659654559289,0.99057102070922,0.025441760078618536,0.5252696273842232,0.37859420894826973,0.513675758526417
0.539105265935526,0.5343456014369549,0.009105240649000444,0.5394409913544534,0.0021724712811610576,0.00037845204171656693,0.00017324812986906145,0.0007834646679979835,0.004035340955936085,1.9965142577463276e-05,1.2661792168136825e-05,0.00255919966198292,0.0005831779499839251,0.0001202688489254089,0.0002536780127433213,0.0016036859086767052,0.3820986133215106,0.008004647688851157,0.5253413055731064,0.481169513787388,0.44951406893824936,0.4696671296370225
0.001471655403747747,0.0002693794005928877,0.0002794232355246984,0.47838558535553405,0.9650805695562608,0.0038249630957062617,0.0015186185724683375,0.0015930659915463856,0.0013786961945773995,0.001113170301779568,0.0006579069684798768,0.0008148388462698615,0.0009415368242744338,0.0008975377239716546,0.002260645446458408,0.7070277860003127,0.9979721937849508,0.11740355763596066,0.11946788408487483,0.47812985928158835,0.43091684882764164,0.7681455594512843
7.34450312458508e-05,0.004648728546149653,0.5902837765139677,0.011909830260383386,0.004506403505725286,9.594051549709085e-05,0.590678282024058,1.9003092290425814e-05,0.5885638675686986,0.0001550812216811716,9.662820921823265e-05,0.39081125410219103,1.4485240037581758e-05,0.50012799163898,0.0001034441173334656,0.00485890096138869,0.012842554942907147,0.9947982757791296,0.9903055848229321,0.6434623935330148,0.5300491656154092,0.515615791317412
4.027762499309646e-05,9.574279005725883e-07,0.00220280291155044,0.5839637196880034,0.003565843545479016,0.5946927053328807,0.570766150892332,0.0012082320150205155,0.0015939930373046816,0.00010955615633891833,6.892741921492568e-05,0.0010028635163021058,0.0007706345826191575,0.38380513226081914,0.5057856409612325,0.004127817592623734,0.9974848515024891,0.9888820061077205,0.015695946361684754,0.5656216534250318,0.4594953911800361,0.5769647847016013
0.45022484745918084,0.0010165951624120217,0.0005608628725481421,0.9022550760773124,0.0025865517396608624,0.0011874744140851657,0.000721489725505884,0.00026572037779730494,3.5199265596989774e-05,1.3405620276030804e-05,8.463577097157066e-06,2.2222895478708348e-05,0.00017007253514843222,0.00045788775264132776,0.0007497069389945633,0.001777353056362114,0.7053415800873725,0.0008605069309073983,0.00149125213030039,0.5388725798890043,0.45098332305440386,0.5666364682325779
0.0028857635484397627,0.0001588821405392534,0.5497026878794357,0.005392237122328342,0.012241690282281658,0.583896492836769,0.0006476120961924888,0.00017443981374209367,0.000697932085923534,0.5790760961160025,0.3914120092815384,0.0005418045709106817,0.00013728323363704185,0.000505366435994383,0.5044290078615365,0.014372721124368826,0.005963116685683513,0.9968034105624521,0.03632252397852376,0.47770287861013944,0.5273466577133682,0.4483384272893318
0.0008034444840940845,0.43343720722690227,0.8601879271405272,0.0014029192668526113,3.301221251942162e-05,0.0009434711841684343,0.003266039671326086,0.0007968002507588618,0.000655192660679544,0.0004572848624910953,0.0002891532573911702,0.0004142956261931743,0.0005107791629804201,0.002075991318802095,0.000580585870203688,2.216624249264046e-05,0.0008871086943801258,0.7052506577199014,0.9988624875057196,0.578438917492095,0.5251657408105829,0.5019942378124634
0.00416820436429543,0.5662473676480582,0.0027904460608146877,0.0033465747918288765,0.5774383167261212,0.5785027047069732,5.792869801934807e-05,0.0010849298233089881,0.0011502980417399404,0.002159160828067312,0.001349386390976759,0.0007188900230803122,0.0006780379313810694,3.639217874196395e-05,0.3844939305176952,0.5057790406232392,0.003626605279589916,0.003166719784035893,0.9954828712098707,0.4761199650794754,0.4886771380093652,0.36598055009867747
0.00313380835420501,0.8920518192704254,0.00011525598141027959,0.0007664778438426373,0.4565907423895404,0.000498173425329007,0.0002347418503303893,0.0001325593960063024,0.00021238479971141697,5.600082455934372e-05,3.45476926889379e-05,0.0001310231574083111,8.177774928092637e-05,0.00014481553953588067,0.00030733018980827866,0.2917865829989046,0.0005272709968295319,7.928624519269048e-05,0.997844204086654,0.5263765923761398,0.6767363836282811,0.5033198484215825
0.5976555200022123,0.5803669138021603,0.00022178423911133806,0.0013355054954854657,0.0005335365159056108,0.0014312542351317865,0.0005630451313016619,0.000130306352840397,2.9347732512442757e-05,0.5951982164561547,0.3894808327851701,2.2023128463659756e-05,9.91316486617824e-05,0.00042472662564566185,0.0010740427129676297,0.00043576652282592874,0.0010021924824747221,0.00018058637464191476,0.50234894933256,0.37619767284769,0.43065092303115904,0.6272179399868648
0.00038197923780947714,0.5696870645848336,0.0026368859214621018,0.005187911557812603,0.0008690030291331258,0.5811828664947447,0.000937438513465653,0.005104255654009124,0.5836672944318211,3.8364735933067355e-05,2.4091320523376243e-05,0.3905587173380753,0.003920115815469055,0.0007237301015564885,0.4946506890299538,0.0009939474010347144,0.005588138655936017,0.002974462144297918,0.9995885374695928,0.4681508158393325,0.3909738393822863,0.47003957267631336
1.5838378601947128e-08,1.3915793620356143e-08,1.6779135494305095e-10,2.7562264208638287e-10,2.0755524279041784e-06,0.0013390481735653485,0.8946698621638961,0.00040205693377382554,0.00020368531216743486,0.453917503523125,0.29890304262985656,0.0001449360730473803,0.00028609110529730986,0.9990471737485314,0.9990131743352068,0.9934262429029912,0.00818699096924505,0.005219604169368994,0.47054179654222805,0.4996057381220223,0.5514265848691002,0.5242601053817315
4.841506529103626e-06,4.625666592617672e-09,3.1188683756363886e-05,3.568507418928496e-05,2.424833882340608e-07,0.9021998337979844,0.44691534772883346,0.0015666201481077163,2.4366596494307874e-06,1.8777402033597497e-05,1.1860781491720415e-05,1.5391206740555531e-06,0.0010031917808091062,0.2941214873390265,0.9999656940243388,0.003371670934308702,0.5247043259389085,0.906312233320845,0.0006309965065584558,0.5377358723886705,0.5183962355774893,0.578118418116298
0.0015024446583460072,0.8784351590623035,0.0005256446952803281,0.0018405454718059381,0.0013359369314801524,0.00042707297678467617,8.36511388044513e-05,0.45046912600177125,0.00021258724277217696,4.1438784077728985e-05,2.588047796886863e-05,0.00013277077545574247,0.2957377211607958,5.874200328687899e-05,0.00029834394123950264,0.0009910024449634328,0.001285767769828908,0.0003845374543150732,0.9989504205131192,0.5264386207927471,0.6352916904697425,0.5180893053083093
1.0151796215562437e-06,1.633042631276795e-08,4.0788541502388065e-05,3.279635680514347e-07,7.348322330616408e-08,8.649855862434875e-08,1.2791411948916954e-06,0.4529562242461666,0.8962712834619998,0.0008972779307656782,0.0005672218973757101,0.6985786689283076,0.9999385988693984,0.018349649728056444,0.0012438698595138454,0.0011220920408802834,0.004716250630466767,0.9853977204656779,0.010623010533440613,0.47634502465871503,0.5806079219851181,0.49968937247600215
0.44740625100869,0.0004910069462307793,0.0005176190388305015,0.0069429298331195235,0.0007695694088500677,0.8960410626918031,9.391615830664204e-06,0.0015413261020792931,0.0011266330126667853,0.0001925715336568927,0.00012240433541192203,0.0007161224368546301,0.0010079566853517768,6.000779059664426e-06,0.7051505631736256,0.0011916726037712877,0.009878371850886025,0.0007991646792409172,0.0007248008485628878,0.4771314339782172,0.4904166313686536,0.4693145443981202
0.00016494763681466258,1.8748924755183556e-05,0.0009487220886635097,0.9003609806686123,0.4510640171335615,0.00018908996520653894,0.001124256432733182,0.002280464956485921,0.0002158812970819771,0.005616151104693056,0.0035503448889439492,0.00013647442836431378,0.00144165069562191,0.0007107270694614252,0.00011953804269762829,0.29566665299335015,0.9992877743061839,0.894547147803113,0.07472443693327435,0.4774867720620338,0.43147446428449276,0.45702984800462865
0.0033058595076765774,0.00017376227665412397,0.003336629101549572,3.985237479504705e-06,0.5746343630638108,0.0009043628654058699,0.00013241144843787104,0.5883928132366093,0.5847221911288814,0.00018357843567884158,0.00011581284213409402,0.3934532611569611,0.507519723920841,0.00014668948759855938,0.0010018815140409587,0.994792622252834,0.0005397518528671751,0.5024764470153114,0.034679634529664105,0.4129100398025428,0.5390481629753137,0.5039779154395754
0.0,0.0,0.0,0.0,0.0,0.0,0.0,0.0,0.0,1.0,1.0,0.0,1.0,0.0,0.511748597051378,0.0,1.0,0.0,1.0,0.39087220229458475,0.6369367407021367,0.14094680570157253
4.6698715944195726e-05,0.0003214696329304625,0.0018086505848865565,2.740329134206695e-05,0.0036801485415067195,0.9148401787542312,9.591826425531092e-05,0.45436768011566164,1.7820750762005622e-05,2.3157862632717289e-07,1.4432882625987204e-07,1.1106586481978425e-05,0.29346295948823,6.674696914208386e-05,0.9970532463212312,0.6997550105197178,0.009067986726133652,0.887981294907657,0.9114319088943245,0.41744418481356327,0.5482784172116985,0.6110112505434782
0.0009217818320156334,0.0008279082192704009,2.9915288125185137e-06,0.5878359751320948,0.5821855352327125,6.644480887552994e-05,0.0011140536665268808,0.0018319462653339901,0.0005285322644548806,0.5879040321796505,0.39330340696683347,0.00040669205847284847,0.0014096371365142635,0.0008572382778009877,5.112775957545851e-05,0.4969248350157152,0.9986355327767615,0.0015115896525736677,0.4775228715516829,0.5019765466405876,0.4309363739623027,0.6008905056544848
7.8155131129346e-06,0.00048452453157227904,1.2156408533812384e-05,0.00032924090140635896,0.4475296853417134,0.000790841338734544,0.013336285981567286,0.8961291699740324,0.00027822193099444613,0.0030111071334324863,0.0019135699274495654,0.00017681162010169333,0.7050232586465193,0.018965469573128557,0.0011249851604991103,0.9991449685512879,0.36903802695521604,0.016117620856830106,0.9901023136945268,0.4620842848592031,0.4924914539834827,0.48376350798637785
0.005343604005560104,0.0003379004301888878,0.6091110469755567,0.0008398429446731316,2.9748827079454485e-05,0.001360509182620934,0.009561188173549371,0.6078614142789297,0.00017518198059611999,0.5940818785926087,0.38464131300120996,0.00012958884057233248,0.49929369070580576,0.009991750254652876,0.0014218939471965669,3.109111504409905e-05,0.0008777375267812362,0.9944032075895818,0.04170286986833166,0.6957813949474214,0.439731338027045,0.5614428170180316
3.628770342099105e-10,2.5317047085416374e-07,4.327710199248721e-06,4.954690025611109e-06,4.142596212903201e-08,4.358541716881636e-05,1.0,1.1751975686670009e-05,8.144707149155442e-06,2.0249441099465197e-05,1.2824232442647688e-05,5.158148176054767e-06,7.4426779067470865e-06,0.9999720706335693,0.9026125776525215,0.0040658159349484385,0.5278164261330984,0.9631469594641836,0.999120424525274,0.4804201273718225,0.5378406890338913,0.4416369727028638
0.0010360286806842835,0.5589102755109376,0.5634977636595454,0.0011528012111682194,0.5676008759257515,0.0009223738377876512,0.003298129064192321,0.0008314865164790195,0.0006581932736798694,0.0005377682114890156,0.0003384947706295432,0.0004142956261931743,0.0005233741033604924,0.002075991318802095,0.000580585870203688,0.3901990149010842,0.0008871086943801258,0.5055890799266071,0.9988624875057196,0.578438917492095,0.5251657408105829,0.5679327118440731
0.4476133159480772,3.6284125499882175e-05,0.0023583420624633364,0.0020395169319707474,0.000759993799526035,0.00014546050231143245,7.494045953215037e-05,0.8906876934056639,3.677715203270345e-05,0.0006221070653677718,0.00039297221971307093,2.3231372399376115e-05,0.7070097447988926,0.00010713783954971934,0.00020687587366290312,0.001176412347972458,0.0029006433744125926,0.0036393821685274243,5.3536127539843565e-05,0.47875227042543406,0.5266109552808357,0.5816177825416605
0.5846064209818872,0.0047265477453312275,0.5668104499207982,0.004195511938734268,0.00039530588195363934,0.5841374521237755,3.820432457893017e-05,0.004661989374564485,0.004208767518647967,1.8086641638450846e-05,1.1415847859666046e-05,0.0026564792993703044,0.002983109298928893,2.424002681660968e-05,0.38118476434357224,0.00032075103678319263,0.003205886875695595,0.5048289454969725,0.005339536707975394,0.4161758367179295,0.5390474844910905,0.49138803728209296
0.0003823219461428768,0.4345279800014925,0.003051284783426852,0.00036129419173389136,0.0020272566630082545,0.000354459171645811,0.0005193607079451337,0.00010536861991264757,7.722455787032845e-06,0.9021408164787884,0.7049833273720899,1.0905561782020064e-05,0.00015085030252538247,0.0007372649597728082,0.0005005634996972809,0.0030400229975289395,0.0005102218199690501,0.004512469515001399,0.9994600689154749,0.46592229240972693,0.526497553857074,0.5814951274092972
0.0009919618975638865,0.5928566260478154,0.010159533349575856,0.0022470648694320134,5.16942868826746e-05,0.007923994380916382,0.6042441376445472,0.6177947767769343,0.0006756628881606808,6.677346698203264e-05,3.981975215726602e-05,0.0004029254701870789,0.3991305083533597,0.4959447181066563,0.008200285697236381,5.681000485199025e-05,0.002325548613261461,0.011011257514597916,0.998973233029441,0.5648003901134269,0.2842710796687923,0.6296350115429827
4.6364383432190504e-05,1.862310821970221e-06,0.0011039557026253464,8.852975575595816e-06,0.5829807319123202,0.0015053801672940507,0.00016108873433195713,0.009745823185728466,0.595990995349596,0.5823166618847592,0.3881225487001889,0.506978876014784,0.010641473152336822,0.00017590932093501305,0.0016438809647248197,0.9987933694028086,0.00510064506351831,0.9732555241107061,0.026512445847265753,0.4418183522484085,0.6063150362490793,0.5479501911488496
0.0018086360794885249,0.5560633244374398,0.009272778893991406,0.0010899351894495099,0.00126544021758765,0.5840621781961637,0.0020054298279879195,0.585210210314994,0.003279511953347257,0.0007260936592491965,0.00045848010389274335,0.00207079881968806,0.394243712643459,0.0015550861293056112,0.5038962880636467,0.001431269958614943,0.00120264986126094,0.010715173761675023,0.9980040370800286,0.5656693180367804,0.5307810913347191,0.5543424936370973
0.0017146848906809172,0.5620418662538761,0.00011812095510109792,0.0018875399118862292,0.0010313022962770415,0.0015726626246372031,0.5932534631069184,0.0021918211744748803,0.00041779016005416385,0.5885705517013103,0.39122335991187873,0.0003188978748587734,0.001673012063078226,0.5071629288400771,0.0017170696286717556,0.0011665462462837855,0.002060872030721651,0.00013505576033614943,0.9981278469252852,0.635836902826254,0.5474785357794381,0.49017594126842945
8.639909580068119e-05,0.5690319412251541,0.00014283211142346005,0.5831363735212896,0.5876206976903497,0.006026426513652553,0.0073832892295628725,0.0006000428573245101,0.00015898202796934448,8.21933909921752e-06,5.1460477170642895e-06,9.953709118960012e-05,0.00037568098308515645,0.004622646564523328,0.0037732088883540293,0.3922763873575793,0.4961010989752257,0.00016130428746330286,0.999906824978241,0.4698415015763128,0.3933110033345211,0.43272525253356353
4.8334110386493615e-05,2.14682059296072e-09,5.706921930264239e-09,5.124882734091235e-10,0.003922364666259733,0.9298776305056374,0.0001662204008119167,0.0011042329282835402,0.00014881017846508628,0.4643098806417602,0.2948199289364687,0.00010187843798424225,0.000766395101187933,0.00011439210934078683,0.9971483116649327,0.9926125770895855,6.750101791413001e-06,7.871510561816524e-05,2.9334272018994136e-05,0.46487142713651575,0.3804194732869905,0.6543668839953131
0.00011058537599054005,2.1544178660543408e-07,0.886596732827024,0.4619578056180661,0.0014890343663745249,0.0015460578102904974,0.00025140663854408796,0.0007575407115975622,0.0002327952788527699,0.00019620075154035076,0.00012044584408966949,0.00014291089209104093,0.00046504736208628447,0.00015514215249908176,0.0009491113954491466,0.0009706666362730434,0.29392390264724144,0.9999241731840387,0.0012866633900953106,0.32116171763844975,0.45946237009495017,0.5582920556958116
0.013586342697594398,0.0002210423224809103,8.894181518808152e-07,0.0001724932390132505,9.317989752693671e-06,1.7035712315058013e-06,0.5893655055935856,0.597416709385439,0.000342959342634217,0.590190697773836,0.3901588570854176,0.0002601355930667761,0.5042342162302957,0.9853236529396074,7.980698614502586e-05,0.0004365187246104015,0.008080987915581261,4.166982680328454e-05,0.01074397348486339,0.5176541629414044,0.33994989993378755,0.48917124022638026
0.0019134322976315744,0.00014942666084511211,2.8577434322748076e-05,0.00422079729408927,0.9128672597964013,0.00038830236070430343,0.45700960636330024,0.00025465317319824153,0.00020963143686250364,2.9594620884988206e-06,1.8455086405024315e-06,0.0001307253207513924,0.0001588006983020045,0.2954851853376811,0.0002707926633206065,0.9967662971669528,0.7282292805314778,0.009476273546417311,0.0514636766211235,0.5896360686593473,0.5383069879203704,0.3933091105518019
0.0010710920359717833,0.554984249635207,0.5612579874857734,0.0011548895204063635,0.0014305311603903014,0.5849663004593718,3.49675021774018e-05,0.002416122941282596,0.0001848076825733571,0.0059361152273413225,0.003743362600214739,0.00011654257333319643,0.0015236458415061604,2.2166249829710092e-05,0.3934658116417328,0.0011467381595307933,0.0008936051365952589,0.5065649635000042,0.9988156703974231,0.43872864238141085,0.45681471249055533,0.5626077921987729
0.00011883756842812671,0.002147757571346424,0.5500930164335888,0.002745480017570732,0.00016144759099335186,0.0008449083599348604,0.5788991233741898,0.00023360270130754537,0.011031868433561605,0.5807832358242321,0.3935094307792337,0.008598969952755886,0.0001820965160796019,0.5015599188792728,0.0009337171138895373,0.00018288579735287397,0.0030340726264530514,0.9975341462166707,0.9660777889604819,0.4713716821329041,0.5371925440459806,0.5002462043813513
0.00030788857840649623,0.004947831668249439,0.00024630681218600856,0.5850664130078916,0.5808663180477673,0.5841660548666208,0.0030713618514006022,1.1273834204819324e-05,4.785331615208567e-05,0.00020487379239899888,0.00012907878353019317,3.0149526942519288e-05,7.102972075845349e-06,0.0019350853191352595,0.39243591378083564,0.49769436245633214,0.9943984354327187,0.030470303248258952,0.961859570905224,0.46827882653249503,0.4521983045780573,0.5845660344555728
0.5875557055454386,0.000194482607310009,0.02192990240125899,0.0015435140576922479,0.5793711236617247,0.0002989381376938033,0.00023923648531073708,0.0011905843212665736,0.0001929196225226352,0.5845511341824786,0.39226115915054033,0.00014878111556026368,0.0009181882371956286,0.0001845012387499266,0.00023054367895501704,0.4952909109261456,0.0016711258645356324,0.024870040891723733,0.00021860746871343135,0.5997138408021928,0.5282385593011945,0.47251035763431676
3.412044613841775e-06,3.969531061506161e-08,5.24177886965265e-05,0.00117670359850861,4.244594322192918e-05,2.116995160506319e-06,0.4553038742138016,0.00049093298364717,0.9128096850429639,0.001048464633535522,0.0006543461388844041,0.7054463385893068,0.0006864349139206825,0.9983517789198247,0.001143306214584546,0.02350284274217202,0.9702667030725483,0.9604761256505466,0.007683103965704929,0.5894148908900757,0.4117326527888266,0.5653876994845275
0.00016521743722733298,2.0624151503527838e-07,0.010541379755333502,1.188303420311271e-05,0.9084870431221705,0.010031483919113923,0.0001555932094486139,8.451226029510159e-05,7.91947262649765e-05,0.4536823668540821,0.2948199289364687,5.5488364782401505e-05,5.9214134168310284e-05,0.00010901752265761325,0.007028775603688823,0.9926125770895855,0.0007175571417791888,0.9900229223671505,0.0008244289970797073,0.5248106639922072,0.3785708059593168,0.514568181866872
0.0022768828306562352,0.8654779545802281,0.0001513038002141144,0.4494242379099622,0.0022371399367134277,0.005692256721118429,0.0018610616245845317,0.00011369231760792608,3.344037632736438e-06,0.001187387887205928,0.0007528400769810904,2.1202226749391837e-06,7.208442510183116e-05,0.001186132235317363,0.003609091394959935,0.0015062083208344608,0.29544637248766564,0.00011234380760607269,0.9983856016876533,0.5147781691862293,0.43782486378793567,0.49999736365545405
0.0001220727017957946,0.006249059215195554,0.0001938851180305482,0.5780521158039597,0.5799468566044342,1.4663150386600798e-05,0.5837265666394773,0.0002880927275414149,0.00018257847737269454,0.005597798987773319,0.0035437346714647672,0.0001155840658578636,0.00018238146189992783,0.39426017174265493,1.1399873312513658e-05,0.5010216055063714,0.9928558181614193,0.0199281821356993,0.9880138543950306,0.47260174597586707,0.43316160550593336,0.47968902435794386
2.658937097682094e-05,0.0070284938211811615,0.5883020133034551,0.001146989438946397,0.5855616010231053,0.5774167151118723,0.0003551773576909165,0.0003178839807544736,0.0008544281993554944,0.007297538868895935,0.004594397486515717,0.0005379418270764395,0.0002001375107364533,0.00022361716961340127,0.38692241890883355,0.4984887473877378,0.0012410957903394595,0.99211002047962,0.9976784885790202,0.4100426015593359,0.4537380103625419,0.4690950628144081
0.5824420530683533,0.008327854286610668,0.012775266049904968,0.0009821672981933749,0.0012108433521255053,0.0005900577254226863,0.5827167480006907,0.5852209718544706,0.00294658927869697,0.006047168713757522,0.0038022755321499013,0.0018527502514882606,0.3923441092032674,0.5016875262187371,0.0006447002625232065,0.0013706107401753177,0.0010731246648418207,0.014618506280449195,0.009442387896366283,0.4831527776729604,0.5723873626180038,0.4165295241596522
1.1245819539383887e-06,7.679281103249753e-06,2.9168394787159494e-07,0.001370412992851557,9.269928863168238e-07,5.235066839651706e-07,0.5825492386250511,0.5879244311983982,0.5843574251025764,0.0022042860523148384,0.0013762791576041444,0.3885261682184451,0.5056199863307644,0.9985101449344961,0.00024318862184546868,0.000468686002086243,0.9962596036595122,0.02502989663288241,0.9107234444223397,0.3783660486768234,0.5451826434442864,0.5528394806750734
3.55922384826331e-11,1.4816298988474697e-08,1.4663536830671013e-08,9.644345246565009e-11,3.85616214492525e-08,2.2613068217662113e-07,7.651244815455414e-06,1.0,1.7434971142307375e-05,4.138902955261677e-06,2.5991005963993594e-06,1.094861232227111e-05,0.999995167996561,0.9808991046056332,0.8712816054805204,0.6894369097834828,0.002825879483878656,0.4996880829043949,0.9985258497624423,0.47440778160566494,0.5356974387026077,0.6088456083450094
0.003641838470919467,0.0001096739234356678,9.131241901152504e-07,0.5963979902307855,0.5676420665148298,0.00041030938368656817,0.00019563602755913752,0.00010509149871023156,0.5935559083126806,0.00012270215543262468,7.546907045261921e-05,0.38879346724517094,7.998647961021789e-05,0.00014764452394414837,0.00030804786271590174,0.5033741735171136,0.996110703204176,0.00016707335702784328,0.01988267232214208,0.5266020710874257,0.6755221198110176,0.5594898868136422
0.46410000286637415,0.001340242869228657,0.8998049258413578,0.008871436199825345,0.0018965437402247427,0.0005395426698186671,0.0032671914959621286,0.006234682661131491,0.0033269650693228264,0.00015220937071916643,9.570196231696171e-05,0.0020918400722379493,0.003920115815469055,0.002054307149333375,0.00033924863754850417,0.0011924919993719846,0.005578181094148308,0.696846513272629,0.0019072337667461346,0.4433088966900942,0.4685868234232072,0.5911728079511479
0.010267606598832434,8.713689280662499e-05,0.44757863146619864,0.003316716085441913,0.0007901930170990806,0.0008747653395515403,5.177610501593027e-05,0.004954808413792642,0.9017962375203744,0.0008970913823539243,0.0005672321000706899,0.7066201608790404,0.007045182297275354,7.362282465491095e-05,0.0012438698595138454,0.0011236145212938607,0.004716250630466767,0.9853977204656779,0.005604732900211099,0.475120881593141,0.578808263312015,0.49968937247600215
0.6082917679970133,0.0012045560470255788,0.5945812150755342,0.0027279944880433727,0.0016287140307033896,0.0011287331432317598,0.6153072831507125,0.0014570635989805143,0.003535772260911405,0.00018098499282508617,0.00010789786121441836,0.0021079259638844476,0.0008686629517399315,0.3932889186769205,0.000825500281803141,0.0012648666661958128,0.0019951302267598447,0.5074225641088341,0.0013078193367468405,0.3655320786619589,0.2924601002344522,0.41817952993137264
3.4515939868825073e-07,7.727217737898884e-06,9.849871357537222e-07,0.00014339888427417885,1.1006153403107472e-06,2.2352598927153613e-07,0.91170520985078,6.331583729704702e-05,0.4549958827478608,0.00010706095239348486,6.689057431185741e-05,0.29468847041252294,4.421178350938395e-05,0.9998997062792049,0.0009907412906531368,0.004878343759071308,0.9641489931467672,0.07776151641092183,0.9726060068429649,0.4969801520159317,0.36280225868481325,0.5101114129982696
4.431934625620914e-06,0.0015515386164688288,0.5532689925521355,0.00426699779116068,0.0020815550163777626,0.5855109972280617,3.9014925525832267e-05,0.5710852904117274,0.0008879172099992214,0.002214911806139122,0.001400478927498285,0.0005614270986601549,0.3900127000851527,3.0310065785436993e-05,0.5033365192746129,0.0024286212881834413,0.004688424447187988,0.9982313971561307,0.9982471021335033,0.5015477793313688,0.5713719509900068,0.5417534644834963
2.7400061592397334e-07,5.064174571052556e-06,0.00010638145094889433,3.616022790498663e-07,5.103648328013895e-06,9.393853063849082e-07,1.675227456594251e-05,2.1509564048551173e-05,0.8975181388592532,0.4491459593865089,0.2953867356918721,0.9999184208960761,0.12143640229032415,0.09528973063656537,0.005355744396467453,0.030910864958727358,0.002064098333633635,0.9699590526394232,0.9668276286814056,0.4461990436100433,0.4730541308809115,0.4971275987749016
1.387656258234015e-06,0.0003681511863909985,7.77088186463182e-06,3.09269042691349e-08,0.43958667366571247,0.8980498861426847,0.0018810673770271976,8.793402972069674e-05,0.002134454527066622,0.008277792147410371,0.005244733638708948,0.0013524025430215855,5.571558585555907e-05,0.0011918574955435807,0.7039425836651386,0.9994602732805733,5.1538974624947e-05,0.013562265515650929,0.9976869728157521,0.46471664032400917,0.5376480363241761,0.5461474624785483
3.5725278855501e-05,2.206653859247375e-07,0.003325515165346113,7.785364919263808e-05,0.9084627121925062,0.0014297055960576911,0.0001635509426772366,0.00015498852524752142,0.4537147988787529,0.0001784297325411132,0.00011186164503754629,0.2948755518162315,0.00010860982193982259,0.00011461002678866646,0.0010018815140409587,0.997668829520844,0.014900326679988307,0.9931610563259844,0.004079302720221778,0.4709535889101045,0.379071167378479,0.4994495891170805
0.0004071661111511498,0.002755399463166215,1.5954623412887387e-05,0.5855377561807298,0.00039607517452143216,0.0002236780931928043,0.003937756808634896,0.5792903151351744,0.5843233119716044,0.002239515665417046,0.001398356858195054,0.3885261682184451,0.5056199863307644,0.004303520212690757,0.00024318862184546868,0.000468686002086243,0.9968607282177528,0.0038168978589357416,0.9099254017670539,0.37902646448054644,0.5456085103686608,0.5534239798966063
0.001471613813201819,0.5798245417716201,0.0007359351332814158,0.0013618668257749913,9.416015447888234e-05,0.00047134438859523824,0.00031238158470402134,0.5803638661818535,0.005433987405610406,0.5826160280278813,0.3875233290072803,0.004138680474816747,0.48860357731065984,0.000330607627066931,0.0004988452822780279,9.965401049054476e-05,0.0014413273719103836,0.0007788761048193205,0.998442516876711,0.5675498353758814,0.618973477577576,0.512882904516279
0.0030980026967567884,3.250090097859103e-07,0.8997401348541906,0.000985031499141911,0.4506811570593321,0.00036442164786550227,0.00029164212662550836,7.585159548138107e-06,0.00023517913828829582,0.0006207996305894189,0.00039273572346978025,0.00014878111556026368,4.798591099725079e-06,0.0001845012387499266,0.00023054367895501704,0.29562452122430805,0.0006969640862377329,0.9978079870923111,6.928622496760184e-05,0.5693473142111348,0.5272743704019517,0.47251035763431676
0.005322433190547872,0.0051965686206724504,1.1355585437615753e-05,0.5763891912308577,0.00017677408024743235,2.5157692370874422e-05,0.5665143750029908,0.5547711629908543,0.0011984816922660107,0.0010468440966891713,0.0006422344712308809,0.0007352639142551712,0.40531945118881574,0.4989333109659676,2.7424292005641794e-05,0.00021378239596876953,0.9917685740884363,0.0010682462596579272,0.501597016075373,0.5797506029511897,0.5620284283500095,0.3342151627123786
0.00012424520964101826,0.003752324795731206,0.9010612793681801,0.0003553883213266541,0.0015891673369343431,0.0019086064716840635,0.0013243001811283229,0.0006298254170044317,0.45471670127793334,0.0039612542774079594,0.0024985437956775236,0.2975251485908117,0.0004449791870865825,0.0009356344000367489,0.0013484559751250846,0.0011227702192405098,0.00025108737024203385,0.9972483209222083,0.9796877153122834,0.578438917492095,0.5251657408105829,0.4497044953622414
2.0583682525442518e-08,9.686150087261602e-07,0.0001133626842585125,0.5855921217555917,0.004106549776323226,0.00015246352827256443,0.5829160715975462,1.8321300659473205e-05,0.582905340336228,0.0001537486767828222,9.662820921823265e-05,0.3903490883809644,1.4485240037581758e-05,0.5001904990777521,0.0001657441445964237,0.00485890096138869,0.9998662733445367,0.9947982757791296,0.9869611856495383,0.49525481557978346,0.5300491656154092,0.6096518664678686
8.652857908950527e-05,0.0069660312473945624,0.5907456210889169,0.5969665367215827,5.3496654551626e-05,0.0010095740445308073,0.0001521272519913704,0.0003296323946114989,0.0008209218083370122,0.5929801178315265,0.391368058328695,0.0006222475305306993,0.0002498569437813114,0.00011531042770444191,0.000765243851170714,4.054978029643019e-05,0.5033105941653674,0.9922119691587064,0.9923777997446932,0.34733457471959023,0.43151853616934255,0.5110757510611462
0.5754476829693578,0.0023376429720699836,0.0011496568516114786,0.0053687542267881,0.5353921152794677,0.00020359682213667174,0.00020804684340690387,0.5698982854427327,0.009153693129253664,0.0008746849326344984,0.000555561947896948,0.005814111323407388,0.3911217139529827,0.00016256536198340412,0.0001582618037914579,0.5039774272927,0.005939232453744114,0.001380023384841958,0.0026828911795957486,0.5306876484874613,0.5307464138078347,0.5204113115816508
0.0005115738514532179,1.6009136823742337e-05,8.912575819284072e-06,5.620909319820148e-06,2.8665333646760075e-07,0.5850349657826477,0.5825655869614724,0.0011022820841880073,0.00015463776143627826,0.5832640453064389,0.39077018248517065,0.00011892847815491564,0.0008721784682555567,0.5003112153591748,0.9994358780404533,0.0003831305922686601,0.006902723391385594,0.011877028973079929,0.020403371338198355,0.5722584071376694,0.42914444239486577,0.4512265878410072
4.14888037717697e-06,0.0006512870881776339,0.0006582730126979033,1.3407587976450083e-06,3.870469177739639e-05,0.4496037922631459,5.0224928060896625e-05,0.0006818778091570017,0.8985988819121388,0.00012640446761669034,8.008708996484759e-05,0.7046594092180392,0.000965506887195406,7.148752449541505e-05,0.998632057891052,0.02643094062184842,0.0008842744879653552,0.5063775683440797,0.9960908715595136,0.43941106721433204,0.5266227061299238,0.5205221079287569
7.444108900777448e-06,0.0014686567264044906,0.45706030802544007,0.0011824543496366756,0.0003974255226806546,0.9064792086346156,0.009190176423292696,0.0007431922485953173,0.00022440991089532297,0.00017088117829399643,0.00010715408006417205,0.00014072022572785543,0.00046603196627203623,0.005762943918471319,0.702687388382996,0.000553551960505938,0.0016469773107081393,0.9978778129607002,0.9968896023358058,0.5053612969288033,0.5562271018567648,0.6097386676088095
0.5820438492086185,0.0009605655615659953,0.006297093189865855,0.0011297665656423504,6.934045965646301e-05,0.0064957729180365265,0.0006452578030891306,9.034386234945406e-05,0.585261247244129,0.5861181903381046,0.39118686285184806,0.49771926081618456,0.00011217962278419705,0.0007586703850424941,0.007414895058438949,8.473699175445219e-05,0.001251015148770017,0.0077800606020224095,0.0010814924837051917,0.42756781230202007,0.3952330961233317,0.5202271630846644
0.5764066959530938,0.0035749648992075777,0.000901445277581632,0.0012251052148327661,0.003013170416125771,0.5730234914635302,0.5740499188943554,0.0011590453523070653,0.00016368754973426148,0.0008966852422505826,0.0005663779457262374,0.00010339084291621507,0.0007932410343459485,0.39561608015938377,0.4953104909043896,0.0036404068218989097,0.0013699268008670255,0.0011101476365605878,0.0040643348354371086,0.4399215352867016,0.4739517953210267,0.5600313944358345
3.66065585812335e-10,2.1097991799256704e-08,2.612220515935826e-06,0.0002733702715827741,1.8737033048170107e-07,0.0002927712537571049,4.256962299524274e-05,0.5850556129779911,0.5821846519415981,0.5785227472056963,0.3891968277837581,0.49843408850173393,0.999561648930604,0.06775208611691788,0.5217916685291424,0.0004633202407435741,0.9936295832586128,0.994905679341461,0.9893535640037736,0.47783841547677125,0.5410041563164568,0.4241383741391144
0.5820539050828433,0.008476966997017483,5.978706877594985e-05,0.5856580566543212,9.390058900880579e-05,0.5771012088001398,0.00011462328350137678,0.0004124390980578156,8.318307538654733e-05,1.4664109452172834e-05,9.266655620817902e-06,5.2565681982398555e-05,0.0002606316611854626,7.243362393065053e-05,0.388322773051061,7.23937387289252e-05,0.5019285970532329,6.847063756447837e-05,0.009617839694686381,0.45770734010730596,0.4449980699442547,0.4488993283867192
0.9071833731471793,0.003732881060715524,0.00023400181467965098,0.4541086534658138,0.0001354793374589875,0.0011985444585524212,0.0042922797339189555,0.00036986189719504577,0.0002132496836298787,0.0012034108507845262,0.000755157039565985,0.00013381720497959772,0.0002320936017064961,0.0027075388910310456,0.0007521107071483515,8.807714514997328e-05,0.2954550651083413,0.00017196103853015329,0.0027175636505186174,0.5109059076939821,0.61996619826252,0.500659466256247
0.5764622132795872,0.02121094327072779,0.0004700474882191638,0.002974674611230717,0.5642754581441861,0.002294693412949989,0.00034803242148607956,0.0018849788508871282,0.5798872907166144,0.00018953948815726015,0.00012044588162038255,0.39298591653025,0.0014689434890606022,0.00027121836515869917,0.0017882352725278531,0.5008359822758713,0.00328268012838863,0.0005432059243394485,0.02428911149418771,0.5338228237253604,0.49696524887203436,0.4742589657400772
1.840250435855894e-06,2.77360128055836e-05,4.590377892862845e-06,2.7419174956903225e-06,0.9166252155581273,5.082730254204999e-05,7.773252204121953e-05,0.45851075740892666,0.0002022302817945566,2.5667487082855217e-05,1.594333237302303e-05,0.00012561512584884738,0.29527732035165877,5.398723428885635e-05,3.530086798338122e-05,0.9999796336014745,0.05961334116053157,0.10051138960103587,0.9593398699628042,0.3693095002731499,0.5069184097744563,0.41180175591780105
0.004391895855603154,0.5594826852868743,0.0006885523575373603,0.004239681764372748,0.005258830521215533,0.5866784652435701,0.5871214828493247,0.005441241422729141,0.0008752222951865812,0.0022887292854813584,0.0014385501332370805,0.0005501102541833377,0.003420042955450203,0.39364203280734905,0.5033847434387917,0.005767574892160095,0.0046500012625757346,0.0007908504694865235,0.9951829179066298,0.5652133689628314,0.5730125113422705,0.44275011157278116
6.88951194382231e-05,9.939331620487812e-07,9.803681446547659e-06,6.52071249305794e-07,0.0001389688577706129,1.4041540109140552e-07,0.8993490545165037,0.4499408772138218,2.1196488019846795e-05,1.4429755478447904e-05,9.134911481295223e-06,1.341866409950343e-05,0.2953180459636948,0.999889980706386,0.0005751457446529105,0.7044099354638362,0.005964489416864879,0.089976054338536,0.009527294542155437,0.4360323380383108,0.5387399234366013,0.5054150837507421
0.006010860078115255,0.5481147766678063,0.006564652726014297,0.003101157285127704,0.5847888810753087,3.594093657546359e-05,0.0020142924051808485,0.0006814464741673797,0.5857553208618651,0.002887753314179394,0.0018306200905146138,0.39646019632712626,0.000531825615331027,0.0015720290240480161,2.8049706269249507e-05,0.5088781943538334,0.003471536465816605,0.0073489221189241396,0.9932706070949899,0.5263959800159232,0.4508130366579066,0.46630098097884615
1.3554402250817493e-05,0.0006776937408028068,0.0015677075542866532,0.44977706890409197,0.0003987330618258986,0.00023857695619983386,0.896404127133059,0.00013016298246284097,0.0002107089712247559,0.00017271672163725183,0.00010917937054824654,0.00013319540240511163,8.227989073201201e-05,0.7052633050381358,0.0003376817965051549,0.0005992871160888065,0.9974721434894153,0.7423709066474748,0.9877278671135826,0.5699240944570977,0.5342855382276677,0.46777881572233937
0.008288382867766932,7.715391589485385e-05,0.5862774325746754,0.015600886547267752,2.8785814011105764e-05,0.5889879209796159,0.594655318229661,0.001222838546103245,7.1632416099021036e-06,0.00010384156617869588,6.468228835393531e-05,4.461940223064536e-06,0.0007616989757165941,0.3953299079488218,0.5013237768160276,3.124340689511233e-05,0.01693481159101007,0.9910000920771159,0.006147633399199215,0.6401227060070389,0.4583163651421378,0.47423970410315375
3.754177514724988e-07,1.7492059126036276e-05,0.0009324955566495156,0.8998990721113738,0.0002482115979296492,4.845998890808227e-05,3.545993576695206e-05,0.00041081445972321676,0.450085472965985,0.00025139345840391735,0.00015905918679675756,0.2952439626588474,0.00029900185116288336,2.5216554780839185e-05,3.428225135172479e-05,0.0001911140440189475,0.9992841018379951,0.9885810102858003,0.986665414981612,0.557998315745765,0.5528312464004544,0.4950734238528479
1.671851882344822e-05,1.503401204036682e-07,0.0001817088264737337,4.247116328899352e-06,0.00018316563274181193,0.4681542398722957,0.00010255956139487355,0.0006972789326036833,1.7378173939576205e-05,0.936566819309082,0.7049026674047535,2.363168656522899e-05,0.0009612571089123365,0.00014019386658195544,0.9996179974461467,0.5023073157576825,0.013662406427892307,0.9461439423625582,0.005938787549230773,0.6113231074151785,0.6150868991563235,0.3536503176281995
5.148486981077915e-07,0.0003102227889480566,0.5647866759466809,0.5892733514670621,0.0030936029982164977,0.00033954495140539094,0.0012833743358362049,0.0003760660964903355,0.5741809900556271,8.19077636199903e-06,5.1460477170642895e-06,0.38352420915195173,0.0002867535110955922,0.0009785840045146183,0.00025890616622472186,0.0023589064297472317,0.4988291632217863,0.9996535877030908,0.9989815669039649,0.4681514214422059,0.3918431546940305,0.5239212260725035
0.002495325513491765,0.5608167313944471,0.0010686553161160229,0.0012714893451764868,0.00013768656629578943,0.0013950901041008597,0.0005576259063260781,0.0008572246340159344,0.5782511194551208,0.5813278564599379,0.39249559951305635,0.49804642210983274,0.0009509009702046156,0.0006133431008435283,0.0015265167317975589,0.00015997979996322173,0.0013912757894626831,0.0012245284297494345,0.9972695732136059,0.5387548189986885,0.5334140010908405,0.44730049209675243
0.005011648249177624,0.5558310485161602,0.00043122820917247196,0.5792246488145602,1.8274327055121993e-05,0.0014625806135912525,0.0004478297552161887,0.00015166732530418934,0.5776760797702666,4.3758172276262175e-05,2.7833130626612503e-05,0.39168952694065867,0.0001181338781040718,0.000350636553212903,0.001139206747262289,1.4746431285343807e-05,0.501417879298613,0.0004985452502470173,0.994467087556139,0.4723997288205219,0.49017207564146226,0.49673820811141634
0.00012752965193359102,4.563322473634089e-07,1.0,0.001502829574068076,0.00028021838285621005,0.0015703383623874886,0.00025519984936356717,0.000626688381848152,0.0002352449048033306,0.0005102127376171975,0.0003101705558439293,0.00014301103028175016,0.00038097895504129943,0.00015514215249908176,0.000954646996965885,0.00017461795815369821,0.0009136077905143698,0.9999224709384402,0.002363204380461975,0.31752584065619915,0.43449327789873476,0.5980562512768122
0.0023373361064623517,0.5578293307557162,0.0012210022614618215,0.5783443842407997,0.00019148797596834266,0.0007449007003960597,0.5867356299253492,0.00014740800617014287,3.685483668170928e-05,0.0003759123297190389,0.00023769716063875985,2.3304078508508646e-05,9.32091435392036e-05,0.3960650277369008,0.0005796162591655168,0.0001489991564351857,0.4998002742138578,0.0013431913595963445,0.9974287493512299,0.56470812434827,0.5509765694426554,0.5036187436534598
0.0010665582245431896,0.5684026215998816,0.0025263618086184664,0.0008845429563104519,0.0009671349914367413,0.5864061500326894,2.0109448514470078e-05,0.0042888388320375245,0.00016590777148074972,0.577050880120446,0.38491319407432184,0.00012646599108848177,0.003447491366066425,1.5409031343175425e-05,0.4979029741577383,0.0011358065160296657,0.0009744230999379977,0.0030255296452204716,0.9988395253809745,0.43958800052345737,0.40637518964643404,0.4478869166582155
0.007026298836071461,0.5576159939457136,5.53687787552241e-05,0.5704118662076156,8.213547842224418e-05,0.574121408269794,0.00011590968718100137,0.00011650550368292397,8.306242792152784e-05,1.3970305157305681e-05,8.841044448015735e-06,5.2565681982398555e-05,7.988814254426076e-05,7.498139528695373e-05,0.388322773051061,7.024677187478148e-05,0.5019285970532329,6.847063756447837e-05,0.9922074905993246,0.4494827096770875,0.4575364090216217,0.45988949341088453
0.0002590594456792461,1.4014534025758656e-07,2.6215481363384147e-07,0.4411387046698555,0.0006401497950491747,0.0006091144064496825,0.000498701671391879,6.884170823514958e-05,0.0002055362809447733,0.8933216305482631,0.7016405976520561,0.00028931230956974474,0.00010218435283773598,0.0007056366811231398,0.0008573886363990225,0.0009848620385195963,0.9996307490551241,0.0006903106301283189,0.000352833875807655,0.5292125717786424,0.5207849039412807,0.49878152110943513
6.281489557168867e-08,5.6409312316985265e-08,5.193510026929852e-07,5.360537893293307e-07,9.791294151846421e-09,9.146691316478672e-09,1.0730887214185684e-09,4.558371893745134e-07,1.0,0.0,2.383203815802329e-05,0.9999992734314147,0.3436648235428264,0.0007685260806763995,0.006592615913972005,0.010456107592171637,0.5074514032956481,0.900560211840725,0.5425641009171901,0.4815580812898287,0.44548442592612203,0.5864295976771539
0.5823625272786167,0.5538281818085864,0.0008571973812248866,0.0046729242550988155,0.0014622885817110907,0.00018739395004953107,0.001143126875775017,0.5766004554821117,0.0005011341134441252,1.8179634247250636e-05,1.156340799618306e-05,0.00031875330265225153,0.3908499183964218,0.0008895505370231858,0.0001458250194103085,0.0011379149541968518,0.0036363718039366935,0.0006670604290828622,0.4957013156969304,0.4850461623681706,0.5243154882779832,0.5076913747334671
0.002143505574303771,0.0036667084605909624,0.4412277499262943,0.004109462882085777,0.9033536864036577,5.1163761891397687e-05,0.0006776998908725305,0.0064033301073224925,0.00048509171117501796,0.0009018471342177122,0.00055477544533211,0.00029840650134715485,0.003939064763770754,0.00041689839103064246,3.1474245985086443e-05,0.7053256349218135,0.005661633689918303,0.9939843152202672,0.6733186216824019,0.4211304823588027,0.5173913435116502,0.6684374032636015
0.8923728485180761,0.00048328565213138515,0.45956870158851554,0.0018301141354932903,0.0001953534012142765,0.00036560500716135475,0.0005803536453457916,0.00016897752765316972,0.003996119766347827,0.00035749689360748744,0.00022673495032107382,0.002534462437650639,0.00010717132776485286,0.0003680801563473332,0.00023187924681351764,0.00012389983982140145,0.0011607219292121894,0.3027588388856811,0.0003576768240585652,0.48065922659872634,0.4500999517783722,0.46991214377760543
0.00012901975103803872,0.0019704961322808295,0.46020759159159114,0.9110697371171775,0.0004340425061260577,0.001202023191274958,0.00031372021738186134,0.00024836033107548407,0.0004897522008351125,3.7465841710127664e-05,2.336759374761584e-05,0.0003054603977384375,0.00015490334081993203,0.0001956685726297338,0.0007497069389945633,0.0002707142767770117,0.7022234970993999,0.9971665503425595,0.9598734425800698,0.3664686222729427,0.5048676137881639,0.5534221251689703
2.1974912708645886e-06,0.002497558543612506,0.431166168245372,0.00035876454302882484,0.0028459100833414324,0.00035503453171094947,0.0004760395790676378,0.00010699362447396193,0.0003772337669478732,0.9036053930764172,0.7049833273720899,0.0005318617289076651,0.00015085030252538247,0.0006746728283586154,0.0005005634996972809,0.004260754594593047,0.0005058339323473077,0.9963468296688356,0.9994600689154749,0.46583553813411194,0.5474330713366056,0.5820061732352276
0.0025236249690150643,3.941253022588076e-06,0.5279490465683406,0.0024901272842592654,0.0006819019810179814,0.0012552588461111481,0.00015109347409329886,0.5661760737409542,0.5812052787195275,0.0008913800123419775,0.0005659796093523897,0.39364395493286697,0.5053087387128583,0.00016878637826099933,0.0013949657783446504,0.0008247788812578297,0.002767287217176062,0.9971954562715636,0.0010314363039338294,0.47148814189120286,0.5277443379974415,0.4675808705176453
0.00142281804551161,0.8886471685827265,0.00112640029355551,5.740285351232805e-06,0.00022463933564037221,0.46098656604589716,0.000183714644378206,0.0007749640446633652,0.0005454187880332086,6.144380714040767e-05,3.777806648597939e-05,0.00033534491388220635,0.0005162754440148972,0.00011439210934078683,0.2949275993639326,0.00017102260207041076,4.044770418714207e-06,0.0008628365448131974,0.999009790055284,0.5672119837455679,0.3812958715569241,0.6296786903338324
0.0024929051729101538,0.00037170944644965666,1.811018311914558e-06,0.00020209239873266116,0.5905956446565448,7.521193112452402e-05,0.5929589120554247,0.0027256441650113793,0.5888311253774203,0.00038120169240826827,0.00023715520914386525,0.3903264444330766,0.0020733451645840806,0.5012682467842976,8.107232603977131e-05,0.9972721718095798,0.05089358041240222,0.00045704869454707853,0.097701815071562,0.48619823506766197,0.43288878630985117,0.6363963774778217
0.8927295544345835,0.0013602007039205865,0.0009298971750570079,0.0002651139083668061,0.0009330360925219476,0.0011571940575730646,0.00021382753489074716,0.001120573723219744,0.0011764293469262775,0.4397724849729103,0.28824366106039445,0.0008284795076052781,0.0008321680437854588,0.0001513707464499993,0.0008168023630928116,0.0007181744363265877,0.0001914145532377553,0.0007105598999413917,0.0009984707384199515,0.4716213965226973,0.5459900996336232,0.4513606436521951
0.9131066006522752,0.0011557245592509543,0.0012375721587076988,1.3496549415178635e-05,0.002001145359420113,0.0005914785910099441,0.4559632332967087,0.004775647849533498,0.000576098360162788,6.056618611552484e-05,3.777806648597939e-05,0.00035934049557630047,0.002978814431520412,0.29483691596262085,0.0004123782899641355,0.0013951978817923795,9.409804847500432e-06,0.0008628365448131974,0.0008359222837284186,0.4208686881986934,0.3806211787167498,0.48894002565035466
0.000498546189875849,0.8800477472128069,0.42301678978067964,0.0018647845790255876,0.00019010354922101205,0.0016524525263135967,0.00288852797525069,0.0008772926306480652,2.5614137329722663e-05,0.0009099835078395322,0.0005669156281636753,1.595749644801468e-05,0.0005540791865030034,0.0018089398742244561,0.0010294757507142936,0.00012890276618550292,0.0011617600216126123,0.2965630395170676,0.9996523629335508,0.5153404617960446,0.3731444644602339,0.5744409597620141
0.006299292395904555,0.5601166685073874,0.5812856618204152,0.001423106046064887,0.0010549347790270109,0.0008601964803663806,5.503343043582863e-05,0.573595367202822,2.1975529176659217e-05,3.3433301026404e-05,2.1235561672420938e-05,1.3958020626110307e-05,0.3878833662419987,4.2625261383614425e-05,0.000666251517930818,0.0008170834959878112,0.0011022460400907904,0.5000970598380805,0.9930988222734168,0.4833579217904678,0.5311232175535698,0.46760343298052776
0.5713193211218323,0.0008922538130192943,0.002190503480130243,0.002483476695430285,0.0001770051538292912,0.0012519053430477148,0.00015068981836141026,0.5759957323831665,0.5811711372525387,0.0008940675154983638,0.0005677193814115482,0.39364395493286697,0.5069426349654215,0.00016878637826099933,0.0013949657783446504,0.0002146659566784892,0.002767287217176062,0.0026484425514309295,0.0010314363039338294,0.47148814189120286,0.5266618359168657,0.4675808705176453
1.5278841994658805e-05,3.562587240481458e-06,0.0016900119888906189,2.4906547350627668e-06,0.5896754325704819,0.5976155984892433,0.5849080726989793,0.0013828837924130517,0.0003088625021743769,0.0011525830066981715,0.0007171040295079574,0.00019216545847535967,0.0008603912261480134,0.38738052775378984,0.504256108231841,0.9981753694479958,0.0009381769641109796,0.9940787081831389,0.15109324212516212,0.47779241567749337,0.5433661249166817,0.6443922881684595
0.0010092469064377626,2.314341178534165e-05,0.5373724040171229,0.0009828674432924198,0.0011821874585871827,0.0006034649995970721,0.5874419857040653,0.5764860691089729,0.002946655693540758,0.006047305014316407,0.0038022755321499013,0.0018527502514882606,0.39172324147408144,0.5016875262187371,0.0006588794257960378,0.0013706107401753177,0.0010731246648418207,0.9988977600726054,0.015141933718569145,0.4824885748798283,0.5723873626180038,0.4165295241596522
0.00036829834025354054,0.4395594849703644,0.00010279544823809213,0.9138381109739848,0.0003990225636354227,0.0012027144797055183,0.00016294065982418288,0.00036874660013701423,0.0004900338617781805,0.00016157430215176812,0.00010071660785842672,0.0003054603977384375,0.0002364825249124998,0.00010209868291704508,0.0007497069389945633,0.0002707142767770117,0.7053415800873725,0.00015571537839322155,0.9994858273580036,0.6351021013800368,0.49225369680520203,0.5546140424550704
0.9101193209224722,0.43988018637507587,9.237565552417377e-05,1.3173229331463095e-05,0.0002543880892847165,0.002413050347281423,0.00017481606277352583,0.0011875172719969496,0.00039115379724166265,4.551734973064739e-06,2.8461499397577054e-06,0.00024458418392944606,0.0007527714759780985,0.00010907526332137728,0.0015088565086050702,0.00016890891849388675,8.23710568529943e-06,6.267414139919371e-05,0.2958827315365084,0.443467119149516,0.37859420894826973,0.5136190094948563
0.9070107105706152,6.446366388461781e-06,0.007734082407299223,0.0023810090095701497,0.42746192096553337,0.00016715519185462956,0.00019078209345457512,0.0011878152587861106,3.0341897621928233e-05,0.0006755670192892414,0.0004240205939777472,1.904413772301331e-05,0.0007558051635589702,0.00011948689691127499,0.00010491528411678836,0.2953832785223113,0.0016711258645356324,0.005889963237584395,4.69392193344631e-06,0.4475791779182567,0.5277309547553662,0.6037876944233225
1.5925016239568667e-06,0.00018994024777854783,1.0207573067326314e-05,1.1868955509010088e-06,0.00019307420035050927,0.920402660936532,0.00021520472286688742,0.0006829572067025134,0.46029591734408903,8.24419820992483e-05,5.100088315858613e-05,0.2952194806081689,0.0004788923643200217,0.0001496290122114252,0.9998031709613979,0.5121399109909058,0.003828820356364369,0.03450027692900596,0.9948550591977683,0.44887885623839774,0.3452664776783558,0.550281470785949
0.5834121798269656,0.0016847963994936022,0.5616959235770307,0.007259389593995398,0.001514002709766037,0.00044038643047916286,0.0009254174822237591,0.005101742488024651,0.5820129070188493,0.000152964121781484,9.617651364012586e-05,0.3898559435066242,0.003920115815469055,0.0007110884806470496,0.0003383919892832321,0.0011924919993719846,0.005578181094148308,0.5026045248758184,0.0019072337667461346,0.4433088966900942,0.4685868234232072,0.5911728079511479
0.001298707500274313,0.012184883620873626,0.0020089682132764346,0.00023513406386642207,0.581190334764694,0.5959977256890984,0.006249350000145391,8.345622770204446e-05,1.1624567128004778e-05,0.563582683359286,0.3788256066129584,8.888481995327196e-06,6.381305819387346e-05,0.004778479596239345,0.5079294022903329,0.98590780614393,0.011634079690784671,0.09982030960203858,0.9348227827292288,0.46445384725330413,0.4748470222039346,0.5591777880045918
3.132065438939993e-05,0.0029135442412017423,1.5815025335125108e-05,0.0001320250381274808,0.0004993044492540637,0.5758611307751689,0.5806586198648612,0.00015674752757437763,0.5808084025383562,1.5568651982798625e-05,9.863791221292732e-06,0.39235175925431387,0.00012170061232939162,0.5042939373835122,0.9966066177125407,0.10779800018538745,0.027787909040558445,0.0034880068383364568,0.9934033928657708,0.5430095531311759,0.5435483187227056,0.5327320817341391
0.00014189950124780343,5.034431178819926e-07,0.9200233349691331,0.0002212556439653679,0.00025242109929132767,0.45052352863112527,0.0002292445689681169,0.005440796945815213,1.9278481238538125e-05,0.0001336356283260664,8.3046763131703e-05,1.19804538219813e-05,0.0033811544702374826,0.00014246416499021043,0.289893246135131,0.00017466540909697365,0.0001531001529544374,0.9999018104911845,0.0023431542035351896,0.5692295711557335,0.5785527369434158,0.6160196899278556
0.0036671329201191567,0.4331581627779537,0.003359151631695332,0.0037944284926142106,0.8659259405519315,0.0012508825233847928,4.6121751199246505e-06,0.004680138763892923,0.000846615921764554,0.0008816225394338237,0.000559362265149916,0.0005371518496695035,0.002969416049635202,2.94159610675235e-06,0.0007936556431113362,0.7043459187499509,0.005375127086183484,0.004983293746963612,0.9948048575318604,0.448889892231782,0.5277492026911361,0.4972474401270685
0.5648052014993589,0.02436138631435928,0.010128559929842901,0.0009560441568289606,0.5880476405455212,0.0006643471561165773,0.5819772036332802,0.00012882263482731315,0.00017639924385474376,0.000134058312707171,8.516359862866077e-05,0.00011206164142953557,8.1837516904408e-05,0.3944779914793379,0.0005184247040391221,0.5124634472291343,0.0010763535537462346,0.01140376710970492,0.028467347495695627,0.4836442189113359,0.5285067463711329,0.4677482622396171
0.0005045010707573035,9.912160176772868e-07,3.040820354070761e-07,7.373654449410688e-06,5.7620048747038615e-08,0.45519952861838064,0.909963273085339,5.7653521203509264e-05,0.0006435102528552739,0.0001535380906755452,9.566755637410448e-05,0.00040096276862047753,3.5923154990774624e-05,0.7060351689885582,0.9992943528249549,7.531935951065356e-05,0.00930398286396844,0.0004018255934089307,0.001297594242870348,0.4398856478261946,0.45566324358859045,0.3729575874282133
0.5969924452892427,0.003337972309081083,0.0004464480494555505,0.5941820935005244,0.0007491708461018293,0.0015074171322347527,3.843724424300125e-05,0.0007461713636305215,0.5921580880525337,0.00020477875121348491,0.00012661572742120227,0.3900911903122411,0.0005639652536622575,2.9203029631547465e-05,0.0011393248305670773,0.0006012691821326965,0.4984925660473145,0.0004985452502470173,0.003692685455457201,0.6622318457297742,0.5547925361828694,0.4826929260357119
0.5791030884176566,8.845413915305792e-05,0.0006187741571299754,0.0016498297837278882,0.01809320160127442,0.585572236387723,0.0017795039221297426,0.5675457325608111,0.0004608986712654595,0.0027311484439473317,0.001730348108949507,0.0002920079785127469,0.3881313374954188,0.001382370450173362,0.5033594783700672,0.021113089691820408,0.0018136852834732121,0.0007123377870133861,0.00010087779198580948,0.5272773760733899,0.5389460408839309,0.4493157688934842
0.58317807906081,0.0016647922925630138,7.317175363679724e-05,0.5840801956289541,0.002378919555281327,0.0015456969725308315,8.076697448525852e-06,0.003672246752982794,0.0001456839395670307,0.5816136560176552,0.3907830939219187,0.00011236506346544331,0.0029140376911786425,6.2620967808640595e-06,0.0011921990975469808,0.0019970544647270024,0.5004906132347001,8.667003293685686e-05,0.0018853452372674584,0.58905225986163,0.5421972034718735,0.4960788567759697
0.5616635732245315,0.0017501168079762399,0.0024550386475032807,0.002445813639772422,1.2675260471652136e-05,0.0005777994043283614,0.5716907431157575,0.0008257863497578852,0.5788231400631121,0.0011241926621103997,0.0007114877632700241,0.3903307015626103,0.0006924026328358849,0.5140252883575085,0.0006491497759167626,1.5715909279988402e-05,0.0028067263388272916,0.0031028164174622605,0.0020419349523603963,0.46445393905311705,0.44837478095740385,0.5443659897957575
0.00830189412457591,0.4365110846746947,0.0005501723637225886,0.0014045674506760891,3.227649894824441e-05,0.002711146554436887,4.6665673251574764e-05,0.9118309357897227,0.00010403993646202862,0.0008928256581146852,0.0005582707710014345,6.505466101401576e-05,0.7065021346100013,6.593375395021e-05,0.00381069398658167,4.81743784726779e-05,0.001974238260918576,0.0008098172158333261,0.988330285789075,0.5651914919007978,0.6039990695687323,0.44467140319337184
0.6036300397270465,0.002164118453482517,0.5847851652220852,0.00017488159031717404,0.5980133667375848,0.001285181454485017,0.00038293692707369744,0.000832451376906996,0.0009588042695802463,0.00819579284851584,0.005058211484181729,0.0005917594080662347,0.000513776528768722,0.00023634299590383732,0.0007931951877728642,0.39370567407231205,0.0001324691850861378,0.48990367221446696,0.002367780685747445,0.5902225052642578,0.37883671947954123,0.40671654150639075
0.896397977191276,0.0071827811031558286,0.004448420840327076,0.00021579653989591262,0.0005214293581871899,0.00021203632895461436,0.0009183461853117152,0.45047965738774537,0.0009464260170650771,0.0001137951636676621,7.220849241012632e-05,0.0006005528187351555,0.2964492293687204,0.0006521756187963497,0.0001505804411448247,0.00037957376177640744,0.0001532508369246651,0.003308232075332096,0.005291941719765991,0.4892542618684641,0.49901786514311103,0.44388815002264415
0.0014388031815994484,0.8916629250677591,0.0011554591726134873,1.3672731848734889e-05,0.0018626303830790096,0.0005991996858138767,0.45951594920747524,0.0008108745484398421,0.0005836124842554279,6.135615857467467e-05,3.777806648597939e-05,0.00035934049557630047,0.0005136620907652843,0.29483691596262085,0.0004123782899641355,0.0013951978817923795,9.409804847500432e-06,0.0008628365448131974,0.999009790055284,0.5536637853841264,0.3806211787167498,0.6296786903338324
9.826286507155518e-05,0.5650269261082755,0.00043343432835217613,0.585777604238567,1.872540156173881e-05,0.0007065906723973371,6.646210863957882e-05,0.00015377550274662508,0.0015136743944307645,0.5815602644957579,0.3895602479687065,0.0011628381849722708,0.0001181338781040718,5.132432061731075e-05,0.0005428192801540969,1.4903248687785943e-05,0.4997876784180039,0.0004929589789565823,0.999893279653178,0.6076800130661137,0.5281547278967669,0.49725754957543605
0.00012644371460036928,1.0,0.00026378547446854946,5.285952256722943e-05,0.00016512738666470798,0.0022336308039999178,0.0011134677562692275,0.00011719722996358594,0.000525194033328549,0.0009054011989467172,0.0005556055433563065,0.0003222889511799165,7.191889708630494e-05,0.0006832873841183962,0.0013706849666663653,0.00010133186593841415,3.2437708911244555e-05,0.00016187426824656935,0.9999224067045074,0.5083977863081734,0.6843618022125794,0.5579684315965442
0.00015225879189597683,0.005008942540606405,2.0372205340389584e-07,0.8971384132071357,0.001435421771879275,8.182186429667687e-05,0.0002163023338331606,1.7019088668282364e-06,5.606777918005636e-06,0.4483442747111284,0.295034859319912,3.978561307877948e-06,1.2735127924088903e-06,0.00015428925865547773,5.806067552637713e-05,0.0011132865571330964,0.9963110216324194,2.7069257444554615e-05,0.9811166913174432,0.4685264954873716,0.46079695998333087,0.47955657226344206
2.7387369256579327e-08,0.0004933991944896047,1.1790018461345692e-07,0.6388410332605153,0.0009861809589241405,0.6346303081502026,0.0009614763245660195,0.0016634608630261755,6.375687061068751e-06,0.628446979470687,0.38790037133649413,4.507431888042056e-06,0.0011922224607631426,0.0006832873841183962,0.49789447689308847,0.001069615985869109,0.9994899193530087,0.00015910779838240827,0.9999659373184466,0.7600156540407266,0.6662095217359045,0.44645968776128064
0.5806101809141607,0.0012099336232080963,0.0006866790427916487,0.0010753595884911262,0.005795625522397529,0.5826734884989012,8.692311456308888e-05,0.0007337661977974343,0.00933218306243583,0.5808753560693234,0.3914014568693258,0.00722203220232993,0.0005756981584740685,6.762262757192544e-05,0.5011088306998737,0.006916097223285874,0.0011790909851047892,0.0008169519039874806,0.001376288606102442,0.43954255716711443,0.530268283438278,0.45014450276031887
7.12217067230873e-06,0.000957588042226169,0.5737815703839154,0.5919976297070776,6.658925347786333e-06,0.0001538199872373392,0.0060608813508178415,0.5763191900102425,0.0002128104112021073,0.00016449483734860522,0.00010410472532638094,0.00013468246252969454,0.38838620494739756,0.004680081776085782,0.0001187786149257646,5.141971164450234e-06,0.5099463122439669,0.9988977600726054,0.9954359207651422,0.5494620738605522,0.5303188935851401,0.44949435466891674
0.005057079021556175,0.00017453265539276353,0.8842363619361748,0.0003570885387762043,0.0021123448460297176,0.0007098426580299452,0.4425960005858373,0.0007532535450955279,0.003147472671450457,0.00023331779051538544,0.00014472383029795477,0.0019523372890480394,0.0004672351057491065,0.2838494301241524,0.0004880185777667653,0.0014522438343794728,0.00024549994387496055,0.9965209906509964,0.02278372735545899,0.6393296022507977,0.49203583453832644,0.41719912787782343
0.5893806658851644,0.002796968631834778,5.028227869884182e-05,0.6042769155954542,0.0022911941171833276,8.553086847462487e-05,0.00025404794412368795,0.5909985288811382,0.006164689081163125,6.343823965608779e-05,3.9192180008373835e-05,0.003808571091857042,0.3888591712959048,0.00019159891592891623,6.450602171789092e-05,0.0017279843184727331,0.5079404265704779,5.431176601183971e-05,0.0031341623862064395,0.5721398781104652,0.34143492148846444,0.4892955908449075
0.00011354581015060827,0.9503512455874151,0.00022307699835960132,6.025492695421752e-05,0.00014234172009831343,0.0021249031507349692,0.0010498635135470983,0.00010328204375311916,0.49274665575502263,0.000965593328633679,0.0005556055433563065,0.29385208121802014,7.191889708630494e-05,0.0006832873841183962,0.0013706849666663653,0.00010133186593841415,3.970078356981769e-05,0.00016187426824656935,0.9999261084811185,0.7651923609500708,0.6807201927166092,0.5583289166590749
8.119185292466375e-05,8.638225735303191e-07,0.0005370107790151362,1.1546004960918129e-06,0.5553988720741697,0.002720586747996902,0.00014829804808103231,0.5905852662967574,0.0007151965348893098,0.5928063558442181,0.39109021498598245,0.000541765952806528,0.504794397135623,0.0001597335247041642,0.002936709437150603,0.9993649467931434,0.001249405982721289,0.9118545665551848,0.00702631722693392,0.5497137141162903,0.4334657354239835,0.6468176603280295
0.0006328730397726463,0.5453307593165778,0.009678283665955778,0.0001361324222598566,0.5884266159841268,0.0006647753038337284,0.5823522668948227,0.00012890565635681153,0.0002236850650428487,0.0001341447097009526,8.516359862866077e-05,0.0001420095165334772,8.1837516904408e-05,0.3944779914793379,0.0005184247040391221,0.5124634472291343,0.0001531646595969487,0.01140376710970492,0.9992878304954829,0.4694258162822844,0.528128369549609,0.4677482622396171
0.5758290119056296,0.00022728496012197323,0.5901846114205851,0.004152343743103544,0.0014293891172616569,0.0019100128842477956,0.009600701252255074,0.0037582172066756717,0.0034700773333235075,0.576807655102627,0.38857044979577077,0.0026788838630945784,0.002901353698619048,0.007411985717815813,0.001474646509243954,0.0011035781565258758,0.003205886875695595,0.5078374433100126,0.00026068162796771604,0.5676901129363797,0.5411869930526517,0.49138803728209296
0.002585577906154797,0.00020190645431287984,0.5501348930211983,0.0013394003150620148,0.561610437896272,0.0007748672070140676,0.579555777806245,0.0003254245844649068,0.0004849873390420413,0.00019550472385217738,0.00012385476741038942,0.00030724575846656,0.00020616070717557975,0.393690901524642,0.000602463373686238,0.5031464276698805,0.0014800840647424818,0.9971334711988131,0.05146103182512979,0.43665187670436234,0.4702614158738067,0.5026101097501112
2.020609454390381e-08,7.197079914695899e-06,0.002566433473649386,8.666562978011567e-06,0.576523935785435,0.5883741749402958,0.0025940732699621227,0.581342352155259,0.0005488205473302624,2.3648705907294567e-05,1.493227105566668e-05,0.00034653640719251884,0.39123736398494413,0.002004763751164096,0.5064725044278167,0.997032277157017,0.0020528823821543076,0.9982313971561307,0.9982771322203197,0.5262064510829325,0.417599787802565,0.47246596195901785
0.0002106340402149298,2.3788931791601248e-05,0.002726051180133518,5.10329211781891e-06,0.8946766815450712,0.4568951516587519,0.0007370193932987766,0.009694097455788007,3.0241305010863328e-05,0.002351745451368742,0.001490250150740779,1.916329492638062e-05,0.006143046126411367,0.0004670558641042274,0.3005829810597254,0.9980543816068315,0.0011881897264007177,0.9505733141710545,0.0742513072877039,0.4648237687829881,0.5551164250067193,0.5191721218770047
2.4699299222656877e-05,2.136144833055556e-06,0.011673812622902258,0.5833955529309901,0.5841743546672252,0.00021468125460254614,0.007261493726315441,0.5881972087877517,0.006202390267545219,0.002373743048177467,0.0014905819931835898,0.003894796373409032,0.39404726076461283,0.005598652021451517,0.00016552470960866735,0.5003609292273544,0.987262835668735,0.9986476396462923,0.056966303232457716,0.49233375537290763,0.530647976429945,0.6132081970274612
7.756109395808823e-07,5.820219088979937e-05,1.665748772642984e-07,0.0014354607176101013,2.3083090287506416e-06,0.5829088753289517,0.0002598309958610419,0.5773283845890009,0.0017070781188482766,0.5840105715180317,0.38954763973036904,0.0013058581478226205,0.5059826328984606,0.00028525341134591676,0.9984308860680244,0.0011132248499422341,0.9732352553026071,0.001905497885196443,0.9918227427397633,0.5688486344206979,0.558591504339856,0.592284052666824
0.5814657598924813,0.0016853397422569806,0.5643857265401233,0.001601216994638338,0.0008083409726248309,0.0020667940836318114,0.0026094923451156532,0.5752307960387407,0.00398921029245195,0.004446187903766319,0.0028049133381825853,0.0025166481823721276,0.3861390320017291,0.002003653206909095,0.001586958691013204,0.0006206746004900955,0.0012294757840893246,0.5051887144131796,0.0019142352065009138,0.5399725062580155,0.5333763502093137,0.5801540276782169
0.002884366974324867,0.00015880524904032366,0.5494366575786525,0.0008226420445716277,0.00032889032365578753,0.5834402884416265,0.00020167719767558373,0.00019169787967274063,0.5892175192051616,0.0005782664562848726,0.00036475202972774184,0.39687082969722076,0.00014893147521098394,0.00015750261718107598,0.5044290078615365,0.0003769989985901032,0.0009102021616726509,0.9968034105624521,0.03632252397852376,0.44417591247300875,0.5590609777097769,0.5516971680588967
0.5978729250755112,0.0020112484520516108,0.5589475536947889,0.5924994709218484,0.0021399710299331073,0.0007581643369536442,0.0014869741009920934,0.0005957487847721307,7.273354452047733e-05,0.005792586383395143,0.003596826344694557,4.516336842384913e-05,0.0003750222555685373,0.000928147479071505,0.0004707772873144343,0.0014110224101323565,0.392264044155223,0.49324964783948483,0.002221715093003028,0.5385985124753482,0.530665661838759,0.6511067100319362
0.5987738507042885,0.003967302975166083,0.002541827721277304,0.005182660204851303,0.0010253681687021384,0.594488028216827,0.00095354727546897,0.004834800186496868,0.5990501539264078,0.00015719163466143286,9.617651364012586e-05,0.3905680440361491,0.003920115815469055,0.0007226374397743233,0.49488706389449233,0.0011924919993719846,0.005578624433165135,0.002974462144297918,0.004341886070303197,0.6762678719270613,0.46989019278979444,0.5923000547469532
0.013014367615198112,0.5569136407499723,0.0012527320359841426,0.005391566938788256,0.5851914201962185,0.0002044619382271748,0.00429665811755047,0.5727496708503663,0.009153594097052051,0.00017307644371033546,0.00010993186959203454,0.005814111323407388,0.3872482540524564,0.0033257567491045137,0.0001582618037914579,0.5039774272927,0.005939232453744114,0.001380023384841958,0.9856619949687585,0.46943565736766335,0.5307963783264366,0.520245714497624
0.5921701602776432,0.572977525997242,0.0015836581000997147,0.0019456242193061563,0.001308841303845812,0.0006650270471547739,0.5901367084978266,0.00017153821582099134,3.853307837465659e-05,0.00460599326865627,0.002860533059009571,2.3930969927570575e-05,0.00010800149414411867,0.3895790201788808,0.000504581675166528,0.0010545152851811884,0.0014762238080532654,0.0013037797255243417,0.501205117614411,0.5369470360672223,0.5263393338617733,0.6517284231365853
6.198723617689835e-05,0.5556065801985172,0.5787070740696304,0.0017980736305514907,0.004479440408156814,0.001960228724030514,0.000787400194338995,0.0011908507044634993,0.5828146301237398,1.2501280688021165e-05,7.931500045834705e-06,0.3945459997165569,0.0009281575215859365,0.0006137058500702676,0.001527819489376207,0.0034913394126675707,0.0014014592826199993,0.5012740136787794,0.999931536066971,0.47417837342866653,0.5362015847358624,0.4621224765459121
0.004003840949697073,9.880457076983171e-06,2.3657795769529137e-05,0.5852744887937181,0.005254530138834073,0.0023889463382790552,0.5815500485216893,0.00015920092776601827,0.0007071334784472564,0.5835351548013968,0.39187723724317264,0.00054559816211708,0.00012283360645291808,0.4979450249517387,0.0025983451993325524,0.0057152151775161555,0.9956448855235611,0.0037615869658918135,0.0016297934282497293,0.565036431772965,0.5731343292990154,0.5319434523886414
5.894968764260566e-08,0.0004895689504769603,1.1698492943049378e-07,0.6338817317233871,0.005225075816843377,0.636162810590085,0.0009589039241809693,0.6261480323861779,1.2432750663982633e-05,0.0009596972521191274,0.0005555392284182432,7.19693887741733e-06,0.39170260113823874,0.0006832873841183962,0.5011304955906563,0.005711329197594995,0.9994899193530087,0.00015910779838240827,0.9999261084811185,0.7586085519978106,0.6736849080487195,0.5521504848424019
0.5760362968577319,0.0014326191284694833,0.002974534193456809,0.00037382329819051987,0.0009048582819811714,0.001715774274833344,0.5730304977954712,0.00014652186111727649,0.0007051742233236052,0.5737615767784918,0.3876507180615246,0.00054559816211708,0.00012283360645291808,0.49836196587251463,0.0018795579130219029,0.0010939368429853723,0.0004182839370635294,0.00361827388314917,0.0016297934282497293,0.4868126629997571,0.5435333443885714,0.5322782648912907
0.0012185182353506919,0.0001320077732731194,0.5512072780472314,0.001077337700211028,0.5637629116375689,0.00013243757956364418,0.0002688066664399887,0.5818386611177909,3.0186913732690018e-05,0.0023480383955237993,0.0014905819931835898,1.916329492638062e-05,0.39404726076461283,0.0002095136571035765,0.00010322468234570925,0.5003609292273544,0.0011881897264007177,0.9986476396462923,0.07124955512484815,0.5391019718180124,0.530647976429945,0.5191721218770047
0.0028373707373495535,0.00017276202272818356,9.540758926573807e-05,0.4534600187101506,4.581056922638457e-05,0.9040808555330175,0.00011768934113169138,0.00012510053901149842,0.0009186703971801097,1.1329358613064172e-05,7.130963845741773e-06,0.000578232759082187,7.982603340027353e-05,7.446325351761401e-05,0.7040285465822634,6.99975374496514e-05,0.9960060381090909,0.023170687218562316,0.04015955340172375,0.5701246678498469,0.4300873405481198,0.45965191677959116
0.0016862377075708382,9.457674199155556e-05,1.611220176858817e-06,0.5951603633042509,0.0003182537607227504,0.006232880371029723,0.0015862227141600202,6.626963394423394e-06,0.5954429174970745,0.5949588276183296,0.3916442848169527,0.5001311174922118,7.474596698452357e-06,0.001705474965742415,0.006666796067190894,0.00037207657073476006,0.9981705440655396,0.0006507385537655175,0.03654090821227923,0.3403925943901282,0.4334637703247533,0.46814438558726046
0.00041348624338348667,0.43997684941757725,0.002597759163600275,0.0006233394966159049,0.0006538738322071149,0.0007376613965608516,0.8954645125690986,0.00012218677003419573,0.00021241582545381913,0.0004588522121028892,0.0002891532573911702,0.00013385733120073248,8.119584295012786e-05,0.7000128223610753,0.0010263064829070863,0.0009920530630498638,0.0008871086943801258,0.003912706859424964,0.9994187824094544,0.5750599285112243,0.5678718872539134,0.5003931239377313
0.0027966605632160314,1.1360883194685417e-05,5.698655150074006e-06,1.9360173038565133e-05,0.5670710846001533,0.00014610281877962882,0.5676586341550371,0.5777616224200857,0.006651700349121004,0.0001642390698752876,0.00010431743871359574,0.0042248987631779145,0.3911217139529827,0.4907254658079103,0.00015831933110219894,0.9969693763357875,0.004406946891796548,0.0013584322580501608,0.0026828911795957486,0.5306876484874613,0.5307372794064134,0.5204451024217978
2.0736758637075604e-06,3.125417018780505e-05,3.0745844094089113e-06,3.0662316659997944e-06,1.0,5.683915901800253e-05,8.69267295370632e-05,0.0002489333183470831,0.0002020907566914941,2.5670917006927454e-05,1.594333237302303e-05,0.00012551168795899356,0.00015460401157583412,5.398723428885635e-05,3.530086798338122e-05,0.9999796336014745,0.05961334116053157,0.06288297878443877,0.9593398699628042,0.3667064992858443,0.5047279303280221,0.41482812598999114
0.000604488558380712,2.9493015072671647e-05,0.009861598814371375,0.6029558792630182,2.9451377908623946e-05,0.0013469058789613618,1.5668164503289828e-05,0.6017094811644585,0.0008395387860719692,0.6075038558439031,0.3943727913392011,0.0006273884568829399,0.49929369070580576,1.6540465143867814e-05,0.0014218939471965669,3.109111504409905e-05,0.9890787158536971,0.9627307899826114,0.03219540648588515,0.6957813949474214,0.4362364427783115,0.5626216741025827
0.007184726055559168,0.0002799964795504786,0.5540093650394943,0.0002560745601703562,0.5842264228428119,0.0011751844845415123,0.00028921871648435567,0.002804006087984566,0.0006957595762115847,0.580824442665502,0.39110530021190504,0.0005379418270764395,0.002167983717652905,0.00022361716961340127,0.0009086255946038912,0.502199472022379,0.0002809741131297794,0.99211002047962,0.02572404114128929,0.567359128352601,0.4537380103625419,0.4690950628144081
0.45613169266728376,0.0015748528000840939,8.44930081726723e-05,0.00019634966637056405,4.6106719235322154e-05,7.280971300728416e-05,0.0014670298453595462,0.000388531584916014,0.9102024746417511,6.815792715626506e-05,4.261923185556202e-05,0.7042533496693252,0.000542264266930014,0.002058193727957345,0.00010161933608215129,6.666741223634322e-05,0.00027404205850412033,0.00012349165635056568,0.0022802431163172925,0.4472594061910386,0.5860812488752806,0.5889352815815426
0.5805178753540692,0.0018264928414138194,6.051343072158605e-05,0.00025442818078305515,0.5789084107522787,0.5801722723051509,0.0004888874730616281,0.003153936262396795,8.362614460437409e-05,0.012401422631092581,0.0077948907375361325,5.2565681982398555e-05,0.0019825029562727855,0.00030730615672212034,0.388322773051061,0.5069874565766372,0.0002790148990223731,6.949342976535723e-05,0.0020779453780868347,0.45104481704721644,0.4449980699442547,0.5862858366013718
0.0005316691564720587,0.0029939849302852988,2.0241115667043707e-05,3.388932492396581e-07,0.0001229325351788042,0.5823245284893025,8.148013006558403e-05,0.5814775120277685,0.5875317883052594,0.0001277851984322327,8.008708996484759e-05,0.3926505161186807,0.503887205659379,8.954104576995234e-05,0.9965520034203246,0.026356542118763662,6.846353345177575e-05,0.004282169712312267,0.8920730225885563,0.37901387273854825,0.5266227061299238,0.5207386399099028
0.000883317517389436,5.723077977548185e-05,0.45152639709036557,0.0006187586240180169,0.001097217137922569,0.0010780270354174082,0.9033729502527394,0.0008012906586264283,0.0003761622413196491,0.0004587121295395664,0.0002891532573911702,0.00023711722532559741,0.0005051007929625119,0.7049208127871246,0.001519928926651429,0.0015469898452757193,0.0008724029716991198,0.9987517772487944,0.04272611088136108,0.4447686397821811,0.4931792659022957,0.4173241300222467
0.005547101048925942,0.56614733865136,0.547751861331325,0.007655432608955966,0.0017149419995523064,0.00057477964685551,3.4289532414361035e-05,5.020234290880016e-05,0.0025288735102319626,0.5783067344557788,0.39066459546876126,0.0019608847373020375,3.9463227041980226e-05,2.6726967061975557e-05,0.0004337322102154666,0.0014120486480291435,0.005936131782499006,0.49245998095412213,0.9939875614843058,0.5534859134503591,0.5278319308168393,0.47519781422106616
0.534981406493447,0.5439873969052496,0.5042359521119233,0.00018192751574712195,0.00557126436076448,0.0015162985708080726,0.0011135685413991602,0.003941876389381752,0.0008830377551328275,0.0016007447936146652,0.0009997567616099878,0.0005515081517913243,0.00288956593720842,0.0007612940633116923,0.0010009398032855652,0.004070594736245062,0.00011942453800479341,0.38292612109267243,0.5276967651528222,0.47516240197620296,0.6259039607914082,0.5533425506696046
1.1947934822213643e-05,0.0003781421019195994,1.3120484858257317e-05,1.0,0.00016081101258080496,3.703692724263549e-05,0.00019188633723993357,0.00037935361844203643,0.00013446919148633437,0.00020653501703274768,0.00012824737266752635,8.349829023348433e-05,0.0002484010022568443,0.00011977347842070623,2.2997984702887274e-05,0.00010914029434300559,0.9997561318878829,0.02308200180257372,0.9803723036966864,0.46709676142958517,0.34744473536609827,0.47027121285734746
0.00114165854920173,1.2425653832784691e-06,0.8594851185555167,0.0016969084198057204,0.0009758252079976353,0.0002325040327231959,0.002156561736245225,0.0015219572802611058,0.00020185691876673735,0.46354137332817213,0.30276661879718086,0.00014277505279872014,0.0010764933873521204,0.0015333221705639264,0.00016445272433946394,0.0007329192916655226,0.001200243994856117,0.9991924893139068,0.0007188133344545461,0.47252298371563645,0.5302149069026308,0.6036547136547409
0.00229497106582398,0.8723535691547533,0.00015915259497435453,5.965522557328049e-06,0.002141178355592062,0.005115291532891207,0.0016861987226780314,9.457552951114231e-05,0.0011672428666924016,0.4437205650105197,0.29020287057843425,0.000821079268850655,6.652775702237169e-05,0.001186132235317363,0.003598301567835289,0.0015062083208344608,4.196444661569432e-06,0.0001119558353168631,0.9983856016876533,0.5392872269892359,0.43782486378793567,0.4496965414487365
2.1889027829845564e-06,2.0152683931666214e-05,6.63842342989889e-07,2.3565209552584806e-08,8.412643616361406e-08,0.5761323772753558,0.5817081534840987,0.5852199135591952,0.00019904720281272727,0.00156872199641846,0.0009923501124445935,0.00012591439134103898,0.3950768922221261,0.5030657258937936,0.9999767602490682,0.0025464792619774024,0.0007133150145092282,0.020097745041477204,0.9335888284238785,0.5135653194730749,0.42510829596457794,0.5242021082787204
5.5804417742747684e-05,3.9400106061073825e-08,0.00043938830781655873,0.46766939639434485,0.0009003803036962284,0.00035068084463331655,0.0010368293873258049,6.185765413287867e-05,0.9342747112029769,9.57439918389661e-05,5.833949319913057e-05,0.7045415157731836,8.420394251936852e-05,0.0014113887017669095,0.0004773667156636861,0.0012256498781713404,0.999397073708029,0.919576791101321,0.0004662963590765616,0.5785491714893402,0.3113569524794952,0.5550800859503587
1.5443150348646975e-05,2.2088194526169146e-07,0.0030759078204822834,4.397813687857419e-06,0.5743403456086751,0.5823962662514641,0.0002034903050608648,0.000191354850906765,0.5869968280178192,0.0005796903476886585,0.00036655322614710054,0.39627205478112376,0.00014893147521098394,0.00015837650336907527,0.5044290078615365,0.9965905377944053,0.0009102021616726509,0.9968034105624521,0.009445517162965267,0.4711065516816453,0.5579837121683787,0.5509283707791233
0.00011633790869985628,0.0020470920736348325,8.527380375778641e-05,9.426011772463811e-07,0.45846573044025585,0.0001674739220058716,0.0027285584654077617,0.0025811067093107574,0.9265216046846728,0.0007990464770375759,0.0004896420103786609,0.7011569979171705,0.00349639630639253,0.0036961940500719248,0.00022686817622937904,0.9971162898109217,0.0002818930674088778,0.02671340798289812,0.9651600952654865,0.45831919896387263,0.6841527020749321,0.5570086522690417
2.9175698197164896e-06,0.0017579856951170385,0.585442152254833,0.5832955059736121,0.5852476040104437,4.34426469396198e-05,0.0015566283865415206,0.03160779446541799,0.00023844007980621378,7.638778330101772e-06,4.799825473954049e-06,0.00014982379775858504,0.019863977563388563,0.0009785840045146183,2.7310508579236675e-05,0.3922763873575793,0.4988291632217863,0.9980168124320996,0.9989815669039649,0.47020246850856273,0.3918431546940305,0.5239892494164229
0.0035418170666418392,2.992352691595957e-05,0.5690558801679196,0.5646186215484789,0.00016034490908090065,0.5883829142039032,0.000562074851247667,0.00011034383797824931,0.012708604036824918,7.403687565244858e-06,4.666259386154332e-06,0.008009955447567302,6.955098042965509e-05,0.0003542822133864592,0.39589202547797536,0.00012434561483938523,0.4828304107452317,0.9962161567209076,0.005579673999760434,0.41457902038826444,0.552827677655038,0.4991239961791258
0.0013217745348656689,3.122805936090291e-05,0.5676793181139463,0.0061956652082608785,0.0004162441793083766,0.0004749559466935082,0.0015898611709081608,6.980185453147539e-06,0.5947551526376281,0.5942716219056926,0.3916442848169527,0.5001311174922118,7.474596698452357e-06,0.0017113636822375896,0.0005085992886646332,0.0004733083399109405,0.006634656378038228,0.9985840941915809,0.015600336477495813,0.3441675048831694,0.4334637703247533,0.46814438558726046
1.8582634192906574e-07,2.3189355269565586e-08,9.693878445590958e-09,1.9026963405422402e-07,1.62651074214124e-08,1.3561189786405506e-07,1.6692290534374918e-05,1.3541872156476236e-08,0.4497653200650364,0.9000406909544441,0.7049770892165759,0.9999763690918521,0.0005163838193199423,0.9885557390998185,0.29849617808584417,0.038701890201517146,0.5044506853620445,0.032905933751905536,0.08196074537567566,0.5688768223691187,0.5299592484701173,0.5228141552393898
2.3842602484861293e-05,0.5580817662970773,3.407911976592918e-05,0.5648235572697046,0.0008961911117471063,0.001832618343747005,0.0014546678968041199,0.5655913084280305,0.0005949887504565692,0.0009242297280889832,0.0005799027028760284,0.0003733224427772341,0.400035811396583,0.0011341261558013016,0.0014266797799582253,0.0007597181722214714,0.4985528411833974,4.156774480689688e-05,0.9999735781358621,0.5010654985375509,0.5894192805969214,0.5814046246123933
5.233878720661661e-05,0.43466634254837,0.0001174090697271243,0.001561759498475238,6.613621250321989e-05,8.149651676885956e-05,0.0013138759768565396,0.00033433977096738055,0.9024116491738426,8.730774238454067e-05,5.509666782620561e-05,0.7049857107921963,0.00047851623485149113,0.0018645894195047918,0.00011505549165431207,0.00010162302837557481,0.002204871785283136,0.00017985439159983862,0.9999261084811185,0.580059607204009,0.45904268276229104,0.4731913332313556
3.2370079406298957e-06,4.791458897574047e-09,2.914198009282062e-06,8.837745980125023e-05,1.869571202424042e-07,0.5813357769335533,0.00010557607126263961,0.0024751102198073954,0.5824017094309902,0.5807524938327089,0.39069025788508427,0.4993939108264811,0.0029259359697778667,0.0001197599872259228,0.999901014209878,0.0014531731744798146,0.9673957908241704,0.5012271834305546,0.0009700101561377834,0.4417486139244478,0.4539037418159321,0.4459457949397487
0.006083678199131772,0.00018088890174707158,5.745986320438263e-06,6.468105495960322e-05,0.5740534327233963,0.00039803091886542717,0.5915770475447163,3.8178100840797266e-05,0.00030632204193387904,0.5829148205832514,0.38819738847374524,0.0002337091152283976,2.9128072260865975e-05,0.5016808197793573,0.0004306048639352764,0.9934148236177802,0.0067650017341259585,0.0006293635455176713,0.019630949107849873,0.5795114465223623,0.4312752021328955,0.4174446971158666
0.0006716425871542029,0.5586599357644715,0.5831598506123581,0.5836762886688601,0.004707310763557719,0.0006871547965956212,0.00028571325192829284,0.00034781103431949436,0.0026790944205994033,0.0006217933027994374,0.0003925857764234625,0.0016915198818811604,0.00021960057523076008,0.00018039335044522207,0.00043385516110524083,0.0029721087807867974,0.3930183723021681,0.5019691127320673,0.9992622360026373,0.5693610901108953,0.5528617508815363,0.4735614174712811
1.054308204387962e-08,2.914021715471848e-12,6.019862399385622e-11,3.011173565546505e-09,1.96685448425044e-05,2.8759120323301174e-07,0.4483712500419917,0.8974137270183055,0.006320504328931329,3.124889608701286e-05,1.9830032245668e-05,0.004010913970525363,0.7050232586465193,0.9999720706335693,0.009307916427730734,0.9996450971098354,0.17710492170663988,0.003634915872552269,0.0001825401815426786,0.46376507141031875,0.4938846013542748,0.45688914282661697
2.9523486084111518e-05,0.5600101548949193,0.568063816282296,0.001684124446257036,0.00021016842429570436,0.0010782067148532057,0.5947386484245913,0.0056489903471209245,0.0005447410372038668,6.249349294880954e-05,3.8847033082444935e-05,0.00033862044061239735,0.0035599056814705175,0.3968417778778588,0.000825500281803141,0.00017086627153756212,0.00128940672100181,0.5075322735742918,0.9999676481822107,0.3655320786619589,0.5500998716847002,0.5595235057836799
1.7224786369573112e-06,9.43733987274598e-10,0.0008908710894261604,0.5864872240837948,0.0010907033866802904,0.593403797561612,0.0018355378272789788,0.00011119406156426746,0.586597090002552,0.0001533250981926462,9.57052063936173e-05,0.3901136413344815,8.484487654831449e-05,0.0014078925341196313,0.5037308571425522,0.0012265619288106793,0.998987333212421,0.998824591253229,0.0003618503500510961,0.4952544792341125,0.3906560671880238,0.5890050636598506
