obj_0,obj_1,obj_2,obj_3,obj_4,obj_5,obj_6,obj_7,obj_8,obj_9,var_0,var_1,var_2,var_3,var_4,var_5,var_6,var_7,var_8,var_9,var_10,var_11
0.5703586747776211,0.008825366931493453,0.005233601363203117,0.5821506212714705,0.0017853319005925322,0.003462263351271471,0.0013285611376860707,0.5768838594617889,0.0004645529308029011,0.00417918212532267,0.0026573537954298846,0.0002953900198329248,0.3909256537899153,0.001033603177229284,0.0026936075702281947,0.0014071839073527413,0.5089316265717188,0.005870577766531344,0.009849987208426336,0.516174470134849,0.4953594715593785,0.5303731215930463
0.0003053203813681414,1.292437096295359e-05,0.5757839415092227,0.001820968447418111,4.870630365397401e-05,0.5826319872054271,1.948091475430327e-05,0.5776564575996883,0.0015197412750001151,1.0224888306193735e-05,6.483295160134803e-06,0.0009636227394090019,0.39026325431980735,1.5102202736984792e-05,0.5021479984657562,5.428206940923759e-05,0.00201873766420229,0.9996638348700635,0.026932707685811602,0.5147659002179519,0.5180623516454402,0.5589657752876797
0.0034419740913415107,0.5869921741300052,0.0010073989534605202,0.0008893017090797746,0.0011195137546997737,4.601928372489811e-06,1.008482392248993e-05,0.5852154649141834,0.5859423012343171,4.444972329685377e-05,2.7877290055802074e-05,0.39174037294907615,0.4990284767727528,1.0937221947683628e-05,4.9908975855109624e-06,0.0012141389085209918,0.0009719758298440363,0.0010925469355449135,0.9962670803732816,0.5458547912114825,0.4064650367623995,0.5649978134664567
0.8982015577047447,0.0008225448819442783,0.0011880498947782054,0.0005884728687429161,0.0008768087194505142,0.0003951693564299625,0.00035019364623444275,6.970877535155547e-05,0.45773949251800516,2.320092082574437e-05,1.466201060595679e-05,0.2991288508114083,4.940747139558111e-05,0.00024820673067314916,0.0002800842244035432,0.0006214555227561545,0.0004203379508635659,0.000842051760329283,0.0005829956670463346,0.4784615597050613,0.5766333787538708,0.5322478129918545
0.004624212017064395,0.0001828334803042744,0.5767531342613393,0.5712813433097794,0.0008426452528259479,0.0005359596066529164,0.5783910828295358,0.0010581594555643052,3.2556670602189553e-05,0.0003848033941133288,0.0002447239752346853,2.0695536972531155e-05,0.0006729593784761496,0.3921789257305339,0.0004176242554112479,0.0006652015860302478,0.49780604563176106,0.9949178130652218,0.0252787920889308,0.5067466638512194,0.5283739724218887,0.48700637772665173
0.4577595084127154,0.008888650572987713,0.0011021693019727414,0.0003666240114384975,0.0023151081070518897,6.570888152075873e-05,0.00014409245559786717,0.0009808579359312814,0.9052294228506492,0.00014227555296798973,8.928734509141808e-05,0.7018979346032487,0.001363860010670332,0.00020035737954808563,9.136680697960364e-05,0.003261311452385178,0.0005137493238311468,0.0015403548499240483,0.012360313559313496,0.534688845438594,0.6062180502125556,0.5440534009564341
1.356024285478606e-07,2.184669667642185e-05,0.001020670534373316,0.0010091190524897033,0.8859639274373976,0.0007007170660541685,0.0004979791531831882,0.4499631906010765,0.004705203295956455,0.0007913977009618276,0.0005017841826145149,0.002991449899168463,0.29583427358204684,0.00035499081682913137,0.0005010710425127685,0.9989707189299321,0.5000470037572359,0.9862577313589193,0.9960041551683144,0.473029649924231,0.5391983677413604,0.5423344060101837
0.00014087493803925685,0.004723952478229848,0.5780310530751175,0.5810263310714091,0.0010328675125787503,0.00016705042913330343,0.001091064249536361,0.0001644662064350471,0.58189405841177,0.004287271795036593,0.002703771672086988,0.3911184336910525,0.0001269324714968309,0.0008420662524211698,0.00012892704993966287,0.0008075992629768371,0.5024836604337225,0.9948214166938728,0.981020963078842,0.5559477828686034,0.4220422998685179,0.48387074205586184
3.7947098715775716e-06,5.984591922980069e-05,7.123007741090022e-07,1.1674178520395802e-08,6.400056696224733e-05,8.943940617231529e-05,0.4533007323683259,0.9065832076809757,0.00045358942452612395,0.00013849418096000348,8.68972172746697e-05,0.00028505983648532897,0.703537076923582,0.9998237588256407,0.5070840414511635,0.5258589626191836,0.0001264448943905993,0.00762495546695819,0.9595023720074669,0.5151306035384889,0.5442905140594646,0.3884879616045436
0.0031181101286586357,0.5866121506432024,0.58935680574638,0.00018771424239122998,0.0050942475032324875,0.0010385414350055659,0.0009652609353863566,0.0007045850082539101,0.00020958456248609824,0.5894344959318772,0.3917920200783275,0.00016004381373084547,0.0005380381448232949,0.000737096488755839,0.0007930562708406699,0.003941104398065165,0.00014445952651107128,0.5030988482615336,0.9966161512163035,0.555377624281527,0.6153426694020376,0.5681043739603627
0.007581668546361298,0.00033132058463919434,0.5786808971769966,6.723819926683052e-05,0.5801378834755683,0.0017063613894776606,0.0004440913379829036,0.5763661449997661,5.2352223514107426e-05,0.0004739132021177812,0.0002993200408455003,3.306527557411375e-05,0.387520796222798,0.00034189485064635016,0.0013136869322546054,0.5033040203370902,7.416149774577013e-05,0.9916941706936995,0.02780308529466169,0.5771414026137441,0.5282344744284468,0.5348091403687382
0.0006133269687757964,0.0015577273316976482,0.00013876037309675982,6.0291792503955034e-05,0.5856180367960196,0.5940809963307029,0.002237434989311307,0.0017289043742476288,0.5965401394243292,0.0002347411709565331,0.00014365919439015352,0.39497579178111897,0.0013004331190056098,0.0017268663758694958,0.5005067107667458,0.9981570088781563,0.02276486376959308,0.05193825446944872,0.759577485891561,0.5481627769293199,0.39801625104440785,0.3340920405163539
0.0002219359137167121,7.260004563906485e-06,0.5983798241055773,0.5943833130305851,0.5999495092329183,0.0011961809553262166,0.0016793018826633621,0.0007218785876141557,0.0004890256746307558,0.0003412268537830055,0.0002080751219377927,0.00029820068875763397,0.0004401910555588107,0.0010240138446935354,0.0007294149552567598,0.3956106960586685,0.4987159323828051,0.9997649552446743,0.020818051068488164,0.4866163134573768,0.36619738995716083,0.6610098486956075
0.9072266525907727,0.00047086630178595177,0.0011938845925826256,0.0005831475629366981,0.0008607530185120793,0.0003973773345817059,0.00023033042548710404,0.44971874460731925,0.00020651999259690547,2.3320213912414515e-05,1.466201060595679e-05,0.00012984436218915762,0.29298288100851744,0.0001616311989853966,0.00027885424302370905,0.0006119381622523269,0.0004123947472135006,0.000842051760329283,0.00033042079781087086,0.5028304116022626,0.418047093419275,0.4236332680868334
0.0015179847479629947,2.140203659290857e-05,0.001578680763819115,7.67601049803933e-06,0.574219823367049,0.0005526210197024999,0.0007734384621390575,0.5863674514498789,0.5879868152097951,7.80437498687483e-05,4.900316096288749e-05,0.39383797264835596,0.5025163437994795,0.0008463873814621754,0.0006047437555263715,0.9975968938325194,0.002242585523661215,0.5140649826881674,0.008975208035081658,0.4488001722243492,0.39478983455173816,0.4856075665370993
6.054832403664632e-09,4.931731942076578e-09,1.381425709097203e-06,0.001135201418274068,0.44416978183396333,0.00019287280521000728,8.150185486759999e-05,0.8940580905669397,4.537152363291123e-05,8.602394490248114e-05,5.47144180671996e-05,2.8846007284399607e-05,0.703146903681682,0.00011530340672705232,0.00027286379417195214,0.9983815140230566,0.9992312630131508,0.9964012610890263,0.4351506097983741,0.4755219603232606,0.48821482699415863,0.4866554097759657
4.861263692325927e-06,2.4563304574844503e-06,0.0006897427083146843,1.9240146922504842e-06,4.41411720144866e-07,5.339140849070317e-07,0.44924498673123087,0.00011529696401581938,0.8966751912689944,0.00017787396424075435,0.0001129458613358386,0.7042116816564419,0.00016338585940229233,0.9990225467500398,0.0004927791725397187,0.000412742994496477,0.0017895769950568704,0.994973028046993,0.2978569454702881,0.482214531196855,0.5476275673686419,0.4983981751490951
0.002853115869427642,0.0001830398504511008,3.8991456798331427e-05,5.009794352435045e-06,0.5831120597447214,1.736950423482046e-05,8.785346829758107e-05,0.5901666652914596,1.8746013488948534e-05,0.5903317023521859,0.39175934551247965,1.4291594223824053e-05,0.49967958711678123,9.467317454744064e-05,1.8717839177565542e-05,0.996918854627733,0.0011241345058597644,0.008726166308309358,0.040786559412803715,0.5397921404795993,0.5842133591320219,0.6181603912871284
0.9917497340673704,0.0006116885872368182,0.0013231389326389816,0.0006421073669509041,0.000953918275707581,0.0004368050757610918,0.001908378780989028,0.0007884243626101669,0.0015626491572152833,2.3155393519640384e-05,1.466201060595679e-05,0.0009894707386410135,0.0004992314860859381,0.0012145156190122078,0.00027885424302370905,0.0006119381622523269,0.00041347955596935347,0.000842051760329283,0.0003926499860282761,0.4784615597050613,0.43128587718027833,0.4853649584672076
0.00036160974283914327,6.623506184191896e-06,9.455531671500428e-06,0.9111857976934129,0.0006296481427020827,3.9257343516677737e-05,0.45995820046782493,5.5122925655250684e-05,0.0001526390403534524,0.00019426675339500135,0.00012042035091446452,9.46165337856968e-05,3.41691107259034e-05,0.2956252958725227,2.721659018954889e-05,0.00044224760722016314,0.9997491782584197,0.016724980049948296,0.01165963255581081,0.5326000577313337,0.50383870801705,0.6610654241382904
0.0019095122324037273,3.924218665649296e-05,0.4549684238328869,0.0014161663735576986,0.0004201833606727264,9.29171108045361e-05,0.0001431885286711823,7.232922668865673e-06,0.90355051744052,0.0025648359323848856,0.0016123888645308692,0.7017392217165532,1.0069656810191048e-05,0.00020035737954808563,0.00013041973830791968,0.0005926432128293727,0.0019926108510118505,0.9973411107656867,0.013261884570917901,0.49137931416911196,0.6032453593696213,0.5440655635467658
0.5663152775808918,0.578963284016941,0.00020263730143317655,0.0012380080283771549,0.5932380619160021,0.0001479165706714804,0.0050242196099766065,0.0006268843399482525,0.01198972437254461,0.0019944173864370877,0.0012588568617084967,0.007567985450556173,0.0003957118015961838,0.003171478646198042,9.337139726824334e-05,0.40643873269623626,0.0009807281627468726,0.00016009822623227208,0.5070343093159297,0.5250925123903555,0.4599415661480315,0.5798018811653795
3.673796366514964e-06,2.5545243489209284e-07,0.0005386531363732721,1.01205508730097e-05,0.5862488386341866,0.00011555983417114383,2.911222332793478e-05,0.0005400727320045387,0.5833134157281743,0.5814641939003176,0.39065046074712684,0.4972673139834169,0.0005864759274553892,3.1613570067922443e-05,0.00012548885078921424,0.9994149489795832,0.012052614897781533,0.9956476042405517,0.0441953065295938,0.556872061737473,0.5490498119792584,0.4357733396468816
0.9052267602578575,0.45034025004601796,0.007898238948488753,0.0016133596640204733,0.0008910631226184577,1.384871767726032e-05,0.0003513502868209372,0.0022171927145345108,0.00015026485113909426,0.0018165675048016103,0.0011437764398005957,9.461227305339925e-05,0.0013960271621182828,0.0002212235436152381,8.719683259215749e-06,0.0005610473957021607,0.001023739062999763,0.004973073279825651,0.2938880974746758,0.4627842313491318,0.4025149518017215,0.4857230401618167
0.001795687953652764,0.4462985399179044,0.000355577867061678,0.00028244811507025294,0.0002989341728332326,0.0009182706020087556,2.3394470199504102e-05,0.9093999978617955,0.0015580248761451153,0.001007503796981042,0.000633158119320165,0.0009791296111855965,0.709555447230406,3.3370903947720944e-05,0.001309863380633511,0.00043200249493128054,0.0004060270611301071,0.0005097916501235703,0.9974385982534004,0.4983417118664895,0.3981115922338367,0.44873332259819954
2.159575385613153e-07,8.863906078232596e-06,1.290582387720938e-06,9.297001310279897e-07,1.6023457484454106e-08,1.1762996913785335e-07,1.7418961203071127e-07,3.698997694568308e-08,0.999987964837513,3.90183335966713e-07,2.482875447753184e-07,0.9999941882263558,0.002578356055331469,0.012204114434951254,0.00826833259980514,0.0011318465479815444,0.06603948657365716,0.09123947490118095,0.9844925476448875,0.5142958155656943,0.5015595037397897,0.4845150555192695
0.0,0.0,0.0,0.0,0.0,0.0,0.0,0.9999716531242552,2.8346875744871707e-05,0.0,9.272370469614807e-05,2.0500770746308475e-05,1.0,0.025275308700086485,0.2620531294981526,0.33430259240635873,0.04632264506387787,0.5799399627090904,0.7736058513405215,0.44731180471290477,0.6251611343552056,0.5389413149702338
5.2649950383723595e-06,3.64362848585513e-07,0.00013412993510795383,4.506086616947762e-06,0.45636998191573425,0.0002013807364921582,0.9137633838652899,5.660768642624119e-05,0.000125493704769587,0.005203553086043896,0.003234776735436042,7.801354170420551e-05,3.5190340420332596e-05,0.7017915082278425,0.0002772848916778886,0.999814127880912,0.021419824355670768,0.9750910299546245,0.04398755486462952,0.508289056494308,0.47605342279019497,0.3468765863107768
0.008865825429155703,0.5889868129971919,0.002824964836336347,0.0028197084284087956,0.5823519932423205,1.3549986429398464e-05,0.0008831548551201288,0.0004061131323605497,0.5911541283414358,0.0004399414763764136,0.00027360246591592494,0.3919367892087664,0.0003093648673960239,0.0006727607977825914,1.0321981960072782e-05,0.49897466443954086,0.003056370769491086,0.0030539331120357782,0.9904638203396928,0.4941155554941822,0.5781076868071233,0.6323741707204295
0.5949353742507867,0.008382243869231419,0.0046848851615667,0.0041958771407588314,0.5881082296111823,0.0010170310226092646,0.0011285381096593381,0.00012133281241017256,0.5992358476951951,7.795105862342283e-05,4.801660089559772e-05,0.3937478565526885,9.17324644669255e-05,0.0008532197556151058,0.0007689170588927249,0.5004288546637125,0.004524180427832203,0.005038131987664174,0.008969069066663643,0.5539550959027253,0.5553343795656238,0.6659142599159731
0.0007808777210813715,5.2844785245228586e-05,0.5690042616570528,0.0018457835722478664,0.5623354451145124,0.0016382200712837397,0.5663539262522074,0.00010886728270222196,0.0003380054866802875,2.747477673944643e-05,1.738703080057173e-05,0.00022131460016025116,6.889508422003223e-05,0.3953778831689433,0.0012911324804594742,0.5004162521973844,0.002108615037010569,0.9990229330008348,0.03969318849241954,0.5770475054951648,0.49972208680000924,0.5065195132606772
2.727356214492767e-07,3.424470245156788e-08,1.183058483294183e-08,6.77647590017855e-05,4.943741454336852e-07,3.051519188959538e-08,1.49095608100843e-06,0.006346077573018081,0.4563280014754995,0.9078423333217679,0.7034592707887891,0.9911466925897804,0.9931475344021802,0.013896021349573129,0.0002844531983062493,0.0046084424059027514,0.9974352468573489,0.027382953246150678,0.07951821211415952,0.4687110372951951,0.3819582307140301,0.4655878702455888
3.5170828298358018e-06,4.125267849381602e-05,4.180453411573005e-05,4.4354240684627624e-07,0.9079667565523948,4.1110458165820446e-05,0.0015958264076100367,0.0006498456771994457,0.46096109691952153,0.00013627329357585667,8.431742699346915e-05,0.295736398088959,0.00044974487949209284,0.001110038877843423,2.868506231719142e-05,0.9999588992488098,0.004835435530146856,0.5003637925548766,0.946588782953218,0.540013826789259,0.5165909502545597,0.3356087082918227
3.1283756378139767e-05,0.0010244440191537626,0.5742880900129075,0.0013797377326661153,0.0014782229354617735,0.001118763906973339,0.5834617870630123,0.0005826368002708742,0.0001375863153562324,0.5819839565720787,0.39190768873527176,0.00010673976331362998,0.00045078498734259427,0.5050456869181316,0.0012440604877148867,0.0016517748228627154,0.0015475824267006857,0.9988540067320688,0.980347160702605,0.5786225081108605,0.5395857428718854,0.4902221715487263
1.599460388594787e-05,0.0014111243538304137,0.9963144838727178,0.00050273112853638,0.00029619714662731516,0.00015687171384981357,0.00010526207619634085,0.0001673075213425158,0.0001147076913578281,0.0009153198916556467,0.0005819077025684712,7.292456721278884e-05,0.00010636452290529975,6.691954988523205e-05,9.973003714051338e-05,0.00019077301536094362,0.00032209011362602864,0.9991028405715152,0.9927845362953513,0.467292564594119,0.5171127822264918,0.4958136179935002
6.599244991173082e-09,4.492440470163768e-07,1.8680432312906105e-08,2.8998445977663947e-05,2.789992984158701e-05,2.0277594778375933e-05,0.9996701824308852,7.774328921910214e-05,0.00015990744926918312,1.4516336304595015e-05,9.197803699870497e-06,0.00010132013322905413,4.9259503783762845e-05,0.999971130139657,0.2962179629358659,0.4884389759261055,0.9900985954447136,0.02622701843015829,0.9907763150926325,0.47801994871986747,0.4579717201860258,0.4501109602780386
5.145277926106193e-05,0.00885486634144887,0.5883597727050014,0.5704295694902071,0.0014708712401248247,0.5831021352069998,0.000925345630873839,5.545771394341984e-05,0.005328969459211177,0.007658182841815652,0.00479925309987634,0.0033396527335113795,3.475554392982538e-05,0.0005828575454544427,0.3929004471490223,0.0011451311537384406,0.4938642812537256,0.9903364310753203,0.9963512444850229,0.4665399516397304,0.5457735396065299,0.6124764287095055
0.00045284926032047385,0.00020477603614945446,1.3029791251346587e-05,0.44627125294473985,0.0004922092837770935,7.41439891812701e-05,0.8941274833856018,5.3840692688864214e-05,9.153622049555999e-05,0.0007653583545946332,0.0004868221002576153,5.822352507397188e-05,3.424649926486197e-05,0.7033116785218698,0.00010495360076546062,0.0007058720924487765,0.9992956808303651,0.01675787314287985,0.2715083766725061,0.5000435027600396,0.47579815759673444,0.5166564015002999
0.8911608688225688,0.0007403689070818524,0.0016999562325126887,5.94331755266402e-05,0.4543723641571089,0.003493744423988862,0.0018456445787174644,0.0002530425086194839,0.0006309690521901049,1.2919538716698173e-05,8.200086709423695e-06,0.0004004787711439085,0.00016060720047684842,0.0011714387760110804,0.0022175033386868433,0.30354559922974633,4.278811567631877e-05,0.0012205957958665008,0.0005314457078160837,0.5188875824439392,0.5175640257406734,0.5485043271051411
2.8957841860245224e-07,1.9305142734296715e-08,1.7727708375432346e-05,3.577682824525849e-07,2.992239617564729e-08,0.8955728857206763,0.0019922968453072887,0.44707141634334346,0.00012936982714908306,0.00019300643149936227,0.00012275345421181873,8.228012430469816e-05,0.2947598534707264,0.0014162250130627207,0.999987329880365,0.0010827542476200551,0.012878667087845536,0.9896317404181464,0.04237895614506915,0.5160069150532172,0.5202133069191048,0.4827207889050249
1.4004656148636908e-08,2.8480988231636793e-06,0.0008101018974018452,4.866712985859455e-05,6.044698342703466e-07,0.9364401390408664,4.8468216724268296e-05,0.00015235191043593818,0.4698373716556703,1.084447537634298e-05,6.589510785083027e-06,0.2960461153901962,0.00010357330566281137,3.2950098821992054e-05,0.9994454627797507,0.00047794597852143604,0.03830077229418544,0.9977731443890792,0.9968696814315562,0.7060261770284907,0.4571669249340083,0.5584384375190339
0.8942973059621019,0.0028424977090029226,0.00016516180255053803,0.4461334268242445,0.0022782763937831975,0.0031245357087077885,1.2453183824701056e-05,0.0003989928402982982,0.000429338043712503,0.0029856109162599803,0.0018988986296415988,0.0002730670128515925,0.00025376692264871215,7.920453994273065e-06,0.0019872665903590825,0.0014680253969150275,0.2965659033704464,0.00011817294141719434,0.002023495964626698,0.5132715602456724,0.5152201444486361,0.5232761546280816
6.753706030635125e-06,0.0006338361096745953,5.092635502818517e-05,0.5729234626826966,0.0010363403810639891,8.562703774541885e-05,0.580082749546293,0.0004142865766531698,0.0006846836527486291,0.5793014899447526,0.3907581994142151,0.0005301557174980484,0.000320785355905326,0.4985931318471296,9.389815681680721e-05,0.0011471711702013027,0.9992956478327737,0.050600264671999406,0.9933093547882698,0.4998050770017051,0.48341097849088016,0.5741132022809629
1.611501324538562e-05,7.322192841830312e-06,0.0011104247623200145,0.9960622069847871,0.0011130110988206202,0.0005555067875928944,0.0005473785709811162,3.0431524146972086e-05,8.944146372981167e-05,0.00046816160153425186,0.00029690818974328643,5.672379957304577e-05,1.92996807266815e-05,0.00034714757458957374,0.00035230262325700837,0.0007058720924487765,0.9992956808303651,0.9898529480382351,0.2715083766725061,0.4996021007290289,0.4997591348472856,0.5617652576547767
0.00026571940148413693,0.45571836706770413,0.8864498606247845,0.00012503660297662748,0.0020760245741212034,0.0006121444219375501,0.00019447399005350244,0.0006405735161217769,0.0018826172126355295,0.0013050196971548318,0.0008293618375017642,0.0011958826769193141,0.000407096161589398,0.00012359172214729654,0.0003890290572171914,0.0013366438639852076,8.008028187954902e-05,0.697769234108269,0.9996305801189883,0.46732895404576746,0.47415266854702554,0.4993076128706999
1.6200268462841046e-08,9.068259421546829e-10,1.5297654370683473e-05,0.0007101772473579385,0.8915135616473048,0.4506590968942659,0.0003990714720536382,0.0002951937505775159,0.0006211118773428489,0.00020895925121869045,0.00012978510125370702,0.0003991427372189573,0.00018334542048251392,0.00025618892337329565,0.2938181903460614,0.9994888026254777,0.9865717309134214,0.9992464243435674,0.03229457214078768,0.4785579941195416,0.45823408289893863,0.3490715961840527
4.311346796552513e-05,0.0010041781735412787,5.726515292449964e-06,4.768512318510975e-05,0.95352625559937,0.0010085383094966367,0.004096552507368884,0.00042465282995138136,1.4657565877238643e-05,0.48338784303819754,0.29536307294721725,9.659400027572723e-06,0.00027984809726065664,0.002699652924291865,0.0006646373559869141,0.9993336958211416,0.03026955315549834,0.0036281310284964827,0.9728148711291407,0.6758672075402165,0.6655186937826397,0.35202089382326285
0.009576038065218577,0.0010465390759722328,8.250267633879445e-05,0.0002860859831506923,1.837211311621659e-05,0.5823390631930577,9.182903073200042e-05,0.5828259781879025,9.397853790653615e-05,0.5902718495311083,0.39574950254037466,7.261169921269215e-05,0.5002224502036804,0.00010037474914421495,0.9894651252299421,0.001229502467951964,0.019047488685885183,0.005480065597971942,0.06930028188777498,0.49067397254373757,0.5141029898818861,0.615245066786181
0.0001055078737581843,0.00040770728170268005,8.932661471275498e-07,2.726741755747194e-07,9.863698760221008e-07,0.9039406020669254,4.8448694396309456e-05,0.00038909047030558097,0.0005816525200255118,0.4516963395368225,0.2950127576230349,0.000409641256035962,0.0002740253546788166,3.412101980575363e-05,0.9997034066741355,0.0015106152986316124,0.0004153980421062085,0.0013571982651550004,0.8387919019096424,0.417722017092526,0.5443783057670627,0.45786856195343906
3.1052719979634424e-05,0.0013472468940409492,0.9008035216491108,0.005444763104011477,0.001609391218628999,0.4497733257877146,0.0018847638037456258,0.00042949902779054283,0.0015592338016127,4.475826247009958e-05,2.8184901193367245e-05,0.0009818716155701606,0.00027046184914026575,0.0011868635204749843,0.2935184902069011,0.0011464513851638344,0.0038581725345573966,0.9990524431032446,0.9853293211612203,0.5800835961434023,0.5348909642047948,0.5577570665360904
2.5802199638165027e-08,6.735608249459801e-05,0.00010308352637893384,4.224899176210318e-07,0.45359961145706845,0.0002813293931594687,8.896931838335272e-05,8.456754726537515e-05,0.8967006323705455,0.00020867604817599182,0.00013188887265208946,0.6983994810412644,0.00011715377499312189,0.00012325160696690003,0.0003897334853162677,0.9998294131310621,0.002201226331237317,0.6315424036764852,0.9997561319972041,0.510893460887323,0.4215870175332839,0.5316174315710093
0.0012589553370605533,0.5773219978698356,0.0007564075515411815,0.5787693504700276,0.0014823209730253284,3.747587074043854e-05,0.00039103067920839894,0.00045334263093284007,0.5784812477244974,8.485872424420773e-05,5.380385278266756e-05,0.3908813457162273,0.00035166881637200176,0.00030333190591180434,2.9070943361306875e-05,0.0011498726883983938,0.5032636925748863,0.0008340945442468,0.9986117430385828,0.5594449848732449,0.5182648834672875,0.48582378406644494
0.5842355494814555,0.00024163178041518882,0.006305274251461837,0.005668408694332381,0.0009559752823658942,0.5751607990879958,0.0012971742449863742,0.5813390347742026,0.0002652891629909164,0.004128278826311694,0.0026148689387291207,0.00016803620236468674,0.39265001070237027,0.0010072218923839061,0.494984595941102,0.0010415842305136337,0.006224190766269993,0.006870363376399782,0.0002632982453004695,0.5312597762666877,0.5406709284852778,0.549479892091011
0.09118771368589547,9.941580952827059e-05,0.04938034186763774,0.01368032620172536,0.000824976119132799,0.011411579960028777,0.0040685964535989265,9.658283842059837e-05,0.0237634850261651,0.02827977883891913,0.018526207288191016,0.017200551793210145,6.276380682421201e-05,0.0036378299073240444,0.007427206325537929,0.0021403833006901555,0.01286474975250762,0.5250548992374838,0.0011814337753531974,0.5159158437480905,0.7286113061678412,0.3451990477340338
4.62035341968036e-10,8.847224366940432e-10,1.414354226437399e-08,2.0336527182264235e-09,3.045945363636366e-10,2.754139631725734e-10,2.1725453076158474e-10,0.0,0.0,0.9999999816787843,0.9999999865634932,0.5004174159207513,0.0007901652952322924,0.009842251581987302,0.011927011330721438,0.01357794437203333,0.09029086619294222,0.9525410544570755,0.6608446526055933,0.48047823423919034,0.5001351589522889,0.4758834547449061
0.5791442011707685,0.008490451417375233,0.0013196338017885908,0.00022140548601081063,0.5946160122332453,0.0010414736237626925,0.0008517076873471241,0.5918245266725173,0.0015325358193448834,2.4982478872561236e-05,1.553123879808394e-05,0.0009527552674015068,0.3922876618595982,0.0006488281307648221,0.0007933921496507924,0.5125060676717956,0.00024524761812417433,0.0014578466594644627,0.009332512102817603,0.5078487804803135,0.6202421757022781,0.5974825450962206
0.0036897561863708296,0.9181337101100376,0.0006795366903565347,9.252276691677814e-05,0.0011362866071671287,0.0015359513154877369,0.0009540125388234047,0.00014937342724730154,0.46065204074078125,3.953094089250203e-05,2.4499450074247874e-05,0.2960461153901962,0.00010357330566281137,0.0006614977934814052,0.0010650068054728898,0.0007982116531206227,6.465238172353115e-05,0.0004735768471839652,0.9974416259572877,0.511836877029657,0.6635286369966771,0.4817710906867244
0.5860862488525689,0.01158148884761466,0.5854591041510135,0.0105984763444643,0.00148514224436739,2.44336001051747e-07,0.00038978957098765807,0.000545720480661544,0.581703451316019,0.01237724565393663,0.007732910046683719,0.38701607900031487,0.00041538831169993956,0.0002982019822864515,1.8750736253660355e-07,0.0011452646691467287,0.008204338675043416,0.49685282580169005,0.012578343388397247,0.5163412201678882,0.3643037990061883,0.4822788021872996
1.3624562172212245e-05,0.0006463171146204067,0.9545428934202425,7.202913731405382e-06,0.0007356734131673858,0.0005525576839899012,0.0003299474361718956,0.00015608649344923527,0.48135443542058615,0.0009238941852711559,0.0005479606006885773,0.2960461153901962,0.00010357330566281137,0.0002189409645697544,0.00036665717636018096,0.0004945639359098921,4.81671772229394e-06,0.9995710370451332,0.9865820174141614,0.7091907912217201,0.4569601660030844,0.6666305595394332
0.5792196596695665,0.00320481130101957,0.005325637184080768,0.0022399033660820042,0.5676598392405611,0.00020665786988394212,0.5801532930472726,0.0002947566604062555,0.0018877468193364752,1.1805244937168358e-05,7.504790049277059e-06,0.0012000726640129717,0.0001873820345374683,0.3933721968366578,0.0001611793604830618,0.49771451430288816,0.002480901704964583,0.005883040313426425,0.003522413538852631,0.46825565819668136,0.5202361607010275,0.49812210392320566
0.0002940420571282102,0.00028214811564613527,0.000811555435574423,2.8228583297678955e-06,1.0067413348161226e-06,0.44806181132627515,0.00024567931335214626,6.248005702005797e-05,4.422715378036313e-06,0.8976497881691633,0.7043416922545168,6.261164631022492e-06,8.84519840351259e-05,0.0003478038378422012,0.9987085785753573,0.0007117887871236784,0.00200346586808947,0.7044527923105464,0.4883904206564419,0.5000885863726469,0.4869184788486281,0.5618010044215158
0.5801522371627896,0.0016056516487065115,1.753048567751536e-05,0.0012376934399024471,0.0005102274359669318,0.5821018389639553,0.5783973038241572,0.00013985629780684938,0.0032250276800686256,0.006697946099135382,0.004242903199482959,0.0020429704810731864,8.859560353058585e-05,0.39041672451771775,0.5010735730117006,0.0005672369348195647,0.001368736171932604,1.9334941673522824e-05,0.0017619511103999603,0.49094406772383997,0.43055358550383765,0.4907550669210883
1.1271195421671695e-08,3.070800780415704e-05,2.3589032139134738e-08,2.484046105366073e-07,1.1964071946076045e-07,3.815065406277058e-08,0.8729354393026284,6.934914030170267e-05,0.0007549332337789752,0.4402571420019933,0.2884372954889315,0.0005565658584185413,4.8821804071733606e-05,0.999976830833579,0.0007474506244715314,0.002418392058188794,0.004984700589855281,0.0004636104205099924,0.9997528020756397,0.4773061547142658,0.4484778539359168,0.44905119157246476
1.9162655313079084e-05,2.542004750497473e-07,0.0042762025725783205,0.5706608592410455,0.001485274766028281,0.0006603371115014938,0.5792875645737753,0.0018014739526243978,0.5770061273960762,1.2763675058841959e-05,8.107057481250048e-06,0.39053201257347003,0.0013993887080961012,0.5029992148506649,0.0007348426102131094,0.0016608976954528743,0.9952560289153857,0.997161419909144,0.008561144096243008,0.5321273921108102,0.5211192812600766,0.5284603113860671
0.00036540484223383823,0.5908438579432385,0.0007765194074324414,0.5802183839659114,3.342663390815976e-05,0.0001493909742043428,0.0002617333932300575,0.00016666930497878963,0.00024950031556970664,0.5821313526749599,0.38892850360381226,0.00019107969139767954,0.0001276436099886993,0.00020044828542599102,0.00011441101619654729,2.5935275016780333e-05,0.49668986830999656,0.0008409425453156825,0.9996062902597431,0.48037913090766854,0.6151085781776601,0.5344948360923047
0.0008501378236924256,0.0003747746246679931,0.5765057323218875,0.5746889757038949,0.0016426099127277367,1.3728384093106604e-05,0.0007156308193223146,0.576807616622438,0.0007899758069675936,0.0027658383651011907,0.0017573806465665618,0.0005019425079315768,0.39053551173635603,0.0005561005327345223,1.0668025967114825e-05,0.0012931654861911223,0.49984394679409694,0.9989792535731478,0.2643340387251132,0.4683539076119004,0.47384718561961053,0.48405125331777915
0.004113081584480588,0.5577058189833468,0.004898708031262666,0.000801974311245177,0.00017476159239678834,0.007289072388758664,0.5604230718641039,0.00024297184312845987,0.5587167895725514,5.3391704371695435e-05,3.3020873326602366e-05,0.384458068288216,0.00018238405975143455,0.5023936291076627,0.007886438107915712,0.00019460588052992858,0.0008863012737094684,0.005518546926037296,0.9946991145296391,0.6685910743077219,0.5088072752895688,0.4570360660654927
0.0014747567958511487,0.8969526285784585,0.0024396201794897898,0.0013475955698127125,0.0007646396985208637,0.0003282016906537782,0.0005429951836896352,6.84527572719637e-05,0.0004232566408169367,0.449205070351363,0.29558040411570813,0.0003002848995187316,4.858484060899538e-05,0.0003853945846851157,0.00023294358739941329,0.0005498213859243738,0.0009638959501764468,0.0017315298484532338,0.99895329225027,0.4820053202445063,0.4502275141862477,0.48128964833193405
0.0027711016720244033,3.987713449078607e-05,7.132811258693407e-06,0.9001573708422113,0.0001267551498427979,0.0039271035347679,5.202482723670342e-05,0.4531781358169969,0.0015761261517680451,2.4795964474472986e-05,1.5566567393299723e-05,0.0009894708347976797,0.29493734626530244,3.650896762134272e-05,0.002755895285734833,8.89525831330154e-05,0.9980551306603368,0.001638486824717185,0.009160589493553622,0.45461024852939647,0.41295212375003887,0.5665824718322245
0.4582269762860067,0.0002917299837002892,0.0007231650515982443,0.0031503775691376417,3.625968345554313e-05,4.54754325338204e-05,0.0007949770131237712,0.00015569220934019546,0.00013896411231455622,0.9261683835258655,0.7075146062385912,0.00019306837371919845,0.0002163094260833801,0.0011100936877952489,6.36990323174319e-05,5.1037192396367046e-05,0.004423660439689666,0.0010098322258976777,0.00041090144854574046,0.47846548328643046,0.5786586251048369,0.3366920216221103
0.58261387219172,9.107327081886344e-05,0.5788026291390584,0.00018513651179333774,0.0006880221366314421,0.0035526166514140618,0.0004634729536925728,0.5768010308916286,0.002729787459945776,0.000674435220527685,0.00042710754574645793,0.00172872705734243,0.38904625097097945,0.0003583715280143108,0.002747002787760511,0.0005389775006946597,0.00014426664135006297,0.49953245953984776,9.951664216200327e-05,0.4911181817307848,0.48105845793685087,0.569522149174629
0.5963578227026864,0.009121636401580221,5.912397330304669e-05,0.00114251591421835,0.0018406758480064777,0.5971844892214312,1.3172404987383193e-05,0.0017395268684174856,0.0003696382399464241,0.5897372126663386,0.3882599895988481,0.00027868326809255104,0.0013120984293253641,9.935751772599857e-06,0.5004096887733659,0.0019905051094093193,0.001229007390891621,6.34301927687271e-05,0.009783591488015497,0.6562156327615176,0.531320152563562,0.43485163744035565
0.0010281565195100525,3.974515497927597e-05,0.4555596811533912,0.00011412720615918178,0.0009506918705216335,5.8193090730792843e-05,0.9036645131971156,0.0003352611998380702,0.0023434085105584626,5.583534606604945e-05,3.508806260722622e-05,0.00147264667647757,0.00021068549763090104,0.7014347720360068,8.091003023747014e-05,0.0013391393341344823,0.00015991210113008262,0.998569442977249,0.02459769271162976,0.5156012488031361,0.5863671343966106,0.573110455525932
0.0013229659003181754,0.5757614766666634,0.580576088350357,0.0006542637435808647,0.5760361161385233,0.003142439577456229,0.0018346780265167798,0.0001797763521385922,0.0002930967835314053,5.782412431910688e-05,3.6418158244188995e-05,0.0001850970269635649,0.00011322477482185664,0.0011613552269891005,0.001995372176854397,0.3918218174752786,0.0005132233431659272,0.499910839243487,0.998520762544358,0.577731434875526,0.45835608908758496,0.5551136757079975
2.7510705495993694e-09,5.331184629561244e-07,2.090413675738805e-08,2.003251977298538e-09,7.68668402799425e-09,2.5442336542812757e-05,8.959144548648075e-07,0.45127576673558034,9.956531712312069e-07,0.8967967410411996,0.7032007764804524,1.405223259843817e-06,0.9999637835656994,0.02233389084250661,0.9865770237666995,0.009165387124979378,0.0023978843962182694,0.024735630907263367,0.9967148342084207,0.5135347235440733,0.5079934518964835,0.5607639740010608
0.00010728139558056388,0.006335692196052285,0.5810553747944459,0.5815582541855062,0.0025433605469851275,1.0209697141458932e-05,0.00017203721253961318,7.841954674579726e-05,0.0017349825793563614,0.5837975697839449,0.3919306050855198,0.0013382857331471916,6.048931981642849e-05,0.00013270175815999736,7.875302479393165e-06,0.0019618368050481824,0.5027251381630891,0.9930577057487041,0.9892212804142804,0.4225870704980176,0.5627446666741054,0.5316817903425751
0.58198302976258,0.002821401109223361,0.0015362761508583966,0.0017293316639349597,0.0022317352268644594,0.00021420289860345858,0.0009641062836623794,0.000417004286167083,0.5689911486372388,0.5818597879228332,0.3951218815663253,0.4928215149179149,0.00045616319992454425,0.001059988547141076,0.00023623949872709723,0.0024733048156295417,0.0019238528397709993,0.0016890622109921897,0.0031288775637841825,0.5004410625166792,0.4862093664551327,0.4824007663116909
0.0017830661955989902,1.899940350762804e-05,0.4542503030120153,0.0006911707352126124,0.000882041849720346,0.0008730531244016742,0.00014693387441905653,0.0001339815407169056,0.00014304857357208707,0.9118934971142524,0.7057786963471078,0.00020047701943085494,0.00018776993535999363,0.00020592209201034605,0.001223550961686163,0.0012361502673449358,0.0009761910766627523,0.9975009536800925,0.00678325243060468,0.5987912390094309,0.4059250980119308,0.5127425760963854
8.263439822062406e-05,0.00021123273225042916,8.528781193552926e-06,0.5647556538043119,0.5674916226232337,0.00031292064782547047,0.5681049447428165,0.0005237505695931705,0.0036711263171789565,0.0028787896703116314,0.001817540814584445,0.002364198762969761,0.0003306760130326552,0.39574595408597035,0.000245022662260935,0.4998575009313323,0.999743295184991,0.023604839312424963,0.7609728340834303,0.49276925216588474,0.523920286743822,0.5878312617050423
0.0017729960077602117,0.5824319015619958,0.0016168746481862988,0.0011292275226442885,6.44846568789566e-05,0.00019677112634756367,0.5917431874758282,0.00011579032048004455,0.0002606762761080923,0.5803176201235491,0.3883434687633475,0.00019987132563806015,8.878125141502106e-05,0.5050485528685433,0.00021507845485168047,7.140796738895725e-05,0.0012438772445469448,0.0017762951468703637,0.998062079739004,0.5121151638992574,0.4069483456630194,0.5647096103926635
0.5944358366055301,0.0028914132538835307,0.5885658523658406,0.5843841978434478,0.0007895410520977468,0.00023233674039129908,0.00026164448303645497,0.0043329432459808465,0.0003868006337323471,0.00047817141076490267,0.00029705784439924257,0.00024029494312134998,0.0026917937210038777,0.00016254465500106568,0.00014433753138602505,0.0004969250304338248,0.38976137679583234,0.498458913494851,0.0030966160671801538,0.47948111927459275,0.6553250667178502,0.4853572914152366
0.0016049441891725377,0.5708435994784679,0.0009957535523312507,0.5739596805920485,0.0014476830530021124,0.5774645676228339,0.0008222612052604999,0.0005026246819969652,0.0044196682341997974,0.002902362516391898,0.00182233724214963,0.0028133736337596638,0.00031559214150496336,0.0005297639215863922,0.3873355307440912,0.001131189858582643,0.5009875357073099,0.0010965923517560709,0.9981966602035781,0.538299019590344,0.5668649361998032,0.5893426362096414
0.0005811557559399096,0.9963040459687158,0.0013174281036616871,0.00011699665991446173,0.000316820890293575,0.00043849483775860136,0.00023772584864272545,0.0005493749486750712,0.00010870701709422323,2.9249969303733714e-05,1.8601075917491783e-05,6.909860794338176e-05,0.0003493667200934747,0.00015117810727195328,0.00027885424302370905,0.00020411800688554876,7.498002086578709e-05,0.000842051760329283,0.9996304321523724,0.4785107442174153,0.5183355102253565,0.48329684495927705
0.4481086257904321,0.0012498476528449533,4.131089923895009e-06,5.698267770382905e-05,0.8887742743955321,0.006105404606554087,0.0021636720648222137,0.0006308399948908507,0.00011476556740855581,0.0005816743825679618,0.0003681763126519757,7.261184601884253e-05,0.00039929623088199944,0.001369517505976959,0.003864507812840992,0.7060264356983286,8.158412543474172e-05,5.8689955048123925e-06,0.001775652442183479,0.5155987924505111,0.5185732845075803,0.5720735391309839
0.5798522311658196,0.5695950732759361,0.001191203177263042,0.006632313625715237,0.00020774425382537348,0.00012879968621529476,0.0008436518230194401,0.00025224969515182165,0.5877783306345019,5.818927336273717e-05,3.693271655154671e-05,0.399342356623545,0.00019774964497918106,0.0006647311628702416,0.00010179977183448464,0.00016499386455733837,0.005287705600331682,0.0009386133744765509,0.4928596748609769,0.4749957378393605,0.4927749650078018,0.5484529974720069
0.46338153698127194,0.00277976974156791,0.002006578953252227,0.008874164818306036,0.0009592171278318598,0.001278189628835633,0.00040019409603413804,0.9259132788332229,0.0012064460039740493,0.0014755431075027926,0.0009072131915612194,0.0007417639631095103,0.704549246082504,0.000549701484003455,0.0017557086010471798,0.001334843084213053,0.012284963889024097,0.0027707639156919206,0.003819007331969339,0.4928016168525076,0.5909295751621656,0.6646661288249851
0.5897800860894135,0.0007410676495580084,2.212775556184153e-05,0.0012330578784946734,6.121755979962985e-05,3.7693610757734523e-06,0.581807118187112,0.0001306885642308329,0.576415755769507,3.549199465257123e-05,2.2387729320160296e-05,0.3869899667534202,0.00010042654461659697,0.49566826711520096,4.068727795397356e-06,6.607950568550912e-05,0.0013413473541392632,2.38851251570249e-05,0.0007999253076416135,0.48966189551683637,0.40583361995621,0.48327202603787633
0.5734787423502223,0.5874776758689421,0.5740833497034803,0.00011585009418656638,0.002533245394043947,0.00044025938451370194,0.0006700927408781984,0.00045002972854570923,0.00020238146391793267,2.5016969079004155e-05,1.5845398426715016e-05,0.0001281855832146148,0.0002850425531220886,0.00042442720374196894,0.00027885424302370905,0.0016255529483910273,7.39478838719422e-05,0.3892714984452672,0.5092050198902158,0.4785107442174153,0.43384058492882493,0.4836706713609795
0.00040108186249690876,0.4469950452123578,0.00015599798025109775,0.00016249345260615174,0.8898062855384766,0.0042256096964281035,0.0063267584951211655,0.002818726145704112,0.00036438543830017567,0.00058307989851847,0.0003685499985167285,0.00023031880099756632,0.0017816478662164292,0.003999023694700577,0.0026709720600318937,0.7057361393872367,0.00023211189886934518,0.00022223895103704993,0.9994315091186043,0.5791229984083665,0.525943219331442,0.48395559542097016
2.3680434789586723e-06,1.9287978731402325e-06,0.0005375348776522838,0.4439737727943289,0.000882509937857734,0.00019177171538086962,8.161571512508187e-05,0.8953881100131187,4.535440127818211e-05,8.602714479669993e-05,5.47144180671996e-05,2.8846007284399607e-05,0.7049866793834291,0.00011612744639515556,0.00027286379417195214,0.0012721432127647467,0.9992312630131508,0.9964012610890263,0.4351506097983741,0.4755509459275026,0.48821482699415863,0.4852783156068509
0.003300274415557198,7.151748315578272e-06,0.5821815025306424,0.0012234005736018237,0.0004970728133603037,0.0011599848847178228,0.5772435357993202,3.920178485438847e-06,0.5718942498932559,3.521358901492548e-05,2.2387729320160296e-05,0.3869899667534202,3.0362455320061743e-06,0.49566826711520096,0.001262012393151568,0.0005478815137984266,0.0013413473541392632,0.996409493162911,0.0013795806495222676,0.4739096867745818,0.5194089587936124,0.48327202603787633
4.517178544137564e-06,0.00014145613523587738,0.0019315465122082562,0.5754292234964176,0.0014889658209891472,0.5796984329212679,4.5051397849958456e-05,0.0001586945538268922,0.5771915443481321,1.1755122266279e-05,7.46309459266235e-06,0.39047407218132185,0.0001232107241531745,3.4977962371148105e-05,0.4998878729331331,0.0016560176275877588,0.9978630546761629,0.9534502870644069,0.9797748092788579,0.5385926231128797,0.5206955177163519,0.5286753675569638
0.0007664756505061351,0.4452581347587881,0.0004723510367193199,3.8182793580019896e-05,0.001357489785252954,7.610897238630171e-05,0.8916291910746726,0.0009999030033318258,0.0002678360269730706,0.0007647389042872022,0.00048519423962849634,0.00017039270800132776,0.0006343960389030346,0.7029574035888119,0.00010822333646517664,0.0019396756905924594,5.476543438303903e-05,0.0006695689365616394,0.9988917986084108,0.49431459360555063,0.5283198587128032,0.5507347766738979
0.4480964253049957,0.0014242613209838144,1.9382985937660248e-05,0.8892384547146472,0.0007108636740595346,0.00023751836475648992,1.3602847636414307e-05,7.714593186566262e-05,0.0001497015708667917,1.418253159713474e-05,9.011505545151083e-06,9.511958519191928e-05,4.901811757578175e-05,8.64317243746595e-06,0.0001509179159822063,0.00045759860983073314,0.704824205490331,2.767830941964068e-05,0.002023495964626698,0.531121484611041,0.5204379075733793,0.5232761546280816
7.854891896924105e-07,9.2999319144986e-06,0.000574987000412135,1.4002063527701118e-05,0.5741662640135562,0.5803804758941956,0.000591375956300197,0.0006378848429192977,8.222145220961376e-05,0.5818452683453011,0.3922440284179996,6.370107249729679e-05,0.0004942013798270171,0.00045816847256602484,0.4992818590740629,0.9993672515571486,0.015539286459319929,0.9896707533537308,0.9466131840252135,0.4366596143251372,0.5212511963199404,0.5488713786297273
1.858563522034851e-05,0.00013764473657362216,0.0007514622052290884,1.8308576066554208e-06,0.0010142719218058215,0.5782987408436867,0.5798310399823025,0.0002858237871134929,0.5780066546278003,0.0013521854299386434,0.0008588003114669285,0.39127720139996675,0.00022219560227880518,0.5008413267416147,0.9985877329543517,0.5913710903592342,0.0015293186052959054,0.8836879982994923,0.9149611811256353,0.4682739035174105,0.5344331103160048,0.48699353696259473
0.5762999820872244,0.0023960076761220736,0.0003683811222355698,0.5840702384510811,0.0019192392899352814,0.0025656466552947325,0.5759190875157322,8.068109851436577e-05,0.007327013756710198,0.0005726792851120832,0.00036270872469207805,0.0046406351493918,5.1101060950795135e-05,0.388425376126453,0.0019827588917996214,0.0014832141530605682,0.5067288669083422,0.00040693547492849885,0.0026467871145948174,0.5384277691035564,0.45852323008143203,0.5442643046214558
0.0017902957968853554,0.4424225284171113,0.0021490261760780927,0.00023715107059771906,4.239002536855615e-05,9.52565833380211e-05,5.843895494821575e-05,2.8885208852743483e-06,0.8969993856436862,0.00046205441442036737,0.0002845638824492953,0.7097134531971863,4.039897463247772e-06,8.448011585642434e-05,0.0001349361661692436,6.053965347820934e-05,0.0003404608383315488,0.0030539331120357782,0.9973172525168355,0.4961785097618595,0.5871255263043181,0.6615304331840759
0.5841155850856833,0.0051653575626086365,0.5850139408584589,0.00018614725174587136,0.003507990240456037,0.0010289857532196703,0.0003249121216766848,0.001740394545773462,0.00020310253248167757,0.5919306571023649,0.39558624079902044,0.00015633605209353297,0.0013402071671640516,0.00025020187295400425,0.0007923816159536917,0.002736779038536641,0.00014445952651107128,0.5004796617241236,0.005629574746727151,0.5465522408189606,0.6200548309256605,0.5141212054679851
1.3582575531344053e-06,0.5728068141649691,0.005126433999124815,0.00394793228863593,0.5733950650906179,0.00015555272920735118,0.5896387566772577,0.0002705251559957436,0.0014452556656082557,0.0033688044558526143,0.0021305456189747505,0.0009140321672628938,0.00017109005474525698,0.3984109945764438,0.00012138124977367575,0.504454324370987,0.004421630473461516,0.005726411495582229,0.9999984904462038,0.5768709666953162,0.4941570373834484,0.5260290466115888
1.3438177972870752e-05,6.85738941180372e-06,0.0011384626931305764,0.5962985329571465,0.0017413692931468416,0.5980406789423738,0.00047143788426154236,0.6002848955864974,0.0002683089780897122,0.00013971871862088764,8.513251820207405e-05,0.000163747564644612,0.3896358948535783,0.0003527408605623612,0.4981670649320226,0.0018520249417997056,0.998798673712111,0.9916037824117059,0.2992065982208748,0.5990919733341872,0.5581051184137535,0.3221821451432675
0.0030433304402360003,0.00010741198330772004,0.4469474040543549,0.003159507046105783,0.001272887925590579,0.9039675687051097,0.00022044855093158625,0.0022181112285792237,0.00010319673281943933,0.000578341584571918,0.0003623554317107689,6.468677268375563e-05,0.001389741620232855,0.000138820914087842,0.7084525017527443,0.0018274887470182133,0.004553429448861732,0.9956249748101548,0.022459521434877117,0.5916595412204423,0.5580867640366887,0.43435798728935854
0.5795471071505818,0.005458693679060216,0.005504344423463035,0.5807027418567868,0.0019456594899104932,3.7029464199968338e-06,0.0006868787386576772,1.2859626783807729e-05,0.0006649870153093752,0.577717412399954,0.3894030760264201,0.0005139856608832874,9.93954039280756e-06,0.0005309062104591524,2.862104704586107e-06,0.001523561764222778,0.5030760249446757,0.0060768281800709385,0.005996153515492042,0.5020253019372279,0.5756318424666744,0.48169313155096133
7.415048095657955e-06,2.363132548627733e-07,0.0004234201965022258,0.884063160353848,0.4346368094615246,2.8614798339664478e-05,0.0017546317208448946,3.3671370065055724e-05,0.0002867255167542727,0.000759917505216595,0.000483253314128516,0.0001828328740734892,2.1412592303803122e-05,0.0011252423442415487,1.8346210751157388e-05,0.2899394613412957,0.9996970313029536,0.9886835624722854,0.02005650976860201,0.5002542855149431,0.528204304780487,0.5170686512506558
8.217316971745031e-05,0.0010486816836371678,0.44822945614459087,0.8929168794631496,0.0006593652583506948,0.0035423710664277824,0.0016417226097036202,0.00022180093133898285,0.001809432325133617,0.00020555912373658225,0.00013016930434727098,0.0011417375242266123,0.00014045459229561463,0.0010396153008805091,0.0022432014682394145,0.00041754359312239065,0.705797783542012,0.9985059912562789,0.9502170710711944,0.5109565237575655,0.5064741458729457,0.5718835633736109
0.0002713797966013666,2.1297582946640713e-06,2.7513726021618837e-05,0.5771770051893613,0.5738073057622649,0.581240586060174,0.000546835095004163,0.0015768682344762992,0.00011332400682915649,0.004362317256140416,0.0027577276500357207,7.16405249378426e-05,0.0009968560011779655,0.00034569533728431173,0.39169585216200564,0.49981786036820364,0.9997014382045677,0.06464793188892437,0.004996081267092399,0.48247480047522023,0.41802549129250716,0.49618997583625746
3.1279674953328076e-06,0.0008478953813661648,2.8865740722218553e-06,0.9102143504417053,0.0007067784912834189,0.00015478647740822376,0.0016396734246966718,0.0011381173829377652,0.46044113408487686,0.000821468205540818,0.0005095774480827846,0.2960461153901962,0.0007898816267898745,0.0011379745176066651,0.00010742587816488182,0.0004969514596544542,0.9994115375753873,0.002178325921258965,0.9976514872147603,0.5047038563622603,0.4289280492730129,0.6455833536635945
0.003940586046265858,0.5883119028258239,0.00074486915002864,0.00022969814959291975,7.124290783207947e-05,0.5742037463184515,0.0021037086656516125,3.721529930475252e-05,0.577973094158328,0.004179404065504427,0.002628139303707416,0.3868151696530028,2.8504035656954247e-05,0.0016194485607431428,0.4905175970475161,7.704118465073516e-05,0.00024934149530021765,0.0007990945286284496,0.9957939972470953,0.5035864608543928,0.4178601032800174,0.4249734407037026
0.003536740297745072,0.00042897677370415366,0.5968514999402582,0.0003624680446576735,0.5929338621427256,0.0028663180242602597,0.00019809537546314218,0.00012232889179781552,0.5959055724728379,0.00019831156634281946,0.00012171827064550665,0.3896223905023223,9.17324644669255e-05,0.0001485484440494338,0.002149409848986726,0.5004288546637125,0.0003876450592598026,0.9962193117265111,0.07684221699558601,0.5540192224686374,0.41923737777079856,0.6666821521289896
0.5871794615698017,0.0036948904376610586,0.0012442688164960851,7.503095781579183e-05,0.569071031738833,0.000298613187634011,0.0007162431470282215,0.0003410665260108045,0.0006536107593810334,0.5841079141007167,0.39297739593500086,0.0005056564856328596,0.00026386127318567547,0.0005541109186797868,0.0002318573183100832,0.49417923826447835,8.273113060358019e-05,0.0013558830580021638,0.004061311003002597,0.5222727969182082,0.5445170448310351,0.41846150918456393
1.469058243868593e-06,0.0010601482235919795,4.143828622321287e-05,1.1277042100320893e-06,2.6359147458725393e-06,0.44961545845076323,0.001006569421297033,0.8961543519714144,3.123512217854237e-05,0.00013650747902434811,8.667618295719844e-05,1.983291354181388e-05,0.7039577830660854,0.0014252151074811469,0.9984905688101631,0.0015947456108445588,0.0006786733635126797,0.02487812999600654,0.9991220587517502,0.5138713622970712,0.4987717068779763,0.549265281442292
0.0001951744614459275,0.8950010383710192,0.008464139277572913,0.45646927632886986,1.7378341119184147e-05,0.00012600614468196466,9.627915465283319e-05,0.0007262351464515074,0.0018793021552763968,0.0009080893578803688,0.0005744716479304947,0.0011888771764600838,0.00045942877177737606,6.0907814202092315e-05,7.971365616106586e-05,1.1137918848659958e-05,0.3022398670312657,0.006051084865878998,0.9998611729531953,0.4809633825671282,0.5750425845270465,0.48167965645448124
0.00010427939729929165,0.0037248756431469956,0.0005354976228149923,3.130444745480833e-07,1.7206392298710922e-05,0.00020679814774600907,0.0018514009832892393,0.45038096549741974,0.8995833751488748,6.445967036121531e-05,4.07900411754261e-05,0.7044880494035884,0.9940399966776166,0.28938915948276167,0.03489527856898855,0.0029337699322662045,5.3580168574233686e-05,0.09088974485113518,0.9822676794672216,0.5398870622212677,0.43803740096909943,0.4753645627997529
0.9019866415972528,0.002612157868470314,1.4968151911027882e-05,0.0018116126542250034,0.0027711521280600645,0.4458659359142151,1.4144380087340644e-05,0.0002183702778990172,0.002353646607678866,4.4418234561487753e-05,2.8104371295340055e-05,0.0014892041133819545,0.0001381679455442012,8.949472574288145e-06,0.29226891067994304,0.0019815343081108676,0.001288587117063363,1.0618393315570433e-05,0.0018436721903023166,0.51582814323059,0.4236691416802071,0.4908231682484503
0.0021382420507970066,0.0002356541071059979,0.6203104260808119,2.7800417169842234e-05,0.00047819128010783037,0.0017956612013743205,0.0028401663496767362,0.61865957428798,0.6155779565247735,8.158739818023296e-05,4.8426489445824595e-05,0.3891676642895245,0.4975398665038685,0.0029148307238400675,0.0018486220113949482,0.0004946902272335371,2.8869079374581504e-05,0.9977731443890792,0.06987895251260934,0.7072159017890522,0.4569601660030844,0.6666305595394332
2.10573009361052e-09,3.07185364770889e-07,3.356512752642486e-05,3.659984107365767e-05,0.9996258510028246,8.006320600022616e-05,5.5543455362775156e-05,0.00013360235113660856,2.5680793659191666e-05,8.784931321619473e-06,5.5223790983203005e-06,1.6136754860086496e-05,8.398504387490804e-05,3.49156809182852e-05,5.032929560641814e-05,0.9999686500103515,0.5299594083222434,0.9941737165043731,0.9956361449896367,0.4240074474405504,0.41673702511673677,0.4956241104626899
0.0001375217205009201,0.0013576695136590423,0.9001002172047595,0.00033938860608884446,0.001508405867497262,0.003802511760157865,0.001991945789980156,0.00010695291531507736,0.0013655787765871645,0.45055391313843574,0.29143028294006,0.000995526806022467,7.445507500892829e-05,0.00145302869085872,0.00268109671245473,0.0010972990117393475,0.00024505514842448005,0.9989808847817985,0.9275142567835682,0.5160391796985793,0.3625754342730487,0.4823282953230801
3.650655931255251e-05,0.0008897376422671823,0.5772656396495056,0.0019069379007791694,0.5734474581172649,1.0179726015054282e-05,0.0033469373894650023,0.0002313967104965684,0.00028497312978260426,0.5814976383742124,0.39229637622357366,0.00022095346108611696,0.00017941308202160203,0.0025950484557869836,7.892900624382267e-06,0.5004162521973844,0.0021086149078920905,0.9990229330008348,0.9738940170702377,0.5770475054951648,0.4994871895812566,0.4859622467319976
0.0039356310972519255,0.0002736603600771106,0.5820375140645746,0.0016835634772787277,0.0010027653930055453,0.0010113349215178813,2.8903574682675956e-05,0.0005389203004543732,0.5832814491111707,0.5819872865100258,0.39065046074712684,0.49921045784544316,0.0005864759274553892,3.1613570067922443e-05,0.0011096032741775676,0.0011055526632179472,0.0018632043665753816,0.9956476042405517,0.0441953065295938,0.556872061737473,0.5575697990284181,0.4357733396468816
0.5726623093768904,0.0023875559422818974,0.0005698798166040033,0.0018424792695944867,0.0014779620277146307,0.5693683440840606,0.0045173297313232915,0.000610132667410825,0.5711151898878455,0.0007347581643503548,0.00046499370418443074,0.3868151696530028,0.00047030037771806396,0.003523413141309807,0.489237364199238,0.0016053484991362158,0.0020088604428668308,0.000617302831637442,0.002594911065014721,0.47816022471694375,0.4295024286082157,0.5224877196923604
0.0006390239779433042,0.00047654829802194065,1.575026971316432e-05,0.5748875971619332,0.001848753031896578,0.588137126920971,0.5855445514741273,0.00034163164471529695,8.310176836023807e-05,0.00011273712085948206,6.978728117082179e-05,5.215280318608033e-05,0.0002114790119793988,0.39720182302798124,0.500045062976379,0.002036480549105756,0.9991107338747512,0.0123596899584002,0.4056432339573653,0.6576243351976442,0.5328896476647869,0.450065246147672
0.0018751388033847111,0.0001800270101025679,1.0401563406893747e-06,0.5911302744392778,0.0005624544377870181,0.0018864619839188722,0.002685313743225192,0.5919131603559543,0.5967000945126916,9.211856335571546e-05,5.692537556635299e-05,0.3932763698424623,0.4979518974167851,0.002869617244089467,0.0020159554037775806,0.000608942733917014,0.9979869686432452,0.0003533176172027738,0.0609341507809201,0.49128359930227133,0.4136224081956661,0.3494592017700222
0.0012438978372372447,1.0915571887620582e-05,0.8903395261789008,0.4477670801685418,0.0030156981901955995,1.2046720767255343e-05,0.00013456056691462837,0.00016473591118670432,0.0024518916171174304,0.000932783991911194,0.000591435195147007,0.0015571361712237047,0.00010445176172159137,8.575144540031988e-05,7.700927298308043e-06,0.0019371778330931704,0.2996701130523099,0.9991028405715152,0.005586336637149851,0.4671847130281568,0.5526167953064952,0.48579532591221075
0.00016877582215716315,0.0009909971345555386,8.979287260672964e-05,0.592852831064644,0.002893932772981811,0.5981898243483026,9.118571161449498e-05,0.00014815535010977303,0.000214055172542611,0.5981642924225993,0.39199538327104244,0.0001611813043505719,0.00011155943235340902,6.866184939694647e-05,0.500385551729669,0.003124007335572127,0.9989245464044239,0.057001352445603726,0.8926095890647887,0.6586374924579564,0.4307421532200205,0.5754987073334579
7.825603617284925e-05,0.0012137162524720273,0.0012482363254507616,5.321147448466678e-06,0.5882352871606384,0.591822023193422,0.0015732310857151607,0.5912569866938777,0.0018860522138798561,0.0008109051556658877,0.0005012345400150668,0.0011676795102359826,0.3892756769012626,0.0011936610153661553,0.5003894755103488,0.9981209353774498,0.0019584928287471604,0.5055249015286709,0.9590094533390258,0.6586004403708805,0.4583564344112758,0.5551846261412056
0.5797333411253262,0.0007481303716416013,0.0027435296237210325,0.001856523222756089,0.0011898687687520526,0.00024567854869809075,0.5801101927914046,0.5827299814412666,0.00017421381600762857,2.278054538576089e-06,1.4414972277093391e-06,0.00011023823866398313,0.39327867561348595,0.5002091247073943,0.0002697878953187556,0.0013237602941483786,0.0020545494892334325,0.0030280891503843034,0.0008254973931331767,0.5026570250124325,0.5763677868736535,0.48463553941248827
6.275003382139499e-09,1.6160429528617058e-05,2.4785106392021586e-08,2.3708841293818295e-07,6.13571715896244e-08,7.513296558572807e-08,0.4479320740021747,3.452566175785144e-05,0.0003929580186657972,0.8941956977471747,0.7030666175079159,0.0005565658584185413,4.8821804071733606e-05,0.999976830833579,0.00294320349108305,0.002415271695698767,0.009368683373923159,0.0009680043005985059,0.9997528020756397,0.4773061547142658,0.5185216620930188,0.48339662110451276
0.0014386622741466835,0.0014312575137301916,0.9029931621084907,0.0013813466324166593,0.00020776582924529147,0.0007875197146643724,0.00029065602429337805,0.44916563526014336,0.0026471429299391343,8.900366643318593e-06,5.618165918955258e-06,0.0016650083465123587,0.29385106423291507,0.00020491552450548176,0.0005552097681591993,0.0001464770570502199,0.000981443117128056,0.9985692864968982,0.49835709492983815,0.4750229531268448,0.5407463205562851,0.57909902212182
4.0751552081706924e-19,1.423783715033832e-17,2.426833775572479e-17,2.0751746572105547e-17,4.653510583159479e-17,0.9993088189769587,6.987668435338732e-05,3.1232731399960015e-05,0.00013551294124370612,0.0004545586660442271,0.00028853283290897495,8.601735264926978e-05,1.9825095956378417e-05,4.4354451807434946e-05,1.0,0.5571766932749251,0.3603180476287221,0.5249590887113926,0.9884950396746813,0.5392054340322238,0.5193306841707179,0.4679219942805763
0.5960215609687322,0.5904441125150937,0.0015153732585179956,0.002551714570253613,0.0009007424792080509,0.5910529610760455,0.00022806326511664384,0.0006592484861363535,5.963153776644254e-05,0.0021338107408885574,0.001320653039275884,3.690706124138553e-05,0.0004080211099593802,0.00014115245879062576,0.39337220124566047,0.0006929178776049049,0.0019704846246358675,0.0011565074655691748,0.4965924350743127,0.46471093646729594,0.4868257099372894,0.6648747066693317
2.4155043730684166e-06,0.0006573493504324871,0.44560313937385465,0.00015459110184138367,0.0006360877839105551,0.0013438237090786721,0.00338283227445647,0.9000104544228451,0.0023610129070245223,0.0008009600919808531,0.000507222374516259,0.0014992216653396733,0.7060412376176646,0.004832893591041332,0.0019258773979239042,0.0009160341883713836,0.00022347264487304077,0.9990527430182342,0.9976343950466214,0.5089467316914678,0.42783505015591544,0.49773239578579265
0.0020651410745853318,0.4436001456326436,0.0028618012338668506,0.0022267833609531506,0.0024396131468786175,0.9034842681360324,0.0006627755434737816,0.00016423743890304219,3.621363591235106e-06,0.0018865611106686317,0.0011932372622728198,2.290490873571669e-06,0.00010387920180234622,0.00041920152271803174,0.7094241699463394,0.003500950735504854,0.003220445340855674,0.004106916444790335,0.9970363068379867,0.46710379011420383,0.5737705408033531,0.49931273916198654
5.4316015263953124e-06,7.346591554159792e-08,0.0010444122116098295,3.1120521149007848e-06,0.8984032435191864,0.0003826689005903155,0.44717936739349967,0.0007500252916231568,0.0011791632662990377,2.8540513877569696e-05,1.8105291598342237e-05,0.0007480278608306303,0.00047579512097527417,0.2940196279878364,0.0002711638456000937,0.9992599061278857,0.0019116841739759262,0.9966889067709281,0.008610203711472031,0.5190033495321185,0.5549681014307537,0.4872992661461704
3.2041405092652055e-07,3.2269812480845575e-06,9.402924556157103e-05,9.117235817014267e-07,9.13828197905727e-05,4.163923539600668e-08,0.5781539195392157,0.5776821736515916,3.000073865137009e-05,0.5781947878596984,0.391970296914876,2.3368503253294408e-05,0.49974034823366964,0.9998542760614458,0.00020030365476251914,0.49324173176851593,0.006185425594952642,0.9781643254260768,0.9369959276735632,0.4762068009989585,0.49111810443911313,0.47768219478545276
6.719996955559904e-09,5.924482851457451e-06,0.0003262996329364605,1.6907302587193294e-05,8.310815951215297e-06,0.464633653905136,0.0008383921490190001,5.822629195399768e-05,0.9309515536243115,0.00018880220061734813,0.00011552127695732258,0.7052931484486985,7.977885073453538e-05,0.0011487243472677665,0.9995498197500009,0.016315823775035824,0.03303963620903333,0.9885009998085394,0.9992779070831326,0.6887892191473959,0.45862605156448116,0.5557347884861039
0.0006218929054111114,2.9278597672002408e-05,1.6106045098365697e-05,0.8977696621376517,0.003134084071844343,0.453223712513077,0.000405881401598307,9.761818361334846e-05,0.002156473398273034,0.00282009397452697,0.0017741708098463769,0.0013566799326667912,6.141361790350767e-05,0.000255348239427698,0.2956451906364431,0.0022341814502713497,0.9995617847912425,0.016549589522795505,0.02995019822445666,0.4806270629323172,0.5497344116441583,0.5952752199369893
0.004088415092313257,0.8974226280915021,0.0006054779423013676,0.0005705106733576047,0.4453726201417023,0.0031792890927773445,0.00010333191338659748,0.00016530502761205777,0.00038141621032477033,0.000942415245562818,0.0005950070219051171,0.00024070113555566152,0.00010436767662490595,6.52400368646758e-05,0.002007292770927968,0.29536170981959187,0.0004059070356462319,0.00042963619898401064,0.9971136528026103,0.58823946753832,0.5227488966876683,0.4954210828141681
0.0032423681275222625,0.5861198706249942,0.005041660560501811,0.0004905537056380324,0.0012162452940899886,0.007344195821143515,0.586510721804243,0.5879036375284789,0.001861952371310789,0.0002621501706839886,0.00016418220362107087,0.0011619745576940078,0.3926188445238639,0.5001700404828389,0.007976122898463778,0.001320965590313465,0.0005369382761193802,0.005475813199426572,0.9964783025362594,0.5027489725396735,0.41031369958785413,0.4081232213096198
4.4654731137558174e-07,2.213107596488057e-05,6.033779192476649e-07,0.0012158295935468212,0.001224082192553415,0.0001669631510275857,0.5786721617533768,2.881893788716421e-08,0.5780453280856407,0.5832279623964846,0.3943454207822513,0.4996537369111805,3.170470899089618e-08,0.9980731685139961,0.06078038767453626,0.5037829188748638,0.9884960064862143,0.017437207819512024,0.9871565805644849,0.4676232196438002,0.44177070596309065,0.4886704489852466
0.9056776090946906,0.003344766814025171,0.005021277521449325,9.68336932310741e-05,0.0007117386325038762,0.001485228584978214,3.539691792213502e-05,0.00022994461651872346,0.000567550029606655,0.4531861039060126,0.2953625465745857,0.000398942896794191,0.00016163295022091333,2.488123053823307e-05,0.0010439991791448002,0.0005068536251521977,6.859526188003357e-05,0.00354752684034417,0.0023511256770548557,0.5685532589256966,0.4496654421675377,0.5741651111182334
0.5765330688114646,0.001069397182534429,0.0002798323178463646,0.5833820931993058,0.5702583423371868,0.0011838199113958386,0.003481454041071526,0.00018102911981273805,0.00789701620051697,0.0009081192879688642,0.0005741670951446765,0.004993015775371051,0.00011446094243899602,0.0022124154600412587,0.0007546472643737152,0.3890588670713352,0.5071494680763099,0.00031057446692678336,0.0011971584045686878,0.505447375470926,0.4586061987074854,0.5717862430251478
0.0012234548634162817,9.81120982155295e-05,0.5725329112808543,0.00035557261436345005,0.0015388058693504665,0.5851191884216926,0.00012379159655371403,0.003404223951874293,0.5852855173324143,0.0006087265638826171,0.00038304153078939804,0.39396046259496864,0.0026297934413650192,9.6115454308559e-05,0.5079133533255288,0.0017247448946183497,0.00040005100891944007,0.9986080688336049,0.05037955300479813,0.40404832056008877,0.4743009654803595,0.5429417129324633
1.172364795831458e-05,0.0013241676830166766,1.8129311035320308e-05,1.7324727495708696e-05,0.5729391659147801,0.5791085495280234,0.5845563243446129,0.0022139884323758895,0.0001116739083709512,0.0007645474304778348,0.00048122497446320667,7.048147668208099e-05,0.0013935401031673607,0.3945836387993967,0.50186420180798,0.9985274091899452,0.008353965749517772,0.008640469607480328,0.9943004468156879,0.5463506251944478,0.5419453663929727,0.4132611851624546
0.0013255299705246014,0.00013176365913744899,0.5800255251390698,0.0003578424957917114,0.0018129538611530204,0.0019465567526311708,6.255031832036944e-05,0.5845253508301966,6.167642106110572e-07,0.5821455499785291,0.3917565089624874,4.7661889547032717e-07,0.5024580700201893,6.865304898736162e-05,0.0021364780979202525,0.0020159290814358035,0.0003958105929664521,0.9985379810106852,0.06307641548309567,0.49067397254373757,0.5765958408215649,0.5500868421183129
0.00010977522600815978,0.002154834183307678,1.4625202457174485e-05,7.270253023156809e-06,1.1136655330723104e-05,7.4741949219149566e-06,0.5891261400648116,0.590966513764442,0.5929039966484968,0.00021223211005801803,0.00013199016262657043,0.3932763698424623,0.5009908713307054,0.9976683529123939,0.0022052241431049827,0.0033289060467181246,0.002161755586765901,0.004337161291999542,0.9675966543093177,0.5025046246642665,0.45821507534253764,0.35203575552567584
0.0014457590880530321,5.1342117545905346e-05,0.5835942273552501,0.0001433497767861235,0.5797360183133455,0.5848110652866919,0.0004192797191488251,0.00025002087966442604,2.720992219154944e-05,0.0005041056225081748,0.00031605885516323827,1.7059792753656652e-05,0.00015675548296194093,0.00026287548184574655,0.3907325181924727,0.5004184009373096,0.00015679175950301504,0.9984299067779394,0.022598571093235487,0.4658780018552358,0.6192448227102175,0.4971156364961757
0.003307882795880021,0.5974726964913876,0.5885862374263229,0.0018842791108618067,0.004243691833825393,0.00698373610842767,0.00691664390365596,0.00013258234754576142,0.5836468325565215,0.0010000644940170154,0.0006230472281029136,0.3870182684261622,0.00010062908646077845,0.0052497433280749295,0.0053008490170661365,0.0032211668377549194,0.0014414028996826006,0.49522442367554653,0.996475431597986,0.5499436103846752,0.3655779061847104,0.5358682656666711
0.45080686213075644,0.0002946517021750476,0.8952945930656526,0.0008250866132036888,0.0004507895893064546,2.0937099405139908e-05,0.00021137558302854794,0.004507437380727615,0.00019358204400064574,2.5693262690382355e-05,1.6207159496302466e-05,0.00012216642248735857,0.0028432745468896215,0.00013401179331020297,1.3315431432127291e-05,0.00028808412968499503,0.0005292915005891501,0.7008275628933929,0.00041609785582737667,0.4868316635694857,0.5939507998614292,0.48466250014114165
0.46210023032978753,0.9157131918763411,0.0031305533586010875,0.003457216316421532,0.005050847858649309,0.0006479329100823032,0.0028529659862333995,5.8208380118417824e-05,0.003944131141255024,3.732334496877855e-05,2.3164605675287834e-05,0.0024479174420346164,3.612709801601799e-05,0.0017706985033922318,0.0004021418879853241,0.003134839058781258,0.002162462385490967,0.0019430196012019058,0.7024780001376939,0.5009820012610373,0.6594226316669922,0.4821151833781371
3.345542794637963e-05,0.000322661508126672,2.60694500861055e-06,4.412496478698473e-05,0.00031987425988702097,0.903011349306486,0.4494079032885219,0.0006260702212035067,0.0006101480944990003,6.315304760437068e-05,3.985924427441222e-05,0.0003850968877951108,0.000395146283980562,0.2939828153225169,0.9996744530816168,0.49523122058077407,0.08632064713113663,0.0051177552526219805,0.9345396451542287,0.4894903447081421,0.5037795590151425,0.4076062563214315
0.0007188726113189822,9.194464838816119e-07,7.855909082784457e-06,2.2874736505622923e-06,0.5766345389105293,0.0002466736509014673,0.5757851853629414,0.5820357497397582,0.00045751994880827374,0.0001601885749492456,0.00010139413747143429,0.00028959515912694233,0.39287685638495157,0.49538601802026716,0.0002697878953187556,0.9992165920533144,0.0020600854554771106,0.006992219441683803,0.0008254973931331767,0.5264931033529688,0.5137211713409289,0.4301417911117532
0.00045459598215893813,0.00022974857336620496,0.9003055363854247,0.001433656470418148,0.002207015551289588,0.0017744034129583161,0.43945153098593476,1.5015424538326829e-05,0.000304286180462014,6.748403930136425e-06,4.270838294881629e-06,0.0001925724833641894,9.502758539874306e-06,0.2878191518697281,0.0012529231563520407,0.0015731056305607642,0.0010257833341708782,0.9996406412995972,0.30143888524777973,0.4740190264116865,0.4287542984204579,0.48659316651205187
4.996675655151421e-06,0.0001166156609076996,4.414091289232915e-06,0.003948487722719906,0.590935780183112,0.0001117589896358488,0.5903312349034497,0.0004816059616966532,0.5915974160965618,3.848297893045174e-06,2.3833559607850524e-06,0.3902210408327959,0.0003646576617403474,0.4955225326829269,0.00011883871030570919,0.9957669170508849,0.9813178165267362,0.02406346570884918,0.9727395100363019,0.5647415799942404,0.4457516732062727,0.6441770391973155
0.4483829083397673,2.5044587329268983e-05,0.0004523801109121196,0.000432070055834147,0.003019001208353529,0.0016978194287263014,0.8966483888885841,1.2861641319754156e-05,1.704180318371368e-05,2.3708235256240274e-05,1.5055249241888126e-05,1.0783410351004148e-05,8.167425084167849e-06,0.7047915095781734,0.0024105169374700752,0.004286344158718853,0.0006182318115494235,0.0006422922063659927,3.5558585596374005e-05,0.4752083954335341,0.45939636884878104,0.4840963418472388
0.00013102959834936957,1.0592691198788202e-05,0.001958443081940892,0.0001979531678563438,1.3051848252602378e-05,0.5866287426619475,0.5838464384345305,0.5883642028462656,0.0005473825759651283,5.3880270894476954e-05,3.373762309797262e-05,0.00034274856017048284,0.39287685638495157,0.49733020822020724,0.997855789119784,0.004245046210664738,0.0647418524572209,0.9575439495782967,0.05206054607776778,0.5288553615981836,0.41690120279439963,0.40530038790961337
0.9076378666366356,0.0004710797289780044,0.0016280755853223334,0.0007483555943208857,0.00040537834803695756,0.0003662467162799848,0.44904865465681015,0.004651574100051039,0.00020653673052365866,2.3322103957186593e-05,1.466201060595679e-05,0.00012984436218915762,0.002924336080496165,0.2924903496660406,0.0002568921739601979,0.00028806629412266125,0.0005289876080910485,0.0011477676529658071,0.00033042079781087086,0.5028304116022626,0.418047093419275,0.4230978356767038
3.157716695738427e-07,1.4014548905699803e-05,0.000331096900644945,0.4460124379674362,0.9031968777089195,0.00044190202220694016,5.015652668709192e-05,0.00012183422914026449,0.0002608632254238665,3.778272854027716e-05,2.384197734070923e-05,0.00016461212245039158,7.688086986515916e-05,3.1650190412275665e-05,0.00027885277722255433,0.7060264356983286,0.9995306370476424,0.9730625576751382,0.9856583574579988,0.5828414558886826,0.5425636862752153,0.48635280069546405
0.0004769798546601976,0.002523581438471759,0.5869934015271917,0.00042367709734900875,0.003038900099697659,0.5887876239596384,0.5906286572663055,4.352973041513356e-05,9.73904125964819e-05,0.00061538991591591,0.00038303837367057223,6.0618907520975165e-05,2.709430039079516e-05,0.3919163040648516,0.500512752805829,0.0033221470393503386,0.0004649415635315742,0.9971917635657634,0.8826605258759366,0.6329538997185429,0.571153062408516,0.5073934160703756
0.575765294461002,0.0005029660991005648,9.380912695608266e-05,0.5772047227135336,0.0005536740442125429,3.737450717823787e-05,0.00038997303166636213,0.0010105806154246861,0.5811806232097515,8.176508582262689e-05,5.185540928659203e-05,0.3930914940234812,0.0007860575503372638,0.00030333190591180434,2.9070943361306875e-05,0.0004306631618705703,0.5032636925748863,0.00010372418831012284,0.0005561283502142828,0.5580445015668763,0.5175902813134982,0.48829322461393215
1.5968957505257986e-06,0.0014738662201575327,1.3963847308507968e-05,0.4499434847769166,0.002223312912856686,0.0005578721714749712,4.3053091762500575e-05,7.251267363480053e-05,0.9081958681504466,3.068844642966204e-05,1.9246210325541812e-05,0.7051986309349143,0.00010180492421595045,6.044480182766871e-05,0.0007832306597270185,0.003162367230839863,0.9979207146785252,0.006033063205034858,0.9993135456899498,0.48419157312281647,0.5771035379755134,0.5943790634076691
0.000573446223255904,0.5748646181209734,0.00010758610866685254,1.63658222317184e-05,0.0013509334110412472,0.5760112984626683,4.909870361296755e-05,0.0003322142948269144,0.0003264012172612636,0.5761125268669743,0.38890567544326515,0.00025256645979252124,0.00025706462739338853,3.818478162093749e-05,0.4988830065977511,0.0014950859257489568,1.818136866802572e-05,0.00011812067392195572,0.999373603000374,0.512365936178961,0.5151877839874098,0.4367534104443161
0.0013521822995271277,8.99395393063458e-05,0.6161634181731378,0.0009094311573538367,0.0012728409797530403,0.6199834191534201,0.001074963700687273,0.0017488053489115249,8.289776890139777e-05,0.6214509897125398,0.39270140541103726,6.022357046110119e-05,0.0012704729600440034,0.000780940922787359,0.5003517194673401,0.0013255896763522163,0.000942130560630073,0.9986069556748256,0.04228260753468549,0.5452580593925799,0.7653816338692666,0.5426868984283143
0.004190366311575182,0.5756472163542712,0.00036490944782463714,0.5762482740822017,0.001886262309549562,0.0006321071601859379,0.5783833509095052,8.069300353731007e-05,0.007342631247836323,0.0008871714523459252,0.0005618105357058336,0.004657327483701367,5.1101060950795135e-05,0.3925404886505454,0.0004946772105096015,0.0014833393821136393,0.5067288669083422,0.00040693547492849885,0.9953445704207312,0.5384277691035564,0.45852323008143203,0.5459131892707852
5.5877812020074305e-06,1.4601668260850165e-07,1.6741905868859832e-09,1.4344410615457892e-07,5.5025506562514165e-06,8.612111652967845e-08,1.8084653111520524e-07,0.5800037827760705,0.5792887370290206,0.5797752936825237,0.3918932978350427,0.499607331754536,0.9999913308705637,0.014578129872993922,0.006943622023991276,0.49904464761347367,0.01646073507070988,0.00019165043561237183,0.01663220630183962,0.5326265236161167,0.5206394389774918,0.5506055527285451
0.5810155368807873,0.5864199531671497,0.0007675201503165017,0.006093743942768157,0.0048039103313307265,0.0011477976029847532,0.5900384350484476,0.0001800768980029343,0.00030434451922361176,0.000437157438908255,0.0002742665867746199,0.00019094159295134127,0.00011297779087649831,0.39505251616799175,0.0008851373950938862,0.003753166125041507,0.0047358904342572564,0.0005949177120919823,0.502951104065438,0.3870892229801945,0.4566061047436195,0.49075195938009236
0.006931101166723079,0.5829650041382138,0.5858039323754772,0.0005224794327823868,0.0024902141879127246,0.0027100321650179744,0.5866106770005618,0.0006312428295407209,0.002363582399369201,4.772367836186798e-05,2.99770992273447e-05,0.0014840439079294144,0.00039650928977955015,0.392955584774651,0.002087485587529192,0.0019433129362104364,0.0004055852354082866,0.5015229705772769,0.9924314231800557,0.5198494826025594,0.42931182000165613,0.40994027675713207
0.0008433876515495906,0.44808881968920755,0.0005581023794679269,0.8892382229773356,0.0007108635028131875,0.00023751833111906526,1.3602845571475753e-05,6.745674723190904e-05,7.410537270603201e-05,0.0004358906481956283,0.00027696262056270643,4.70666454197977e-05,4.286166502801982e-05,8.64317243746595e-06,0.0001509179159822063,0.00045759860983073314,0.704824205490331,0.0007929169516612076,0.9988017772830744,0.531121484611041,0.5204379075733793,0.5232761546280816
0.5861925953403743,0.0027507866648501635,0.0010061372334240562,0.5857802175089274,0.003067005806529354,0.5813082996964931,0.00013974541740301638,0.0005041526398859564,0.0004166434140959939,0.0029022954054656997,0.0018205183301246172,0.0002613479832271571,0.00031623994491398414,8.765809648582164e-05,0.3882632457551204,0.002377727014330253,0.5022426040475857,0.001098257639354761,0.0029874386715646505,0.5492395433438575,0.5672550339735746,0.5892279304523096
0.0019664565435353345,1.9400387086194736e-05,5.1417990354753947e-05,0.5772427671538369,0.0006317292284363006,0.00032234586107635923,0.5821127753589761,0.578858900764416,0.00017422716703294734,0.0008358362788817358,0.000528856092760815,0.00011023823866398313,0.39024445224962967,0.5002091247073943,0.0003527611050308313,0.0007003972358022804,0.9978471957836896,0.016726389832132295,0.006280548247783152,0.5001848582988396,0.5763677868736535,0.4820951495184717
0.00013751012840982154,1.9374262831017524e-06,0.0030743713620468055,0.5792284398420781,0.5769611966490898,0.0027891041190964694,0.00037483058867783677,0.00022759869829952392,0.5878803719533521,0.00024401044245861607,0.00015320982835811736,0.3937478565526885,0.00017539750065490023,0.00028886067437059316,0.002149409848986726,0.5004288546637125,0.9966267092315189,0.9716859061091276,0.008969069066663643,0.5548176990529048,0.41856224563051786,0.5654122702928799
1.0240459534301448e-07,3.667694757364465e-06,0.0001700498825412301,1.4921112653482156e-05,0.0013740651600856993,0.44318892816603167,0.9040995280259758,6.0801767175724216e-05,2.561695272435531e-05,5.4616989704872256e-05,3.453256515773443e-05,1.618926297646553e-05,3.8443001524953704e-05,0.7098423713406701,0.9979852223444129,0.9219120292599543,0.055853070883630805,0.9863355382105893,0.9822299608113035,0.46169605559829985,0.5469667334736178,0.5566569838154037
9.688236789436259e-06,0.00022736309170139998,9.258826160828674e-05,0.0019336607298354497,3.660451446618192e-06,0.5979818995705019,1.1567213338627823e-05,0.5961689453935013,0.5958117799609722,0.0001913639533325925,0.00011790043686648157,0.39106545177244534,0.49903175637935787,1.231454116979148e-05,0.9979089889897415,0.0012019987114383615,0.920158636280708,0.2459916761473689,0.9728895285200175,0.5996872604705793,0.4471644223060323,0.35658771562573344
0.5841884796731411,0.007828990135865799,0.5768828481777669,0.0026110271013056806,0.0028040238426193893,0.002969574934909581,0.5698077620306153,6.536220204021397e-05,6.7058800283890986e-06,0.0005760596413705838,0.00036632624397865655,4.264384977223462e-06,4.1564954241645564e-05,0.38547746093306523,0.0022967359335708984,0.0021971309865096243,0.0020351367786391756,0.49758725129000086,0.008531244004212901,0.5144449641180451,0.518259292448306,0.47627686828947946
0.0028250943446385328,0.59667633702272,0.0012936547042829737,0.0001210145153453803,0.5863608126109902,0.00032855986855189287,0.00012232771684037591,0.00035101494547886786,0.0009001604239311171,0.6004889429496065,0.3923244079716368,0.0006759278043231381,0.0002635762312169916,9.232127397611244e-05,0.00024873789076028505,0.4942387503361809,0.00012952316448218404,0.0013683892804053303,0.9970268715343488,0.45796222700340883,0.6746796070243153,0.41846150918456393
1.1297904838657696e-06,3.15899762770581e-08,3.296892805139036e-10,2.9039219321056602e-08,2.1027973057280857e-08,6.965375030618624e-08,5.003418558357724e-09,0.8959827591434271,1.2160907239444938e-05,0.44710923617783777,0.2946656085803414,8.640650516543924e-06,0.9999991950169633,0.0028115243843170046,0.03916486064752178,0.011994393394629932,0.016480532015646514,0.0001866507538415326,0.017796059460864218,0.4678008928966794,0.5047615944245033,0.4831024508619478
0.5758373999898928,0.0057706385314371875,0.0031562481538012508,0.00037113472559904245,0.0005463737439326661,0.00029550467582425207,0.0002791580309799909,0.5795524318112444,0.00047536008958872265,0.5853503334099004,0.39577828259867687,0.00037023493999044816,0.5020341961786486,0.00030861194434828867,0.0003266835508031155,0.0006119381622523269,0.00041347955596935347,0.0035069977811834595,0.006410265109927704,0.4785107442174153,0.43384058492882493,0.4853649584672076
0.00012550494281340438,1.3725429742398732e-06,8.33297431438223e-07,0.006495232945548324,0.5928777223996187,3.095183737758761e-05,0.6080192191363496,0.0005807454767158391,0.0001747365012153683,0.6031807499120656,0.39315726116434374,0.00013098621518736067,0.0004353392622862473,0.5080070066114647,3.323342271332643e-05,0.9929702707921753,0.9877943817497714,0.004226564162397424,0.006961931131362065,0.4780224815063965,0.5398177790045198,0.6989830763531617
0.005774657342629756,0.5786762308896841,0.5752286478604256,0.003053752402167407,0.0004845260271209777,0.5826849956828093,0.004606581931099344,0.0005045788408845184,6.90969165734146e-05,0.0002159728368099291,0.0001368980300140418,4.3798247601371104e-05,0.0003198358389163284,0.002919968686793787,0.3940289734203432,0.0003820203480316199,0.002395023590563191,0.49969963492970165,0.9936474103651476,0.4526008644557012,0.48221096873579855,0.5421886278937107
1.4431136553511457e-07,4.175351272923811e-05,5.075235163204408e-06,0.0015412257467747937,5.840570023046165e-06,0.5740133506257162,0.0029413620676955986,5.3172901256911344e-05,0.5779021638055488,0.5760133527235566,0.38939555091060696,0.5021621627315374,5.849180997881604e-05,0.0033039429824471556,0.9982752477032363,0.0024216204403279037,0.9826868810404388,0.07675226817401543,0.9977493984877096,0.4763673344167946,0.47449363505857983,0.5435858996838595
0.00017324106251142201,0.5935329277421444,9.185528942986814e-05,0.000788664038834904,0.0015939157636471381,0.5914495650554233,0.0013685199235568316,0.5917073170937179,0.0004071570981357546,0.0006555837944711329,0.0004068715968770801,0.0002526918522339338,0.39142951532910025,0.001039763461317663,0.4988830065977511,0.0017320444349211294,0.0008524961294093239,9.90253535995099e-05,0.9998141850510355,0.512365936178961,0.6598887171965732,0.5074183877608083
0.577785265574292,0.0044598356403835705,0.00041941617524549524,0.0013937446110821499,0.0014797459783924226,0.004267408699306085,0.5842026173109016,0.000581823041148281,7.394211025936975e-05,0.5835533294890648,0.3931362307633637,5.728887916416318e-05,0.00045078498734259427,0.5035031680172376,0.004701807061844754,0.0016517748228627154,0.0015475824267006857,0.00046447062330462474,0.00491393458171685,0.5767292330178405,0.5394446571518773,0.4807442105717024
0.00798815053548703,0.8924819608847898,0.0016260294948242235,0.0007410500540664011,0.0007459328009399435,0.003856777017598319,0.4421970595147034,0.0006458957814538256,0.001893595485765983,0.004263930955309081,0.002695347345682386,0.0011970011672381526,0.00040829157357031697,0.2893908493068093,0.002723428317012833,0.0005317080562155745,0.0005302469827803921,0.0011498432383264445,0.9943797669300483,0.5393852240081908,0.5463766277373363,0.5583769089103566
0.0010939326037409025,3.135419864003828e-05,0.001031810242648644,0.8908216316548727,0.0016162373624060823,0.001940596735939126,0.0003536891882700238,0.0010225820149631613,0.0004060912529951993,0.44841073780250246,0.29490480781052475,0.0002879718700194791,0.0007251447569367232,0.0002508119863662518,0.0013761393624928805,0.0011611488713522515,0.9989308526140999,0.48288934767059927,0.01824197506240527,0.5473111489023377,0.5348402702105052,0.49278080057189544
1.5538878450969626e-05,9.621716151948914e-07,0.000904752341336827,4.614819544545429e-06,1.9954499538103075e-06,2.7955958133859094e-06,0.9010342583556229,5.6162161237770465e-05,0.4500344998970602,4.4671219475370976e-05,2.8236097310819727e-05,0.2948943948157512,3.968100529689744e-05,0.9993573967568824,0.0019568214656711103,0.001415057579916612,0.0032553382065079097,0.9891020146614344,0.039369902185187745,0.4512507223272097,0.4320095961780456,0.48688791371148565
1.0066100972273942e-06,9.677697970728142e-05,0.004805162386107029,0.5744187128685428,0.5708815981543105,0.0015167797376368609,0.00046007730392689817,0.5762397279559598,0.00022752848868115138,0.00017228373737975574,0.00010958695488139585,0.0001446601447115403,0.39058353310045724,0.00035792535236389884,0.0011800073603256411,0.499704494770745,0.9946877523513491,0.9872443517000675,0.9933786202739461,0.5055693042203097,0.5282933766711768,0.49675461179469016
0.003841118337150255,0.5777835917736109,3.195085043509791e-05,0.00029255051449957097,6.879614640411486e-05,0.002777938666659321,0.0035886773809138965,0.5819936308118681,0.0015945416793208377,0.5797699904191037,0.391756463385933,0.0012377818334865947,0.5022978015323607,0.0039539751653325985,0.0030607628886148413,7.679434096550023e-05,0.00032484149841578887,3.538300324790926e-05,0.9957678531705706,0.539315195275698,0.5107810032507172,0.4481777441115601
0.00013927694043873104,0.5840642249100403,0.5769001090262033,0.0006567058877772709,0.002712758448456718,0.0025731128741122455,0.001339525881165021,0.5801998456165351,0.00029228515033810306,5.3668278109772043e-05,3.3986805799257895e-05,0.0001850970269635649,0.3916719631095258,0.0010387594530244261,0.001995372176854397,0.0021036732667895353,0.0005132233431659272,0.49607060602242004,0.9998481912043431,0.5144924387367994,0.45835608908758496,0.5577638499096838
0.00025665574763362184,1.4863903166825284e-05,0.00024585878383866737,1.10528934560947e-07,0.45222151138605854,0.9177318148690586,0.00041556324371949796,0.0025110768797249813,0.0026322931710436007,0.0005743564815388929,0.00035738809203902824,0.0016320941010528273,0.001562501754335032,0.0002585821970526891,0.7085308366881233,0.9994992261578244,0.00019934717758502123,0.48579007097327315,0.03682787700968394,0.4820598197760956,0.5043630492711118,0.3491113608870075
0.0007234277407640717,2.5714184710299395e-05,0.00068598479983211,0.5892445565376161,0.0008544985743718828,0.0013231659479353858,0.0004463935502853551,0.5918971966210264,3.901999984011267e-05,0.5892641444019081,0.3899995808600407,2.9522127705696203e-05,0.4989605321696636,0.00047855699584025335,0.0014185040351301376,0.0009160689802686138,0.9989308526140999,0.48288934767059927,0.022619054515014614,0.5067341427819655,0.651279801794051,0.5432189779409525
0.45005959263918127,0.0005210007092182002,0.0011020215420566855,0.00035722709855622796,0.0008375038021710543,0.8955817383568508,0.000787663981041125,6.543697571553291e-05,4.3158118959109764e-05,5.904259891655174e-05,3.7501135739169476e-05,2.7412046517995335e-05,4.156254908482272e-05,0.0005002877737345403,0.7035437283793258,0.0011846681595622213,0.0005092389016020356,0.0015588326944145393,0.0007369703452480489,0.46115016898767747,0.5154041244193278,0.4763074260272352
0.004668113391885484,0.584120007545918,0.0003796357243219192,0.0020618213753097253,0.0010878406862943092,0.586110099329694,0.5823800553521283,0.00011641802636362837,0.00037994608460583805,0.0067440328157403005,0.004242903199482959,0.00023904070263075793,7.32436777319545e-05,0.39041672451771775,0.5010735730117006,0.001201118782339549,0.002264532936198535,0.0004158513667656329,0.9949124966164964,0.5882448853490256,0.5560439336376591,0.531261180019621
0.5802329400244265,0.01575094936854681,0.5773358904436903,0.0006501127404794113,0.5722616549206586,0.003149560513564199,0.00182189576550708,0.002336968739767887,0.00029230052588896226,5.61806442134826e-05,3.5592461545987336e-05,0.0001850970269635649,0.0014805552847087788,0.0011542397931598618,0.001995372176854397,0.3915211704767075,0.0005081860298967161,0.499910839243487,0.017277584208077457,0.5097857671008998,0.45835608908758496,0.5551140106268007
0.0004332612809282325,0.00918574488237425,2.198724665014063e-06,0.5869734022130976,0.0014478206904944863,0.00034738178356991654,0.0003177487538392707,0.00018578219868390882,0.5938613501014725,0.5958725310734089,0.3920444162269635,0.49831418951875106,0.0001981066730961413,0.000338827374963245,0.00037177246172304156,0.001564101239211364,0.9901467405118294,0.00015225830785326258,0.9701387486852482,0.6678266423249448,0.4732398071074078,0.5519654849465143
0.0004902209041978286,1.3886397275019905e-05,3.449149094078012e-05,0.44544380124877603,0.0003564395261185946,0.0009587197298094136,0.00011461701508842144,0.0018833225060893306,1.1144640805289784e-05,0.8945355514060134,0.7038989922483257,1.5804756482829977e-05,0.002670839001761102,0.00016254529511523774,0.0013596200815143697,0.0005121146436921907,0.999302788412787,0.04492795777872843,0.01802881740960424,0.47884606044303113,0.4862715448851421,0.48515822232299166
0.5791500965638788,0.0016270128887263756,0.0002072373475736027,0.0019595761035225774,0.5713228164560006,0.5787239118980789,0.0005444673908425317,0.0002239460060949443,4.827917466924578e-05,0.004343423915764331,0.0027577276500357207,3.0653615326134615e-05,0.00014218873726326722,0.00034569533728431173,0.39169585216200564,0.49981786036820364,0.0021707936177834952,0.00022896426818683202,0.0017884809638203981,0.48247480047522023,0.548562229714399,0.49618997583625746
4.740527521472194e-05,0.0001276345406759112,0.00017460433322996754,0.00014840522243127273,0.000153135836400841,0.00014163493260702895,3.7077946535844413e-07,0.9059347200096501,0.44745270916568763,0.00012890127116749897,8.12155079357702e-05,0.2920594607059641,0.9997608349150819,0.0006935552216211539,0.27324589133711114,0.33430259240635873,0.37726532266506463,0.5799399627090904,0.7736058513405215,0.44794011500589764,0.5854537326183517,0.5199777814224293
0.0005925610173049324,0.5763488458447149,0.012893950849334375,0.0017377407690662861,0.0010017432982740463,0.0010103021126791553,3.086037978545914e-05,0.0005564997592226487,0.5794163146748962,0.5730865692253021,0.38644340289167434,0.49900724512989525,0.0006062262751466237,3.401735981895405e-05,0.0011096032741775676,0.0011055526632179472,0.0019251011118947372,0.014192315764371851,0.9993381046880183,0.5318773817907714,0.49415420403861554,0.5601217428820623
0.00558688147819649,0.8953415303664044,0.005118252426526606,0.000579820865374209,0.0008535953818830466,0.0003940729222323448,0.00022841510106799646,0.4480392216990978,0.0005845023486630155,2.3147409148852687e-05,1.466201060595679e-05,0.00037023493999044816,0.2941520424348615,0.0001616311989853966,0.00027885424302370905,0.0006119381622523269,0.00041347955596935347,0.0036401892863976715,0.9960466210054475,0.4785107442174153,0.43384058492882493,0.4853649584672076
0.5839594568880347,0.5902715484158242,0.006447068828136775,0.0029419320334095455,0.0015676681604291497,0.00032171298136092377,0.001720548627667851,0.0016927654023817878,9.823799818339698e-05,0.5875163603309378,0.39201958357808203,7.531890079399505e-05,0.0012978411861655009,0.001319144543019461,0.00024665783103245076,0.0012176864446947402,0.0022731125172447946,0.004968192927347577,0.5034261407762878,0.5466427140989965,0.5407172504669869,0.6154929607051123
2.6555031640291768e-06,0.00014128562638063613,0.000140621146642187,0.4485549003062044,0.0008332213595954422,0.9028678836279284,0.00011339550347283945,0.00018838790623734258,9.433622630473682e-05,0.0010232498297746218,0.0006451576038628355,5.94788799700754e-05,0.00011877835647004702,7.149569218551376e-05,0.7044911188619685,0.0011888275267457218,0.9997185311975851,0.5000607658604077,0.988036111618094,0.5098269793219168,0.4208866923642623,0.4420938561110956
3.53178790384249e-05,0.5765624128214158,0.005270030074420631,0.5802849419672084,0.00180528524797877,0.01098020974201517,0.001324650264568082,0.579013018291865,0.0005182620561276777,1.2658431125633206e-05,8.01937524733511e-06,0.00032832963188318936,0.3909256537899153,0.0010267709642177237,0.0085113128802198,0.001417792625913786,0.5045015420835133,0.005848461292279895,0.9999610037425077,0.5161746035577142,0.5440179248475988,0.5518940536658907
0.0008469949606774124,2.420904998335693e-05,1.9240126960995694e-05,5.236865827699229e-05,2.405139582874952e-06,0.5771126441977619,0.5785392156597537,0.00526655674857871,0.0013834798491587092,0.5774817760727664,0.38965958402115697,0.0010706810376830225,0.0040758433250218384,0.49979569575639554,0.9990708549730484,0.0018266839631794962,0.03995182362612895,0.014526547543800505,0.018442210063812022,0.5288238109450855,0.43757771964253556,0.4814408061962976
0.5636087396933043,0.5753825204408485,0.0003948411483894894,0.00044927652385624693,8.311013302213493e-05,0.0021450595959358726,0.003639946372476043,0.5618572698464221,0.0019239254363768714,7.651603904999244e-05,4.825018466825129e-05,0.0012462438211565232,0.3757393565403422,0.0028556033364401205,0.0016414478946855104,6.441387043563084e-05,0.00035004107445564536,0.0003045011411528978,0.49881644209431586,0.4911671845754383,0.5276906445589825,0.4066261822459453
0.5745662426642733,0.5685661367514026,2.310479405782281e-05,0.5694415800010821,9.375680855042282e-05,0.0001889940924463361,0.00013372534132534333,0.00029346358781987995,0.00010844975086288053,2.424896338627592e-05,1.538478993832378e-05,6.883765795527054e-05,0.00018618839967587904,8.527237112026239e-05,0.00012089083561103394,6.026354641344068e-05,0.3916518387553045,1.8040640436726638e-05,0.49665630973638064,0.4784404347529196,0.4604028942758668,0.5372141154042397
0.006024417447926489,0.5792009068604151,0.0010503413916547039,0.00021601409796338618,0.578025527525514,0.0017570053196269938,0.00044923541143504384,0.5762374169259697,0.002333586897784022,0.0001722835080125037,0.00010958695488139585,0.001484360966560072,0.39058353310045724,0.0003494922157183481,0.0013669010471613618,0.4993358286239271,0.00023926310268435058,0.0011543993988433199,0.9933786202739461,0.5054001187648542,0.5282933766711768,0.49667493879889135
7.2710888664972426e-09,9.053530944669526e-07,8.618496716994918e-08,7.043403624108202e-10,4.603223540603851e-09,4.382738643828777e-05,0.9038530332095038,0.4498422765478378,0.00012763011587094416,0.0027467274088580225,0.0017319765888629854,8.047865067707187e-05,0.293991891427714,0.9999691239576028,0.9867905824652567,0.0032642797077002406,0.000496840784278833,0.06072487650789539,0.9948873417121776,0.47795220453770587,0.41807745338601193,0.4508686388757837
0.004724729394394805,0.5838676039167799,0.0007383110478032791,0.5743416741317702,0.579662986774199,0.0007585448476987026,0.003202523319136361,0.0007543101409711562,7.570061683590203e-05,0.00043938833738048583,0.00027476914574566316,4.7467718028559744e-05,0.00047170384803202093,0.002012837192740008,0.000478244146151757,0.3914447022377336,0.49575829403604876,0.0007980926762754942,0.9947906264932856,0.5277906211173071,0.4089580438246649,0.40529345647571025
1.9108155284848115e-05,0.0006503393922754224,0.9030503338748839,0.00011980726381137264,0.44262872646899226,0.0005744370841818783,0.0003146430107196644,0.0006584923111655458,0.0002069519236561482,0.00016060376588451766,0.00010166489445453845,0.00013053790216435279,0.00041683683106018363,0.00019917445652108346,0.000363628671274245,0.2901309088828234,8.511761374098772e-05,0.9995413336992629,0.9813003115288687,0.42798562997297224,0.5224212810602116,0.5016868972640682
0.00048511958319968494,0.8813323347364636,0.0012408187454998152,0.006206381344487915,0.0033153907149144467,0.4374291655487058,0.0009689405032932314,5.8240453372888925e-05,0.0004987685741892806,0.0005453418967653676,0.00034400738135023905,0.00032553162728283787,3.673866042236564e-05,0.0006317612440893989,0.28933467537266566,0.0023768632125922944,0.004472798341633044,0.0008851778276377691,0.9996350747929459,0.5493308466898138,0.43616881121037926,0.551974551020657
0.5640534341269435,0.0027468449121653095,0.5816556804213111,0.004667028436538837,0.0004262347586170481,0.5920156185387061,0.0016442829249698465,0.0011342313617600907,0.00020076236881916369,5.1800139664183077e-05,3.280648089866702e-05,0.00012714843124264435,0.0007183406921345004,0.0010413710125855308,0.4009215109069716,0.00033840204368375563,0.0036857984643658137,0.511395684754242,0.0031151385489924543,0.5451900339878977,0.5543860527665373,0.48594529064059144
0.5889399526643756,0.0058345459341588735,0.0016965083065710832,0.003908802484874475,0.0046354776912788265,0.001105771322405926,0.0005267338568011574,0.5658877833002621,0.596737303405306,0.0032889825607879224,0.002070250489194284,0.40154426835996593,0.4872672313565315,0.0005693298343417866,0.0011951946884630395,0.005076070449142387,0.004257884549350999,0.0018431168566276166,0.0063370680045961025,0.5073780817777422,0.39645469224337154,0.4751796968156615
9.986713160584178e-06,0.4470278141515598,0.0007346058101250665,0.005079425936759713,0.0011095785610674054,7.744619848052587e-05,2.792698394038925e-05,0.0001894022365159722,0.0028291614369099576,0.9045362191594052,0.7077702936293366,0.004028766881492507,0.0002697151416557169,3.9768941332283514e-05,0.00011028599331257749,0.001600786810403441,0.007289638482309341,0.0010514932509815091,0.9999857779345835,0.47559023497576985,0.49322708174337093,0.5913423113466082
0.0019875936599196868,0.0016119163920871743,0.4436874795519451,2.2774265577567566e-05,0.88449867012779,0.00043491560236096733,0.0005595963735113526,0.00024837203739355555,1.2161385546741926e-05,9.74398360875456e-06,6.197489950680255e-06,7.735035638117516e-06,0.0001579726817790006,0.00035592128139933486,0.0002766205048136706,0.7060264356983286,3.276427141962266e-05,0.9963398516536507,0.43529359748505836,0.47671932797947114,0.487070526254535,0.4853635703929849
1.4217477045919424e-05,5.238782152105082e-07,3.452883344615165e-06,1.7491646860718847e-08,0.4417888074036242,2.072848069969614e-05,3.7550409083592025e-05,4.844245585533401e-05,3.3293347865887484e-05,0.8971334839920588,0.705393898863775,4.735525141938616e-05,6.890279482246633e-05,5.3410310656207835e-05,2.948344047777195e-05,0.9999791709671038,0.0007663245677036468,0.15232015966707335,0.02344752274717047,0.4790896569836088,0.5417651183219169,0.4799326942905294
1.0109560415565326e-05,0.002213221252655472,0.5854136375193518,8.907508620103184e-05,0.0035040676776807154,0.0001393393980275741,0.5887149068632609,0.5894946206817058,0.0019092956236672915,0.0002454844809975611,0.00015322279170817572,0.001191715926365917,0.39230419975070085,0.5001700404828389,0.00015075831721796714,0.0038409371736063316,9.712494738981729e-05,0.9975938618508107,0.9971060051557543,0.5934520361001704,0.5835293471793475,0.5651464896592218
0.004262808367803532,0.581405899556554,0.0011200333312561788,0.005060720110498156,0.5828726582336953,0.5846537632229,0.0016357727422085554,0.0002515313259507197,3.6369681276679775e-05,0.0005084648161845082,0.0003168705308168297,2.278901788701969e-05,0.00015675196660899521,0.0010315101713837447,0.3915645207674434,0.5005891597652469,0.005558691595851403,0.0012222608868468479,0.9952799105451546,0.4660058353040436,0.42844420113967596,0.6235845802346707
0.024624698659558446,0.6212391668596888,0.34320499223317613,0.008247495674603228,0.005585302247221104,0.010557169113145824,0.0072301134897935155,0.02317117922699836,2.135927598023716e-06,0.004058441772987206,0.0025547789033470514,1.468036383862198e-06,0.01457348552430188,0.005154018780960545,0.006988741376912411,0.004187563341672487,0.005661367989075269,0.3491941056890286,0.971345166117208,0.5464428815019415,0.5419131860664984,0.40847448156464955
0.0023231075400944145,0.0019627465525625006,0.00015726943591187498,0.5685386332126324,0.5764914625171095,6.103263136491645e-06,3.4015183710173314e-05,0.000519514778280732,0.0012604365679780413,0.574992476734566,0.3860681722372554,0.0009841549075594036,0.00039897052218620374,2.7001589333789907e-05,4.725528058040565e-06,0.5027267841041868,0.9966005721378274,0.032655911093149304,0.4494903235900445,0.4702941507966694,0.5670871791890102,0.558986636679191
0.002443393430655728,0.5692842817436082,0.5848708037908177,0.5738436350898212,9.362738158472159e-05,0.0004038115563563645,5.515435639430583e-05,0.00223358094850951,0.00010835030190787369,3.116031597703353e-05,1.9796928665103365e-05,6.883765795527054e-05,0.001419051065846793,3.5041009674045614e-05,0.0002565522352304694,6.026354641344068e-05,0.3916518387553045,0.5102107516092715,0.9972676509155481,0.4809009331831205,0.4604028942758668,0.5102575371281759
1.585274206675126e-08,4.004369946871e-08,1.5903933111815797e-09,0.00010580397372144115,4.750233569630262e-08,1.155760967767003e-07,0.0026346035959936855,1.611950919256525e-06,0.9490452874378855,0.47402885323723526,0.2944919465127482,0.9982251381880995,0.0003872226106628636,0.9741451192407165,0.0006894149843298392,0.0002847309062382619,0.9997456925267139,0.0236805812600195,0.7590221545297924,0.49308992914404176,0.4233341683510896,0.26274611222395566
