obj_0,obj_1,obj_2,obj_3,obj_4,obj_5,obj_6,obj_7,obj_8,obj_9,var_0,var_1,var_2,var_3,var_4,var_5,var_6,var_7,var_8,var_9,var_10,var_11
8.23501150953585e-08,8.430664072912906e-10,2.133267824255564e-06,0.0005856545988423727,0.0005360057406368764,2.2335845883668518e-06,0.45576726990316296,0.0007936935977684424,0.9099483531243912,7.932652807051069e-05,4.9622091750931106e-05,0.7043882563159265,0.0011098220173142194,0.9988910523097507,0.001791053646102804,0.47183709179753663,0.9976793718642926,0.9754356301776187,0.006517229433989949,0.46292152950104787,0.4040312946676962,0.5844033828529454
0.001839358197960912,0.5776952749436525,0.0001441903010821914,0.00014534826000527326,4.944211797538005e-05,0.5779166794553576,0.5728567515199011,4.895746337512764e-05,0.001770003256290904,0.0002541949301879536,0.00016135618286787392,0.00112355161161981,3.113696403395758e-05,0.38704087863419157,0.5047860366206873,5.448486968178892e-05,0.00016017221033580589,0.0001588936369551928,0.9979730774088955,0.4521773124025396,0.48874662668333685,0.4777501313095128
8.86959607882384e-08,1.961860580766431e-05,0.0056022719730845815,0.00010419359013071785,2.586207438414161e-05,0.4403319264169069,0.889189044284534,7.592060930500661e-05,0.0016446479891578732,0.00019948590787098334,0.00012690572877576916,0.0010460159515245982,4.837971595425057e-05,0.7053818992705116,0.9920174287579753,0.002953232585428851,0.01191533905189427,0.9977705746130754,0.9971219034691468,0.4872531666087556,0.5250510416722007,0.5128866418712417
4.785359954245632e-05,4.432212833026446e-05,0.003551257033799421,0.576497540598928,0.00019641336576717235,0.0006275351443831536,0.5788468145456499,0.0016159635959549674,0.5778477404912757,0.0017104167982127663,0.001085505778610013,0.39081715199972933,0.001257071556716258,0.5036013034816779,0.0007032160158819169,0.00021798779983235743,0.9960778597855475,0.9884449032579373,0.4674476596331387,0.53628395348208,0.5135099872242139,0.5401823393074381
5.02169522788978e-07,3.134780794013338e-05,0.00024632414827437723,5.917314335534263e-07,4.267503343967627e-06,1.8185908989766606e-06,6.167423210107737e-07,0.4482612382861827,0.898033653930655,9.167692471378522e-05,5.814851328074061e-05,0.705261381807686,0.9996472851094604,0.0015809182668605004,0.004661712157373678,0.010939902415945472,0.0015170761524505433,0.9194051751878716,0.9898026775589112,0.45216527585959543,0.4625736095771051,0.502367596039857
0.0005858972104374622,0.006067318349068119,0.6125104801653117,0.0016225993816070651,0.0011940308490711589,0.00021903660441426184,0.001159729526133148,0.6117240666971414,0.006315448927915454,0.6108006731113697,0.39116402678703666,0.004644239175299991,0.4995729797838603,0.0012053104257791236,0.00022764568639191288,0.0012409622431001886,0.0016863797741011877,0.9936647382564274,0.938714143361275,0.4413837850563446,0.26850799359579336,0.45026781375709063
0.004719985209279118,0.0038360806808994084,0.9046047934413137,0.00046705344565446384,0.45022403335669886,0.00023617275431913798,0.0014689055906878191,0.0008025467872259731,0.0001217089064926288,0.00010833539076373424,7.228545688312755e-05,7.652804307503656e-05,0.0005055973745390053,0.0009377011292574673,0.0001540377227654754,0.296644927484101,0.0003348534425964325,0.9956994558266558,0.4381611375625592,0.5377483905572265,0.5938435957070273,0.45266345777787664
0.0009499068936222255,0.5881597926515123,0.0023169022218471713,0.001419490150595353,0.005773888501167748,0.5842446986611676,0.0006323307218057469,0.0006414873894061597,0.5855489206995009,0.0005286023901346224,0.0003299328668733938,0.38928766763426137,0.0004899465471228982,0.00048553380882311104,0.5025277787811284,0.006280986871594119,0.0015463543877048274,0.0025077456540452603,0.9989718463903323,0.4214712060307614,0.38257384165760333,0.5023671095106795
0.0023893715479794556,0.0026100232862026813,0.00024011273080379645,0.5972849093126864,0.0007561682014147528,0.5980782634531234,0.5987970966029762,0.00037016444046698773,0.00019024241972115177,0.00011444623463767574,7.033606924976841e-05,0.00011691869269250896,0.00022749470876048142,0.3923834892479615,0.5004166532314565,0.0008059518612827054,0.9962197889012632,0.04313254142501913,0.5280794295544802,0.6187111765635186,0.36662396104641537,0.5631220506689107
0.0,0.0,0.0,0.0,0.0,0.0,0.0,0.0,1.0,0.0,0.0,1.0,0.000364554353406505,0.08776958892663524,0.4460514769464954,0.9236004827079451,0.9853381398384871,0.017209725722129143,0.47568746223089514,0.2970937189122716,0.6330524261705449,0.3979547886736694
0.006440933729667812,0.0029581301238376084,0.0017212220143823966,8.167006956136883e-05,0.9013208723400029,0.0018688440254630233,0.44678347789018064,0.00036638233941721157,4.5207822918963376e-05,0.0010591113635923213,0.0006765090119053361,2.8407946482095052e-05,0.00023067245938567633,0.29553357956353454,0.0013520237951546617,0.9948742412571179,0.007174411594289443,0.15166471182985644,0.274092995165871,0.3990653584447066,0.5101870578628391,0.44690296579016014
0.001322825671577725,0.13339127444058627,0.107466857745725,0.13828447592791765,0.0038474654390497427,0.010135024615408517,0.0031227717898504917,0.0022953838750054433,0.0028315192317997675,0.047041509895961835,0.036718836244742495,0.0017405016099935912,0.002091873408849346,0.002386174315756995,0.007138486918641438,0.003866362280544173,0.16524135203276072,0.22967793185515184,0.995534635001166,0.33092839211003955,0.5955220515203663,0.5561630831740972
0.0002203439115197191,5.808150997497039e-06,0.00022617972094451295,0.0003049242503928249,0.9985203229391634,4.740207469477174e-05,0.0001553457960166937,0.00043797916020856204,3.26683708671862e-05,4.902562519460295e-05,3.110012191618212e-05,2.072365856989336e-05,0.0002783751189365512,9.926403167953264e-05,3.051478104754485e-05,0.9997215188606328,0.48883417588008493,0.5082135086021501,0.01635024276160807,0.4958726727760183,0.5022754414240512,0.5594371262162667
1.3815615347062316e-05,0.0006654650330516234,0.8984902855029777,0.4437877223114889,0.002305047328775281,0.001311251347290068,0.0007426641226874892,3.185941292779225e-05,0.0017369472561091588,0.00016820575283487397,0.00010675045169391715,0.0011020768184770032,2.0253558139838923e-05,0.0004746467751535654,0.0008442613268903176,0.0014699063560114334,0.29370075497588943,0.9995283805887365,0.986785363403261,0.5497835662825008,0.5253933193639697,0.5152651817206105
0.0009818820608980387,0.6024452032296475,0.0013261025103897934,0.5916578631212323,0.0031919514400900904,0.0046283642979173265,0.0031215453547450657,0.5878917077635369,0.004602865567952532,0.0005331850481483044,0.00032989478579315023,0.002847916603055445,0.3871774115605465,0.0023533840278829044,0.003489432807640608,0.002406517168643019,0.49424783939109096,0.0014013234548388256,0.998962420188142,0.5380769648004958,0.6655642809499557,0.4921841397334849
5.064775398448035e-05,0.0008305260845981975,0.5803282327360529,0.0011167428147772283,0.0028939062955368896,0.0019250708122154788,0.0013277856073768085,1.0287640165217623e-05,0.5759829882785185,0.5768756083279534,0.391161548714834,0.4976119458848131,1.1307482936720459e-05,0.001467212506366146,0.002143018951984345,0.0031743526317506666,0.0012329943724123326,0.9990872096892343,0.9612257098569326,0.4919038140188892,0.48799690250199795,0.4788570971401077
1.9578021515714955e-05,0.012122440394407689,4.8255676891536614e-05,0.00019439689554174978,0.5849059614951234,0.5852955711581765,0.0006311486297639534,0.0014456757876218536,0.5896921912987924,0.0005266300721526206,0.0003299328668733938,0.3941426089998509,0.0011133272117117346,0.00048553380882311104,0.5001437380692173,0.9868058329314877,0.010207937446585214,0.0025341691825891974,0.9989718463903323,0.4523241966236726,0.38287198510935966,0.48720742240535647
0.00041890243115974313,0.002509578545187656,0.5772649637344106,0.0049349243755146014,0.0001865148559798816,7.073058795518743e-05,3.864788340561463e-05,0.5741805159134774,0.5765775690672185,0.0002682072387465102,0.00018499013295624676,0.3892293504103559,0.49313216573050717,4.2493452810820525e-05,8.00036420056478e-05,0.00020408616260907705,0.005444171173780155,0.9972129179306917,0.8959263910581606,0.49353841814029087,0.5286027951234861,0.43995458570390156
0.0006143622040377741,2.0596576284705624e-06,0.5734315029446476,0.5794152395225304,0.5849527700476099,0.003207369620379579,0.0005300167965138357,0.0015698439011824798,0.001035683057870385,0.0029914305478183777,0.001952493653901657,0.0006538940846069689,0.0009930585639773507,0.0003397384225021844,0.0020846682052279575,0.39628138240977306,0.50641454252453,0.9993179485470056,0.0021343513210755026,0.4396647147966006,0.5681521029564385,0.506558105854428
0.58688200880376,0.0038963392770036804,0.589155991757388,0.00041837428042842967,2.0794196625516004e-05,0.578234060325416,0.0011548393142083193,6.3145647600582e-05,0.005073390857132003,9.477521707583636e-05,5.956837090340885e-05,0.003188754425764584,3.973144586392281e-05,0.0007258519266812233,0.38680119619261466,1.591880015189108e-05,0.00032028250397706903,0.5012242959436367,0.004226493421824906,0.5215264891505375,0.4275337778732723,0.5846642687131948
0.007207236629817091,0.4514864120131491,0.00011175641179647353,4.64995303396115e-06,9.722282100975784e-06,4.318536701004872e-05,0.00045196419000647476,1.1931299275371607e-05,0.9000182130191464,0.00021218689533053592,0.00014235870978594625,0.7039783248046684,1.685498064487017e-05,0.0006469651245429389,6.359565962037547e-05,1.3776902573752457e-05,6.643392656325765e-06,0.00015755452468032205,0.9898391146666702,0.41719545271307396,0.4915796971209172,0.5003383634315572
0.5862202779572567,0.007801516928984096,0.009227151697582175,0.005176489679860196,0.0002849615169623859,0.5653773698992508,4.094923358487376e-06,4.379145371646134e-05,0.0002056304422277315,0.5731492951415891,0.38854052277687745,0.0001584539711416437,3.380978955116892e-05,3.2035767323209882e-06,0.49765839073030654,0.00031096193403943456,0.005656698661208869,0.010018779509827205,0.008471875753814515,0.4126206278202362,0.48677961692765914,0.4810054169229333
0.0006638000221331761,0.5778593175307042,0.0001402064847577889,5.072209243773581e-05,5.244818348097611e-05,0.5709334605275939,0.0024864139383263015,0.0006852462242535319,0.0014759187734540002,0.5852031161416251,0.3976422131732559,0.0011481343406820953,0.000534090966846566,0.0019483065166136634,0.5009084957840704,5.8074046419560266e-05,5.624078930046195e-05,0.0001544611468856506,0.9992687171283255,0.43787008503865416,0.49798963322280376,0.5706411387035785
0.0012824213003304454,5.237277009416082e-05,1.048642281274732e-06,0.44799164757223964,0.00039482188628799125,0.0006624683086853727,0.00012655058303432312,0.894728328272497,0.0020025806977035754,0.0023613675369664037,0.0015010735957141086,0.001273003264252187,0.7047468941030877,0.00017983411537484642,0.0009413978766747225,0.0005610602438540857,0.99817609831912,0.000520134042300346,0.025984487889442215,0.4751570987679213,0.49054118681822956,0.5278030480562964
0.002701250830603878,0.8986195415241638,0.0036167651395809563,0.005227642163820792,0.0006496387326570063,0.004873133472186094,5.049511185867609e-05,0.4459324561496999,0.007977689705480196,5.983038012216868e-06,4.027439719103882e-06,0.005060639638871505,0.29374115116893273,3.631870761683207e-05,0.0036058324589385853,0.0004625581486205966,0.0037528469766052656,0.0025621148033976304,0.9980864840770759,0.44841165736392313,0.5174470397793668,0.524990339492055
0.006431517061786352,0.5823754590059242,0.5782899559163758,0.005121163589411863,0.0035519374563804233,0.0018650452871926588,0.0017957250004439487,6.447342762770392e-05,0.581878445076107,0.0006936912174703354,0.00043893719269612016,0.3926039462857645,5.0007843770689024e-05,0.0013928281837533826,0.0014465990168900046,0.002755029140342058,0.003972236201462032,0.4977397201254069,0.9929697166609859,0.5202574833626264,0.4504227603680385,0.44309419134162
0.00169954043727625,0.0016488544875689348,6.962761210430447e-05,0.5789331468478663,0.5909595727844423,0.581274389378902,0.00316457051456182,7.917158168209245e-06,0.0016729332825741005,0.0001213898980007879,7.605902225471658e-05,0.0010482068933546735,4.965953349390277e-06,0.00198282420341085,0.3943226835406449,0.5065426544683671,0.9973950129562403,0.01871375238774985,0.4903702758453434,0.5254587270592298,0.39129623944278885,0.4401837727183721
4.549936008047076e-06,2.0826172692555412e-08,3.905515207699738e-07,4.2964967755936485e-09,1.5664064311559412e-05,0.002770312322630187,0.5861474316638363,0.5737225967333536,0.0013763640735374016,0.5844907500898329,0.39275797282280744,0.0010633303591122921,0.49148113789252446,0.9969687709814513,0.9962879689965202,0.8202700663239311,0.0006028297841525678,0.054511314651280285,0.002913994411318177,0.5529768776355256,0.5412839102064676,0.42405605256545276
0.004066017018200619,0.4548738096523142,0.0001739196554320233,0.0007936172802056664,0.0010478704742687135,0.0003697008510543525,0.8896068296112611,0.0026387796918664183,8.362880120692967e-05,0.000490865767866709,0.0003141159728985886,5.2647324737822745e-05,0.0016644088717498455,0.7029840561847793,0.0005326596903883398,0.0014739479950656932,0.0011178603971011987,0.0002433971971927887,0.9943096656307926,0.436905631545036,0.5847749094284732,0.5094574733379732
0.0004845000241551737,0.0009388959517475389,0.8895362629587547,0.0020711642213730483,0.0009867048252486155,7.272486685846854e-06,4.38441832764891e-06,2.4532100016979204e-05,0.4483380822536568,8.707854623226308e-05,5.9692831167786693e-05,0.2926065710687451,1.727571347873475e-05,3.1285770906842956e-06,5.417783009400088e-06,0.0007045380312902983,0.0014828474827017447,0.9992402752493532,0.6981495137870258,0.5160558457871764,0.5835969270967121,0.5583661917974992
0.003375687434374583,0.584936095446923,0.003405105387629138,0.5880045698189629,0.0005447787538077754,0.001920703073306799,0.0012247469353619317,0.0027729091143821,0.5868437708578267,0.0005688966299578624,0.0003824316949867729,0.3856616380038596,0.002087677855001137,0.0009343536536936814,0.0015074280516932357,0.00041588209634020167,0.4998959899143208,0.0036390714712531257,0.9964138410333663,0.5166810608612257,0.5103737375981383,0.3261616241359413
6.262675402778379e-06,0.0008005187471943141,2.0281259674970163e-08,1.485275770657776e-08,0.003884133095374265,0.579107296247635,0.0004448449202295558,0.5795895978397104,0.5811513237518462,8.478599587729829e-05,5.3714906501648113e-05,0.3925950162778485,0.5005979275026096,0.0004890119234674017,0.9956404465358578,0.870600743954179,1.1811424044997493e-05,1.612836115322258e-05,0.995019657919276,0.5011569220059959,0.4316509752831598,0.48599935881882467
0.452277775780896,0.0006965494395062746,0.002260046621402396,0.0007245806076153237,0.0001782030706100739,0.001984039623073424,6.27901617139315e-05,0.0013849704656362996,0.9031329282649675,0.002485570345325299,0.0017049356902524362,0.7044713999171108,0.001953533144283506,8.974463074714256e-05,0.002917261524107858,0.000253478365407493,0.001039096533285544,0.0032398905544307466,0.0010044441683177909,0.5598034026034064,0.5794274448241379,0.4882276544684841
0.558777604402787,0.00025779678214359975,0.5987576273994701,0.5907060807347889,0.0017617133814965442,0.0005887211119598156,0.003542511628680659,0.006777669367975744,0.0006579226657320202,6.811484625266306e-05,4.2941512984651015e-05,0.000414772964916368,0.004272866204289766,0.0022333542315459563,0.0003711570752059001,0.0011106664573957714,0.3977943963284591,0.5219793917705815,0.0002937099050282499,0.445444134502907,0.5794154995757184,0.4768004940392094
0.00012170063466810055,5.589370115435484e-05,2.298713693872583e-07,0.9975609735222781,0.0004540073198451135,0.000293466879204617,8.69106805087544e-17,0.00036444370595675355,8.239563299530933e-05,0.0010668887325280916,0.0006765090119053361,5.224669415770765e-05,0.00023153840168854928,5.551115123125783e-17,0.00018883341289636305,0.0002893349238081899,0.9999150837078155,0.0010927278756250665,0.274092995165871,0.43775287442724264,0.4907737377287998,0.4953356485463021
0.009296958616578165,0.012429712402897225,0.578708326395112,0.5788688417436736,0.00232427798641566,4.369891480404933e-05,5.4307079832519915e-05,0.5768784981054378,0.001986292025299481,0.00022787736395128084,0.00014480042117783224,0.001262153073204507,0.3911007407226762,4.223007770386058e-05,3.398099469581673e-05,0.001807398365887156,0.49997371200269675,0.9829288558037582,0.591165780705455,0.5122328489447698,0.49325954650113135,0.4590708904790819
7.87833457182537e-09,8.856699357929859e-07,1.8574877994768066e-08,1.5230602890961499e-05,0.4420926790405893,8.809025873331557e-05,0.0010604677895429632,0.0004856356169685388,8.083548837428672e-06,0.8844995242413164,0.7078005404470384,1.158246859879605e-05,0.0006971584932406111,0.0015426071043620018,0.00012993315776020913,0.9999780007021257,0.9632497996803082,0.01334899094394354,0.9943373182246109,0.4539686802208367,0.4745730617229497,0.5113301296881911
0.0004091018573598663,0.00042354725985177793,1.4832340571560809e-05,0.8895004357594553,0.0003505349328798949,0.00010048945951629475,7.388555184893713e-05,0.0028912533427068454,0.4462442700728104,0.002678990751328288,0.0017331553911155984,0.2943887032485241,0.0020600284069178833,5.3343849623510185e-05,7.35662729557028e-05,0.0002505326010626359,0.9995811345448034,0.01603190243817043,0.5110500495040069,0.5149755340406863,0.49266234044822094,0.5023203595804546
0.5909146582490321,0.007880701276834323,0.5952442370092446,0.0022443460313094532,0.0019059264949422981,0.0026666037337852617,0.5850807245091514,0.0001951636732611065,0.0003346019751601596,0.004136613511900329,0.0025750105046048275,0.00020828832874791032,0.00012148857463741567,0.3877423527320243,0.0020238789457296957,0.0014465519457503362,0.001703409123326507,0.5022954007111964,0.008489741744486768,0.36380896864611195,0.4680539263649788,0.555938167404298
7.661829331299461e-05,1.1711779200429235e-06,0.9951466625150786,0.0023539101208088433,0.00036088218805982404,0.0014040615046404692,0.00012656021897050734,4.538649745787297e-05,0.0003988935617771752,8.585392197336329e-05,5.869794316612132e-05,0.000250603587148438,2.8568914702777797e-05,8.072341558147309e-05,0.0009212875982490259,0.00022907225596888495,0.0015064010322929913,0.9999518677244928,0.009968604539793924,0.42944824163517364,0.571500726114287,0.556908887902283
1.8182100625219983e-06,0.0001245529565805775,0.00012321215088032127,3.7800626015727175e-07,0.8968960275103475,0.0019153455537069518,0.0003934097342190127,0.4476848081599903,0.0018222577183279306,0.00024348689305264196,0.0001546009711509094,0.0011570354775327463,0.29500542173171745,0.0002792430003742963,0.0013595171633771596,0.9998756361640749,0.0013734833341054,0.49652098322912747,0.990707366526123,0.4603401500111292,0.5097702486327718,0.5311144405495264
2.053423546402498e-06,0.000580848479210024,7.125971959692824e-06,0.0005451025435973194,3.056575344880824e-06,0.9980976461855304,0.00016632213744486007,1.9999329614088757e-06,0.0004973759946178914,9.846875578719653e-05,6.189274449129242e-05,0.0003126267458054753,1.2584075466370939e-06,0.00010454213215072326,0.9994992909144947,0.002442708894139457,0.47976873514342294,0.007809590199487333,0.997749466946547,0.43702021436258964,0.4305889190482287,0.43635286756019087
0.5809173193097846,0.0003749270240970978,0.0013172289885288783,0.0027368445989509995,0.0018808963792336778,0.0008106571839896275,0.576541782482091,0.5802701015083003,0.0016974384312091082,0.0004013860301909564,0.00025743235411305196,0.0010709926619592428,0.3909377977164743,0.5024280103604469,0.0009146035506587551,0.002071744854972968,0.0030187392121670343,0.0014435451081462047,0.00041088615990909623,0.44822807319307856,0.4502103566080057,0.5619134868235008
7.281887833009827e-07,1.952011872694271e-05,0.0010220385148509172,0.4509966010042289,0.00017420466500592008,0.9008856524300934,0.0006077489704236129,0.0004405121230858902,0.00012078567177846909,0.00047583693321722446,0.00030068129963062437,7.632445701327912e-05,0.0002786575076785989,0.00038403658614989537,0.7045192027821129,0.0002459039266529432,0.9985570448641943,0.9878340946718569,0.9762622347132086,0.4309545062893069,0.4499550564760059,0.5140581960331443
0.01206219597628264,0.00012272904406490203,0.5800193589834298,0.5762386934347068,0.001598337069749711,0.01163903141980178,0.0006820242994994215,4.739438626834889e-05,0.0006698848912865826,0.5772262474623437,0.3912958133505585,0.000521496028808398,3.696713792476691e-05,0.0005348158022617104,0.009195109903976345,0.0012506886314609484,0.49785524844722917,0.9867619334444407,0.006312328664268119,0.5259797030014042,0.5166883463344084,0.5034976295237565
0.45950738934034785,0.006495624028287021,0.002035258376011225,0.0017853413729136132,0.9032101941995431,0.0018489543601183662,0.001120798786030191,0.0035372470662592007,0.00018159433636054278,0.0016147420173879662,0.0010860195861130204,0.0001122290277309184,0.0021903094867558063,0.0007032394715097146,0.0012111800859107096,0.6996737302911284,0.0024732152622014072,0.0027952928128119883,0.009048460880672776,0.345074535750194,0.47928287353862464,0.5752814486661001
9.529872941221831e-07,1.628403955557181e-05,2.8559609216109505e-08,0.006444844942203185,0.0004161300546650527,0.5819898687867611,0.0008756250719775874,0.000666820852487356,0.5735860824406778,0.5844916714428247,0.39527738311044613,0.49535017699070083,0.0007293675731466747,0.0009577580720521355,0.992935781253568,0.04104808560660224,0.9983887164352686,0.0011146213328690376,0.9627856865232565,0.46251710847456906,0.48667928458779397,0.55567716975279
0.5656271121156737,0.566452193082284,0.005229534973162633,0.0030015994548206067,0.0003013248187924958,0.0002894041746868452,0.003271777290580847,0.0021751442128627144,0.5769465074242685,0.001999101680807243,0.0013750445596120763,0.38828780920262934,0.001680443902334231,0.002561265718366591,0.0002365250952235387,0.0002373567986130235,0.0023575982534700395,0.004171712835356042,0.5082697737582941,0.4946487438820094,0.4465773984432078,0.434015892855166
0.0021144112516546134,0.5876113889463298,0.0018902585126859145,0.0027636472220407067,0.005275856864128882,0.5763903701882664,0.0007619873789333761,0.5867275204840842,0.007212186331228998,0.00019806247791833193,0.00012405680173219324,0.00451740430118957,0.39264052020304807,0.0005893433513274315,0.4985155845194324,0.005744539530686197,0.0030134283375210114,0.0020478616536790516,0.9977092902871287,0.4100570574749012,0.4488259730190423,0.5753968948733312
0.010446907984638426,6.90555818952668e-05,0.00030146287843621803,2.4874841013041343e-05,0.5793234835308179,0.5752798047534915,0.5799433500915917,0.005894418614913039,0.0030587546360807704,0.002709321307966981,0.001722179047656347,0.0019443039737567502,0.003750843337215013,0.3931713263803761,0.49771878209551246,0.9885160626699707,0.001515172034277615,0.018365243118714535,0.004208092738296469,0.4610751878702022,0.5007391434795906,0.5034320454447923
0.0008911130698777519,0.5894398162377904,0.0041734720920956715,0.0013513563008353002,0.0010303229972036996,5.8631682294439985e-06,0.5738837721858433,5.911146244344157e-05,0.005153990810239323,0.5767632580101463,0.3881983006045143,0.003974227189776484,4.566929854574436e-05,0.4937956483527717,6.425924018414091e-06,0.0011183946322343222,0.00146890943198953,0.004507380453886267,0.9990375776745308,0.4385741355398204,0.4469297870615313,0.5229631157373636
0.0021331578185398766,5.026507101374928e-05,0.576126960246811,0.0009432466303988941,0.5795355071852388,0.5761436945896973,7.682854506147294e-05,0.0016516339051017553,0.00010177982523070376,0.0010376015663038514,0.0006563131402612108,6.437871979238631e-05,0.001046724927000425,4.895040230767141e-05,0.39459397036913135,0.5034875977560043,0.001049026983430748,0.9976422257705246,0.01499859300173223,0.45108811898965695,0.563701031497325,0.5041499202245153
0.002059846435525776,0.0019226424098454148,0.4435028783266637,0.000234635240076971,0.8831752789323934,0.00023241388324983945,0.0007928635975382873,0.00931135254681544,5.363281222727678e-06,2.827041293175528e-05,1.9498045164102274e-05,3.3992690506980203e-06,0.0059126507449071275,0.0005101690159236795,0.0001561282746887216,0.7031371792298207,0.00033692608897149985,0.995943461715435,0.4798284018667449,0.4979724967065843,0.48670763751978374,0.4342063670295995
0.2877472045907912,0.36328548526965027,0.03643859810830112,0.32482315756546737,0.0205299899417351,0.0017359408717516206,0.011966845314372703,0.001820694805851167,0.00033361696038921847,0.004517058049104363,0.0034281007182156396,0.0002109055812435645,0.0016260491173909208,0.008564440837704019,0.0012406709277427872,0.020530241576281145,0.2483630990969466,0.03014959349564278,0.4804161919683311,0.4385037860438702,0.5086708526270869,0.4404297310673084
0.44938080632339855,0.0036977061403168534,1.1466453607412396e-05,0.0034101205825637537,0.001757354784547777,0.9023695527245722,0.004517346424602983,0.001763135199039095,0.0004191318162179116,0.00018005355395544313,0.00011370462188873588,0.00026468362060853476,0.0011134284128607387,0.0028527385897819074,0.7058338802104909,0.0024894054327965496,0.004830724857505908,1.624351523167849e-05,0.005238273824630324,0.487118845249833,0.43374766460892134,0.5595391750598151
0.5806739093108957,0.5806292899101572,0.0011093351137223682,0.002107893943722104,0.0030127190558161586,0.5786753861467202,0.011040992716889658,0.000164651035778535,9.008618813324629e-05,0.000217564860483921,0.00013786550712016014,5.708540521977626e-05,0.00010433531886863294,0.006996546913022189,0.39080072291209395,0.002335631677177449,0.0016341687598407316,0.0008600268175677384,0.49997553989970356,0.5317648760012106,0.4816288926243372,0.4425548053735461
0.0009284126435152608,4.8469420989026976e-06,0.5967882731086652,0.001420012394364771,0.00020124270264135858,0.580385946955832,0.0006367719488891551,0.00011011999991694767,0.5837889423746587,0.002698433225429659,0.0016814246300673823,0.38720128904409673,8.377270090525611e-05,0.0004834841971777505,0.49580002402036294,0.00021467754695447903,0.0015148077570660593,0.9990096103167272,0.0033236245017720933,0.461556992555939,0.3816209252892179,0.5786673113190798
0.0020872955895841075,9.890448084103103e-06,0.5865490303349669,0.5771765917869491,0.0001849529234805008,0.0009239953589157024,0.0001312664977831075,0.0003478718491519465,0.5764599141174239,0.0008803229995297136,0.0005577921572092092,0.38902045754008385,0.0002694093534001145,0.00010155065780087679,0.0007148233527795853,0.00014308368814418455,0.4948707643564131,0.997734509076606,0.0030165419530049364,0.563782879163823,0.48732862043418557,0.5224104782805574
0.00022311488601404935,2.8807999322928305e-06,0.9125086154851906,0.0021667136260551615,0.0007944740857340452,8.698474690318195e-05,0.4510554298873672,0.0029899159530867876,0.0004188031980971669,0.0004128791063273791,0.0002582269793795381,0.00026193210584929015,0.0018735976006139157,0.29226343056295256,6.158281092602936e-05,0.0005542809470716894,0.0015116481710196,0.9998443290633978,0.008219578168397024,0.6164970731750712,0.5095878198423894,0.43497800005182824
2.342644504763658e-10,1.4209158130482379e-08,3.762312165109728e-11,9.91937610587462e-06,6.433193555595579e-07,0.8841853921105871,0.0005296005839986657,0.0012627497165754017,0.00014946757245424232,0.4497766492169694,0.2958229530143486,0.00010605170392267435,0.0008969177703372876,0.0003757677762969377,0.9999929471382478,0.041230223689473065,0.9990879346137304,0.001685380416542169,0.9895052953056321,0.49041562122007426,0.5252557541011083,0.5541704308275336
0.0002419589056080655,0.5913895783392866,0.000783584358287709,0.5817362386570911,0.0017921008698612393,0.579358857073403,0.004137533667313421,0.001402038667913864,0.009264107792308974,0.00023263606893132518,0.00014636029293350243,0.005828487829126594,0.0008821136842201135,0.0026032003662572467,0.38811464464196993,0.001375299826470523,0.494761237789752,0.0008435132785571492,0.9997395357976239,0.4777598945167511,0.5105873386049157,0.6062294292990007
0.0002241179567093545,0.012080061970410687,0.0007887688968786768,0.575381422903763,0.015558982180252092,0.0007176539108857054,0.002639331611047763,0.5802133847227048,0.0014796283199503249,0.5739443947771404,0.3885565152721458,0.0011476340531493643,0.5010450662067011,0.0029209775355795997,0.0008001384229238787,0.017183136794944185,0.9866914191864227,0.04150151732599926,0.9881905332935406,0.5373459619228853,0.4935435926721417,0.5138394690608752
0.5631377009897356,0.5913158394551632,0.007758178999778775,0.0016964193945593496,0.00022473696742047206,0.0010346865461628488,0.00032834031562075386,0.0009526935073675508,0.008008028363097691,0.5835049239804511,0.39495991654562385,0.006242805145149494,0.0007427136437454567,0.0002559720912621724,0.0008066355289364784,0.00017520371030185257,0.0013225202638066722,0.006048338098420812,0.5155356611061334,0.5021966419921728,0.46469757279066515,0.5493460237899155
0.0021550310419253763,0.5778227112755502,0.003281147846522509,6.200119349710783e-05,0.0007547220911367774,0.00321192944557674,0.5711094173305272,0.5815631949627871,0.0002689176627808085,0.0012239525856286516,0.0007775034354120829,0.00017082729803348832,0.3950081851483256,0.49858582876704466,0.0035909742578449613,0.0008357113768839361,6.874991856474022e-05,0.003614909503107293,0.9976257328484697,0.4986768275367228,0.49026830672903493,0.45443569648704574
0.0028876876590056655,0.0038195722010414424,0.9009052480566567,0.0017750325470641461,0.00024838987712349467,9.371639582927571e-05,5.075650964054003e-05,0.0006170169501707408,7.57754804158956e-05,0.4457385207508263,0.2925629562599954,5.3547679736813095e-05,0.00043686360717652044,3.612892822855334e-05,6.720344840842741e-05,0.00017641199531584668,0.0012624188512142265,0.9966163747126218,0.5878925193737151,0.5152937528397323,0.5318235973842043,0.4373438998814405
0.00983851832059532,0.000493200561268265,0.44823240622216315,0.0009575141985967874,0.0001725091919018299,0.004447282044749356,0.00020720858053533268,0.9012025600321503,0.0020550997986968113,0.00040439447496673356,0.00025536943394298254,0.0012977676413038154,0.7065975411278711,0.0002963643805618441,0.006408154396626731,0.00024619738750966723,0.0013684200036929032,0.9860112009064392,0.03188732054287452,0.4528996520544062,0.42376485056592134,0.4900241966408664
3.681142400570733e-07,1.4499527428175506e-08,2.340553931734005e-05,0.0003263011058719067,0.5837524631858838,0.002135525894346376,9.058232567185871e-05,0.5827565211139784,0.0003203946646116112,0.5825859952629052,0.39119251983430525,0.00024704297803038557,0.5000692287326076,9.950511560902415e-05,0.002363308589643777,0.9996432339660632,0.9544085520161408,0.9899805261402712,0.025062597141851273,0.4873216486689147,0.5849790221043762,0.5557683882809646
0.003035297892440651,4.072572324816947e-05,4.305639998348865e-06,1.731477593021671e-05,0.5834350324918894,0.0013713770118627202,0.5821806084257901,0.581485509661953,0.00011748108639315003,0.0010517325311489216,0.0006617481581670579,7.391890847997116e-05,0.39063168251324176,0.5016210474315649,0.0015184623966540776,0.9966877481975231,0.0036312711477969294,0.0009029778208481942,0.008541235874831719,0.4328315712413474,0.4167170271137732,0.5186521816956612
0.00010966561414418951,1.3577628108226328e-06,7.149767263462975e-08,6.65277958963453e-06,2.535432740087034e-05,1.6744933521502014e-07,2.660747773131094e-06,0.9050365891445492,0.0017857493119152951,0.45231938179443915,0.2950547927218559,0.001256128039397628,0.9999206582093237,0.015018830006035266,0.0009453585630661565,0.1443758940714223,0.038569817215349855,0.0004150192182336397,0.007881545151608275,0.601809006375663,0.49412365073752207,0.46292300182647905
0.0023642851355693893,0.6123951372721028,0.5977755863402795,0.0006345863227174985,0.0016075263409850414,0.6174776431908701,0.0031047518138904813,0.0011207754707470302,0.003757847146914542,0.0001683423256631571,0.0001015533074297435,0.0022669439478001374,0.0006761175448336159,0.001872971925308703,0.39790710609228547,0.0011958386909176832,0.00047206930310845726,0.49230727348981085,0.9975422025827536,0.4914210990063592,0.2700267704119581,0.45155345137774483
0.0015272641061650498,0.9019539485797344,0.0004826784641054173,0.002233094726033157,0.006964233655877889,0.4451079596968512,7.179755158326798e-05,4.978425948408236e-05,0.00026424810319513714,0.00019757508943140617,0.00012469061633149146,0.00016676828918512515,3.1479773668560025e-05,4.5641897327926935e-05,0.2955610855773626,0.004915498255196029,0.001576193027347239,0.00034068561444173043,0.9989220209458319,0.40931343155891103,0.5197220610776426,0.5111963449932533
0.0012782368754711173,0.44870466848060764,0.0005916390410253428,0.8859980043519525,0.0008761425188897308,0.0010123222548567242,0.00013885038522285444,7.738016162236016e-05,0.00015379529143691263,1.67436658809447e-05,1.1301805101492576e-05,9.782676842303047e-05,4.931519473582743e-05,8.966738509450555e-05,0.0006628820981962504,0.0005601051353557764,0.7040553594596473,0.0008393922353508235,0.9981865491709683,0.4746109265343258,0.4907888583701355,0.5107109569338946
0.9245450019858411,0.46184223705417504,0.00178512913181682,0.002243277149262877,0.0003615263488806232,0.0014424518025763918,5.406384995134557e-07,7.917669587275649e-05,0.0005769670908620891,0.0006820632981031055,0.0004201460757686992,0.00035540763963356364,4.877228873323685e-05,3.330295203596116e-07,0.000888540472702562,0.00022269791440869088,0.001381845491470795,0.0010996312889834821,0.2949301755435798,0.3333022639238565,0.44768507468483887,0.5544135723879524
0.5763670900713865,0.0019323203988720645,0.0017790910602216118,0.5843217236373195,0.5879678988193101,0.012270054990347059,0.0005370025301338383,0.0015780522823086254,0.0010410994297091053,0.002673742400228905,0.00167932084747647,0.0006538940846069689,0.0009930585639773507,0.0003397384225021844,0.007820571055861314,0.39628138240977306,0.50641454252453,0.0019650633489382008,0.0021343513210755026,0.4396647147966006,0.583295279849004,0.5549666813352231
0.010390073320322572,0.5864211089859577,0.5956266799798049,0.0009111240510575044,0.5963495396238807,0.0012774022250798289,0.0015024802833049468,0.0015010841438306078,0.00043324842293567944,0.0001254578801296681,7.778100779074242e-05,0.00026860409320133075,0.0009306381545960891,0.0009315047253574001,0.0007919620497913622,0.3944900939703024,0.0006938901222855935,0.5049078296161923,0.9887216984543019,0.46164177384120597,0.4328145261153336,0.35557411129682925
0.0014336435287233625,0.5905532172314345,0.00444588188433504,0.5812016436616957,0.5892054473088482,0.0027206410697486454,0.0014678925271655098,4.055913965778386e-06,0.0005219647040605304,0.0041025260451948275,0.002741682357155134,0.00032053616675324127,2.4955228856507347e-06,0.0009151680340900026,0.0017708529014179009,0.3918659885301422,0.4931571356758516,0.004764438486918066,0.9984630307376888,0.4375329382663972,0.44119754143740286,0.32874197403263883
0.992372803125219,0.00025847178136096874,0.0005312638339680288,0.002413758941602139,0.0008679307503133992,0.0013228140454976179,5.208598873944652e-07,0.0010550802915352884,0.0005643333789997933,0.0006130229916161084,0.0004201460757686992,0.00035540763963356364,0.0006657536578645329,3.330295203596116e-07,0.0008830078240055772,0.000555302453029934,0.00154847122751907,0.00034068561444173043,0.00016673033829345263,0.40931343155891103,0.45022028934659225,0.5124255978180291
4.7615618649567564e-09,1.467175482114557e-11,4.4041335869673636e-11,7.005469349208999e-11,4.067866450244413e-10,4.985458463992244e-06,1.0116069234597108e-07,0.8981111164044056,0.4495391170487177,0.0001630865488678627,0.00010328757368462794,0.2951689241866937,0.9999964170295322,0.01272808568001943,0.9993985549069953,0.05424819806263789,0.009365326810799292,0.0058881206187109195,0.0019616430197829243,0.5628617672830543,0.46505300901679103,0.495329862784899
0.5731884533671977,0.0017658070338981834,0.0005080566952934917,0.5661387353195639,0.0006030780863406868,0.0017322932301219226,0.0022676041626295846,0.5779919597769358,0.0003699574879681185,0.00106530731774819,0.000734820087324891,0.00023449072299372485,0.391218602110846,0.0017859274674195311,0.0014243563600651768,0.0004779317380846276,0.49606572563060064,0.0005731003842635515,0.0020099062390036004,0.440493767914462,0.4969520895325816,0.5291615800389267
0.0002449011173385186,0.0002556936138720982,9.010678252281228e-06,0.9579825543514217,0.4798290858143264,0.0001319394128422399,0.003825644494569783,0.0027763614905227793,0.001404182996790456,5.310635752646989e-05,3.1878906571863636e-05,0.0008292244456426512,0.0016427173622561228,0.002293662972623384,8.021116617170092e-05,0.2952599105420698,0.9997661561917465,0.01619836163483406,0.5137295943157545,0.2976168523383446,0.32664682388539606,0.416199763412575
0.0007303439942685303,0.5854492888181451,0.00024185088762427627,0.0004463270205100101,0.002977694234336116,0.00038705553201943586,0.0025313988328723993,0.5762187409457569,0.001207840669304431,0.5790012449446286,0.3905840715071199,0.0009351820089032485,0.4955558723443913,0.0027727168421964182,0.0004271040221645282,0.0032543230727844485,0.0004884725985838342,0.00026298559796998335,0.9992058352082034,0.4900528543348312,0.48542847919984816,0.42702144645427387
0.0019513604742779022,0.006412295773290144,3.5994191854952367e-06,0.5832022458824203,0.0001169534086334113,0.5863893313865416,0.0022535449475217864,0.5836354210337642,0.00034376339259737174,0.0005757147318258819,0.0003620745542078074,0.00021619733882088834,0.391218602110846,0.001734643206046878,0.5017137298626769,0.00012765714675451968,0.9926837660043676,0.00034187457122550715,0.8119354037437612,0.3946515168998428,0.5202211990214782,0.5273269123434687
0.013327389934458346,4.979274272444018e-05,0.5787912691422031,0.0009357151984945048,0.00023078259746968737,1.5944174909472395e-05,0.5836010019972767,0.002545098050873219,9.618286692150109e-05,0.5697225845737982,0.3934770197224702,7.391890847997116e-05,0.001959742879432472,0.50738973664417,1.8050178988753864e-05,0.00025506912500243074,0.0010390361942298858,0.985343801074857,0.0023785698694130386,0.5603203677558661,0.3876116397560375,0.4882584629528071
0.006025684317394359,4.037004544239773e-05,2.9177621329778323e-05,1.1733420400712229e-05,0.45277998824216237,0.8960714242729263,0.0007366593446032853,0.0003586619172149864,0.0003895082704215771,0.00029008565232937046,0.00018394081532018715,0.00024698385477195844,0.0002276678682825261,0.00046710946372352524,0.70211942510288,0.9915279403111794,0.0012396049912889139,0.0030825559172343365,0.0042650779502711456,0.4377649895414621,0.4904206604744569,0.49526087838639554
0.00010860183564758733,4.9877656536327755e-05,2.0513061765834807e-07,0.8959440536256197,0.0008117195572807645,0.0002014183884212746,0.44861480784717095,0.0003652961825888208,0.000238807049819502,0.0010647625121701211,0.0006765090119053361,0.00015172884263303486,0.00023234358436150318,0.29553357956353454,0.00014523317132167368,0.0005767753215915794,0.9999150837078155,0.0010927278756250665,0.274092995165871,0.4585260175280117,0.48454407216891054,0.4953356485463021
1.8298064615739996e-06,1.8377199285123678e-06,2.6676898372541545e-06,7.99165009200609e-06,0.0003722190973789891,0.577797347040581,0.582484642302214,0.00035756495145512415,2.396298256602167e-05,0.5809369118110409,0.3900395667541125,1.8458160778218845e-05,0.00027571921968898717,0.49790615788065035,0.9995957418163389,0.9849258793721416,0.7226233806601496,0.5089931867348915,0.5013799427685849,0.4953357010599785,0.5874507581875692,0.44943212246023834
0.585294570622086,2.4122150263943097e-05,0.0009635708968699918,0.5765652450063399,0.00021655663610071433,0.000964738325904662,0.0001338042786434596,0.00034778901550224677,0.5755319607611472,0.0008792167398301498,0.0005579894270376113,0.38902045754008385,0.00026949105108038164,0.0001036808421102358,0.0007475463933645786,0.00016780323141453663,0.4952165845797125,0.0010480666677985984,2.6237451314525817e-05,0.4936132230955529,0.49028187776893517,0.44542476815702375
0.0017610967954097324,1.7703924931012494e-05,6.800585893873308e-05,2.9656700614339193e-06,0.0018856227780062159,0.571656009346914,0.004506350833945712,0.5757705794828015,0.00011004771871037412,0.5799287186208945,0.39256539059977147,8.563283449164466e-05,0.4982189267742605,0.004981320734244949,0.997159866892604,0.523086955525134,0.001078146888182834,0.024570094339619597,0.0063996949603051835,0.4962706336121944,0.4470207698318248,0.49975958857323977
0.5814590611741594,0.0010655677833329848,0.0005029709377762585,0.0002404156336925982,0.0013007162398107478,0.5705171825953914,0.5679823138633451,0.003602867395280179,1.6260190609402665e-05,0.0025783831818744947,0.0016409488987674703,1.0348423443759958e-05,0.0022973955919739497,0.38762720368621784,0.49862940020442353,0.001431312841108757,0.0002632259545887539,0.0005506824946010839,0.0011369577903414456,0.49157132805885734,0.4851208888873747,0.5037250525061148
0.011940044489283281,0.6166326385067465,0.0037225563763534633,0.5895467299574818,6.687192144936165e-05,0.005973499332863125,7.218865298432715e-05,2.125475771107429e-05,0.0020445465783531388,0.5900369811448899,0.3891464460908475,0.0015208638691869068,1.5841199216794055e-05,5.451764540171083e-05,0.004574399805584328,4.999553992032768e-05,0.48769525139892883,0.0038424065373332972,0.9876747350787229,0.6954214371927127,0.4297229630041801,0.4559238779995686
0.8923671901849298,0.0003975577257726053,0.005800353628233628,0.0022497364485334127,0.000581112635646779,0.001133719839600519,0.0013204661839748973,0.00039581501907326287,0.0018556556077232932,0.45705995847525555,0.3014086703724087,0.00132384921073199,0.00028292542478282866,0.0009489036638410386,0.0008207626221456582,0.00041666428865869565,0.0016153323436546574,0.004137945110577967,0.00028004163604189447,0.44981885959162604,0.4891791906802467,0.5038668037788164
1.671067576053006e-09,2.10805215250723e-07,2.6125055079578436e-06,0.0001540479265414054,3.445333421848704e-07,0.9004704643213455,1.4800338467493411e-05,0.001001220215260603,0.4550449068300613,0.00017325631935558215,0.00010932353586516261,0.29788155433899705,0.0007086056954755073,1.0463627888458726e-05,0.999891074322045,0.001423612897032644,0.9891694856787817,0.9487400780323005,0.9949535822033722,0.438266481103588,0.42942746071708393,0.4887874739766244
0.002336427230603375,3.7390203055631956e-06,0.5779686829550857,1.134418061120137e-05,0.5871020299162273,0.004420157790061444,0.5770575370733464,8.637314305218086e-06,0.001260247504676013,0.00011199694782409498,7.05940248817657e-05,0.0007943606400302263,5.4547991518242925e-06,0.39039350997913613,0.003457188840296008,0.5066002972233274,1.2576165506036972e-05,0.9974264950061451,0.0010188089808754741,0.46179881948426904,0.42537389848928264,0.5544483544610055
0.002029184246078131,0.000676613627644306,0.00019862791419976227,0.5867789629751641,0.5723212330171271,0.0028806024955227573,0.5768346589502719,0.0017536002251444245,0.0020577480892842127,0.002524555691577865,0.0016137332783953129,0.0012939919688155848,0.0011048632289454904,0.39270522468450353,0.0022861376547050226,0.4905688621925781,0.9976920023082605,0.058947504609834736,0.2049000259430655,0.45191902410574847,0.40043175835928857,0.4876725895881389
0.4553177288512089,0.8968326927646417,0.0003519591593980458,0.0025450667118646943,0.0022855963596772728,0.0006068845009168126,0.0001295186983724786,0.00018853155820551103,0.00039637004393847016,0.0005180584564740586,0.00032790415961725654,0.00025088172847818305,0.00011945844403319457,8.19786392474394e-05,0.00038412653952348604,0.001446665174478477,0.001610901206848516,0.00022277327668573932,0.7009259512261019,0.5153429415592353,0.5714988535565403,0.4787085982050607
3.811978535156376e-08,9.412469477084879e-07,4.0132483609071945e-05,2.5194482355876063e-07,0.002821416874699363,0.00013242813610831676,1.8036754386693513e-05,6.540432203651062e-07,0.8955907274577484,0.44741499102217497,0.29494962582338846,0.9979919850579264,0.00014739702880581587,0.00406484164208476,0.02985593086999,0.9909425122121658,0.003995436339511965,0.9850595459684387,0.9742314657721238,0.5095525941232417,0.5119856555703264,0.5299983448606492
0.5799274710378521,0.005750384832489202,0.006293646919101196,0.5760948690762551,0.0016060044398964557,0.0001674519547286631,0.000686755210040564,4.741863436843192e-05,0.0006696515538206943,0.5776308486698731,0.39161051722700546,0.000521496028808398,3.696713792476691e-05,0.0005348158022617104,0.00013040450641427226,0.0012506886314609484,0.49785524844722917,0.006908295284632993,0.006312328664268119,0.5259797030014042,0.5166883463344084,0.5036002954719967
0.584699318136554,0.0018688673659911122,0.5774927687378689,0.0051277414351299415,0.003538637157496494,0.0018185635001363592,0.0017850126147460198,4.9768603717383846e-05,0.5826223499767791,0.00022690230258629442,0.00014339046701383436,0.3926039462857645,3.862744287891958e-05,0.0013928281837533826,0.0014295728224202955,0.002755029140342058,0.003972236201462032,0.49604961970829037,0.001983021182254974,0.4959664094637462,0.5858337842035269,0.5029796276907125
1.4058951779918107e-05,0.0009306988914313079,7.860982869723317e-05,0.4476917633398819,0.9051133435330072,0.0015420396040956707,0.0030203893242139396,0.00020374866222797131,0.0018608577131758001,1.846494665291953e-05,1.1641193723939674e-05,0.0011731751952683785,0.0001284532111771187,0.0019042053442271112,0.0009721826023907749,0.7075755174284746,0.9986716809077528,0.053637544461193315,0.9903840800830606,0.46210647712815023,0.5642604127212754,0.43500964603152914
0.0022779520212710363,8.15837666690335e-05,6.956661142226497e-06,0.0022463262759714964,2.6627861148453134e-06,0.8919477670528435,0.0015226303927186598,0.45086155510420656,0.0003767050222481132,0.0003095522195552018,0.00019485459342038244,0.00023706884411118625,0.29469779350236025,0.0010787368270484504,0.997742008301613,0.0005306972789535431,0.4974045050146619,0.0019429586465089335,0.02250319987259991,0.5550561896923607,0.43326374170135507,0.43587838338966417
0.0001324929245452253,0.0034496585031626903,0.00023417184247194757,0.5831463216418495,0.0026516094035493043,0.0019407131532018008,0.5862915413661489,0.0003943716287744446,0.00019197363947326342,0.5919030399046619,0.3954925477870759,0.00014779192627968152,0.0003036091106207333,0.5017015374911679,0.002118605980851081,0.002894686228272214,0.9962226212186316,0.043117525459899164,0.9755610077875432,0.6184687003051528,0.49229892766086836,0.5533586396633117
0.0006819263948332595,0.000715476349168862,4.392095762987098e-06,1.591300024259438e-05,0.0011417866731680913,2.6263587165417266e-05,0.6559790558909715,0.0017102912208837742,0.6542504761454019,0.658059525419935,0.393172341985576,0.49915818705435094,0.0016615853234033156,0.9985340944709071,0.011069791868363724,0.5457184240662043,0.010248462812109671,0.0028288997523989168,0.5152818920502048,0.44531078435876154,0.13941637289877246,0.5581914459297219
2.2691870678103215e-08,2.020988908540194e-06,8.66048068847415e-05,0.0033879704029061743,1.3234266536508029e-06,0.4467143882899045,0.0002325465749420288,0.8958421565416975,0.00205234744358769,0.00011145036997136446,7.055952352543889e-05,0.0012993474934484962,0.7022639148633605,0.00032895397473716424,0.9952099219157396,0.00024825478641383775,0.9838302056228587,0.985145542355934,0.9928523908540516,0.49332289131115314,0.4853936774224118,0.4272163267350818
0.5668253398322933,0.5805200689868717,0.007460433662077549,0.000489298596760414,0.0014158215513861516,0.005187797764874205,7.224648063852343e-05,0.5736745307583616,0.0006371232693831019,0.0002268856121345764,0.00015678085235754509,0.00040455439624082596,0.3886678829534417,5.684240826753475e-05,0.0041990657839970575,0.001114698811703165,0.0003862662768658893,0.005815447495980032,0.515288855897274,0.5425497839892147,0.48804601545345366,0.47460535665381365
0.45065612741145167,0.00014928872652979368,0.0009715797480755872,0.0011449563057917293,0.0009725669701435121,0.0004561680992081271,0.8903738497105789,0.0027032353341562418,0.00011080883380635771,0.00023302293178336078,0.0001477979710431043,7.02820147904955e-05,0.0017178773263522257,0.7035784720080509,0.0006539421916329172,0.0013808696469910136,0.0016278930571489577,0.001372504730256402,0.0002108964590799567,0.4923087652681583,0.49486375885604733,0.4397568424478168
0.0036850028452773166,0.45172184592553744,9.466417647375809e-05,0.0012075319596369452,0.8964889844481272,0.002389260070195245,0.00019147185297386626,0.00010763749032195886,0.0018432448326751057,9.612285433330814e-05,6.518936327529028e-05,0.0011486839116499968,6.72076405175148e-05,0.00012114218283253381,0.00155512403639655,0.7007470195424368,0.00169235964172842,0.00013100288583012834,0.9949308180481524,0.6049125148865018,0.4862040471643897,0.39821195359807626
0.0011547439519073957,0.9934148632189594,0.00024389498688380371,8.71675390408978e-05,9.074767695683764e-05,6.757133691826416e-05,0.003083440498716811,1.9980343831375584e-05,0.0018127070016610877,2.4883445124175317e-05,1.672472127589716e-05,0.0011481343406820953,1.2679609161397824e-05,0.001982782243804653,4.4701038071309415e-05,5.8074046419560266e-05,5.624078930046195e-05,0.0001544611468856506,0.9992687171283255,0.5394545737966233,0.49798963322280376,0.5596100484444286
2.9017655848851026e-09,2.870836953001914e-09,8.103981511996294e-11,2.2205218065283755e-10,4.023206810791319e-09,3.907795522966351e-11,1.9293579933594805e-10,2.0829168626898465e-11,0.0,0.9999999896482556,0.9999999963355765,0.022458712994980423,0.0023090418872891254,0.02150659696185135,0.004390076204180306,0.4964614515885741,0.03481399917160671,0.012637355828904226,0.4965946348850835,0.5127017097336778,0.4916495081117734,0.5028669024882122
0.00018166855533508432,0.002126456920944403,4.348861738335154e-07,0.4449490224909157,6.253961202229263e-05,0.0006527556789215178,8.458190676136464e-05,3.828316657413238e-05,0.0007916438396146033,0.9073177222949179,0.7097370477900428,0.0011326453258402628,5.483236471101214e-05,0.00012101578680066709,0.0009339322705884231,8.947877215204976e-05,0.9969464683165713,0.0001297238950968811,0.9457437786850146,0.4759207291360826,0.43228196771909244,0.42662368811521745
0.5804723834026833,0.0006006075839711978,0.5818700712733872,0.0038330787679201873,0.00014914488722680036,2.8744795317158185e-05,0.00017947523947540368,0.5823542447853001,0.00041362606395194265,0.0001224616658742007,7.734788973344896e-05,0.00026124995126587864,0.39302513491958324,0.0001400329635124764,2.259423412672443e-05,0.00011610876435128525,0.0029881927834711774,0.5007662651021489,0.0006587136532307247,0.5550463362371059,0.5236920614585019,0.4341065813195688
0.0013536976305316356,0.895667164284149,0.0012627824156041776,0.0022375997422346312,0.4561040291227829,0.0007476244603182975,0.0005133918375756755,8.363582247371099e-05,0.003440252561317684,2.0156478472559172e-05,1.2766613134225336e-05,0.002178974832090373,5.297316428038709e-05,0.000325171566358056,0.0004735296562486391,0.2998512475289777,0.0015904281066427958,0.0008975552919539733,0.9990378233616481,0.5109547343805925,0.4582256274427182,0.44292459877612944
0.9002204040042107,0.0016402910366439363,0.0002879403440580844,0.44874935966958246,0.00015973792859243875,0.0001769492354535049,0.0018947361930331255,0.003942350799140038,0.0017707793066866905,0.0029079989631104696,0.0018404905238850397,0.0011207408731757826,0.0024999746650548388,0.0012079445326985253,0.00011364961112003891,0.00010161026479138936,0.2943999206398935,0.00020362509057809762,0.0011304580941788878,0.5228570829529507,0.5120579053402535,0.5721185234711313
0.4200215613617093,0.005000528608042653,0.0037441366295637357,0.8517122342980745,0.0008835986782381771,0.0033687101063296825,0.00015764405776198925,0.0006539294460423322,0.001844632664709513,0.0008067435364085123,0.0005491002687244034,0.0011537019029455799,0.00042115118745537656,0.00010349760481281206,0.002358662617895985,0.0006039545418241037,0.7112084705161006,0.005662504657838545,0.008471851995072683,0.4127701625872259,0.584618920868009,0.5557792302026444
0.4535827100995494,0.0012247437676612112,0.9065586514141641,0.002205133136542189,0.0003556824347586277,0.0001548936348683477,0.000135963699286244,0.0011263300653311407,0.0004172898560569813,0.005380053969529785,0.003610781769186489,0.0002573502464498714,0.000695968137063424,8.512956947121972e-05,0.00010124995439776265,0.00022284460499916842,0.0013852848085456893,0.7045665666554125,0.0017284787246410584,0.33083409140493814,0.47264325872663593,0.5540569426885699
0.0004767545095239851,0.564940663507478,0.011855574752047553,0.0021554353646523385,0.0019450367657163452,0.0004579413656396001,0.0011813174350479194,0.573326458153513,0.5734536328998271,0.00021319134654478717,0.0001472031883184583,0.387293638639305,0.4915584913505423,0.0012946175368847592,0.0005321298574574873,0.002144430173746366,0.002369583142044607,0.013237763755523156,0.9994757822846594,0.4420723215608983,0.4950838076576517,0.4997660221960183
0.0009493278993379201,0.0009155821995219603,1.7415989852640015e-05,0.5755208312163005,0.0022316733380218466,0.5828303476794495,3.6028505435818824e-05,9.024521512114006e-05,0.5786186424258619,0.0006617422247036844,0.00042007811057151304,0.39153045258825303,7.021548243204282e-05,2.8002085623106323e-05,0.5040140885381277,0.0024685751270970002,0.9985409503282618,0.008405998194811026,0.4884819256711114,0.4953673088225944,0.494218578534034,0.4470663283863666
0.0008675648810697175,0.0009027413157815077,1.3328098827550026e-05,1.1946901769188378e-05,0.0025123181836926795,0.42263352807252136,0.00033818264483686535,3.061237607277544e-05,0.0001910340580601431,0.8640423596703725,0.7179392147619148,0.0002795212010663407,4.487843103779369e-05,0.0005023753031834692,0.9958761540606992,0.7069358633395981,0.006133736202587892,0.006776647547445835,0.5126656490153936,0.3994913648001575,0.5240874281061393,0.43516094895074203
9.32210710110818e-05,0.5827292036210131,0.5823931895880275,0.0055917112058820615,0.0007247921915863324,0.0005987596808075776,0.0006467816012106616,0.5853920894560711,0.0005735532851222963,0.002828069423840563,0.001809669429413352,0.00036105689502336847,0.39387220715145577,0.0005074219437847552,0.00047631874992033014,0.0005629028645497492,0.004348796400076279,0.49981279702145875,0.9998981599992303,0.5776664978793292,0.4955948324248981,0.5724505715243989
0.0002924025365811976,0.0017339495865320324,0.44478245648812087,0.0010666950747087957,0.0008532891744021225,0.0032652133363699266,0.0007439958276627885,1.3234291269767168e-06,0.0009197607081774317,0.8954361172139227,0.7085532257160257,0.001316455003247678,1.8978865229501822e-06,0.001072641878334584,0.004743659886684733,0.001227507067576851,0.0015366381924469537,0.9974831236101037,0.8936473216818862,0.44718177941799564,0.5238903174502918,0.4453489771336332
0.5991254192002081,0.0009452872167776652,0.0028752054497859867,0.5839477197201068,0.0007374102529536758,0.0011621972562597923,0.5884326817411384,0.0010622801232308217,0.005086529530933246,8.530607162679008e-05,5.309394169979192e-05,0.003165835806792916,0.0006611645046454566,0.39022207855392943,0.000884350338887994,0.0005611177513053358,0.4918291635894619,0.0030551137549943807,0.0010044441683177909,0.601714345649474,0.3888517121516243,0.5125564756084646
0.0010510587240952671,2.8951611256678975e-05,2.918227156191402e-05,0.0009687445562913387,4.505818542768565e-06,0.8849023778964273,0.44493222444494596,0.0005132055899607984,1.4725147293677762e-06,4.851296971143356e-05,3.07736230461701e-05,9.340721361198194e-07,0.00032617457940741336,0.294707366449135,0.9989832160980594,0.002010150150650536,0.4758761853678872,0.01766433576230933,0.017531679480231196,0.49532817613268376,0.4980581286793735,0.5597612120835458
0.0011300946816441826,2.2803735342600054e-06,3.3601203294265726e-07,6.674366521182792e-05,0.5822122254049861,0.0013763677561109296,0.00016717502101646435,0.5810008805151227,0.5851324115246946,0.0008970927213534486,0.000583545527567937,0.3925950162778485,0.49835064931104006,0.0001846548202746675,0.0015415452240081801,0.9987684148349996,0.037923884873466596,0.00018928989293388648,0.001284658103926084,0.6072819404172521,0.49331303799791737,0.4858954872001239
5.065950398303468e-07,0.000240362865338986,4.1096361299919034e-05,1.963950247468864e-06,0.8963525870602789,0.0002102444095179632,0.0004270207085854044,0.0005528641045676951,7.131830693916409e-05,0.4487866385267229,0.29841468479788397,5.039898114919561e-05,0.0003914489719214977,0.000306367029920952,0.00015295053241648439,0.9998276797512271,0.005160374045208375,0.10780306893297764,0.9986582734598165,0.51573269301395,0.5575413618751103,0.5789382628328993
0.5882043556732403,0.0006698938204558987,0.5973445556811582,0.0035556296094196634,0.5930937198864876,0.00041075504149844585,0.0015026044310181227,1.0891660285988695e-06,0.00043328375864847224,0.0001254681124660949,7.778100779074242e-05,0.00026860409320133075,6.75202947209781e-07,0.0009315047253574001,0.0002546382384368828,0.39197644192794173,0.0027000792383386966,0.5049078296161923,0.0007250328274402969,0.46164177384120597,0.432194120930207,0.35557411129682925
0.010089570631493185,0.5831637378604962,0.004221154074452794,9.40153591516654e-05,0.5876341764059503,0.00010746452860427346,0.5752763159289712,0.001886781439788807,0.0034472801117528293,0.0009070743723521756,0.0005727638093003374,0.002176758299887326,0.0011926738820191018,0.3865792798450794,8.385005086626476e-05,0.5023747602531468,0.0001026149017509218,0.004607227049494567,0.9889868800024226,0.43326761859109025,0.5021728274760539,0.5611879386697985
6.066288831693238e-06,0.0035936752238870757,0.574807544164465,0.5781344294252964,0.00010814392238700373,0.0009826336416739368,0.5792793071199889,6.086277252249381e-05,0.0009033845216952516,0.001063315383072028,0.0006768520943092423,0.0005750485968279667,3.874215313417681e-05,0.3932817720319085,0.0007673138861411608,8.444690905767989e-05,0.5018307798791075,0.9960199232273421,0.9989253576056885,0.4976331735008792,0.5089343545781793,0.5051296987391345
0.00014157096095564138,6.306568492470165e-05,4.981396465519531e-07,0.0001538646142430922,7.142521358538365e-06,7.225107941148377e-06,0.9995392520206998,1.2322405052209659e-05,2.2652328270588432e-05,5.240621690776942e-05,3.3136804006780657e-05,1.4323219786374164e-05,7.806587549247061e-06,0.9998617608274909,0.021353431987842838,0.02081368225337024,0.4976992168388778,0.0020461938478157776,0.2667946704021682,0.43967260788079515,0.4908351101238847,0.5556571973523419
0.006355941463489434,0.5885592446859915,6.989084643896292e-05,0.0006601261263369996,0.0030002150914679167,0.0005005745526983126,0.0008759707763442928,1.2637422073388663e-05,0.5842030625222798,0.5913511413564412,0.3943497712176163,0.4976119458848131,1.3668364417139902e-05,0.0009474315364181073,0.0005414113548792559,0.003244987054065962,0.0007139887207073959,7.559357990381723e-05,0.9931253127717719,0.5343200912628313,0.6186538318154334,0.44261984772982543
1.2416361225317901e-05,0.0002729222493890081,0.0035552870606671725,0.5894851970750535,0.5905781642812084,0.00020970234987466465,0.0006135235349088757,0.0008949333844769365,0.5949366536525024,0.00015802807322097732,9.779578402052608e-05,0.392591573170551,0.0006801892417120608,0.0004687971563186448,0.00016142462291157808,0.5001421913332871,0.9961739348825258,0.9511744830961892,0.9710579873890114,0.4902032973684106,0.3900807247000998,0.3714122934707702
2.698387531843057e-07,1.1410410349266838e-05,0.0004367303913069168,7.131040347750045e-07,3.5739692279513206e-05,3.0355772833699287e-07,3.3346435584538297e-07,0.4509557185116074,0.0002959736205917903,0.9050650211564807,0.7054485840356296,0.00041738265690862103,0.9993818521471041,0.00048430475999126704,0.0004408701917476452,0.051963988831636984,0.0010391322104300615,0.9833662356692415,0.9849477384339184,0.5156950579884048,0.5822470016787926,0.43371391255892927
0.5729765351754633,0.005040845223569244,0.009526822772062597,0.001617058844684591,0.5819218473620722,0.0026486397256886016,0.5768606070804405,0.00019220119014639207,0.001858058274036725,0.00412115932137438,0.0026130436531134993,0.001178119320023986,0.00012210247383884367,0.39290052049704866,0.002089699451328249,0.5064865496388842,0.001807986619385203,0.010583658121272016,0.005600707503987314,0.49298352784899874,0.4678325610303547,0.5544345014963429
5.084962084133043e-06,6.992939339294089e-05,5.685847827105607e-07,0.927000887408737,0.001743659124165881,0.46154799127905677,0.003201128646889052,6.004028036944518e-05,0.000587191350370072,0.0010892892396283619,0.0006642767018263749,0.0003580845945347634,3.6684845117533134e-05,0.0019663566214162334,0.29619169371068665,0.001195799622017696,0.9999521565507505,0.005162436949371352,0.9537898951849535,0.5003566887965998,0.29045355895760017,0.5052356660594892
0.00011367138440029502,0.00022378616096443375,0.5742170611868371,0.0016929338392917205,0.5936983012619954,0.006973385499639552,0.00018091775492449532,0.5837424740627838,0.00012003403282311048,0.00048825544926361746,0.00032534813265843604,7.537430857357925e-05,0.3914711391983791,0.00014120396248142844,0.00551880214219193,0.5122374526601537,0.0018953413594535204,0.9997217189087055,0.7008127081273117,0.48750139248335805,0.4028751000860046,0.4349273513883865
0.8948223993536263,0.002291901440627365,0.0019213365089912093,0.0018377066889459946,0.00018225489538744073,0.0012117755307005384,0.0003318640513009356,0.0015495440530620844,0.4476824371912917,0.0005751911248085366,0.00036596923819522814,0.29531928411473396,0.001103590738101179,0.00023610229358944992,0.0008621093026428732,0.00012966400172112995,0.001307424924049283,0.001366926277156102,0.0016305673760762763,0.5040316913971371,0.5202828604392731,0.4880434588190652
0.0014652960826778273,0.000104219368682274,9.897320587118956e-05,0.5779599655756292,0.0004855946340686528,0.004477462485688114,0.0008537633028277694,0.00030586697314522056,0.5732607467762829,0.5746806463576951,0.39527972368630104,0.49535017699070083,0.00033539300596163463,0.0009486267259489201,0.005044615894411797,0.0005341384650086765,0.9983887164352686,0.04282770973969863,0.045204475937248884,0.4619558426963468,0.4867151447107162,0.45008707929936353
0.8957623089827976,0.0015943699443685389,0.008069575244499824,0.002127158768778633,0.0009603075453869528,0.4470335025546523,0.0017388757027343913,0.0005735660192640431,6.951757799773746e-05,0.00029951950564411056,0.00018990461755819102,4.4076292918816796e-05,0.00036436093719714437,0.001110533570073585,0.29842843332314617,0.0006859294035561625,0.001521500861701099,0.00573491292421803,0.0011331396242367198,0.4944562733741011,0.4466953180880182,0.5348010173177351
1.3763703322242597e-05,0.002294667025911637,2.7270163540453086e-05,0.9002054979427603,0.0005986648373775138,0.0021723513565355098,0.0015542974807190746,0.00039728754745879197,0.0015549252361675599,0.45058526917431224,0.2954377540217439,0.0010996236727473477,0.0002809570714782098,0.0010991814782624486,0.0015362651585612212,0.0004233706401156394,0.9983770853769136,0.007565191651341563,0.996181519803105,0.44881907867942983,0.5116197576798273,0.4373155759709955
0.5801024150702412,0.0025832724653233816,0.002633442462283232,0.0011405180001449202,0.5832037353573407,0.577210910673775,0.0007526305670790651,0.0019644595030703722,0.0030018457607784697,0.00029149405781696546,0.00018466408255021609,0.0019016989144830052,0.0012458409377604607,0.0004768012615087975,0.38952464377061874,0.5016903562949221,0.001251608710000095,0.0028899642272302898,0.002834936127622246,0.5114188557714682,0.5383492992421597,0.4424718915100312
0.8945644572084905,0.00065511653154452,0.0013674981027735332,0.0021375689695338086,0.0007993698832989375,0.0011780433488110809,0.0004123979694848714,0.44686247674060764,8.359978344255066e-05,0.00035390018021754985,0.00022522309767748555,5.320314611598209e-05,0.29542311030779644,0.00029562723116255364,0.0008507654568446805,0.0005717510096360068,0.0015212236874353716,0.0009731795354675173,0.00045434914070606935,0.5023650209019613,0.48169099751036204,0.5000345277046366
0.0017465394589986755,0.8976371833008003,5.5530778013561885e-05,0.002304106071463467,0.00025456184373943096,0.0011807449349071812,0.0003586289647673261,4.4964837124141655e-06,0.4490666475332851,0.005513292437815684,0.003554732749263434,0.29531928411473396,3.195283759572479e-06,0.0002582367437313493,0.0008621093026428732,0.00018145732537714303,0.0016446938145618538,3.9382865309997074e-05,0.9987613514103887,0.502862154541386,0.5201574056250677,0.4428573085583096
2.1516247607772887e-05,0.010632196838167855,0.5871700300269025,2.9652047514437636e-05,0.0011753039360937112,0.0006297422172812393,0.5842044683456792,0.0027096678479714576,0.5698603360313264,0.0006039910320219477,0.0003824316949867729,0.3836193091848012,0.0020847080184594824,0.4983418790579789,0.0006927579040287015,0.0012740991379034134,3.2144505368235875e-05,0.9884733976907719,0.9987117075661524,0.5170856771831973,0.5103737375981383,0.4289939508785746
0.002342695422183508,3.4689373545153535e-05,0.5792602194780742,0.0021212998992858542,0.582740319587032,8.741416245976813e-05,0.00012468490642270142,0.0013286602418299527,0.5772814664503865,0.0010206429472904416,0.0006854889189365584,0.3891552087866832,0.0010288628761101377,9.783495988861573e-05,7.056280882638275e-05,0.5035325035384077,0.002362576465061787,0.9974251414003371,0.00942681093752797,0.49474537034454424,0.42811038589198674,0.5257589394894062
0.5808944381717548,0.5820529484921814,0.00030998122777163486,0.000644391610686411,0.581582655521651,0.004558518670595406,0.00017407438525610444,0.0010452302457720133,0.0016434290592427358,0.00121313847594322,0.0007655014277660951,0.0010370196634207087,0.0006608249083827613,0.00011064300236288214,0.0029189523444354045,0.39340256108607974,0.0005020939153276289,0.00023997595611112855,0.5006396494881626,0.44992215317992307,0.5790063482362826,0.4880826447339962
5.029616341336372e-05,4.325025459777381e-07,7.134247408673377e-08,4.746426540709251e-05,0.002616366979256185,0.58315478755679,0.5861380940805011,0.582326566929669,0.00011793708740845132,0.0010134979789801148,0.0006379998392968504,7.424175453230982e-05,0.39063168251324176,0.5016210474315649,0.9971427799759043,0.9831763853604217,0.4815516558697703,0.0009029778208481942,0.005474232373583019,0.4369791884358889,0.41670532510206226,0.5199050288419987
1.1245570454057478e-06,4.135767818431563e-05,7.143356730319812e-08,2.8039080546815584e-07,6.969846372501524e-07,3.486442004407991e-06,0.4474067883861641,0.0006338331951326726,7.704404185365915e-05,0.8952628895595256,0.7031084324567131,0.00010883378736493759,0.000897093597165934,0.9999413341058474,0.05429924463166247,0.010777758859006226,0.004342266987925891,0.0010991556581936542,0.9826942262259066,0.4935216048726777,0.4525296125144517,0.5000552008232432
1.0151255151862747e-05,0.0003293774970709989,0.8932308281721109,0.002108111461567294,0.0007794612322022612,0.4451233542317811,0.0005096888285532633,2.0622702867115272e-05,0.0018028495349888811,0.0002324660780719154,0.00014785464220268008,0.001146661156218705,1.3141944152692919e-05,0.0003241762296447254,0.2980618133435372,0.0005555434121127238,0.0015025053988392183,0.9997651313160868,0.980386300777814,0.48471270159863034,0.5243995978699861,0.510166907504249
0.0022980168783996308,0.5789981152612573,0.002798485712277354,0.0015967149222923071,0.5882738075522793,0.5933206515338096,0.009179356198922154,0.0025203833724284997,0.00019879220627076297,0.00024265462378772766,0.0001519588487813654,0.0001244906654005446,0.0015800435418091008,0.0057485312500392405,0.39676600410306295,0.505051196689432,0.0017555799083239978,0.003076941593600882,0.99747330150402,0.4633582001998027,0.3921125157481358,0.43999713996033946
0.004989997186002492,0.9024527830468226,0.0016381628270756518,0.0008345729004926667,0.0020871992689544647,0.0011638617905901487,0.4310321088729091,4.323520265078666e-05,0.00025941045986812054,0.00016127259966015862,0.00010582819198085686,0.00016466341667876528,2.7496931053094657e-05,0.28744210133400305,0.0008452329749522817,0.0014798406136777853,0.0005944948453901291,0.0011555717595361638,0.9964800650063452,0.5534711045245774,0.492847466614275,0.5045573413743346
0.0003936827634434778,2.39999102601213e-05,1.7001094823594288e-06,5.801118867287406e-06,0.0004221213069656507,0.5653658003369928,0.5792742993879797,0.00030433891958632064,0.5769789300111758,0.0004295043768629734,0.00027315280200251516,0.39097226079036523,0.00023722680024920186,0.5053808505428301,0.9993571954822171,0.5231661095855322,0.009423415478769334,0.002744123686904066,0.03876267025819086,0.49399176359317953,0.46504857615269124,0.49949097500456924
3.7655085071171744e-05,0.0029673850708932343,0.45007572352030933,0.8950086978029741,0.0036102440868443133,0.00037887895920587985,0.0001663773002763925,4.546275185542166e-05,0.00176523830898501,0.0022883112607949207,0.0014541424523336294,0.0011217502618836002,2.892101752828983e-05,0.00010572735193304663,0.0002407652411686638,0.0022941965604207607,0.7033655895939999,0.9958024379562556,0.9919219589754503,0.534647879302455,0.475962802523772,0.49373027517957396
0.0029260222644472782,0.5731091377049903,0.00010936191211822008,0.003092186449642462,0.5834048356239679,0.00019798756582119022,0.00017110185285158523,0.5791517913927545,0.0017338110952822522,0.00017516760839876154,0.00011127876235097122,0.0011014390892078783,0.39227471719686324,0.00013319129245989664,0.00015412001673603402,0.5056584795752344,0.0034347772725666368,0.00012147956260828535,0.9967497509279224,0.47163977787923134,0.535331061224003,0.5084746267340933
0.0028498776151562244,1.8173359541866874e-05,4.994014443470136e-07,0.0014704276576137517,0.9182101902875723,0.46327218835801376,0.0031719772567312425,0.0008121141690710562,0.0005781534139658578,0.001085911648574809,0.0006721753828049342,0.00035787502394389923,0.0005032340718913292,0.001963447189705396,0.29747292120512414,0.9977765713695455,0.3032393635278132,0.00011155661948088983,0.004059604542029194,0.3798730113212372,0.38285542019881436,0.4821743594165435
0.004410950132906404,0.5864656900619607,0.0028574836014170746,0.5785558592650772,0.00032576779571035646,0.00365762904832569,0.5830008059142021,3.2021209107847205e-05,0.0016792049130350858,8.99051673943008e-05,6.054005390400375e-05,0.0010390327664728204,1.985183929218554e-05,0.39022207855392943,0.0028898796083185853,0.0002503619464350878,0.4939074600955894,0.0030835312922253087,0.9953263039877056,0.5984060829767514,0.38897811036063507,0.5827467107929616
7.709041863763691e-05,0.0061065415692671075,2.848772124924258e-05,1.1372120370781612e-05,0.5786423106197547,0.5760245973990095,0.0025411813178064027,0.5827823634376155,0.0005634423602713826,0.002595285114134533,0.0016464227849147719,0.0003574429845218476,0.394961551568533,0.0019813421811627346,0.4985391609119103,0.9932812356844647,0.0011854582432059078,0.0029696464665873723,0.9919635979704257,0.5403404766729029,0.4583819427662675,0.5125146077686114
0.44926892496053733,9.881268352362097e-05,0.0035622540332951556,0.003884802046446419,0.00036661969923529276,0.000771606422298362,0.00025745449628670575,0.9023864880557505,0.0007093211362874583,0.00030714838079891777,0.00021077639253668835,0.0004472846764581168,0.7064374426173531,0.0003704207735607498,0.0011420935692929698,0.00052783115833865,0.005608118354591574,0.005077958561512633,0.00014344526816932146,0.40900672486167977,0.5346846675575858,0.49031430565825407
0.00034147274692833895,4.026011033220972e-06,0.00034064898627035107,4.287237481299494e-06,0.5808831683425106,0.5841989023246776,0.002005098730205058,0.000976787157350347,0.0004737450606325801,0.5819274126348435,0.39150790805596297,0.00036608322118567124,0.0007548057845553409,0.0015494289745129795,0.5018116562794597,0.9994713469783416,0.0056582729491698545,0.4992090678090235,0.007505487626981444,0.41008610791934585,0.48391917712619487,0.4827131093633764
0.005917529965301471,1.0314005364666195e-05,0.00011563997551300303,0.601814193770438,0.6113090729985732,0.00023502105490911908,0.0019955828164845203,0.0009328343681163625,0.0005524640059730808,0.6073844573989378,0.3905032275419499,0.0004076514758674932,0.0006896482807498814,0.0014832280356540852,0.00017597800562908252,0.5045257592221328,0.9937795211782368,0.012439214707770763,0.0011096193417189626,0.33333364786399405,0.39121750651270193,0.37544699576082197
0.0047290027450479985,2.6480700328839795e-06,0.5797559167588169,0.0009209433217781017,0.0005385021954018311,6.45987930754523e-05,0.5729562593102858,0.5750328907714413,0.00011617722059846072,0.001048858146064825,0.0006675046736678292,7.391890847997116e-05,0.39063168251324176,0.49855642586564314,7.198236721817026e-05,0.0005943024158935648,0.0010177845799695562,0.9948072952436662,0.0003564901114897518,0.5114786866853157,0.5138598489607515,0.5156213938498166
0.5914220147352761,0.003909397442043927,0.00013103253529860715,0.0014076101568232765,0.004549566228875484,0.5786741375429911,0.0006442713475711165,0.004901082280445923,0.5802034526802559,0.0027379141787104147,0.001716362065403199,0.38714805126087126,0.003750843337215013,0.0004957073100613726,0.49771878209551246,0.0048971296293812555,0.001515172034277615,0.00014104322544601124,0.004208092738296469,0.4613209842348407,0.3815965198094944,0.5034320454447923
7.46949296802619e-09,2.906711291246478e-10,4.592964878132925e-12,1.0417043773379693e-09,5.689667230829779e-13,5.6085735245848255e-06,6.225968835366045e-09,0.999991578019604,1.416819706951391e-06,1.3815541652781217e-06,8.785917760461355e-07,9.010187033949712e-07,0.9999964332530811,0.0007066983404466209,0.9991433107356884,4.799222731584514e-05,0.08814895908355444,0.0003911595677490937,0.024761235104589607,0.4982094895142393,0.4843583447424312,0.471469827722278
4.453741435380506e-05,4.103454918309183e-07,0.0019395720875237444,0.5829048797340949,0.00017425892468204418,2.038684193209576e-05,0.5815976429728444,0.5813240121251336,0.0004137820238500332,0.00012255108865569334,7.737519524096136e-05,0.00026124995126587864,0.39166895968430027,0.499285041128371,2.259423412672443e-05,0.00019031656682038712,0.9978811792277548,0.9853835689495174,0.005865446792440665,0.5607710302457799,0.4846661651741554,0.43377947793675353
0.8919768608923507,0.0035924803359940797,0.0003710655509892912,0.0006733320578013253,0.44079501573758423,0.0011445891880127912,0.004354021115862679,0.001837526160084269,0.0017193149999507249,0.0011192521321133897,0.0007655014277660951,0.0010805407411008869,0.0011570629082466957,0.002778110006871254,0.000762456732175971,0.2915184593923002,0.00048057044000156756,0.00026473533752133845,0.0025781892656591143,0.49616414600794717,0.41432054273322083,0.5749047386851541
0.5879715494949743,0.0016031059885129434,0.0011313987511545138,0.0017520706740125694,0.5855109748934367,0.00021332398794718694,0.010248811412005412,0.5853818076299823,0.0004164162655951837,0.0025600488106187007,0.0016015290869122844,0.00026044228593550476,0.3909377977164743,0.00790020301462882,0.00016566829148669752,0.5002754917457359,0.0019093074370451022,0.0012250072560501526,0.0017357712097560863,0.44822807319307856,0.449611540650489,0.38746653993836766
0.5255136386035179,0.006233214497557041,0.5208001426211113,0.0017760006956695632,0.005832368015984603,0.012953489607814657,0.0023967661071062,0.011125060804208225,0.0002723676694282595,0.4996514546876286,0.3723621490617195,0.0002073213194097867,0.009511601102231565,0.0020003477421761716,0.011160312600637774,0.005978900876092277,0.0014725855793783717,0.47313266380994795,0.009149283040170495,0.5479782597876411,0.4822745065839833,0.5223074459587729
8.158917713291475e-07,1.2364700093778127e-05,0.0009556189864264627,1.6729208987998255e-05,0.5786542387792931,0.0014261440230824173,0.5840887936362409,0.0004763744977231928,0.5861522156103859,0.00020451347333880766,0.00012894124925304245,0.394283681386488,0.00036924855710240097,0.502974225305883,0.0015690005701296797,0.9989484048416796,0.011142682337169613,0.9917453619000769,0.9580531385244444,0.4359909677018417,0.42918669535417153,0.5250948640429831
0.0023141627385039024,0.43444682060789985,0.0013379421568477242,9.299645033847681e-05,0.0005656444040793311,0.8461499492148942,0.0002985763044141915,5.0517033880663795e-05,0.0017733953005971818,0.0023984411970700927,0.001653397847582407,0.0011233685141195007,3.20621051934384e-05,0.00019201815688145918,0.7019419824423327,0.0008111239203367525,0.00013297181691863426,0.0019429446407128901,0.9966911111690788,0.43012413098435814,0.49061654728004744,0.5052282347086532
4.76944882417634e-06,3.0225506819191317e-05,5.214290601030498e-06,0.0022189093826583315,0.5854731957418463,0.00047843735114395903,0.5744997720156917,0.0009018929312317447,0.00014860483346475968,0.5905898700016471,0.3954902072112209,0.00011463043229048564,0.0006970428037928553,0.4946858481877865,0.0005252681778199762,0.9975836753124632,0.991257927576138,0.10876396070657851,0.8991137819030971,0.43857898299849585,0.40069652702763314,0.46395221565846084
0.000402059222523311,0.002388740327402186,0.001259319195639198,0.0002504417652260277,3.14644525328598e-07,8.819684682858566e-06,2.67301270602274e-05,0.5811088863141017,0.5776942083722741,0.5817424891902956,0.39281448049917933,0.4975063872917912,0.9970020859367459,0.006251767679361753,0.00207817563729959,7.342925898216153e-05,0.05861004244443768,0.3052062753146585,0.8938445777246639,0.4719320274286134,0.5249552294492748,0.4349439454179243
0.0011152125531807373,1.759521825362106e-06,3.318264149952506e-07,0.456705187107537,0.001018734510559431,0.0004411536954014985,6.382280103374664e-05,0.001198062692559231,0.9179880322590087,0.0027231234303231513,0.0017164839817879669,0.7044713999171108,0.0016625507664045761,8.974463074714256e-05,0.0006290077826904556,0.001418085127757551,0.9984555017716067,0.0001894248671232301,0.0010044441683177909,0.5598034026034064,0.3485693026009506,0.48862504764259834
1.5893753401678423e-09,3.0300433037781744e-07,5.343922080160253e-05,5.036330927431727e-05,6.303590325179593e-07,8.06713569538299e-10,1.9349877369691588e-08,3.8203222434904434e-07,0.472370062873534,0.9414797300118551,0.7060135645374915,0.9999007312322558,0.0033083014639670133,0.0001684619027334344,7.077113487014789e-06,0.005475800413828989,0.48318713971304483,0.9963902534138663,0.9966607871534773,0.2951855276441648,0.3665352165406032,0.4793978708075911
2.0896226274825443e-05,2.3691725622569817e-06,3.9796825151685513e-07,0.0024539295791984844,0.0008419459846725542,7.73042473938521e-06,0.9045633252686905,0.44975103770257296,0.0006466768683232345,7.794420555186558e-05,4.911946546071453e-05,0.0004075277194167189,0.29373978114171206,0.9981740686344621,0.001896879003892832,0.21040562049852576,0.9945433443346966,0.012045790550847452,0.07187177152978713,0.517852612824043,0.5824626923226762,0.5555704837262571
0.005622242843502524,0.5779082598336438,0.0001102827197472306,0.0030981114754040783,0.5671442467640632,0.00010944059835045558,0.0022517739347733367,0.006098710967035419,0.0014044299938255566,0.5784777551142067,0.399104204156567,0.0011014390892078783,0.004792263581279099,0.001792967697605573,8.836101490746104e-05,0.4956112785821637,0.0034347772725666368,0.00012147956260828535,0.9938069000206645,0.47178308709036826,0.47416217457976195,0.5297564598512479
0.5640547743144032,0.5864921430526586,0.00941893125713613,0.003847581329364453,0.009555257667530471,0.0005752911261940132,0.587193628594431,0.0016443798693229095,0.0017737341640871264,0.0004054395484365769,0.0002571957773394909,0.0011251916622875557,0.0010431356122236688,0.3979002049040504,0.00045002012928340536,0.007474750804900121,0.003009980626225054,0.007368692821677403,0.5124134548491396,0.441171361719817,0.5096899641049024,0.5017722688706937
2.609608855625433e-07,4.357835628596333e-05,9.419632110427425e-08,2.251716050773523e-06,0.00021805793073522578,0.007653149660569962,0.5811853865917478,0.5835728704461066,0.5866410857969865,0.00016674947734262793,0.00010494206065657846,0.3938421849563176,0.5016177981706367,0.9916138274355532,0.9815066337279807,0.8742616408685514,0.03286456605759888,0.0013760516777286457,0.9961877706627786,0.5381117015412492,0.41442549380625376,0.44715727863174337
1.708690389162026e-05,0.0006659990991345871,8.997537078685994e-07,6.099529673898952e-07,0.4515252015947646,0.0006193242238931877,0.8875098564722392,0.0005274168892468652,5.94783461593775e-05,0.0002217452214895262,0.00014848519662188898,3.753243861549182e-05,0.0003334546666702462,0.7029840561847793,0.0009074504635480645,0.9990654304202762,0.0005906370627873359,0.0008597364094635393,0.9836717807851124,0.5938080192353185,0.491680720460371,0.5000580703704713
0.5861142636858159,0.00040065817288973044,3.6107876970813214e-05,0.0015481602031912087,0.0005431986250645643,0.5737488855551294,0.0006281645519855567,0.5800526327233,0.00033304106286439274,0.0002300518780058584,0.00014499408075219623,0.00020990476100987135,0.3902864727908994,0.00048406375269730066,0.49788386017061,0.0005900156263024389,0.0016815889958533877,3.9219317661933276e-05,0.0004351918566717558,0.4615154454429555,0.44739587578013695,0.5763638042686823
2.9362519007216705e-05,0.002107743697879764,0.5787103749750764,0.0013943043004006853,0.5774965175881492,0.0008976157117090746,0.00025556208368951726,2.2298745476420215e-06,0.0017177471380377925,0.5766301163877937,0.39523191268635804,0.0013342509786086801,1.7353900398781041e-06,0.00020153447701082294,0.0007177561029822076,0.5009477210760811,0.0015437703460597833,0.9976811012703534,0.9911321464182254,0.5631118954350053,0.5259349243836137,0.4454890848203166
0.0029703306718011995,0.0010391300267486789,0.4491494724968813,0.0007319389726798468,0.00012762248705983762,0.000179063807030233,0.9017598079363232,0.0002692152617080467,0.00052401141088959,0.0004975017692323297,0.00031438464835328145,0.00033113684041854156,0.00017030641558852502,0.7058094960443868,0.0002575493368329807,0.0001808896609805143,0.001037433017533053,0.995539752815329,0.21424503165057707,0.5761900057128264,0.46026482479460534,0.49345340140316424
0.5825210713082806,0.5784468323215312,0.583064530685092,0.004727409373982024,0.003722130945726473,0.00198159818393604,0.0008771245538275135,5.132986150082679e-05,0.00042324231232357114,0.0001823440034584219,0.00012421911148114477,0.000264943644942946,3.219373701562531e-05,0.0005574402152209999,0.0012955650250079445,0.0023541519326400772,0.003014501372187693,0.3968767663076732,0.5015466537150557,0.6195836585368383,0.4485879483443609,0.5067188676389794
0.5817916448014036,0.0006793204365520006,0.0014884373788805686,0.0013839223241175049,0.002645153707698694,0.0004709063692164855,0.00014658526383313434,0.583967359717277,0.00038923429758888335,0.5783544400132832,0.3893299028818601,0.00030044439932848366,0.5015296757292421,0.00016039999359299074,0.0005228947888473662,0.0028944506277831365,0.0015143588438328364,0.0016287031481557134,0.0007433540719978815,0.49962236400453425,0.5849209228807005,0.4889484940632626
0.001122680073135145,0.44886290030696074,0.0001406450315366249,0.0001542868812752318,4.795284878006975e-07,0.0006656593808456493,0.0008102621865163082,0.8967558924918804,0.0003848931660638204,0.004074777619457085,0.0027407907012469445,0.00024396731679253282,0.7050605087440769,0.0011667732390318597,0.0009861147886670969,6.835695070565515e-07,0.00022174572935756628,0.00019946548343428844,0.9984078435850766,0.4917378349491458,0.4885836304126723,0.43542470452971227
0.0042770782583328015,0.5661061188070284,0.0007655021461776208,0.0019358008575532488,0.5730059025091899,0.004321507306101675,0.00041536394019381134,0.00082274439525823,0.5741983099949847,0.00022064666249991201,0.00015124008387943914,0.38463624480164393,0.0006308953211498687,0.00032280221377599036,0.003561045304912338,0.4969599328885653,0.0021241484246805223,0.0008530885222440372,0.9953068839030225,0.4368121944837334,0.4414283326433284,0.5576715250483932
0.0005335663975663896,0.0035626117742278774,9.698042557819992e-05,0.5788120265636058,0.5923171014136182,0.000124554279070702,4.729201429832793e-06,0.5836945254513742,0.0016880207993442214,0.002645893138213239,0.0016624762372648796,0.0010606256555753999,0.39084435276299123,3.6353410430792675e-06,9.574497750347816e-05,0.5073347963970792,0.9960364923840842,0.017134597734488964,0.9053579638388796,0.547708643180979,0.5860682193081953,0.5593421213509979
5.617493187824817e-07,0.0030838330130618704,6.530475830188601e-06,0.9092577325268223,0.0017425949553413617,0.0006449842713177997,0.0025309549680089297,0.4560911050260697,0.0003398412515690303,0.00022003925290447297,0.00013767742001975585,0.00021263691688703167,0.2962569459822185,0.0017720460873425522,0.00045825428592995236,0.0012200793988791595,0.9978408395752594,0.0013481083824877804,0.999884035991228,0.4224352801878445,0.4207294455339394,0.42816394075695635
0.00878904873130984,0.9097325689014992,0.4487814649873252,2.4917433484168e-05,0.0007687289329463505,0.004606907200640035,0.001181149220580489,3.574068074048298e-05,0.005043873439865918,5.051657881009484e-06,3.1701220361286307e-06,0.003165250021828947,2.245302200054621e-05,0.000741228789046644,0.002891070411949165,0.0004824199465491864,1.5637072652131584e-05,0.291739869817336,0.9938497289486408,0.4610602100107015,0.3884609774229794,0.5225850784814159
3.0334643992448924e-05,2.9749909254178676e-05,0.0003955520842965699,0.5691787824272545,0.003371575067335409,0.0005160613535349257,0.001427023331993294,0.5763717203963338,0.579591359726137,0.002523511927868778,0.0017331010638555328,0.3896465105516521,0.49436999257512365,0.001574689832654291,0.0006176951025656861,0.003722859389988342,0.9995550084312477,0.9294357817144887,0.5134095161559219,0.5444184240949087,0.4219981165553634,0.5268208176751958
0.005687262374183827,7.216737451649222e-05,0.5955927113009977,0.5948617557676796,0.0015621725614289492,0.5968952715765589,0.015673397336685768,0.0005913901094255332,8.509478495622767e-05,0.0023809884985431886,0.0014686897038188504,5.248998743835522e-05,0.00036479393184897936,0.00966837383574587,0.3926593380917212,0.0011814105460956192,0.49959459300523346,0.9939206692333166,0.008077825297122143,0.44606743627445167,0.3310436049743992,0.5247323884406107
0.00014531896999868963,2.5108294121216463e-06,1.8249538120908413e-07,4.4791249216567856e-07,4.467132647517334e-06,0.000275064952644175,0.4486513598416476,0.8950292538852349,0.0007120035447116976,9.142633500286845e-05,5.8135078908242426e-05,0.000452740294769251,0.7041862003118409,0.999558511326302,0.6904146377307971,0.01956062565591056,0.0019619342739175265,0.0007993641103614365,0.010998458188266225,0.5032159173568336,0.46584813762772503,0.5023705057781153
0.8982530933208366,0.0016266979477508995,0.43390966027081945,0.002676084240343597,0.0034888570232718885,0.0014750372927517074,1.0304298926868147e-05,0.00025690649838554664,0.0015871445019933683,3.9011448891285045e-06,2.6599670768746517e-06,0.0009944158449465314,0.0001612739033914848,6.5545227674184705e-06,0.0009795567349284442,0.0022206975768094806,0.0017079395647292546,0.28638794722405825,0.001159268609136184,0.6108037756862916,0.43875538913927514,0.5073342312506436
0.001800757661181964,0.44561266214270684,0.0012132927872164885,0.0013742760384478031,1.2628954788422035e-05,0.00010218298363126363,0.0013742443134379149,0.0001787433548120538,2.013085559650715e-05,0.8974473464394217,0.7065954978915053,2.8759142967130593e-05,0.00025584772976134664,0.0019632622842219467,0.00014813577996082485,1.804191197201776e-05,0.0019633073388806606,0.0017333048678467855,0.9974274340443805,0.5265935306823466,0.474971378687204,0.4743168444093985
1.2869218414509443e-05,0.0007170955334386261,0.6017952874906982,0.0014153811836029448,1.5043276092433658e-05,0.5943810739496361,0.00022227169533972012,0.0012203146683097779,0.00027739894205798434,0.6124693939093602,0.39677647000342914,0.0002072666517143595,0.0009135548572222485,0.00016728718440236795,0.5007321136788474,1.599435463480359e-05,0.0014973087681893098,0.9992605882811689,0.9882779531995517,0.28264259187767776,0.45965807458999397,0.5212117345748941
0.0005365634475841744,0.9095983123545219,0.0019261994493674668,0.4493192429230866,0.0019533970080731554,0.0002678835005548216,5.14633361223524e-06,0.0029932112871840916,0.001511925637045841,0.00021967935538303428,0.00013767742001975585,0.0009475542238161872,0.0018795328085094432,3.2488242815905747e-06,0.00017036756478675408,0.0012304103497604926,0.29372199212098754,0.0013481083824877804,0.9996244704969308,0.4224352801878445,0.4207294455339394,0.44087086296015626
0.0001337645251613724,0.0038840037676265943,0.0003739504859774015,5.275125413320013e-05,0.4456312152577206,0.0007987486187417173,9.229504171412965e-05,3.0700487468092314e-05,0.9006882488844541,0.0013011773165447914,0.0008234902664868704,0.7062191722374107,4.372070870587256e-05,0.00013214014645971024,0.0011520715063339545,0.9944501926213755,0.008656543948219797,0.06106832745226844,0.9780839454514444,0.4924529794231599,0.4934230414855779,0.4237912389750499
0.0004584531040133753,0.4470342650627619,0.8952666663797746,0.002394861773433372,0.0002097169479366607,0.0008181722036069032,3.597878143466312e-06,2.4780613864765426e-05,0.0023890591609316875,0.00013022437031930996,8.284732308169729e-05,0.0015198948155898387,1.5765201096841703e-05,2.288937343317577e-06,0.0005205137706416125,0.00013342005995876485,0.0015235912702595254,0.7051735176497447,0.9993471189320198,0.5004316721677751,0.5238858042099614,0.5103084411375868
0.0018924193975008844,0.8978914380186593,0.003272522505681984,0.0004433336428514272,0.002830642077693798,0.0002095420964424928,0.00016469025539995175,0.0009570682336408356,7.568919800443477e-05,0.44728761132490213,0.29841468479788397,5.3667074901235563e-05,0.0006799120982620517,0.00011855344893445412,0.00015295053241648439,0.002017158792384288,0.00031636482361864764,0.002320230508565932,0.9986582734598165,0.49134047566468075,0.5105195563192186,0.5789382628328993
7.016275919451931e-08,2.08227567047729e-06,6.681134520504496e-05,0.0023326225223667674,0.5864321033304576,0.003324231577477385,0.00021551961004772415,0.0007527414639386912,0.5852425386101834,0.579337581977008,0.38848073792592624,0.4993457422663985,0.0008171420158645371,0.00023395845417013839,0.003608656683144178,0.9974667223004198,0.9817619625546695,0.9801539621078512,0.9785570626291753,0.41383665524313995,0.5099946274318032,0.4412964599221851
0.0011600471888709187,0.5848248473371696,0.0033430800594269057,4.8110708750179265e-05,0.001972940954506369,0.0013451293179018138,0.5734684569128006,0.0027009327986946092,0.571611912856513,0.0005932480121259102,0.0003824316949867729,0.3856616380038596,0.002087677855001137,0.49858408380275143,0.0015074280516932357,0.0021585542696444006,5.2710022561963665e-05,0.0036390714712531257,0.9987372413180344,0.5166810608612257,0.5103737375981383,0.5589053079848729
0.8992442797650477,0.0010777492634562373,0.0005070124603336767,0.002128771986491204,0.0008265458586820661,0.0012835597295069437,0.4492136860889795,0.00011149842015427965,0.0017887368789566026,0.0001227604007354778,7.774802572812388e-05,0.001132863970315633,7.069114374498066e-05,0.2949398137521061,0.0009221277162576725,0.0005851621151917281,0.00150708369057353,0.00035893902798853343,0.0007630070750548942,0.460744179959786,0.486748716382546,0.44104705669745603
3.037601993020571e-07,3.396196883555055e-05,0.0004453247676194235,9.585671486276364e-07,0.9111372364558998,0.0004372379442429704,5.214120796943283e-05,5.036353607244286e-05,0.45628862805470305,0.0005000845410393417,0.00031242675352534914,0.29557018883771785,3.5257502163759595e-05,3.669703030571576e-05,0.00031001331162619066,0.9996879492655796,0.001366384887267394,0.9515411830437508,0.9943061321150245,0.6004745646065615,0.5189577483336423,0.5924565339194786
0.5982115700550374,0.003977274732217216,0.00010278532736101689,0.0036330979394348126,0.0005662892782893137,0.0010131966471393047,0.5801404936061151,9.865372793337713e-05,0.5927989152506167,0.0006191195358522632,0.0003854052183951515,0.3936262045966173,7.536557030868112e-05,0.4902241325332691,0.0010782037420093804,0.0006026232870132521,0.0038662281247788216,0.00010938224557773403,0.004232573480776214,0.3737123767554646,0.47398012971344683,0.5777692369002753
0.5786831432947667,0.009588826520533899,0.012036198815346929,0.002123474273606476,0.007196337744207843,0.003127168561053072,0.0011482449362416514,0.5809629659541734,0.5717676774743368,0.0004312393179800985,0.0002836896890082627,0.387293638639305,0.501749142885669,0.0012820036954463699,0.003540307099296952,0.007954123316238636,0.002358214578824135,0.013237763755523156,0.010548285431648447,0.5090504209307909,0.4836121692053268,0.5089163508157581
0.004399266045513226,0.004476980843236145,0.9000910907387736,0.0014211806496632104,0.0037634023908489234,0.0001570918309351887,0.00021477264925180383,0.45763915805390515,3.764835838195704e-06,0.0005669175308803034,0.0003573704463174875,2.372817573437387e-06,0.29994706105418734,0.00015301253391203373,0.00011274941454099624,0.002675228391912637,0.0010116606746482474,0.9955606421317703,0.5055792004380447,0.49718968634984273,0.4208114110177258,0.43779091344645227
0.00020551154384603105,3.2379067918583444e-06,1.4107213887145848e-05,1.658114268895648e-07,1.2935493850252571e-05,2.2531519919206912e-06,0.8938206005337263,0.0006025718084993549,0.4473415604530724,0.0003345533709797819,0.00021185152502192935,0.2935673892431317,0.00042689788972882325,0.9998540313145043,0.007051186616957306,0.04012160078058383,0.0005156890392237698,0.04362665533790126,0.01002951100888183,0.494768163887079,0.5096376467923406,0.5722635582205725
6.160186621512996e-11,9.728616699928303e-10,1.0841975291889077e-10,6.846106995550854e-07,4.440046602533932e-08,0.0007636872975269737,0.8972343024482329,0.0006246904109449518,0.00014946642870475711,0.44977320745473987,0.2958229530143486,0.00010605170392267435,0.00044371430983513606,0.9994581365019944,0.9994281003367314,0.041230223689473065,0.9990879346137304,0.07051593818835064,0.9597428530042142,0.49041562122007426,0.5251032451793675,0.5541704308275336
0.00014624541059179164,0.0030745528156501637,0.4562700783917892,0.000325023735218317,0.0012159056104004535,0.9025146204889805,0.005215042826392779,0.0017252133427128286,0.004902984409496759,0.0022864856228528544,0.0014431881685699123,0.003093951896412009,0.0010907806111099816,0.003314892192002681,0.7012192958274516,0.0017050479840177912,0.0004564103923753842,0.9957054263479257,0.9697409365218768,0.5335773217430592,0.5876763780260645,0.4934322061615037
0.5800931490463931,0.0010385510416023344,0.0018669585033927088,1.2131033641373529e-05,0.577037069684744,0.0009049154582675144,0.0011781039063346423,2.2678455955816823e-05,0.00031345981096146165,0.5788522820791372,0.3912270865603089,0.00024328282688384538,1.7635226200001468e-05,0.000921013057354241,0.0007126942432917386,0.4999299978912901,1.3399276316041972e-05,0.002048878034235734,0.0011397699853661347,0.5327520797436347,0.4561367955985561,0.530696105883348
0.571892694050771,0.0002515633600846411,0.0037172535902733027,0.0014417841477524327,0.00037241552120244504,0.0007230532609270534,0.5761381525543605,0.0003613969356343222,0.0017478112755348416,0.5775222151002931,0.39499014438566943,0.0013656630102896249,0.00028292542478282866,0.5046714545017573,0.0008169792935922002,0.00041666428865869565,0.0016153323436546574,0.004137945110577967,0.00028004163604189447,0.5013962342620681,0.4891791906802467,0.4640916709627728
0.0023107511231541095,0.586761583515576,0.5866167667916341,0.0025263858281875085,2.3099782422043916e-05,0.00018784324014191111,0.002508047776128931,0.0003609724541292883,0.0016022960524863373,0.5782682795001032,0.39130967454205173,0.0012451755537333325,0.0002810609156494153,0.0019632622842219467,0.00014813577996082485,1.804191197201776e-05,0.0019633073388806606,0.508123498258335,0.9974274340443805,0.5381532577838624,0.4749712855775129,0.4743168444093985
0.000624385626343837,0.010862345436501868,0.6050863896889301,0.00036442673737495834,2.8446077672308762e-05,0.5890595411661695,0.5819149800387713,0.0004949799535798844,0.00018312165223631277,0.0024824348520266944,0.0015298633721516227,0.00011285357556629693,0.0003056336737105758,0.3841196913210613,0.49608146720676616,3.0075652465794567e-05,0.0003858385013229982,0.9885537817550852,0.9634468895692443,0.5531355084415862,0.3265629297888243,0.5104461404717786
0.00825276436220612,0.5767924721048922,0.5754205555871151,0.0037662697041938196,0.0005351208084563182,0.009769419705071057,0.5736497807769801,0.0016443463102024437,0.0017114012398744185,0.0003812140463461854,0.00025613074282125614,0.0010835809813751762,0.0010431356122236688,0.3932927140063298,0.007925607227716902,0.0004199809189453291,0.002980168608512992,0.49544832252674886,0.990999192534652,0.46126959222239117,0.5096899641049024,0.43770834941122544
0.5833684153301685,0.0005495731012673028,0.0011075225316119091,0.0011714387073749688,0.002958556468726143,0.0005036543859501558,0.0013491615686869003,6.417867298954236e-05,0.5789956795580049,0.5796971249527546,0.3911320059920461,0.4976119458848131,7.017383981158592e-05,0.00148307581311916,0.0005577576073128227,0.003244987054065962,0.00128664686994761,0.0012086216584108354,0.0005997497288779408,0.5345718120088245,0.45716239176345874,0.44682671421225584
1.947731271835522e-05,3.414685197793104e-06,4.122433021982223e-09,0.0010894836405952668,0.45812458756090485,0.0016453353772358265,0.0001960866957853725,0.9171399969486723,0.0016723940272711782,0.00017077984917926542,0.00010595886386624402,0.0010376227172790313,0.7053501475332558,0.0002724839738429375,0.0023201385346353198,0.998485789037574,0.9884466557029049,0.0001327182780928493,0.11048896465118258,0.368178683638363,0.41018545896455116,0.47485404609986925
0.5802098870933731,0.0003243079066982726,0.012282670668583654,0.0005623126758243522,0.5708583841835585,0.0005531927764490603,0.0017585482767048966,0.0007544073614922536,0.5785234780785004,0.0002216481041712451,0.00014339046701383436,0.3926039462857645,0.0005896746294737471,0.0013928281837533826,0.0004442770595640473,0.4963785806353254,0.0006208540156951992,0.01347494463978241,0.0003558455340748638,0.5116060897438267,0.5127581626573068,0.5028096437568337
8.070157847630348e-05,1.0203573384296956e-06,0.0005976690272194594,9.469048685965084e-05,4.640548057616395e-08,0.45213642950569666,5.397862655684365e-05,0.0004877678580666198,0.8934606121489186,0.0003972531996070974,0.0002525585255182695,0.7017582130602983,0.000686788846850568,7.600323093091734e-05,0.9991404260154695,4.8392325621449475e-05,0.09914493762073556,0.9145490455800446,0.00804872789499772,0.495160920184918,0.47459587969630884,0.4739174808884049
0.5925516846542396,0.0014551522364228495,0.005270666471231928,0.579409109332628,0.0007847615961530093,0.5786895132160381,0.000163584793002255,0.0006681494898543212,0.001662285269519863,0.0026803903653635926,0.0016866569946189876,0.0010457590527772958,0.00042115118745537656,0.0001036625584012016,0.3861988020374963,0.0006039545418241037,0.49489515887499164,0.005662504657838545,0.001563360556154525,0.5436429124629009,0.5829921483110598,0.5561253953695086
0.0027409908339664922,9.01214586277426e-06,0.00023718780594625502,0.4538287695555009,0.0015238957394516348,0.0005755908264165827,0.8999777160574501,0.0003552853477222721,3.002603346779719e-05,0.003962501485980755,0.0024882729629111195,1.885509645775489e-05,0.00022353529427920264,0.7045130293293294,0.0008193467785967308,0.0021484263517497926,0.9961407171164146,0.05495160494035534,0.0020398677292990594,0.5759191403811063,0.43240128914009757,0.5588857985163734
0.003151715493540729,5.553851753199685e-05,0.452062243051047,0.0006968358364799627,0.0015588675539656472,0.000818144578775257,4.045623998671904e-06,0.00011568208818293781,0.9097350890914118,0.0014553742989915947,0.0009120492491269127,0.7064023143551929,0.00016322287932775945,5.73871882669102e-06,0.0011691557764553153,0.0021952633733326845,0.0009813157141120574,0.9955609572377233,0.011217126541939626,0.4972024662184681,0.39138872586464785,0.43626329729350516
0.4491835992006692,4.6439893824417984e-05,0.0003696842548981925,0.001094793711377905,0.00039713599219959105,0.0003608478589421688,0.00035354930912132916,0.00046923004469530855,0.00409963416737578,0.9159310301709491,0.7097280986459942,0.00581026825126103,0.0006657536578645329,0.0005010872623984185,0.0005189831986426863,0.0005628626828196049,0.001551652600547184,0.0005239466338432686,6.581972265811429e-05,0.47514032589351596,0.4251676406336192,0.618034224184276
2.593804542547009e-05,0.0006772157620010111,0.5809043850675791,0.0003528481645473359,0.002965858331489117,0.5819411072544084,0.0006218349051137368,0.5826833123592763,0.00038362796571370284,0.004340329392557523,0.0027407907012469445,0.00024225131036083943,0.39279575999551875,0.00048144307093163943,0.500563161833646,0.0032502857093489688,0.0003866899035715424,0.999257287634797,0.9756287616502747,0.41423738775249697,0.48804529018448073,0.47432666726440653
3.487699443874396e-05,0.0010508111030602162,0.0010251276521730246,0.5801798986606517,0.0003827180159368302,0.5809415866492442,0.0003542871356685773,2.052397821938127e-05,0.0003823516877206731,0.5818321524602342,0.3924827145450116,0.00029646924608934156,1.5930990452654563e-05,0.00027470847627300565,0.5004166532314565,0.00041994736789818896,0.9983887164352686,0.49194897734999843,0.9788780194221474,0.4397776157356754,0.5093479099705728,0.44918208345490834
