obj_0,obj_1,obj_2,obj_3,obj_4,obj_5,obj_6,obj_7,obj_8,obj_9,var_0,var_1,var_2,var_3,var_4,var_5,var_6,var_7,var_8,var_9,var_10,var_11
0.0003209211814659313,3.821684807278802e-05,0.8930732083487577,0.0010518787008101395,0.001403802954716548,0.4541315540740407,0.0005902076948825995,0.0006590264356512363,0.0011062508185564308,0.0004823720488334744,0.0003065026293462298,0.000702919832352197,0.0004232443634988994,0.00038559136564027106,0.29948316840712175,0.001000687614076734,0.0007528258640862715,0.9997696176504258,0.07545641621768862,0.535804195307814,0.4763723418349056,0.49173480115267576
0.9061041204578898,0.00027782112343974034,0.01459618264303796,0.001004674291654095,0.4594807935943651,0.000559619626797768,0.010119513280344055,0.0006494404572049519,0.006121860845467077,0.0002540486406246957,0.00015845580449724427,0.003847156365965815,0.00040898871215833816,0.006533711646938917,0.0003486999836573909,0.2969554583626287,0.0007037000017393936,0.010227466457028166,0.00019698933076001124,0.5260807661397684,0.43138366272084533,0.3720193892510102
0.00012537213854848373,0.001582992771928362,2.2353101078515855e-05,0.5767527111115781,0.5777150883556786,0.0009878907023241172,7.047518176350037e-05,0.5794287953625267,0.0030520336958894064,0.0005132072765083396,0.0003241338348864376,0.0019635560070898044,0.3940387094181254,5.697190266272707e-05,0.000764954331341532,0.5024980216356228,0.9981684318028863,0.008579162416335762,0.9497400428615415,0.5051279785676401,0.4209601227591084,0.5561032586509321
6.56233537978238e-05,0.00253279509835139,1.0,0.00036948067341386286,0.000883962343013219,1.0998987032986572e-05,0.0002285584707986746,0.0008039614570909756,0.0015145161571917469,0.0019504429007430454,0.0012364800207924076,0.0009682642418313507,0.0005150695481828449,0.00015012352009406092,6.971841345965429e-06,0.0005603103257344362,0.0002351379616120034,0.998367949462249,0.9836594127704046,0.4525144885246257,0.45567834151372677,0.4883952764924773
0.5866598149340033,0.008422510010782128,0.0008431156825209465,0.011490107103737244,0.00551888242773715,0.0005954852940841508,0.5580724098922157,0.0010477772319672921,0.005349900065371301,0.58592128275185,0.39468310685718627,0.004149558976206341,0.0008127023159790444,0.49283708296175477,0.0006459769239679503,0.005986922771857032,0.012465713671122619,0.0009148205207733092,0.009139143200853359,0.536313476587653,0.5805448067293756,0.5254978407439488
0.005220362579114294,0.4516102084383405,0.00033528860857374174,4.890578082447427e-05,0.8946462782315462,6.879700363544513e-05,0.00023459293893107717,0.0007166391948485111,0.0009756606405980112,0.00025184144871288753,0.00015997786117989747,0.0006197714127629151,0.0004552327376149534,0.0001532208565207518,4.370212346688218e-05,0.7023797614745623,6.893621508617751e-05,0.0004726134510143722,0.9926413576085249,0.5425966744128837,0.5131320330436697,0.4859629293949841
0.0004986588047029171,0.5630593016173266,0.5826915540831634,0.0011290982528214628,0.0011621175880293891,0.01292002854585997,0.006826870581146966,0.003937965502189173,0.00033016197987357837,0.5878685579447626,0.39951402300310657,0.00025935262748653974,0.0030934081989631244,0.005513987602724611,0.010150020194683501,0.0009130413729264986,0.0008870999544355023,0.5109071829475853,0.9994361944277796,0.49409066110441036,0.4925872026752114,0.46677208748942467
0.5715706173339391,0.008750384718357686,0.003974761627622259,0.578187546293816,0.0005630117892081301,5.417201674784962e-05,0.5791813940611689,0.0002819728718753291,0.0006969757700220555,0.0015007977650152422,0.0009480182901393241,0.000440263394741106,0.00018002724993638032,0.40243879658644743,4.241563605871966e-05,0.00044082732239247033,0.5036187559276343,0.004426530176305126,0.009745484823983346,0.5068876781812629,0.5253132368777561,0.584488019408066
3.378483727203863e-05,2.7496340248741842e-05,2.1343167546131396e-07,8.23301551012702e-05,0.00014013488298757296,5.407775107045634e-06,0.4379255306040671,0.00034648242176066205,0.00013865912283914905,0.897092478095687,0.7038564494903546,0.0001960460929991278,0.000489881462820801,0.9997619702605626,0.020452769877640532,0.6265456972534743,0.6901882241899989,0.003119239729237777,0.43489979146987867,0.4916310005637924,0.5606661004463082,0.5005638702359161
0.005455465005175717,4.15348911991655e-05,0.5877623879900113,0.00030334760209426033,0.0005350186059774999,0.5851909635755186,0.0005435844365241462,0.0006083325544461431,0.5902698579640654,0.00030570834679843857,0.00019117520989078677,0.3937559126597419,0.0004719333268850372,0.0004323419620086686,0.4985904770734271,0.0005794664966240518,0.0003298649640360882,0.9940910512867529,0.00484677696123007,0.43867173731216597,0.4277448413154994,0.5950629169536557
0.011412550403811826,0.5761188227167635,0.004153326049309752,0.0009170117208100747,0.00036003822812757724,0.583265871214588,0.5574600241830343,0.0001298286405379105,0.0011068476329230228,0.0006320102323360872,0.00040115852540816954,0.0007025543107585272,8.329111892723876e-05,0.3907330375100688,0.5038532315851667,0.00039775860902438454,0.0010171432920977636,0.004588506693009326,0.987390613135659,0.5174477208522782,0.5198422889678699,0.547671115545403
0.008511771718302743,0.0013742289616204975,0.5733840562995869,0.0006911766817227016,0.0060792786794529085,0.0014754096731353168,0.5585195792802644,0.5884909965934814,0.006150363801898764,0.0032269686206108377,0.002049211003449153,0.003905682779132082,0.39940696671739195,0.5004305863249076,0.00163784336616297,0.006748711830958378,0.0007673160523786423,0.9904278511025192,0.10190317907502468,0.5256384405340957,0.49709103624165785,0.542950230176893
0.00718678320414898,0.606117719386587,0.0018739856845520232,6.841010750701821e-05,0.59614027905732,0.0008441616760844017,0.0030022352575316785,0.5934930345363587,0.0006772113567757755,0.0011874412242602285,0.0007265165204185796,0.0004143409179212358,0.39116983333224975,0.0023114178246217885,0.0006321081740251447,0.49469297215412594,7.213513524809972e-05,0.0019681468579611505,0.9924519053848717,0.4967904572247852,0.3411088553923756,0.623509954127669
0.005401893274966572,0.57472374812072,0.5704656866765615,0.0014256777105625428,6.600448993544822e-05,0.005727331538943066,0.002100654112004537,0.0006105569573222797,0.5727193675151885,0.001941446207351258,0.0012344928868125624,0.3913574324428535,0.00048015416780061194,0.0016936760048825385,0.004456316841762209,5.148845450748756e-05,0.0011137518862897478,0.49387277850176137,0.9939762922112287,0.49942928600256176,0.49308848900916874,0.4609702496768171
5.4559247456807606e-05,0.002515663812225323,4.3363745693796206e-05,2.6083784804000105e-05,0.9006445191648065,0.0008911277540595703,0.0005553941735467532,0.00021431127702248765,0.44686920160049676,0.0018322078676403192,0.001160135860131516,0.293210437573938,0.0001531107485818969,0.00040364168250489607,0.0006298901906147216,0.9982210313597067,0.006624481591580383,0.010970065161908502,0.986195273271177,0.548753106308048,0.4542517020150066,0.5307782592596342
1.1682380504928755e-07,7.923500526354194e-09,1.0820489337987677e-05,0.8919158284636047,0.0011916981533378712,0.0002546368175952176,0.002123652027395385,0.44787438972403787,0.00010291445552710766,0.0006725311700160129,0.00042669284808975337,6.529491977315914e-05,0.2979677509891855,0.0015522878166397578,0.00018102602468156662,0.0008472005377926084,0.9999923070565322,0.9931111895365462,0.04311230581216238,0.5328752673585994,0.45662899606400287,0.5211036612365394
0.0025296782057449884,0.5946788229191075,0.0005610880176100868,0.0049361802288502956,0.009546145336975094,0.004092091316729689,0.5786142487670736,0.0009900078045621318,0.5904195275781081,0.0002591226381019751,0.00016050554600088125,0.38958147716877656,0.0007572269433929824,0.5000669083995071,0.004379868659236243,0.01021808032253596,0.005284142995528346,0.0006006542935737364,0.9972919273602322,0.45948967694560056,0.6553956612794316,0.544496387528004
2.013388429224367e-06,5.343329042018085e-05,0.0016081131624855784,7.247816980976181e-05,0.001566710048379125,0.8989016485201557,0.0023688873894569355,0.0006916936072383312,0.0034948176152120583,0.44758515134518795,0.2925717525331274,0.0026495250471969102,0.0005348901694887213,0.001793421306822418,0.9983985855892924,0.4845839122391178,0.02878805503454225,0.9779506267617468,0.9758831635481338,0.5306761880451583,0.5846244160121835,0.531117439057764
0.0013469535623948103,1.2819942366192095e-05,0.5845172380260121,0.0010379948425682677,0.0056839444074299784,0.0030290255405641506,0.002142134954558192,0.5799540216534353,0.5796144231076783,0.002141716660554481,0.0013491859347129981,0.3888665135879408,0.5008801804832279,0.0023986633988109674,0.0032988264800899395,0.006190376866421028,0.0011350432770457493,0.9985329182191203,0.0060589931173656774,0.43159403661119167,0.49131077507083726,0.42367813931034815
3.9407762073962566e-05,1.006970160650705e-06,2.6149466002165684e-07,0.6067416079474942,0.0008195218362655349,0.001578715373644115,0.001372958200283643,0.6078202633666183,0.6076338269211669,0.0007088453375772045,0.0004289394760555481,0.39199974658421355,0.5005631637639115,0.001472232025380808,0.0016564518102022419,0.0008598775486072704,0.9999586372497101,0.004222922084780756,0.016263741267607823,0.5990900560696861,0.2947517000691263,0.48987735404349253
0.0023884007586856583,0.00010960039780190488,0.9244267041961469,0.0010612521684836259,0.0016121105879425292,0.00022809786955183388,0.0031973049767172815,0.0007159599191656777,0.4611791165116101,0.0036158969510185213,0.0022282139723137917,0.2945940905395912,0.0004930501615973437,0.002263900853964915,0.0001570820141927899,0.001110197619322751,0.0007308438347396162,0.9983534661909208,0.029193118495322745,0.4557288885118923,0.3727858139820703,0.6222758613093419
1.7192954553683232e-09,2.048986029248459e-10,2.0292167205148767e-06,0.00011652000036741083,5.476084941259297e-07,7.332679490880014e-08,2.7522916002439714e-08,2.5322051488696123e-07,0.8997832071353749,0.4502095583838161,0.29534717669599364,0.9999175454774532,0.0013832704770815052,0.00015458711606309683,0.0004005637534171601,0.0029914433087134765,0.9889142689967058,0.9994567940427468,0.07551358175774875,0.538637152523837,0.5642900357738906,0.5224590847173621
0.007054891364759355,0.00015147538539099506,0.5807464059259351,0.5828247041869251,0.00017222479621352644,0.002492532611349607,0.0005398137939750606,0.0002296512048875917,0.0008769385533237057,0.5787990939945806,0.389022599632296,0.0006815031489710142,0.00017884544514326758,0.000430996606974602,0.0019205022813576231,0.00013270524274753382,0.5010044895450828,0.9921208082491646,0.013575509730980373,0.5483207646047679,0.45320713635570375,0.4345865174316985
0.5770777556580793,0.00016917569189835258,0.0005392613412406505,0.003456085565122413,0.5846430713689028,5.371165549023762e-05,0.5653587219258444,0.0006396523185161783,0.006081542674072027,0.00025616264651938674,0.0001620463408024103,0.003847156365965815,0.00040898871215833816,0.3920401520571193,4.1624468145821594e-05,0.5041398069533918,0.0038279025378994413,0.000594901318342167,0.0001866309805310239,0.5294800233906077,0.4704204390822504,0.5679978209713198
7.617829032663989e-08,4.247283251031237e-06,2.707413467236579e-06,2.873565214674885e-07,6.351315708394274e-09,1.8803866560650652e-08,1.3592335357355084e-07,0.4472471770298918,0.0003272878778807178,0.897345350919846,0.7056422641081309,0.00046586743932779747,0.9999928152192981,0.01762863346682098,0.0023725414836988958,0.00080136889337723,0.03627647851476924,0.36123479813628695,0.9885829591142378,0.5407997326180314,0.5280223041700755,0.48672987923710487
0.0034757374551416345,0.5891629264489988,0.005342584847836071,8.838746057541532e-05,0.005969863467261313,0.00021772095544290047,0.5715889531053142,0.5881913225551952,0.0007475108028977647,0.0011692413957876554,0.0007278060064158298,0.00046529582310889106,0.39489664716837336,0.4991722382927466,0.0002352324411483103,0.006450135424116932,9.55014473449649e-05,0.00577266931455906,0.9962443368064711,0.6041234871579433,0.39910668276181566,0.5415588093842142
9.429435701050914e-07,0.002839184646962268,0.5836659973553282,0.000364219017933129,0.0005472353064107662,0.00030765335478579164,0.00013623844047045737,0.5829270777405614,0.0030948791899398317,0.5920642129709288,0.3946961596710609,0.0023756759314652203,0.5029905500273995,0.00015398078529697462,0.0003355613479709737,0.0005968765109478046,0.0003988496291347215,0.9969032512853306,0.9997885672918362,0.43356518308182695,0.42324730683696044,0.5932487433998538
0.8957641394103705,0.0035319472452247373,0.0007470336358057907,0.0021678146487299427,1.4964022755057693e-05,0.0010651654565003801,0.000325684122382319,0.00023057589737551337,0.0012689124945856238,0.44767961242159926,0.2950488413671089,0.000901805093590002,0.00016386839989180474,0.00023655010956544285,0.0007570046045647424,1.0634816777825963e-05,0.0015406508316988497,0.000530912720436656,0.00251014268163402,0.5295548977706213,0.5214786177151763,0.508928128123427
0.0003943861181185545,0.0003424258099749543,0.0004963016944423225,8.687220234490392e-08,1.8225340910348368e-06,0.8981688371522005,0.44852543768008096,2.5112268547125912e-05,0.0010791823306150125,0.0007176312322232713,0.0004524939085362795,0.0006804659330511826,1.583425642969879e-05,0.30198078893912617,0.9994893143594937,0.0016103662030490626,7.675925407980583e-05,0.4837555881818624,0.4551794888721166,0.4484482314942065,0.4994637885593805,0.5835898053975479
0.005194187979345974,0.583896098013413,0.5881206727600221,0.0008519727226366742,0.002682541354300858,0.00041401563857130765,0.000315462664352331,0.5841084040099949,0.0007826834897915445,0.0004224834336041902,0.00026526807587587685,0.0004914298632287847,0.390842861052241,0.0002491525130288617,0.00031802711454549627,0.0020606044016461557,0.0006544485063494666,0.5022821141454438,0.9943369452895974,0.5103433866291763,0.4279988253617752,0.5929059350828974
4.133773138456959e-05,0.00188677071662185,0.5828634338225959,0.001167762217370581,0.00034715303213357103,0.00147536884844742,0.5790656694464366,0.0031368713799011954,0.0053574289516841065,0.5721353110377774,0.3872308259067681,0.004151049842372532,0.002430554981042682,0.4979158327181529,0.0016114237831025965,0.00037916747445825645,0.0012754542184920527,0.997938728820821,0.9860543693177171,0.49922448631561145,0.47480995621867117,0.5240796083028286
0.5886322818165649,0.5907553524227405,0.006333404541760844,0.0012974700000980323,0.5849868562173133,0.000185909965086096,0.0021054750127846413,0.0008845930874784061,0.0041297632191288815,0.00030267263672980064,0.00018914988302597992,0.0025808292446953497,0.0005587480784488633,0.0013634641063273094,0.00011618239731282483,0.3894152378695496,0.0009943936313404535,0.004834668791283487,0.5011460076626502,0.5780259521225097,0.39573630793409237,0.541751156917071
2.541550172409435e-07,0.0015039300433794989,0.5866420775205554,0.5867029208551215,0.0049970295831769105,0.000987584516037965,0.0008754670705188215,0.0010912923787945053,0.5912296922061806,0.0006093504034925945,0.0003802605431768147,0.39354270557556653,0.0008446314473530558,0.000689287297272533,0.0007562494319313462,0.0038265335826042635,0.5013043667338313,0.998367949462249,0.999892415136998,0.4555988113666779,0.3727858139820703,0.45528227902108903
0.0012689840035779805,0.5718192209852815,0.003976034317476714,0.578372677754034,0.0014163671396007107,9.135472194683077e-06,0.5689974257068297,0.00047065149830520465,0.0006928684157632146,0.0014731887659985756,0.0009360948678193703,0.000440263394741106,0.00029906207632567105,0.39697283570815356,7.150598452585703e-06,0.0011086321079279518,0.5036187559276343,0.004426530176305126,0.9985872126160688,0.46936164089276733,0.5253082645512049,0.4824515146941776
0.004742359269038552,0.0001444621212917136,0.5742303095106962,0.0006285303957301047,0.0003730133897598639,0.5807881595411215,0.5664923236407763,1.0802377651443574e-05,0.000653434933675822,0.00045559230654043686,0.00028971198355425345,0.00041552053129705383,6.8692537040238925e-06,0.3925633651988616,0.5036033761825773,0.0004135264446368686,0.0006967954381231715,0.9947400697391708,0.019386766518934173,0.5191301787066055,0.4968985570298222,0.5274492096904632
0.5746002919423355,0.004912000286092278,0.00104050068993861,0.5773557783733176,0.5971424700173845,0.0007112734628215246,0.0008148841262599649,0.0007691385922418812,0.001080246442998913,0.0009280153240844489,0.0005666086335415932,0.0007085397663837145,0.00048397168071152136,0.0005311484165211827,0.0004338834335602046,0.3923629589708873,0.4853496163629762,0.0010974978079674935,0.005379779676128993,0.4577828258172042,0.45768558534827747,0.2998699158609218
0.0006607973196526501,2.785153353689095e-07,0.5724408765065372,0.5774936935242168,0.006217589674107085,0.0016427691789676015,0.5578809054591014,2.5296598906980077e-05,0.0007511526498468916,0.006658846866485664,0.004208824824476226,0.0004842772771150364,1.6159151109968687e-05,0.39824336888831496,0.0012807711114626082,0.004897156138814519,0.5026888443775066,0.9992332495690114,0.00027284636675241856,0.562179654693316,0.51058169361712,0.5578441520277762
4.430880491522781e-06,0.0013420271790969764,1.4640644725744145e-06,0.5871225694832882,2.2139333983605616e-05,0.00015067231140342404,0.5713152680530557,0.003961953773893632,0.0007456274831797625,0.5843299767010712,0.3912215484225195,0.0005732619346792102,0.0030460875128929424,0.498234475600552,0.00016337426768471184,2.4005721576633797e-05,0.9985448273346975,0.0006945067551700609,0.9978981231346749,0.5415119395712182,0.5238431847337264,0.6056408341528051
4.488034561193254e-06,1.176561255112174e-07,0.0004106597399320817,0.44723980002428826,7.533635856954149e-05,6.447020187454734e-05,0.0015891330033277866,0.0003081698779261248,0.0004847835944258716,0.8947222742934332,0.7048998135296495,0.000690055827163612,0.00043865865630714646,0.002325775235845587,9.176953184658206e-05,0.00010723686659130086,0.9994154150419873,0.9930403713051,0.016685491826148223,0.5098763741235877,0.5024879105836788,0.48682761955721543
0.569227791321639,0.562451492915772,0.0010530111228602276,0.5709114114010398,0.000490768636182442,0.001007084452009468,0.002899100393662084,0.001641451639009406,0.0008262824437794714,0.0006988528426733492,0.00044180644629843516,0.0005323072152732208,0.0010477378956291195,0.0018971843045900506,0.0006359996799888414,0.0003131050090797423,0.3850386295814794,0.0008119253294282371,0.494029817177643,0.5078897752435263,0.4113905062690679,0.5126119471272257
4.537679931256908e-06,0.0019064074158585173,0.5888048120811427,0.5941983589187239,0.00033405234950064657,0.0001910068234334919,6.232228189462914e-05,0.5670079320199676,0.0003083909708447349,0.0020407056043893765,0.0012855552170530997,0.00019427308164553757,0.3792232410136549,4.8765963863997824e-05,0.00014536250902169004,0.00025422489589441806,0.5029007877347585,0.9979387806838086,0.9984847041165117,0.44753355026750014,0.4677070661061378,0.5823583930316892
7.181536538965952e-05,4.901572356266406e-07,2.7844781240286757e-07,3.582039190240786e-05,0.4481922723591713,0.00014085422918226615,0.0025775187311702385,0.89729832066155,8.413714712955875e-05,0.003041046645590362,0.0019301760219212344,5.340266713409181e-05,0.7050876761117125,0.0037642845156889045,0.00020007168454126055,0.9998860044623353,0.2945400573033418,0.0024682791078256476,0.004345016429326318,0.4525675211185696,0.5272316915706647,0.4952565758612863
0.007373740739245074,1.1852583232549524e-05,0.9038445419925949,0.0009092496575919992,0.0022263415293699413,0.001051389684453715,0.4449978424017531,0.00010346454124266912,0.000909184826601176,0.0011674502929510723,0.0007336230538203955,0.0005713299639303759,6.501693259639762e-05,0.2983144827539149,0.000740515084745558,0.0015680597986090909,0.0006404053196360487,0.9948064397616978,0.0010233045353341963,0.5648999931085358,0.5795874799480357,0.44961876511875687
7.81737673398535e-05,2.0732162394438576e-06,4.212163009059032e-07,0.0011889667748068511,0.9043626175295725,0.0011088596698893916,0.0018324936265186947,0.4498313310914569,0.0015183984914864453,0.00330115731212879,0.002055431288299153,0.0009642128664906797,0.2966778987074798,0.0013500170510643088,0.000772665399903032,0.9991539913023184,0.956016142528655,0.003213243154689238,0.01678149655504263,0.3600648124844189,0.5226699973931678,0.4491383688555928
0.0005071641510026195,0.5817937457597911,0.001635136965693884,0.006062520695997827,0.0002544097118241562,0.5813042909522083,0.00040296142764242095,0.0013351087500117905,0.5853108844251165,0.000925598918755628,0.0005837265666120988,0.39375428940375623,0.0010445230994580873,0.0003207002410738041,0.49971326982952513,0.0002783678570672035,0.006660128722365189,0.0017892206544686262,0.9994450427717145,0.48794075459650843,0.4099850645466248,0.5349603455905478
0.00847797038470544,0.5822963167538817,0.0010323741956670518,0.005667709551751661,0.0012846804697746934,0.0007214475017813562,0.0016613325523826968,0.5760214694130772,0.003636084147045463,0.5830156618729944,0.3937885333175231,0.0028258977563822146,0.4964996393735534,0.0018672079443732836,0.0007886281220366293,0.0014043107553577694,0.006195598220509965,0.001128565421564232,0.9907317595874787,0.5024398411347009,0.5672937128209716,0.530016939163665
0.00019610799100228655,0.9293157343416265,0.0009652454841945761,0.0012048667866444223,0.0014715416072428086,0.0019145080700502478,0.0015102813939366203,0.0006318406306008062,0.4680603482231173,0.002302789904144047,0.001408885892047249,0.2970275566751418,0.00043283429791299424,0.0010345994600699732,0.0013115119926598604,0.001008064699537718,0.000825382731069169,0.0006612328868013282,0.9998656579049244,0.6876201973411296,0.4345512388850887,0.5324897865306356
8.703435754291154e-05,7.36723544337605e-06,9.150971213008154e-05,6.272212293536642e-05,0.44509995556383525,1.6560548066790167e-05,0.00026665549014862587,2.444022340066113e-05,0.00019622573364105853,0.8978427952807299,0.7070040566248056,0.0002806586294943265,3.533162281397439e-05,0.0003921416455963919,2.3686301633106814e-05,0.9997978843665645,0.2940442513097965,0.5148190784807168,0.05376007719669801,0.4665643547079551,0.4797502184838042,0.524241719700774
3.250307379840281e-07,2.305892919777396e-08,0.00041660859516549616,0.0003900157287335598,0.45315492351457826,6.515341600201268e-05,0.000333052274315304,0.0014120342380434772,0.8956106751934468,0.00017343542585923099,0.00011017427250818788,0.701796402904736,0.0020049921767060774,0.0004848439822146696,9.153143309641572e-05,0.9991967734724602,0.4802891624516413,0.9994906025166936,0.04478860982969485,0.4594791973498984,0.5034302079531526,0.5455471194383226
0.4622671439474369,0.0003770689534880868,0.006056634096019508,0.9215348341568389,0.003954159600606134,0.00042315654611977684,0.00014069375929501657,0.0007190975759664304,0.001820346813091349,0.0007327662529538581,0.0004524641936004619,0.0011240178107995212,0.0004487901476992272,8.932322444245641e-05,0.0002612887399474971,0.0024416022390726755,0.7039824817566658,0.008340525990354201,0.0005192873887747919,0.39677283350083015,0.5796553584258517,0.6183455767973627
2.7619255805922596e-08,7.513799027991118e-07,1.6925335556420857e-05,2.31894121507424e-08,0.0002057694351633143,9.523807353344503e-08,0.4503456057580218,0.9029151030769799,0.0016033407130232494,0.0029237297653494456,0.0018447071517192896,0.0010116200333554757,0.7054602479757115,0.9997081349026056,0.00029365861101821614,0.9477018213502707,0.0008713731864539705,0.9717375266333085,0.9766096330286418,0.5792163626958249,0.5120942618609085,0.4492356935926348
0.8970307388534214,0.0008326275211673517,0.0034095858975983287,0.44870171094720845,0.0004893167267865895,0.0011288993576360892,0.005938979093253433,0.0011257776926036959,0.0014170898701902843,0.00028066667462063735,0.00017813973280423083,0.0008994302645524783,0.0007145343675750441,0.00387574403527724,0.00071652942819636,0.00031057684109581324,0.29527107362283755,0.0024197592299021724,0.0005909128503683858,0.45253944756278275,0.5275070427280629,0.49650467655452035
0.4509009767059204,0.0001395223465096588,0.007281787699972485,0.0005430169717216097,0.004403481634259967,0.002331386645161511,0.0005653921119449472,0.0002852024580886906,0.898011298241633,0.00029138121749121753,0.0001845953882375969,0.7037094244537134,0.0004069155273025171,0.0008270306355772639,0.0032910290452740076,0.006216191284533018,0.0007696469124914751,0.01028014376441988,0.00019698933076001124,0.5274322163169043,0.4694069362996499,0.5566293759879425
4.4865200361622376e-08,5.2778580938831846e-06,0.00029152999663681545,2.1894077757341677e-05,3.262579066161378e-05,1.940303462627239e-06,0.8810321564977736,0.00047449337003946726,0.0009440926761736441,0.45346227342034534,0.29546587148956427,0.0006634875984301915,0.0003334636555127148,0.99979322884225,0.004198376435459281,0.07074132386128275,0.047713154872704645,0.9884754803921734,0.9945884513776603,0.43884296525024724,0.5724370935000443,0.43647949850101614
0.5676525970223699,0.0013271092412990985,0.004559278313277471,0.009882666575670314,0.00012129662433150072,0.0006848212929494623,4.951780553856011e-06,0.5886602976409392,0.0009427308514914103,0.5946031339864933,0.39852355801869765,0.0007297634201117711,0.5148996903768706,5.708828222719838e-06,0.0007678793767110792,0.0001360080697342759,0.011126235814784252,0.005113085704082865,0.0014883441884590972,0.5348748830480857,0.38434453575898214,0.48421958186876685
0.577104812854844,0.587208310743319,0.004512304983550713,0.0003027399416418338,0.0007313708828566176,0.0004982760605090132,0.0003442054015928911,0.5809106733923449,0.0015595731090668444,0.0006828693020598921,0.00042989176216883733,0.0009818101322515277,0.394374668834945,0.0002757886879588131,0.00038527623665091603,0.0005655095942479095,0.00023502182641575253,0.0034890169125916803,0.505524222783469,0.6024835564345591,0.4757617235599865,0.4873575423046716
0.5781090477726262,0.5897645496764675,0.0010769007907136096,0.002437288150773246,0.0006021228099406922,0.0009088837972480955,0.0011459332750192303,9.30033373437274e-05,0.5865942194269016,0.0025532885067116005,0.0016046373026040682,0.3931731104063094,7.246178621204987e-05,0.0009082470106034635,0.0007006214799717316,0.000464152164658338,0.001886335460533575,0.0008301433683445225,0.5063533216655408,0.6080063741919459,0.4804156603936097,0.5306172719194518
1.6489063292721643e-07,2.0110657577814335e-06,1.806594139129723e-10,3.485710312892188e-08,5.580536388483139e-09,1.724221828786373e-05,3.6789314723996316e-08,1.0,1.1736452579656034e-05,1.9054554274222468e-06,1.2001705616287163e-06,7.392324523404568e-06,0.9999890656495041,0.0013871495718136041,0.9258240573325173,0.0017603903559730294,0.010996311414052856,5.699798872514476e-05,0.94791898264243,0.45941232841247076,0.4135755770094884,0.540190799371995
0.01253060629094999,0.5752670805254857,0.00042468942371410375,0.005946168081857477,0.5891316758379654,0.0001159775897749798,0.00029552023060952477,0.00014261070666243673,0.0008363001078289409,0.5790668154353896,0.390144908185653,0.0006464914931257313,0.00011142660342287577,0.00023488646229405407,8.965508524340945e-05,0.5074872396826293,0.0066048827932848105,0.00046987134753318416,0.9861351870951764,0.4517451903266271,0.4796590739356287,0.563207719324958
2.6496897908863397e-05,0.001007796554600706,0.4547313841819727,0.0007090821846707647,0.9190132727062449,0.0001399159558229189,0.0009025281764566691,0.0007282957103861142,0.0014217640841441886,0.0006191553431112185,0.00038055246627304257,0.0009003757351460401,0.0004611204075846935,0.0005856943121792199,8.588057488988481e-05,0.7058504007283813,0.0009946108951466403,0.998520868115275,0.9831680877422557,0.6787097311804895,0.4570780092574791,0.5582956918753255
0.008737449061078156,0.5762458906883945,0.008476825742193356,0.003301188034745328,0.0002613800206876281,0.0007736936293351462,0.007634662133587731,0.5831784767128995,0.5956313966893264,0.0009553389017987848,0.0005935619107234847,0.3984893676488822,0.5019724259632925,0.008597921635168565,0.0008408965941378358,0.0002848077304692901,0.0036023216439319272,0.009253649862770252,0.9902829801993926,0.5640303731612673,0.3583509859112973,0.46440088167572324
0.004783911764458075,0.00012459798992212715,0.4508584985851017,0.0007080620364848991,0.0002898739843353112,6.329852489576008e-05,0.00017867647582436774,0.00030694007842628615,0.000768947805302059,0.9019115785495818,0.7037661865590568,0.0010903153409506977,0.00043613365406539983,0.00026028799097678424,8.89864227110147e-05,0.0004095354608921009,0.0009993963955197138,0.9931170824613508,0.016466498330154893,0.53646304069178,0.4766951403579986,0.5856856716988862
0.0006280706492573744,5.711915449890355e-06,2.677188933194989e-06,0.00030622853371639977,0.0006838958075495668,0.43951816832470864,0.8753271504864981,0.0011126974217454551,0.00030630251460138375,5.615386404417422e-08,3.5692125365709496e-08,0.0001946898598606784,0.0007072451125734654,0.710789981680508,0.9985837759748499,0.493148839074701,0.28879272336325373,0.0027135014397937918,0.005789504846500454,0.5381954871603725,0.5106336920756049,0.4965379178822862
8.747762107429372e-05,0.5757987842620622,0.00042522845852812485,0.5987940059297093,0.0005424730861212542,8.559429557419002e-05,0.0034401468516645226,0.5782418213367948,0.0003554998408709849,0.0010658254996736194,0.0006680229330913712,0.00022281521552674675,0.390308159514283,0.0027106205490804447,6.559477541651429e-05,0.00041572166310620056,0.5124615414877371,0.0004701447789295654,0.9999032822154036,0.5100202253749823,0.5017119753879608,0.6249753841459911
0.00463766945638662,6.356426104756099e-05,0.004989803837683619,7.364761145456037e-05,0.5784874104870894,1.7285301416969497e-06,0.5794848896624908,0.002011399469614985,0.5796837002094045,0.0014911804755641607,0.0009462279470035073,0.3921765583636877,0.001563792817234566,0.500526311939199,1.9020987138584e-06,0.9925028181301323,0.006882010567426933,0.5232448084062962,0.008725014172192534,0.49811177701522047,0.4884630451375453,0.5559120702522338
4.275844148039929e-06,0.00019884585583702433,2.0076392771257513e-05,0.00020823198034900092,1.2090208931388665e-06,0.5849322106519821,0.00080770859316209,0.5851225824231121,0.0008327171677169422,0.5842680300730144,0.39143652085696035,0.0006407462034142857,0.5001032205578014,0.0009038552531481479,0.999685835507449,0.0026664451244139643,0.5129907201041743,0.06404427615960326,0.9863126768435087,0.6097439941401523,0.47144070402197236,0.49945303208383585
0.5891164608062478,0.0013700355751353995,0.00397530962110504,0.0013828488668944298,0.5838670789884015,0.007903696344766021,0.0003541310649039821,0.0002280081098565753,0.0003598743252512698,0.5825711291178881,0.3897949804546646,0.00027620003821581625,0.0001749940159145751,0.00027179217743621343,0.0060661028923264405,0.49714200920977725,0.001494313857862121,0.004295781258964782,0.0014805055055315819,0.4597286518355618,0.4745093224828834,0.6065405445305023
1.7574003195123167e-05,0.00037595495235433034,0.00532697879547208,0.8929327421026322,0.0034568247253468805,0.44652973034771454,0.0007626418684182541,0.002365090421325312,0.00021414123810019383,0.002007081811746806,0.001275901321006652,0.00013728402897808805,0.001519421109957835,0.0005023108897092548,0.2941801865427204,0.002454668431995893,0.9962075683120634,0.9543684045663167,0.970063253027425,0.49476027569681613,0.4608422632011824,0.5047167458073025
1.165459841020688e-05,7.888908745340908e-07,0.0006500296021784215,1.675633755456027e-05,0.0007306966226021295,0.8952602201658104,0.00011296777490364188,0.4472262324197588,0.0003202880237775031,0.00027167482630120803,0.00017245251735630642,0.0002033109913842709,0.2976627828029659,8.324185858969843e-05,0.9993044019044655,0.5369945435724943,0.016470057165207497,0.9885609431429843,0.04302667310783445,0.49446537097118504,0.5535805235753829,0.49801564517856217
0.002561203067138659,0.44456936834428057,0.003375098784263855,0.003700915334415146,0.0019762503833861468,0.00011456507308786166,0.8873465609756009,0.0011891760064382684,0.0005154773794801524,0.0018516708667842907,0.001161476446277608,0.00032333798388751826,0.0007539270715056631,0.7113226621888435,0.0001640415089445152,0.0028297295231237128,0.005299318036110733,0.004832941358747721,0.9963324183106756,0.5506260429878173,0.3967724174558469,0.5412989447961029
0.5818992718979702,0.002657254533412215,0.5835920707497977,0.0008300093672922801,0.0026490608103663356,0.00041170230389305244,0.0005706431663131522,0.5748258120555245,0.0003746884274735297,0.00041016552741107904,0.0002589588240748988,0.0002365603047382884,0.3909202602664667,0.00045322652946402095,0.00031802711454549627,0.002046320068263667,0.0006437277599628595,0.5009213285074104,0.0029071165736658244,0.5554669530823829,0.4280810522473093,0.5097342356632095
0.5922424278110926,0.0005656311473295791,0.5988977742558871,0.5961442925302816,0.0027237506351060407,0.00044699280843801483,0.0001412468423588342,7.947037446769758e-05,0.0017605748964802219,0.00041080468892997255,0.00025310146800199755,0.00108471091475015,4.9488140122728915e-05,8.94764238640103e-05,0.0002753978087937027,0.0016781385694469558,0.39331184655595497,0.5035568509319122,0.0006080142959389388,0.39614658384065504,0.523587495535431,0.35186204889768585
0.0068766736972530685,0.8874988196621716,0.000735308549193138,0.0010781220260993895,0.002201963560568275,0.0011084951158295462,0.4405947007363747,0.005616571061682333,0.0010769941929185379,0.000881480553134323,0.0005555659270156711,0.0006840674293178816,0.0035749464398406234,0.2983144827539149,0.0007824128086990246,0.0015542828245219348,0.0007640253045100853,0.000521263540932182,0.9950341702588548,0.5636427096277901,0.42519004832641755,0.535800636843582
0.4428470813425132,0.001850017461758402,0.00016825534084804453,0.0006381472386328654,0.8984461469767024,0.002295794337834856,0.0004608288358752401,0.0010885355965573953,0.0007502898492903284,0.0005264701841198061,0.00033085324402026427,0.0004803172251076962,0.0006904501513802512,0.000299674783073277,0.0014407456467948774,0.705255457577131,0.000900273254879666,0.00022680470345715076,0.0026417383059525127,0.395388554281608,0.5095973216292206,0.5583522699453052
5.037419983631971e-05,0.0013568055614239705,0.5885045622560078,0.0010651114959331557,0.5787760909811593,0.0008458432815343965,0.000904172595896441,0.5686327542334272,0.004035216096656625,0.0012339005603699872,0.0007836920561457293,0.0025629106922873957,0.38403206969620496,0.0007170091077180611,0.0006523693575859817,0.49469297215412594,0.0011521890171045366,0.9985312555207618,0.9763750313328281,0.497576187965803,0.5173422514134217,0.45490995620442626
8.211090810293983e-06,0.0004559222031971996,0.01036188200982882,0.8977934919835202,0.00017838307880427577,0.004862370512738428,0.001332280510054186,0.002361598216040366,0.0006119621960410886,0.44513639194844334,0.2919973839249884,0.0004408595974349649,0.0016856706672842448,0.0009822581637742626,0.0034338589918632553,0.00012726656595648373,0.992642762397922,0.9712131560286299,0.9883669692970541,0.4998842224538674,0.5580373813675827,0.5448573409390771
3.0031189802400124e-08,3.053440451584402e-08,4.3603851171863395e-06,0.003028621630078217,0.5798463224826428,3.315704961395633e-05,0.5829297959883897,0.5763680716520523,0.0012832754133371676,0.004267387787726645,0.0027055631969132303,0.000813613561968695,0.3892247480505901,0.5016838550281487,3.6402999569494065e-05,0.9966748691796642,0.9990833984243345,0.9937473044314,0.5052892911982267,0.45729490376162485,0.4521183127957795,0.5020430888126515
0.0010634713617317677,0.00109947293377619,0.578745365980019,0.0012735658139363716,0.001992584704658558,0.0007102647033294038,0.5624457487197327,0.0005758523151052907,0.5713661886649848,0.0008359837595278472,0.0005281306441379061,0.392242726119323,0.0004501469376882263,0.5008505219522178,0.0007778997623953507,0.002204668666236166,0.001400438392781809,0.9982575494175573,0.5059421228336966,0.5515543545550572,0.5273193124604814,0.4279078995230359
4.230524379559425e-07,0.0015615134976799153,1.600563752364786e-05,0.5978655182840071,0.5920296044244509,1.8221498715830586e-05,0.0004434702146593815,0.0010597820773300172,0.5972691979013023,0.0002889858760096492,0.0001782258557286383,0.3923842055362082,0.000808824680126924,0.00034699499312453117,1.3758980969641454e-05,0.495604256711008,0.9983169291351823,0.006420925446000536,0.9998263645291201,0.5101633408004498,0.6790405014213662,0.532592795113553
1.0,0.0003396741408957146,5.14414138384548e-05,0.0011140754430700025,1.9504609899215175e-05,0.0012303943685635973,0.0008453446661397579,0.0009630418040462055,0.00040873526502497817,0.0002563701668582491,0.0001596984729551946,0.00025434100901090123,0.0006056970459243716,0.0005450859524169112,0.0007656302756226641,1.2137024872008271e-05,0.0006960263801921313,3.201018097393881e-05,0.00021479922729387133,0.5282535403199426,0.5742334845452487,0.3705305146453869
5.562463106533383e-05,5.8540693961547656e-05,0.008833841778236139,0.8979190236859497,0.001630437262107457,3.529244284426965e-05,0.4454228901154723,1.916436323247985e-05,0.0012735171934411139,0.001076988361931999,0.0006840117948349025,0.0008088307929698601,1.2171594958633144e-05,0.2931454368362066,2.5020900505731344e-05,0.0011559140616153856,0.993736793951703,0.9941805860100612,0.5162572982116225,0.5447189347546824,0.484445563427785,0.511281615730206
3.790786806508916e-05,0.002455998330461158,1.0087404776797221e-05,4.598893866836911e-06,1.0461218353929337e-05,0.0022276777776596844,4.17992478988548e-05,0.45795659960224844,0.9152473721641091,0.0003937140212590757,0.0002449074540925246,0.704640859900785,0.995389957611554,0.008250380545236705,0.46894667949781665,0.00271128735152886,0.001191926697546644,0.0026144319169497006,0.9901746748389031,0.3593552422514128,0.5589922795512536,0.5130770361252578
9.180043304678769e-07,6.697387470363225e-08,5.1061007912271544e-05,7.842998991771142e-08,1.0043973802419852e-09,2.5019525865422035e-08,0.4369110638603209,2.0751414518788924e-05,0.8956672671107321,3.007846930321841e-05,1.9110155455601393e-05,0.704042641226807,2.940795606093006e-05,0.9999276268235088,0.00031188803743336193,1.2520603087937685e-05,0.0009776918771452472,0.988525304982945,0.046363057525055595,0.5247066697645028,0.5089425528775939,0.4636869343225582
0.0034525520420461255,0.8922662819085364,0.46182005893100087,0.001361598737239011,0.00021670988937603738,0.0005194382892576689,8.098015265083354e-05,0.000725867863958386,0.0007886602372727864,0.0033827001145752475,0.0021434009166182376,0.0004997255385232166,0.0004648739858712794,5.275824477290222e-05,0.00032913630171450527,0.00013731582734174334,0.0008662179660248556,0.30405610486358847,0.9975366636953976,0.5113562705846071,0.5111110004750234,0.5667703940948319
0.0009436676626977297,0.0007258292026755871,0.001217478371512132,0.45036791243774427,0.0004189963928976857,0.00019810213469201229,8.435772961194384e-05,0.9031484390261709,0.00030480946315925657,0.00027401698575390827,0.00017285208107456224,0.00019227622692462944,0.7055114219650616,0.0001226038668696316,0.00028002610368078776,0.000592270002714433,0.9975929842607435,0.507127012594967,0.4173995550168268,0.5106729765730101,0.4755267843183561,0.5921983230617616
0.8934342670986328,0.0011735036579591427,0.0015842758978057779,0.001445189717423193,0.0006398595202581245,0.000763485043850244,0.0007265827154861548,0.4476979791307088,0.004426955405495254,0.0031685122132193363,0.0020141013106073314,0.0028140637843738535,0.2984554383431649,0.0005323172264742881,0.0005440216760765348,0.00045593239312043013,0.0010338962972760435,0.0011288792823836158,0.000836183734486155,0.5374474274698958,0.5103244542443015,0.4995055311168024
0.0026912519152355314,2.3281126406347317e-05,1.6910412691573852e-05,0.00014570747778062048,0.0003308292124090897,0.893104491421029,0.00042995740831902737,0.0009463970964395473,0.44404707676227867,0.00072429251555824,0.00045990284030839843,0.30173924384811396,0.0006958696102795385,0.0003240287970911643,0.9979273483319271,0.07333595672302468,0.03272983318000441,0.0037817491205393195,0.005475032053763651,0.5565638823626268,0.501115159544841,0.5236895154870738
0.4602106644971357,0.003072706510169651,0.0019572517341572403,0.0003503864201456543,8.388739750443348e-05,0.9292761217609925,0.005865696931438922,0.0013949022316215745,0.0011486317179893717,9.66388960102822e-05,5.9326244014057394e-05,0.000705140709673221,0.0008655158219388274,0.003702436113513341,0.7072558382830219,0.00011603965440040438,0.0004866234769364637,0.00270743371546964,0.00425048092790224,0.6838644420629225,0.44434609789915114,0.5105814684075963
3.452818461176875e-06,0.0007525045229923201,3.677210946545009e-06,0.5816498802571836,0.0006830742946740291,0.5792652566348468,0.0002258344653886151,0.0006322632523511422,0.001329950677678262,0.5826011479769536,0.3923282084070442,0.0010500272457500178,0.0004945996980681842,0.00018112020203922433,0.4974194436427895,0.0007522667110059509,0.9991528309828029,0.003025492738472974,0.9970359017452954,0.447462260238947,0.42780663275656894,0.4994955457240615
6.008696862309953e-06,0.00032647820120464084,4.39650488459486e-06,0.004573970179028621,7.987885866536668e-07,2.4621328048776613e-05,0.5634832175254411,0.577495056696577,0.5793145508505414,0.00020470958322271334,0.0001300112478153869,0.39228058318128095,0.49896197418625154,0.9949612386071034,0.003418141342027314,0.00011089566483410076,0.9546249006289911,0.008571043730881266,0.9882845978866874,0.5045265771373403,0.45727136806714225,0.5233510168983948
4.6496456661631154e-05,0.0011255359591097862,0.0010808770652292862,0.4622351554340487,0.0004276214219649663,0.9221918343938398,0.00027177287738420325,0.0008167008475907557,0.0009404569557983166,0.00021826080329170067,0.0001350454902692184,0.0005915929447296625,0.0005090233162549691,0.000173660702334154,0.703181650483145,0.0005925976621467088,0.9978172767469607,0.47799300584278054,0.973329116726944,0.49962250473566144,0.6722295683606608,0.5521702360606144
0.00019202042336050585,0.8883061656700368,0.000984285562824813,0.0046710802128172805,0.0002205543290813792,0.4581652101754416,0.000496870887989432,0.00012770462055633328,0.0007570221354942413,0.0009225772148722591,0.0005803339602661805,0.00048015576730825915,8.116906558771063e-05,0.00032377863017178177,0.29898864865950836,0.00015553635096863356,0.003307285184386999,0.0006971513660667765,0.9998614601414494,0.4358400806401496,0.4101579259294941,0.512883780086
0.5791512974285362,0.0010451131142818603,0.5815409884518128,0.001254568311155446,0.0005426247884153296,0.005006645598375375,0.5658936930121723,0.00011401856492933257,0.006366328407547677,0.008071055716680577,0.005106988677634949,0.004028429820105511,7.21486372149141e-05,0.3925923442524931,0.0038834490470219755,0.0004208969794008174,0.000973129695629693,0.5013101843349613,0.0011488171634183612,0.4804088724413018,0.48948521794984234,0.4249888821137101
0.02191408949261352,0.5741171851178644,0.5771924642046562,0.5812165450449487,0.0005873058135666381,0.0002587205303212524,0.00023192812063083584,0.0009674318946736733,0.0009414824007857131,0.00017344677383843239,0.00011036134098096901,0.0005990499237068651,0.0006155614417962836,0.00015173106197726165,0.00016461979336641734,0.0003736934570260221,0.3946066108397376,0.5014687700522459,0.9757119737055042,0.5103271461630887,0.5062183909789775,0.48042976904513424
0.45612679882238605,0.004892549636245107,0.0008088694001303049,0.00026604407615114805,0.004828052025846411,0.0002756043773694641,0.00012365960384245252,0.9234345285020418,0.0012403458051107531,0.0007012344411979208,0.0004334308983832008,0.0007666543142182593,0.7078943013225998,0.000177436177479532,0.0003846188176572945,0.006737899356972693,0.0003712978316068871,0.0011288792823836158,0.006828308268696015,0.6524932177318756,0.4180665364302783,0.49951019177564093
0.0024800149282757857,3.989829824512827e-05,0.0012871362949588843,0.5747935480979315,0.0003859486012493879,0.00317835254077512,0.0006727131526983322,0.5773227946177829,0.00016202666178998906,0.5861798949775653,0.39484472082231287,0.00012676711477479976,0.503513944352914,0.0007689649685463096,0.0035061015446938254,0.00042683680758052783,0.9968584244666971,0.2999571558842973,0.01017263255187173,0.45952478641854905,0.5129791625548022,0.5820766843426088
3.980499781298681e-05,0.0026239353677897544,3.798688028605773e-05,1.48509964620755e-05,0.5840932210793326,0.0007682594867483016,0.00035446508373354347,0.5907566085242653,0.6005773673832756,0.00095578070924702,0.0005935619107234847,0.3984893676488822,0.5036071226776186,0.00039722497366852585,0.0008373388741506164,0.9971394431586037,0.0036023216439319272,0.009214681336673991,0.9903432434486503,0.5640303731612673,0.3583509859112973,0.5308265565134305
6.835225304782758e-08,1.2360849958252911e-05,0.0006857201501440218,7.942488506358021e-05,2.0953883386605012e-07,3.0922232233781882e-06,0.9087882978888677,0.0008609753707813871,0.4647814852698096,0.00038673154881424364,0.00023591235760727088,0.29384757392960476,0.0005865944385683078,0.9995296056101436,0.002851265468421107,0.0001932120685179655,0.07339879498011939,0.988525304982945,0.9964796957811506,0.6623342455648042,0.5183147046319255,0.6300927249876931
4.849429299264229e-06,0.0013520129676586085,1.0237591986211352e-06,0.5804771198210383,0.5749854662350042,0.0002154678370109916,0.5605256730723261,0.00042795366377786965,0.00037055273687656716,0.0009492427819201065,0.000603577780560415,0.00023561671985813636,0.0002750355354015773,0.39048424706685814,0.00016754758523068736,0.4957011361788426,0.9985231310018782,0.00048205235201802255,0.9977165682496107,0.5101758615922307,0.5024380612565797,0.533141537489764
0.004291957633536516,0.0004621082853892232,0.5811121842403507,0.002811382185146251,0.0002831863686664525,0.5883393208051992,0.0005695442626129656,5.283435348674184e-05,0.0008850444448443029,0.5878146664942014,0.39275170872238824,0.000701450288141209,4.186570522149858e-05,0.00046256529198189164,0.5025397975709549,0.0003120411960589181,0.0031238613286856854,0.9949537764919899,0.06788682800589235,0.43890042672500335,0.4761640482678767,0.6083378371637095
0.002796288495762217,0.0029285077569711077,0.43880391036823474,0.0012889066914981333,4.893256295876108e-06,2.051532472731882e-05,0.9044357506187034,0.00013599323672829847,0.001212585126295628,0.00041034065424821054,0.0002598608886798565,0.0007679071989800179,8.612198368439835e-05,0.7124192829366884,2.9762380635775304e-05,7.0988375017752385e-06,0.0018698698291935959,0.9941256726478218,0.514700686356742,0.5498603213486118,0.4476230956965795,0.5065586325402774
0.0006474342146249214,0.003708079173894584,0.0036427007316511707,7.105857999333454e-05,0.8943215976415332,0.00022646545114384734,0.000127077313538514,0.0006232951391674785,0.0036075608562410686,0.4506443954957482,0.2971414365291832,0.002567970378589882,0.0004484442113619825,9.373536047136034e-05,0.0001612058408769137,0.9962391567544634,0.008596902585376764,0.4843741692016458,0.8892298720368901,0.5021254323658397,0.464181860567347,0.48665912488049096
9.895463720688294e-05,6.89509727766117e-07,0.5732320103934472,0.5787905927515002,0.5765337316505467,0.0007319515539672064,0.00017223869533832182,0.0019176807811697,0.002507894514036519,0.0030436005278752106,0.0019205354213333874,0.0016139357616226434,0.0012227704306627986,0.00011488057231352047,0.0004617592259936084,0.3916820887424719,0.5075923965318593,0.9998853343922739,0.004510600262742248,0.4243438208861151,0.5567524161914095,0.48605179012423105
0.003850704135785656,0.5715628774491962,0.0028186523351878376,0.00025168772573731666,1.2465717798565557e-05,0.5737451223638269,0.0011282963030649377,0.5746341049311737,0.004959444460957365,0.00206881508417878,0.0013149263215860344,0.0031782369228514386,0.39363453485108874,0.0009116570770861369,0.49607509540261335,1.3730150750601664e-05,0.00027695169213136405,0.0031026507940007135,0.9956822302578217,0.4623107654301729,0.4791992198573741,0.48913034208876116
0.5814363297880345,0.007973833325257924,0.000977460336075405,0.5871154135468507,0.0002735714867022264,0.0006173327330435402,0.0005694153707325495,0.5825076629075328,0.013095735351976995,0.0004887522855218002,0.00030773327443978744,0.008245703676325988,0.3908995349697706,0.0004510455796181992,0.00047559876782684186,0.00021076201148251614,0.5030635269331722,0.0010701283190648198,0.008730073253722548,0.5659111588970243,0.5817172209902757,0.5088816009139469
0.5705228971864452,0.571314694118574,0.5507137345381953,0.0015828903052721125,0.00030517937941253154,0.03154504906829571,0.010043273374321515,3.1355401584081595e-05,0.0010323879225284608,0.009626737140088213,0.005976808135486105,0.0006612681205480245,1.988550028042119e-05,0.006592215590117884,0.01958793768079005,0.00019150134404612162,0.0010016088279760109,0.362898533659079,0.49858538676567005,0.5581817187950291,0.5280786665114909,0.6460208183700318
0.5773681588520512,0.00791345323657796,0.00388438388209382,0.0060441623778354344,0.001384914679857221,0.0005600019565850826,0.5625703426734562,0.00200771928709896,0.5786230745850258,0.0004456110303017567,0.00028328079072604444,0.3921765583636877,0.001563792817234566,0.500526311939199,0.0006173636395132853,0.0015267751205846336,0.006663416215927362,0.004282546598115944,0.008725014172192534,0.5092262216093264,0.4884630451375453,0.5347557514618496
0.00017291045234342728,1.1106313692952524e-05,2.278228104286456e-06,1.2114204516016842e-07,0.00034816368091068165,1.82989493650906e-07,8.846955922954927e-07,3.243308582198854e-06,0.4538374588948861,0.9080991598081122,0.7049516476977213,0.9994544483773272,0.005309055361658543,0.0014890293312946582,0.00029954799032700047,0.7060041542803055,0.0004450636516925258,0.008370222719194843,0.040835005743168284,0.5104460815995837,0.622473232530162,0.5090631859424659
0.575166002285244,0.5752724182423001,6.457021894198183e-05,0.0011611294724028988,0.0013839604864961685,0.00014694472459252198,0.0003467717313086569,0.003131127119798812,0.00014224483070182146,0.5798309731148756,0.3883845725414611,0.00011011211946500862,0.0024289057775273575,0.0002757886879588131,0.00011277950150128269,0.0010621847653767735,0.0008947333203135607,4.955750903039508e-05,0.4979261494727955,0.5213407945309916,0.4751350285849268,0.6047676111322523
9.224171662740394e-06,0.0006669944482528262,5.3795362486934894e-05,0.4485678837513827,0.896893156776084,0.0002340050451922187,0.0021408034988922003,0.0024239624180710253,0.0012309099590262574,0.0,4.6438806612295177e-07,0.0007900285590539777,0.0015414642975637013,0.0013957455881152738,0.0001472308293614989,0.7063358644708233,0.9990387169424176,0.050632678473117504,0.9909930966968563,0.548102830788225,0.5975480840084546,0.5021032507859651
0.0039016832773799354,0.5733943741107662,0.015350046825789831,0.02038444153182201,0.5770751375116343,0.5836793396405426,0.00043344108171028525,0.0024296960653290523,0.0012141072795650522,0.003288713818040598,0.00209036054393732,0.0007717094998986916,0.001544362944272506,0.0002832685126597993,0.3960573828651449,0.5017145246925346,0.02261398927712971,0.017038157793851594,0.9956681640124175,0.5353795455183888,0.5179754505026521,0.4976544931120726
0.003886644934807728,0.9040256624140547,0.006881656594069666,0.002018898116873941,0.0012623426218793265,0.0006150849296460302,0.0002304267022782121,0.43832823809640353,0.001949799025346585,0.0009761907086825928,0.0006097471422539714,0.0012414320395171818,0.2860463201314952,0.00016545387331511714,0.00042620902589264674,0.0008836637791228748,0.0014045552701621444,0.004574580925846283,0.9972446206643655,0.6015903021361824,0.5977786230733579,0.4899040881596868
5.813937536260983e-06,0.001795275898280918,2.7519135499361604e-05,1.490491190122859e-05,2.2292725092095852e-05,3.2065228664797675e-07,1.6568548049379796e-06,0.8975878300011719,0.0008126278984219254,0.4484409434529507,0.2949663123187834,0.0005763600996016272,0.9987263921869688,0.000600311626032384,0.00011367933727966101,0.007903537406555139,0.005284635854084465,0.00975769907816066,0.9979383365780626,0.550595120420931,0.5272249496066126,0.5087618285857815
6.042081353784862e-07,0.0030095982730718924,0.45209848011709036,0.0006009156692605357,0.00047824552675047806,0.8983594674400838,0.0005344391065969784,0.0006690422868001358,0.0009330312864329021,0.00021439582749123762,0.00013571359955514683,0.0005906134272452212,0.00042350723521902416,0.00034783679703303394,0.7031741942505615,0.0006734228125462792,0.0008461565609039262,0.9957621146961027,0.9998721919653261,0.5003343562434902,0.4319890592044344,0.5329413860495535
0.5807022459315503,0.009257982523554417,0.00012428820947128885,0.0003001651364814597,0.0005312631019699849,0.5760869697236388,0.00373715120553488,0.005342265916675891,0.003068284946876723,0.5838070117132019,0.3945924587452519,0.002387751319577887,0.00415742122935403,0.0029903148025751947,0.4974194436427895,0.00058234573137157,0.0003290270711925388,0.00013623897158343556,0.010148601109950417,0.43071467113805484,0.5101727329733374,0.4893304609444083
0.5862465217022288,0.0017589892116590235,0.0007753705560486977,0.58565917072292,0.006994907564394233,0.000565611990738161,2.591400324388035e-05,0.0002517606892407789,0.5860708972182245,0.0006506689030153463,0.00040756502501539213,0.391275187438099,0.00019509255459079222,2.0427785754305804e-05,0.00043364613976213604,0.005362953861026726,0.5009516226687418,0.0008419900142878898,0.0019101246825556657,0.45876019153552494,0.3981650137590249,0.4345865174316985
0.5773071004009348,0.0009111419160075498,0.001452929551733387,0.0040113945859166595,0.5847726501164722,0.005112919898798083,0.0012365883963759918,0.0013225913070013613,0.5738792894425533,0.004318356372282132,0.002742793857763194,0.3880960131434597,0.0010246144439461987,0.0009790520136770857,0.003961024143583628,0.5040806928781155,0.004423435535469042,0.001602198509198305,0.001004752023910118,0.4968489646043467,0.4801183088145645,0.543768370573345
0.4631932201984232,0.0005723654078991088,0.0007609781946436562,0.0011389667248635775,0.003486674905409687,0.0032735010987340898,0.00018060787465693634,0.0012170159510880886,0.0002472567356515904,0.9357491354919146,0.7073700338792718,0.00033981230903366974,0.0016725834158964788,0.00025521086004577,0.004498923991719861,0.004792023640586956,0.0015654066423962368,0.0010458982087755142,0.0007866672790893259,0.6738892038737461,0.4184950181586675,0.5851258955931624
2.2986321010466516e-05,1.7980795991023207e-05,0.00011398337806380862,1.0,0.00020817147928802333,0.0012088351958859972,0.0001965986073237576,9.978790262867392e-05,0.00019800253001835713,0.0011535156026545841,0.0007314203168471326,0.00012554935327290488,6.395250912941114e-05,0.00012817228606972484,0.0007664978802071555,0.0001319973776272005,0.9999253941025243,0.8404318358178404,0.42259891852405246,0.5327696564113027,0.4859943090661238,0.4476852651047999
7.841982869357604e-07,4.512209065716411e-05,0.0009577506768820754,0.0004802632617281807,0.4525921009672998,0.00019803277098991333,0.8772891332978549,7.77617064914577e-05,0.0016170136614910538,0.0009241574174218085,0.0005829774177577582,0.0010200460418853465,4.905375307872006e-05,0.7039373280093354,0.0002785537250664516,0.9984915994341981,0.29562207721816736,0.9700248517020824,0.9889369957678318,0.5785365689599138,0.5233813602110672,0.45021318245441805
0.003249274357628751,0.0016205047527906066,1.374965820636829e-05,0.4474543934333233,7.012083197393641e-05,0.00020541726048900808,0.00014548302144413517,9.158063735943924e-06,0.8969230351604041,0.00017265024557980277,0.00010965519217971778,0.7053964754968238,1.3029286507405542e-05,0.00021281352969170257,0.00029224961319010087,9.976176050440481e-05,0.9948341052681556,0.0024107341787415215,0.2945191835997106,0.4525034464156183,0.49104300462950906,0.49669552434117376
0.0018862916877908642,0.00021030655802240552,0.0009579639636511712,3.055976205040968e-05,0.45548951069121096,0.9103476545415208,0.0025448571097840596,0.0007110993217755122,0.0010070302174465828,0.0005210220557627657,0.0003256362605004131,0.0006411362022350972,0.00044856840474521834,0.0016458226959853717,0.7020515421045554,0.9970278013515841,0.009092422393862733,0.2814341940871949,0.0702179317667306,0.47176796625306483,0.6132481992001518,0.5801223629538962
0.0063078251577796856,0.9049289063644423,0.0034377397417582967,0.4526632333363989,0.0004936368332655205,0.0011388174807622279,0.000396483936200461,0.0010998051629334345,0.0014299390147514892,0.0002831394048437689,0.00017813973280423083,0.0008996594648808129,0.0006919532704846346,0.0002564819067051014,0.000716498746764018,0.00031057684109581324,0.29527107362283755,0.002418388210166836,0.9955625009307604,0.45253944756278275,0.5979736793367458,0.49738579449334
0.5739734838315261,0.015677952957579153,0.5768431558555456,0.0021839379723291984,0.0006113866419034355,0.006106698945768301,0.0001341890543520066,0.0064664307122414425,0.0009501715889436482,0.5913158270674356,0.3999703562084521,0.0007431581963359298,0.005057648297679233,0.00010791459150717421,0.004776433387345735,0.00047821297011063635,0.0017082298539205316,0.5014687700522459,0.017384799119696228,0.43976836293893806,0.4775216950486341,0.5440219127734917
5.456712208698131e-06,0.00026826593255619503,1.5942038828816333e-05,0.5865856771209744,0.0004938258324996249,0.5858809896198096,0.00015662056701160838,0.0010385653621739314,0.5868340453618738,0.0003381674637030713,0.0002119493403501063,0.3921335948240209,0.0008060537055222166,0.00012365542278797926,0.49961722632196615,0.0005359475930964348,0.9997082780073475,0.03777969032836087,0.9870525046705743,0.5729461112575667,0.3979657747148497,0.49872361224143574
0.8893516929028452,0.013535829349318984,0.4589954843430337,0.0005697620540293771,0.003838634801270795,0.0004129099272236769,0.0002144138164112434,0.0007795699192534004,0.0017855473037345,0.0008807916436648603,0.0005602181021549016,0.001135679156082453,0.0004958380743137641,0.00014021923711653476,0.00026262752101617197,0.002441534107084018,0.00036239456350362434,0.3032845473995295,0.009688530853996236,0.4720903899721275,0.5112803497439021,0.49743688107900297
0.0032713625143970713,0.00033307442237939696,0.0001500391175265874,9.59166736161892e-05,0.5780642192961999,0.00028939723205875936,0.0008755229977690235,0.5666026078503842,0.0015370840324504618,0.5849756189619046,0.39524332537811274,0.001220410132664395,0.4937764721791511,0.0009890043110814663,0.00031547775846518306,0.9962391567544634,0.01777290377866736,0.027827076940169004,0.06366351991143135,0.5011841737859924,0.4398692159805933,0.5444166573965303
0.579296785876784,0.00017925187805425095,0.0007620026489456806,0.0006314165733271806,0.0056566567095405395,0.5730676860410409,0.0029045343645544906,0.0007664389464766545,0.5852420785983256,0.00922951829207396,0.005856402601521643,0.396506633351692,0.0005987735966516135,0.002333096155208547,0.4965431355072596,0.006216191284533018,0.0006938960456786528,0.0008374043525403328,0.00019698933076001124,0.5455547591529769,0.4650703986544764,0.5035887508218466
0.5936247413555895,0.0022475225306479497,0.5932707439065155,0.00020293179283759302,0.01235343452073239,0.6025469732586958,0.0007952285519967873,2.677661740902855e-06,0.0014441082488839934,0.0006478435544845805,0.0003991620249688764,0.0008897725880221744,1.6498150815574212e-06,0.0005037806799878418,0.3963707673724834,0.009369952937190507,0.00015393279325160835,0.49980784361165775,0.0024102944933449746,0.6606159406629668,0.43164337507172645,0.5526267241026049
0.5878314656579046,0.016494539367681933,0.007474464008209536,0.0007089872072755563,0.0018532462764305447,0.5737553711267095,0.0006854773419932085,0.5790660260523223,0.001157353216084948,0.009334475460061196,0.005911702415886953,0.0007329952297943651,0.39083727233186627,0.0005311262653172953,0.49213308826352103,0.0020061005296037786,0.0007674666245825312,0.008091202244539965,0.0178588521482011,0.509902936744535,0.4920990262938616,0.428827538497912
0.0010642926276449058,8.066798742738156e-06,6.085227299644017e-05,0.4570480056231831,0.0017318116846587591,0.00020922796807116027,0.8882996432786378,0.0006400209565708002,0.0017971240227846103,0.0006851839817231586,0.00042675624582059275,0.0011193116472521351,0.00040290586698554386,0.7035980410809255,0.0002902670294063378,0.0024025901793093274,0.9985210152505484,0.03635890886634291,0.00482516284245588,0.51059938983872,0.43232564149114633,0.3679357055930297
9.307244915236806e-06,0.006636229437680764,0.5872406112138338,0.00026454941121768354,0.581721025521586,4.9621885573449856e-05,0.564275338675294,0.0012669564951464166,0.001118253113483032,0.0009502233223171023,0.0005910391815172697,0.0007089890693324113,0.0007958878116528228,0.3958004975626585,3.794049602217405e-05,0.49883153948630254,0.0002908763716147275,0.992367642259818,0.9991219437092549,0.556277889061015,0.35555579022915024,0.48365819203304394
0.0020455731089115735,0.4422607923497628,0.0007935280402079371,0.0002610869219523432,2.632132966295283e-05,0.00027153720967974413,0.0001082522584241042,0.9001469177829575,0.001211603034308668,0.0006816352306090799,0.0004277973094935966,0.0007666543142182593,0.7078943013225998,0.00015888932785339407,0.0003846188176572945,3.7282845852311316e-05,0.0003712978316068871,0.0011288792823836158,0.9970356913054236,0.4102522853995143,0.4180665364302783,0.49950154356370985
6.970962250101107e-11,5.799515328923562e-08,4.4322433545657384e-10,0.002285857294406829,2.0624767056637573e-07,1.3687805155856696e-06,0.8779652730147639,0.44944135878897984,0.00010424592891753091,0.0006576329976391559,0.00041428482987095993,6.567114675570031e-05,0.29680646999848587,0.998381483471596,0.0003796896257997305,5.7211590432793957e-05,0.999983912088561,0.0048652286001600875,0.9992347894587899,0.44753355026750014,0.4685221152916367,0.41740157426103813
0.4405328528409074,0.0036117595065065307,0.0014881574949911476,0.00014112451171714488,0.0002616975043492419,0.00019196006261479863,0.8815850859498909,0.0002563493099913272,0.00024374358837670469,0.003304640511845383,0.0020874694491782937,0.00015396807030606738,0.00016366867984143885,0.7119883091209068,0.00027739300442794154,0.00037816754619319397,0.00020474967651173698,0.0021504753558684846,0.005219283838104549,0.569327868807817,0.5273129866743214,0.4523309106599708
0.43427377697911396,0.8751649438718284,0.0017865393911175415,0.0020912536119039402,0.0007583832580773051,0.005674371365946565,0.0001901853289899422,0.0022509261820237666,0.001060868148959412,0.0003849460238929206,0.00024264601082409494,0.000680845778918906,0.00143132928925227,0.00012398716367533868,0.003569958190831774,0.0004820152212748302,0.0013209704605199055,0.0011288792823836158,0.703037888908839,0.5336837485838153,0.39625535448310223,0.49791406897761703
1.0900608494283023e-19,7.39600356449644e-21,1.1558711846823508e-21,1.6586926833906553e-17,2.13782537610718e-20,1.8195976827483045e-17,2.438104096977015e-17,0.5722033064716711,0.572955487340515,0.5694739062593508,0.3840433123236922,0.49996890316060516,1.0,0.5118879418406146,0.5235397406275888,0.0008136647866580585,0.9956426605085608,0.0063901936704210405,0.043415684619103,0.5400781544998923,0.545137331144173,0.48796874190003414
1.0011281818485873e-05,0.0026823537141479363,0.00016928929401588197,2.117041222740555e-06,0.5828728629260083,0.5815281043203128,0.0005038759537894062,0.5795110831525101,0.001627711837543975,0.003313039603327961,0.0020877656648361264,0.00103434075556745,0.39363453485108874,0.0004037025645380568,0.49924874346022946,0.9970170677104103,0.0004954366508646557,0.03965673533784758,0.99760799767645,0.4597885387576742,0.5932917952011078,0.4878825820302385
1.8266681563161704e-05,0.5931326934078403,0.5964076555034331,0.0009966553985829537,3.526731600689241e-05,0.5929634038221802,0.0008026357261327834,0.007458943859498036,0.002470370033750833,8.572887154124002e-05,5.303011960018948e-05,0.001528121647897984,0.004663520834477675,0.0005144978430289876,0.39091263082029215,2.6692324668693658e-05,0.0007573474274911806,0.5017526939531745,0.9999803940487784,0.5511777870072644,0.33940109096850035,0.5274392772057268
3.1788504972789515e-08,3.1969413927686422e-06,1.2993435961356171e-08,4.2824478626262906e-05,0.5842412208747533,0.5806972051538133,0.001520002499015188,0.00013692508629923534,0.0007378551583968447,0.5818252435803982,0.3914926323004563,0.0005751564645824685,0.00010695677808393643,0.0012172801281432333,0.4980632585546788,0.9999530157299635,0.951984407640327,0.0025459530917600406,0.9936274841634403,0.5739868856177451,0.4623389002560616,0.5400860102395909
2.4944071331529116e-06,0.00010711732096276704,2.2230127914567096e-07,6.51265286498713e-07,2.3556360409902368e-07,0.5767099147772526,0.563603543245545,0.000546479529733798,0.0005744839617059964,0.583801186753808,0.39477625844347364,0.0004473421457733115,0.00043010239224807037,0.5015290676050006,0.9998817203055554,0.0013995910910567406,0.0038849939191678597,0.0013208212236039216,0.9851779157562442,0.5151436779363089,0.5451532892890983,0.5483034411343838
0.00014426981714030554,7.049033408473821e-05,2.391184190326369e-06,6.75745320929265e-08,0.8957513686403238,0.45258853321993353,0.0018345414367915275,0.00022256213507561783,7.084011071292325e-05,0.0019525749951664246,0.0012385889765200815,4.493650242516281e-05,0.00014117939569136483,0.0011637181671264618,0.2978411644492269,0.9998858687037467,0.00026788664985903307,0.009479755363052261,0.28933519096833754,0.4529440236733177,0.46469130539682835,0.5118163304214521
3.602633145671934e-07,4.552625609742475e-06,2.868003913930482e-08,4.238087009179065e-06,1.5491617604577136e-08,5.215114170320442e-08,5.971103979661345e-07,3.981525751773172e-08,1.0,1.9445468724610953e-07,2.9389846511952873e-07,0.9999960063307965,0.004049029066432619,0.06235584639828712,0.005272622559378881,0.0015662821541887735,0.47237880852846437,0.003933902888535401,0.9493905209275418,0.4612896392991004,0.4254291992753328,0.5394495828192218
0.0021230516148126296,9.425029154934347e-05,3.435805730149129e-05,9.610662335289902e-05,0.5769370941381883,0.5797680453523733,0.008481780837021727,0.001095484301301546,0.5827585770139366,0.00012036092071519646,7.62938656201982e-05,0.3940877267109947,0.0008526109379913639,0.006787505865251035,0.5015559128407852,0.9976523245151758,0.028766887372475958,0.010291597682129117,0.028243415312715927,0.5581752057369274,0.5305683006389231,0.5031983181070425
1.5249812894900602e-06,0.00015505934883548115,0.9266586681938204,0.00041461795573296823,0.0006718731747141315,0.0028212744181680704,0.0009408450869112727,0.00242959940464071,0.004544187935764946,0.4591550976391901,0.2928635831472684,0.0031218296099320723,0.0016870483139722696,0.0006645781520240424,0.0019382248426734654,0.0004615805565440225,0.0002848448693657524,0.9998934681952512,0.9937391589116651,0.4995712114820344,0.34702121812455655,0.6038781605750559
0.0003731938375644476,3.1802273094527425e-05,0.0003111833163032979,0.0002451617714688813,1.0,1.5978399422992892e-05,0.0005972389914614865,5.5049478604131235e-05,0.00044121964063613194,0.001442116122637918,0.0009162125100795322,0.0002825887722373394,3.533162281397439e-05,0.0003929879462758214,1.0146302004469007e-05,0.9996492611411408,0.2940442513097965,0.43558692772525887,0.05376007719669801,0.4665643547079551,0.5268036198823866,0.5267200418184926
0.8961870970286699,0.449820489634274,0.0017357266479692286,0.001005853528931167,0.0033445185837208836,1.8689927644339148e-05,0.0003710637848877154,0.001675255361128302,0.0015374587973534944,1.3887215432273968e-06,8.816617837880129e-07,0.000976091429909302,0.001074990246895263,0.0002422180459304659,1.1865761772788928e-05,0.002123354092078778,0.0006411524065724323,0.0011019761334676546,0.2961478851981256,0.4529546948518895,0.47982967175044494,0.5114587288117506
2.3035921853046934e-05,0.0009474276533502268,0.896766433485005,0.4479970966629526,0.0026445775598849127,0.0031278960888179675,0.0008282289809515027,7.716075095222484e-05,0.0015989274937632289,4.889713075908351e-06,3.102784144098556e-06,0.0010146053354146973,4.9488140122728915e-05,0.0005403674217676154,0.0019848236107845732,0.0016781385694469558,0.29596638586371393,0.9993272170001889,0.9845241645688723,0.5389682640891834,0.5238631529894414,0.46581789574456256
0.5810158756312034,0.004977683270850883,0.005299798744784469,0.00010362066752393885,0.0024851892410004115,0.0034979632828881614,0.00048056235485996755,0.5808765524826033,0.5767183328391177,0.000619550009792796,0.0003896653195283225,0.3895501252158319,0.5010746279426377,0.0005417924502883588,0.0038057873654384127,0.002703928589011584,0.00011319331822094437,0.005791451610499524,0.005504070644401334,0.459127598455147,0.42016008784637615,0.5677800942123268
4.8469602743120495e-06,2.670899612611262e-06,0.00010293223912791189,1.293244425349203e-07,5.879340758243408e-08,0.5765150200788429,8.262905052768066e-05,0.0003008707749538525,0.5835746851309347,0.5837248404491382,0.39372089960166123,0.5038740165234197,0.00033223811186459365,9.38149801543134e-05,0.9998861722584993,0.00036310326274656933,0.0007986974454943785,0.965805121524517,0.32063111082836365,0.5768197926886574,0.4773020789066719,0.48019509721885495
0.45094949208594004,0.003438476379308986,0.9071215184663454,0.003672740215816588,0.004193739574467153,0.0009534069236114853,0.00010430946351230786,0.005778638248890148,0.0010640857844875962,0.00024955304737043474,0.00015682127001175733,0.0006686807472083777,0.003670339168296966,6.739741042296869e-05,0.0005991394595276298,0.002635435844162336,0.0023172915598790493,0.7062931495326698,0.004854112637445776,0.558744144897566,0.41000676503174116,0.5389491815454047
2.0970710367146177e-06,0.00048735064214596525,0.0004314328746487821,0.8974001583240866,0.0012222878762254458,0.0006120427829411483,0.00022472607033101517,0.0002652428068409676,0.44173780651872474,0.0003012079656438175,0.0001882413192310092,0.2944199312192436,0.0001905300884691868,0.00016545387331511714,0.00042620902589264674,0.0008598775486072704,0.9995266179970312,0.4465361850114161,0.9972446206643655,0.6015903021361824,0.6052658854256361,0.4899040881596868
0.5740241025763307,0.0018095782004851615,0.00026255867856783466,0.0012035900918530786,0.5958642020857765,0.600501467790272,1.1788340736095333e-06,0.0012457143364254825,0.00045680637297358553,0.00025352014512719734,0.0001578700932963726,0.00028445892755981294,0.0007840467565197022,7.547626405113978e-07,0.39968389473148336,0.5118810643986205,0.0013348293852481824,0.0002911884766205752,0.002006900826516611,0.5631805694348322,0.3967215910136668,0.5876106506288851
1.210152033716293e-05,0.0036000612692541904,4.49112062062983e-05,0.0005668265013451504,0.5808702606825941,0.00026714434415813003,0.5581288051051635,0.0002307664920930159,0.0009343843969855132,0.5804400460837725,0.3915034404746308,0.0007301148691623219,0.00018069612564573784,0.49703242496597955,0.00029133060926259753,0.9959619250900388,0.09823354306363917,0.00784854521961894,0.9978456394615163,0.5690107163888095,0.4638444801010109,0.50217930694964
0.8954140178638421,0.001270772870943653,0.0022063972521165613,0.00040222169489449917,0.0033956362428329044,0.44597803544301184,0.008466420299514665,0.0015459228356944697,0.0006502236327781324,0.0011806964790364279,0.0007513694619805293,0.00041378834531481624,0.000983792597814341,0.005506384895865857,0.2941801865427204,0.0024142014849359347,0.0002859696478555783,0.0015686954089696257,0.0009034910963509565,0.49476027569681613,0.481227832803762,0.5001975690005291
0.0015747253828819218,2.2759750617469822e-06,9.055511877651131e-05,0.5799995787633945,0.5875215988083188,0.0004837050015367684,0.00011238668584851011,0.0004572389610689221,0.0036902706005346162,0.5812978977581701,0.38920661629133396,0.0028572911529315126,0.0003547747738305408,8.940155783424616e-05,0.0003713250151199881,0.504405193260568,0.99823592775021,0.035900951546336754,0.0009139714260380447,0.558721233122001,0.4036467039865538,0.502938149730814
0.004169021764378626,0.576134968101221,7.15528454042277e-05,0.0008058803464258707,0.0005080039715990118,0.5807783782191619,0.0019290544717430651,0.0041541580704445285,0.0006482515045523584,0.5800010610366746,0.39019996304795834,0.0005047185997862037,0.0032411642648689913,0.0015430761752751657,0.4974194436427895,0.000553759898651745,0.0008797427582426629,7.813758349872746e-05,0.995362411128546,0.45428387922510094,0.4228528271785065,0.4859778634352788
0.0008264868595578131,2.1300920881822514e-05,2.304468927705219e-05,0.0009007281588143105,0.9125440490243657,0.004836645040193902,0.4548989242866829,4.055826519220302e-05,0.0012242752605424458,0.00035146301466781155,0.00021943532196431765,0.0007643743436615539,2.5322501598524746e-05,0.2943966409694321,0.003374162892341151,0.9991468973204094,0.5271187001030505,0.0177401955400745,0.016403873756263565,0.5610327577611705,0.6146067820902741,0.5528698627353337
0.0010525552049542267,0.4509615220277169,0.9071218188584599,0.003705251235597637,0.004193741457236414,0.00039156527265990206,0.00010430947193922965,0.005758463104727166,0.0010973806022656113,0.00024955304737043474,0.00015682127001175733,0.0006896035078826817,0.003657524783004465,6.739741042296869e-05,0.00024606718524682535,0.002635435844162336,0.002337803218676355,0.7062931495326698,0.9985141166031498,0.558744144897566,0.41000676503174116,0.5389491815454047
0.0019770692016968998,0.5842274392108412,0.007194117582865837,0.003848400784975245,0.0016588817659583456,0.00026738347060517375,0.5630016750376913,0.000755836787241338,0.0009432786090535328,0.5809601471682275,0.3915034404746308,0.0007301148691623219,0.0005913102846279994,0.49703242496597955,0.00029133060926259753,0.0018074554776474905,0.004193115027921947,0.007838830400380407,0.9978456394615163,0.5690107163888095,0.5469912071289823,0.50217930694964
0.0027685648364777866,0.5825491995659304,0.5835548108640735,0.0016913851745058255,0.5755288514798633,0.00011745491529317257,0.02122804143010496,0.0014519394924753964,0.0010197817864179932,0.0002850295689602494,0.0001804099978877931,0.000645472913746218,0.0009288712896507231,0.013816096031033063,7.436093834716997e-05,0.3879351720111544,0.0013058615443808995,0.5005454059970413,0.9969744875662363,0.49194705968047947,0.4304085202575842,0.529784376782521
0.00013125326415439997,0.4437617961267006,0.0004629985977691924,0.8941631715481573,0.00024413717949759058,0.004589678824961949,0.0003788593420698628,0.0004985606613074446,8.52637723834198e-05,0.0004174208998889039,0.00026535499252486436,5.420229084620058e-05,0.0003203369770516159,0.0002495673609987214,0.002917675604868306,0.00015519998553307048,0.7077384407448988,0.0006642165789033268,0.9998117043390369,0.5101094429819449,0.49697606048518883,0.4634820246030086
0.0009236016792982414,0.5991800734823548,0.006957646216925216,0.0007196114563293687,0.6003228052390989,0.0004452361630009338,0.583748410608172,0.005673304125097289,0.004017884767570748,0.00025169741493525396,0.0001542050969578642,0.00246160599757325,0.003513156083724168,0.3920401520571193,0.0003341711825239268,0.5005844229189073,0.0007645234793465273,0.007392052940103699,0.9990186879518121,0.3058981797699982,0.49490998777729805,0.5374872719295521
0.0002075008319913201,1.0,0.0007544336162555158,0.00010960399679846811,0.00019506576254231663,6.976177858533847e-05,0.00023603493095824288,0.0002813962534804367,0.0006571176055456269,0.001094129187865639,0.0006855842258027973,0.00041519648962661773,0.00017817190724843238,0.0001532208565207518,4.370212346688218e-05,0.00012219854879555458,6.893621508617751e-05,0.0004726134510143722,0.999867012801754,0.5144000489961553,0.520946832685669,0.6248680749928476
5.077864201607667e-05,5.995573906363864e-07,9.53508360305013e-07,4.2035535543833815e-07,2.387500412908491e-06,5.408521405431075e-08,0.587846560369976,0.5890074098117467,0.00035476809709315225,0.5882197986069239,0.39172069800750703,0.0002714043874801304,0.5006279607198175,0.9999449321147792,0.000677136929225608,0.02990207089662485,0.0052686445118375735,0.01195204571260583,0.007516395447335942,0.4786744337105865,0.3961147724906682,0.5884268224564784
0.624990581536987,0.5597531094961403,0.020333315590862374,0.001751654397588788,0.0015755271205857438,0.597986904138214,0.005548913335165742,0.00406039078934684,0.002206589544810493,0.011308024226349819,0.006985340366486892,0.001363139051469675,0.0025083505185710354,0.0035245424145605147,0.39411715010025467,0.0011951164512698101,0.0013287203623914994,0.015425402156638068,0.46498013445563346,0.6048901462911372,0.4307968360241934,0.6216712574077099
0.551963856837766,0.5505270232663149,0.000902129391959602,0.0030930640040574718,0.0006989016664834812,0.005187978600851605,0.5486796473517501,0.0012598416249582228,0.001010769530390023,0.0020712711041891946,0.001299377950982417,0.0006539505414201913,0.0008149275626479124,0.3872043988557371,0.003964224381755449,0.0005395153939872133,0.0024077328739397497,0.0006985242899397606,0.49731427338330186,0.545378577478855,0.5797081942331184,0.4175312210622081
3.153379810205073e-05,0.0008558470975881335,4.947370655915886e-06,7.4592467232518295e-06,2.480228150507857e-06,0.0008684383862498362,0.5637750829858248,2.2523618447865762e-05,0.5807936023417757,0.5878080932713379,0.3957293634906459,0.5006193610832859,2.5002155403282787e-05,0.9986604244826702,0.5044141093689691,0.0018435547940049584,0.005544547320901011,0.0036775532292624563,0.9765542671847282,0.45827504102609373,0.41312147284819645,0.5096152369986352
0.5606028198669627,0.014410322293613826,0.6027081551015795,0.005934742747212967,0.5746246141173551,0.00011812154780526582,0.002725422280662579,0.0014648764604581477,0.0010866263993923864,0.03032527667892797,0.019223252918313616,0.0006890241873473457,0.0009288712896507231,0.001776884322844975,7.490066425432853e-05,0.3879351720111544,0.00458926190565323,0.5229271595221141,0.016360738877682468,0.5103396062144903,0.4412972060825026,0.529784376782521
0.0011435784840911397,0.8955121545381,0.00120269867027326,0.0004668355085192953,0.0018764073963216798,0.0049415269962755125,1.72610022423043e-05,0.0006668893641262411,0.0024453279244727546,0.4524256466039535,0.29370450933108405,0.0017253099256658022,0.0004715146472814689,1.2512040993117488e-05,0.003456756881092045,0.0013126210837987283,0.00032787839096683766,0.000841336770052159,0.9991815648896603,0.49314363656705745,0.4235038371882419,0.6021232529882827
9.942359987164981e-08,1.132244318019724e-06,9.012719395608403e-08,0.0007546001433652116,0.6082775608813399,0.00041401982533283366,0.0018321756481080851,0.0008604033327579721,0.6015771988807854,0.6084166565843669,0.3935486175161912,0.49647217426049645,0.0009004873246283751,0.0019715761357868566,0.0004333103510494822,0.9992102393638669,0.9990380951682478,0.05037558405567172,0.9442407506632855,0.5272052037673146,0.28396230229228325,0.45117342230484114
0.5844243065956469,0.0019600951606885903,0.5692599993051941,0.00047962748101668454,0.0033774243896227307,3.2536393195207704e-05,0.0021411915578316166,0.007060904931520588,0.5824196826915655,0.0069605831460480445,0.004420373141402899,0.39467683334115444,0.005568641066157769,0.0017178687639303218,2.5388379431881905e-05,0.002635435844162336,0.0003742599694520183,0.49163080699801925,0.0021351450344769263,0.5103082163762204,0.47166305987306645,0.5394749343359686
0.5364707022841183,0.0011663952654145564,0.0017989372018592325,0.003369499894514647,0.00010181226590919506,0.0006897738113464758,0.5441311156868979,0.5583532670418536,0.004898587401008068,0.004259338543041818,0.0027055631969132303,0.0033451161052825565,0.38966556768905614,0.5055971975964643,0.0007683302995767469,0.00011387685378899648,0.0038164083807864513,0.0020367250957402504,0.0013760898735940595,0.45631880856403195,0.5226399112787811,0.5016164833912546
0.0006953496089062116,0.009339180759101045,0.9058891672577919,0.001258636652409813,0.459474393745956,0.00029247862690124217,1.602566314946084e-05,0.001240742786373822,0.0003739084215085528,0.0002518399030785643,0.00015783301618974675,0.0002343357655631823,0.0007775981481434884,1.032665402158977e-05,0.00018330225847309114,0.2988137645293101,0.0008844676355272117,0.9934188951219253,0.9526877104527136,0.562416346463681,0.396515624027899,0.4654757436084601
2.6079202228216414e-05,9.162811315489295e-08,0.00221170263343181,0.5786460304876088,0.0034744307911922863,0.5762874301889815,0.0017131173300665573,0.5787628110610427,0.0007604601070292023,0.00027906995245574763,0.00017708580222433688,0.00048542934149851946,0.3951001295237511,0.0013810246967327809,0.4974194436427895,0.0038261187751092423,0.9975657188125113,0.9923537125091983,0.002221789570352564,0.44155122122394314,0.45193875367679925,0.4866875241714675
4.148176974264877e-07,0.002596415452102939,0.5823191565938751,0.5775440568124187,0.0036221021282062575,0.5793437991968138,0.000815019687554932,0.0004807138269185476,0.004496074153401721,5.745779613403605e-06,3.6379043713181212e-06,0.0028466706737246936,0.0003076303888645584,0.0005305725769221583,0.39091964147270053,0.0028059360592358777,0.49864829764583374,0.9971614904594189,0.9998982901039012,0.43517218889143905,0.5109188550825595,0.4658202493260722
0.006046012485158013,0.0006371823645068049,0.9045293048386365,0.00045475767995685457,0.001892991021280125,0.0023409566778141927,0.0021284883531697725,0.45389314117487317,0.001747081784151124,0.0006797950490507588,0.00042669284808975337,0.001096606666449616,0.2988082902364909,0.0015522878166397578,0.0016475517805545669,0.0013322800872693445,0.0003213392060342277,0.9957212343598671,0.06684587941006653,0.4937368776116996,0.42370118634435266,0.5915645289298938
0.004045828192237116,0.5881238411187814,0.0049967224366491,0.5818895481500886,0.5858516979112238,0.005396285105452067,0.0021628455311219702,0.005030479826259282,0.001964598330318115,0.0012175205421540293,0.0007635295288548152,0.0012320371124597456,0.0031885830736942504,0.0013946068769224908,0.00338418412331291,0.391651828694068,0.4978612085074268,0.005408487605603252,0.9956206271295938,0.45263430328728665,0.6124231034641553,0.4836100581834056
0.0004634594339174877,1.4208664591558925e-05,0.0010004627037617283,2.5753409399576598e-06,1.4877773267213715e-07,0.45529419515378045,0.0012339895153786846,0.00020859558586049502,0.0007639189516588225,0.9075723463246603,0.7039849559042763,0.0010681491026363348,0.00029479905005650966,0.001774054771054582,0.9984581531271762,8.589422717051329e-05,0.0014927848262833263,0.7237114940751601,0.019511274954350066,0.5366244947016338,0.6160517777872961,0.5237563935167405
7.843470717293985e-06,0.00015362545693857474,0.003151415278320693,0.5734271045190407,0.5764380147904739,0.5830826305638119,0.0008006247656845239,0.0024272127112711993,0.0012128663596481949,0.0032785499880613874,0.002086032378388136,0.0007717094998986916,0.001544362944272506,0.0005237709385361616,0.3960573828651449,0.5016621603494644,0.9964971631291268,0.968950227835464,0.9675250655843669,0.49503612263356,0.5229448730409173,0.4976544931120726
0.004009034116763031,0.4446834922076547,0.0008020605883127358,0.0005982729838199712,0.0004768340644048397,0.8979911387271088,0.00021352177326522596,0.0006669774751585407,0.0009246819704617445,0.0002165340575446377,0.00013759065287589995,0.0005906134272452212,0.00042690626832402956,0.00014011488458319174,0.7031741942505615,0.0006734228125462792,0.0008461565609039262,0.0011347668757963347,0.994222142584352,0.4995062114877391,0.4272190844875136,0.500982297429668
1.5561663923483545e-05,1.3148408202801656e-06,0.0021819999498603826,4.2628771306841576e-05,4.102000320821971e-05,0.4519153973966643,4.306606060422649e-05,0.893753899545839,0.004984758998528503,0.0006932017812964752,0.0004406337366653491,0.0031685758209279895,0.701965148041202,6.237678779877354e-05,0.9969250006921869,0.011963987801151271,0.012435459488223333,0.9954436329882496,0.05366201596624953,0.5358710988450988,0.48788789192513604,0.490396638632818
0.003800302869508627,0.5634510106223796,0.003169766695686811,0.0039916635174761135,0.5736265162404443,0.010498712532920123,0.00034348858220893035,0.0007629288218829185,0.5788408508777988,0.0013296114528710474,0.0008372660557998137,0.39682609898249405,0.0005977172596852783,0.00027589567619416947,0.008138115865362176,0.4986799718241625,0.004384511702743749,0.0034829825111188104,0.9956430119366093,0.535427299428922,0.40812969669243854,0.5429274742562121
0.5837459475291766,0.006512829254299177,0.00331833811243149,0.004443203195396921,0.002971463435386927,0.5620107753258653,0.5611022936241016,0.0004469866299302061,0.0016631524205468963,0.00012934857335998988,8.208180813061312e-05,0.0010622672019137787,0.000286092815499379,0.392610847774269,0.4806367862170796,0.0031671792473051473,0.004754907657302299,0.003552421835534026,0.007055020503185927,0.5100856830792434,0.4943884709121016,0.42798140939427814
1.181575177535387e-06,0.00017560888248606662,0.004800206440206153,4.502486914572392e-05,0.5743275529097012,0.5808865328650745,0.5831907494038271,0.0006860337478361856,0.0005111595147430998,0.0003993668300423761,0.0002533072083075907,0.0003242142120210963,0.00043513212824367097,0.3947082647303992,0.5036033761825773,0.9946754883915125,0.005967185075626611,0.9767200055013117,0.9957166018096427,0.4520964033776059,0.5366035214871084,0.5081814631577459
0.0013391609908950824,9.587980041046533e-05,0.4490819121362013,0.0004332252682969629,0.0012203348695336142,0.0002268669109437352,0.0009531111599207353,2.1652990503322827e-05,0.9060703534407073,3.671259001640381e-05,2.3111770661788687e-05,0.7070559211452734,3.102441167310288e-05,0.001389196127754298,0.00032160436347722257,0.0017299373174457086,0.0006165982693676728,0.9980967478229548,0.045502369812723376,0.5246352578413083,0.4057338584499251,0.5420107170278494
0.00010717422821865205,2.3437515501067987e-06,3.0016185769441736e-05,0.5950729913325375,0.005754418079380559,0.0002619301180209354,0.5968322767197488,0.006660762666340736,0.599220426974135,0.0016891531830385686,0.0010398383425574975,0.3934523768319348,0.005031038945094199,0.5009247494726956,0.0002802044201854429,0.006155987811413854,0.9998809048036846,0.17380398893319277,0.013919771721485827,0.33087983477629457,0.5236209228610503,0.4293572798806266
0.00014572237975540481,8.158075533962806e-05,1.975985572842349e-05,2.2060835105875385e-07,6.387885893875743e-07,1.0,0.00017049824029440142,0.0004811196802123384,9.561650914230464e-05,0.00033548032561178404,0.00021281577706018973,6.505642407013011e-05,0.0003140394340516566,0.00011603058935289075,0.9998861722584993,0.0022838316569762235,0.0007986974454943785,0.07166101459788898,0.32332800736186074,0.5735275978480123,0.4779443689378861,0.4866818352405884
8.48730393186415e-06,0.0011465295179885705,1.157961934831347e-05,0.00017170974397457463,0.00015826740238012707,1.3515266639891508e-06,0.0008137709085643091,0.950400449078789,0.47336104893013115,0.0002930726333073468,0.00017422351981722945,0.291477405595748,0.9990465926113096,0.39515290637163214,0.0007352290413645667,0.0863619744124672,0.09500596748156423,0.006429282393360028,0.9952874420413759,0.54745178222122,0.5794348747968008,0.7496751323755666
0.005734329973397747,0.00011506856630370723,0.5830938243051218,0.0013794288659874949,0.0025096899117934366,0.5901936026990222,0.0019321753881034658,0.581763302997548,0.0012966062300003515,0.0033211315424710062,0.002086493463304251,0.0008145931029228809,0.3893077128221048,0.0015243526372222412,0.5038330213033385,0.002739913428947554,0.001505979889295386,0.9937382204140623,0.012773086778979204,0.6034825329563845,0.4488447886699536,0.5015135991886552
0.005064883435047825,0.0003436287938200318,0.583116733948139,0.0061009119480369715,0.5789847319799123,0.000366142811693434,0.0018398608035941632,0.0005350648881255236,0.5819621934974404,0.003519286797711654,0.0022249231559519403,0.39228027232360196,0.0004145083350774654,0.0014654876729240896,0.00028364723463519576,0.49770694446999,0.006660196966917825,0.9944578237237208,0.04312560392716126,0.5106768759619452,0.4646595138377115,0.42505598397640953
0.0038184738802121178,0.9116073024524818,0.000676764609950575,9.871406554727699e-05,0.4491062684366633,6.97618168355312e-05,0.00023932490515513695,0.000284416309024739,0.0006627794089874044,0.0002553731659141727,0.00015997786117989747,0.00041519648962661773,0.00017817190724843238,0.0001532208565207518,4.370212346688218e-05,0.2914122787253352,6.893621508617751e-05,0.0004726134510143722,0.9973333893345684,0.5144000489961553,0.520946832685669,0.6248680749928476
0.0020986258832661453,0.5894255138099885,0.006411119274648267,0.5824751242589007,0.0017761005836813377,0.000565605526720171,2.591370708929751e-05,0.00025268809906141417,0.5860641995922186,0.0036827107262833517,0.002306787478741335,0.391275187438099,0.0001958134540171776,2.0427785754305804e-05,0.00043364613976213604,0.001361726206684277,0.4974758328723997,0.006924129322660768,0.9977333504314245,0.45876019153552494,0.39819030777910575,0.4345865174316985
0.00022174850948798817,0.005403456250093802,0.5772673248112606,0.003463071594758287,0.5834378272717646,0.001694288750957763,0.0012662668221408335,0.0010990328805626883,0.0007734412470738802,0.581566033468162,0.39243874846237803,0.0005999003538350303,0.000852437865948474,0.0010098285834793943,0.0013141368366515172,0.5033646514766479,0.003818918155450387,0.9940361394409147,0.9738888760506771,0.4489395716752991,0.5225578429105694,0.5530879516999309
0.5826060091415484,0.0020519754624156016,0.00031348245017094215,0.5777750406175496,0.003531426590866045,0.5772748057572133,0.012806363128955615,0.0004551281529287233,0.0007839104213754576,0.0089752820709706,0.0056946700443381995,0.0004973916901478421,0.0002887791881218153,0.008354884330844747,0.39030952914792266,0.002739913428947554,0.4973475810951431,0.0003425434442301022,0.0022422061044553576,0.5141563198372799,0.5548468778665413,0.5130940362437545
0.0015315287836524312,2.811841373467529e-05,0.5964144361358072,0.0005496077748750741,0.0009025389091235006,0.00038299741350002523,0.003417749447876184,0.0004777875137524466,0.5872377126587209,0.5949712691145654,0.39340612987815193,0.4950572816200642,0.0005099845600299864,0.0037282950229669517,0.0004088138902202732,0.0009633763076428129,0.0005866556915860767,0.9983649562876763,0.011686836989077545,0.4555634564636698,0.6034774116638779,0.6193232984286348
0.0008569588834051557,1.5718347271751524e-05,0.4587060430954526,0.0005977918354792113,0.0003815907245456873,0.0010660428711597794,0.0007151518509773283,0.916485093406326,0.0006967661890618236,0.0018741346976882693,0.0011641567208960039,0.0004328109444460776,0.7045735021949341,0.0009925242497914298,0.001479511252350858,0.0005295930094045042,0.0008296494632243031,0.998810462374703,0.011675576168326554,0.4098531398887763,0.3769144905538755,0.5399463324432155
6.7451745201077e-08,0.00010991362354025428,6.057098744574639e-06,0.9197056805910426,0.4678847457805418,0.00047048575030891773,0.001420457722113115,0.0008042159628509921,0.0018005740658809304,0.0006673076899401109,0.0004116954430413897,0.001110864790675206,0.0004961618693310325,0.0009010506064866448,0.0002902670294063378,0.299599423337539,0.9999238023973296,0.035047263594673625,0.999609319501059,0.3955826358426854,0.4316422382675782,0.372302416442655
0.000594027074545933,0.5686901990861988,0.5750598342699084,0.0054280587660530365,0.00032715926472904916,0.007691332019712627,0.5405140132446997,0.0002359371087735682,0.00019420034006253526,0.0011637454377282706,0.0007314292777122942,0.00012584063305553497,0.00015137581636378607,0.3813084611669838,0.0058488381815487035,0.00025133996372920554,0.004205140758773346,0.48471930731443924,0.9993311282624517,0.6029393908756283,0.48649844378951984,0.4466213693208393
0.0010154713462389815,0.5864300346939278,0.0033322202003543567,0.584730520367677,0.000140062703314993,0.004770481691954173,0.0030649704595551728,0.001096695789279152,0.005345764727395924,0.5881312560206743,0.3900835076009995,0.004103025990566465,0.0008435231850679937,0.0024169023922600563,0.0036303029799024987,0.00010711737794145602,0.4952163836596246,0.003575041524758715,0.9988902094339605,0.6034463022618767,0.5568575243009959,0.40670808986027346
0.5716453928248817,0.0037561354557269612,0.0027346399136909433,0.008468106326790016,7.48415254455264e-05,2.821941529612286e-05,0.0001439111499781824,0.0034368523884434456,0.5739908092901239,0.57135893304513,0.38633819662969693,0.49672488539648485,0.0037807706253555062,0.0001623079069880131,3.071401799064246e-05,8.18621857921972e-05,0.00925393112649153,0.0029896472478422023,0.00415507260211212,0.4602337244242226,0.5093975179873931,0.5143381506542709
0.001001729802543284,5.175214849009074e-05,2.376808883727057e-05,5.850532879458462e-06,2.7901751261634098e-06,0.5771698704592092,0.5655923226103886,0.5783181260944832,0.0037481505203558222,0.0003284729352498187,0.00020851154534599995,0.0023792964980904937,0.39128894473803627,0.50239604634945,0.9988932835070825,0.0017703200862432792,0.0037120971955810042,0.015082166300414195,0.03286033413000977,0.47846030295366,0.45567106999760487,0.4787285141636955
0.0026372300970756027,1.5366362149541507e-05,0.46220099546152266,0.9216524415520377,0.0008969906186235068,0.0002426524528223481,0.0002467369730892609,0.0007222522998455587,0.004617808090768661,0.0002875645765069243,0.00017728623872569665,0.0028641100914440867,0.00044890661740209007,0.0001572251638509159,0.00014921617456034597,0.0005543336730435413,0.7039824817566658,0.9962998372579417,0.003684583789367108,0.6053418985646334,0.6531578518141424,0.5267453794435593
0.005048842264635662,0.0002641324488002541,7.740560864479785e-05,0.5645908700676704,0.0002764961917872775,0.0025309366551991845,0.5519008205876113,0.5652504127124575,0.0051445686157834,0.004258794990069214,0.0027052389180787203,0.0033330591851015103,0.3908252499170589,0.5045688023414745,0.002801256507447704,0.00030916165545402847,0.994001899128399,0.009133100990562547,0.03308160226544184,0.45834953074214113,0.4768385354835903,0.4890217080527427
9.619794760731954e-06,1.907268799830144e-07,1.040126509587181e-05,0.5859017881363445,1.9273912781552304e-05,0.00040038691003308483,0.0004808065915016343,0.0004106590249239408,0.5817653408341242,0.5883795533565527,0.3935486175161912,0.49647217426049645,0.00044919638540923395,0.0005350069362730274,0.0004333103510494822,2.0858791822057042e-05,0.9999846657953804,0.5247738398268524,0.012620289720756905,0.6108535888381496,0.5234679094270779,0.45117342230484114
0.00938710943393781,0.5749510009513069,0.0005897532315842307,0.5788318612970352,0.0007089238382618886,0.5865238417024036,0.0014766569533767448,0.0006575335791805494,0.003972947229011867,0.00027191993185056863,0.00017227329010011515,0.002517044211475952,0.0004165798678151491,0.0009619004450867984,0.39678773400593864,0.0005531452563997288,0.5020987383059118,0.0006529224319926835,0.9896069603355766,0.4991599123959529,0.5571719354984043,0.5398153172774836
0.002794497628457759,0.5825780168227432,0.002436043835818461,0.005271795220423449,0.00043389024945491477,4.806275826091551e-06,0.00023838682671907538,0.0024784158168442683,0.5899973034736048,0.5901641143251288,0.3937899352827329,0.5040055872396795,0.0027081383721756537,0.0002678252420990092,5.251798172311808e-06,0.0004741101660020875,0.005760549540966353,0.0026619727278388355,0.9969462994684105,0.5029577634728605,0.36800512245819383,0.5181295265896432
0.9058578732044875,0.0068684665256227555,0.0011993466255434573,0.0005049206093633953,0.0022312918082692547,0.000536668809459998,0.44598707335084303,0.013289157103037734,0.0026081317147735065,0.000898836955870697,0.0005635244372294368,0.001635166363723255,0.008331883976757043,0.2983144827539149,0.00037714826577408276,0.0015680597986090909,0.00035483810241116343,0.0008428533936778448,0.004826935806695491,0.5342730422562102,0.4277832950924675,0.595059254464947
0.0010212500281069337,0.4547247235797353,0.0007473474400123681,0.0011011050356224072,0.0010824505195940195,0.00235229939104972,0.00037395945592997177,0.0011947234092932178,0.00043910709728257826,0.9186089618224673,0.7073700338792718,0.0006147382480308271,0.0016725834158964788,0.0005235353128570121,0.0032931847239021502,0.001515429835232123,0.0015415505604773104,0.0010462913147492236,0.998570240777291,0.36657639129622327,0.5073716808481324,0.5845304557412494
0.003182210590055138,0.0008148216523941684,2.128391843838393e-05,6.159805455862224e-07,0.0006226048182460885,0.44652695219808985,0.0004155328877782259,0.003371292833641608,0.8956767998784845,0.0006552223458952703,0.00041678452190346127,0.7055642662437261,0.004857849594541774,0.0006138781261931959,0.9952333213402954,0.11924593951428925,0.00011985476189768293,0.004124837920785655,0.15958117906176716,0.5142596010295083,0.5240935616507655,0.5062571473248104
9.563090176656676e-05,1.3920667473574391e-05,4.773178707007004e-07,0.011244643434220181,3.861943160560907e-05,0.5863194023146558,0.5779324661235754,0.0007975118224807299,0.574912405523617,0.0004545825174482778,0.0002881843754215219,0.38805658651152747,0.0006166424146681893,0.4953555264819976,0.9877916519210722,0.002186364495312872,0.9945288264517891,0.0031443641377937826,0.09202423643630164,0.464301588035596,0.5526186743026352,0.5127291069150174
0.002594831083424959,0.0001879256136853111,0.5723643463617979,0.0006543622104758185,0.565673357865664,0.5780542243644978,0.00015769994005819112,0.007379502040436588,0.0009591014822525815,0.003621679561903968,0.002292938630098811,0.000653583408828255,0.005128501690398505,0.0001072977831141766,0.3949917986816744,0.49184057168583006,0.0007299107402932297,0.9968274603975916,0.043914432121606055,0.47354489183075066,0.5608878782954787,0.543803958949243
0.8636067398987212,0.0026685942436413205,0.003853793821976022,0.005081353459167019,0.0028776885546083607,0.0004519911395832326,0.0008705406867530087,0.0019455545593715714,0.4401819315066954,0.000606046235220542,0.0003823589591016429,0.293210437573938,0.0013832704770815052,0.0006474410630323391,0.000317949827804171,0.002045009324247093,0.0035887953553883274,0.0027227724206773207,0.0020003337108663866,0.5268108792936682,0.55597163183942,0.5801937953005246
0.0015531773026125789,2.4114736401275004e-05,3.4263210481965794e-05,0.5827023240624998,0.0012204259272240103,0.5743690313875651,0.5605062937076699,0.000906401064121895,0.0016797649855863706,0.00011608871765527085,7.384628598056952e-05,0.001068531609359706,0.0005765801990089356,0.39065794485431893,0.4954132785033223,0.001333345253410225,0.9983024939115276,0.014039911986892504,0.009883407759997409,0.5162326313593549,0.5206655612605227,0.5097996050359471
3.239777140515229e-07,5.600134494398669e-07,4.7599818625158095e-05,1.8970637659173496e-06,0.007183591452145311,0.591616706613613,0.0009781616719404546,0.5885638872469292,0.5780519266832125,4.6227244402648025e-05,2.8988785474483606e-05,0.3856501518304254,0.49832931041871187,0.0010821509491907666,0.9922701774124011,0.9957779622200178,0.025356359546542057,0.9913476203348585,0.6661095231375971,0.6030439699304144,0.5671612980723615,0.5079446843483011
0.5718255896098027,0.006394934154097153,0.0012411468113605678,0.5845621458964,0.00017043360337617628,0.00249996302610141,0.0005414230168031653,0.0002392661585376818,0.000887523008141618,0.5746200300555367,0.3859695574304499,0.0006818045882751311,0.00018577945960277225,0.000430996606974602,0.0019205022813576231,0.0001309295841284891,0.5010044895450828,0.0013505397810198438,0.00707171700396253,0.5490934621215628,0.45320713635570375,0.43807463118967604
2.0969644717310723e-07,2.2323126089091525e-07,1.679199680071826e-08,9.897588209725958e-05,5.474825006607449e-05,5.5648712888363634e-08,1.0,0.00016854361780217465,3.729539324894952e-05,0.0003941276661896811,0.00024551146190277906,2.323218530501337e-05,0.00010498981882582593,0.9999295415886132,0.0003132112095290409,0.3216549291445726,0.9980270611521136,0.03486866793890818,0.5198964497716722,0.5629464814180136,0.4521503533774696,0.3745609956598567
0.0,0.0,0.0,0.0,0.0,0.0,0.0,0.0,0.0,1.0,1.0,1.0,0.0,0.9956055221766483,0.06608562150190225,0.0,0.0,1.0,0.1486792125670353,0.37194963756258437,0.2774044548867751,0.6857694827962534
0.0020603629613048856,0.45531223966501994,0.00017973309549640425,0.0031273311021626487,5.7967432739223364e-05,0.0038905832977126115,0.0003704230834858366,0.002171359804935587,0.9030112060351885,0.0036592625054047046,0.0023034684361352697,0.7026684331816688,0.003035767918843968,0.0005324858853775346,0.005439515507416783,8.10475960995023e-05,0.00437253558188934,0.00025130109611866934,0.9971192102205795,0.43756099519375735,0.42840684381861205,0.5480060481828481
0.6010376259466538,0.0033123205316157246,0.001754938218313838,0.004124208980816051,0.5966207821481635,0.000419307749955272,0.0015348842349819068,0.5959006677980798,0.0005383679947014493,1.7836286599128158e-05,1.092630455987024e-05,0.0003297980723952774,0.39355134540966485,0.0011863006442078827,0.0003151973869059124,0.4976384774176702,0.004385709367774945,0.001858799151065078,0.0035083783517519916,0.6034275863490428,0.43824675676783625,0.6572204993054415
