obj_0,obj_1,obj_2,obj_3,obj_4,obj_5,obj_6,obj_7,obj_8,obj_9,var_0,var_1,var_2,var_3,var_4,var_5,var_6,var_7,var_8,var_9,var_10,var_11
0.00020584247360269412,0.006255640248989839,0.5775889115585177,0.0023014567940158734,0.5791155706341223,0.0008998941984849253,0.589255242859133,8.086245013901803e-05,0.00507118373252746,0.0019511684572452758,0.0012214538438158487,0.0031753383997652207,5.063272117740924e-05,0.39356082349046556,0.0006914476876773676,0.4987165040499765,0.0024958173263150605,0.9932124206243224,0.9790596756746409,0.37651702765798023,0.46198940566625074,0.4946593210233186
0.0005989076193027541,0.0007603616197371041,0.8816378573998451,0.005604114782144055,0.0007730917055172267,0.008310726450195092,0.4462822913113524,4.610945658872328e-05,0.0014470708567033209,0.0005079838704914991,0.0003229148542236997,0.0009202947243235768,2.9324293752275386e-05,0.2941812233649843,0.005904741498520011,0.0005602669792740167,0.003981826356978495,0.9993072441942258,0.5693760823740961,0.46965771764126385,0.5034349672989735,0.509395234911221
0.011466966657867016,0.0002974122508352785,0.456740257041545,0.0010112580463232303,0.0008051723683360167,0.0004012231750072927,0.0009422616927983592,0.0005052432142570625,0.0005757064420718685,0.894749857828274,0.6993933178087337,0.0008022067028941966,0.0007040216713500154,0.0013129783320813097,0.0005590784380557014,0.0011327465204937067,0.001409120911519719,0.9840149056352984,0.016508337926784022,0.47549294254999697,0.43834044071635997,0.4917882444031014
0.0019159594036450675,0.5903721054551762,0.01046134786579309,0.008520309006226166,0.00021440766167596598,0.0011397514917707362,0.000368172194290252,0.586246769428201,0.5814701359259334,6.602714309517278e-05,4.137900752422617e-05,0.3883052383706686,0.49773247489119526,0.00039696928028646293,0.00122888115954238,0.00023844679841915597,0.009186965180623714,0.01225388589429548,0.9978942536659747,0.4060738753672362,0.5646485568082967,0.545706307424403
0.002012705575036175,0.593494524154707,0.5846364439812275,0.0017770009081445192,0.5752747073192737,0.0016966762582552872,0.0009240050584033036,0.003907204305203927,0.009824018350909753,5.495230525172661e-05,3.44384358886814e-05,0.00615812299296109,0.0024492885630073846,0.0005792291173953041,0.0010635927760920838,0.3875957972044506,0.0013579453788861383,0.4952033468721849,0.9978411040643749,0.4853451026323814,0.6039691303960566,0.4322702566240479
5.898340354161163e-05,0.006095123017938183,0.006245245209294016,1.2094444029140362e-05,0.8982711956530612,0.454378576152705,9.568844519393553e-05,0.0006356443397161061,0.0014402677520479821,3.124775618865997e-05,1.960616852373135e-05,0.0009038852904717891,0.0003989189678939567,6.005235711993626e-05,0.29567498929417185,0.9938229697070879,0.000874964856236414,0.5128839312538166,0.9938395754593835,0.4830095991622509,0.6027206609383085,0.5596805542927554
0.0014345188359712398,6.618922155547627e-06,5.293664401967588e-07,1.3399824867011022e-07,7.508823157403593e-06,0.9114110686857857,0.4549148827849597,3.8458895775100875e-05,0.0005660600330161542,2.2891850275113567e-05,1.4307941890532661e-05,0.0003539624512354145,2.4048703910706237e-05,0.2940406139155442,0.9989788253272379,0.003335101877788636,5.835104355257863e-05,0.00023426991867775762,0.002882106992271701,0.6059157704808861,0.5827296233840985,0.505065526722901
0.003682942284536795,0.44736300369305826,0.0011069758835076974,0.0010160841904056017,0.00029746195654309257,0.0004031370426962446,0.0009383840562406511,0.0005076456661567795,0.000564376016038834,0.89976640985446,0.6993933178087337,0.0008022067028941966,0.0007040216713500154,0.0013013870066123704,0.0005590784380557014,0.0004303959981891148,0.001409120911519719,0.0016674648583415719,0.9947954895115929,0.47569322885270937,0.43834044071635997,0.4304352003570372
0.01402730224966387,0.0002113384514226602,0.5827508558261939,0.5874972606284546,0.5735558314677194,0.0005361965709074822,3.616519677673386e-05,0.0010579238891202701,0.0013061281693613847,0.0005148814790559855,0.0003226794038803381,0.000818739929083588,0.0006631549527025674,2.2670003305672276e-05,0.0003361116716055939,0.386250737166881,0.4973444094519457,0.9849235352316822,0.009590801658591691,0.4523244380012827,0.402884311746205,0.4376354075960635
0.5712714217519169,6.42677784916497e-05,0.0035054159446125956,5.395923748966871e-05,0.0013646345412412675,0.003757024917584926,0.5840609654699115,0.5824497174871198,0.0010167405001466265,0.000189354578475489,0.00012011667129587086,0.0006451099237610051,0.39428568951249954,0.5070456349841774,0.004186794259460419,0.0015353771366168542,6.013267279305969e-05,0.003970191679507851,7.161997894763669e-05,0.4518602992415429,0.48088915571569957,0.5260135005851543
1.329503706523392e-05,0.0002989725698958614,2.901929517219343e-06,6.219573585626263e-07,3.45172753316187e-06,2.2467901646534945e-06,5.89192887189368e-07,1.2894278732289294e-07,0.8962908029267951,0.4497534053439878,0.29431039308158935,0.9997431067979607,0.002108310981381478,0.0010770758103484125,0.004033885540426543,0.007817415006011914,0.0013832708834659526,0.005538926477227979,0.9744175197417856,0.48491539625217533,0.470723729442662,0.5180275365176883
2.714669869381372e-06,0.0024610521677777505,0.9125260691032038,0.0062675051907487836,0.0005460039958534826,0.0013302612919058473,0.0008025359512184661,0.4731810245399462,0.0006067512878220622,5.284135951761738e-05,3.2296032587754723e-05,0.00037100894313993327,0.3003544816072109,0.0005509101996618287,0.0009131715212777495,0.00038230142965089975,0.004302408859108734,0.9983106054549536,0.9992977984594374,0.36886884675767884,0.6382798338090792,0.43059796559482444
0.008665120478266052,0.8943893426739288,0.0014305866912897314,0.45588947229552684,0.003045758789426198,0.0015540288510246367,9.274261747329052e-05,0.00031842772426479737,6.900708504286649e-05,0.0005451403501152409,0.0003456242246751455,4.376083632621553e-05,0.0002019309610247318,5.8812738722447354e-05,0.0009854851785238872,0.0019500333291793746,0.300093912514687,0.0010348646970391557,0.9938324703360711,0.5312544966763665,0.5464498862430934,0.5275726777422157
0.007925987853698548,0.5834922611550197,0.002819020406611981,1.8907525335086478e-06,0.0027056333768470317,0.0010943013598804026,0.5732269834159552,8.887541826836697e-05,0.017021014378312906,0.5795342373561053,0.3922793235901906,0.01324505905144438,6.916922161454773e-05,0.49432337172133695,0.0011938341914919147,0.0029801120903181736,2.062750337346287e-06,0.0031256211506269227,0.9913529406949615,0.5223924600995892,0.544330882781339,0.49073790730277583
0.002513256176945201,0.5886866652563637,0.0002723189173453453,0.5761685638503309,0.0025378718021503983,0.575203052149164,0.007159514815682861,0.0027593580916047467,0.0008827915780940604,0.0004853306404431918,0.0003081143861272225,0.0005606181732545354,0.0017523392686139838,0.004515923533153379,0.386105938928791,0.0020232693084271166,0.4932136800776552,0.000319938700684615,0.9972298419950978,0.4994499980680938,0.45033448871151016,0.4987093993297362
0.8983623819560003,0.0013098077657980583,0.0006355156582076319,0.0013568259069266686,0.0028943324138606245,0.001955752269066278,0.0007506042029269595,5.6682082983526284e-05,0.0038143525026535,0.45483042165715093,0.2983101240589919,0.002703082097447601,4.016862099948507e-05,0.0005319271583126509,0.0013859713396596124,0.0020708314383209633,0.0009615399154175649,0.0004577140142937269,0.000928194726608017,0.573637090489445,0.48485286713285886,0.5350070299999321
2.7368930491475786e-06,2.3945430884179283e-06,1.4276835965721942e-06,4.139310413082956e-06,8.535595894641515e-05,0.97153322326083,0.0005681909620590961,0.48389433833465306,0.00031369965986495507,0.0013167301771772656,0.0007713967441930728,0.00019225307082727143,0.2941886998162237,0.00037232584917389446,0.9999415204938257,0.9583361811871127,0.5018931913881954,0.2459977053446153,0.47751711748821646,0.3724649736255048,0.7572666558545351,0.5537831141531656
0.001562050418170883,7.090974519180866e-05,0.5854153175526406,0.5767612069849868,0.0023594235284597974,0.002395278436366191,0.003384622454714113,0.005053255283442911,0.5708688356485767,0.0005889762738190469,0.0003725370051940227,0.38403525222690804,0.0038821964958190014,0.002600297852984836,0.0018402239597388815,0.0018301086439747624,0.49011140475439524,0.9983269181349327,0.028879935478332674,0.4527961267083321,0.4846995396848917,0.5616663180142698
0.0003676010376240893,0.5814459124223218,0.003683329859894385,0.5793324087618241,0.0016084358326451896,0.0015503097550030474,0.5880184589396836,0.0017507243853615135,0.0007559877845702018,0.007024443105000377,0.004427939301948541,0.0004766588094595117,0.0011038524500781547,0.39575478878370735,0.001202442114682594,0.0012595189929607475,0.4988431851191317,0.004098660770941912,0.9995975201027081,0.41129106116169106,0.49040064466949057,0.45815441720276834
0.5796391482457768,0.006398914380157346,0.5666958844267835,3.251746945157471e-05,0.0019242421997251165,0.0029566618535021663,0.005840516070471393,0.582142040693152,0.007733444371978338,0.00011262386770342738,7.09718431081321e-05,0.00487563591667195,0.39118084753568305,0.004494545678491946,0.002281464106783558,0.0015144805082889237,2.5091684412725367e-05,0.4919075016464092,0.006895466506823442,0.4418934149111251,0.4199929918167872,0.49922777539724733
0.015779282616144436,5.057287156850465e-05,0.43617732938371157,0.8965317958783123,0.00019251221099345374,0.0007540170492566294,0.0004785342530002796,0.003320471675184799,0.00575914711602222,0.0017291890715789226,0.0011002822578286818,0.003665377202991593,0.002113323481788304,0.00030456559400671894,0.0004798967860499496,0.0001237027985200301,0.7075058074302552,0.9773492139233223,0.0020403857114935087,0.48736083326828566,0.49393607394810984,0.49074011241284654
0.005759101745380287,0.00023973212664873527,0.5792671250341833,0.003024889357255865,0.0021278869904426496,0.00012777701876668258,0.00040836765065117153,0.5929928321170673,0.0014601243757788407,0.5895861510003786,0.39110439757084653,0.0011123936145334347,0.5022854113870382,0.0004415706853828521,0.00013816578755893906,0.00232301373753316,0.0032708580946865357,0.9937672725171124,0.02648525918033574,0.41854928057515456,0.3960628127476694,0.42808951509901894
0.5808107655673208,0.0009120631862264305,0.00014170932142036069,0.5864739839304528,0.002756672310124828,0.007137026617949682,0.0006947127422492724,0.000947589509381282,0.00998829067331476,0.5840306676665161,0.3890179209131529,0.007630597830471588,0.000723950123816584,0.0005293262982456184,0.0054526823100825295,0.0021482220452050485,0.49706367005626767,0.00015489381753989724,0.0009808937630804149,0.5929027294354107,0.5685941343507281,0.5642686696764466
0.0006430500299399918,0.005051716158447713,0.5428379338611148,0.5848097321349942,0.00166420363716967,0.0008515483116223728,0.0005076648100462135,0.5814687199012788,0.0013109450703181786,0.0042712120376307535,0.002679290195559999,0.0008320588573700514,0.38887798386231154,0.00038917221258101065,0.0006527813171745556,0.0013310120022161265,0.49738241847251236,0.9943588716310993,0.919949666810274,0.6018927575573738,0.47813787353222015,0.5540372793702654
4.691888641256107e-05,1.264912281724019e-07,0.0008448805448801004,0.45704140717248204,0.0009480231697055746,0.00022566429574591074,0.0029809507876484187,0.9001226533472781,0.0003511932665371677,0.0005753979339708769,0.0003625929438745118,0.0002214698167282573,0.7008920900910267,0.004152182721561417,0.00031432878527760515,0.001362045294939457,0.9987199692242068,0.9668624285091246,0.0016839329032937761,0.4803742145876334,0.5713231286193572,0.5635572688571527
1.5186049159875858e-08,2.0604357787636006e-05,0.0009693599965667922,2.0093846109197473e-07,9.130777430197481e-06,0.6027272772196871,0.6116936315323453,0.0020807158132757114,0.0006137636224718728,0.6035392205334223,0.3895471174677599,0.00046543450908490675,0.0015425127584995152,0.5047044765626303,0.9988876991836915,0.005832981309082793,0.00012147603480780069,0.9864839202357638,0.9995499596403599,0.6129019434889694,0.6875433217430947,0.5340732838610853
0.5958297440007855,0.010689927455110148,0.5833481119975568,0.0021425594867022345,0.00262971224336329,0.00046932690862158417,6.574648651048862e-05,0.0008278388436648338,0.6096986508481625,0.010600279802169574,0.006310052432547364,0.3865281769301675,0.0006004899437516085,4.76905823784588e-05,0.00034043094465108063,0.0019674942191722257,0.0015541408467227985,0.5135253410256961,0.011205230877491756,0.5954809141552035,0.7265264890525216,0.5909083195946007
0.8966766006808392,0.0030846666741920197,0.0002443307100983944,1.0224643749961396e-05,0.003016976991411094,0.44905699701850404,0.012424825511331233,0.0007192310824656996,0.0003880817365819327,0.0006874330279711424,0.0004362752030153609,0.00024634823840560604,0.00045655684991461324,0.007887291631929944,0.29558165107062906,0.002162630902735781,7.259478344254485e-06,0.00017630299431706698,0.002190050316928665,0.46919358502875225,0.5433915484532266,0.5077119533618517
0.5692142330343981,0.001096386804794914,0.0017310552281183855,1.0557979100014142e-05,0.0011746146065715517,0.0015289662562588526,0.004280391396555472,0.5765268678747137,0.5760477270945357,2.5618012161818863e-06,1.616235550563178e-06,0.3874707655167258,0.4913698031701865,0.004600145952146059,0.0016431893434855635,0.0013339711537218002,1.1346581222773655e-05,0.002020530835484202,0.001278444545671253,0.48234891462910384,0.46202812139607374,0.42402608110486
0.9145698386298096,0.002053729872880305,0.0006014155914467088,0.0042912865248462525,0.4551112833947919,2.6026628442198787e-05,5.653831998812583e-05,0.0002529002139890033,0.0023102655845816233,0.00019015183904250627,0.00011825022862739347,0.0014370099774444311,0.00015730695127362187,3.516751054606244e-05,1.618882877452545e-05,0.29639748704244046,0.00298718356307447,0.0004254775964516802,0.0014295821500860326,0.37742376526156046,0.5840764067664878,0.5373320221211113
1.9903674324901214e-05,0.0002693666253624531,2.306219980295231e-06,0.8962096174424652,0.43679960805875184,0.0005901840445664805,0.0015715631245171507,0.00010599303262689176,0.0015697090092754915,0.00015506454202962152,9.834262213081395e-05,0.0009962443567753214,6.727053409816093e-05,0.000997423453444759,0.0003745666160697779,0.2965486716771896,0.9998081394543166,0.00590451745870707,0.952146072882823,0.5069548110540139,0.5020648944288219,0.5549695428930254
0.016018637718189656,0.5909831303523929,0.0009717738974290787,0.001428652942802255,0.0011796514758155867,8.605620252707197e-05,0.5807960974728607,0.0012152101080727185,0.57863024885801,8.53761546845034e-05,5.376745980693396e-05,0.38804924435991395,0.0009335510736274476,0.4944009727444359,9.183773792379628e-05,0.00131044886911863,0.001538668185979637,0.0011368243373232356,0.9824169864116972,0.5619680577826769,0.41760928264969926,0.4907032461440634
0.001684009500060545,0.992324259655666,0.0014753377090350424,5.912856911699164e-05,0.0008365377490939338,0.0004483856322852428,0.00011482055301186201,0.0009508965404771084,0.00015660000215567325,0.001950024089097715,0.0012179381273462486,0.00010670916050520187,0.0005945412626166544,7.179075434535893e-05,0.00028034584061975565,0.0005456883297607496,3.6969020933086405e-05,0.0010019151906060452,0.9989271346152141,0.6040812384049075,0.5836426678207,0.5188324765131329
0.5913502282817508,0.0032418691228422243,0.0037889291359845647,0.5829913023212618,0.0016272673802789834,0.001533338748108137,0.5909492183036782,0.001767247665869089,0.0007624769304411281,0.007156922235279714,0.004469279271398292,0.00047625549093307384,0.0011038524500781547,0.39374475917297724,0.0011755100192628273,0.0012595189929607475,0.49546611085541725,0.004078855238957065,0.003490091105499693,0.3680933220188754,0.49040064466949057,0.45815441720276834
0.0036772909762060033,0.00010058215863431481,6.516971145207278e-05,5.394389122246337e-07,2.6344937577185442e-05,0.46342122333207925,2.2200361584059485e-05,0.0003440089780200789,0.9238902437674318,0.0003269104475468618,0.00020125692381264007,0.7040147486718116,0.00047257010551609733,3.0496963846519715e-05,0.9948491914913935,0.004562060786365061,9.15917116789209e-05,0.012020228756689871,0.01708012419171362,0.6578869631023784,0.5555158918171348,0.5747947874259195
1.692648346109528e-09,3.499477693824935e-11,4.951812578241173e-08,4.743982182630594e-09,2.48308082310806e-10,1.6601045962157487e-05,2.980795071700008e-07,0.44747574836240817,3.770235025767456e-05,0.8959861844372274,0.7049418931885328,5.363868915116127e-05,0.999976378320512,0.0113660588883851,0.9979287172732623,0.003018754263787824,0.05331433756648363,0.9795883382112591,0.012910701158935278,0.4726908800743575,0.5028256250300414,0.48671383123181267
0.583692636461623,0.0006225134013704436,0.0035894438650108593,3.277127455697268e-06,0.0026786973207989988,0.001094539715046972,0.5733518946512108,0.0012001397285706567,0.0008561807595209008,0.5796727208215313,0.3922793235901906,0.0006661949237992099,0.0009338306133816614,0.49432337172133695,0.0011938341914919147,0.0029801120903181736,3.5744479590259963e-06,0.0039788298177736185,0.0006789828751356003,0.5223924600995892,0.5443654412754902,0.49073790730277583
0.003180658867297373,0.5820044159276896,7.24479344816262e-05,0.5859170080844379,0.0016823881321369094,0.0008578629657978458,0.000509044302746066,0.585780598584624,0.0025993235425451604,0.0017699548008742862,0.0011021057081341537,0.0016290295011528906,0.38887798386231154,0.00038735727545443044,0.0006527813171745556,0.001335651252513989,0.4939306689170635,8.388560334804678e-05,0.9965450539899241,0.6018927575573738,0.5861112197507566,0.5591225569344223
0.0002559463583864867,0.00023536218910128856,0.00013127641284743825,1.3060056127252064e-06,9.509015832471035e-07,0.46662448979557164,0.00012397526294280245,0.9259191750344525,0.00059089472146781,6.471439933705242e-05,3.980105340835251e-05,0.0003634728291757926,0.7051564345761733,0.00017069678319089177,0.9994779943355551,0.0016469503800965162,0.002193020282726168,0.2454769535294007,0.4673061130758466,0.5985688126178058,0.657685716792239,0.5191266482752042
1.6098878728401777e-05,0.0033973928286412576,2.3565446062601148e-05,2.0741057953028458e-05,0.46130441589498694,0.000720965202557071,1.7718066155066812e-05,0.0006670932843876342,0.9314594970780687,0.0005592535790515809,0.00034179832028500624,0.7048213148378337,0.0009118290702497153,2.4218290359021695e-05,0.0009854632442675036,0.9953560532162533,0.0038864801212205023,0.004487811422474664,0.9969833601960738,0.5569644348367723,0.3158062137545017,0.4348819996936198
0.008237958954018148,0.00012535076022200247,4.788059832484742e-05,0.5806803878112236,0.002310142586934382,0.5783351890681181,0.5806003912858482,0.0012817048990141837,0.0009839443435694336,0.0006562819304172367,0.00041587825938699014,0.0006236506120339798,0.0008123798512391389,0.3923755463528884,0.4986784223394968,0.002556784501056511,0.9909681011957973,0.0036996771701929016,0.009686441008385569,0.5492063923877233,0.46902659610900654,0.46797324203462987
0.00426831984707854,0.5945516988525321,0.0034150848926748616,0.0004256051669091393,0.0027967222919493572,0.5845254295082825,0.0002995502287267757,0.0005148616140040821,0.00118342147718365,0.5745615360800143,0.3840072316720443,0.0009036602241823306,0.0003931488452120213,0.00022873689406867305,0.49461951504520313,0.0030545490188382818,0.0004557750961830889,0.003972604394699868,0.9953418063735576,0.5961462193584111,0.4443631168320711,0.5049442205819382
0.5634067123432661,0.002822321640552893,0.0033844391075034306,0.00026534313293442386,0.0012678685136708226,0.00029283606509339637,0.00021010634956569664,0.0007069906687053143,0.5781141037238626,0.5784517766451358,0.3890715788615865,0.4956094415368284,0.0007678358181771321,0.00023066513750655162,0.0003211980085011199,0.001474629060664916,0.0003187308643403386,0.003990573236271028,0.0037074262740626196,0.4932873687961749,0.4637562243682091,0.4375934001846187
0.00034692315364707554,0.001751504031108861,1.6715176190448443e-05,6.384009456964218e-05,1.2208218866520396e-05,6.658574343626927e-06,7.863828989194406e-06,0.8958572971832554,0.4485689712384842,0.0002484418799651072,0.00015762461358014295,0.2955382661505249,0.9986245776575056,0.002597456249941593,0.0021900998204009564,0.004243262640943728,0.021001911082097674,0.00597454189497576,0.8804782547207833,0.5046030087378499,0.4606200040447228,0.5175273745705392
0.00020399312716298055,2.3775910969289285e-06,0.004175657601710181,0.004336079114906156,0.885817454220735,0.007163705086041092,0.0009119239334957508,0.0007929992946558733,0.0007376690523097749,0.45554463350707014,0.2998499627389106,0.0005250729536616501,0.0005644573617704276,0.0006491082725231245,0.00509917378166207,0.9956787612954066,0.5064836263407977,0.9694207969295277,0.007419683275481148,0.5574482411533207,0.48334669355664417,0.5093701003508235
0.5668164725755036,0.012002418630975125,0.004050244730044326,0.5961860659498851,0.0016640853464292922,0.004508755368701758,2.224870148769328e-05,0.0008879429145905577,0.5898119252786442,0.0007668539811778079,0.00047887605391227936,0.39325759712814023,0.000680920053051981,1.7061449874877224e-05,0.003457511264645132,0.001331385204477156,0.5100166116990497,0.004847872703224621,0.013572693091574106,0.6007558756276339,0.435016602208288,0.5631184773350374
0.5726334244564075,0.0014345024260119924,0.003600335489927768,0.011601086288486842,0.5767103933356539,0.001981598546218487,0.0006810120786596468,0.0018518853906045161,0.5869255092852578,0.0004989274988293069,0.00031155858283706943,0.3906203663937061,0.0014146545182232434,0.000520227009281276,0.0014999486610312838,0.5060394962481158,0.012654385911766434,0.004266332171879383,0.0015646986133873164,0.39423438323448934,0.5888706333778805,0.5152512993261248
0.008046650007364561,7.018103988181252e-05,0.0001077546293022843,0.5801207860484078,0.562417877420485,0.005038537466666,0.0007382667881939399,0.5749004780172798,0.0011502089941251683,0.0005734491692188782,0.0003626131066947431,0.0007370002412559006,0.38738695774778564,0.0005695673045301929,0.003887161252310554,0.5036030008407069,0.9910015388892028,0.00908644689385484,0.005591123052593776,0.5574482702510549,0.4661836063603936,0.5352493167170204
0.006643779635741625,0.583604138927401,0.0001983785878865218,0.0007817015373746232,0.0014118099773911467,0.004633426704043441,3.83922408006443e-05,0.0013791673413221365,0.5755639993846304,0.581469090182253,0.39258686266393705,0.4956094415368284,0.0015045748043259963,4.188331993906086e-05,0.005054730158892762,0.0015886653812860107,0.0008528028011281974,0.00023507974617379275,0.9926137410098931,0.4931136292390858,0.46256228985416303,0.44297186338384154
8.063216818557577e-05,0.000846540345180765,0.8812458710675636,0.45446978192121323,0.0030376094279220833,3.887554382408557e-05,0.005146223117866944,0.00024703493992629823,0.0017057689165494454,0.00017439223749247712,0.0001105171646096668,0.0010812323619118493,0.00015658773603125994,0.0032620445139034853,2.4642248921820506e-05,0.0019439762398901512,0.2989442959163078,0.9993955574329737,0.9395454052589367,0.5299870093501241,0.5460418046942227,0.5363649299179558
0.0011408730708183468,7.245205901217774e-05,1.920376553527707e-05,1.0670050658324211e-05,3.688559779212912e-05,0.58544113927429,0.00023090963310346295,0.5836855960521866,0.585629616195665,8.050818288047945e-05,5.0566376439604345e-05,0.39237492783470307,0.4990482139775155,0.0002510987912565945,0.9987323572275162,0.020548140112263906,0.0058301760873632445,0.011398931809831356,0.03961454196112377,0.59429913941278,0.5621316596366691,0.5187813320725927
0.0004241427772578257,0.0101009982431921,0.5730410062318047,4.5552827131641486e-05,0.004649528403792009,0.0011081328482765392,0.5783771171259695,0.000316503186716254,0.000765676822142946,0.5815693470380032,0.3922796410667774,0.0005938319299651394,0.00024546885007111847,0.497756795155488,0.0012111537710396227,0.005183358956829734,4.978925771051564e-05,0.9889496626824186,0.9727723707306002,0.44329429082236776,0.547709801281316,0.5185033178719138
0.9367033194235372,0.002530966079578367,0.45478086860234174,0.000963122271416145,0.007769826864657015,0.001995535281238248,0.0011276626530274737,0.005386250722226553,0.031533921606945875,3.7944893405973456e-06,2.3183026140152473e-06,0.019273297818255767,0.003293057279516471,0.000689439045412928,0.001220047001690947,0.004796118815930208,0.0005888570494988941,0.28774444251245246,0.0017201788917784733,0.7001750103403138,0.4623162724513047,0.5164809460613211
1.9799298215102462e-08,3.936206721186866e-12,8.496939594429636e-07,0.00046315426161365166,0.5753654327230262,0.574925410635649,0.0002940318847554701,0.001355867860810062,0.5835125774382628,0.0019875821725938367,0.0012597321915316807,0.394722498277962,0.001056128446021313,0.00022903096858978788,0.49671146238023883,0.9994924161025124,0.9988127149605046,0.9854067711239236,0.0001265643803739086,0.45512095215984394,0.475490714285457,0.45987023728430787
0.00014229720341285904,8.228500751518772e-07,8.544935549921142e-07,0.010328928412462503,0.5558123787171024,0.0011740523134768466,0.5787131217138101,0.000756052550721628,0.5815922783799591,0.0011288478438513856,0.0007144796290794331,0.39299664150554353,0.000587463263046123,0.49930751350511837,0.0012887042368332768,0.988660722455069,0.9910634821854727,0.004074915821711524,0.0037070203443132785,0.5147827629637115,0.4715068816931343,0.5609647622373318
2.5292860510627077e-05,3.608719233828289e-08,6.147951162913467e-08,0.4443160610963075,0.8852933999454893,0.001197760464604865,0.005955031745887398,0.0003424531817566419,0.0013499304947190828,9.938707177650064e-05,6.284143696258727e-05,0.0008539376461364496,0.00021662887509441497,0.0037569146104463047,0.0007576901180296618,0.7088922903462176,0.9999630675905288,0.0015431282814087899,0.0008912240745084857,0.5110811429185922,0.5084488733363896,0.5786998065914873
0.000999390438940644,0.8958915947947177,0.003937935984190226,0.0056868392652802404,0.0019849745631985464,0.002029474659030045,0.4461465937600981,4.228597088558369e-05,0.001470457497704464,0.000517592657296763,0.00032903315911814683,0.0009354515801248573,2.6900848685536402e-05,0.2941812233649843,0.0014423360372273607,0.0014550900350984441,0.004019678848432542,0.003040074162211601,0.9992761792940605,0.49574675962786496,0.5051337232199906,0.4740780138871769
4.911236441266153e-06,6.016802730730967e-07,0.5692609697793763,0.0008503530727325745,0.0007165445432945475,0.00030957022059798276,0.005700991754427315,0.5813253722068566,0.5743747964618243,0.004343391598388803,0.002760271181583463,0.3889384509569319,0.5015248717197367,0.006273339635810522,0.0003406594319777014,0.0008042557831261232,0.0009357482214871465,0.9999944526604327,0.07616043204065881,0.5167710001131895,0.4733664557109413,0.5172940280900579
0.0030201477656213536,0.0004523718611639591,0.00024562190275703017,0.0003772673043976193,1.596062882306227e-05,0.9103366423079563,0.000627651197584138,0.0005535734240238953,6.73044161787616e-05,0.45270018902987735,0.2936014477819641,4.706791058693959e-05,0.0003871302402749545,0.0004389351127470255,0.9978007094519297,0.003332550941255578,0.07655571012847157,0.05446763324010033,0.09289296261318258,0.4280099550753333,0.5920913767736562,0.5535548579969595
0.0018531633483773568,7.306647830443494e-05,6.491032577937472e-06,0.576748463593976,0.0010041166785605762,0.001231592100489547,0.00035769549165404587,0.5864009683567042,0.0010323889097405851,0.5780456407796307,0.3895392915848089,0.0008099727903015663,0.5052902616261239,0.0003991216710644153,0.0013594536571770598,0.0011712310451638492,0.997869450111428,0.0023251524104763704,0.026154434633477535,0.4852005574412753,0.5362200737867564,0.5570058049075783
0.4445634090802281,0.9090478319982739,0.006240072103174392,0.002547385118359912,0.0022279490034402155,0.0020972952844531124,0.0006466648210500353,0.005687397228863463,0.001822727047078681,0.0005749666178959395,0.00036163504409479955,0.0011466895111765063,0.0035780023420475537,0.00040682805750691766,0.0013194422967252434,0.0014151143314929694,0.0016026076691604562,0.003989793094819068,0.7104394754900534,0.573663894924281,0.5800079181218387,0.48925112082135935
0.0010062100672865307,7.60924022546205e-05,0.5456892887151483,0.00215557620749608,0.5730860071968865,0.0005782029333390215,0.002774899634147754,0.5848440489450233,0.0015276771850406261,0.004395581872629531,0.0027003328371211317,0.0009488927143685918,0.38256575826610534,0.0020930916903840616,0.0004314477520826394,0.5111485217094923,0.0023155673919943234,0.9988716868138716,0.050090451665371974,0.3484750618909683,0.5921101870257999,0.5540305636722671
9.98607403753711e-08,7.157133700224487e-06,1.7784415137514395e-08,0.00030067526737394636,1.4889657805948467e-06,3.06192050488098e-05,0.5775448119193728,6.928523807501005e-05,0.5800894029077068,0.5803866267896356,0.3925911622024992,0.501398192904836,7.637198087962177e-05,0.9996667890159604,0.06400341052874095,0.0032507947044798703,0.9848502785426252,0.0017184022701487772,0.9909472684060179,0.5148050674049297,0.46261822632511074,0.457808152618377
6.938014222269889e-05,1.1777597892281509e-05,0.002366503135481189,0.5881033330048137,0.5758958456207296,0.0017277758816980897,0.5877618636634797,0.001360845678635123,2.1170731185496394e-06,0.0011526970268534976,0.0007145894376159589,1.0044624145592862e-05,0.0008445269105168528,0.3884118537073673,0.0013082595976617838,0.5068192996161062,0.9972164530449623,0.9822413285580436,0.10778281680135877,0.3618693529807068,0.47029964398941804,0.4234849678547927
0.004404335826403503,0.00015632911751534105,0.57238510975599,0.00012354366490686377,0.0014079798053063975,0.0011159496707874716,0.5807340466681291,0.5813558616400859,0.001293853376291872,0.0006614379813537679,0.0004184286987331991,0.0008188719375631287,0.3922973413176071,0.49860450399572953,0.001221273640669711,0.0015716486977142014,0.000135203744642253,0.9950848578176206,0.02216236003529399,0.5082771715069254,0.4674178312034495,0.5689717486380608
0.0003239837765634658,0.007716137899987197,0.006537878476938537,0.5855630346160301,0.004601242290273635,0.00110818183488814,0.5783956300437497,0.0004826073800353148,0.0033788861870817956,0.5819100659319898,0.39236145534868017,0.002620444565646529,0.0003742815124033569,0.497756795155488,0.0012111537710396227,0.005187040852359597,0.9885331944765807,0.4733771470624667,0.9727723707306002,0.5255750657082506,0.4286782611374372,0.5150068046626426
0.4557836283452909,0.0047077833924418075,0.0011861986437959955,0.002000983884000371,0.0009560525202001899,0.0008417291620573223,0.0004435599738967838,0.9013252372270958,0.0009270553414626269,0.0005867290082925633,0.0003696512466539917,0.0005843308823332845,0.7019462588572687,0.000619547706023401,0.0011756931631190324,0.0013620673011163105,0.0027948981266391146,0.0016838090377034771,0.006575621412751476,0.5908075924618412,0.45883667703908426,0.4914831165437169
0.00033541806089320306,2.1117128882325247e-05,0.005496742201832317,4.6435112965731514e-05,0.4548322408234271,0.0009767806743724407,2.5142283249409917e-05,0.0004055790261959234,0.00041713239909982634,0.9222007417605983,0.7058057056755256,0.0005782503522745736,0.0005622348311467243,3.48535554399372e-05,0.0013540619964295519,0.9922414296308325,0.00528204916669045,0.9617477324970104,0.04002754951435099,0.6073115955256659,0.4531047649096414,0.37223963367256013
0.002134702848055688,2.2544258964758718e-05,9.672502346755684e-05,2.263718090971739e-05,4.4626637864757456e-06,2.5762131926033647e-05,0.5737194505004354,0.5798051810263951,1.973119427615384e-05,0.5830694821116637,0.39504316663090744,1.539972747887405e-05,0.5033555771117535,0.997582914058863,0.007460713686119839,0.0013453646232446197,0.006616487168234226,0.030721117318122604,0.00659614163936713,0.5378634995210078,0.4665397346431315,0.49352250396045394
0.5702994811600662,0.5754761434065437,0.00032964279719134836,0.003902761261945846,0.0033880198642304593,0.0003246131458281004,0.5773315652267855,0.0023325841737109666,0.003617255096797226,5.7001778451512505e-06,3.6232085620100245e-06,0.002300319878875773,0.0014833688485843492,0.3913278083384233,0.0002526838098174111,0.0026897957753717885,0.0030380306594078917,0.0002787367875736245,0.49680922923101545,0.4862028056308612,0.5241551678940987,0.5176764626385024
1.2166966993989429e-05,0.0009661344117455317,0.5800320258939036,5.593755052674402e-05,0.0023394148212312867,0.5799384559888229,0.5887660900494521,0.0011338747769196024,0.0008445476497200722,9.89625623580807e-05,6.204915138124966e-05,0.0005296453525461011,0.0007110929838425317,0.3938909026751235,0.49479773185603493,0.002550720829886898,6.040969084698648e-05,0.9989565705274785,0.9919832439850238,0.411615339192146,0.5549686936337119,0.43449788886898544
0.008086660148309138,0.613565126385184,0.5863998404122039,0.0007361747827479222,0.0016087336464507718,0.0026396488938126776,0.6116916134058595,0.000726841206496732,0.005778360148732448,1.1273602451382313e-05,6.821825437041697e-06,0.0034981910534007676,0.0004400307065283377,0.3952211590742963,0.001964633534907362,0.0012212674440793669,0.0005479191712779341,0.49071567311449843,0.9914491483742378,0.2775152405963196,0.5017165939420919,0.545605667999438
0.00515377299835521,0.0007826977657924586,0.5788148201177074,0.5861442310059775,0.0009247403204098711,0.0008515239649458293,0.590061697792941,0.0006207057774923168,0.0013813521203988436,0.001138498085736579,0.0007113087541507981,0.0008632301558797281,0.00038788982371103817,0.393281813922603,0.0006527813171745556,0.0007157236389790937,0.498844460314188,0.9943588716310993,0.09595026697880726,0.6052931195149519,0.5463534303979912,0.5741125442002881
0.007379475067873435,0.5680291183298599,0.00126627573283432,0.0002063971964208965,0.5727150718633193,0.0009612820080613295,0.5867995684441563,0.012674754544779888,0.007030521165623548,0.001933580543158411,0.0012297142528134158,0.0044722864655454995,0.008063071435404016,0.39891048113018834,0.0007549830436369637,0.5056413470234095,0.00023130647450270977,0.0014422384407447482,0.991729966199023,0.4789087817507354,0.5183391329939107,0.49728924892118365
0.002966564176786637,0.5812396884982525,0.005011023625938684,0.002904166904324424,0.0024130414954379553,0.5831669562519664,0.00039574675401252406,0.005855558575791329,0.578017273942174,0.003093713146039504,0.0019568977234834545,0.38967211076837155,0.00452767465746948,0.00030600716282983497,0.5010799463759293,0.002695798894243623,0.003181202028442215,0.005962567600278558,0.9966882882782805,0.4872013873149602,0.538460853573368,0.4341497809110957
0.002131403312173908,3.447022760259301e-05,0.46692406683881044,8.031596020291277e-05,0.00023725783321989837,0.0004630869918336736,2.7699375414332867e-05,0.9324812669875606,0.0007201135044789316,0.0006219875103336173,0.0003796174483412062,0.0004396028107253944,0.7044653786793671,3.77671040248448e-05,0.0006314026484871282,0.00032660387973714236,0.00010950759929159617,0.9970936069345445,0.010295111614361826,0.3270445400062143,0.5823796426522367,0.4215954784976396
0.866867718389608,0.0058609776702275435,0.00437192271797079,0.4425046985429676,0.003159361791481937,1.0140912147263857e-06,0.0008955048471127145,3.212128425048197e-05,0.0005258310654793582,0.0019628241969808346,0.0012413376291848799,0.00034486829192042264,2.0351818623888128e-05,0.0005735436077252305,6.425116234483851e-07,0.002143755327457723,0.2903172560555394,0.0033506211815110837,0.004487570458604347,0.4857158821281269,0.5456298246730269,0.5497444574447834
0.0023054432690324395,0.9070629638440845,0.0014883563689363974,0.00012579110824646872,0.4378296956284058,3.0343473748477792e-05,0.00022430085328945757,0.0008257007368791967,0.002385967673095797,0.0003184885995562987,0.0002000674188426168,0.0014992777079288365,0.0005188496517413451,0.00013999031858844457,1.8940365389607736e-05,0.29412703890866887,8.830178670709791e-05,0.0011348667963488324,0.9983508097612446,0.42109596744104355,0.4175312671261705,0.4901520029405738
0.4422019534254464,1.7247704826650396e-05,0.8842921803664301,0.0029963199365279332,0.0048163030834013415,0.0008763788674801267,4.670137817698286e-05,7.322246037276058e-06,8.938787371178329e-05,0.0008862583899604694,0.0005609502927255089,5.660327836084795e-05,4.636683126314767e-06,2.9572824372875147e-05,0.0005549499726085921,0.0031107648690601973,0.0018973786027240776,0.7040904908850305,2.4363738859169712e-05,0.5191695538272579,0.4354478672898537,0.47144601522907553
0.009476407704515763,0.45278497788477157,0.0019460683722715112,0.9115929294646103,0.000667686166940068,0.0005772249205138543,7.560225563317527e-05,0.0007441016368729017,0.002884045679973708,0.011040338825354106,0.006903155064155365,0.0018037646953685514,0.0004653837675127272,4.72839557491517e-05,0.00036101411592564647,0.00042160753933586487,0.7064605868110683,0.002735502303813479,0.9866783453315384,0.6085111775950535,0.5763852644650712,0.518583591804866
0.6058668805978693,0.001233708964757176,0.00026636076616997793,0.0008385900066695011,0.603109133010767,0.6006735041629863,0.00012532343102217479,0.006333126831350872,0.0008686350788044356,0.0034385876858824284,0.002087993904203142,0.0005275735465814255,0.0038465076246124996,7.611775562375037e-05,0.38849991459530675,0.501603469338925,0.0008811774334820215,0.00027987954657887875,0.0012963590779848002,0.4412063316716367,0.7097626181865754,0.5269311860574831
9.375259638329546e-06,0.000562752942648988,3.7313548874108354e-05,9.036946512315573e-07,9.735715077953103e-05,0.9091674514706495,6.178333263331332e-05,0.0008458119757126164,0.4529810830930277,1.905844752394807e-05,1.2031885337235402e-05,0.29697459814910865,0.0005985588740046077,4.419710311279589e-05,0.9995606819594617,0.10743307367047866,0.0009400703050068613,0.042184913751652134,0.9898246956588287,0.5571938231678379,0.5602165603887945,0.5173349805782541
0.5976926634939369,0.00806273008969099,0.5623627687001903,0.007584039433539584,0.004040047837833066,0.5932613468127073,0.007705117597384865,0.00043481371941925164,0.0016968158218243763,0.0006691274773246459,0.0004184176027613939,0.0010612851648713678,0.0002719575643761001,0.0048192710238438505,0.39614420503971515,0.003139751850542229,0.0058380009335025525,0.4857411475158523,0.008587391367294417,0.4828438561416912,0.4349920717317386,0.6154453967957885
0.0025662850529099787,0.8279847938898349,0.00018662702242608183,0.0019131213438464835,0.001739821444582681,0.4510325673085927,0.0004788109471794692,0.00011049566272346208,0.0007745912775858642,0.0005231329556668352,0.0003307354792707781,0.0005070610580469057,6.998682973814382e-05,0.0003065658008786444,0.2962526653176679,0.0013205853675876142,0.0014196696812906794,0.00014362762623649022,0.9981074420093208,0.5601927498149828,0.46259613958524587,0.5071080885637169
4.987575014468552e-06,5.025548901730191e-08,4.472872712500768e-06,5.089823789420979e-05,6.002832222077641e-08,4.180498494832811e-08,6.605651355854117e-07,0.448304497052386,0.8951932944485962,4.1716985069487935e-06,2.6520867115911385e-06,0.7044301196297377,0.9999270830192127,0.008190041435995055,0.000518347873012717,0.0007514569988259986,0.9160824045672107,0.47051592547542753,0.006414499368733728,0.48016832620612865,0.4781037785152448,0.5173310879462658
6.750931730666207e-06,1.095679327063204e-06,0.000993914226263113,0.5788320803812765,0.001716245237049639,0.5747234686216878,0.001736056707423077,0.001410821552630186,0.5854743913747137,0.0019898265290791664,0.0012597321915316807,0.39633870288049416,0.001101116315361879,0.0013549580118411698,0.4977358713600516,0.0019946750123076198,0.9988127149605046,0.9957979003376513,0.1067135734797033,0.45840127393156394,0.4764109619771816,0.4580881157976847
2.080035079530725e-05,0.002933465945759402,0.0020224092839406377,6.814312096101474e-06,0.5746609997118682,0.00021883991277529512,0.001015439980999447,0.5830082139863815,0.0008547371642201379,0.5872296684237142,0.39465321504370665,0.0006615595465795178,0.501537125279097,0.0011141846109483985,0.00024012087717862734,0.9960904219611681,0.0012175226333687112,0.38424485730137664,0.9954860975351542,0.5395457989369682,0.4074681992773093,0.5206818385042266
1.9916809667161627e-06,0.00032531387145313647,0.5773806063842529,0.5676692272803445,0.0010019087380607934,0.5836812709755016,0.00042431400619267334,0.006165072014047304,0.0006833189140423276,0.0014019417512768043,0.0008888720336927127,0.0004334428834165695,0.003910655023349209,0.0002691560855427133,0.39513243256715236,0.0007968611255269246,0.4894655465249322,0.999647067189435,0.9960277322067468,0.558488034074398,0.48778359972429525,0.5074950288838594
6.733339759920687e-06,3.5016304421235633e-07,0.00017568210273361166,1.0979389942242546e-06,4.464467834684178e-07,0.9989709691341792,3.960072970235725e-05,0.0001518930824644472,0.00026328014706473426,0.0003899469152737181,0.0002453748907884183,0.00018373751103437043,9.5845538421159e-05,2.525951313109287e-05,0.9998795643107019,0.001594711728294289,0.0040504328757640096,0.9765746295518962,0.0384231964434682,0.4122593223986219,0.5264847618092154,0.5215675421295421
0.00013570627558260907,0.44811096752169277,0.00022060144230497274,0.005944260298721768,0.0005691293403625498,0.9094223798624403,5.0190999562936164e-05,0.0009811179787165565,0.0007399601591586138,0.000527018596141429,0.00033070136739195077,0.0004646604678735232,0.000616097215714559,3.151766258278248e-05,0.7085603069551885,0.0008340497402688257,0.008445827727091015,0.00034047932498559863,0.999803500473582,0.5987447566584724,0.5636272961827452,0.5010857892214795
0.01379087490188267,0.575787952985441,0.003534170040298234,5.4401852318384405e-05,0.0013758283147605227,0.001131264775257869,0.5767558731438176,0.5811541111860323,0.001013225026741376,0.000646704670228002,0.00041118116608818286,0.00064436108123077,0.39431983192358866,0.5004457694793623,0.0012504307029192663,0.0015353771366168542,6.013267279305969e-05,0.003970191679507851,0.9847551531848802,0.5186472180745927,0.5052858133700553,0.5260135005851543
0.005614087513312099,0.5995852288997323,0.00010334940298053023,8.545101920296737e-06,0.5939908085478078,0.6081048088078514,0.00029580131116803534,0.0010231216447787847,0.006346773982621838,0.0034579023922579406,0.0021005932000605796,0.0038561566185361983,0.0006216340096183372,0.0001797251131063048,0.39005906427826254,0.50691732919569,9.074173139413263e-06,0.00011920833211743941,0.9939246915051702,0.5700374721920712,0.7058147529181564,0.4766263119124596
0.5977613238196362,0.6199108642756499,0.004449349591279847,2.7401066757704595e-06,0.0024854073595336826,0.5944301345966688,0.00886782918793001,0.0043074204018779235,0.0008211589605348914,0.00911257672572157,0.0055424544136731535,0.0004995687082794322,0.0026205151079799088,0.005395036384639753,0.38462459451970543,0.0018550342748014925,2.025667732658183e-06,0.00334290213121783,0.5115812815832101,0.4478798631876817,0.7083755256876636,0.5183672109425762
0.5671859854497311,0.00853046887025723,0.0009129126029001293,0.0012674374085637557,0.0005734792960142422,0.5806011960359079,3.6815082402637156e-05,0.5779593269950818,0.0004876413301596474,0.00018908744897891934,0.00011997364467823817,0.00031308397432149027,0.39112122370417945,2.860701378438775e-05,0.501400088406593,0.0006514501654415628,0.0013958569447313973,0.0010920864002110725,0.009393533178148488,0.4525179143692043,0.4808843429993191,0.4989020905235458
2.7749057298613226e-05,0.00025545251090985016,0.007729879587489795,4.540880495948385e-05,0.6192953782545061,0.6169376107425252,0.0003819778340739552,0.6240222847106269,0.0011708995191531645,0.0003307846909415515,0.00019539408169152447,0.0006918019348162123,0.39322186575501117,0.00027683491226885985,0.4957158353753822,0.9919972157644242,0.0036777826707233424,0.979185144887143,0.9311164695045915,0.3912337926730661,0.7406062424151726,0.5882059953554336
0.5664258281155864,0.0010630235390155407,0.0003700852221743427,0.0025811711236190236,0.0073235514475958165,0.0030381785641225736,7.366253789604779e-05,0.5792076395512443,0.0007447722096271828,0.5800894418151379,0.38916142494399114,0.000584543985866796,0.49438612512553376,7.988422034669413e-05,0.003280913289201988,0.00835756062401308,0.0027876189747274276,0.00043409577580827137,0.001245633383249234,0.5673615586699939,0.4637643115857646,0.4422170822824626
0.0017436350247048286,0.0016495773399774199,0.0011137785020267734,2.7469789248399113e-05,0.8859478643415725,0.0007325037080281245,0.00010856989648147942,0.45556507346049374,0.0008050061172338641,0.0019142823117342957,0.0011926484930321387,0.0005019070456987552,0.2944207569488946,7.56371009774685e-05,0.0005103038030736251,0.9981123510004566,0.006419099275228296,0.2946729067858117,0.47630833000538186,0.3677603674891854,0.506050443404616,0.5595650144204413
9.87470360080878e-09,0.00024098869139399187,0.010446244844375556,1.1554234348591863e-06,0.5821399865313585,0.0060260081028992146,0.6027014005122133,0.002062882563174124,0.0006185914114783625,0.5896144157743024,0.38730951402621194,0.0004654260850597836,0.0015521092883360554,0.5047044765626303,0.006459924290974806,0.9878317622410765,6.480909879500856e-05,0.9864839202357638,0.9999734120189158,0.6129155395717095,0.3654039955828001,0.4835709752219164
0.0010662931862362097,2.40002537923106e-05,6.707324402203969e-06,0.5705850915698023,0.5648670512294532,0.006401421257773711,0.00022841994730894371,0.0011238610642342142,0.5811476306882982,0.0004851846267501059,0.0003082216798474108,0.3941620821449112,0.0008773306879349083,0.00017831382332389456,0.004997183998185467,0.5066506130617663,0.998787328779623,0.004267379736165068,0.014056645650445121,0.4721498340419574,0.5018962430100881,0.4752568379564557
0.4506395173852662,0.0014378841897043039,0.005544178624548066,0.899217412716236,0.0022540184628587344,0.005682828366985383,0.001244945223815456,0.0011093938406743695,0.0020731734552452,0.004617280065261579,0.0029210424653223393,0.0013121669726893002,0.0007021663959437823,0.0007879611800970046,0.003596834717615717,0.0014551668165438667,0.7042446888274492,0.007959786380708767,0.0020313635539621197,0.4840995624980033,0.5619663119239049,0.5418708696220824
0.0005752974700364287,0.0022308905750910084,0.00015325115229895505,1.0929395898629599e-05,5.263925890808289e-05,0.001772947144389628,0.44927910562888423,1.5349049682285458e-05,0.0027097827827542303,0.8972279228954261,0.7041360649487705,0.0038595030038288958,2.174879787033169e-05,0.9956610501099035,0.393096394117808,0.014004484852392585,0.0027874245751399185,0.042485210481870275,0.8487554621085318,0.5128991574318247,0.5080277810259454,0.5471374461236342
5.897068172495065e-05,2.869445264677005e-08,0.005692632316287147,9.437917150241512e-05,0.5848663808057198,0.00031608775922339,0.00012947868038064563,0.593370730868044,0.5881234334049114,0.0006461759190694759,0.00040200046121894516,0.38988508058153676,0.5015356879647443,0.00013958782354874454,0.0003407656158713894,0.993761609198924,0.010383832614126082,0.9935114415028105,0.0003097741426050793,0.36878899708953417,0.47466166627378686,0.5722386324261246
2.0640160571042223e-05,0.5889540491627439,0.004401059760100202,0.6093057839336699,0.0004875708217787096,0.0008797293583867661,6.120441114230207e-06,0.002763366542891235,0.596908577810559,0.0030093100480000135,0.0018478293042972199,0.3906683991570507,0.0020759628568458874,4.597961679501478e-06,0.0006608921254394857,0.00036980592264666487,0.5108113700179144,0.004834864130639683,0.999977689541067,0.4576894217661633,0.4735220367264924,0.6845463268430237
0.5987790336638902,0.005339617466750019,0.567062501259733,0.5860527169885725,0.0033122816830919474,0.0032452002282102187,0.0010658116995297734,0.0013535903204050996,0.009426512636287812,0.0007169338891706426,0.00043220680699396826,0.005701875914908764,0.000817557919232087,0.000650729069874593,0.001960051164998864,0.002142527630563689,0.37533053721387083,0.49625180570252403,0.005918781166619171,0.27537370487133317,0.4670330175918555,0.5500400217172223
0.003807989693309703,0.003396011680287444,0.001984902563123064,1.3616058391791397e-05,0.0002438531713821759,0.5882878624217065,0.0001728267253059602,0.5951592803669059,0.003231754000613088,0.5924655418154974,0.39212288270186146,0.0024584773223017714,0.5036833503739132,0.00018701800035544615,0.9940569623023896,0.028548133052793544,0.0015799289405523686,0.23969593255720897,0.46363537640311325,0.5120647684807014,0.6573755880183191,0.5191266482752042
2.5217701844692026e-05,2.0676257905748136e-06,0.002578510725002419,0.47558341885609684,0.0011693796014846938,0.0010876956914418559,0.0007677636585361389,0.0015768324220349276,0.9518695829189002,0.0001647047012021446,9.849462127715057e-05,0.7050148245997316,0.0021107170683374726,0.0010277176645020524,0.0014559547089039238,0.001596459533435928,0.9962505897771203,0.9941402062999906,0.05110160676969565,0.6688694327448358,0.5269388428019977,0.686619245555874
0.0053442961681621345,0.5794140812734428,0.00010039535222414421,1.7285006394005508e-05,0.570545296358973,0.0035968966560365827,0.0002357251997540288,0.5748615488789958,0.004813947949716297,0.0004798890352014405,0.0003034019113599028,0.0030457750520922174,0.3871409596030369,0.00018172272169852954,0.002772847863247413,0.5049887886332232,1.899401767030905e-05,0.00011983216353751697,0.9940153901570603,0.5668002987858933,0.46567403499730464,0.4763181855651777
0.5943605242674694,0.5760236965505484,0.003800174883311824,0.0008685494179140718,0.00037367901606684216,0.00014251677259204717,0.0008805563972678136,0.5828750928574545,0.0010428107653203194,0.0003420317201842921,0.00021504618076567672,0.0006557916248478473,0.3906023631739768,0.0006772891275926567,0.00010961831194760373,0.00029018346475204507,0.0006680518590483349,0.002922858848047824,0.4900341994150164,0.484592430190255,0.4641814508613299,0.3960559888307497
1.3476956338076242e-08,3.891631671240573e-06,0.00010048941708548217,0.44992739630185846,0.000789088441594959,0.000883098619545219,0.8982025312725631,0.00029287691186250653,0.0006958813608693276,0.0005264000596640948,0.00033351226685072804,0.0004409872960127217,0.00018559920408748955,0.7043645371256129,0.0012495316411708605,0.0011272527913002333,0.9998577113097281,0.9753572879936728,0.9977954081555808,0.5133593727681081,0.5049072165429026,0.43375400317259155
0.003244526665692759,0.45883311850733355,0.003018587789070683,0.00277311558182398,0.0022305220156430177,0.0007102913443286784,0.0036099909244684983,0.0006573693552563485,0.9176976793004515,0.0048367594807350225,0.003000383796440742,0.7048213148378337,0.0009120122287134357,0.005008435609190676,0.0009854632442675036,0.0031244026332153075,0.0038475098001000928,0.004256459393866426,0.9954984073160842,0.5224727288650368,0.364398122296162,0.4154737361407574
1.9781693619480112e-06,7.266301741541453e-05,3.5509806089733018e-06,0.00014380758685311648,0.00015828656008207655,1.8359424759168948e-06,1.2839091511753763e-05,0.8972866994777751,7.395028480646447e-05,0.44897793906213285,0.2953014199182694,5.246729881335657e-05,0.9998387028902674,0.03597227001730395,0.005149439348367139,0.49729390689699,0.701750175748187,0.031074036521384574,0.9826734286402123,0.49948971026593697,0.443966581606708,0.5127600049571748
0.0022723873296874976,0.5980468287288704,0.5635810286416846,0.5858616769155376,0.004061271463115995,0.00046448345476432816,6.294121566041987e-05,0.004761682319920622,0.0006986905485662181,0.0019356924554629542,0.0012145539095055392,0.0004384922386252285,0.002988403414631578,3.9501821638490264e-05,0.00029150838514623793,0.0025733479821654862,0.39199203814983363,0.4862651561315195,0.9975810776803663,0.5880154776661747,0.56340249134346,0.5511928127151824
0.005863385847901327,0.6244959658765136,0.004118064794181514,4.839676442022964e-05,0.6140298905556549,0.00026927377342178185,0.0016967732917383873,0.001182327961198595,0.6225279593311379,0.0008214152844610551,0.00048502694001242847,0.39197022187732866,0.0008553667198002944,0.0012275487231473417,0.0001948086832562415,0.49765321989240063,4.933443626038421e-05,0.004266332171879383,0.9940230046092168,0.3554622974815308,0.5558957375391499,0.7321435910557821
0.0,5.227794496449621e-08,5.169662889472548e-10,7.633983096470189e-09,4.8219009934450456e-08,0.00027205001923141754,0.999604276432811,1.741609383902149e-05,0.00010190231380653199,4.246492407985309e-06,2.689023842072794e-06,7.354821274691402e-05,1.1045221806412105e-05,0.9998274694549559,0.9998206772277923,0.46307504972314384,0.08516255388861162,0.006301336346071329,0.9949253554643303,0.5423450994835555,0.5392573694336287,0.47825424430276475
1.7306500958035452e-07,0.0,1.0929218364963567e-05,0.0,6.253109751877041e-06,1.4191542977193137e-05,1.118143711864785e-06,0.0003868409116777458,0.9995474372657135,3.305674279299391e-05,6.145483293910198e-05,0.9992806582188718,0.8186803262857645,0.049795522638695355,0.07165185830411128,0.021652146778162976,0.37986465073974673,0.24350222319953593,0.47724429371975247,0.37117668563107087,0.7588547918141783,0.51735835453091
5.734332605140928e-05,0.0021541852760007334,0.00017248217170385145,6.755325621293136e-05,0.019980750904753587,0.055419721606294686,0.00033565604820924236,0.00024526567616657666,0.042538264705296695,0.8790287770293103,0.86958114266576,0.13343195557741383,0.0020990865564034372,0.0017969812401229246,0.2922482852985912,0.9870378855159031,0.029146818209942284,0.1743988733021462,0.9348722073049218,0.5153198132046136,0.5831469938192653,0.47435418417678765
9.85614739617774e-05,0.003991450378638779,3.533687162307232e-05,0.5908031321135921,0.0013777373322647994,0.0035883230184750093,2.6786675792632355e-05,3.817562980947923e-05,0.589551943175161,0.5901167834742832,0.39172301356835265,0.4993122347723439,4.113447775130029e-05,2.886280928481445e-05,0.0038664533070733673,0.001498814509936715,0.9956977153760681,0.005726246753518571,0.9842831664527567,0.6053150924442398,0.5609406155051793,0.41446588979704013
0.004297750649720763,0.6099266597185837,0.6123953231852796,0.0038089567700128907,0.004634129074588487,0.0012203228351426712,3.641931635276953e-05,0.002502989074159564,0.000600912112978264,0.6171248690165891,0.3921463410924699,0.00043899969858342735,0.0018285759712326705,2.660645654332441e-05,0.0008915156286630659,0.0034531793478278184,0.0027826988746663095,0.5064254208749777,0.995514383278925,0.5927976208165913,0.48140285064501087,0.7422548817999943
0.01568766191558157,0.5855776394575531,0.00943514291730441,0.5971589723056702,0.004202411762368054,6.422562927896963e-05,0.0007015679798122998,0.013114910716345891,0.010110131745031226,0.5861938788339773,0.3890179209131529,0.007692872200652512,0.009980135814800423,0.0005339216552349674,4.843266721782304e-05,0.003298812421241637,0.5061251756746787,0.011138512206088119,0.982621227238465,0.36343682587011494,0.5350027159733538,0.45918303490601803
0.4525151034092432,0.006363058953295852,0.00028269138004287923,0.005494404315234096,0.8920026538964102,0.002210513639955712,0.005948087879546516,0.0009493509584683053,0.0013519953845546806,0.0019351687567239959,0.0012220084629683534,0.0008539376461364496,0.0005996227360453541,0.0037569146104463047,0.0013962158839079496,0.7035399323195075,0.0077288574212441286,0.00039766332921778186,0.00895147598242263,0.5110811429185922,0.5863061925207778,0.5189148397723092
1.1895178907354448e-05,9.507790274523285e-07,0.0003231635210592424,4.117196006164661e-06,1.86159427158809e-05,0.5904239933517309,0.5885711053347912,0.0035042845179642196,0.589675762364346,0.0005571012978800651,0.0003483192499393554,0.3932867348841699,0.0026882172562551635,0.5019149450242295,0.9996172076279665,0.03476649444698737,0.007462257522792559,0.9779570133447355,0.04982274630471467,0.5278785399695465,0.5250336901672356,0.6290117548526586
0.9884816266961246,0.001920475710031058,0.0004969377524917456,7.389638833000048e-05,0.0032209391604256497,0.0018543320979290926,0.00035114634843062917,0.0024434480704592487,0.0009069131288884258,0.0002502846468896831,0.0001580978755443201,0.0005731343358371102,0.0015441678800816152,0.00022191181509234603,0.0011718683449011853,0.002076178504247828,4.669982571522816e-05,0.00031915579484066426,0.0012135927489440755,0.5051473619520286,0.41487508450992217,0.4901010553850456
0.000933748009922796,1.935387257202504e-06,4.620255911728159e-07,3.673019653938305e-05,4.239513725004055e-06,0.590330864693302,0.5939357285019361,0.591112484197782,0.000735083804200988,5.8637716761697034e-05,3.652303949839338e-05,0.00045792560565024976,0.39266655376165643,0.5048527587158504,0.9989636333579751,0.0029234493454549978,0.02456203902325442,0.00033576204852289737,0.0012946267270551324,0.35334883305416853,0.4990520886423426,0.520584325585625
0.0008735974251734926,0.00011052023547948409,0.43430026060880966,0.0003503865612749163,0.0009148048743606274,0.9024304012965049,0.0030794722911025056,5.6076870799075924e-05,0.005426112835641743,0.0005273522820135459,0.0003341096209678121,0.0034385485944574126,3.553648273099727e-05,0.0019514959367584414,0.7104055414483789,0.0013321321796760932,0.0005053731001990143,0.9987299848789181,0.08011479909818067,0.44942609504479325,0.5041083104797801,0.5450731504078645
0.5798958822660466,0.0018988007783278472,0.002125700357433444,0.5759264262270751,0.5713706819697318,0.0005265187601060269,0.003401578124249162,0.014090440471290292,0.0008949701232012747,0.0005215807606162191,0.0003318208783262163,0.0005694909436233086,0.00896638595216519,0.002164725658397694,0.00033507092835378266,0.3912837765192757,0.4978211230742099,0.0023717435711257395,0.0020845447627549116,0.5070226818846065,0.5016248195905624,0.4796791181078307
0.441659082509148,0.0008075505272944316,0.00021215973427484903,0.0011729215216781342,0.0014184850416662828,0.0008495666687540873,0.9011228973997525,0.0024618544880900903,0.0008999234950379356,0.0002524375124156171,0.0001580978755443201,0.0005732888855357255,0.0015441678800816152,0.700819274549267,0.0011767280585949702,0.002076178504247828,0.0016245884940889847,0.00031915579484066426,0.0012135927489440755,0.5051473619520286,0.5717965013821104,0.5988109399532389
0.5558245452165053,0.5546885614863153,0.5132113739686375,0.012571071562635882,0.0038357687475426665,0.00020404506083540944,0.02476155889117429,0.013515737661191886,0.0010013499466821807,0.0070873711933942965,0.004486248305890176,0.0006437373050770471,0.008568742778103156,0.015700939790516302,0.0001294062827059182,0.002570649866716913,0.007972767044767556,0.37481030401250975,0.5126220893882686,0.441078092779217,0.4800785312536039,0.518235012403875
0.6273576138903548,0.0013491415273866828,0.5966756432455168,0.0212695496655273,0.6192239120902044,0.00612140927643594,0.0008497808206615087,0.00032231787626361605,0.0015251126321447572,0.004862519417970558,0.002897482007791121,0.0009089905772842305,0.00019210655345791903,0.0005064828819811527,0.0036484783272099615,0.39805813573652393,0.015636819760817988,0.48404412351421877,0.0013690902363526943,0.5973450628649121,0.5880586699928534,0.7256266948554174
0.4510087622548764,0.002135221590461044,0.0002754157508252277,0.0005404139675163354,0.0026681309921357693,0.0008587959725900962,0.0004196958918090146,0.0004965234601030949,0.0006417334352969069,0.894815785652293,0.7027313613024414,0.0009058416254533911,0.0007008706291565398,0.0005924245458568736,0.001212236910080068,0.003802438872875292,0.000762837579194658,0.00039511081747727007,0.0030139644771919327,0.4938754712431952,0.5053638756893535,0.4575062788918269
0.00023413020995204732,6.5411068605028655e-06,0.003526484568388616,0.9207497996837604,0.0031253840270076983,0.4542495628509908,9.8015420892872e-05,0.00036787652736078416,0.0009202838318070408,0.0005705261705553126,0.0003536799835500788,0.0005706276976706555,0.00022810424112429167,6.077510401770217e-05,0.2917669178586282,0.002181683374218816,0.9975167065196593,0.9584560299525496,0.0177813297016863,0.33866831015292687,0.5204441423187743,0.5163461296561038
0.016197815997577632,3.5254196300465044e-05,0.6020722733588274,0.005747680058177426,0.5994641145705408,0.005133566671891156,0.00017879949642191493,0.002549738284361561,0.001289963626415509,0.5997525492872458,0.38732721267302883,0.0009539793561332293,0.0018856373750659027,0.00013223004255541985,0.003796508912892377,0.4963894641652008,0.005977709647253082,0.9831520272221308,0.0013855974417936675,0.5704509803432343,0.7098216036342827,0.49024163198765036
0.5652443517160793,0.0031100657288755753,0.0003258524596173991,0.0013105745060143193,0.5574447989731495,0.0012148332273248421,0.5764812962687614,0.005473283599986019,0.0007121266082867574,0.0020049613439080713,0.0012586005679811837,0.00045655603667644454,0.0034410530144268203,0.3855831997659568,0.0009290160122212804,0.5004454063505142,0.0014183407594374562,0.00038301009199462766,0.0036519346845533297,0.5911948546894993,0.43721248650703365,0.5181987674105254
4.6905202391217133e-07,0.00040037077335566227,0.8839040742369272,9.404851418143199e-05,0.45758635281500554,0.0019531365569140993,0.0002226006305973385,0.0006838180516831787,0.002601968810760697,0.009191608470019918,0.005777648102287508,0.0016363361063864434,0.0004300432176877478,0.00013999031858844457,0.0012282968209089771,0.30506228492952286,6.665260942477713e-05,0.9997162644168887,0.9992541968733393,0.4215931158166753,0.546873424548973,0.43676372165169747
0.0013771845229183437,2.0916588307489605e-05,0.0027199944731061154,0.0021315955758013793,0.00019081708230944607,0.44995802863668516,0.9024946202130868,0.00022178567917506632,0.0017949268262221765,0.0008789989425084046,0.0005546443999267144,0.0011331093472613585,0.00014001003398306618,0.7055525681934172,0.9946837477754268,0.03298971615330289,0.38459583558569993,0.7057312675209684,0.00966851594207413,0.5191957103959222,0.5587279765856241,0.4319209944823983
0.45251925369355955,4.5085759929501026e-05,0.0017006613824475886,0.0010880639212118965,0.0014994286567624555,0.8946360217456882,0.0002694875714502115,0.001459079815699072,0.0009816322906048107,0.0004904964097855471,0.0003113918871357767,0.0006233277226662633,0.0009265034670828637,0.00017112247469346764,0.7018840437062676,0.002129772420624802,0.001530766652524507,0.0024316368856220254,6.342868854115587e-05,0.47224419644873167,0.5369119565939217,0.5207874628173452
0.010688555115052668,2.8576284552006312e-05,0.5680696496450186,0.001284675373304623,0.5828738792903071,0.0021553298531111318,0.0008252245923100773,0.003936529777207602,0.576150321246967,0.011602579952724448,0.007314210220498912,0.3867362722170791,0.00302382772765308,0.0006338974597313387,0.0016556174766075944,0.5092905630565039,0.0014163978199527166,0.9879896004414646,0.0016700099022542714,0.4740370446910624,0.4085300947486135,0.48017661447732557
0.0005258902333792274,5.553100187380164e-06,0.007913647593094875,2.3105138379508342e-05,0.5723806077175985,0.5790250401019466,0.0003026466482464758,0.00048819934316060234,0.00015713680870373546,0.5773113202358497,0.3911531682424788,0.00012227964789724788,0.000379903743466717,0.00023551160529316877,0.5005978659828649,0.9911214597836615,0.0018249876534920872,0.9584314397600365,0.006722141716732445,0.4755719041726729,0.5096852166227912,0.477220224235114
0.47561137288216776,0.0004367073053731833,0.0031288686462765843,0.0011973181763834007,0.0010422145995537932,0.0005785402412331635,2.3855314646539446e-05,0.0006848652067979437,0.9511714301568435,0.0005585709996879171,0.0003343064191090527,0.7048213148378337,0.0009167209324527158,3.193136578934501e-05,0.0007743990573666142,0.0014084565271099943,0.0016026629198513918,0.004256459393866426,0.000584549785357274,0.6024671698599717,0.5654305739761963,0.72061453166005
2.967377348396708e-05,0.0008448417840813065,0.0006763754023919183,0.5767217337601268,0.0005721617219381453,0.5822142582220692,3.6824461364380936e-05,0.5781065671494859,0.0004932090445593905,0.00018839968099817353,0.00011950681902361734,0.00031308397432149027,0.39112122370417945,2.860701378438775e-05,0.5030153312025034,0.0006514501654415628,0.9987637853123781,0.45552592416503046,0.9772197157827707,0.4507481486106862,0.4786394021268316,0.4998379919554236
3.6815440313814854e-06,0.0005878780112885287,0.0012170274469035548,2.224924874829591e-05,0.9963900152001688,0.00032345110259205897,0.0001279165528506887,0.0007424718458461608,0.0004812045924283078,0.00010410445514221506,6.58669729871638e-05,0.000304525095998975,0.00046986534079691757,8.095063285027509e-05,0.0002046926197658751,0.9991445750335047,0.010479130347204657,0.7135153170480677,0.9960133606792723,0.4481875629576146,0.4760772493945015,0.5521273444022411
0.0004505739916542515,4.173503676348142e-05,3.317081461902586e-07,1.0185156225156127e-06,0.569682811999047,0.5772051013216223,0.5866929549392025,0.0013592207416487062,0.0007236592468854139,0.0020325435213035172,0.001278620643489374,0.00045556848855038824,0.0008556778390094773,0.39402360312783796,0.4943170700228504,0.999500487108802,0.0013987181945460496,0.0004975160671235389,0.05769685120059259,0.483766493203397,0.5896122917123567,0.4455773297154529
2.0419319139746906e-05,0.006009516369765295,0.8986141422538276,0.00020579770456905,0.000336236298012397,0.00018297541149544182,0.00045635453925869376,0.00026624790119887486,0.46005307449869587,6.34248107532438e-05,3.9467729157640036e-05,0.29707572882782574,0.00018559920408748955,0.0003172647983757572,0.00012755031832675638,0.00023906892454350626,0.00014345886343397374,0.9958110619896778,0.9977954081555808,0.6276791665324805,0.45544745921854246,0.4344542285832017
0.0014578325225103783,9.894634042933755e-06,0.0012786469054976556,0.5869630144316546,0.0020787192856858657,0.001000953593513011,0.5767318965730233,0.000493462413251245,0.5799070601871752,4.581880040245111e-05,2.896148482697898e-05,0.39081167802095756,0.0003817612019677994,0.4944009727444359,0.0010856108181496217,0.002299419241946173,0.9977941581749968,0.4785822947713778,0.004239239687040264,0.5234916049003728,0.541953889577216,0.43377076453914526
9.578671995594915e-05,0.0010794741270763462,6.740157020471979e-05,0.5741628359742722,0.0019621543561844494,0.5795896630476756,0.0009821222501254375,0.0004251815408278462,0.0004369434198860392,0.5836688644202348,0.3952758742906729,0.00034095893462958676,0.00033178094124728595,0.0007663774689899046,0.502992207288102,0.002196496733056691,0.9987960360614412,0.040187784389839776,0.9436577816296174,0.44943607947024056,0.4778371712399006,0.5011751593128064
0.007796165129879965,0.0013445072926806132,0.5693720848921521,0.010260529945009065,0.005652766385225622,0.5747083948723923,0.001740717273081267,0.0014108015462525895,0.5854796583870673,0.0019876910609740385,0.0012597321915316807,0.39633870288049416,0.001101116315361879,0.0013549580118411698,0.4977358713600516,0.0063416366417619555,0.011286402331640966,0.9911350471612035,0.1067135734797033,0.45840127393156394,0.4764109619771816,0.4580881157976847
0.5812062031668009,0.00034988140716190913,0.0005555085224521666,0.0035973240364049965,0.015688550889573206,0.5881211078568815,0.0001051283949973031,0.000113849780603992,0.584566689889219,0.012863483039828325,0.008050099609226646,0.38987906411527795,8.710485873513881e-05,7.988740971591403e-05,0.4955109421399315,0.01738881353254912,0.0038665907792105802,0.0006485791328889317,0.0003760071445802595,0.5675020107058821,0.40151638103850995,0.5522305424107469
0.5624099592894146,0.0019360493589190252,0.0043059431288228105,0.58106905743641,0.0004997407105038718,0.0031605590301079186,0.00013086346666663076,0.5858192318108296,0.002466790055860435,0.0005830485255909788,0.0003691928624722817,0.0015665908731796873,0.3963294367122365,0.00010207519300216912,0.0024652459881900346,0.00040206309663893354,0.5043726889320255,0.005195222610399277,0.0021501801762266876,0.5061029164295071,0.500625506231781,0.43214261004750915
0.00621503277290743,0.5959398236464044,0.5607138098799183,0.0070460346630653045,5.069869079396674e-05,0.5914889601772761,0.007444857202891172,0.00043351398549029387,0.0016917438399194375,0.0006689967693804958,0.00041949113894239115,0.0010612851648713678,0.0002719575643761001,0.004670445678685794,0.39614420503971515,3.9924832419878896e-05,0.005440012983591369,0.4857411475158523,0.9933611780262048,0.4828438561416912,0.46559786283866333,0.6154453967957885
0.0006196005413223686,0.0071886783471346635,4.2060603379229625e-06,0.5961402808311098,0.60666791265547,0.000411867524227541,0.000762549896796968,3.909154026617692e-05,0.0008903442561183131,0.6053739299835234,0.39224573696782966,0.0006631350310847127,2.911568752081233e-05,0.0005679532540160843,0.00030676146054154805,0.5085930651108195,0.9922953216991306,0.00037716899481318733,0.9452646880042425,0.5331203915208724,0.7082036393235217,0.44628267882975636
0.5830470837967243,0.003466024887316203,0.002340595967422987,0.5775429474237085,0.0023664901217136064,0.5867167042030739,9.160445299969042e-05,0.0016732295336590215,0.0009030215482526507,0.0005162054105133281,0.0003256789955781073,0.0005698511768030022,0.0010558914489994377,5.7807040574909356e-05,0.39513243256715236,0.001853411521780555,0.49698394051950023,0.002597363841337852,0.0037844810490712307,0.584591799694637,0.4892330341508762,0.4605596272155106
0.5679190032359237,0.5838155251039782,0.005641318840400276,8.92094443867162e-05,0.003780389532656316,0.0015925264491710351,0.006792276787761872,0.006140462249543773,0.0005502173501192463,0.5712404178186976,0.3864500528034981,0.00042606426839830215,0.0047549518218827636,0.0052598511640566115,0.0012332572096756217,0.002986037777928416,6.908457725083569e-05,0.004439797017400427,0.5027429024647385,0.5235164006083738,0.49052798826145017,0.517664181547916
0.0018251593214236473,0.451733897354856,0.0011987775934471881,0.0009619119100314009,0.000910225106663469,0.0008290794699169133,0.0002115902070921476,0.8932810198225504,0.009682168678239463,0.000581521865124791,0.0003696512466539917,0.006157494688564636,0.7019410940176167,0.00029819653376868304,0.0011684289123323392,0.0013084288457008424,0.001355629649702451,0.0017169406437330433,0.9974279376728663,0.48462122762198223,0.47279341287493587,0.4914831165437169
0.00026698473082551036,1.1050793264860454e-05,8.557341723817787e-06,6.0249378101471705e-06,0.9051607276442902,0.0008208694286762486,0.00011341057720978671,0.0030547370640016686,0.45868914386212684,0.00048473943364128996,0.0003017319619524414,0.2961456605231152,0.002128007561229086,7.900498815814182e-05,0.0005718391483280719,0.9998137130919642,0.014344541334632921,0.020713214555649118,0.02633556239614674,0.37002863602784153,0.567296685912044,0.46688257476122164
5.514894651097884e-07,0.00016231746230704989,2.0834745176811524e-06,0.9117228156708541,0.00033587642554622855,0.00019343831224319513,9.456168878674236e-06,0.0002658003912200594,0.45867131673316547,0.0005349177121544913,0.00033351226685072804,0.2967365478469396,0.00018559920408748955,6.602915427682309e-06,0.0001350692361685961,0.00023919616939657132,0.9998866676197479,0.008877136498414595,0.9977954081555808,0.6276411908647327,0.5014934661931514,0.4344542285832017
0.005633631722724876,3.280820612696526e-05,3.474695426269102e-05,1.3639900632743093e-06,0.5813345287529377,0.0003119568309311976,0.0001997109085277513,0.0007079261238002567,0.5789077133592895,0.5777769292395238,0.3890935349483002,0.4956094415368284,0.0007678358181771321,0.00021661196157936498,0.00033835607239019854,0.9938895294907395,0.00015413543772663187,0.003990573236271028,0.0037074262740626196,0.5378164536939085,0.4637562243682091,0.4375934001846187
0.00012814163596679495,0.002763527714760057,0.9880322242703278,0.0012393001799760241,0.0034694645936631735,0.0021908314333167755,0.0016348250131910296,0.00030673325267158315,0.00017102604996405206,6.392585616282975e-05,4.051915177748154e-05,0.00010842816354353834,0.00019446471352882152,0.0010364573314596008,0.0013889564723102415,0.002220742400083413,0.0007857045374339585,0.9982461135785147,0.9705020167954685,0.4853825849590782,0.4813429110929729,0.4400672471244228
0.0032236828324546394,0.0002774220030715769,0.00021771095036676985,0.8964344117799189,0.0003738786814942903,0.0017303752812451718,0.0005653675116695567,0.45458805112572676,0.0022712208366896043,0.00032257915186697194,0.00020426975010741542,0.0014385453327388793,0.2987751356553237,0.00040150437348688574,0.001228849937436516,0.0002680675753952976,0.9976969047549629,0.043468045059825135,0.054651652083868685,0.49941159940232094,0.5616685236621083,0.5362317394505877
0.0062415080528769795,0.00030549546315033495,0.4492357930494841,0.00010266188047331036,0.0044864870201236536,0.003940438530127956,0.9349942870330317,0.002515494200683055,0.0007662127578580908,0.003192945196862672,0.0019568438444826086,0.00046980096056721576,0.0015423696248928489,0.7101039152583281,0.005493724440140498,0.006380232183569009,0.00014314036821439999,0.991120742081556,0.030550176630220638,0.5134366259124515,0.6869305393310063,0.5562475942596169
9.472058137190697e-05,0.013394939629325971,0.4576588401964388,8.274082240706339e-05,0.00016281647891888855,0.0007027645727871532,0.003553676952228974,0.024309158302632482,0.9169561089890849,0.0048328384923660185,0.003000383796440742,0.7048213148378337,0.03376880298257438,0.0049412364565443526,0.0009771843004127364,0.00022857152736037206,0.00011504962532733276,0.9813715266036707,0.9954984073160842,0.6278103501733773,0.4584250939482613,0.4154737361407574
3.1322703618348274e-05,3.07883886548433e-07,0.005860056704043531,1.5622420132624776e-05,1.2613120304836164e-05,0.5765459809142784,0.0006058411715106138,0.004125630475089345,0.5787496761990623,0.5799839911443566,0.39296010610076754,0.5011898399726455,0.004555194106523091,0.0006689333327110714,0.9934239505575706,0.0013612037331547683,0.0016699182779198558,0.9966517753075541,0.0062574463402244596,0.45872047127859517,0.5075592105360616,0.4924419203036212
1.5546370246644697e-05,0.002156271432921795,0.5939314303497736,0.00042520331761540536,0.005745406431083009,0.5839880401080142,0.0002992793866924866,0.0005625386141230541,0.0011823503254434458,0.5738983454998805,0.3840072316720443,0.0009036602241823306,0.0004299437874257324,0.00022873689406867305,0.49461951504520313,0.006217549835556058,0.0004557750961830889,0.9976886379370518,0.9954102620221821,0.5961462193584111,0.5467689574833421,0.5041550287325245
0.5426133065813139,0.5613941167001352,0.0021455966387812237,0.0006553733172167354,0.548620663034822,0.004191949365642024,0.01835227243687752,0.0012994465462816452,0.0019971260342994306,0.00031046746752986365,0.0001948051621632012,0.0012638561480901311,0.0008165882967568118,0.011582094179013522,0.002634678581335425,0.3879408066470884,0.000502317970770827,0.0017860889869626495,0.524081965997538,0.5679107106752241,0.5464443496004447,0.42075659726588127
0.5744030183052461,0.0015533241146272548,0.00013815692209773853,0.0030994029098316135,0.0019694041414371317,0.5796570627255672,0.0006198367106835859,0.00043004039273212007,0.0008419252818063941,0.5780950384341577,0.3893995460080526,0.0006506102852537553,0.0003323203315787107,0.00047769929908188127,0.4968677377439673,0.00218454371056144,0.0033706678993806046,0.00015269515098786067,0.0016891818246093137,0.49143007648303394,0.540551625288191,0.43256852869099227
0.0028841925948823997,1.2937474642590791e-05,0.5831317025150127,0.00045687000485678593,0.0013515140300343308,0.0009205035004646708,2.686921001276989e-05,0.0008443759998922436,0.5764826651024945,0.5845488858620367,0.39172301356835265,0.49119804475137263,0.0009070250637446423,2.886280928481445e-05,0.0009887992112727006,0.0014657450653372693,0.0004907682862733995,0.9969018763827653,0.002855655031577975,0.5762280239335968,0.5609751739993306,0.44570025143431147
2.057025959285722e-06,4.86162019191648e-05,0.00452795832258451,0.5796470698738371,0.0019047356702647843,0.00019991056890650622,0.5762376115428985,0.5801299299713356,1.77999462765874e-05,0.0008695119139205934,0.0005521552477728398,1.1305750187831758e-05,0.3929548492600096,0.498111873297414,0.00021955240164654114,0.0021120041466338724,0.9950269586128885,0.9931586508631891,0.9730803362286194,0.5112471787992494,0.4857586035154148,0.5444401763806349
8.519857490981221e-05,5.545654229738642e-06,1.3286494501888332e-06,4.4380936666380535e-07,2.961126450464554e-06,0.44795147734131513,9.235912067461058e-05,0.0006806823663239275,4.618630124538248e-05,0.8956348933889247,0.7047005443296503,6.563896929331762e-05,0.0009673714379079433,0.0001312589384145005,0.9998785743454668,0.022280310027020245,0.003308884769587714,0.009906128551576465,0.04138077437024201,0.5114165575626622,0.4685182439785837,0.48932621469925514
0.5874754888720505,0.008668956891481897,0.000991686511727442,0.0012882009786152773,0.5714410831506106,0.0034157653654975115,3.700157439048096e-05,0.5733983020709956,0.00047036991616220984,0.0005738682365583293,0.0003640146380165666,0.0002984298795092085,0.3872387457961927,2.860701378438775e-05,0.0026408296566337586,0.49421241762755774,0.0013958569447313973,0.0010920864002110725,0.009393533178148488,0.4525179143692043,0.4660625957027503,0.4989020905235458
0.5804711450280857,0.0038385702912498163,0.0012070051001003385,0.0014296061279895657,0.0020477326275098896,0.0023388321653361097,0.5811792761127711,0.0012177266002253728,0.5789965988683712,8.09035837915404e-05,5.08710896887269e-05,0.38804924435991395,0.0009348696969343835,0.4944009727444359,0.002517237246801964,0.002299419241946173,0.001538668185979637,0.0014110345193425033,0.004239239687040264,0.4413115725325087,0.4114899633651852,0.4907032461440634
0.010085489714491257,2.0931956428366542e-05,0.00023644404827829747,0.6003699634046838,0.5947517932374327,0.5980604771146067,5.270240190875537e-05,0.0043335622272460605,0.0004967911131470832,0.0034338862682781256,0.002087993904203142,0.0003022984853004098,0.0026369927956359997,3.20698410924359e-05,0.3873874857682744,0.506817760837391,0.9890995657994682,0.015905272452291785,0.0012963590779848002,0.450344871614454,0.7081249448966315,0.5207536110710035
0.0012458327320765915,0.5798981753683787,0.007406833245118778,0.5750179515371154,0.5715076680090365,0.00119599244342231,0.009873843517403176,0.007102361235281539,0.0011892453571250706,0.0007566100352114024,0.0004787169001582657,0.0007530007199925948,0.004497084254389527,0.006252139717919991,0.0007573182335440448,0.3988566441510972,0.4955978051549877,0.008833371216504404,0.9986060128763364,0.49703164878505524,0.5227444758467662,0.5700953485418037
0.0007613003167561586,6.99852710307984e-05,2.739133970179552e-06,2.680888217173252e-06,0.44493044000193893,0.8971640188417315,0.0002702457350936763,0.002299058190826462,0.0007173948714046291,0.0005849141401870553,0.0003701990850344769,0.00045426031330888855,0.0014557855215047329,0.00017112247469346764,0.7018840437062676,0.9989071622791162,0.002190958550720477,0.0024316368856220254,0.05726370310554324,0.47257656730710607,0.5373239538271726,0.4430628905714402
0.010620821959857559,0.4339382483513777,0.0038342195767878165,0.0036153052085064388,0.8892637641171357,0.0019472597679443483,0.0023309072555698237,0.011729689755292134,0.008628978336260116,0.0004777993916796667,0.00030232877526572654,0.005462570324553332,0.0074258267572411,0.0014717462309156001,0.0012328269981077935,0.7158404633856686,0.005302280929364717,0.005715065716553243,0.9841230037816657,0.4984429549466979,0.4648683159331809,0.5664478900525415
0.0023826628651235295,8.431002185141219e-06,0.898125999843536,0.003331558522453087,0.00307898986005196,0.457085181910673,0.0019723679834038046,0.0008025388240605423,0.0002714859100943351,2.2490978739849227e-05,1.402288710949072e-05,0.0001693060295264724,0.000500485312130951,0.0012300240123262465,0.29555378375209884,0.0021680810457226354,0.0023236060347075127,0.9983382439949826,0.002252673211410927,0.3830525791307681,0.5836841013347169,0.5123989922136467
0.004183371413450591,0.5869003255396321,0.0003294613542391956,0.0025691651678649303,0.0021889944301077286,0.007161115156416033,0.00016924602180098022,0.5738520895673378,0.005045761294733386,0.5816382360893588,0.3923716092031919,0.003913137111402247,0.4928092121979899,0.00018356372222277082,0.007767117373200627,0.0023971943392679484,0.002786734757364423,0.0003573533156700278,0.9954624172338845,0.4917760563985037,0.46056500468725925,0.43392185409714296
0.564217717037821,0.5908192250390674,0.004523111770673905,0.002036410856904217,0.0029138075731810183,9.418244746024587e-05,0.020335115605086652,0.001157386129025693,0.5872181815192987,4.242313598269328e-05,2.6674402944852366e-05,0.3939486630797326,0.0008935357417577403,0.015700939790516302,7.207077341227913e-05,0.002321015802615826,0.0015726635902458836,0.0037941983005451707,0.5085997737206354,0.5647764030780421,0.4117073437307512,0.518235012403875
0.00014950379386413634,1.3442216126360873e-06,0.0028348145035901502,0.9018186027104163,0.0029932057465944847,0.005405561688045472,0.45447353911444094,0.0017574499317810318,0.0007441542903047258,0.00074395569968027,0.00046724726992305966,0.00047693220048927905,0.001105461267468697,0.29994835749132576,0.003815917832516348,0.002232856563995547,0.9978238241352219,0.9678540248378343,0.005967361050783044,0.601325603809206,0.4900940857109632,0.5413843787579256
1.558122086492442e-06,2.3956678768254818e-05,2.0996723307205425e-07,0.006029542154118618,2.7334306284323807e-05,0.0007385632454443795,0.573052562644607,0.5813379156546183,0.579606539952184,3.595655135135295e-05,2.283626617671619e-05,0.3930694290421128,0.5045511860784873,0.9932518486783009,0.07759285768106419,0.003011053063566478,0.9972502332617234,0.005574889979672222,0.9611687464491465,0.5012304310534195,0.5266642550825638,0.5210305950082725
0.5719733547048478,0.009761617669929935,0.5324365011252816,0.002615003172163579,0.0023544306899468876,0.004265819143869003,0.5700938749031751,0.00166219224238203,0.0018771729680636038,0.0005428534008988744,0.00034136906631174223,0.00121833308111272,0.001048316938928525,0.3865326601389105,0.0033063403599512655,0.0020439126169734595,0.0022195512251385607,0.49070165193325543,0.012631373482798199,0.48280111023289485,0.5697229911822126,0.5696143923077951
0.00011719647861782851,1.526497415639835e-05,3.3760074124596116e-07,1.26762012941203e-08,0.44756304051111534,0.0008426365173997633,0.0004783600175562363,0.9024272531818587,0.0009721732653837317,0.0008771107073773014,0.0005531532518231669,0.000613240670091438,0.7044653786793671,0.0006739482901180784,0.0011871652699496126,0.9998334958547916,6.828341771928831e-05,0.0018482236500160934,0.082456853521091,0.4747321954216774,0.41858839195856246,0.5443875681042749
0.543277028518634,0.6018462636368718,0.001568676307802805,0.5904347307417165,0.00998115274937087,0.001956488333918364,0.0002803149435134707,0.00036287566772923646,0.008674309007280924,0.0035138081239047695,0.0022202776679347462,0.00548514803248231,0.00022946824480493864,0.00017726009722353407,0.0012371881674581326,0.006510259367831274,0.3964927155929102,0.001326630489384392,0.5264964038434959,0.5235164006083738,0.576653509073811,0.5187166081156339
0.016296008826560793,0.002278600982328318,0.5803675256391008,0.00046187379414175785,0.0013958964930388773,0.5818873231989262,0.005193298690379977,0.5857177621980206,0.0023848955458999643,0.0005291614482512229,0.0003318074725535936,0.0014961192895603008,0.3916883974148488,0.003989540986564793,0.49557164522517305,0.0015361976613168617,0.0004983352522144324,0.9822453439507115,0.08844528894581773,0.4525295601459423,0.5916354296342362,0.4355264496860748
0.001671097358746197,1.7955621387574262e-05,5.622368660015603e-05,0.45262620211399546,0.0015962046243027427,0.9015211519556904,0.00017456736723650226,0.005485661233145484,0.0008265165623780998,4.6173796605608903e-05,2.9347992336936244e-05,0.0005254151564274992,0.0034872475069672726,0.00011097425271352481,0.7014315829397434,0.0023156513422210928,0.9976031764395475,0.022819366436432897,0.006711036147560318,0.48282383699067327,0.5188053660076162,0.5282846114177107
0.0015706073114454117,0.4535388837580991,0.0009148848174311146,0.004337097374116156,0.001511643334451017,0.0026636687780081467,0.9054529961341327,0.00029524107125743806,0.0007874010064201434,0.0005306507652601983,0.00033351226685072804,0.0004949884992727989,0.00018559920408748955,0.7043645371256129,0.0037387601659895986,0.002142185202801237,0.006087798433870195,0.0013051650978247453,0.9977954081555808,0.5133593727681081,0.5902838299038828,0.4338882705064474
0.007557200848742213,0.9018016380033116,0.4380522251644266,3.770544320794321e-05,0.002309155166897407,0.001987224745159327,0.004230969529361736,0.0003597026567815119,0.0008327999546999477,0.003074497435244164,0.0019517878168751057,0.0005288049218927751,0.00022840130105270494,0.0026865574581239338,0.0012618453227945818,0.0014803691073734563,2.3942159078998992e-05,0.2878543446522647,0.9946653046922154,0.523876049707363,0.46286395952350307,0.5254979356829763
2.070361378685957e-06,1.0723774190474185e-08,3.887415609280541e-08,0.0009554861023945306,0.00017008558298522468,0.00023667802830149406,0.45302245361012156,0.00029975960112495437,0.9045403458916985,0.0006399323618048087,0.0004026153675689782,0.7044086036124417,0.0004212426895191868,0.9985958160682942,0.1522367923425336,0.11320495751265676,0.9986203447253215,0.012147204129258016,0.003297471270898963,0.47755498047076084,0.4106546710031,0.5561933423525489
0.004151651707569911,0.6087710375851431,0.5944748544962885,0.007095925051315425,0.0034687550314554546,0.0004719852704779781,0.00040854663464074233,0.6045761822861737,0.0010906319292937146,0.00025409299313631394,0.00015493549324195957,0.000665168145511816,0.393265537651699,0.0003056585182013156,0.00035312088548036325,0.0026201530539848713,0.005308980360840491,0.4924207328135639,0.9956585976434679,0.5807404661512217,0.6113301037832832,0.6578284300829799
0.5885871319874265,0.0014113655106924887,0.585561318196677,0.008480430043618814,0.0017344652349457325,0.0006922118948187904,0.002823805786464885,0.011691240980290899,0.0056951546473924565,0.5806782362237486,0.3860086015311812,0.004330991275811769,0.008891260184366867,0.0021476652686853942,0.0005264671954382045,0.0013318421488380475,0.00644997820256262,0.5035182347258174,0.0015265509589458847,0.5956420757754586,0.5061415827296518,0.402197209914404
0.018130012680695373,0.9487401386330099,0.000225545935276005,0.004394071245250588,0.005046121385747909,0.001177901118499438,0.0013512804011024276,0.00015876674143361596,0.0007872106993243677,0.47175857220254075,0.2936108285758704,0.0005281544166618908,0.00010651963758352749,0.0009066001470867209,0.0007902751426331564,0.0034531793478278184,0.0029481032230634953,0.0001537879761553916,0.9876028203288819,0.4902012001061856,0.5547922606849034,0.7376698271620669
4.006714651252052e-06,4.3724143628083795e-06,3.814955632434935e-08,1.9218143591607144e-08,1.0377198365576916e-06,0.0,4.267470750777404e-10,0.0,0.44961789674284336,0.9012258201656153,0.704304962193527,0.9999902019675833,0.098723193346532,4.016288911385009e-05,0.002148916146228276,0.10983192000858973,0.002008694042505982,0.0039134683972429,0.5747217181517689,0.517820352529558,0.48944013354058186,0.4421411646946831
4.6862163633623865e-08,9.245715769072574e-07,5.089222461812832e-05,0.002602090765982353,0.5724544478757261,1.4754392946800357e-05,0.5797930602413224,0.5788174822466643,0.0007625094649899438,0.00034523206183404006,0.00021836139370020615,0.0004825128452119786,0.39026132750561604,0.49775678712163074,1.6086687269231984e-05,0.9971623887872785,0.9873459323878586,0.9886063037411525,0.9671433779587464,0.5095514269515272,0.42882609620128764,0.47023816232335025
1.4397333618341885e-05,0.00020372645374889286,8.034328592495237e-06,0.9348001538631248,0.0030574143410027504,0.003032198821373845,0.00010023282525740874,0.0003718961335658466,0.00034022299365217546,0.46452669451836265,0.29479983974530954,0.00023296643288903476,0.0002546548243612984,6.863414113140158e-05,0.002076261999667547,0.00215939518957997,0.9998600342134846,0.0271887284393356,0.9542241173780145,0.3166279135134321,0.48395449162412174,0.5726002889178161
0.0009800328076544163,4.639717976171203e-06,2.3181278381673152e-05,0.45244256558796603,0.001763359879253433,0.000861537382118228,0.0004210368354066674,0.0004981098702025668,0.0006437836815093987,0.9049298559260099,0.704787052729732,0.0009058416254533911,0.0007008706291565398,0.0005924245458568736,0.001212236910080068,0.002505029119131031,0.9986206612726258,0.015055319460427152,0.0030139644771919327,0.6020141244315249,0.5053638756893535,0.46650593609827923
0.9135308903271575,0.0030942487156581096,0.0003256991848157687,9.267540988854714e-05,0.0049164134164638535,0.0011008641444999248,0.45473816727015237,3.854770318262965e-05,0.0007467667042116204,0.000766930413933559,0.00047835772221127245,0.00046588415172494686,2.4048703910706237e-05,0.2940406139155442,0.0007671801617828859,0.0034591457560209983,6.458540824703091e-05,0.00023068054717706075,0.002156322540275853,0.6000040168947832,0.5762784255344611,0.5679715963225783
0.004659789128772171,0.0003113264740533112,0.895260272379576,0.0013600214127394783,0.0028540328468592397,0.0007191056625373319,0.0018797046992719477,0.00011358841304651817,0.0011355294366987613,0.4657215825835929,0.3010666922639276,0.00079453630826577,7.947851227533496e-05,0.001315241922130843,0.0005031623801744947,0.0020368772327861054,0.0009516157356702444,0.996670076655898,0.04167370506941545,0.5826048717752833,0.48196881700113503,0.378090402064319
0.005766177800692324,0.5708750761200259,0.5531871955627355,0.0006353671829184889,0.0024503149447458665,0.0022165340466363498,0.00020427746857771439,0.0016734809109212514,0.570617066680568,0.0015577495543480913,0.0009847970624898006,0.3838383501264163,0.0012853738259644598,0.0001560287002200395,0.0017024618863905328,0.0019412345335021548,0.00046476702421918204,0.5163812186031971,0.9934458109578939,0.46154466312698345,0.4685091045238343,0.5616663180142698
1.6881646553934753e-05,0.00017743677647005302,0.5675830884354514,0.0009500951658481189,0.5844597576502494,0.5725295357138366,0.0004120767532862616,9.435054453408498e-06,0.0012698306906565274,0.0004167563674851315,0.000264107567456109,0.0008048975459612135,5.980527981953399e-06,0.0002612000426469302,0.3861511058083725,0.5072224666388221,0.001048559246462155,0.9998032954579381,0.9396130999523274,0.5089855759225757,0.4412146034287349,0.4714649574870059
0.9207138481639937,0.0016636145636000274,0.0004296765942300954,0.000676850499654616,0.0015024717843998012,0.0026227358419316613,0.0006766063755799686,0.46855761344909524,0.0027911280243968365,0.0035440367627285296,0.002112146545796602,0.0016743622981193682,0.289553630371573,0.0004495573330723648,0.0017425999834242698,0.0010548988349204994,0.00044970759947139986,0.0003100622258278978,0.001199283763102521,0.43958950686913434,0.7263647116714402,0.3919180634482346
0.022994230263360806,0.45207906182029883,0.8823963642178762,0.0030024830627148093,0.004174146534181263,0.023982825063637025,0.0004924198602016318,0.00022241267426421465,8.93402048828359e-05,0.0008857857654551542,0.0005609502927255089,5.660327836084795e-05,0.00014091405013631243,0.0003119825892763593,0.015196206632567238,0.002698211187583463,0.001902831793426595,0.7024062935104431,0.9670281826708549,0.518824127596275,0.4398546582463454,0.47098558777421706
2.6578122514671957e-06,4.281395692107184e-05,4.965338033482109e-08,4.807718639789318e-08,1.0227872726434526e-06,0.0030612102362726945,0.898378506213195,0.0011697526111737156,0.4513381224761114,4.791609920730425e-06,3.0454227652854586e-06,0.29781051847042894,0.0008335607482097536,0.9978184090575694,0.9910778256818341,0.015654832838158578,0.000679583521408059,0.0008006221987377771,0.9597702198501205,0.5156099515575355,0.5242401324343678,0.49065928930462765
0.8809408447968758,0.0004725991126914914,0.0051013955806785884,0.005873786826225395,0.003964757831949448,0.0017058270058030937,0.0018641460812448259,0.003656052692782826,0.4464163042701088,0.00031989493256096593,0.00020291341147685117,0.2937962508145995,0.0025927973146177286,0.001322022355272449,0.0012097294652942188,0.0029335170092009725,0.004165600812729574,0.003929670938041807,0.00034391541559031236,0.5089487748579016,0.46192896118493243,0.5320062601378089
1.2770487365673717e-06,1.1150578317866621e-08,3.982057523009145e-07,1.8143112866864794e-09,6.06954295078587e-10,1.5365557609028436e-08,0.8978298995692212,2.0487703985848947e-05,0.0007110845098606767,0.4492947711995352,0.29532688052582884,0.0005042050172866467,1.4527114153067605e-05,0.9999990514223801,0.007312253180905372,0.00029163174674156516,0.0008634403862474022,0.1924190592850524,0.0055586494848120505,0.5013368665703752,0.4402746632241562,0.5190175123010647
0.8855426822159187,0.46216600119829465,0.003984377594359519,0.0025405957848059386,0.0006509540608833063,0.0005749329019110393,0.00012725454065144688,0.0007484157459696407,0.007778843635116714,0.00011023435966412565,6.916714502948988e-05,0.004884492312747612,0.0004699550764788356,7.990736431650468e-05,0.00036101411592564647,0.00042160753933586487,0.0015953080425185136,0.002717591625764876,0.3012800261923899,0.6085111775950535,0.53322951979665,0.5313795972209355
4.4211722016276926e-08,8.699586552070762e-07,0.00021699673180486487,0.0004953034090663673,7.47379263804391e-06,4.795347460559495e-06,3.08849661971971e-05,0.579179664645359,0.5779305511280318,0.578778758352557,0.39172301356835265,0.4993122347723439,0.9993987084999438,0.035961668457443474,0.005589514946146133,0.008986108221807815,0.7158818675822227,0.9976476012249875,0.9670540279174509,0.4859979620312532,0.47853341230905105,0.4637363875926108
0.014971759578837228,0.5862437921884245,0.00337170635142228,0.003088513335861319,0.0022316687889064805,0.5805790251210021,0.5895611766309906,0.0006679213478594915,0.0008397505706566578,0.0024069270091445676,0.0015172356601811932,0.0005295121575761136,0.00042116431105007125,0.3938898886329384,0.49472428441105165,0.0024991709964007976,0.003353287505760375,0.003976455010551453,0.9834327184230238,0.412087691766025,0.5433915484532266,0.49841209961374905
0.5813033987372518,0.0006125035842439671,0.0075195875254964305,5.450866767538916e-05,1.2258416073227538e-05,0.5818284777403367,0.5855867845134906,0.0006673395736679247,0.0007683194924482342,0.0030120203918045903,0.0018987696740365156,0.00048445517822446444,0.0004207836400856868,0.3938898886329384,0.5002713574276006,1.355327414639864e-05,5.9692612220012035e-05,0.008369238496854337,0.00067079375844645,0.4118849749535708,0.5433915484532266,0.49877067851296075
1.1682271612743103e-05,0.007338715344797072,1.090869055747679e-05,0.5820735445475255,0.0003021634382576943,0.00032005600545402686,0.0012181019788490737,0.5840572233351561,0.5810112328931138,0.004385196254937588,0.00276663038857686,0.3907551541666229,0.5010571220159108,0.0013231196489127245,0.00034769469927881704,0.00034084646461424173,0.9919754362592514,0.0010280848094163355,0.9989670921031595,0.45797975853796064,0.4734112254996331,0.5792406587085348
5.075067352361785e-08,9.281184665842447e-09,2.282688388013006e-05,1.1924203009134555e-07,3.850172857487812e-07,2.496950497692156e-06,0.8951184197027657,0.4482922253263801,0.0007112316619421193,0.00028320795662061004,0.0001792195209484236,0.00045968106289113846,0.2945124339270542,0.9999823508453851,0.06389403883819891,0.0104465240270942,0.003061921660260536,0.9986079518552914,0.118947439253353,0.5519209089215172,0.5397726416703568,0.513680291602588
0.5978122203912977,0.0013403434847279066,0.00757452860744697,0.005752246559034792,0.5863298996861881,5.3464998547548957e-05,0.00017847080483368547,0.011096736538068563,0.0006664825399571483,0.5953212194774827,0.38575984832726373,0.0004942083140399443,0.008228662530153287,0.00013235041614042577,3.9647989778912335e-05,0.4976333871681735,0.005977709647253082,0.008597389439455634,0.0014004235420873703,0.48040602417401057,0.7098216036342827,0.49064194070532124
0.00774381762491879,0.5903801878040754,0.003391362598889959,0.000407145237373135,0.001183345989307472,0.5843260775407456,0.0002994911925603734,0.5932792037657958,0.0014458904546056953,0.0004942648386262902,0.000308839334332935,0.0009037391506635517,0.3958419229420634,0.00022873689406867305,0.49461951504520313,0.0013162557394307585,0.00043906557256919246,0.003972604394699868,0.991489556520799,0.6241217191405286,0.4443631168320711,0.5049442205819382
1.9593172508690357e-05,0.0009769334407905596,0.595062157716186,0.0036540378055753245,0.0042615928289802835,0.001326004878965632,0.5942236881960877,0.0012111184213103004,0.5892471650246079,1.1590925428617178e-05,7.143460670406568e-06,0.38665462717247345,0.0009093856493001306,0.4944009727444359,0.0013958375876681507,0.004575731448277272,0.0038465842574139544,0.9989714014932727,0.9872342209909551,0.44006642904692567,0.5815565560971115,0.3508064268921427
0.011550175260982704,2.2017478371121808e-05,0.0002769648657288766,2.9481801984380064e-05,0.45074153058442123,0.0008533148733008541,0.9054733829613599,0.0024633477626216055,0.0009145456817975533,0.0003493611422556543,0.00021889920632789397,0.0005732888855357255,0.0015441678800816152,0.700819274549267,0.0011812176283141026,0.9840060429343036,0.0016245884940889847,0.015511995534078504,0.0012135927489440755,0.5051473619520286,0.42394203103566735,0.5988109399532389
2.3721776447058454e-06,0.00024081579059759116,1.5660024889552922e-05,1.244409438738518e-05,8.289414275137987e-05,0.0031918813029780126,0.4535253819374202,0.9049256594699173,0.0010437362124590132,0.001109976228043856,0.0006973588177961662,0.0006652896777361714,0.7042286662592916,0.9955045105605381,0.947731679505336,0.21360820365356964,0.03195666736100472,0.04375183876531255,0.9937726523427833,0.4347529291061949,0.5882861995430191,0.5123934081997971
0.001096039321088075,0.918756204586499,0.0026620768150109175,0.0062104412384068625,0.0018702207876312748,0.0013281136179806182,0.0013827823490715541,0.00020665393258764724,0.45683834753443214,5.275627621088132e-05,3.2712508870150635e-05,0.2937962508145995,0.00014321541528776634,0.0009582969374259023,0.0009203975601391923,0.0013368560923388252,0.004303963889288312,0.002003948589960312,0.9992259432545104,0.3678681811224344,0.44156490760743494,0.4288089579846447
1.2466982660466937e-06,0.0001237498562166265,2.009839119693612e-07,0.9965345786565952,0.0003897234632666542,0.0016151586719349133,9.535467983316323e-05,0.00033094975297535316,0.0003415375755214849,0.0005674996614783514,0.0003456242246751455,0.00022286980425282666,0.0002019309610247318,5.8812738722447354e-05,0.0009854851785238872,0.00025466090037135937,0.9999180849450706,0.0010348646970391557,0.9938324703360711,0.30394646171313394,0.5230307063244733,0.5661754652582789
3.194738502335848e-05,0.00169600287529082,0.5685015506993532,0.58898035681309,0.0041914292219148355,0.0009759765931630957,0.0005769928037688248,0.012935168911276503,0.0011583610379078267,0.5839705364588327,0.3919463558014519,0.0008936965662704939,0.009980135814800423,0.0004452155858619285,0.0007530752383715451,0.003298812421241637,0.5061251756746787,0.9981309237580374,0.9880098911037696,0.5885667223065297,0.5350027159733538,0.45918303490601803
0.0022958881501143687,3.3198636986904614e-06,0.413683136845174,0.0026515184574390743,0.8591715684221638,0.0012193267643869383,0.0006955846754387693,0.0004227567429228568,0.0014640934575731808,0.0005386926444953303,0.0003342726799827918,0.0009264714253707022,0.00026285757734573304,0.0004371888079045647,0.0007581317712374025,0.7109080446768629,0.004156895805283086,0.9966141779476783,0.0010146624783801891,0.3688742684053332,0.5383318235194775,0.572053043685037
0.002759606943551445,0.9223304232667038,0.0004938141599712254,0.0014344538308231187,0.002905401021829962,0.0010441099136801297,0.00036461371002430336,0.46364130523934544,0.0013012560652198154,1.650327441389097e-05,9.958792044616595e-06,0.0007945696963964084,0.29000655763756905,0.00024527049727397906,0.0007023477192622759,0.0020390579706243764,0.0009649239027471695,0.0003608021723790788,0.9981084660832238,0.5830262094398192,0.704774504129833,0.42919196159496703
0.003398042253950848,0.5838900855535831,0.0024529559632133976,0.0036867067409371073,0.5656411366113676,0.0018854350082384002,0.0008874537129786956,0.0021364160561863016,0.0006407366132068617,0.5671856452858771,0.383201025316482,0.0004942083140399443,0.0016478489108255334,0.0006798708774641845,0.0014446039703593916,0.4997927508251738,0.00402020952748622,0.0029055296165386157,0.9962238668232243,0.47497854513029397,0.5063473890173861,0.47352158788521603
1.3642601547284827e-06,1.6994462149024303e-06,0.00035429762863353206,2.2522077743061425e-06,0.8991266612765826,0.00852075136194869,0.4521470946716245,4.67154016494424e-05,0.0014669949074128073,0.0005145376791517273,0.0003229148542236997,0.0009208643855362748,2.9324293752275386e-05,0.2941812233649843,0.0059754397140724955,0.9997474697159574,0.003981826356978495,0.9961471286697119,0.5693760823740961,0.6085321988727668,0.4519336315283846,0.5092730636927816
8.459401571864143e-07,1.1138912449269997e-06,0.0,1.9789625085211348e-05,0.0,1.2896814071421896e-05,0.0,0.999965353729441,0.0,0.0,1.1159154729222659e-05,5.440068221583083e-05,0.999982092675135,9.576466363743485e-06,0.3217229425789227,0.004226701588090136,0.956181843863184,0.0038417891425558156,0.6365734732118715,0.47492137806445606,0.37161765445520323,0.4768470980621903
