obj_0,obj_1,obj_2,obj_3,obj_4,obj_5,obj_6,obj_7,obj_8,obj_9,var_0,var_1,var_2,var_3,var_4,var_5,var_6,var_7,var_8,var_9,var_10,var_11
0.005742372580992238,4.133002636763163e-06,0.896000786041236,0.002069389637788567,0.0001465201720010191,7.485041657671132e-06,9.997839535816172e-05,0.0002956023033651289,0.0009344446651308509,0.44720970597322235,0.2947115823181666,0.0006639189334281331,0.0002100242507683069,7.133323106761657e-05,5.318092298825571e-06,0.00010896536469628742,0.0014702944277813733,0.9959200272153986,0.0004581992384451707,0.5275398696920851,0.5088199016557131,0.47573397286240515
1.0,0.0007344746660606643,0.000541897579479276,0.0021749867169988954,0.003100609986642288,0.00034103645673791,0.0002890795054639947,4.6967230194131205e-05,0.0010489829880172175,0.001356165657700195,0.0008422642238396301,0.0006520700766424635,2.9169638168430323e-05,0.00017838525759571438,0.00021260338534218704,0.0021098077016722117,0.001350813692423244,0.000336555527987888,0.0004579532491965769,0.39242344493682624,0.5284922932942033,0.38746332924594834
0.5727548018435933,0.0029929856420423317,0.0027724129642265065,0.0004692820109846691,0.00018066970197923703,0.0009087124466686687,0.5763410513349497,0.0001178623092816363,0.5807725984449028,0.002115620929341815,0.0013466194609998686,0.39442315435278646,9.214806806290277e-05,0.50331513185164,0.0010100114791544955,0.0002101913983946985,0.0005215959089534051,0.003081484473284102,0.003326687945427224,0.5075885873703894,0.48944264090723877,0.5001195032579285
3.869314175164983e-06,0.0007155321318925852,0.45076224397825,0.0012623736522062614,0.9111426809606156,0.0009184733082961554,0.0016266235839873025,0.0001837688329895662,0.0019907268384914125,0.003497391326549069,0.0021902475601606832,0.0012467019512661741,0.00011508623501767007,0.001018682346473022,0.0005751997449987027,0.7075252359400578,0.0017828665206871762,0.9989894269394382,0.9965574461446719,0.6220845778560561,0.5170425440825176,0.5369125271869304
0.01603908498666993,0.5573859903995094,0.0007300583049535866,0.0006682250650446916,0.003182695950817767,0.0013239305224316295,0.003185317592045049,0.0009398639578737237,0.5623845185508227,0.5744125932608566,0.38157599388550134,0.515040830459404,0.0010311139895088969,0.0035409270582333436,0.0014689806880950076,0.00438314223221893,0.0007552182795492798,0.0008009735907161851,0.9807092215729374,0.5788601311516334,0.5743153646187761,0.4194568707629611
0.0002099837498891625,0.007655711766682545,7.655794267248871e-05,0.9936482455045342,0.0023115834478222284,0.0007117121851985903,8.50418917138674e-05,0.4973425485013547,0.0006443664217797716,0.0006546276038482357,0.00037504584448489863,0.0003693303016450787,0.2954243773204022,5.471292422330921e-05,0.00045597115244716676,0.0016225641977776137,0.9950738442054193,0.006338816728845506,0.9828543981578803,0.3437083122942082,0.7942378468741175,0.4861597404045437
1.5946038924582995e-06,0.0005621096889180892,2.069611056592565e-05,5.966828994494483e-07,0.44048281413903906,0.8990942111654409,0.0009360746474287813,0.0016852840170361774,0.00016146485644369493,0.00026312213658232837,0.00016578105725219522,0.00010173152163091173,0.0010618198421627502,0.0005874450060212243,0.6983439482253917,0.9992233260097229,0.0006753152657047188,0.023428792825492106,0.9981940292724226,0.5869913999508882,0.5324127291028735,0.4575325535798507
0.0011037258981390638,0.013158701347817691,0.0002492747006254199,0.5998245980241661,0.0004660174021913211,0.00014531252564638336,0.0009791125264421196,0.5954454976153536,0.0012657462509485567,0.6030637716727938,0.39450500864946936,0.0009532769448105094,0.4975899538149985,0.0010389213361028167,0.00015418903825253623,0.0005175854333203484,0.9859848265961805,0.012016315448546495,0.9467262925692019,0.4892449719356324,0.45270639886988184,0.6897778188851892
0.0030293460528004416,0.0038185620674082935,0.006705501896887811,4.453706603061744e-05,2.1270545829098667e-05,0.5803662291094492,0.5763985082487432,0.5756109829568852,0.0004369103759690037,0.00025963698840622513,0.0001648125043238365,0.000277591307744987,0.3891777525365511,0.49792376285879214,0.9909030233399572,0.0017821170514467181,0.0034058349529247803,0.5961899229317253,0.5665838261618092,0.5066971287795644,0.4979745953884917,0.44662858188133275
0.00027935588508250003,5.041294503508765e-07,4.324856545224124e-06,0.00037092025641997315,0.5799732183947014,0.0008424267917253082,0.0015290036947865442,0.5829303641914748,0.5784270698654819,0.0006048311426131924,0.00038299283301231296,0.3902609987174517,0.5016173120229825,0.001678336790898439,0.0009247064972923338,0.999490273442583,0.5890187910190076,0.009855044831474924,0.0011488514997243238,0.5197916689551356,0.47989746208632567,0.4324062763543166
0.0010364264195429956,5.182484449013676e-07,3.5395704379324476e-05,1.8105812855970763e-05,0.5523121996482059,0.00044094033813619213,0.0048842596949290416,0.000300167931381882,0.5823246821371386,0.5853713405487233,0.39447557562067936,0.5022974711158005,0.0003305322796693783,0.005401043433613306,0.00048556248842932946,0.9988578492070255,0.011113794933856601,0.021733185836405784,0.0003183315026558005,0.5636768854751547,0.45265965164664684,0.459082520810977
5.667880266109308e-07,0.0004037455998905785,0.9385907985960368,0.00017776048991382216,0.006485732160169057,0.015767513242233907,0.4630990505813073,0.0017316619286069544,0.00014841264669465546,0.0005214082549318556,0.00031628214485898096,9.023278755502856e-05,0.0010504130742935614,0.2950911030773453,0.010814644896031872,0.005231815114756227,0.000124201951167827,0.9997150452789807,0.9990586053769851,0.6702529750103499,0.4270136553242955,0.376755714369477
6.905780586428153e-08,1.0569517416636267e-09,6.919816364542883e-08,6.081394898904722e-07,4.10671329030544e-07,2.535464883341563e-08,0.0006836288591586631,0.4507699002886626,0.8983985328134971,1.8762620245831394e-05,1.1883529502262994e-05,0.7039427127148176,0.99903451499813,0.9993001395432249,0.02148168013764294,0.38789275870253603,0.8985221707464651,0.500609019598134,0.009742907917342447,0.43383746178825044,0.5254324274660929,0.48907166591544565
0.5732799222737899,0.5842120540274007,0.0007645527438893816,0.001423554807318591,0.011344631289432795,0.0004735714090156449,6.58692154485529e-05,0.003701582732862731,0.01419366851101763,0.5800921506238463,0.3778612950002645,0.010534273623789114,0.002741206326726315,4.9426445325278265e-05,0.000353353133282136,0.0096115942365807,0.001086101261223701,0.0005662583997352717,0.4780774307298041,0.62019460085758,0.41777582687380976,0.3736485989543819
0.0007450179108582066,0.5740409256602771,0.5869675129332644,0.004284156337754443,0.0023300561680526413,0.00173772178462525,0.00048754502738262837,0.5855123860168748,0.0007467723116233397,0.0013849193530555209,0.0008743063993656239,0.00047144137284385536,0.3943832751564351,0.00037963182607225754,0.0013474244293543724,0.0018911294371057874,0.0033219570855321265,0.5070875194211792,0.9991737647172565,0.4393566836343974,0.43983660376808553,0.4665050911989106
0.00040843202733653605,0.004189011466417504,0.5732165524876517,0.5717421484985286,0.0018589348356874461,0.003949901346237711,0.0016331483386922653,0.5687475139018836,0.002646164390280496,0.00873510324985146,0.005554006172805354,0.0018201241537768834,0.3846079566902061,0.0012785041824812165,0.003086361840944502,0.0018028685363461472,0.5101968663673638,0.9949652086402698,0.9370317001535492,0.4958323443844439,0.5209496776756619,0.4716313621846107
0.04654760287345543,0.4838410137150651,0.006483807573097838,0.0011200955686629349,0.008600912794443251,0.0005716471969244339,0.9170094334084252,0.004080184005545094,0.002633805939960715,1.424269473050289e-06,8.707112306785558e-07,0.001610149553682049,0.0024943892692995255,0.690741249381229,0.0007484978511476262,0.011788578776754044,0.001466873309027301,0.008491438936114936,0.9389423241193797,0.5870875374906835,0.5250071398931238,0.6820544206585657
2.5546241669883004e-05,2.655707744716079e-07,0.0007346484022908079,1.611702646885813e-06,0.9001930448089179,0.001284605769520844,0.0017563938985998226,0.44643334610864727,0.008588549113662679,0.0005037879790265028,0.000319172459400818,0.005441300832404169,0.29309054967754977,0.0012421248532640816,0.000908476920023187,0.9994801388084897,0.001395797337430599,0.9778702712252176,0.006617862547967979,0.5322706629813935,0.4385477440684278,0.5059346629939226
3.4817631161264106e-21,1.5792997480750022e-19,1.8519175831039642e-19,1.0564104843417365e-20,8.963503891715223e-21,7.587932461514119e-18,2.4605501039569878e-17,1.9852126611644593e-17,3.4508376719709756e-17,1.0,1.0,0.4800603467667405,0.3697509250533896,0.7605196368451579,0.981968546997187,0.026408851277479772,0.02660392052675356,0.6132885624606403,0.9905295956531435,0.447713391950446,0.44079653460249046,0.5249035074783449
0.001081477402747248,0.4539625316527596,0.00011630214308814307,0.00020193303481474213,0.0011634792050119066,0.00010920898051026023,0.00048588795405137534,0.0013381617431469654,0.001676654254739598,0.9086922593183047,0.7040428288457453,0.002344130095074476,0.001869216071542723,0.0006815731086591449,0.0001525494867395414,0.001780616528878319,0.0002820729830609989,0.00016245828707626107,0.9984893216031981,0.4879938228382778,0.6223871372852516,0.5381779364146348
0.00016052077120896042,0.0026809248471775762,0.0005096609511991448,3.650546809199161e-05,0.5896430311896074,0.0021625654228160213,0.5797941883972318,0.0014741905722913432,0.5859803454057018,0.0004439095861963284,0.00027883115732676495,0.39245987378194347,0.0011348856866186105,0.4946330393963223,0.0023348210084156718,0.997048311361522,0.00850096539550968,0.11938951292075298,0.9619277504451572,0.4199496814289497,0.4383778276433142,0.5575940295624742
0.00024645060891195385,2.7705988023187204e-05,0.00023571314699146107,0.00034859485743561684,1.647855942220375e-06,0.46546176902076736,0.9301870685748843,0.00027029976105445827,0.0002375959484764341,0.0019969093187545807,0.0012181022361828645,0.00014499628757255143,0.00016488137659249593,0.7056997512490851,0.9993319243968819,0.0023530409871911984,0.5059320161516496,0.4838130509923312,0.07154753936212437,0.6936294775634463,0.48554313407450383,0.4228709023654271
0.0005315276252776277,0.0005440022661553732,0.0030598876322291426,0.5796963504071517,0.0008116777995250795,0.004109091323791504,0.57690372769525,0.0004187355862263176,2.4874870601556246e-05,0.5835640955955118,0.3939127568104953,1.9322038833051252e-05,0.0003252610130894817,0.4997867640145933,0.004512437365381622,0.0009330091344022669,0.9965374309274944,0.8449048454224709,0.5073835669343729,0.5634132974603693,0.45557133725059606,0.48950025617688764
0.004298910017490326,0.6033577935506238,0.011524266890727393,0.5948446040169519,0.002162846429916414,0.5918291033292192,0.0007416953133400908,0.001331257607095053,0.0004615174169142349,0.002520025374341555,0.0015521628443106144,0.0002842636574546531,0.0008199653411119778,0.00045875762184836253,0.38812891283810474,0.0017008353518278728,0.49541079139400046,0.012157791146327217,0.9954641759227515,0.5268390751395262,0.5249057234919757,0.3204196686289059
0.004526321492502794,0.0002969263094038384,0.6031410514903155,0.6088576114007249,0.0018067913309385974,0.0004538618465115523,0.5979450411950233,0.004388970962174003,0.005263789284371921,0.00030142729125270777,0.00018337210092576103,0.0032050950798609857,0.002670054873007761,0.3890674940830987,0.000337135544296846,0.0014704426620257875,0.5029936816178334,0.995212175395663,0.04186599607760736,0.6911126493958151,0.44263816680025264,0.41837907008837133
0.0010788864446384424,0.5802143949505043,0.577963582095869,0.0009161353360718254,0.004257746377383399,0.00440269462893603,0.005175226872779479,0.003498208594256463,0.0011746350811437552,0.583797662042243,0.3942416595631803,0.0009130535339826791,0.002719196517291327,0.004022812746246135,0.0034223692132136496,0.003309742638080886,0.000712160816251528,0.49876223903075434,0.9988162312807658,0.5206082318475131,0.5514333432234116,0.4479581622063348
0.014391705824513126,0.6083362299002201,0.001437868797742301,0.6214757132224555,0.0035260055692641866,0.005152043751274236,0.0005000071569411549,7.260554798958521e-05,0.5924425605301862,0.0035285920213444363,0.002134517299257204,0.3806634618396485,5.314100721024947e-05,0.00036596219149981346,0.0037708749339466297,0.0027013531816228575,0.5067115573961645,0.001504296323013743,0.9849419854535534,0.6918998096277479,0.41786640724416624,0.40601564947418173
0.00048194954375203663,0.8981993640784269,0.003642869657031786,0.0014594795520863609,0.0001679852329188132,0.002511848149560235,0.001460101104016954,0.4365824948582116,0.00016019367677827181,0.0005797750470833979,0.0003684062874173143,0.00010188325667636065,0.28704525063405095,0.001035150307289629,0.001773334750436763,0.00012993566640285127,0.0010303782438750297,0.0025718394765442396,0.999659745261002,0.4771213179926419,0.5283054968754103,0.4765847403947361
5.8508053654688605e-05,0.004582374551225765,0.5770373239390861,0.0026736860039090304,0.5763896952281319,0.0038892015919426916,0.00013681058490744473,0.0038956989168699805,0.002796370348151062,0.5832523879060332,0.3952013005327616,0.002182623525467582,0.003040695147763922,0.00010678506115780232,0.003035658446221895,0.4996290946590912,0.0029496454534457205,0.9949441629407882,0.9918720393728193,0.4957484587476689,0.4550657675169247,0.4738745865050166
0.5842027481995944,0.0075640039175054515,0.005221595413868986,0.0013502775092724773,6.850947736637554e-06,0.593882019116778,0.0011289761692176126,0.0002795182330340509,0.0004594063871911657,0.5803923861282934,0.38736896104713736,0.000351053638408027,0.00021359281723293686,0.0008663343088996145,0.5051901837668077,7.813429265290158e-06,0.0014712451525356572,0.005689469630909336,0.008242216269347895,0.5585110247657464,0.3935270808010218,0.47574828666585284
0.5838740571020304,0.001625787577074333,0.002561720796744275,7.738805298894018e-05,0.0005826676134102543,2.858994882318472e-05,0.00043961354507629963,0.5792924079657097,0.5770289776476942,0.0006374224081449641,0.00040383069497587024,0.38959813787755543,0.49748782212049236,0.0004772684980225545,3.117225316282636e-05,0.0006960406202260096,8.437795552953273e-05,0.0027931114668564017,0.00177265256048158,0.5394289983966479,0.4424601579878111,0.5007223471031478
0.5773892166101424,0.0023023521157824905,0.0066524649427617336,0.579806860643153,0.00045517039281930304,0.0009235913174992874,0.0012841584774955013,0.0009231667641532855,0.5780809522325124,0.0016579420856603123,0.0010534859064138444,0.391545716603492,0.0007182080138789089,0.0009990542503066323,0.0007185396513331626,0.0003541156406563551,0.5013063844421451,0.007334514649665155,0.0025385217965206873,0.5320958943272587,0.473941662989008,0.5135242395174076
0.0033313794407383796,7.099856817610832e-05,0.00011492666550080266,8.497846541936964e-06,0.4393049659713913,0.000652285684423882,0.0008721861380729993,0.0003393602592081646,0.9136534233930894,0.0007461075863233434,0.00046437693134906077,0.7031543895156659,0.0004698214789050914,0.0012125662974758874,0.0009030478110297754,0.9953840693621403,0.0016225840282191317,0.0219485633970318,0.013565627024997806,0.6218305749481328,0.4355469340737799,0.43794494430607184
3.847071305326491e-05,0.0010303125560112304,0.5824388130332926,0.0002979399918274466,0.0008352087173210827,0.00012050797621257672,0.5796108715882993,0.0005052604488965111,0.0001909763139807341,0.5803241651645109,0.39083509914590464,0.000147651688171616,0.00039063778491753824,0.4997867640145933,0.00013171777174858425,0.0009555494700419902,0.0003256551105582736,0.9988730597573847,0.9762403708090897,0.5567276916677829,0.45557133725059606,0.4533211921408349
7.5136822822252714e-06,0.00011920933663903241,1.3311388793843624e-07,0.013540822692245994,0.5557864971570988,0.579780946612604,9.98946528695576e-05,0.00024008713356645121,0.00019166734087348059,0.5773854800759713,0.3900350766667349,0.0001485430295084843,0.00018606858715943393,7.774465056885457e-05,0.4988338437035886,0.9851841607891336,0.9943844112038868,0.0007094668205132766,0.9599273041762129,0.5357919372770847,0.45431364321569695,0.526314814360116
0.00019778960397949028,0.009661747259515513,0.4737760720136798,0.8881785585709234,0.0022380377515749767,0.00030478801092308986,0.00021554341410059334,0.0012289574714594372,7.51323634920809e-05,0.0011243807356937563,0.0007110455704806432,4.7512870711001985e-05,0.0007771792254219507,0.00013630735969606103,0.0001927446982263603,0.0014814322010123595,0.6879833813146579,0.9870164505429484,0.9869693147602272,0.5290906875099769,0.43972264593471494,0.4529750599722585
0.5772040448133539,0.0034352343231743906,0.01981937266421613,0.5860854477820991,0.0007896776135339572,0.0005215644164999264,0.0006249802989154772,0.0037360168805408416,0.005827315608270557,0.5776377488795282,0.3917077402878392,0.004541525480846048,0.002910442365040445,0.0004889265895248794,0.0004063135549984974,0.0006740034598524747,0.5091444456537133,0.02216026648919653,0.003857663014297174,0.4772042450451543,0.5028953367022642,0.48470124487166977
0.0003274026378141994,6.619514391328598e-05,2.648494420448483e-06,3.447775600968259e-05,4.180538484305967e-07,0.8925935696705605,0.00023833467832579363,0.4469473133803898,0.0011080951343057867,0.0003168303360319465,0.0002014486297123285,0.0007055242886519321,0.2945808672600708,0.00017159327048850605,0.9997534674724622,0.0008404079394016377,0.06336591449320567,0.004883796696392911,0.12331535492095022,0.5185777332944297,0.5217087368252044,0.4791746733453784
0.44875180233864537,0.0030894717039555704,0.006732648560401694,0.0011003280709917633,0.004873441256911311,0.0005762387478233578,0.9195716682569229,0.004128453323395813,0.0026314800245699024,1.4411187410192066e-06,8.707112306785558e-07,0.0015928383765923529,0.0024943892692995255,0.690741249381229,0.0007484978511476262,0.006909682865553102,0.001466873309027301,0.008713272340027183,0.004014341286873571,0.6385662221388972,0.527320201182128,0.6836457047741495
0.5809474475884525,0.011166850713639901,0.0007195167763669973,0.0047294090572340755,0.002167436664663908,0.011251541194346668,0.5796988867489935,0.5718209960788475,3.797543031693488e-05,0.00017419128590592505,0.0001108487688435455,2.4166132757996164e-05,0.38734620050258045,0.49918349118056493,0.012325449787327004,0.0024855468614427747,0.005181553831142521,0.0007883222080166882,0.012235465772831022,0.5024437615413896,0.5000392107761207,0.5199654264555601
0.0012317716256488639,0.43500571153253637,0.018050322080148132,0.001428349472584248,0.9158200415117246,0.006904267938068766,0.003956393966709323,0.00019730665264022237,0.0007411082100837023,0.0012335781413287358,0.0007744193258524589,0.0004652553700413641,0.0001238658476036573,0.0024837649163122477,0.004334451554586318,0.7174824223778153,0.0020885399458091623,0.026400935224813238,0.9981973384364771,0.5868657684391405,0.5808074998259795,0.49901360790403276
6.385559017951319e-05,0.003450175089062892,0.9706126708799878,0.48115699912334375,0.0013592826145231815,0.003152908368689408,0.0009919118291993039,0.0038571620124374494,0.013933582607225065,5.8965722512899514e-05,3.440474279541077e-05,0.00879487293643975,0.0022507586181344684,0.0005864836630256835,0.0018607015836669902,0.0009956618624203705,0.3018531098042153,0.9975625264113731,0.9880094343980277,0.5014765897351424,0.3916450106513241,0.7816898438856993
0.010320197747831881,3.792173713394203e-05,0.0008522692086244315,0.5803930502652856,0.5586306702541599,0.002280010513452953,0.0037067188565822924,0.0025994938185513175,0.0011499681381676161,0.5871003910219887,0.3941272537663032,0.000888513279247159,0.0020084818280670658,0.0028639911453628483,0.0017616610703944462,0.5023181544636643,0.9886426066689624,0.052454361925382775,0.0023392593435043185,0.3939668646368177,0.48263264277221074,0.4866253291071252
0.4602317140283334,0.002415161978675608,0.0002451823130729003,0.0009606625777377842,0.0009139754187836562,0.0008442283421237572,0.005306088975013678,0.002752558035801717,0.9101596265171021,0.0023409154154264184,0.0014611560403407604,0.701929585233735,0.0038071249252644435,0.007370112833420596,0.0011677640361137487,0.0013233048050967384,0.0013288249748959163,0.0003391459989582268,0.003340764464167026,0.5477279295674066,0.4345137579203936,0.38440647360037394
6.006136563123834e-05,0.0013666738690455706,0.5801602984780495,0.0014695289444286077,0.0013645599135152162,0.0023708724030177776,0.5752722723778549,2.9749899020770852e-05,0.577958766428734,0.0007774207404876916,0.0004937723082993055,0.3914536090554699,2.313247127880562e-05,0.49863810298398625,0.0026015599525796296,0.0016405140973215744,0.0016125311970677583,0.9984988807804167,0.9720403920602116,0.5319300128641306,0.5044691112704208,0.4641140547559572
5.746197153814319e-07,0.0003832142434355507,3.410429083834071e-06,6.31431058010434e-07,9.426687517236245e-06,0.8947870530003313,0.0016079095196374353,0.00017930392088271545,0.0002158082656995354,0.4496779738796071,0.2964657192289223,0.00015354219397839742,0.00012757026720031344,0.0011488031391185508,0.9997272416969525,0.017152720412380695,0.0010489295996287465,0.005665464858828458,0.9990454060502642,0.5203975620521408,0.530952639954291,0.4926961416781018
9.261877557042749e-05,0.004477852280240178,0.9144028714786419,0.0015965899039286522,0.002112862386618459,0.0019653926496259674,0.00041811475012318446,0.00018387746830390278,0.4595780257177387,0.0028676051593659814,0.0017831419427939586,0.2969535080782981,0.00012801552724899526,0.0002949508020701549,0.0013734634304992297,0.0016116312321033813,0.0011450372089312523,0.9968694887982616,0.9862212817355003,0.503129259442967,0.4289752875215927,0.36309365223253803
0.003949786043909124,0.5811693159397273,0.01104018086651918,0.02857852814903333,0.5799686228494746,0.0013232780432271551,0.0013692545213463228,0.5874599266406643,0.0015164695080839793,0.0005214838303536813,0.0003286852792366629,0.0009558137879959037,0.3951605062233908,0.0010609309940781985,0.0010253087169322182,0.4988926915158457,0.03127370848184813,0.012091811675936546,0.9956734240612307,0.40153017110114325,0.5183600964119216,0.4965900415811313
2.6211114039369097e-06,5.348245452559523e-05,0.008084809423346667,0.5890675061947352,0.5327548559475245,0.001102336941900959,0.00024748719191613436,3.1068742025238866e-06,0.5851963692965421,0.0010163304915589047,0.000637264611988287,0.3914712383498179,2.3849704136495457e-06,0.00018892461924915609,0.0008462015874718517,0.4970538246065617,0.9912629026486537,0.9957671112001762,0.9689469035222991,0.3874199752427978,0.5123647171663589,0.4502496075369973
0.5880822219852876,0.5854194562942944,0.006905041311152367,0.011348906821064082,0.5136019372920596,0.0127950298469208,0.00062170073079983,2.663514942654287e-05,0.0010580259363664663,4.239373009467753e-05,2.6878133384620334e-05,0.0006714037373197121,1.6887013623303782e-05,0.00039582498964746155,0.00811242803609169,0.37874510881901646,0.00868904812110563,0.005287086487406528,0.49980491492483753,0.5251255811683301,0.4712707144031629,0.44845904910234646
0.0006228588613496003,0.00022452374907137228,0.5799263163061417,0.004719069212134438,0.00034492113178317247,2.7886161880184164e-05,0.0004230904314981259,0.5855419570793845,6.912792910181171e-05,0.5825851181947959,0.3917412322872037,5.339933028436494e-05,0.5030565447733166,0.00046443579745598923,3.061126692842975e-05,0.0003963161744624224,0.005180286559674341,0.9992731838060511,0.22025399994175032,0.467366553984806,0.501871530455125,0.40950206269270306
6.656741843464988e-09,1.1715755678006434e-07,4.3671155504289854e-07,7.02130870662944e-06,7.975859240914105e-08,1.1638499538608515e-08,3.5251807058562583e-06,0.44533846829508855,1.0898117910480488e-06,0.8992728807730517,0.7072715363151019,1.5579065893110542e-06,0.9999887401360824,0.29674590387825617,0.0010530020974547408,0.007553525774935479,0.9590554869873671,0.83288456982893,0.9638669326857369,0.5312008528762814,0.5085157500762444,0.45043301113773104
0.0040276408426657435,0.0011232147981143415,8.811824465515095e-05,0.8981385531936709,7.689516529120813e-05,0.00018816514575865963,0.0007726699570696368,0.0005408735568101351,0.44962954917373765,0.0007882163277665899,0.0004994529188548653,0.2958322890591235,0.00038337795994747206,0.0005499834392461195,0.0001338764049784033,5.971582749624975e-05,0.9968951564613558,0.012807633086558173,0.16578646788748555,0.5283508128768908,0.47832123636923846,0.5584282052086503
1.3031588814129928e-05,0.0005479935575019439,0.000575098114097588,1.0036259679459456e-05,0.8612675450400478,0.005344563935198338,0.00037931260284603495,0.0014135307797109877,0.44894520703971674,0.00017256577901022735,0.00010908205304346343,0.294140889309657,0.0009981819444888234,0.00026679679950525684,0.0037741543292006807,0.9994389103599411,0.00804162532611166,0.5152712467397983,0.9848636837908039,0.5275359321432492,0.4276772453588863,0.4663572383071895
0.4497020216673876,0.008153115555936358,0.0015649500701352625,0.0014755809989707184,0.8634547988705308,0.0004566914255617648,0.004553695157571069,0.0002019032100579631,0.001870541616412017,5.007811691129999e-05,3.1579473181300244e-05,0.001179572162478549,0.00012732124115337479,0.0028836807044976265,0.0002879950170056872,0.7060259703839338,0.0020885399458091623,0.0022150455025511124,0.011540677461148341,0.41920898693328573,0.5266925022929215,0.4520455701747015
0.00020842021358648524,0.0009305845261779606,0.00015965546039880673,0.45259935560790965,0.001987190650283728,0.0010757807859107147,0.001906026473457789,0.8936085398043486,6.0971390648777266e-05,0.00026462560664042826,0.00016818081939597976,3.878471403175499e-05,0.7015319513350354,0.00269221262596099,0.0015188552107997522,0.003062387750076029,0.9986334085584878,0.10509086274153652,0.8568814335023519,0.5258544630292777,0.47343288380923243,0.4820893388153435
8.500829342098408e-05,0.013186818900567145,0.5858406023507332,0.0019505091993091842,0.5659925310513058,0.00037018876674177757,0.5909976053883617,0.00018179306727923524,0.0007640551125633336,0.0012453832549177103,0.0007760804076376242,0.00047613339098291174,0.00011328733327427135,0.3927299653790076,0.00028281951023273965,0.5034800811370297,0.0021190297630012387,0.9856723030602954,0.9958961132949012,0.635541731956337,0.4436548013921564,0.49341048699379497
0.001922203819442118,3.9997826867044226e-05,0.5798279494434277,0.0006140046101111032,0.0007961129454310258,0.5828357550877519,0.008781909820458612,2.8005878861700023e-05,2.4942961396990273e-05,0.5794507736925824,0.39083509914590464,1.9322038833051252e-05,2.1685139515170162e-05,0.006828642912684452,0.5016446402833883,0.0009576603507673389,0.0006741399419216137,0.9978890749057017,0.013245074758484354,0.5560950222822263,0.4550527571842374,0.47377324580248575
0.45484249187180076,0.0065061990089502145,0.012445628143699634,0.8982568754656259,0.0022386185134023193,0.00030532678652905583,0.0015954698390894082,0.0006131926241718822,0.01023156138955495,0.0016034853797828848,0.001013709369333933,0.006468419982079764,0.00038767535234574457,0.0010129410944062357,0.0001930353222820893,0.0014814322010123595,0.7014789898791327,0.017413383230410973,0.009105772966457204,0.4332454742691801,0.5169778550627753,0.45244893257467483
0.6140621179981437,0.003568587438198011,0.6182145408600382,0.00011732676983540825,0.012494131092383367,0.000889117003117786,0.00044736557791201086,0.0008239447406312538,0.611483986638147,0.0001821759731735746,0.00010892332260955024,0.38964463905364666,0.0006019007380852573,0.000328181118069752,0.0006495101885367937,0.010000228525454914,8.571915912797094e-05,0.5021398450574424,0.0036996383282099643,0.6895737800477819,0.43190783196436594,0.6555051225018639
2.6436581241481085e-05,0.0019931358621088145,5.629289843677293e-07,2.0163057969468367e-05,1.1705181030125239e-05,0.5804283354862048,0.001759786935957878,0.5798136771302871,0.5791633456951305,1.868687447513932e-07,1.1846086913557783e-07,0.39132924361061383,0.49965938704976487,0.0019382589152150249,0.9978135711472984,0.0039127748462938145,0.006439417598605861,0.00017978713814268115,0.9915564895534301,0.4793029698808134,0.5461387827661611,0.45885477690914955
0.9095724027239244,0.0012883038086116435,0.0058965990429619,6.569941419877739e-05,0.0007346765151691215,0.45260383808094273,0.00125429605361694,0.0007414888387153825,0.004790198617371354,0.000722914814331796,0.00045297893713423104,0.00300424934584273,0.0004646227271506084,0.000789260126230766,0.29393840257821385,0.0005633627509357051,4.5982732939166574e-05,0.004127032820394991,0.000905243833595526,0.40414203899278656,0.5706263425662069,0.4574229820651827
0.0015318994126955333,0.5880310422610389,0.0021780622323691917,0.0012084394246415185,0.5295442014099149,0.0014683008660904863,0.5845905331616229,5.749015429383323e-05,0.0015042965043200055,0.014487358418588865,0.00908810047960545,0.0009445760057441537,3.606678002332259e-05,0.3927299653790076,0.0011293050086977955,0.49446713458992847,0.0013031517797315187,0.0023487781185218054,0.9983480214060036,0.39528535188238983,0.5053181366054842,0.4377277672167827
0.00028637925682295246,0.4514605350169168,0.012400408046570055,0.894993137975893,0.0021309332698953723,0.0003030754875196615,0.0016066685147729913,0.0006109646426104831,0.010185238069193948,0.0015976592564420277,0.001013709369333933,0.006468419982079764,0.00038767535234574457,0.0010129410944062357,0.0001930353222820893,0.0014814322010123595,0.7014789898791327,0.017413383230410973,0.9995876770087674,0.529090690377177,0.5170011439291408,0.4529750599722585
0.0010429932474119166,9.486020336702768e-05,1.0790217822096128e-05,0.0004790609880242494,2.287793881092431e-06,0.5826925052208766,0.5861517270397091,0.00018669857737884255,0.5867774666853737,0.001089177421235071,0.000684955963184681,0.39381291809844826,0.0001441159966358973,0.5005179932187278,0.9987416934130189,0.0013855104881747658,0.2731046658254367,0.006558803818541438,0.05774168705635524,0.39559213069278876,0.5267654906605282,0.5264348694704387
0.8981421818751445,0.0032717688470655587,0.45132859413118037,0.00232612290283132,0.002353863281774696,0.0014289704261084566,0.004447826706886694,6.653225750797589e-05,0.0019325835466261967,0.000930996345032897,0.0005896309548469036,0.001223970551391456,4.213718182932702e-05,0.0028288283872766515,0.0009050256784979283,0.001560447022122621,0.0014732359335757617,0.2964443811301609,0.002319079949073599,0.5442950868861206,0.4434958499936173,0.505881567608223
0.0008201950220292804,0.5961250469262377,0.0006614419433467913,0.004676404567153862,0.0024146273606847606,0.5938924026406212,0.0015293813331081862,0.0005383233651437531,0.0001966500767964468,0.5881462817792424,0.38719621611364,0.0001485430295084843,0.0004056997777802841,0.0011678782350684203,0.49873924698543404,0.00281403368316277,0.005124238840943526,0.000703605277487022,0.9990436923134394,0.5440153758981832,0.6653752644299538,0.49474765212392074
0.0001967267858233311,0.4552826023597656,0.004737227566414462,0.0011668655891088453,0.004189783851769627,0.0008558452469193548,0.0007074192766818051,0.000598536535063294,0.9091513028621349,0.0015029321786929532,0.0009406534575584354,0.7045209002550838,0.0008368375156262819,0.0009932346900447982,0.0011965938152997222,0.0064181490731870985,0.0016315312673855532,0.006623805982665089,0.9997249177693902,0.4570073256331095,0.4555293153111318,0.3845196595692815
0.0006812666930242619,2.9165809733607432e-05,4.26795774008624e-05,0.9029784128766939,0.0007374805925155244,0.443806805700563,9.082764826329037e-05,0.0016407102020392023,0.00029926511763401007,0.0002304578620278626,0.0001458172189403106,0.0001893535252033327,0.0010381243557481446,5.746930653872392e-05,0.2908193404383626,0.0005199398805735451,0.9995183112906718,0.03979415586660198,0.02723779147285177,0.5412696460010262,0.45489643762999377,0.45088028563890636
0.8812956676352715,0.4752095668150653,0.002916912830569043,0.005246391490121737,0.003006444145720273,0.001853593822651399,0.0001320236700197258,0.00022356428575968733,9.157669370698677e-05,4.22093284669259e-06,2.6813219471280656e-06,5.822578678180951e-05,0.00014201785606560217,8.422022983288566e-05,0.0011774849304620016,0.002092444770935619,0.003332777372266955,0.0018529924109718862,0.31587059620465774,0.5194746287157346,0.46105333210061566,0.4835758326469408
0.002417811413880301,0.9343263618837634,0.4730201934877915,0.001270835620133,0.0013041191110584607,0.0014875451908335667,0.00663882898531648,0.00014580588866546298,0.0008057840462896672,0.000336543044116065,0.00020457984487175208,0.0004898250016203501,8.863340532097623e-05,0.004052666585846346,0.0009042770069000689,0.0008298094957109129,0.0007725408741123541,0.2983509875185956,0.9983525851576805,0.5236385824399512,0.38671555302661764,0.684054399080806
0.0006156302809067915,0.00034249965855285473,0.9100983754897009,0.0001431369217582864,0.0009443556564379852,0.006542438422964161,0.00022023804181118596,0.4480442456823158,0.0006750863925367348,0.006569298605653053,0.0041017691609018525,0.0004559863897564434,0.2896458440695966,0.00015823456262990582,0.004599340316163492,0.0008240137965840641,0.00010300554642884941,0.9994654413767916,0.31846648497662533,0.5879321246379513,0.5820759421240203,0.42834780756747093
0.007110194166382325,0.5870002804845246,0.0024873731309153478,0.0018745762753768964,0.003958855978387339,0.580947536031862,0.5809171052674559,0.0013060989364966572,0.0024707221112678476,0.0005987296492397037,0.00037797237681171005,0.0015597452941224553,0.0008245307338817386,0.3890452420408307,0.4966650694407325,0.004493613754114201,0.002032861068132578,0.002697418281909192,0.9922891538766712,0.4208791186697346,0.47245588259978566,0.5377231738013639
0.0015702449541365713,0.5950458669604384,0.5609516899306737,0.000956157016425966,0.0032952154725839765,0.004827479280846378,0.5839375312648093,0.0027558502380566553,0.0028420154132352067,0.0068254360420177,0.0043119539459791495,0.0017970793115441189,0.0017410379520005352,0.3953974694189437,0.0037643357380138845,0.0028046829185763506,0.0007428023575368711,0.47998107756329167,0.9982418204338372,0.42248270395714194,0.5376652966560098,0.51708958656202
0.5518169082717703,0.006633733045369796,0.5642506148715224,0.001246208116662632,0.002406225511010462,0.012537322519024962,0.5770620134587062,0.001127234645313535,0.00021117632981251908,0.0033737802815295126,0.002120089828987653,0.0001435550849295227,0.0007083591389181413,0.39168383660614847,0.009757525220870032,0.0023245639839357536,0.000992904902266687,0.47788603161558063,0.007519168145611004,0.5255107524179626,0.485662839286573,0.38944237962195305
1.839189253455368e-06,8.039228513908723e-05,7.690146549244803e-07,0.5834989823107817,0.0016955256643865473,0.005849055064765827,0.577531455254465,0.002725680161230244,0.5864086850413115,0.0011660170996125939,0.0007346170561660067,0.3943549931754542,0.002109125462717021,0.4980471814701569,0.006381297312638511,0.0020267571745438695,0.9999122619713756,0.006087984019362627,0.9854381544980387,0.4839775719290282,0.4178543415640559,0.4411186132127869
4.1410857575492026e-06,1.951914574929149e-06,7.81692504622927e-08,1.1512375943158115e-08,1.6677710852692963e-08,5.202010572749931e-06,0.4491290356490019,0.00019621005578405012,0.0017751940966025742,0.8981535676014498,0.7048011225305332,0.0025162427252753417,0.0002781187212880183,0.9999901769312306,0.5405116325166799,0.0023188317147910123,0.0016006638363001147,0.010869088668756091,0.2804111353688161,0.528971485612972,0.5295442111676101,0.45021079030033523
0.00022127939715114488,3.6167991096755115e-05,3.025513463207441e-06,0.5786625433051811,0.5705164815932562,0.5643559941453988,0.002308718138511585,0.0026813001854586026,7.252750424061148e-05,0.0002846143777523986,0.00018029442255719166,4.594393635622769e-05,0.0016985229635096025,0.0014567225499638554,0.37960221267470096,0.5100191851652944,0.9997533049989782,0.008589873563905514,0.10314307816481125,0.5264965457947128,0.4420863176108021,0.5302916206591242
0.6269511997329159,2.230731874612086e-05,0.6209480511728012,0.6057248115874252,0.005942565163042375,0.006904916676806351,0.0019386738604734847,0.0015184486371037423,0.0015071989220864822,0.0005278962341967363,0.00031398165973677895,0.0008964508235105467,0.0009031428217843307,0.0011485241831780749,0.004106944000094398,0.0036997481956530477,0.3829717840338217,0.49693749808869914,2.2651332643343694e-05,0.4225149568071211,0.3337246420944928,0.6915597773786508
3.3397124000119863e-05,0.004285123188783961,0.5801222688165251,0.0006348165725792262,0.0005683421934364787,0.0021761732524578307,0.0010628058191591726,0.0009694406823826704,0.5858787905232713,0.5871842936368363,0.39382918896465247,0.5034163440503904,0.0010638127054445306,0.0011587881830619888,0.0023970263045511586,0.0006833086511613862,0.000696621264222581,0.9952789954855413,0.994934148700587,0.5533944712904562,0.42737557773946244,0.4336051829104365
0.5854731876883554,0.5756763060304787,0.00126945336458392,0.00131414388426259,0.011203806998457752,0.002643325555776914,0.0020893490721208383,0.0027396583256811676,0.5727545581590753,0.001311457027403421,0.0008339032403427783,0.38772001264211764,0.0021239157426062734,0.0016265898419735077,0.002049251747511332,0.009091927159333102,0.001018904674267646,0.0009842556832234317,0.4946288220282558,0.5242131593281327,0.517286284820715,0.48239723708468807
5.137985059414743e-19,2.24242583684838e-19,7.522074980236263e-19,5.5036177631883205e-21,1.5557635206222395e-17,0.0,3.730736897351216e-21,2.171513540846192e-17,0.4509414423168522,0.9029277815719388,0.7050150499491712,1.0,0.5757906314142118,0.00013968005519840183,0.014014364708738236,0.9649965591478231,0.0037347361050315553,0.5922641425434605,0.2619823958937111,0.5278773934557025,0.5790803034722823,0.4517440093399734
4.872500655379361e-07,4.760096088909315e-07,0.5779161410933629,7.937488007025989e-05,0.0005076477293178276,0.00473053272552513,0.5796539079403616,0.5802257987406086,0.0014915642580895965,0.00019111158507245941,0.00012126152234382594,0.0009464074161135705,0.39256757368765693,0.5009449162036076,0.005210932875707055,0.0005592134787917114,8.743763008358264e-05,0.9999992496338277,0.4925715024074346,0.5265948999291225,0.5005185523994518,0.44878286042573906
1.362930573089109e-17,2.1917424033031172e-17,7.560772097799321e-19,1.056808421845959e-18,1.9906327930325254e-19,3.4441614590793786e-17,1.5671344538975215e-17,1.0,0.0,0.0,0.0,0.0,1.0,0.21670287918013093,0.5363332018212592,0.005882867346314588,0.027493842044353706,0.022137325850794753,0.6536482605397541,0.5299992518123089,0.509402838715366,0.45040871630948137
0.0013038934848269399,6.764586255892983e-05,2.208265832713496e-05,1.4382168825994726e-06,4.598878787373273e-06,0.5819280748687131,0.0007885912891120646,0.00014363973659533088,0.5808915854184472,0.585376803504871,0.3938688823665403,0.4994314377073116,0.00015713897232799438,0.0008663343088996145,0.9985714310953203,0.0023467745341173947,0.0007011588745342806,0.010766245606429132,0.03299818570172858,0.5584957696339026,0.42760338664554315,0.4742065288048976
8.648578527251697e-05,0.004164628450219185,0.5851485867953651,0.032010970705089424,0.5759882914950619,0.0027479707960723775,0.004527056196988875,0.5839575954722384,0.00012476154696958695,0.0031204090056024996,0.001970573100038793,7.878856065361001e-05,0.3933272840361285,0.003507291517716782,0.002128988402175895,0.4944941943247595,0.03479117891436634,0.9954681396939717,0.9867813782603418,0.5706217966653137,0.5151355124466738,0.44638472321247596
0.006912444117533049,3.999988751989117e-05,2.5839473904804635e-05,0.912116846053231,0.4220835379647383,0.0005285614180483626,0.0003059567153746852,0.00025072430887979156,0.0048694556341858965,0.006023750177502728,0.003759769835147607,0.003042084740693507,0.0001564951064844302,0.00019177341907415592,0.00033115634151148813,0.29533272390961174,0.9949308810507889,0.0022649190862689267,0.0032495251097697736,0.3670172691511733,0.5090842320870026,0.453039558299112
1.1147080810880326e-06,5.890943274289229e-05,0.001172781491836857,1.417998700177553e-06,0.0010533654395814263,1.210582379876175e-06,0.8969009232928106,0.002346585458468818,0.44990027860166953,0.00018269925151925975,0.00011551479665236635,0.2950308852965815,0.0016586174558077158,0.9988362487847666,0.0004680857760470793,0.4944835112719553,0.000768760835174187,0.9680433969045736,0.987955060979314,0.4770857400449974,0.44426471109686916,0.4429725180188582
0.0028440114033652037,0.5990774190864862,0.0001548111845969465,0.5902311410773214,0.6057251328122001,0.016416969348334965,0.0025873461771170076,0.0030389513026334945,0.00032377665120938954,0.004910031416744297,0.0030155420040908877,0.00019885196795012746,0.0018664172667008287,0.0015890634463281415,0.010083208452332348,0.39736902032330423,0.4952612048297591,0.0001645108715580771,0.9969777857865836,0.6094498026300098,0.6257147580742054,0.40623798995326815
0.01034835259588374,0.00021706777893976088,0.0003822409936595557,9.134594369721664e-06,0.8710789584270332,0.4538472025163236,0.0001690541818152959,0.001374290364345369,1.308399232633905e-05,0.003603586176965602,0.002252353169164445,8.177935283634015e-06,0.0008589779626125434,0.00010610938347791355,0.294010607709871,0.9927683506489485,0.0005614441997020781,0.023499213897435867,0.013351823536792873,0.5871329289781966,0.5787638334930401,0.431099287087538
0.580969881176438,0.0020262982854340993,0.00038881899435493414,0.5826763616796248,0.006247775222774606,0.0019759471923916664,0.5717689412006203,0.0041052394941497455,0.0011136193340818812,0.0005978772703543473,0.00037933508888085847,0.0007071926892680133,0.0026046597778052356,0.38785211313989854,0.0015287334829623838,0.005295981836223736,0.5009315759670542,0.00042606047806190573,0.0022291168567674805,0.5155743648567338,0.5530693541354421,0.481842066883944
2.325322830781369e-05,0.0017874401667277097,0.6072968341669887,0.0015402376502257017,0.0011480090673150645,0.6067932134744024,0.6031876451077537,0.0006814319093489148,0.002131508871842515,6.361794645737722e-05,3.8600661554393694e-05,0.0012933097315995011,0.0004134647553158618,0.38991408365668756,0.49973289586719105,0.0012596502730126632,0.0016145965809008524,0.9981261012932353,0.9917185312500166,0.31459127208780746,0.4553321172083171,0.386665687757677
0.8975161910032887,0.004836757819032622,0.0036258905965958154,0.00042786998813315087,0.00014250478995137298,0.0025004173336025982,0.0014376034936639246,0.4517786658726232,0.001405673625133462,0.0004894916959331868,0.0003101217183216754,0.000890577103377752,0.29687179892680826,0.0010196825527759585,0.0017735331190284562,0.00010580027484369866,0.0003034867766866234,0.0025718394765442396,0.0034307412889342547,0.5075099128344042,0.4308973244182307,0.5001665033551957
0.00462199135459495,0.44882042334871686,0.9081816941017636,0.005273569594976918,9.93055432992744e-05,0.005087332147472998,0.0001979497506411893,0.0016839014073956955,0.0007689533105275751,0.00031286593593954836,0.00019660684075066434,0.0004832149589459947,0.0010581746241895547,0.00012390093350634962,0.0031969291343809875,6.5320494734339e-05,0.003314005404649204,0.7077817938533619,0.9934442665231225,0.4393572696274519,0.5149812684534969,0.40424618237484555
0.5860509981470067,0.007594512730000854,0.00170920326031662,0.0009488279701812478,0.00261596293595721,0.0016321412841343273,0.00041884407581736706,0.0031571231313955533,0.5750713484983586,0.5743161822998345,0.3885554218742746,0.49394266845333606,0.0034291543532603145,0.00045493791008721564,0.0017727934419817606,0.0028414141393940107,0.0010306079850555675,0.0018565247011369942,0.008249361182867343,0.47647452923516803,0.5305180685592583,0.476449056169226
0.007039208080218104,0.6041319684942118,0.6077998127033535,0.0022057391764611534,0.0014610042532465233,0.0014177898790572229,0.00318523212358337,0.003531512933081616,0.6028759710067333,0.0003151337254714789,0.00019146363183839953,0.3902756746834172,0.0026233298476763143,0.002376078255742625,0.0010531970949873692,0.0011360025171085752,0.0016385266322025457,0.5019050828712575,0.9925825870894162,0.4953895581675964,0.3842070154169691,0.6854606231144096
0.5899590510919046,0.6001498920645992,0.009285613851618992,0.004997052553981608,0.004248459623106325,0.004633122608296407,0.003710206647841798,0.5999044977366249,0.0028815707889111543,0.009065406508214819,0.005576153901592018,0.001774100896074049,0.39361769937080404,0.0028125230155591303,0.0034974595656872935,0.0035137898260546706,0.003772301115204949,0.007009982173818102,0.5067004370396633,0.5358047576786038,0.31915266374920076,0.5317357135348731
0.6113303967944878,0.0014471678149588127,0.5958800425548791,0.0032440579808153468,0.004620226761874664,0.002319094490911715,0.0031367765180728533,0.0014076048211164097,0.0030443903112350786,0.6012507137447044,0.390616530955554,0.002270170732092296,0.0010496414497858171,0.002348925652571567,0.0017293486326466561,0.0037747641132414023,0.002419148153365691,0.49185184287749045,0.0015070311059975196,0.6896285015643254,0.4350149793025055,0.43656923308242135
0.000766107715219213,0.00023175284990530987,1.1769051182019955e-05,1.4324277176205498e-06,4.861263512874103e-06,2.777577428804293e-06,5.275053104503898e-07,0.57849248995427,0.5811872968430033,0.5801998249645146,0.3917349869710937,0.5020630028958504,0.9990778050994626,0.00040605634746592595,0.002118067587786579,0.004046251584048956,0.0010882375121174653,0.00894143305716976,0.1791306979485181,0.5683804646330903,0.48995436733043096,0.4809412740473592
0.579752027934842,0.008017981071349465,0.0014167618124026533,0.0031142300114362477,0.5519875858894229,0.00044950511106741053,0.023512082121707644,0.00407601641187371,0.00019786513970301224,0.5897162119075677,0.39732522357834027,0.00015382427805595575,0.003168789025063233,0.018209156621109335,0.0003496015276274467,0.4988766683080477,0.0034193340395480337,0.0015555797994787819,0.008803901732203134,0.40605400579666107,0.5171533464822611,0.4968931707312194
4.768364374093667e-08,4.6453103016389805e-08,5.609739039657907e-06,1.4803289821514212e-07,1.259989041536415e-08,0.0001601013755401378,0.000155333623450112,0.8944616655449152,0.00022868263426618037,0.4493690139944465,0.296383509279888,0.00016306034367719822,0.999839851659572,0.49317866892860596,0.9777764441806859,0.0015659140831004656,0.017299929313851603,0.9920511779552017,0.4638032327088046,0.5309809017842457,0.5014818198105914,0.5058850468212247
0.0013229863756029552,3.85538043878554e-06,0.5778777515092959,0.0014550089567876448,0.000990578425929404,2.8189942844401156e-05,0.00042756501687653124,0.5784605135926502,0.576807575832495,0.000646364014304707,0.0004110386199444656,0.39153049843274224,0.5003182574648816,0.0004772684980225545,3.117225316282636e-05,0.0011956076156014236,0.0016029044746283174,0.9984686574797258,0.00177265256048158,0.5328059632713263,0.5038486747497211,0.4983946751699577
0.0024392306681234968,0.912828517155187,0.0014927200958495864,0.005488636738038116,0.002594694675411908,0.0008051906837660171,0.4495202868540204,0.00016607153626898603,9.279004832287646e-05,0.001164431981541713,0.0007279288095816696,5.800646153438275e-05,0.00010381740740535915,0.2923633375949753,0.0005615360578241858,0.0018940669558107776,0.0038277895036506926,0.0010410398776480518,0.9982988494032949,0.6235341469668434,0.5522300943458622,0.5195179634370898
0.001380457579317324,0.5806845937999219,9.319377841152452e-05,0.5830355604903058,0.006563388366457459,0.001975465331414593,0.5718049475890588,0.002830193829529166,0.001114684823618116,0.0005950690600234338,0.00037753124834850237,0.0007071926892680133,0.0017955711067431368,0.38785211313989854,0.0015282644396692217,0.005314868009619568,0.5012852044796605,0.00010217049750174879,0.9984865709479338,0.5155743648567338,0.5536202793768868,0.481842066883944
0.0005946992155645048,2.087746070932584e-06,0.9100429596099817,0.0006389646028362062,0.002308534696780109,0.4532817514627053,0.0012464706818687051,0.0005368125661987903,0.00024468259245518113,0.0006018899389607194,0.0003768861524936061,0.0001532132148203447,0.00033613663974813387,0.0007837895801721499,0.29419185813332177,0.001690374064469451,0.00044698697134232246,0.9995839761691405,0.0022349028443906,0.3906128520476602,0.553598334912414,0.4570098012540466
0.8573382395059987,0.002464495121860953,0.007603210975363578,0.4250197393494928,0.006984841948558872,0.0023923981511434892,0.0025182309073513622,0.000921803216228993,2.429364238446351e-05,0.0047724782972043585,0.0030333067566556283,1.5469101563442278e-05,0.0005858871020894236,0.0016217794696443714,0.0015263157098939798,0.00486405088622822,0.288009317973032,0.005373299437292381,0.0017485882383883559,0.4722319274809959,0.5293829128764099,0.5005980743685422
0.5744119279832555,0.002334429195203357,0.587351263658523,0.001976897541501233,0.0019093530597347928,0.0017309562781271464,0.0006262483292816708,0.5842843560996774,0.00030475962124437895,0.0003555981038860634,0.00022455404279261718,0.0001926232813333924,0.3935586438800641,0.0004873217098881953,0.0013413175177578863,0.0016210322468447936,0.0015319060427708823,0.5070875194211792,0.0025974051580734334,0.4375239188634512,0.5525555778718227,0.5383359464833374
2.8151685255943827e-06,0.00019380547529696101,0.000300072566743255,6.469399012136622e-07,0.4354795107745592,0.0017314407902843721,0.00028180767931562396,0.9053268572560942,0.004945746708926625,0.00020919152414250475,0.0001313863430416716,0.0031062738511588583,0.7030553147631433,0.00039523607599905555,0.0024181788209221584,0.999501081707674,0.00115291628258462,0.6348929271127498,0.9907532751075118,0.5047590731032926,0.41509813426415165,0.42008594023307116
0.007538726143997452,0.5909337532364821,0.5811940456606713,0.5863208839567922,0.0015251147133349514,0.0023983336570863635,0.0002435849771479847,3.809737373864712e-05,0.0007881216744543466,2.5370373301512226e-05,1.5886759806039337e-05,0.0004937347656442522,2.3856330410463146e-05,0.00015317334416065434,0.0015018225482466814,0.0010463363977485929,0.39133592790903937,0.4934359589742398,0.9920238357481561,0.5707333085563213,0.5028256442771893,0.39211464215150654
4.5416596462204344e-07,1.9390647918517455e-05,0.005252878338000034,0.5954891633910163,0.002076973780473831,0.5931622539381319,8.531953536611219e-05,0.0008241987729101884,0.00019606166986591115,0.594125194384909,0.3917176979849016,0.00014849858669757716,0.0006242544748933552,6.436604971477386e-05,0.49873924698543404,0.0023240627764587007,0.9943844112038868,0.9976493269997344,0.9850918762194166,0.650413308789537,0.45496355094392565,0.43179815593984194
2.0645820014471065e-08,6.331368903467989e-07,4.858973725784823e-06,8.46390603928286e-08,0.0007740663695536799,0.9231465622705974,0.45985061544191647,0.0006814138493350031,0.0019071485926295932,4.9844983691565174e-05,3.079214231858587e-05,0.0011781571605544558,0.0004209496753498612,0.29321013216927794,0.9994412405199263,0.9961493295978465,0.010995207316209954,0.9174681913870165,0.9792479608143345,0.6367626372735152,0.5154090873269221,0.39233848669147675
0.0005137126078305461,1.8713617293151894e-06,1.557184126537091e-05,0.8972297344560644,0.0004433233026888008,0.0012755129094052737,0.0007887558408033279,0.00012857824886628447,0.0002579081057556289,0.44793013602500104,0.2947779965882289,0.00018299562339254335,9.1231167262675e-05,0.0005620079504691925,0.0009050256784979283,0.0003292504075499167,0.9996353309103241,0.01929141234470419,0.002319079949073599,0.5243181487664206,0.5468643686729875,0.4935915846336464
0.5913734735686145,0.0020750848938485096,0.00015281958064675385,0.5826379773459233,0.5712455863818583,0.01620576948516319,0.0025433558163900235,0.0009235531883406878,0.00031961010892926335,0.004846846337096961,0.0030155420040908877,0.00019885196795012746,0.0005746076071620334,0.0015890634463281415,0.010083208452332348,0.39736902032330423,0.4952612048297591,0.0001645108715580771,0.0022338415739926584,0.6139796552048736,0.5368674352102119,0.4057398795625369
1.9843580933975036e-06,0.0002868210080370539,9.879808928149959e-06,3.1714570742281275e-06,2.577873638587768e-05,0.448309221066021,0.0004442752293229329,8.172058910734115e-05,0.00016254115371644193,0.8947364212197854,0.704297154018379,0.00023091778284575109,0.00011604692297939633,0.0006335463656855781,0.9995888630355251,0.06220247319398822,0.007007126378878098,0.021833951490745213,0.9956128992512954,0.5264108643201365,0.4930667217146226,0.4953663980635398
0.0002490916019105871,0.0002674180957159227,0.0007344028365564398,2.08901467931696e-06,1.0,0.0014879079208958194,0.00010113662662236279,0.000761498699373155,0.00029464279050329305,0.00022511974415241525,0.00013691895961499682,0.0001792032308869715,0.00046314740181760644,6.151182428030612e-05,0.0009049536724717787,0.999501081707674,0.0016212249733194915,0.7060434048833586,0.5225786971248199,0.5871329289781966,0.5050837228008279,0.6977398396615284
0.005060118446242373,0.5908311137028303,0.0016919550779639512,0.0009977403808297113,0.009886289207986686,0.0009438219180614667,0.5970248091616207,0.6031322435051577,0.0024687367578024697,0.0007471174730352013,0.0004592832419535218,0.001518304565853298,0.3957767616544654,0.5045889444897351,0.0010167523035734091,0.011669222185106243,0.0010750191346064505,0.0018230076013050355,0.994547862120637,0.6858456664472844,0.5261650005406777,0.5191892542957117
3.4536097289729368e-06,0.0005708796822803667,1.164626430340393e-05,0.0005871855946844595,0.559808466818805,0.569442977457433,0.5818486153994593,0.00018934673804050475,0.00036262826628723666,0.002785832650315926,0.0017704237987949318,0.00023045439637498551,0.00012033201612585544,0.39275299201405717,0.49089887536639976,0.9991101438001087,0.5088911906556552,0.01298536003925077,0.9961487341616083,0.5264171950111525,0.5254434429836653,0.47993197063206827
0.5902014893005723,0.0034645444078369885,0.004626373577674783,0.0003827548451353291,0.000540037065515226,0.0015446288325831215,0.0009560764008799873,0.5700501999117099,0.0017663568907887112,0.5784684591332186,0.39091416769224363,0.001370386950711356,0.4889273021173431,0.0010355558413255284,0.001666026301575763,0.000609693757774156,0.00041283797018479285,0.004990041346158899,0.0037369816565973046,0.4633335102230874,0.45048686954153255,0.4867082425601878
0.014086538024039958,0.00042485592476207385,2.4934454245468004e-05,9.025852102638328e-05,0.584446225114649,0.0002530254866548982,0.0025095755712099357,0.5822877503234586,0.0004661756629555478,0.5806437927991522,0.3903777874914864,0.00035967205567744855,0.4987267654260372,0.0027327940616043095,0.00027553297223816106,0.9846516142610067,0.00407718115284209,0.001126361575184687,0.019194901882011894,0.4101778914050438,0.49677411881029315,0.4704042861118901
0.0014039702045338341,0.001341659186444519,0.0020085448868604706,0.45128535242871787,0.860537095275362,0.00213678337407429,0.00012359321703276445,0.001678677617736807,0.0002354684549864544,0.00032519185333602365,0.0002054876655723808,0.00014879175094834626,0.0010607514376299698,7.80982619405985e-05,0.001350229386501223,0.7043102689955045,0.9960588599082287,0.5107302057079088,0.4855546352927925,0.5843004208187366,0.4924828765079896,0.48235475732261274
0.0006522231000812465,0.0003695146756681097,7.0580980390632645e-06,1.0,0.00015277553723000475,0.00046177312747016454,0.00012273856438223694,0.00031809871385256447,0.0005993273944027755,4.338688892418951e-06,2.6813219471280656e-06,0.0003710662083212888,0.00019658593699622973,7.68584329515325e-05,0.0002864524038760641,0.00010344350290520505,0.999518403104365,0.005766080621647041,0.31587059620465774,0.6573470451716125,0.4616006368479122,0.4376158173410279
0.5719853194908117,0.007111494534244145,0.004106330240599181,0.5847288387112394,0.0033272254602853477,0.00492873681900613,0.0012574018038002367,0.578305856151997,0.0007390943273880549,0.0006005731378555507,0.0003816467830724897,0.0004696730739930117,0.39175811525234694,0.0009826680414976056,0.0038357232704558375,0.002710377869753009,0.5069805624142278,0.0045699146634057795,0.007914687006900956,0.4632092303550035,0.5208049185037179,0.49536520469398604
0.009694889957730834,0.0004315775465526596,3.137611434342435e-05,0.5859617960502331,0.001004581763685403,0.0005723301772728036,0.0016587251465152557,0.5816157090045142,0.5871426155297449,0.0019339672552972163,0.0012148536853621161,0.39379135823483735,0.4975801388980031,0.0018094286489583515,0.0006240567445019482,0.0011956076156014236,0.9889241661206281,0.0019591628372017033,0.0270624508425324,0.3952081263786017,0.5237503635153604,0.45627297880379575
1.4547138859559295e-09,6.936212396563298e-08,2.4234705263088708e-06,2.074209148827708e-09,3.535701977866843e-09,1.0,3.166423095116693e-05,2.0738564691872286e-05,1.3897145154621169e-07,6.997374361121902e-05,4.437945671674385e-05,8.821904490497964e-08,1.315302266490632e-05,1.995360521504639e-05,0.9999984623247743,0.001017178138170091,0.0005446475213533343,0.9817084920653425,0.9863697230634076,0.5295494998148585,0.5156702421200129,0.4485310675309758
0.00013118218083829947,0.004114064004070927,0.5761058325391388,0.5810778321332091,0.0071146707996857525,0.0010534317646587687,0.0020245018650998647,0.0007378181290192747,0.0031003179248420996,0.5809099579874722,0.3930036511171021,0.002413002737927582,0.0005739989825891677,0.001581629049920344,0.0008195393069612878,0.006064343582602688,0.5027271839935654,0.9954515631022978,0.9797074416687543,0.5292181296009713,0.44951760850756334,0.4881262366275016
0.5812979369665728,0.015707088470025703,0.0006907557837179471,0.0023676325102081953,0.5503762473000579,0.0013925898078262892,0.5780582202540597,0.0002351701707546629,0.0037834335455982633,0.005991649219751193,0.0038010306956448026,0.0024001992563263976,0.00014919198178971982,0.3926979067695151,0.0010830618098304613,0.49701546799608487,0.002591996700032782,0.0007562182977087252,0.01719773961121024,0.5221806354912993,0.5542179603749059,0.49039270960741077
0.006100589345977978,0.5790755337376996,0.010466524569297012,0.006607408910746354,0.0024973864665470704,0.5746866051265784,0.0003252314597657236,5.347281622170565e-05,0.5809847009669885,0.001163770216191042,0.0007395366931298164,0.39404230778718946,4.171998653176715e-05,0.00025481661940161794,0.49748439821096463,0.0030072044580479462,0.007262100149881046,0.011504719214722993,0.9932934273655701,0.5049273342971797,0.5143118714311901,0.5398291046316407
0.0007852765404927026,1.9661808436966548e-05,0.00010191157167728036,7.05942649763881e-06,0.00014674779775322754,0.0005700433205406404,0.8959874654761592,0.4486987411984133,0.0008209808824542518,7.93364983752965e-05,5.0403314749732434e-05,0.0005215778788460056,0.29556769403949756,0.9992980462571969,0.39155511233057416,0.12193376689662816,0.005673548641621343,0.08213454485561701,0.015936400329391642,0.525708793745082,0.505375996334239,0.4629741884629965
0.0012540450080601518,0.5672051112351421,0.00462634489961045,0.0020599742142849127,0.000494107529273411,0.0015239412276531529,0.0009475382566021313,0.5700502074818391,0.0017572500835366408,0.5784684591332186,0.39091416769224363,0.0013664538939006344,0.4889273021173431,0.0010355558413255284,0.0016561223648886279,0.000609693757774156,0.002288816635634544,0.004990041346158899,0.9985173748327425,0.4633335102230874,0.45048686954153255,0.4867082425601878
0.6029167737037151,0.004836597727848692,0.00022786745013820238,0.0024759586891297054,0.004462965614238637,0.0016450688908370439,0.6029012226321476,0.00403817220536672,0.00038985131284547373,0.5940296319569311,0.3867424463381664,0.0002904540613887993,0.003008603347874922,0.5013050378211916,0.0017369010097901965,0.004932298444940498,0.0026142655806060044,0.00024059746923589444,0.0051068536035385435,0.6741679748194228,0.5794427376979431,0.4365147863785902
0.0005924595088461808,2.079883375339849e-06,0.9066156315132612,0.0008608518806717732,0.4538737943336552,0.0034950853123333616,0.0012482716031915703,0.004193555675890608,0.00024401114539957512,0.0005844270146672509,0.00036695836502489477,0.0001532132148203447,0.002633117392700342,0.0007837895801721499,0.0021945690763982284,0.29548492787348335,0.0006044844447263623,0.9995839761691405,0.0022349028443906,0.3906128520476602,0.5091785492951378,0.4570263105647327
7.92355136143371e-06,2.1662917745605086e-08,0.0033603587579208354,0.5817259453245927,0.001368257011559379,0.5761023771227811,0.0015834537066726016,2.974961896864985e-05,0.5776899384945458,0.0032812029490706498,0.0020840413160844755,0.3914536090554699,2.313247127880562e-05,0.0012364323377799316,0.4969015970162638,0.0016405140973215744,0.9963225759526352,0.9984988807804167,0.0017473537437328775,0.5319300128641306,0.5039505312040622,0.4641140547559572
0.005709608704112773,0.9088216891004328,0.005664028506557705,0.0007475729790448116,0.005125071318163414,0.0008379423147532003,0.0009499669453633328,5.00528804036329e-05,0.45793377440416716,0.002397663690358175,0.0014949931081431182,0.29623309628829564,3.492208172131716e-05,0.0006655852819649575,0.0005846358869487821,0.003917715791707188,0.0005215949018856903,0.003951919225707302,0.9960162012800392,0.47882674239871703,0.37782120156697757,0.4249460228176516
0.4637617290268175,0.0054650571717506655,0.00142655382120019,0.0012235487999721498,0.0013224654619229802,0.00014750589169057178,0.013695249037917545,0.001964556537254346,0.0017085546435549725,0.9251503151202245,0.7040428288457453,0.002344130095074476,0.0026953838973614954,0.018871930248240354,0.00020246917657045906,0.0019000452915067581,0.001679474048509988,0.001958131508484121,0.007501702277528111,0.4912454531673559,0.6223871372852516,0.3588009769694154
0.5940079148874517,0.004250421229746973,0.591691115381986,0.0017872466531345674,0.5421802989347573,0.00033696919460612316,0.0028288260444852558,0.00022050914338910706,0.0005110637485041214,0.00031781263409712767,0.00019690334785694703,0.00031677359393714313,0.0001366182177830696,0.0017600009493498917,0.00020877278632311133,0.3924145719633651,0.0013570569731870628,0.49874792818923974,0.004555252459786052,0.5800689399402993,0.40866714565203044,0.3869249180600019
2.6946346868905173e-05,0.0009082048054795199,7.475125435094515e-05,0.45272300369420554,0.0006080030012159085,0.0011058198466960172,0.001736644391382933,8.483812058781779e-06,0.00027993727379152993,0.9036894031760271,0.7043344751603812,0.0003938168436982806,1.1929788140863052e-05,0.0024523234512979645,0.0015549976118290258,0.0009367223707795356,0.9987180041117586,0.052257276740228564,0.9811170938303082,0.5298496243806069,0.41784563363934135,0.44422365291101384
0.4532989804514261,0.000811754430649379,0.0001497161099145519,0.0002764644548226743,0.00035282966595024523,0.8956095602661751,0.0007530508651104228,0.00016722709378744378,0.004850508288407508,0.00022825960721003656,0.0001447639665738857,0.0030762410092080874,0.00010605792620408095,0.0004796063587507757,0.7017155566345479,0.0005186674374421715,0.00038827006513935487,0.0002102631676489771,0.0011400386736639982,0.5404191194388636,0.5461877051826006,0.4939568969209278
0.00013850984630550396,0.0001493341746413007,0.0003159169104358557,8.661499184407524e-07,0.45822289732406163,0.0006838458101733,0.9404612193295003,6.515750379033494e-05,0.00033953476471961115,0.0018848526713091157,0.0011328325230481329,0.00020406710964615733,3.9160949969371936e-05,0.7008436114051197,0.0009076777563221164,0.999501081707674,0.0014669590474272942,0.6354334569969662,0.5239287095063627,0.6392413474976901,0.5272973379471807,0.6977398396615284
9.976685745828092e-06,6.203514728387657e-05,8.457619820522498e-09,0.0005656917347414053,0.43638844903244606,0.0006518340754267061,0.00010357276694503999,0.00010577842130817669,0.003864139778859617,0.9079808217578305,0.7032629675056565,0.005385414512722388,0.00014742588826347608,0.00014495938876668058,0.000908476920023187,0.9992067325922868,0.929578292711158,8.569304025896063e-05,0.8984860561714378,0.5874649788245242,0.5868301509947601,0.46507066343599607
0.0025252436863462406,0.5875239662737584,0.0013046958703371227,0.5741116811493955,0.0034985761404255737,0.008339507088660663,0.0005760949917601189,0.5768474016432014,0.00043257797771871525,0.0011010076629337682,0.0006904677680004686,0.0002719031957831632,0.3847532843287881,0.0004448780506414061,0.006379812478589419,0.0029214635842785457,0.5008425974230485,0.0014081651907439752,0.9970126044287525,0.5141088710919324,0.6213288459164692,0.4850650213086799
6.158402566526727e-18,2.5369227351026632e-17,2.5304631167654154e-17,6.880021251847625e-19,2.517218377456327e-17,4.0487120512657265e-17,7.105903071862332e-20,5.748354883557685e-21,1.0,1.2178200278279344e-07,7.749457724262393e-08,1.0,5.973803294935272e-05,0.0007415677108167408,0.4648854105380993,0.4130833049377421,0.012045568892735913,0.4900773340118686,0.8483925520174413,0.48523225572516915,0.507524910758442,0.51293456310435
0.0022217586942300405,0.5796607076603162,0.004515652818500309,0.001115463196589781,0.0017104560795238905,0.5776634082989845,0.0011009504506147283,0.5873408854122494,0.0007276466653224633,0.0007291873380368722,0.0004608397002411407,0.00045986612955400795,0.39629773406335633,0.0008564409382507017,0.4988873573640803,0.0018784505009397877,0.001225024015288716,0.00495923661154371,0.997559937099,0.5349489745011592,0.4226457622621685,0.48907366806415165
0.006755070822110831,0.5884144883960359,0.009400056784400443,0.0015105310455732403,0.5842076662642398,0.0015100513016156841,0.003095082870752795,0.0017965510601117894,0.5833543143044432,0.00030492941695725015,0.00019146363183839953,0.3902756746834172,0.001379197100148639,0.002376078255742625,0.0011592641801045213,0.497653486544609,0.0016339601002444296,0.01016861230663169,0.9926918476225038,0.5269329132516894,0.509744857295663,0.3856537126299695
2.6948424595792638e-05,1.7807656903294838e-07,2.3135612979507406e-07,3.576970197277466e-07,0.003533121590543744,0.4542086896495176,0.0032198264870696857,0.0007184119009875453,0.9003559515109352,0.0024851846177755283,0.0015659413360112645,0.701929585233735,0.0010030851961199876,0.004555339763999244,0.9945948219374994,0.9953428722739113,0.00804162532611166,0.005201606029668491,0.004019578401005244,0.5457615338096676,0.4350074276309609,0.436652026166207
0.0045559562817473025,0.9205335007521962,0.0006808704715513179,0.0017576637815091675,0.00659764570962535,0.4682145451738771,0.0009931384900756669,0.004246120802453106,0.000828868435114675,0.004327312015580502,0.0026991133402332057,0.0005181885550700075,0.0026484955994064844,0.0006276813680101314,0.30588794103182404,0.00508453482556981,0.001273614983178675,0.000478936656136197,0.9964873228842018,0.5257111009793374,0.4792130793938792,0.3601401586064008
0.9031752367754804,0.005672982627309487,0.01231350905326592,0.00010099887960076015,0.0020494586228582013,0.00040425313929064817,0.4498985435555199,0.000655299430851835,0.0027642363979923754,6.46541700297471e-05,4.075381532199149e-05,0.0017439633036185342,0.0004130600406682674,0.2952530083691115,0.0002859857458560113,0.0015825453713448007,7.118289790415645e-05,0.00867869440281722,0.004014380439373669,0.4159723518575933,0.5265876544478406,0.45307176803662896
9.522743353976914e-07,5.7990209987031065e-05,0.0017258569094055587,1.220678060233442e-05,3.1005769106630554e-05,5.562992081530657e-05,0.4436438574351732,0.8971174251786991,0.00012600724424632594,0.0007034729732346466,0.0004471069766127107,8.008655564797646e-05,0.7065633262182021,0.9975306540141505,0.02049750708473952,0.011963002349324542,0.004500120596535939,0.9786142167540159,0.9895468185542563,0.5032881798560109,0.5357432867308785,0.48097597611899046
0.0001191617321255657,3.314198678680119e-07,2.4455076423229907e-07,0.0012006768038745398,2.1617220904356607e-06,8.396879531098007e-05,0.44731072531978694,5.775515471716018e-06,0.8964506863440433,0.0005430850239068672,0.0003453706208919327,0.7063585979332405,8.252422009947788e-06,0.9982717935794598,0.04423266712056939,0.001193862668447001,0.9370242204692484,0.0013065019144098827,0.001770601123797877,0.493475001194021,0.48639661445890564,0.471050577109904
0.0,0.0,0.0,0.0,0.0,2.5254887451644224e-17,0.0,0.0,0.6859682815190973,0.39676889040809926,0.33428612574234595,1.0,0.0,0.004067760213249283,1.0,0.24683831557876101,0.3181883319407249,0.5707553288043599,0.6523429949709613,0.4579246357217849,0.49324017011001275,0.4386633720553158
0.00048140384808518176,0.5711368579819919,2.835572604302718e-05,0.5768302908100448,0.002573287018720486,3.4378636522248594e-05,0.0015327914395824804,0.00021170343169317596,0.000471317952240046,0.5852542851698667,0.39252600351268285,0.000364034999596022,0.00016321508984363609,0.0011973901467080147,2.6604499097464263e-05,0.0021736072000577613,0.5113525019197117,3.1482978171928216e-05,0.9994384135432102,0.42364972014556684,0.44290840318200997,0.4449606213297255
0.45246985623404234,0.002271623425542193,0.0001029086640780621,1.365877709994488e-05,0.0009543854128832022,0.0004346026910568237,0.00012408675118032213,0.9006282310683622,0.0028189839563029107,0.00026049620364517725,0.00016499871814610028,0.0017863406336798052,0.7071929851454548,0.00017780772556728398,0.0006201455287512131,0.0014920532945488258,1.9490112844760816e-05,0.00014684341645820886,0.0032542094853266253,0.5450166287729029,0.5284098254330781,0.4525960231972754
0.9041240573661135,0.0006478349779973036,0.01119056040979761,0.0019185688289613456,0.002735066667141015,0.0003019637656634962,0.00025230133548658434,4.143007547073586e-05,0.0009253695176017537,0.44630090116438537,0.2918921787358941,0.0006521090690852549,2.9169638168430323e-05,0.00017838525759571438,0.00021260338534218704,0.0021098077016722117,0.001350813692423244,0.007879191308804264,0.0004579532491965769,0.4724073792900114,0.4614349097459577,0.42190640719303735
0.5735998949333286,0.0020895202394400295,0.5856869969223513,0.00189711604905213,0.0019197402698257653,0.5817492357646339,0.004458389937952607,1.9898810170867603e-05,0.001932688032544521,0.0005059577859258805,0.0003204226372700759,0.001223970551391456,1.2601923982487198e-05,0.002835393368418235,0.39289647328396327,0.001560447022122621,0.0014732359335757617,0.506635252657291,0.002319079949073599,0.5442950868861206,0.4434958499936173,0.5094146150638619
0.5596707655479027,0.0022276861720217905,0.004649267437128662,0.001118038935950734,0.5775703516843709,0.009973896853292771,8.807150665409641e-05,0.0008974585906519116,0.6029738302476679,0.004325221567229826,0.002696896532193722,0.4021999648963999,0.0006934413572865563,6.778123120143912e-05,0.0077067447459595595,0.5245161569768787,0.0012717022124696452,0.005288330628658388,0.0025339568574267337,0.47894732700503073,0.47073821319546083,0.35964346620333
0.0016165198969241522,8.046128712022201e-06,0.4504329189846691,0.0039345540629019595,0.0018897649537745565,0.0009506885115868759,0.0006014743295375915,1.084471877398841e-06,0.9059390691186343,0.0011006240040642317,0.0006922956716479483,0.7063577334866589,1.5326499840140891e-06,0.0008536227961503623,0.0013435803675390136,0.002926133731850686,0.005560728297221651,0.9977152716529174,0.0031687097311800753,0.520065853598877,0.44435338794246215,0.40720731644985836
2.260252768749455e-07,3.932836250321044e-06,0.0034921513827463006,0.6238628902691171,0.006125400544505209,0.00023392821297462337,0.00045508897253048147,0.002842086521092547,0.6200877085827605,0.6221295281253346,0.3917529223908027,0.49832691528581263,0.002899967856174776,0.00046631494125427006,0.00023869406628277193,0.006847952049722934,0.9964364752910272,0.9992790453890465,0.9635956903660026,0.4768059609929233,0.519266276956332,0.7771769916798191
0.002866550831870704,1.0,8.775335509182145e-05,0.0032935990018262955,0.0006399782498017904,0.0009243138465815909,0.0018560713370843092,0.00019533557177200486,0.0005394503930387285,0.0012337853590103616,0.0007823652798457092,0.0003422264967767892,0.0001238658476036573,0.0011819231706759175,0.0005861253634172555,0.000444626384930924,0.0020885399458091623,5.564643575161569e-05,0.9981822512235453,0.5280580645175359,0.4438083708476944,0.49896779661254165
0.0023540860948020187,0.45603377584901145,0.0052672521943117265,0.0023188896963374857,0.00035499065938689704,0.9022389635578636,0.0009042683403992204,0.001433907233466031,0.00023543997937620678,7.659682585677158e-05,4.823432065082016e-05,0.0001482605507031583,0.000902956039062322,0.0005694337794367749,0.702040884581693,0.0005186674374421715,0.0032368659159218716,0.007352620131743537,0.9967137424424765,0.48019853946617275,0.5461877051826006,0.40815032938458606
0.5796179774589652,0.0029621524525608083,0.0007208450393573849,0.0011214677246283778,0.0024918489847161837,0.5776103913521534,0.0010962354091484936,0.5872869802833348,0.0021420632539701254,0.0007291218730846596,0.0004608397002411407,0.0013538871083565954,0.39629773406335633,0.0008564409382507017,0.4988873573640803,0.0028647033074337813,0.0012317384713313338,0.0007917248835269091,0.003253433255220567,0.5339097434521698,0.4227678650117709,0.48907366806415165
0.004793925724250218,0.5787786414767233,0.010350355335988989,0.0014921879168547007,0.005347957066814108,0.001942479360761941,0.5772992101397267,0.0009094059717313044,0.5822865960196733,0.0014876758258015735,0.0009407316545531146,0.39303648991748297,0.0007052549050428375,0.4991924746704578,0.0021277006420139122,0.0064181490731870985,0.0016345634956910866,0.011338548235219379,0.9947477626352783,0.418559743848276,0.5101312948392543,0.49580450321955843
0.005934452318850092,1.632159425079392e-05,0.5805405769293225,0.5758530732913301,0.00014155360921021173,0.0004474195473301026,0.0020311554612886746,0.0007674136546703161,0.5781484840853619,0.001097606529757549,0.0006975274735057499,0.39205943651828995,0.000597451158565118,0.0015765863156837288,0.0003483287491976043,0.0001207408313345479,0.4974028121396728,0.993492491914058,0.0017577847037470182,0.4737191434729692,0.5296089010684029,0.48596491487341986
5.699762352875131e-05,9.954885470010404e-06,0.00023278254044765563,0.009592260970153383,0.5929759070960401,0.0019871546184367563,0.5966265721774365,0.00043124194420899497,2.1009659081583816e-05,0.5929396710692899,0.39086453217469463,1.5899398655487302e-05,0.000326349316904532,0.5019102055087901,0.002133124771645977,0.9896994147453022,0.9840838971948461,0.8449048454224709,0.11007812327790573,0.5217850947961452,0.6508918782160455,0.5771967569355918
6.963419847510824e-06,0.00019027317887036624,1.6256807506598292e-07,0.0003364680384845786,9.512321140617452e-06,0.5800157603578651,0.0007224493908469078,0.5839592097322654,0.0008673143335856729,0.5810633872316966,0.3913477454897272,0.0006708495508586551,0.5021564862781371,0.0007962904764005395,0.9995755123514853,0.017157468561697777,0.6721703848356134,0.0005435594718918809,0.9767120449846938,0.5161535472757295,0.42626076900432397,0.45751701386634913
0.012122742592358177,0.5788398992033624,0.007813298353829178,0.004020497303628712,0.557233416617877,0.003973299574312828,0.0036526395759255486,0.0007570270544933885,0.0027890444186739155,0.5900490596497228,0.39638837579616926,0.0021603216554317017,0.0005863759061602134,0.0028411697911047973,0.0030776708194271973,0.5023181544636643,0.004420380886072264,0.00859081735656125,0.9866691125039955,0.39393747212498914,0.48263264277221074,0.4852673818204364
9.988413582248954e-08,0.0020117648243011717,0.4547642449837067,0.000531643341766471,0.0011948375707356222,0.8997033581912884,0.00013850556770456945,0.00011264487302684494,0.00013531431201894845,0.0014312015406279502,0.0009038021751555921,8.545089464492801e-05,7.113516014327757e-05,8.783431234986381e-05,0.7020543302492237,0.0017507593176705489,0.0007442344052017318,0.9971837695556386,0.999968391824437,0.43755827853355034,0.4634564467031732,0.4463805950919897
0.55786944678216,0.5679224076660996,0.0005008444580391512,0.6189497013090794,0.0008036609747502052,1.462314769504442e-06,0.00091177393700064,0.0002367412939310345,0.0010380906351901567,0.0025023171349967603,0.0015797628679072805,0.0006553688466769778,0.00014945990238128103,0.0005756227079242516,9.231913555441263e-07,0.000507368836513416,0.4207190142003663,0.00040051844335084116,0.5056846596859292,0.4800027556380515,0.5258666569537854,0.4144032699666693
0.0020969101247233254,0.5845027991594489,0.5845017230672771,0.001611583904984221,0.5355922889727337,0.0007850574614277573,0.0027585109270573897,0.005507823192927567,0.0005046312531431659,0.00032261881131907534,0.00020233666936050497,0.00031677359393714313,0.003454356055212382,0.0017373635532812188,0.000494228434776447,0.3924145719633651,0.0012387277648780665,0.49874792818923974,0.9977250766594434,0.5800689399402993,0.4083384902991184,0.4840210401991756
1.5457308982613937e-05,0.0018048171844473558,0.00010015990138499052,0.00027072962902961506,0.5471323296581523,0.0003037158881570263,0.5810122926185164,0.5803134679774767,0.000937579550297786,0.0007196795625949682,0.00045763151203662947,0.0005961904522229929,0.3936148713024588,0.5045889444897351,0.0003376164493597675,0.9979681549390764,0.09464181705330905,0.03529227442910865,0.9945478201215305,0.4992490234785113,0.5261698029863617,0.5217804941462545
0.0012173304158597043,1.995615802901812e-06,8.361929318902993e-05,0.45820695114076604,0.0001147997836293229,0.0005893585223751902,0.0005922916932939337,0.000739782017312389,0.9060539711616611,0.0006885055095862841,0.0004312265531130066,0.7022784183245835,0.0010278255260277468,0.0008263725013939858,0.0008219195503199552,0.0001747497695185063,0.9982191618821973,0.04156119522309863,0.0009971970448419132,0.38578495451197525,0.5313433055379809,0.45087463706522196
0.00014594769589438463,0.0024755262836586222,0.5861552202412514,0.0013374727703222174,0.005006289255784637,0.5703027438962337,0.00018950023052239406,0.5742549947500009,0.003870135475680408,0.006878260700349137,0.004376360146447399,0.002464667856959976,0.38917423963248504,0.00014785982962507897,0.49245294568014114,0.005956957526051965,0.0014526057646471859,0.9972959011684381,0.9617244172644117,0.522084430638202,0.4991022425315716,0.4907663611721736
9.942588504397787e-05,0.0038065681481155105,0.5726886379969425,0.0013318247581863376,0.587899627295913,0.0011191240171365487,0.0005019288644986695,0.03520202860918845,0.5801977150937647,0.001006744953437925,0.000637264611988287,0.3914712383498179,0.027288239121859643,0.00038932842787786355,0.0008680652067345227,0.5083353421152066,0.0014804653838883367,0.9957671112001762,0.983375551560419,0.44162982188014716,0.4633278849369118,0.46878321289598035
0.6320773795292485,0.005087948863216196,0.0006967502671631387,0.007023273957160454,0.0025369150232057713,0.6255570882399277,0.6315439559999453,0.00022332211456586767,0.002761594771065794,0.003564438238621253,0.0020774123999508787,0.0016102210636023198,0.00013015662858824686,0.39436925037769555,0.4966662030832073,0.0027991789194503295,0.007073221842370383,0.00070173441003866,0.005124402478646933,0.5131148686205507,0.5896203900898187,0.7900252287229135
0.5894510308702225,0.0028469619237620407,0.010541736667488859,0.006725478445636562,0.0025372484155539894,0.5751989870647989,9.968457122020508e-05,7.601508539482547e-05,0.5867534801901005,0.002706761629322693,0.001703894111585641,0.39404230778718946,5.8750536091138595e-05,7.73684828219432e-05,0.49213111981181196,0.003001568121168532,0.007262100149881046,0.011383955663211653,0.0030747561102847246,0.4620728505635824,0.5910708743099435,0.5398291046316407
3.893578121583476e-06,0.0043208081188971115,0.6129926514388954,0.6001001073258113,0.009146648274318518,0.6066863218860007,0.0019240478478670326,0.0005724327840029524,0.0017047328929717318,0.0007594380832028222,0.0004601240738147125,0.0010328546085902177,0.0003468228890888066,0.0011706403674482952,0.39185634169313377,0.007104678508528673,0.4932264622147695,0.9955127236240049,0.9994263276502167,0.6967395355939253,0.48662962124246223,0.39109463358075996
0.0026449512349975782,0.44850776910592455,0.0035376409863543666,0.0003502958630480195,0.005028204224691387,0.000411920441496154,0.0004615698265182155,0.903794400723359,0.0015506280469991221,0.0013841152847181492,0.0008726260102018091,0.0009794015055585585,0.7057173562027728,0.000661162357606736,0.0005845175869079707,0.007788138289840127,0.0005101619486813536,0.005001519583734178,0.9960709319222673,0.47882674239871703,0.48951581960436025,0.403998923522656
0.8978148496716089,0.00044526188434304684,0.00021850957824944085,0.0056303029897958505,0.0021632541170195844,0.005677323685030238,8.323811988918536e-05,0.00026645871442514677,0.45165639957506387,0.00016730462610812225,0.00010595453247649503,0.29694309695095517,0.00018893150535428125,5.9268074648122226e-05,0.004040678463500733,0.0016805446866123264,0.003992264855526669,0.00015494007258576347,0.00031696663689232806,0.5357758971514355,0.443756009079727,0.5281755252804564
0.5801739445977605,9.331323446243614e-05,0.010303942725380114,0.0027102792961282785,0.5828422001897763,0.0017415717757212883,0.0004822122424104066,0.5759830244762184,0.003755145245975489,0.0027155442385976072,0.0017217252743666244,0.0023808705530730507,0.38893952436555523,0.0003732578888512287,0.001348070221806868,0.5014068969962302,0.002973475084942526,0.011305237146495395,0.00010239179150195454,0.530984982917794,0.5110649148297652,0.44513746040281305
9.22038608367546e-06,9.302365562437265e-06,0.0018869595999951962,0.5783715535958741,0.0014232865473497924,0.0005294811620670761,0.5776651035177665,0.584729565063288,0.0013044725171734107,0.00024527168795636687,0.00015514407727321915,0.0008258719771575544,0.39466310412822936,0.5009449162036076,0.0005828002111374075,0.00171640978447724,0.9979229604666058,0.9955724154819422,0.5040669672396749,0.5266270777914759,0.501193225188956,0.4242378425621616
0.0016932856114082787,5.405365758217068e-05,0.452430990253147,0.0008688600972380554,0.000854767704285757,0.0009528899203271008,0.000605342120052589,0.9053095218591293,0.0010286883700256798,6.810092973676649e-05,4.283734552572527e-05,0.0006473592191596929,0.7049550688297977,0.0008553557074695494,0.0013408033693541044,0.001317741487115276,0.0012225708922681267,0.9976161502645735,0.02039534720792835,0.5260167537602292,0.552506528178206,0.40706810986293573
0.5819115820272979,0.5966733397906239,0.0015989452192754472,0.0026290462405820112,0.004258016697405105,0.0010124839184043704,0.5805201285425784,0.001409463627805075,0.0019573104700915745,0.0005411603011761648,0.00033905144494155966,0.0012274097938389605,0.0008830687786768043,0.38581314011259565,0.0007717968299879585,0.0035561779974089035,0.0020041064565081354,0.001218871289317243,0.509222235931432,0.5330837663426629,0.6185595771064812,0.4690403144082347
0.0003001835448582762,0.0005125098007531917,0.0002403456902551519,1.4092725492043214e-05,3.5855951786993817e-06,0.0006742544818127773,4.995210955176673e-06,0.9122137997890414,0.45463908335127684,2.0504632300464624e-05,1.280735764262335e-05,0.29434708280448263,0.9993507803649355,0.0034328263628157977,0.5161413405492893,0.0037280500341779453,0.013999935449654749,0.24478931805165152,0.6626883154024074,0.5548281193559952,0.38228078444437663,0.45134879703184005
0.0008065932312134312,1.5740080345271924e-05,4.479824714796837e-06,0.9063871185136412,0.0016163175314502533,0.003692330137989394,0.4523956463538204,3.248424320561894e-05,0.00015208762139353463,2.1277168834180377e-05,1.3360088938880479e-05,9.558269338363662e-05,2.0397092618434746e-05,0.2957857752879531,0.0026031353103805784,0.0012438017139706262,0.9994191727507228,0.0034487567489755455,0.012165890371711924,0.4778745488045379,0.6052126333003529,0.4518727637851685
0.0030984179565367665,0.9115387857875403,0.0027820428632191903,0.0001718106183864787,0.006437705285031235,0.0005041517972987268,0.0005902197028566787,0.0018264703142122584,0.0009634045961658354,0.44062527155780196,0.28566019246835544,0.0006717154763923154,0.0012705537837663476,0.0004160204546350254,0.000353353133282136,0.005123284547901452,0.00012312170974214734,0.0019353509488041582,0.9976374496744258,0.622115883247751,0.5177038977750754,0.5221618568317198
0.0038435924822621337,0.0037388915569746646,0.5822397046359755,0.5787657559668752,0.5781589568361837,0.0020772848145423307,0.0013077001187393473,2.360822148939483e-05,0.0011120482052331749,0.0003102269120193995,0.00019668431168770112,0.0007050403398456843,1.4967656285198503e-05,0.0008290845393264328,0.001317004488227932,0.39060551393337717,0.49808162061540073,0.9941372154680218,0.49120994609999385,0.4934547807496732,0.561078036809124,0.481119112698905
0.5897248556619957,0.008415234080490566,0.004634686291179146,0.004247786334338839,0.5516846658439938,0.5837997241527987,0.0016264519482230304,0.0005413581282588692,0.001944693950571724,0.011426391352453874,0.007194633831870995,0.0012245305427265774,0.00034088161360081644,0.0010241424811813303,0.39189280213825817,0.4932589636169701,0.004584882641969594,0.005002624225078294,0.009083796907406794,0.4206089590872766,0.4390309215141439,0.4672934084641798
5.298684322552642e-06,2.5081424168065243e-06,1.0408738639496205e-08,5.0186494050098295e-08,5.680099313494011e-09,6.808787975915032e-06,0.5823015668511418,0.00025771204949385845,0.5746971241323146,0.5824207912714263,0.39384975792243737,0.4958158077176503,0.0002817519046718613,0.9999901769312306,0.5474517972253641,0.0006168073721928501,0.00544986726235791,0.0011303371672065328,0.28145138097166883,0.528971485612972,0.5309377087806577,0.45022701265817955
0.007128034344484004,1.988427385172131e-05,0.48503524706016216,0.0003974425336071559,0.0015820129964402032,0.00662693180340279,0.9675301039466195,0.00021814402006388496,0.0027853622454453316,0.0002864539526594964,0.00016792245449975221,0.001632811780864829,0.00012787884588433897,0.7051814667395514,0.008696459906069043,0.0022747139258106966,0.0005215959089534051,0.990644930147249,0.001775901804858461,0.5528011013154207,0.38188026621822135,0.7631551652073397
8.32167532784318e-07,3.1682372141285316e-09,1.2124009747689314e-06,1.9637883452293568e-10,0.0013904082472937518,0.4530762811490687,0.0004054009307232588,0.8998681466223227,0.0007206289008909383,0.00020863022089282737,0.00013183020954123944,0.00045555557407010966,0.7030553147631433,0.0005720250562996877,0.9978595331838943,0.9993854605333746,8.501662763188422e-05,0.6170543246964613,0.002423733959205532,0.5047590731032926,0.5362551778475598,0.42153498747882173
7.699107600139235e-06,2.0866565787204863e-06,1.6434133653996216e-08,6.211775872801634e-06,2.541224706330687e-08,1.1742104437977437e-05,1.0,0.0002955080290640967,0.00010250135608331518,0.00022815824701498738,0.0001446412541581954,6.498088573009264e-05,0.0001873377538259603,0.9999901769312306,0.5474517972253641,0.0016749058770838764,0.421207594478809,0.0013115776837078078,0.16849266631837861,0.5289715255169212,0.5295442111676101,0.4500318768984612
0.0006392351040102576,0.0006594699826754706,0.5817592875638513,0.001362350967364911,0.0014322421692842173,0.582025791683872,0.0015915712150118486,0.00029249805729439745,0.58117298813065,0.0016759727372138153,0.001059060084036139,0.3914536090554699,0.00022627828935277617,0.0012364323377799316,0.500143458142873,0.0016405140973215744,0.0014908174481634172,0.9989949568934434,0.5099182498945483,0.5319300128641306,0.4615996791783427,0.4295496772261349
0.00017950123592215233,6.318576384623071e-07,2.181674522792196e-07,0.4632231205356732,0.0006362177445879994,0.9253564424355265,0.0004521297826289613,0.0027864551439922653,0.000787625682560624,0.0003387382368596689,0.00020776344463973258,0.000483520315224542,0.0017090612720129048,0.00027847988867862666,0.7054898770729163,0.000957974866209567,0.9997533049989782,0.0007737483112365789,0.002249753007474223,0.5264965457947128,0.5153640123408941,0.6923771598141487
0.9124465443020505,0.0036235747328686074,0.0032462746191919034,0.006870937049425293,0.4361628737792579,0.0005290655340087069,0.00023909694332904994,0.0042062326824971,0.001373297837822335,0.006025980583416703,0.003759769835147607,0.0008568473302271462,0.0026244209592902056,0.00014980999142214971,0.0003301050482362061,0.29533272390961174,0.004793737847806678,0.0022649190862689267,0.0025281779070256416,0.36560479751917613,0.5090842320870026,0.453039558299112
0.0004410766842311658,0.5890324206290543,0.015407189327436444,0.0019887154520001984,0.005926704652990619,0.004186612188228335,0.0010642967595470287,0.5878949086271624,0.5811373900556701,0.00044124819005833917,0.00027666517478021607,0.38814146733547555,0.4992460624629357,0.0011546193548999167,0.004522919619839527,0.007015268872385876,0.0021486381613465143,0.016648120319639526,0.9995232892520101,0.5296498287728046,0.5266450164500056,0.3827647290112919
0.00014436809045983908,0.924539457378563,0.004882382215698257,0.0013344495748258667,0.45121100916202356,0.002663775413889284,0.004059520977563311,0.0001495885688692536,0.0007915687896369435,0.0036849170554223987,0.0022802271002743844,0.0004898250016203501,9.25658472962431e-05,0.0025120500820600463,0.0016483667631970425,0.2890425196255356,0.0009188623935238538,0.0033618815279812253,0.999900590959742,0.6243155860981863,0.38630286497866173,0.5204428222055458
0.43782701567944016,0.9200545018014522,0.015004111271882465,0.015437876362298339,0.002638685712724072,0.0033965990728604275,0.0017401367030037982,0.004303808358284956,0.003568320556770044,0.017780578321413984,0.011069925458667772,0.0022238076453364774,0.002679781875726823,0.0010880697880840673,0.0021149241961010918,0.0018001104937151102,0.009612977273049689,0.009343922684177053,0.7182082823100753,0.545568460362843,0.3820404519335414,0.5812585623462486
1.736583617720224e-07,8.475597583679089e-05,0.003621830962958575,0.5684730030458642,0.5252855368781919,0.0010899948674520973,0.5751160272019781,4.132574812957618e-06,0.001490380853373246,0.014028158796300979,0.008871376434523764,0.0009443058255710004,2.613603177727651e-06,0.3927299653790076,0.0008483182903597984,0.4944641906070232,0.9960615681330819,0.9850463187592269,0.9986348760860708,0.4839506750766839,0.4442642019690316,0.44216668513236645
0.00489283020504772,0.005252866344106427,0.00011529813672190872,0.00765674205086675,0.9002959418337398,0.0012986591895013358,0.001699487736849057,0.00017063795549742346,0.00024779715988180285,0.45822915830756245,0.2997040864332591,0.00017521060812971366,0.00012065344453839093,0.001201662156703218,0.0009182484598865563,0.9925781946753045,0.5204698542100588,0.010224096021821172,0.5225819867061595,0.5052848796110414,0.4614681418553695,0.40648240050035295
0.0020895426403446655,0.898290032542307,0.007162297639348604,0.4382749280278022,0.0034045608831948116,5.833278906389595e-05,0.005340786394874137,0.003490920982515459,0.0019225787683503017,0.011860733219520341,0.007529807112805487,0.0012217064316069673,0.0022163291682965863,0.0034050803498578423,3.703522201084226e-05,0.0023682258661434927,0.28798236713498404,0.005055928006351009,0.998524941400298,0.5231109620908928,0.4640569539474326,0.46865806782237096
0.0002170099220354685,7.306284460606277e-06,2.7324415550041267e-06,0.004329009012184813,0.577521513735196,0.5676438543717442,0.0007001481847756331,0.0002852310747738664,0.5906696655454157,0.002113327461532784,0.001342259783679797,0.4011912027066981,0.00022423386198736712,0.0005504202429999618,0.4944999891536016,0.9952220897404743,0.968092869084265,0.008010921679859395,0.02142560498995999,0.48792288470695677,0.5303596848567564,0.5355285847781427
0.4498674775365137,0.00477278867383547,0.9075749908961568,0.0038440299346362565,9.486536471651887e-05,0.004868344241141797,0.0009115585107000297,0.0016837590927621562,0.0007681983675609871,0.0003128394941295798,0.00019660684075066434,0.0004832149589459947,0.0010581746241895547,0.0005752895493878036,0.0030595736877800867,6.5320494734339e-05,0.0024158545701073704,0.7070219563713339,0.006780411282469751,0.43962245560188745,0.5130733233888539,0.40424618237484555
0.5702366235168274,0.591023815415538,0.5830308859036134,0.0060256162592799605,0.003132437325873881,0.0003568509316184841,0.0024522784836348813,6.648217620756012e-05,0.0019167800403423582,0.00039593095971954696,0.00025025437931806415,0.0012120672261733065,4.202118161657495e-05,0.0015565294470719286,0.00022555433379879434,0.002169233948806799,0.003808648920452906,0.39301751679505176,0.5113946223699724,0.5371315772754148,0.44454540650534385,0.44754886824304113
5.799671384742896e-06,2.76875207040949e-05,2.9052156233428446e-05,1.6414581909675077e-07,2.7743550920673155e-05,0.8958457762423903,0.0010496021305721533,0.0006579313660488739,0.44827245778213276,0.0007307132517832786,0.00046437693134906077,0.29536569359158726,0.00046754895112076876,0.000745884146999911,0.9999645565176771,0.39564708537506565,0.0025770447741096936,0.5084787705905647,0.8685486076916653,0.5259963604599341,0.5081862063639112,0.4683674761205021
2.8587205511829404e-06,0.0005834107241058595,0.000583711196393981,4.570184353423933e-05,0.00013811994700939096,9.93452455675156e-05,0.8963663017084572,1.131557874011985e-05,0.00031775229859545704,0.4451117653407394,0.29235584468264,0.00022472894128158696,8.002894541406344e-06,0.999401571035467,0.07491829280477469,0.11527715899436253,0.03521815856271365,0.5001600746986463,0.9968805793481711,0.4422887880836757,0.5254220104326645,0.48577959016048505
3.222619812652833e-05,0.004741744821700906,9.007653883070436e-05,0.5781313027560616,0.5526792836494633,0.0013172305187897592,0.0013572841406573229,0.5847751709458702,0.0014686690055534398,0.0005191005613354001,0.0003286852792366629,0.0009299356092373839,0.3951605062233908,0.0010609309940781985,0.0010253087169322182,0.5001916584262419,0.9947775962102043,0.012091811675936546,0.9956734240612307,0.5680484143515468,0.4795260020717368,0.48052743423406996
0.005797870454592125,2.0029543137167773e-05,0.0001421902745122907,0.00011826565749983429,2.7001821894838105e-05,0.0028819312929031227,0.5791698014884719,0.5812582303409295,1.3209651612567184e-05,0.5830006594092153,0.39262570665432045,1.0231406532938529e-05,0.49978905192628864,0.9929102516514978,0.2935380017732117,0.003246656103687545,0.012980066719090633,0.015609603474046663,0.002199282058184704,0.587502557446196,0.5017801776634623,0.48160932296164083
0.002330866759198022,9.035831131259862e-05,0.0024082061357135138,0.45408017753605595,0.0006915465932352381,0.0001728099183198524,0.8975329179850422,5.2929353394462756e-05,0.0009712939992591887,0.0003935480299175499,0.00024824702986182227,0.0006129556248887629,3.33874407601217e-05,0.7028931845729681,0.00024227239916123106,0.001062223111217999,0.9953312604003085,0.51462126323641,0.02511469332065762,0.5254740693349984,0.4359379921927057,0.43302504092618954
0.5775175131943195,0.5855167471618208,0.025143680109310885,0.0077449329303988425,0.007652404429847452,0.5790418624718383,0.0006229840152489381,0.0003571464576699043,0.0007415629405425382,0.0001013779996973361,6.414248208971472e-05,0.0004693988530247925,0.00022596882083436386,0.00039582498964746155,0.39037142544796344,0.006486522242158067,0.005992310352019911,0.01945745000747995,0.5043785384340934,0.5251255811683301,0.46116040554219334,0.4363937887278915
1.991079866805593e-05,0.0004232316100716902,0.571787149719157,0.0010876677811839516,0.5428774194267569,0.5938324060625625,0.0009047293464556224,0.009499885432093937,0.00017229136252673517,0.0002699502557229239,0.00017163562373492553,0.00010954365001296796,0.006040162044606445,0.000575257104389979,0.4041914828960216,0.4980180729115298,0.001210992220319591,0.999528258798324,0.970072487539096,0.48756248527340595,0.5335421420726042,0.4984828197149962
0.00191266978670507,0.0019604698961378196,0.004749264628197839,0.00020544856899584813,0.8607050393191418,0.0016915084745234936,0.44348577664768213,0.0012261253436869491,0.00028231662322061304,0.0002685387832626149,0.00017037805023519757,0.00017911959312527602,0.0007779319922053278,0.2902101062929161,0.0011952589002987204,0.9961232264099209,0.02384544127698096,0.6669741180386037,0.5078564039647578,0.5250221164106876,0.5237485869782718,0.45300508539349815
0.5741974086302545,0.0029877319202089897,0.00030326342176424556,0.58316856102198,8.399136872345151e-05,0.5777632962277314,0.00073079887075334,0.011234813842160705,0.0004407352517989146,0.0022569912451727986,0.001434167271395068,0.0002800583141437218,0.007139136618480712,0.0004644039704027206,0.39133831663357993,6.533457929906185e-05,0.5049302130140909,0.0003362273256215676,0.003312505457075893,0.5216308645223907,0.4635954524187086,0.491343516890762
7.194579768681195e-05,0.003576932638859136,1.0,0.0002215136822559008,0.0018655123185391904,0.00030125516751448926,0.0018144006422512974,0.0005730826905538171,6.942751344242285e-05,0.001123963538782565,0.0007110455704806432,4.7512870711001985e-05,0.0003625456584509418,0.0011747829087959685,0.0001927446982263603,0.0014814322010123595,0.00014507574145672386,0.9975625264113731,0.9869693147602272,0.5290906875099769,0.4429050719312718,0.4529750599722585
0.006823838457861391,0.5902953283257723,0.009662326393553725,0.0015131549159463132,0.5599213035232548,0.5862398633236826,0.0037825743383126443,0.0005676631247247783,0.00526581016155417,0.0013974924020900713,0.0008741610958036349,0.003293892550439355,0.0003550903019459209,0.002376078255742625,0.3907990920762925,0.497653486544609,0.0016315712255521632,0.01041896758263784,0.9926409768442067,0.6291390557954019,0.5097642589601419,0.531161453457635
0.007929881799318061,0.0005290701229200118,0.00042885455861359407,0.5833664956552436,0.0001635454691374895,0.5787760647900115,9.810098544658097e-05,0.5775467709700268,0.0005851245731962058,0.001934170306885647,0.0012243354406798984,0.0003710662083212888,0.38942521323462215,7.68584329515325e-05,0.4986497330254696,0.00019552007664802584,0.9908777802035048,0.03267301481834052,0.04052957997198697,0.4791625633239633,0.46273815996345613,0.4376158173410279
1.3007620237326004e-06,3.902457879912911e-05,6.966265465917721e-05,5.3506379880373034e-05,0.5651529144864069,0.5851436097006116,0.0027072942506644153,0.5776935492631726,0.00029003844509632476,0.0001523259014257547,9.573391344248493e-05,0.00018228361510853175,0.3863523007697132,0.0020631736394317313,0.4965311454300758,0.9998965499315634,0.37580480799256866,0.6747684561737813,0.9787881284079318,0.5933237530865583,0.4555866060406584,0.4523736639388539
2.484070117909474e-08,5.089662376276596e-06,4.798924449368322e-08,0.0007863909811336746,5.7625494448748734e-05,0.5850819371031246,0.5854538319731993,5.680587585968955e-05,0.001081916752997667,0.5888350399480882,0.39424691186932953,0.0008338028628075093,4.377871856178687e-05,0.4989402517108053,0.999141807910389,0.04873344311603556,0.9958795088617504,0.006002290628406029,0.9968929263285768,0.4503514768835325,0.5245502471557888,0.6066653912065497
0.0028994611358034448,1.4092197352528633e-05,6.694462616112389e-05,5.178849772546239e-05,3.5690264275008485e-05,0.0027444246224982436,0.5784643670493008,0.5769256941811368,0.5805217437209774,0.0006021825989738055,0.00038299283301231296,0.3940669607543872,0.5005100217981923,0.9955862503671866,0.4823485876875888,0.008581338073081424,0.011366562338329778,0.0146959027688848,0.0030941269463355624,0.5196418425589352,0.48016878986233436,0.4864655084801796
0.0036320011288467737,0.5793998022401987,0.5869167986666539,0.0011942153835850621,0.0020407085904096856,0.5881700673695659,0.0003774825113366864,0.004315377300212344,0.00258159216742109,0.0004963710091072573,0.00031075224697852516,0.0016199166210608773,0.002701651871392512,0.0002394583601848829,0.39606792827881543,0.0017985910808400287,0.0009477489065868308,0.5028461689890152,0.9956430852199608,0.5032181779827904,0.4295483009973449,0.3908569391527192
1.8822402805769293e-05,0.009462398211892688,0.4539515080169983,0.0026766361733679377,0.0015382219523097439,0.00024495583553386317,0.0007327175321396468,0.0018847459375320008,0.0005844173186597122,0.9097213570422479,0.7052768920735961,0.0008212576407728314,0.002642493911951649,0.001040927274747307,0.0003460338342666514,0.0024672657892992346,0.003865885531082126,0.9866796925045006,0.9986174164880653,0.48778164621383624,0.5169574533074452,0.3722966571875357
0.0008314510567603103,0.0007419242692476558,0.0018229575215858917,0.5849988745087455,0.0036203024573185217,0.5844525529316823,0.57996566202776,0.0002363860786699085,0.0020485447658123972,0.002922230998042843,0.001839285490208149,0.0012905399446794211,0.00014878481267379328,0.39063028618707785,0.499693154931877,0.00431637527142828,0.9976738013113189,0.650208463705096,0.46505631880853726,0.4280664753772206,0.5766817744253273,0.4800137832071749
0.0035228454830772047,0.5714860520413012,0.004810523890396323,0.0075692421171453805,0.000814322672858771,0.0036152195817492918,0.5648458182456976,0.0007586633685785632,0.00041270663933737036,0.575088246095379,0.3874010253615168,0.0003190424023711146,0.0005851396256823108,0.4877711013112428,0.0038989281883968557,0.000997189546176093,0.008346497284397902,0.00514972997489016,0.9958662803339088,0.4268757802177867,0.4967622616448248,0.474728427705857
