obj_0,obj_1,obj_2,obj_3,obj_4,obj_5,obj_6,obj_7,obj_8,obj_9,var_0,var_1,var_2,var_3,var_4,var_5,var_6,var_7,var_8,var_9,var_10,var_11
0.5920976428098303,0.009457410012866352,8.005411628654745e-05,0.0020738885879084948,0.006493049460137905,0.6061013911241999,0.0004908215103105458,0.00015771830656157674,0.5674421327824948,0.0009613408758976026,0.0006001048087392517,0.37563961319968653,0.00011848883265764933,0.0003687388800400655,0.5073783756774919,0.006980074173767997,0.0022295388254588676,8.90423019328625e-05,0.010167684905981522,0.49423135831668136,0.5582606449123513,0.3719032626521898
0.0034998998183942524,8.343757281424288e-05,0.003565587654840766,0.8996449395961674,0.0035035256967304988,0.45157863269495946,4.447637420143144e-06,1.992668198982932e-05,0.004833562380066766,0.00031786749240311524,0.00020102364620152137,0.003056821232248378,1.2602045435719002e-05,2.812777806478729e-06,0.29615444101112554,0.0024791616527018922,0.996322099995945,0.5024008408350976,0.014509172056434982,0.4457076964266934,0.5566826502780341,0.47784557288664564
0.005451726867489263,3.813215468124217e-05,0.4375120108141802,0.9028000225313583,0.0026896152632052603,0.0002280039893174952,0.0004072265679043782,0.0011588169828199233,4.711074153432038e-06,0.0005132299844125501,0.0003232110858860519,2.9668405391314323e-06,0.0007297753852062753,0.00025645470171372096,0.00014530166476873737,0.0016938122497305052,0.7043978140791385,0.991292952232569,0.003920893384289373,0.501516680490976,0.6034694187702047,0.5136553010330236
1.426236540710796e-05,0.45940127005757786,0.0064769484508092525,0.0008334408814187991,0.00019362604766917803,0.0045940970529694015,0.0010472191539659156,1.926814818595846e-05,0.0012804411924801434,0.9188403098164716,0.7048010135352561,0.0017740919681225543,2.669670082223216e-05,0.0014509604347937894,0.00644139418217981,0.00026829017561415735,0.001157576266349432,0.009285576851665034,0.999977554651894,0.6492638924158675,0.5703185630394225,0.5097931915034178
1.7197364797918054e-05,0.002861590516599196,7.4030070123689546e-06,3.949567012520347e-05,8.990776478017868e-06,3.0045743999747113e-05,3.806007913014873e-06,0.4487727405899853,5.381827782812174e-05,0.899775680025588,0.7054590792173757,7.6343948183259e-05,0.9959399329500628,0.000846573164918058,0.0066832238336263505,0.0019999397564884084,0.008785862756006652,0.001703932933729334,0.9959987364563309,0.4797972279557269,0.5710973314339872,0.5047636070252896
0.8942988377867359,0.017526240815946288,0.4401628878270347,0.013830198208527935,0.0018013743900520854,0.0020234356956365346,0.000379772770451899,0.0015722189813550697,0.001095217915371962,0.001676080418040039,0.0010629558673212205,0.0006945786189140492,0.0009970897600829571,0.0002408493115344829,0.0012832501048563292,0.001142422391476272,0.008771327637784284,0.299800104889559,0.012474715233275424,0.49629076442961767,0.5172759718189565,0.44069353213044093
0.5256138189788562,0.0005117274492376437,0.0023028629384631988,0.5814397185229156,0.0025770709353517694,0.0015322681543161075,4.510505527144934e-05,0.5905032962706471,0.00034095448796693186,0.00015295250065574284,9.654069545563828e-05,0.00021520396283253654,0.39817092715888663,3.511701717049698e-05,0.0012072049082331054,0.002006412726153539,0.5035894255093297,0.002638295936983896,0.0005666506075521654,0.48596974350108185,0.5851610014571562,0.5341724252759623
0.00012830976372982868,0.008524104140831226,0.00081261487406227,0.5793944318123089,0.0011178376971562516,0.0012841185775836971,5.4080281881890656e-05,0.5880580306128949,0.5860333591151422,0.0012677092419820983,0.0007951162145598152,0.39184108660406225,0.5055828569703427,5.927341104235194e-05,0.0014788492818892732,0.0012537029157836822,0.9904120539341252,0.06133612040646741,0.9893453395749936,0.43348018744041467,0.6007713252233133,0.47931601692074743
0.8638115672297961,0.4296458005226603,0.007582267619319312,0.017939544861749316,0.0016960304971064242,6.942577619796051e-05,0.008332918559712467,0.0002398972240736335,0.0003175007725062265,0.007982530338274412,0.005078656603308006,0.00020200507370908178,0.00015263099405945645,0.005301755259116001,4.417263667662552e-05,0.0010791118089070995,0.011414789188767802,0.004992153099228448,0.2826089707492381,0.49351708131771443,0.4987631675828923,0.4756440153288385
0.0008133151875893408,6.630586314534094e-06,2.7181949989413004e-05,0.5796947867980118,0.5771309547278715,0.0033675591441513983,0.5755043579434477,0.00020621653666913316,0.006897700787845367,0.0018777423820188622,0.001194701819201647,0.004388658797484661,0.00013120725132440589,0.390135028912922,0.002650552230362855,0.4982156683616946,0.9989863464174539,0.019377197903197613,0.004570027974785316,0.49436781465953694,0.47946570761013146,0.48824236553378897
0.5295379514393335,0.0012496141403690539,0.5691664395202973,0.0005534131637977634,0.009842334345323169,0.0011581391202381008,0.5839537682498905,9.31264244196411e-05,0.007211125195311801,0.014950944417128317,0.0093851574317807,0.004527006254062317,5.846397075016062e-05,0.3906620488470782,0.0008999425757353827,0.007558038792694705,0.00042549049333205245,0.5029260649366338,0.0013634150864431775,0.4624562447040174,0.5604702993388375,0.5955625670399691
0.8121189147583667,0.010947800217559355,0.001644520643803264,0.45217142169553487,0.009142635739290033,0.001502479506404632,0.00025284746595926515,5.472818373796611e-05,0.010106215338144054,1.878345887536466e-05,1.1925024730957603e-05,0.006416225519964153,3.474695993508346e-05,0.0001605330246892994,0.0009653128141221105,0.005804752755227183,0.2978434877775098,0.0012103693481922552,0.007788171218985951,0.45312173085307333,0.4938088722023839,0.4771370292641243
0.0032162217543611113,0.00011625045093958189,2.241940625858696e-05,0.0001348764453600846,2.7863959705470842e-05,2.2503636082818102e-05,0.5763939848140752,0.5817786136105224,0.5772986028425569,0.0031490858762035965,0.00200078270240461,0.39089291417704336,0.5029533736500017,0.9959608123694698,0.003964149355373633,0.004850610536979687,0.02339183534441225,0.004044340580937739,0.020413345832874352,0.5016965664230962,0.5421963003725964,0.5145354415162796
2.0261350337721e-05,0.00025551574450503005,0.0008485423002664187,0.8957490710917817,0.002106328593586374,0.00027319617241332094,0.4546645246454644,0.0014234794384324248,0.005309381433551812,0.0007391644067946835,0.0004684349584100889,0.0033647614476005343,0.0009021229683870474,0.29901524425138704,0.0001941632024124863,0.0014969898407655264,0.9993499878302009,0.8191085493755887,0.9473247630822453,0.5264595037667918,0.5506116838919443,0.4640950381080696
1.0398404977988198e-09,1.555997090708956e-07,1.1466238255713573e-05,0.5897109064485466,0.0005325458209870153,0.0014492289038339347,0.00028543764211873864,0.002965808659471659,0.5815885763309248,0.5830926747333447,0.39014276451795254,0.4948228245661797,0.003195732438007484,0.00030740934266889307,0.0015983257586156632,0.0005843231085915215,0.9999872111133548,0.9914798685519257,0.9952693680614424,0.4636447468529906,0.47287705235266525,0.3919067280265271
0.0007714726207789507,0.6178628498116361,0.5932732994261514,0.0007370208870996566,0.0001625805299418223,0.0016059983116518146,0.0004103126527918437,0.6220752921316015,0.0011108492253505547,6.523136795800152e-05,3.8800587409170426e-05,0.0006607497528831336,0.3948533842975557,0.0002999232038005419,0.0011879388381460345,0.00011884050337903794,0.0005393674534385686,0.49790645762088004,0.9990972757244976,0.7623839607543067,0.5140037586041178,0.5352245249994104
0.44100959616041274,0.0019344151646741965,5.764164404775216e-05,0.002473549910211239,0.9091549846201491,0.0023657689620847954,0.0010021139630855295,1.996764835325826e-05,4.8197431061287155e-05,0.0034047211137733283,0.0021261174132764654,3.009755426417501e-05,1.2469074950532941e-05,0.0006257840636766936,0.0014773392797015879,0.7011117790299886,0.003414101570804657,8.231473794495514e-05,0.002669997705021243,0.5914567803276819,0.5868594035974734,0.4403097064855526
6.904185378107167e-06,4.931928209448471e-05,0.5635508190644064,0.000388892909181696,0.0013483673449649041,0.0005985815149411663,0.5859698547528844,0.0003893798574322331,0.5833007378955757,0.000626712128182196,0.0003943580703173232,0.39120085140054517,0.00029987503079277947,0.5015826788614394,0.0006613649300125403,0.001472221225424815,0.00042511322479618646,0.9999455135422645,0.9025691216581767,0.39597266255143815,0.49462320615771044,0.5293741050468243
3.3735374298016336e-05,0.0024181283080457593,0.5684196605581113,0.5848297346672796,0.00451314363446733,0.010095724603739883,0.0011311552413778283,0.5822575527761551,8.07604611542973e-05,0.00018988751664340402,0.00011928406897872824,5.073233202636902e-05,0.38963884673811355,0.0008681655500076414,0.007841201912715978,0.0034641353130549298,0.4982229087724884,0.9973821013344556,0.9907119651519021,0.4919563393161028,0.6117121404495887,0.5297739445761221
0.5180870097102859,0.5697621363363854,0.0069888139702285875,0.007806016258200521,0.009077119536154855,0.0007342417516279516,0.0027003767173908537,0.00045986362220136126,0.002416163773454527,0.5756782443743149,0.3868983441095029,0.0018584916340252393,0.0003555666558806708,0.0020771156065963175,0.0005934367182908315,0.007144776901523653,0.006019146000560305,0.0055674881570042245,0.4964832986511523,0.5879945906359527,0.5140010310357445,0.5152371539513797
0.009583068527643727,0.6095033775282704,9.965839094027379e-05,0.0006091893113448291,7.750746890834115e-05,0.6005934824607108,0.00299062873881061,0.6032100120025166,0.004217139738156605,0.00016447832156865334,9.961658042105547e-05,0.002554124861521012,0.38911846227398034,0.002211744838857231,0.4990388339354638,8.094277958587293e-05,0.0006377059504044816,0.00010767874095080066,0.9886339566783764,0.6503429310339025,0.6358207883276676,0.39959341568621376
0.0002881123802952838,0.0047480892775677635,0.8883467756148722,0.001212150317994944,0.004940611271471362,0.0007133669349784698,0.003007803619365188,0.00020865188535494964,8.802708795190005e-05,0.45597719995855845,0.2931750292857822,6.097020644423663e-05,0.0001445185677411081,0.0020832989535294567,0.0005000002762441855,0.003422051795159686,0.0008405733533964899,0.9967039040634572,0.9574981862128678,0.6064215942091811,0.3789655755158763,0.5069071280965766
0.4500148510376447,0.0009063945711831885,0.0017636139618289889,0.00021779600394076216,0.002548524633985728,0.0003955910185301393,0.0010613608681755502,0.9331627640991973,0.00019845384726595075,0.0009112938226790574,0.0005550918352120785,0.00012088322791340084,0.7026108719703096,0.0014356105423154126,0.0005350825371552505,0.0034471915395756555,0.0002945986461293265,0.0024681230224517514,0.0012260316974277014,0.4624848426061832,0.5471819181111244,0.2962727705592022
0.009112387416079724,0.0003510023796717446,0.5853258341574621,0.0006066990908617847,7.654147677571182e-05,0.6038397234592651,0.0003404635470303072,0.5965642444609583,0.0042421613954161715,0.00016316923990958483,9.961658042105547e-05,0.0025898924401931245,0.38774430306562624,0.0002534296098130708,0.4990388339354638,8.045330462007393e-05,0.0006377059504044816,0.9899755606986878,0.023436535537306458,0.6523648878209651,0.6358207883276676,0.46678147136477155
0.5273425527932948,0.006499271507754517,0.5628294141750914,0.0008596985472501881,0.002338992263854806,0.001143830341457338,0.006840882849614299,0.011424769591842205,0.5777412734629406,0.003642610678151398,0.0023122431535184994,0.39082957258024786,0.008872574821118442,0.005313094437688003,0.0008990022486474466,0.001816666774638178,0.0006677193151762447,0.5030058193293456,0.007172937046691556,0.5141337051091843,0.5504984603884051,0.51250522023794
0.5400517567030925,0.0007176628236768034,0.5689745172513362,0.004617293943466385,0.5970599764242104,6.755041699625261e-06,0.0011013764130944226,0.002587857113420581,0.00671331656164953,0.0009559636157596713,0.0005918936362783438,0.00415664222319328,0.001602331763153396,0.0006819443256112223,4.232479902606067e-06,0.3944414275280412,0.0035158025776880182,0.4965613014658907,0.0007677764292397605,0.5103751458811135,0.5601481144178481,0.3435544180439388
0.4961455787167448,0.013025758590671446,0.013170874367167892,0.5483028690220844,0.005444062123350394,0.0008198899697183527,0.557296335989621,0.0037080111844040105,0.002516265963267679,0.0029772864175794107,0.0018743459322418943,0.001584117449954586,0.0025631721561638066,0.3725081350430829,0.0006932176009810968,0.004291622963367991,0.4855134282471152,0.01426007916248114,0.01575604126722635,0.5517286619874209,0.5540988336861133,0.5750423738128573
0.00023360405670857866,0.007426048431887209,0.00022800491388819515,0.4528186804940865,8.636110398078776e-05,0.0011107394615520302,0.9039507637066543,0.0015577622561362007,0.0003034087483067133,1.507559351824428e-05,9.492488103326268e-06,0.00019104415184068707,0.0009808599696976839,0.7043226747835825,0.0015800183262130556,0.00012139909437632805,0.9895491831776603,0.02020435972281176,0.9781038371965741,0.6001643239468516,0.4683090006233709,0.5041338520813524
0.5694458146630333,0.0018367382595108873,0.0002205768801871726,3.917775467211778e-06,0.0031675962783481687,0.00038784361826786466,0.5665695058277801,0.005285947698564511,0.5756987236940602,0.008525074815872665,0.005407787468734531,0.3889460700673687,0.004093742426682809,0.48411956887028973,0.000414579409847624,0.003385969269483589,4.187905041571807e-06,0.00024394875172441505,0.001963384129645196,0.5094110917068085,0.5589045376271636,0.49298145008323113
0.002079532275699755,4.632675853653869e-06,0.9085339302138844,0.004522191462573726,0.0014499333639668979,0.004241720297006646,0.46767360475520753,0.00019882034638052368,0.0003535443881210771,0.0004760069122922395,0.00028862562052270926,0.00021437078892874175,0.00012055424384148404,0.2939019839178547,0.002906988293340174,0.0009819716145346852,0.0030699791392317377,0.9984005521021461,0.0012488174527000454,0.4723294202719874,0.6985731809815724,0.40136627075503367
0.008065063632990676,0.5845945958645566,0.0001738229637854752,0.01231494207682721,0.008543859556907708,0.585420771623965,0.002754122983925508,3.2349118581611955e-05,0.00019876968997879175,0.5817324772032034,0.3900767950677496,0.00015291756009981473,2.4886834515892267e-05,0.0021188067099405608,0.5003118207834312,0.009300514744960076,0.013407514090294108,0.00019582519991996687,0.9908151656675656,0.5986056880281311,0.5034599000994415,0.457682706425016
0.00023226824922516377,2.046129616664717e-05,2.4200128149768597e-07,1.1150828438046183e-07,0.45367533661571324,4.649477661152253e-05,0.0009873005883016869,0.00017491914007768588,0.9082459626184612,3.1896415710738505e-05,2.0000870320244853e-05,0.705083172904994,0.000245454600792846,0.0013854268603646078,6.524377170370678e-05,0.9996728072176023,0.0003044517489121378,0.000683613196725553,0.055937588391836435,0.6227890897407437,0.4979302923610629,0.5129931416737273
0.9380427295973073,0.0031576928215268025,0.005557644806569598,0.004912630527053374,0.001389385175057672,0.003357783245763477,0.02849801025257265,0.003005585848752866,0.4635219628510099,0.00042265700051968217,0.0002570553414135506,0.2920449834845696,0.002038754873994436,0.019333863994976535,0.0022787215149956573,0.0009428948619004361,0.003333934121042014,0.0039023094427333427,0.002143017613908992,0.6590979731231258,0.4954255864013186,0.35366636218318037
5.272131049709382e-09,6.33787769771116e-09,8.339131595250392e-09,2.3380250481624436e-10,2.661737006263852e-05,8.92476937941761e-08,0.00032106825765987514,3.1009717341073595e-06,0.44805218444928063,0.8965356749255741,0.7049552168509747,0.9995421610694855,0.006158570368965707,0.9463574108053907,0.0021733574612932136,0.9997102117444827,0.012087439317508799,0.4933632539050352,0.5247983602005611,0.48349008843215346,0.5051352434188703,0.4557051223334643
1.1329588846721488e-05,0.002563665922255692,8.824673249060717e-05,0.4481392173786713,0.0005765285011872796,0.0024928926139968304,0.00027223537051603475,6.393739579397722e-05,0.8938997360035664,0.00014836114796341418,9.443216682112601e-05,0.7038480377547425,9.071910860669636e-05,0.00038626771579051793,0.003579343088148878,0.000818034612255204,0.9963600481471588,0.022662596529057666,0.9968049618323647,0.4868441645531565,0.5014285065310196,0.4968497928827453
5.079698632644888e-08,6.155062404397472e-07,1.2926040087639693e-05,2.3682386016101194e-07,3.121112931007712e-07,9.291490710875289e-07,0.5931946795093633,0.0011482935303926624,0.5921033659798403,0.5936186124371178,0.3919900457861253,0.49872227210838854,0.001273514788215033,0.9999856017737428,0.04714943785704776,0.015180148883706501,0.011310843361321848,0.967861387509519,0.9444276173658211,0.6479527503014145,0.5759465668793617,0.5121013841323175
6.434638942617793e-07,1.9607096443623205e-08,3.532682100620267e-05,5.580339374177186e-09,0.001324824608452127,0.5892544728597521,0.5921962251442188,0.6078830551346054,0.002341244702761463,0.00014838521146974355,9.143189734829693e-05,0.0014426277921404662,0.40045772776075883,0.5015843425416471,0.9985681413143133,0.9824381163284922,9.718096157412814e-05,0.9882747554554094,0.01854291666650154,0.6288611406470098,0.6286318749489612,0.5046434692408789
0.0010550286888051977,4.402592535832643e-05,2.748357017677054e-06,1.3734238085122703e-06,2.636541736927027e-05,0.44264006789161064,0.0006104015128942702,1.6551546286904792e-05,0.895332452876922,0.00029137639623854185,0.00018528691061598897,0.7046850327128524,2.3524069638556017e-05,0.0008675402224458209,0.9982955231258541,0.013996951458178336,0.0007309825683455933,0.0015111518710567628,0.023608467615765738,0.530687638609343,0.5127480084988694,0.5049091104548092
3.7350174920422963e-06,3.3970884392080756e-07,0.00028258497465831814,4.6596547903724185e-06,0.9019711686983296,0.4509986643051763,0.0003969108005398931,0.0010750996723226129,0.0003988359747912772,0.0033280726746227735,0.0021009747530749967,0.0002517815743674212,0.0006787009462500567,0.00025056639105325307,0.2951746074395895,0.9997936004696628,0.010144508101812832,0.991834035497966,0.05774322866320725,0.4820601707221758,0.5839279857647739,0.4671245846441434
4.609839910104561e-07,5.398992640613751e-08,9.319424957905508e-10,1.0802574139970879e-09,3.1695297237993164e-05,0.440179990128283,0.00019869246784472798,0.8978414892519585,0.000305891060267038,6.15642115808737e-05,3.91044960163572e-05,0.00019429658305105443,0.7068133620038999,0.00028397338938776896,0.9999546944962638,0.9894299506699589,0.001308232668107043,0.0011663263422216144,0.06542256327778634,0.5051005751150709,0.5123510191504994,0.45434299973821773
3.9316459338990056e-05,3.0009595021152392e-06,1.0,0.0011176419999966455,0.001766317978673154,0.001253983970073325,0.00040997465336365866,0.0012451258347303197,0.0007726706989045669,0.0006099621930307239,0.0003753185226554256,0.0004754355090857698,0.0007661443470013407,0.00025226359793116245,0.0007715955107195293,0.0010868435201434189,0.0006877036844770701,0.9999757375508377,0.04849808352956629,0.5133753033936974,0.6841497022397456,0.47686508809029754
0.012143121155242803,0.9069254261380939,8.608721431103938e-05,0.0007709194953016238,0.0035333260777081206,0.4499076523717372,3.377726164806898e-05,2.0089935460558442e-05,0.004873162341311412,0.00033836925568292864,0.00021225032941326162,0.003056821232248378,1.2602045435719002e-05,2.1187852342930514e-05,0.29615444101112554,0.0024799316227239643,0.0005417216608411703,6.251414757305805e-05,0.9903205147977792,0.48511766371314335,0.5566826502780341,0.39292901949049625
0.01878951023926001,0.8951206938866763,0.00445105296116788,0.0015418504318637373,0.0010887981448809828,0.0016770920606127841,1.1086150041637928e-05,0.000747764760752756,0.44645917595415086,0.0023266378951184645,0.001480454917448937,0.29447467834777,0.0005316812170582398,7.882558027024616e-06,0.001192459344842911,0.0007741670188783035,0.0010963014001796902,0.0032744181912503084,0.9860262629284836,0.5211852418265974,0.49496476269018297,0.5043582500664506
1.5932384626487641e-19,4.744409855117567e-20,0.0,0.0,0.0,1.65884986200521e-21,0.0,1.4969525530911043e-17,1.0,0.0,0.0,1.0,0.9544333597505614,0.9313184829785155,0.011054907678736847,0.0,0.0,0.0,0.26040954642818637,0.5491168148907869,0.50998103180896,0.46975597308184663
0.0008088981320399248,0.0010868253684171313,0.4360370344857809,0.0006057527267583982,0.004699834621141645,0.0013703647603506843,0.001013637071728497,0.8943717800746129,0.00024260359888567243,0.00047383912625694407,0.00029273753842708135,0.0001498803751686143,0.7112217861329043,0.0014321416841599523,0.002057845179620773,0.006786978979896728,0.0008588230762944264,0.9978789860280335,0.5709055955167718,0.6190994107908974,0.5835281549571737,0.5964465771055738
1.1775461637695322e-06,7.318107777737139e-07,6.568644289526823e-08,5.0441950611919104e-05,5.350657907956443e-07,6.853301493087122e-08,4.130414933798497e-06,4.463488697947364e-07,0.8941906561235164,0.4480801537639694,0.2957279057202041,0.9999639058492924,0.00560497062580996,0.05192607124304358,0.0008737957248922516,0.006741741521488143,0.9807697180070931,0.028362362445557603,0.31876699574660383,0.4952317186897418,0.49232591725017155,0.4902668335877542
4.5104560874800855e-05,8.362903095243584e-08,0.003347155658632229,5.155596813974751e-05,0.45173877687221464,0.8993650040165333,0.0002356756994842033,0.0015289703318567762,0.0008356970459039042,0.00022723995063495298,0.0001423796167965086,0.0005236149727226091,0.0009579933843446255,0.00014766534621195998,0.7066812302551437,0.9951187122310322,0.009487109408820006,0.990864246750083,0.0010712383572206163,0.5853398717688607,0.5844216972209596,0.5405531592646804
0.557275134393161,0.0005171545601521712,0.0006230471835630707,0.5741702634928907,0.0015830768920715435,0.003917977711646257,0.009991473996122687,7.315682165476357e-05,0.007508583285543371,0.584904858881393,0.39509039307036636,0.005841962556453569,5.69203795097688e-05,0.007774157153222411,0.003085052494282043,0.0012318355170911066,0.4952377509129251,0.000704115696865933,0.00056488802104372,0.46248736665253226,0.5595633608008521,0.4708338105052562
2.5789062544343165e-05,3.910214547734826e-08,0.8721637266822745,0.0007129324899353665,0.0015389080003976724,0.44564286196593117,0.002226962621625167,0.0005055542068703973,0.00028299596498255076,0.0015552558208066696,0.000981493159783007,0.00017859365891703742,0.0003190461805328879,0.0014053973748997702,0.2950443555202342,0.0010857076222646437,0.000502978130748617,0.9999800990711608,0.0008824869431027782,0.4961269827460559,0.5935010628010254,0.5043371532614108
1.6096368739655122e-05,1.783303156453819e-05,0.0009488407484222813,7.139283062312684e-05,4.966089359538933e-07,6.337177447734993e-07,0.898019719934673,0.0003982175865752082,0.0003727309937384659,0.4471011433303823,0.29353263429330856,0.00026366149372963226,0.00028315755209772694,0.9993028475339034,0.00043512529962100213,0.00032857936137900795,0.04641550087773196,0.9826062363499929,0.510100636131074,0.5179773878857428,0.5644057018195975,0.4789987655321345
0.001979441534053178,7.970082257686228e-06,0.5626212211973006,0.0002718179544537778,0.0013459300736615254,2.685380348569143e-05,0.0012606951026379657,0.00010113437289589102,0.5851815850731918,0.5797493401914914,0.38981844285387784,0.5016771285936601,0.00011060544445251185,0.0013787582654931144,2.971926773658734e-05,0.0014719790430397692,0.0002972747751681669,0.9977359026273316,0.002450923552500827,0.5134225331581544,0.5721938920773628,0.44283594978858254
0.5102309893590844,0.0016486647671590583,0.5411450272988485,0.5776376154929078,0.001513907414215503,0.005694380400839764,0.0006553817505079202,0.00021525482403981678,0.00033274513751543335,0.0006962576413962225,0.00044250769281075015,0.00021147675912326104,0.00014168221550551642,0.0004174342221310879,0.0038751002192971935,0.0009855541784714779,0.3942099483439086,0.4826801393843132,0.0019398395750907728,0.47019624691108514,0.5028040418735309,0.47198970253499234
1.34909911314149e-12,1.8155023964350058e-10,2.1320864483134787e-08,0.001098116001753323,1.0079089024675402e-06,0.5911493183932602,0.00028545319974924185,0.0029675082090126967,0.5816202755143551,0.5831244558968778,0.39014276451795254,0.4948228245661797,0.003195732438007484,0.00030740934266889307,0.9988174191734076,0.0005843231085915215,0.9999872111133548,0.994760461839957,0.9952693680614424,0.46221538389784367,0.47287705235266525,0.392141592268897
0.5645712688873211,0.025791724445136797,0.0029194070210537327,0.5772032633794811,0.013709273617233954,0.5646372242252985,0.00025949565623214544,4.2596677398590925e-05,0.0002050459773069302,0.0004349079838697381,0.0002766665137880367,0.00013043991322335142,2.7097859006472956e-05,0.00016507805814571067,0.3816462225888967,0.010563580839029585,0.4924676395639513,0.0032535034114259485,0.02779056681489328,0.5101754587346081,0.5161270482767518,0.5193802852864376
1.3300939589045998e-05,0.0022004755771623087,6.595686833749917e-06,0.5839006371281164,0.003239952398365903,0.003700029055719675,0.0040743788599437135,0.5785330636639713,0.0008794981174835428,0.5808035650911749,0.39046678670039014,0.0006785808263826238,0.4979345117660741,0.004431413327375721,0.00422857085387226,0.003606050906473403,0.9975554911241173,0.0019347290699990964,0.9957211364752587,0.5626608179198431,0.5714466849477471,0.5007045676464891
4.510758356722524e-08,3.4472513955274854e-07,3.829188116678808e-06,0.0001249066480481814,9.670491564278512e-07,0.8927016805727536,3.145475431297958e-05,4.077432010253697e-05,0.0015597650437558243,0.44534896844284394,0.29158810562746773,0.0010992056742984207,2.873471793475189e-05,2.216697890765294e-05,0.9999122777902902,0.004945881326032384,0.9796367708443878,0.9437657511591205,0.90680248468515,0.47445342304505084,0.5800370315859299,0.48938526326747794
7.857395565191437e-05,0.0008638790156779678,7.673950731192767e-06,1.2969762532061396e-06,0.5799554516948717,2.868095789708309e-05,0.004020472115326136,0.5779021615956962,0.00024835145823338516,0.5772917279848254,0.3909728533671013,0.00019310810534927536,0.4988630445471927,0.004413215129775688,3.148318440347915e-05,0.9990473950755863,0.000951447108281316,0.005824509141413636,0.939623307026983,0.5365181577659053,0.5203859562191163,0.4929151737756527
0.4353444144777413,0.001286239219699755,0.00010844097774019341,0.0022600952445013442,0.00017168774568996828,0.0008932945728919114,0.002974851425497093,0.0002578201904617044,0.0019889459231720364,0.909450433815435,0.7044962191977302,0.0027808764844193317,0.0003604777259265668,0.004159392710825854,0.001263919348098315,0.00024005512934874643,0.0031600957182996957,0.00015687430271620105,0.001798454279822791,0.5931914078473219,0.5570967658863568,0.5715597095033449
0.00011646613171299089,0.8994230799189281,0.0007939618690505885,0.44925141003837943,0.0012404350533111919,0.0008838821885651221,0.0018299112586368457,0.00028477113549530244,0.00031983786159087293,0.00971004075648206,0.006148314538822974,0.00020252489129671207,0.00018032025880399758,0.0011587208871595865,0.0005596850731114766,0.0007854591341320661,0.29490652622636887,0.0005814293253311187,0.9999137847522074,0.478673796294361,0.552768012914947,0.45319451392818155
0.013660479366597648,0.9028502432232798,0.0008313513756483802,0.0024704815996728973,0.45326080545770475,0.0007341657323673975,0.0031888282397422043,0.00024028666488467828,0.002295656157099255,0.0014313989597130655,0.0008949697816743368,0.001435341258225906,0.0001502376348701429,0.0019937968885959134,0.0004645141096644342,0.2937087546487492,0.0017291234113828904,0.0006011211899515231,0.9891670728632777,0.45868321709132504,0.6283572711033123,0.504019868431567
0.0034297954746078827,0.00376192388514041,0.8770005224780831,0.44977144796935464,0.002215973825249612,0.00116667151910477,0.001492117838288086,0.000488879521164329,0.0009297837206171024,0.0004222159500504897,0.0002654099573357206,0.0005844731980286684,0.00030731562860097754,0.000937963880850435,0.0007421395159832894,0.0013929918472512508,0.2929643704818321,0.9962725035964017,0.500883327873052,0.5106593999430977,0.5669405688895149,0.40975370365716784
0.6147319957893472,0.5785131091811891,0.0027193481253136977,0.0026792592244675685,0.003126838425771571,0.5620174073004793,0.0075797590513624925,3.944594818400384e-06,0.0020821987844026326,0.0032597554411170587,0.0020462402711750047,0.0013070602222612316,2.4761469765535488e-06,0.004758098882469179,0.37394097961251027,0.002358111539989438,0.0020205814112108974,0.002121827169141323,0.48068244152288037,0.48607496536043554,0.560507351883103,0.3984546563820647
0.0012225591286611768,0.5859344065905309,0.0026917060320814923,0.00039232329124565013,0.0009134879799973582,0.0022640123196872156,0.5809882459913596,5.160202900025964e-05,0.007856098366470771,0.5897462160312855,0.39502773910626787,0.00606091036968795,3.9811711603443247e-05,0.4972942364098166,0.0024891696687856088,0.000992492846444671,0.0004267543534873803,0.003025767660081502,0.9984914940170024,0.4715181968751076,0.5599001617089508,0.4006456368820412
0.9020848065248313,0.013663282899301807,0.016958952005389046,0.0007129324236729297,3.571556573937805e-05,0.45096188658420394,0.002847219084086576,0.0005055542068703973,0.00028299596498255076,0.0015552558208066696,0.000981493159783007,0.00017859365891703742,0.0003190461805328879,0.0017968313658726642,0.2950443555202342,2.5197544703270468e-05,0.000502978130748617,0.012379654524882988,0.009641722056391855,0.4961269827460559,0.5935010628010254,0.5043371532614108
0.5167932158179555,0.008903890947738795,0.0016384033615410385,0.0001303661861995134,0.5884111351985821,0.0034873743831151023,0.0022043481278700146,2.960129017687044e-06,0.5911326476313811,0.0012554768228301033,0.000783657955084357,0.3935766526692992,2.2673627851034148e-06,0.0016884611246195743,0.0027031200573481334,0.5007801743176665,0.000141730140370147,0.0018401389441347615,0.00975105907280166,0.6048727386154209,0.5604615559021092,0.5725077044928577
8.465650753327507e-05,9.750876552813962e-07,0.002018306719871323,5.781500623431766e-05,0.0001848267108733201,0.9002845190903509,0.00026984538975031595,0.44118484378892026,0.0020732772996232313,0.00016244488890875076,0.00010314958358472016,0.001316494756119077,0.29007914283375613,0.00019081571988737787,0.9985158380902978,0.05613400623070371,0.01760697786713139,0.9742033682576213,0.007332367584273337,0.5026423526402243,0.45417087369047304,0.5217238407874505
3.499533293758454e-07,0.002714219068107706,0.43153880265918576,0.0026560860185065784,0.9023344349411637,0.0007916701625475739,7.071448504453713e-05,0.0067114784231509855,0.0018940109662018245,9.051788767292461e-05,5.723715883764651e-05,0.0011976403066418255,0.004243906839433393,4.471594985047256e-05,0.0005065845687713694,0.7074751443378133,0.003791550686960885,0.9961299328013355,0.9999095568757362,0.4752303467498986,0.505276824898332,0.578377249755603
0.01263174070463327,0.6017683463032727,0.0030640620260734895,0.0010365500276864586,0.0030018021475299414,5.627451539650489e-07,0.5777386271311074,0.5883974384171988,0.006458934193591953,0.0023742348288247578,0.001480454917448937,0.004027504691023004,0.39103182910648027,0.48694668228261206,6.022813365545764e-07,0.0031748115397796095,0.0010963014001796902,0.0033529031373303263,0.9860262629284836,0.5210534831890908,0.6431645670199334,0.5046148290407331
0.003241375475155097,0.00014338755175865548,0.00022338331517166783,0.5759727713218039,0.5773962725654151,0.0010900184596556307,0.002280019808575108,0.0012518554433811149,0.5809156857561375,0.00035695302590929665,0.00022694695889213036,0.3940184169568455,0.0009771797964659465,0.001779753370244132,0.0008508564931931271,0.5007801743176665,0.9962410710192181,0.04329682247840888,0.026911326149572458,0.4953382179813148,0.5023644832207601,0.46424095718934233
0.0034956371050061962,0.5906338644244519,0.0015059435509777914,0.0035839104129565926,0.00026705406488422134,0.0021057984979422,0.004072554607962996,0.5846609624035389,0.0023564565257211704,0.5851046643972224,0.39050970498929904,0.001805030383234527,0.4967408434671596,0.004389343704697307,0.0022967348700381383,0.00028783366575110147,0.003872004100528126,0.0016793490441157485,0.9957211364752587,0.5121059829654995,0.5772887632186473,0.39857828874975987
0.0007654924939212957,0.5561510559603158,8.688712286424138e-06,0.5825052739407802,0.006250732168622984,0.001707759623861112,0.00020393680386430582,0.5523679475449368,0.002119005459681411,0.0013686177282670878,0.0008655815848596718,0.0013401657389021592,0.37197239482498723,0.00015496943996286087,0.0013764154726779165,0.004854737790533803,0.4915750478269044,9.523251946194806e-06,0.9990595366820829,0.5009528944508987,0.55901230445979,0.4442253846248913
4.149487727973275e-06,1.3973168657328746e-08,2.185476693548876e-06,0.000817992021772671,0.45616318290705554,0.0016794360533579004,0.9119494460834985,0.00124050227490154,0.00014971948675852756,0.0006199940326413917,0.00038708365625630915,9.34750508009009e-05,0.0007744886461466491,0.7047253451510598,0.0023717789457989792,0.9988556710639189,0.9959411723732042,0.2850299753219733,0.0019059953766953526,0.6376815995007893,0.5050098285108163,0.473615321554495
0.006860514250381844,0.9102168071941885,0.00017168829133544495,0.0007797265486464063,0.003244893515185422,0.001777850829685633,0.0004397863090621159,0.000952619624642456,0.000290151282380326,0.45854467274005434,0.2970766925448213,0.00020292811223493338,0.0006662501794095887,0.0003075811353315225,0.0012434078906033588,0.00226944792539447,0.0005453357721076677,0.00012423494414302155,0.9949817616500289,0.5630283230547579,0.391793698283412,0.44044832936928424
0.002571005307526148,0.003579134326291344,0.00010525265952037243,0.5887925782312771,0.5885440289029832,0.002558513598607523,0.0018969632639771474,0.5906243430782004,1.1329443275109279e-05,0.0006032185877358117,0.00037237239945174245,6.9937706559271545e-06,0.39053485695492,0.0014321416841599523,0.0020036688957564695,0.5064221880523874,0.9949523744657567,0.01482879831525824,0.5709298209400835,0.5908448197137994,0.6517530400314504,0.5003110787520768
0.0,0.0,0.0,0.0,0.0,0.0,1.2544868196304764e-17,0.0,0.0,1.0,1.0,0.0,0.0,1.0,0.0,0.0,0.0,0.0,0.0,0.15664784408839938,1.0,1.0
1.3449604918090338e-07,0.00016976866138106514,2.0200719405504285e-06,0.0031651627693830607,0.5722108742761545,0.5746607928308425,0.0010815043861785243,0.5787607532771666,0.0010215803921719447,0.00052327055114043,0.00033302980824403744,0.0006501738183939152,0.39279899602004303,0.0008439193974200897,0.5051320284658141,0.9964651571582777,0.9659648963293981,0.007836978161727626,0.9994272318453663,0.4980958316397238,0.5167381986189579,0.4995269477691129
6.156775859979039e-06,0.0005151608486163663,0.5673655979231036,0.005351721944326553,7.270941210718216e-05,0.5875106235851507,0.000299151250640629,0.0031965333031529573,0.5920368488353734,0.0008447878988373541,0.000525201587350516,0.39245709823801894,0.002435616173875027,0.00022794106175427764,0.5040359817139556,7.885118476137483e-05,0.005803862957318606,0.9994412524275709,0.9916784836936745,0.610303167230172,0.5964753223986033,0.4496995816223656
0.003240910187902,0.00438752673463534,0.5763546589795665,0.00012869654994700523,0.5966439905976667,3.7413307966758306e-06,0.6067222065967945,0.0012533827521728064,0.0009329951107530216,0.000913381735947234,0.000555971093125256,0.0005679098802419901,0.0007669030481516829,0.39398078540844383,2.9001791892611017e-06,0.5058105938366946,0.00013759567954882423,0.9938148597213102,0.5622389679149415,0.461883129034667,0.5472338358814769,0.2945923772884847
0.8652709202893464,0.004205678387818645,0.0006127575177013219,0.004827667591814358,0.0018238537365869757,0.003263852342893167,0.4483110649125841,6.599981095610083e-05,0.0013372912925786152,0.0006303511762568158,0.0003973482495755233,0.0008429754691911949,4.160369133658146e-05,0.29281336040157296,0.0022960240832590297,0.0012830338677444113,0.0033961598257139514,0.0004459897534843007,0.0029586433045991067,0.4617352282410916,0.560192306556816,0.5695918271656923
0.5624356738161927,0.002850500930015116,0.017283706372679515,0.04347177111563644,0.5689288221181484,0.002581834956539362,0.5763551364924788,0.011542925734730305,0.006753596793475431,0.0018807305255028415,0.0011947586739189985,0.0042903482406819165,0.007333131896702205,0.390135028912922,0.002005182786315654,0.48837045639799326,0.04694101948046155,0.0193472076256584,0.003085010982232017,0.46029763871610585,0.4793571568367396,0.4884321126997748
2.33536009585937e-05,0.00017420815052360692,0.002876956461371055,2.0185337364244743e-06,0.8995538395059779,9.302663763754222e-06,0.0022727448907065386,0.45069126008009985,0.0003191958102125136,0.0049163278244872466,0.003110681991565072,0.0002019646803243084,0.2956824778363772,0.0016084232474647409,6.583516064259578e-06,0.9978898021041653,0.0004309673344253544,0.962420059480269,0.9113227498801558,0.4617359137323972,0.4861439179087371,0.567111257254338
0.8095978420980219,0.0022915543445712044,0.00017336886010985454,0.000656106548527498,0.001870005884127418,0.0017966707013112408,5.657040599798424e-05,0.0009795660237951187,0.0028280735272101037,0.45679303375573294,0.2935448487030531,0.001958167282570609,0.0006782569592376648,3.916967837252301e-05,0.0012588762343639828,0.0012948063840989487,0.00045537630377467725,0.00012419810852172162,0.0015866940306652685,0.5622412120800325,0.5562646066350061,0.3599404740766759
1.0,0.0018601176272559294,0.0010812651409379248,0.0004988934134396159,0.0017888382533230065,0.0005506051754881482,0.0001977511614534309,0.000422266942323534,0.0011453168245885049,0.0017462476510996584,0.0010629558673212205,0.0006971649253397794,0.0002570378961343671,0.00012037301637522345,0.00033515863659011407,0.001088883585689965,0.00030368167622007384,0.0006809644683811926,0.0011322745252176811,0.49639563619952415,0.5702463886193402,0.2977473683271483
6.205273730000253e-05,0.00037754816153106946,1.400288110764582e-05,1.0,5.58276304616193e-05,0.0013530213011220921,8.879707564887105e-05,0.00022340094874988173,0.00019606600601788045,2.599655596829174e-05,1.6530521078429597e-05,0.00012467317865645354,0.00014205474752296266,5.646371001805314e-05,0.000870620869281513,3.549934580580345e-05,0.9997558479149833,0.024026619677714578,0.8859442530624833,0.4755805706476105,0.493413662867542,0.5231068509597036
2.1659206172921823e-06,0.00017711658007989658,0.5573257714198813,0.004857236352592879,0.0002487726142642623,0.0038152897150365876,0.001292259407126452,0.5847882461974835,0.004177337756779904,0.5818657114385701,0.3924060070165556,0.003238039233371718,0.5044576624134814,0.0014266376518817323,0.004212068222451834,0.00027464822443063874,0.005362516298404729,0.9998044380312059,0.9918584311482395,0.4958301901080816,0.5720697913759976,0.5362536191535283
0.00769529947794888,0.5150168681762173,0.0032044805445267137,0.5368870345953313,0.509553992369319,0.0043133441966454,0.0004483774668641618,0.006207498997269951,0.010008163763843135,0.0026625549197483293,0.0016632803056928426,0.006252147901016605,0.004365478011980526,0.00028243123657875776,0.0030855182304654893,0.3496106440611178,0.4601595784075788,0.003286339882036666,0.9894560717340305,0.3669229567027638,0.5070939973980876,0.536510363765516
0.0019572749621223975,2.5370827926794904e-05,0.5765432282690052,0.5933238633658896,0.00024069416426605075,0.0020440904027193953,0.0005304673709038978,1.0109904719512485e-06,6.817343268336264e-05,0.6007624055810897,0.39476419374966565,5.158481265563324e-05,7.649864786567145e-07,0.00040138893911966195,0.0015651676930043545,0.00018212671816066842,0.4982965386614324,0.997715011657246,0.007544075125747687,0.681628618613372,0.4943804744371167,0.47180366523938905
0.558331963449306,0.006083360780191705,0.004219815980798017,0.0005070690346384124,1.9864648243887177e-05,0.5793517222356314,0.5850641403368773,0.000498671523047918,0.00017980295171773103,0.0001686797569559165,0.00010638009833257106,0.00011339508847165087,0.0003144937490296003,0.3935745186018093,0.49746817860932857,2.1655305067091036e-05,0.0005527777730773638,0.00475951243253514,0.006632040309770323,0.4825948011632831,0.5737715784183965,0.5608269105922672
6.013083245884869e-10,4.7319136014102316e-08,2.7973783121455607e-05,0.010762041461891308,0.5786487469601599,0.5724824517873114,0.0010187386774358047,0.0015072465224462055,0.000194529330313277,0.5766363874699427,0.3905820919046833,0.00015123280896744284,0.001171778353557393,0.0007919988989112609,0.5003118207834312,0.9881472238063715,0.9982899508928316,0.9989590515048659,0.9908133485053239,0.5045935193611999,0.49711161023693423,0.4612092061908618
1.6114184876688153e-08,6.129214165034491e-07,1.8469047990198635e-08,0.00010729120374715456,2.340237656221833e-08,0.00010318081451154085,3.353891263458259e-07,1.0,0.0003016547135970271,6.847314965094887e-06,4.336545730181484e-06,0.00019104415184068707,0.9999039053749578,0.0014071940978959644,0.498463483845782,0.00013980718569227713,0.996291245942892,0.01943600832848208,0.9813941688601099,0.5309704816442499,0.5026799264204146,0.5651379035145017
0.006391661770112145,0.5865015531526926,0.5538949519862465,0.0006947544678368871,0.00011192109254410683,0.5790890271539101,0.0005390301603291451,0.0008620352125836409,0.0020706706316499005,2.953532118364982e-05,1.8655566374058564e-05,0.0013079106319207091,0.0005444935211473588,0.00034047160867168734,0.395001855046168,8.688909516873741e-05,0.0005393674534385686,0.4926063344532327,0.992744384263827,0.4852759973603075,0.5751849048577962,0.5449555910676736
0.00013192415294648816,0.0027358308342613226,0.43574748734462726,0.0014788753581718016,0.004374525765507337,0.8899524402824205,0.00040223516976521884,0.0011973921799805353,0.005124395661182374,7.989003290453196e-06,5.048971199730673e-06,0.003238581430535197,0.0007567500054520349,0.0002542121315477466,0.704280705901709,0.006171441791931576,0.0020847574166123874,0.9960970693668282,0.9655057031308247,0.4961680208921982,0.5836829190330817,0.5175496030017457
0.003771254516533709,0.5802352263601835,0.002028589026449552,0.0023486226093103035,0.00019335760496942773,0.003919067870191678,2.768068780218967e-05,0.5801199377640356,0.5808237586344863,0.00037234124999573645,0.00023579231018013453,0.39215155722417416,0.49991742634671316,3.0368724171064712e-05,0.004299676255809048,0.00021213915841327693,0.002576760312607682,0.0023027113012521945,0.9956726350522337,0.4891745207007924,0.5712534211353207,0.5098193403775593
1.1708267128683548e-05,0.00024004310313598847,0.56080436904516,0.0018396520789768693,0.569671401713165,0.5698827223046945,0.00040223455975025847,0.0011967698211236527,0.005121006455602609,0.0030493099801055298,0.0019271308690168817,0.003236444421938505,0.0007567500054520349,0.0002542121315477466,0.39339050043547225,0.49980512949730554,0.002021487284370045,0.9997308539198744,0.9655057031308247,0.4960455206707719,0.5836829190330817,0.5176098028044049
0.5505066184445372,0.003887132606544009,0.013326308805081724,0.0028801204189883383,0.5776616113724621,0.0001348638054658433,0.0006778053786963084,8.075489295409864e-05,0.0011969160410490345,0.5800620712304041,0.3935216601063819,0.0009341255752159937,6.302469221443569e-05,0.0005289893759540805,0.00010525371925155461,0.5009548732561644,0.003183624809063923,0.01524219582130986,0.0042980553027327905,0.4978280144993961,0.5178373152403619,0.47533112396804067
0.00406592167270623,0.5874548107393027,8.103933678826409e-05,0.002089594710164839,0.006429121399109646,0.5783399535547118,0.0034412340354316503,0.00015812627924015026,0.5718735350390188,5.192240743690976e-05,3.2160754393755056e-05,0.37563961319968653,0.00011848883265764933,0.002565265295032527,0.5040359817139556,0.006980074173767997,0.0022295388254588676,8.90423019328625e-05,0.995100574306337,0.4954841046972138,0.48700864113717923,0.3338341930029036
7.836989970189333e-05,0.001972846295836893,6.788171904776933e-06,1.0749762062879314e-05,1.0,0.000126633577647916,0.00028405843847497303,0.000195358288250958,4.111621031514285e-05,0.0011148858079141604,0.0007032584747276686,2.593569217351939e-05,0.00012387198055228868,0.0001791812135388815,8.285970444369462e-05,0.9987277624360484,0.0034011945081535767,0.0022188215672780953,0.9718976248228225,0.49180175031175327,0.4364618009419896,0.5716826527272139
1.867020718336572e-07,1.3958378712343295e-08,6.470849362119686e-06,3.109166697202106e-07,0.0001762167781037728,1.4696811443253096e-07,1.4830887041231327e-06,0.9569902977077678,0.47861174909078796,7.131381044147421e-05,4.242970868939949e-05,0.2952292808416438,0.9998826860781975,0.0053539634167151795,0.0005369022706963942,0.9757866873905752,0.029599429803139517,0.9798011426837614,0.041849751936958834,0.5321015099610401,0.7610727558077465,0.47153324435478694
0.008943640593033507,0.579165672335008,5.775000819745006e-05,0.000626914894839801,0.5763586622998479,0.003362035471671427,0.5883976930075209,0.001945003699314192,0.0008529521989694557,0.0001852028925156433,0.0001170900851161741,0.0005392586330069521,0.0012296831410133708,0.3972915545744936,0.002650552230362855,0.49840726022183945,0.0006898136786096975,6.56670966265362e-05,0.989168715967325,0.5799901647521968,0.4794103775295496,0.5112837363407678
0.004073790125460532,3.013535407470075e-05,0.00010394877486266795,0.5789526978096455,0.5813904007589903,0.0007360202990780852,0.0006821808646804225,8.171721969163265e-05,0.0012046425796247325,0.5806304985439298,0.39188295196353673,0.0009341255752159937,6.336667908802499e-05,0.0005289893759540805,0.0005775517764124438,0.5009548732561644,0.9950684587533178,0.015249622612361402,0.004273867384683383,0.4323674696425016,0.5178373152403619,0.4742470647920963
0.4599737273974774,0.007575100012970123,0.013920011338060733,0.5234443831968257,0.5008175533582849,0.004239390760754588,0.00533828855820597,0.0012460132232224416,0.005219030719528404,0.009831143508602326,0.006248665737103751,0.0033173326519384348,0.0008915564268169269,0.0034005593427182644,0.0030855182304654893,0.3496106440611178,0.4546751450741558,0.01425570774441438,0.00945682954323646,0.52648700944767,0.5079133862165923,0.47071213107551396
0.008360626220919504,0.9126992528300745,0.4415550534448471,0.0006705414499411105,0.0023459647500744876,0.0034477237971059643,0.0014049776065778107,0.00051632704773913,0.0003106647569616275,3.6302800918145205e-07,2.2258355152270863e-07,0.0001904780463774686,0.0003182250184970613,0.0008614350575517233,0.002221182138830667,0.0014718765100261706,0.0004121131087438911,0.29031249404842063,0.993515667144065,0.30490365612938036,0.5157338460699622,0.4995230903100493
0.004020537343440156,0.4613299201261377,0.0006422887246527828,0.0006204792644618667,0.00019035525209620547,0.9140347738579581,0.00035506722961971493,8.207170603678604e-05,0.0028776406352868447,0.0014554903872858425,0.0008964510635142795,0.001772371063337743,5.054901264779925e-05,0.00021869044934362867,0.7054503520903732,0.00026267138594390283,0.000856200209520545,0.0009169804649100187,0.9939315743569032,0.6510618686581863,0.6034651004878944,0.5100161649740171
0.9082361871731377,0.005554028882499282,0.0008289105152315173,0.0047442413341443855,0.4595071375925571,0.0006247127603073635,0.003323896787839001,0.00024021524885297276,0.0021333972489538935,0.001430973036950954,0.0008949697816743368,0.0013342870036697407,0.0001502376348701429,0.002078865896783009,0.0003907157271316134,0.29817357044953263,0.0033253382716663116,0.0006011211899515231,0.003892996755137934,0.46252861925312994,0.6283572711033123,0.504019868431567
0.0045501359483883525,0.6006355728065014,0.5835819502082723,0.005144775863008306,0.0013661400343350269,0.0010826846195371052,0.0011374613922512373,0.005678342993266128,0.0005666652650609876,0.5897637284895433,0.38556127847303723,0.00042355974616475114,0.004244367597240037,0.0008502264216089183,0.0008189432980003353,0.0010211603755971022,0.0038501455774767337,0.5016535289705042,0.9945231658938489,0.47961327913222057,0.6881572999884984,0.5122656575397174
0.003511590299610888,0.4525679181512115,0.880920946312765,0.00012095536201609543,0.002398359756572775,0.0003584520565937453,0.0010651440465677573,3.849734480519207e-05,0.0006767690195149693,0.0004224764949555784,0.00026430298368496086,0.0004233894588740951,2.408409948170515e-05,0.0006663586802212039,0.00022692613429033635,0.0015004261742913145,7.575916337846891e-05,0.7065809393845506,0.9943903493728287,0.5107171664694803,0.5972779948960186,0.4103875670940738
1.699523580605496e-06,0.0001642744091512396,0.0024015127066706146,0.4484144863994708,0.0011666242412451365,0.8863343214134494,0.0005355349279730352,0.000919101567227707,0.0043396460540455085,0.0005206314937281016,0.0003304493334033215,0.002754419903456887,0.0005833673460645878,0.0003399120435486139,0.7045538115047627,0.0016543023672085865,0.9964689767676905,0.9579678014156486,0.9925206427702439,0.4975842758813788,0.4531853738273746,0.47147703065560076
1.955910108733943e-06,0.0003902987230180428,6.3662983532833535e-06,0.00039411025568850545,0.0005649455007531601,4.34400304679331e-06,0.0014907560993904976,0.45135198519034786,0.901152161057121,0.00038324485394569544,0.00024207672711962225,0.7043926215671977,0.9976186925271028,0.6889410923306105,0.003531270494185327,0.5052218035780134,0.49929640696280025,0.010668582806903748,0.9964050489711558,0.4876222604852435,0.5131904147456805,0.5868347315643179
0.0046621394060873764,0.5963635691115762,0.5782178045684904,0.0005842534573557084,0.00015711658244472188,0.0016985727416784467,0.003699738242683882,0.0028578804880231633,0.5998670125753565,0.0046059186085174375,0.0028202158368322294,0.39152032467086634,0.002142455444200997,0.002773586710089126,0.0012885803349708758,0.00011778674295269864,0.0004376527230371516,0.4981966871284149,0.9944024177955992,0.6887722008782612,0.5173800781423278,0.43851233599181083
3.735223962076498e-06,0.0002117993749259691,0.5732249260799062,0.00015643150925192235,1.4834217931444628e-05,0.5880909944430296,0.5912856747392452,0.0001903535314792812,0.0002827030219253691,0.0005955310886591612,0.0003690231032533912,0.0001751780241832843,0.00011795330784283479,0.3904068200060308,0.5010932873028757,1.5923493379866086e-05,0.00016811515800180818,0.9997726026074745,0.9872514470397555,0.6325838249189285,0.49392408915972735,0.4011848843447644
8.363504040881484e-05,0.0011507596817262775,6.831533910539922e-05,0.5968308381015283,0.0007744726262509926,0.5897798843333328,2.210519469175108e-05,0.00019898861156654864,0.6044404191346121,0.0006472944622429392,0.0003966253562225408,0.39527996555802153,0.00014990908789430608,1.6653061748133372e-05,0.4992359303062568,0.0008241387323235738,0.9987689780123679,0.038920570505993624,0.9475739288039313,0.48609563589074817,0.6966033599637192,0.5109700602622446
0.001962555852538204,0.5865254057290896,0.00025452316914665566,0.5775379988243837,0.0002835428381927403,0.001126040984071467,0.0016986467110872013,0.00031790602886301274,0.0003083922127959396,0.5826008781902297,0.3919356169608612,0.0002383719922123699,0.00024572572106312807,0.001312971339488045,0.0008807663037264267,0.00021916535623421737,0.4954555810883685,0.0002858240496411285,0.997580865115343,0.4189301533681768,0.4812880044099933,0.45609724351846226
0.000845996082595589,0.000948387754237909,0.0011664373718672505,6.028300177287419e-06,0.45435072331814974,0.0014241444747728044,0.0002485725551790122,0.9059904420453604,0.0003520097626033023,0.0007058690086114993,0.00044336793967177156,0.00022110316454779298,0.7040680460180346,0.0003482865217415232,0.001995438261043927,0.9975443347835656,0.002189744456787704,0.4835430269989217,0.5362876381121777,0.387921790415688,0.513867145040551,0.4719988865224476
0.43550591014695217,0.001762614015059297,0.8798031962692839,0.004107172054049692,0.0004640932598113667,0.0013492279803623544,0.007894208698845731,0.0005805984794699267,3.127281721868333e-07,3.4765034431271924e-05,2.1742928486421506e-05,1.9558807858033322e-07,0.00036312093787289743,0.004937287324811953,0.0008438669373504787,0.00029026465982498446,0.002568816055081917,0.7046399378009462,0.0024636146835766426,0.5838402724622281,0.5233070677810507,0.3983794605575503
4.070280553103758e-08,4.034469903845323e-06,1.866373059788465e-08,8.897833564286816e-09,0.00015443471871110854,0.00019658763310465488,1.0,7.072904979390363e-05,0.00030456253386745597,6.098172405031447e-05,3.87379883879726e-05,0.00019347009748038602,4.5163925661885685e-05,0.9998334902594977,0.5873754162342801,0.9824433053095023,0.0013054036543064876,0.0028197251385986277,0.9931068949230428,0.483462553828949,0.5432759826769771,0.5051805654155545
1.2906247937148082e-05,0.002608623775213259,0.43893345070801787,0.0012658008728898887,0.0017798056871075438,0.00012895918358968428,0.0024826225180767146,0.00043568589750514865,0.0010173174243575268,0.9052437819801954,0.7039732334052031,0.001426057345229631,0.0006107378031566091,0.0034801205370234914,0.00018293371701240662,0.00249494882488999,0.001774358589538792,0.996343095205551,0.996423065697235,0.4714726147008645,0.6081288065063492,0.48349881527428595
0.599202359044959,0.5413483872822245,0.004983571618328548,0.004786128345854311,0.0032676069724820707,0.007919482232218816,0.003742785761560726,0.5694350377932434,0.011244293939385561,0.0004979506099501469,0.000315385372992057,0.007121911347035714,0.3834527696103052,0.002877009079793741,0.0060876913880662225,0.0025118865358772224,0.0036792492998349424,0.0039637343183188565,0.45357640155572987,0.5329803292563876,0.436380975045313,0.49900214067212134
1.3881323547720989e-05,0.00029482659525648927,1.3967140490050796e-06,3.7870553951071164e-06,1.628506759859877e-05,6.748771517312869e-06,0.8991233693040406,7.883215202623429e-05,0.4489665502428908,4.538688627449322e-06,2.8750879805392176e-06,0.29483002577456646,5.581670496792122e-05,0.9997905795912839,0.014700727249272728,0.03507899152080013,0.008166029630533367,0.0031161881078005105,0.9672435046323767,0.46050013560025593,0.5442434271519325,0.46170114589415157
0.003197766236998984,4.539670780595931e-05,0.4385883553415868,0.0005688059990801355,9.13506866643012e-05,0.0011081797374720534,0.9113228491028234,9.405197827855232e-05,4.752855413727537e-05,0.000682818005107687,0.000426911494391777,2.9715808561148194e-05,5.91095098214779e-05,0.7056552556555609,0.0015906499538866775,0.0001292259082017604,0.0007991736630152204,0.9949093123638916,0.008034841408687708,0.5967177370519696,0.410476764288183,0.47059739871895956
1.2620805977407908e-05,0.00012832556196657735,0.00012732613366343262,0.9159380160975996,0.4583354762962929,0.0008738527427769254,0.0008591175384774452,9.176092744538278e-05,0.0006735141842724086,0.002871168698608244,0.0017846237401140806,0.0004186353237575905,5.703572701947412e-05,0.0005340006977217152,0.0005496436368403179,0.29537096758473147,0.9998718172010694,0.5065133063874409,0.9317781171671555,0.3719368388914539,0.5834479135916933,0.5292413519683188
0.00446960300959203,0.4496122459494772,0.00031148773579663054,0.9108835080055449,0.003916376059491293,0.001816691656668032,0.002224779944135993,0.001717996372835017,0.0051244159193648145,0.0016355218197798612,0.0010239997512342027,0.003208411714246828,0.0010756521454674593,0.0013929560881291141,0.001151028486451627,0.0024520946450175074,0.7083803527483041,0.0004562853349649254,0.9928131373117578,0.5134323810077204,0.5774718650580157,0.3969435068966789
6.408854135181412e-06,0.0001653334647252119,0.43673374471619214,0.00034591596049543007,0.0008344563919966613,0.0020140863358427985,0.00025489368214035447,0.0016509553445800446,0.9051701498527794,0.0006563685170135229,0.00041302959571473045,0.705239424579728,0.0023260019092313055,0.00035911683675382154,0.002871506827930289,0.0011756689609217733,0.00048793444727677777,0.999766835081185,0.97199301925909,0.4901158624534372,0.5042053155852908,0.392422545794357
0.002189433801284513,4.9741914444224393e-05,0.00025910485265703587,0.5718505211748259,0.00042642489306128574,0.0007827044899113348,0.5790739852337452,0.0001015109962283123,0.5803679711783644,0.0005286396900290544,0.00033641901167890493,0.394016140722118,7.931212717139256e-05,0.503234611462223,0.0008796519918910896,0.0004735898384331759,0.997221940758872,0.0684190898551153,0.012857435283637142,0.49539879612298054,0.5185920276551512,0.4995342020133251
0.0006679725354559471,0.5913496562776455,0.0005358757440397341,0.00849307610388959,0.6027548163091035,0.0007374977418866826,0.002808718495530062,0.00021273116232431018,0.6159630862414537,0.0001658903330986361,9.973100845540222e-05,0.3952083439908243,0.00015804577043179973,0.0020758897497112376,0.0005654159737908588,0.5052649502582949,0.008973198828672965,0.0005849343362317461,0.999200380759617,0.7203300101630216,0.4522408776421135,0.40992850159047717
0.0005554184658269945,0.4486849526521189,0.0005599596361593889,0.0003809051047470254,0.0014318985706069402,0.0013934036033816342,0.0014422708279139555,0.8915906894900871,0.00021405989299966876,0.0013904544125456217,0.0008793901080623417,0.00013538183768272035,0.6990985039264779,0.0020036460379811564,0.0020079966233534237,0.0020076371094733267,0.0005304327617855437,0.0008055683670044208,0.9991237102302388,0.4609589533690121,0.5710957057277944,0.5042133258022575
0.5778485720436323,0.022258296823434793,0.0010318410678222174,0.0006057841554056369,7.689102132566748e-05,0.6029291001445217,0.0004934668741282923,0.598408932461015,0.0042421613954161715,0.00016316923990958483,9.961658042105547e-05,0.0025898924401931245,0.38911846227398034,0.0003678748928110119,0.4990388339354638,8.094277958587293e-05,0.0006377059504044816,0.0011238207736115613,0.023436535537306458,0.6523648878209651,0.6358207883276676,0.46678147136477155
0.0021874414010680447,0.00029360020727374687,0.8768275883205435,0.00041787413724441905,0.0013572433445602303,0.003242826589117364,0.0006942509796118324,0.0005927728444282694,0.4491299411693518,0.00029642920795094245,0.00018642248909563064,0.29265415833391284,0.00041597543732628745,0.00048718733805098546,0.0023028083951252645,0.0009524458635993369,0.00029394222153753143,0.9982445882972657,0.07489334078905574,0.5934689697857494,0.5595672190613187,0.4994150646802372
0.4450271458449864,0.9186563770670843,0.0026450100382338667,0.0027713746270649807,0.006431627497324,0.0001983816834611846,0.00013436149967389156,0.00014677706959097568,0.002920048740309032,0.008066244112767485,0.004986119126202532,0.0018050567151541837,9.073192591715906e-05,8.305710003359652e-05,0.00012263191139907578,0.003975810147547555,0.0017131924881710276,0.0016916913373537542,0.701458688081972,0.4586912247571469,0.3696742551363036,0.3941484324220357
0.009866965743080314,0.6182524309115719,0.0004079073511260657,0.0002618634914595705,0.6064692567029697,0.0010631231296862884,1.5246533323973126e-06,0.0036083706529077084,0.0007164376247449603,0.6147068875401251,0.39293661026818405,0.0005266000594915015,0.0026522534063857595,1.120669348903848e-06,0.0007814299679889392,0.4938307763228442,0.0002696054268050986,0.00043450680626078153,0.9893750738048557,0.5670622924634787,0.3045078148532179,0.36081809775759294
1.0553659282884672e-07,4.0741881801928055e-05,0.0010387379748311365,2.0241708556234568e-05,3.193496876007839e-05,7.088245113788081e-05,3.2388513685542007e-06,0.5792668102860332,0.5783445895888526,0.5806703383998887,0.3920085597703078,0.4978384514081147,0.9988195286195971,0.001909681042139435,0.04394933312698963,0.019316722451792615,0.011998120943944254,0.9753853988907923,0.9981662928009608,0.5019376455714071,0.5725014756490461,0.5091581082792878
1.665117098801449e-06,3.02897138390728e-05,0.00478124332149473,0.0003610755114194562,3.366639901373775e-05,0.4518286761885733,0.9040974344192548,0.00010474488168130834,9.045299453662549e-05,0.000250539830652795,0.00015780606481960446,5.697310241326557e-05,6.597505067111741e-05,0.7049413908864389,0.9930115150532669,0.004321017017302791,0.04638508390241145,0.996095510313279,0.9634388173519772,0.5633720839260838,0.5538067472302255,0.561760012525589
0.0035393554713456727,0.5810521007684367,0.5695369252173802,0.0006140239854630689,1.6631242569393974e-05,0.001474275628528111,0.588608895649938,0.0008246944385115085,0.0010867978654066387,0.0012606600539024513,0.000787537656834425,0.0006789259646656812,0.0005178731474659043,0.3920145077307397,0.0011553437054691008,1.2844882888090464e-05,0.00047100978025864403,0.5016656914942755,0.9956384602580617,0.5462396496109769,0.3699125962335783,0.49601013022468743
1.2935809542764688e-07,3.2556770164392625e-06,6.287545539558871e-05,2.8442075389071497e-06,1.9197425974951546e-06,2.3570580809558954e-08,0.967461249161932,0.4846521318788903,4.904518278490154e-05,0.00036912180600933065,0.00021716791459200629,2.8855083361568998e-05,0.2956521543808939,0.9999570804615937,0.00023006042496667017,0.01874033624653898,0.027781710778488518,0.9681381641033399,0.9735606382814747,0.4619622820748264,0.6818877329038775,0.28197010633340835
0.5087736778905222,0.58489746203183,0.00043704763004511,0.003772430521497883,0.001501981811393563,0.002199847277473137,0.5785163011822343,0.00015969242490978012,0.000336943196071151,0.001457494124314739,0.0009229664531435848,0.00021337135094474962,0.00010112621431485508,0.39035368525622505,0.0017237050143088795,0.0011630083542226574,0.0029244914589629145,0.0003501332333170868,0.5038905067148952,0.5061653196635085,0.5024432085005427,0.5725859884312303
0.000544550129629272,1.094111010700644e-05,2.4029838567286793e-05,0.0005567310913282864,0.5720099425049049,0.5785438449500784,0.00567917872582502,0.0028953532324889645,0.582926769346997,0.0076478394790358475,0.0048644087600714925,0.39578535981445995,0.002265531647758761,0.004443850855608099,0.5036149782871716,0.9991327384636435,0.506645770850498,0.02903925198193763,0.012789254098399316,0.4821379728722317,0.4772451569808738,0.4917169911119497
0.5520347485292999,0.010744137803864913,0.565395925829107,0.003947360802003891,0.0003489825410390723,0.57438727858035,0.00455580701529548,0.0005055108989271258,0.00012743348576909385,0.0018310464519343324,0.0011404256544242754,7.93691345630974e-05,0.00031484632285897466,0.0028374936240553733,0.3850739475339718,0.00026424144629735467,0.0029888607493828412,0.4898595325281432,0.011326685972107953,0.4835979963368105,0.6408557051547675,0.4548758734481915
0.005666245814493051,0.0006872746916544544,0.8828076794413554,1.070938066233855e-05,0.4502065503508201,0.008561748766907096,0.0022595107152427706,0.0010771835696103554,0.003082796926213957,0.0002645402188702013,0.00016371477552528258,0.0019078391009710901,0.0006949213192479069,0.001401379832195137,0.005761402415119503,0.30205411092699835,7.710912264331533e-06,0.9953169334561983,0.0713022956430327,0.592677017909874,0.3636345955881008,0.46121696976835713
0.6371811961570808,0.003154754214775588,0.002261842094474065,0.0019292793386214379,0.0002610227151298751,0.0012514240922902903,0.00011627998388263455,0.6289186569127112,0.6358901017351319,0.0005187288576930167,0.0003007198166097235,0.3931606618121482,0.4958373403180018,0.000116174553942687,0.0012502902557636425,0.000260786561480309,0.0019275369251992689,0.002338048389305889,0.0031519487888965556,0.5120915865701264,0.8057745004154359,0.5670652236402132
0.0016758726585719631,1.621975657024927e-05,0.5747060453416492,0.5937129067035867,0.005032638624703669,0.00019589890257718694,0.5944385830096497,0.00016682473830294142,0.0006285403160439678,0.007817591051589254,0.004835125453269057,0.00038875529378948315,0.00010318193891491667,0.3919620886389026,0.00015018958707116415,0.003812875419033266,0.4995216456178245,0.9980373345849478,0.005632945083928087,0.655541694942514,0.5158826679158173,0.4301976999787829
2.2773812759493168e-06,4.9764114813913725e-09,0.0015086848065401575,3.4542463131807416e-07,0.001973615988905482,0.57314498654484,0.5845898665890812,0.0014714633693893703,0.5848027218246851,0.00010030703488396665,6.322417832150841e-05,0.3931163666015657,0.0011375503735183588,0.5025133142863172,0.997238041969448,0.5739974556102552,0.00014121685970873953,0.9989451679984317,0.0012249356371245024,0.5986808152329095,0.5130821281543061,0.48965037096071995
0.2155982070019286,0.36048778062512943,0.40298525583018935,0.002296260231154991,0.032708526604264584,5.120684222157261e-06,0.03736960405241826,0.0027983226255242494,0.028172823519598118,0.029312873392392035,0.017146539154357605,0.016485496460683976,0.002634191583795239,0.027984710031294935,3.6718611020077454e-06,0.03819497829378589,0.0017543486752016457,0.4706410159800676,0.648531433501881,0.6314333721056893,0.5294877897549743,0.2348190427084571
4.424668051441988e-07,0.0011511210679182014,1.1209408786459776e-06,0.001083391538740739,0.4556769444434812,2.2527112647869066e-05,1.1537139058037181e-05,0.0007587920209818056,0.00010787663729224046,0.9126085834474578,0.7051810674393202,0.0001507117934121914,0.0010600901563657338,1.6118275516230894e-05,3.1847807128017845e-05,0.9977890711107846,0.48146555194129226,0.0006413911392878094,0.999722101218607,0.49311540551644206,0.42602383026721746,0.3794651281314072
0.0035021957473594543,0.5749516296908713,0.5635573520684333,0.576243809825587,2.0289737624786753e-05,0.00025030490979609796,0.018712493052945655,0.000172028401817397,0.0010696730828446061,0.0012442088218053654,0.000787537656834425,0.0006770635338731658,0.00010888766297981352,0.011845004678219084,0.00016035283141706714,1.2844882888090464e-05,0.3895281314223822,0.5016656914942755,0.9956384602580617,0.5462396496109769,0.5602826761639454,0.4975489930632358
0.0005550140517092239,1.5983627218251284e-05,9.28887644786747e-06,0.00013323653817681652,2.8850146165997743e-06,0.5787530912042086,0.5747008570155482,0.0013926720433195823,0.002654195503267784,0.5834824522780667,0.3953241491972019,0.0020716806414476864,0.0010870274231542729,0.49776331219841297,0.9993445697271284,0.0030824070329539474,0.14356749634560198,0.010535328321588442,0.017525621140512003,0.49086365363383444,0.5458139971937568,0.47426631678654085
7.361689271613755e-05,0.0008513614818992892,2.0213568128588426e-06,0.9147438178903731,0.002587419328015056,0.0002755416365414342,0.0001872862002824669,0.46080362469516534,0.00033006229372371137,0.00010501025210377283,6.507601016332186e-05,0.0002045432440637568,0.2977947166721162,0.00013003219020467306,0.00019590898285112905,0.0018130383603266187,0.999400352529572,0.001542907726903622,0.938278386929411,0.599078516519897,0.6249342366618091,0.5431252698369079
0.005523921557197249,0.9374274720747031,5.5507437244913604e-05,0.000818101299846144,9.278017150018022e-05,0.0034970081234803672,3.139890587462469e-05,0.4668199281824341,0.00025238783620583273,0.0005157135012527844,0.0003079161542223958,0.00015069277514379427,0.29011286057548014,2.0877889152016256e-05,0.002412012004968229,6.226225183766573e-05,0.0005452753787230425,3.8220116477407414e-05,0.9958286866324542,0.25776135246259013,0.5831320065364064,0.474457017438436
0.0016894920106527613,0.002212475058282912,0.5681924822554588,0.0003884471824362829,0.5908093276157722,1.643895238036384e-05,0.002288340081297473,0.0034443844780199986,0.001145057836035865,0.5858010481212516,0.39001588002345644,0.0008746203795154317,0.0026309058240138435,0.001747902745205171,1.2556596124875963e-05,0.5015871004339572,0.0004206590127606614,0.9969337308281909,0.5709784008039744,0.5994350200078333,0.5839975469564308,0.4576200749926932
0.00024304317101274622,1.8692845696047405e-05,0.8704390354436953,0.006759573751813989,0.00038853369399963764,0.0040061963835092956,0.002018230261601813,0.4385578311368918,0.005095070165465637,0.0002919262082028012,0.0001855252984167676,0.003238039233371718,0.288489168809825,0.0014266376518817323,0.00286570150557291,0.00027464822443063874,0.004789664613600917,0.9998044380312059,0.04304895412030202,0.4958301901080816,0.5187273582686253,0.5368850412566226
0.9080880600736755,0.003521942540199545,0.016752333313866257,0.004295542658609516,0.0003733072118900079,0.0011190484815289453,9.336532718691692e-05,0.4475590227806813,2.6640597888488443e-05,1.741170819097772e-05,1.0947206117088758e-05,1.67496556358138e-05,0.2914688718199585,6.544104097749696e-05,0.0007843566613790995,0.00026165636218805806,0.0030108186584931118,0.012149342756236359,0.0024690634254058525,0.47680971517050474,0.4593302852149018,0.39820501907267036
0.5440831486437845,0.004580256255841533,0.0012931157538655473,0.0006787046523014941,0.5945419075433774,0.5861880254384063,0.0005814130859635943,1.653008045401179e-05,0.0004190993571066648,3.508485982305034e-05,2.1645579471295672e-05,0.00025856305937307727,1.0198222298825831e-05,0.0003587024412158107,0.38988478011052935,0.49734164360232647,0.0007206950329712296,0.0014206593953686557,0.004863690949244893,0.48190422788783244,0.40925796575469936,0.6527150552304076
8.944130322703327e-10,2.0080408725821304e-07,5.721145268202213e-06,0.0017805410107905855,0.5850693656628763,0.0007873895531480955,0.0012582058111000234,0.0002805506931077764,0.5807546696159605,0.5817146501338843,0.3912064173671181,0.4976413459388328,0.00030526755890801787,0.0013690564717238492,0.0008669891922148442,0.9980602992484833,0.9978848962999843,0.9784112541920663,0.9967797555231978,0.4755966132642016,0.5578800909203212,0.42926033829138266
0.010069789625411062,0.5590757473369221,0.006303074872565345,0.0009213493169531482,0.0056275166903815566,0.5650182020305069,0.5762861023705692,0.00018667808883195459,0.0029370305038838025,0.0005970793482737822,0.00037975855355982624,0.0018680334397868468,0.00011935132844296047,0.3905812588358015,0.5082122415111687,0.006390380070595959,0.0010294227257095707,0.007275513475381336,0.9872514470397555,0.4964141369325958,0.4939559868207846,0.4702888823324668
2.354706048725744e-06,5.6687597557863395e-05,8.475722947807406e-07,0.0005284984365166778,2.8368111321797665e-06,2.8242041394950042e-06,0.4519937416057099,0.9022094073981082,7.205467860981954e-05,0.0001884725927980241,0.00011841016599860047,4.5269216250913243e-05,0.7056535050965486,0.9992493768791931,0.0034995618245971536,0.0034524992998947175,0.9306195578410023,0.009640078313778694,0.9706161095917798,0.4764432054172975,0.6125679847756178,0.5087495584791861
0.0013843110047032368,0.0018675201279034857,0.0002501794130362174,0.00019822499247920745,2.433701006660672e-05,0.8894784420422804,0.00020492491044017317,0.0001171079598531815,0.4527025720768283,0.0006221985828092632,0.0003931430670573576,0.29666645712203704,8.282776910993757e-05,0.00014493868248150886,0.9982838954318,0.006385589090356469,0.05207041794408557,0.06827605020240317,0.5662825217618122,0.48629180875466904,0.5848772981173109,0.48820044546731906
0.5859573602345661,0.0019729800036689853,0.0035918277127395494,0.0004022823311271049,0.0008678810402002451,7.281880667458006e-05,0.5820862333151597,0.5807088541172758,0.0003348362724200748,0.0004770959191626504,0.0003008230654153224,0.0002111241768776881,0.3901154083082135,0.49788191331974535,7.911274705473318e-05,0.0009428948619004361,0.0004370532741658547,0.0039023094427333427,0.0021435575681088156,0.5633025521359024,0.555968212094271,0.44980719786640655
2.8697715531162475e-05,0.00040695876517411663,2.982864255002024e-05,0.4605620392110186,0.0010114810691404085,0.0008712932033193466,0.00023744541049547355,0.9142176892200117,0.0003372194907278432,6.939411379996605e-05,4.314564057967922e-05,0.00020966549512606248,0.7026108719703096,0.0003278270449208736,0.0012173043786375352,0.0013964967806027865,0.9994347262404241,0.04803205316486041,0.9491257482869613,0.5952455263663897,0.5033882602621071,0.6218046025704429
5.122746921142902e-07,2.4984773946680086e-05,9.563892913568e-07,6.493756620504281e-08,2.548414933977352e-05,0.0009005423323347336,0.5799023430703573,0.578476076527627,0.0007168188002857495,0.5721417198185801,0.3873833907647156,0.0005556802315656386,0.5008695995676417,0.9989868295673081,0.97513006475695,0.5058254762281793,0.0016409454875086235,0.024973368262571197,0.9853212853993341,0.5022464709846516,0.4794458971147239,0.4786872728816371
0.004444563811911974,1.0,0.0027063852196558143,0.0001204134050274191,0.0023053514948515683,0.0003143316131959696,6.6535169037712e-05,3.8127622164941544e-05,0.0003348851248095736,0.00042171361732900686,0.0002663840800959206,0.0002115370931658163,2.408409948170515e-05,4.202831283662493e-05,0.0002009242317953866,0.0014562241997037983,7.575916337846891e-05,0.001770302587467576,0.9968116106575857,0.4504964017390648,0.5549076330599478,0.45132065115202025
0.0008157650539872896,4.478130225503761e-06,1.667106266045091e-06,0.5765657832512947,0.0017693703932491842,0.5839277006506981,0.5820451097381997,7.796629877554332e-05,0.0003468160598285174,0.0005992631794231907,0.0003792003733552732,0.00021945749721719032,4.933534363984191e-05,0.39274880752129426,0.5040366755308638,0.001953656357080728,0.9990579558769741,0.0012870182794601035,0.003341484258967853,0.4909612129851744,0.5710525386425188,0.46931349687106105
1.9165613488235192e-05,2.8807321654849017e-06,2.3862898602118706e-05,3.2896570864206165e-05,5.781082165195298e-06,0.9974139875520702,0.5045986682127797,0.00011718153726509072,0.000149866296099273,0.0026025971002581806,0.0014682934224124404,8.454942472893578e-05,6.61098051967046e-05,0.29513620988742273,0.999970416918423,0.07866885428801967,0.49717780373380227,0.5375048499026857,0.08441867520517979,0.149345178888157,0.5112709957504563,0.5731032839587752
0.0010527043524987962,0.01072320124436185,2.523983756872438e-05,0.599203074842991,0.0027407856766258013,0.5966994891618206,0.001967051766182571,0.5837278366194325,0.0003301633182417869,0.00010129675091908174,6.275550455710514e-05,0.0002045432440637568,0.3846040289465391,0.0014807299011361241,0.4986124756182344,0.002911440609427797,0.9885536307135587,0.001542907726903622,0.9377022003299169,0.600652771796864,0.6249342366618091,0.5431252698369079
0.0002721690578809348,0.00038602089389825164,5.42763799177075e-06,5.05819303300884e-06,0.0004879698178287494,1.175393652793539e-06,0.4584807525172517,2.8497054005659914e-05,0.0012773592756027993,0.916980368211742,0.7048367125334792,0.0017736602846776005,3.977543500686162e-05,0.9990199437019501,0.0010997172566277664,0.49752507478646046,0.006442552569001225,0.007142155474005313,0.5767054723645655,0.38333404971932716,0.5395301463052594,0.3998078671742146
0.5672527363835316,0.5573905704697517,0.005118239277981115,0.004704705261258986,0.5889487851769121,0.0006354142494155427,0.003297205795925209,0.00036484856223091577,0.01121945583408435,0.002669195318711125,0.0016910853040394249,0.007108320481162884,0.00023116703578623943,0.0020891042767037437,0.0004025989160267463,0.3987187642513168,0.0036792492998349424,0.004141299069893123,0.48016106191449404,0.5329803292563876,0.5497965630898933,0.4643732729598704
0.009830545789076568,0.581440930668127,3.374458194646253e-05,0.005536078514983915,5.146632692737541e-05,0.00224409334990543,0.00011217125519153108,0.004239420658275949,0.5802556308515759,0.5928888402780103,0.3979688030863346,0.49927543340347524,0.00464068975085169,0.00012279064996082627,0.0024565506357426183,5.6339129481512836e-05,0.006060322827293425,3.8220116477407414e-05,0.9887442294152766,0.5161264675356462,0.5831290067125224,0.4227564388895909
0.0006984709423910343,0.5832926886141868,0.007779247043281553,3.5406096571881894e-06,0.5876526444777238,0.0011116731827478163,0.0001481881887747676,0.5811013176783622,0.0022557354668969075,0.0014202733627018973,0.0008938132642479747,0.001419592403539783,0.3895636485491214,0.00011393258988196461,0.0008648986173602075,0.5023398343899853,3.86846664921307e-06,0.008783842324415366,0.99916001431416,0.5150484153713435,0.6007352476633883,0.46509991641652787
0.5398508674141089,0.003010477969397178,0.0005480472745691097,0.5756106394297356,0.00024084486613675096,0.0015848955688838673,0.00046741710746203046,0.002409407010077664,0.5783339437144983,0.00010384281222950166,6.563454986717805e-05,0.389364835813262,0.0018600724818882142,0.0003608490454937369,0.0012381563360966419,0.00018593417652850255,0.4918745154277345,0.0006113125228945516,0.003245648033571878,0.465935274209992,0.5255810779928678,0.5735155551264491
0.5383225278945014,0.003346143620805498,0.0032534880725152595,0.005674680872987493,5.801646753510732e-05,0.001649848277698546,0.0007044589056746803,0.003766134519966198,0.5962322519164838,0.61234134179524,0.40062640580531916,0.5016110617088126,0.004041676115878107,0.0007560095479385185,0.001791719240689063,6.226225183766573e-05,0.006097201691038185,0.003612653655627851,0.0035912640268187523,0.5161264675356462,0.6975969769754988,0.4673776196591835
3.95607420988515e-07,1.1940716165696776e-05,0.0008633353925483646,0.5800274880026222,0.0001258578335042424,0.0012528850358881807,0.5830075617033299,5.370569385883151e-05,7.04182792218497e-05,0.5820299066021938,0.3920948208194356,5.4512160862938905e-05,4.157462330059425e-05,0.5016416836791673,0.0013915888593952117,0.0001381424366775543,0.9990195018971177,0.9914840927476455,0.9760582319522368,0.48521255413980446,0.5852436071105521,0.5044611802361361
2.8715778193506337e-05,7.849767423404025e-08,0.0007438062647153046,0.5846538783714773,0.0027672977343503823,0.003273059947791177,0.5870603396439553,0.5843356976574224,0.0009177785268823475,0.0007882439333687682,0.0004945554907629617,0.000575827537335427,0.3906860332967981,0.5005410481772896,0.0035978694632480953,0.0030060763872436324,0.999163283705745,0.9730382602075833,0.0015323875984602862,0.5530848365922744,0.5965105342256731,0.44960208931950163
0.0083417286257817,2.894250796365875e-05,1.3152097651070216e-05,6.56478520379783e-05,0.5756649220539019,0.0015871556223059332,0.004449568235001926,0.5817647163196696,0.5768343168405022,0.0006219664136384854,0.0003954272288027914,0.390824131572817,0.5033077672833974,0.004920033502278322,0.0017550071795380418,0.990352457151028,0.004790326715244764,0.0009929544530331569,0.0021119824107366236,0.5049849533305648,0.49444670686315395,0.46419657067901116
0.002447910853501939,0.4903361438585713,0.0010454392237230984,0.002653939143614063,0.9740935268576437,0.0025048487513750764,0.0016166198337864114,0.00023144092406476754,0.002685585258089793,0.002734636925170231,0.0015938291319924,0.001565245183727138,0.00013489146296966282,0.0009422201289733445,0.0014773392797015879,0.7011117790299886,0.0034052770943656645,0.0013946388967813936,0.9964186815233244,0.7218883630043682,0.3962122549703415,0.32031973797483926
1.958277957081564e-05,3.240420417642578e-05,0.005248899349882728,0.004984253369350363,0.9172507749533184,0.002188878995228068,0.0013447093877448043,0.00022625149901872666,0.002380237038566801,0.4586114019211489,0.29514936651324986,0.0016519446827286226,0.00015702461451230754,0.0009332647698229953,0.0015372782317268025,0.994884049636819,0.47272381519061557,0.9954362749546617,0.6260078805990725,0.46097187777708143,0.4036735269021027,0.3785839507935648
1.0563447457927205e-06,1.2348116840775071e-05,0.0008425519365092169,5.890360234813759e-07,0.569877554436677,0.0006279464143235396,0.5747034782579081,0.001244710691413714,0.0004915933802006556,0.5773224943351466,0.39098736798708406,0.0003822413917561687,0.0009728744588805408,0.4953592547741037,0.0007203182985626882,0.9990473950755863,0.00043077207276723956,0.9907572326531617,0.939623307026983,0.536251278707208,0.5213542537933191,0.4929151737756527
1.3108435685047066e-06,0.0001760497222854704,0.5874342522127007,0.003028154461862807,0.0002826894639990102,0.6030609909430577,7.622876151541334e-05,0.0035662642691510096,0.005354290965924294,0.5955068796203016,0.39192065907314805,0.004048735603675496,0.0026967340889604828,5.764293223345634e-05,0.5083516718793282,0.00030635477676109165,0.0032816708169506386,0.9998092044562794,0.995259898727089,0.3271338779278198,0.47379521741552033,0.4742470647920963
0.5558570348819001,0.6217273283570954,0.015614872622547023,0.6161461289518485,0.002189863473817461,0.0002998495284338912,0.00037178535579222166,0.00020268526757194401,2.78962307729647e-05,0.00010457178078810866,6.245763119946263e-05,1.6661593463655343e-05,0.00012105791560027324,0.0002220564040850541,0.00018122911621295135,0.001307941752885201,0.39238285715676463,0.011825811251201856,0.5071090769700461,0.3602712088145059,0.691411582066032,0.40141274103799657
0.5478821861205562,0.003846829702840595,0.007196775370260421,0.0030929396656354806,0.0044093627945860315,0.5809210909388995,0.002672833124606172,9.707697935875476e-05,1.5108557612065698e-05,0.5806308658246346,0.39188295196353673,1.1715737362889746e-05,7.527709964982323e-05,0.0020726178664786806,0.5080977369949894,0.004898229100844318,0.00343593854693334,0.008271983146260653,0.004273867384683383,0.4323674696425016,0.5178551360716002,0.4742470647920963
2.184829564184711e-07,1.705078569613135e-06,1.8239788396802174e-05,4.500793638139529e-07,0.9144647211606689,9.417229389418951e-05,8.779189565005928e-06,3.6355043731780404e-05,0.45091902979951104,0.00025465469417555026,0.00015900257454164998,0.29164142906799567,2.5309166100646635e-05,6.1117782910555685e-06,6.634220020739303e-05,0.9999868040675538,0.015153637024179045,0.9420342896174618,0.9080053856338898,0.5956101938936845,0.5923643415294976,0.5438454757369654
1.5997783664428245e-07,5.937179343952483e-06,2.7571383116917854e-06,0.0010322904369418618,0.5749743117406017,0.0021168577936035693,0.5772589400532138,0.5827910412857696,0.00014708511970038923,0.0006090850194514984,0.00038708365625630915,9.34750508009009e-05,0.39528804329155465,0.5012595538192901,0.0023717789457989792,0.9988556710639189,0.9959411723732042,0.2850299753219733,0.981104324690151,0.46780081160048154,0.5017174168208586,0.473615321554495
0.00011849467147244544,1.2161254887257487e-05,9.430272695778683e-08,9.176993067439734e-05,0.005517016000535076,0.5617922791592623,0.0005111914240122662,0.5653938394208129,0.0006837173903118685,0.5748960872659828,0.389468048203911,0.0005311716100115724,0.4879199584530491,0.0005512778086992475,0.9939092132283205,0.9815702130195768,0.3804725602289598,0.00046002569580949875,0.058592483754243224,0.4964140041983419,0.4883663161634538,0.47080396766788846
0.0023935787540474663,0.0002419778151744122,0.585330765588931,0.5811246399523873,0.004971145680589231,0.5749796172581998,0.0029058145468927924,0.0003954285656504613,0.0031785198789261,0.0027049650608734987,0.00168614348534003,0.0019813423281740405,0.000246492686533111,0.001811358861427284,0.38589892833394446,0.0037706062845888006,0.48685954337664317,0.9971311816286784,0.05652204355278756,0.5958383161806382,0.6037912798992077,0.46354059381589613
0.36810524435590547,0.0040952600111308045,0.009192582354159682,0.0016048611230793555,0.005129380569374582,0.8028882317856892,0.005562543623379926,0.0029323791295638403,0.0028855431095692564,3.7434209621342075e-05,2.305830729051738e-05,0.0017774069991909947,0.00203331304243187,0.0034338468257467604,0.6856770818376524,0.006959443625853239,0.002223975714949605,0.012385297497417291,0.006163561722689115,0.492223970819591,0.5847329502629732,0.3378711315868197
3.232626907710707e-06,3.30222219106799e-05,0.00022212974674306094,4.472214399183956e-06,0.00029073321176735495,1.0,0.00026095559454591174,0.00020905106269937423,0.0005385910419128544,5.395766338778214e-05,3.394529496881773e-05,0.0003388329204399056,0.000131516092499865,0.00016416975133305288,0.9997659026340296,0.5708987418161835,0.01225963100599297,0.9086792575271379,0.9350487959378295,0.5997454420014342,0.459181598958649,0.5179488141177764
1.2751455406420013e-06,0.00010744548555567887,5.742079377058531e-06,0.0020939448152938927,0.5934482399057995,0.5712798981304161,0.5876922784225878,0.0011475119652907917,0.0021346974824153196,0.0015460718488532746,0.0009689861025520597,0.0013379037430571298,0.0007191947116606241,0.39278160891961716,0.49165789677935534,0.9977453692116948,0.9670723025514434,0.03485493130287126,0.9915026537845575,0.5140007763013381,0.3782344221094196,0.47279371029492373
5.140932341196303e-07,0.00012409296536164475,2.1502011437058662e-05,0.45092155320180555,0.0010508108255650919,0.0005986800387443345,0.0005009199964480067,0.00011406626900579143,0.000522158969393893,0.9007346802543483,0.7047212345447713,0.0007377783174386317,0.00016116865462496505,0.0007077694480743905,0.0008559966921121933,0.0014847350001409654,0.9998201883174777,0.11196263693266023,0.9970336041532596,0.4745807301476519,0.5794862970724647,0.5132669948949513
4.885672823340326e-05,0.0038078033758096575,0.00011725644756949591,0.5772436389366841,0.0016376843888657579,0.5655975547588977,0.013242179015164198,0.0014993329143320085,0.0001945160085357489,0.5765968981977794,0.3905820919046833,0.00015123280896744284,0.001171778353557393,0.010296030034541569,0.5003118207834312,0.0018184497244530336,0.9957674058184578,0.020096889545899443,0.9908133485053239,0.5045935193611999,0.5007949217732979,0.5379980185480612
0.5538507826297844,0.007985268851620236,0.002475964479256867,0.0003078782385575458,0.0013596868725580956,0.003893425396195571,0.010105855322661733,0.5831286602280814,0.002330768792358993,0.5787264382581248,0.39050970498929904,0.001805030383234527,0.5020378371322578,0.011104301122109195,0.004329631769937306,0.0014942096879795295,0.00033833930625592925,0.002815144188673082,0.008775685390943921,0.4853365023930807,0.5713074094729896,0.5051825834261414
1.5064257884682134e-06,1.586153885615607e-06,0.00020099975177559622,9.759142482539133e-06,0.5790281596139522,0.003915261704418287,0.5791227695107317,8.171009753860343e-05,0.5836736950621657,6.435760088146914e-05,4.0740819564080006e-05,0.39419974616614767,6.351855218030968e-05,0.5000445337697363,0.004356001134892262,0.9997710925191499,0.029851858876206235,0.9931563594335351,0.502146928482961,0.5313301927964196,0.5649640260647246,0.47864930737613537
0.00018215581796852045,0.0023298422168379494,0.0002452688276532737,3.3314180379842356e-05,2.6935034135375017e-05,0.5923371311276173,0.0016630030758707178,0.5874078726242252,0.592261946603367,0.00014544396656531876,9.014150653793912e-05,0.39122952510127335,0.49355957119227967,0.0017662257066078187,0.9975008057508918,0.007287230442106829,0.00901346443276624,0.06879815686731115,0.9436224601251311,0.4026114964719479,0.5021415329331309,0.36695316592837834
2.944924042326854e-05,0.0010556286316754087,0.5826893807915061,0.008359953761185632,0.002748398002185664,0.001741757337213892,0.00041410106365528124,0.5998844910625878,0.6039053654159772,0.00035648878024957547,0.00021712852423951885,0.39215886428569,0.49975973582184946,0.0004368522581826357,0.001906015011774104,0.002966913650820316,0.008840694118180382,0.9988619669661454,0.9802579205252083,0.4685867318857883,0.6827676406621357,0.39592032584346554
0.0001952019307491135,0.009341672495241277,0.5511050850472816,0.5803061646586097,0.5891659919781034,0.003121038693098799,0.00012689125272324233,0.0018865476999430375,0.0006589481211329281,7.935515224127319e-05,5.0291159806840446e-05,0.0004176070081644001,0.00119559657519192,8.041722239452036e-05,0.001977958783117962,0.39899877793718797,0.5055576743766241,0.989568543561073,0.98669924184221,0.45303588631634895,0.48068330413542176,0.5441908695454223
7.164246143526691e-05,0.002488496823525104,3.223798182397278e-05,0.00012038109798673031,0.9057268062464898,0.0018095591359890669,0.4514527377277459,6.521301058847712e-05,0.0009584989004577033,0.0006040381698837629,0.0003799796430700763,0.0006029588624371695,4.1023285938558316e-05,0.2943720453961072,0.0012719014403902566,0.9982478888639903,0.030755835510472007,0.008528436938743611,0.980837565680455,0.5630002916279567,0.5848995477829506,0.5288379249978028
7.216239762930602e-08,1.313755100197297e-06,0.0011785012470862293,0.5832439330405186,0.5805410079046852,0.5739233096885041,8.832007385153392e-05,0.00015849899891599482,0.0005731481703863065,0.00021970403040217566,0.00013886464242071509,0.00036226017859859836,0.000100179822698624,5.5822998782704405e-05,0.3912483791191327,0.4985207387401202,0.9986691139402091,0.9993129340300149,0.9634684634126023,0.4980426398825781,0.5831062154824267,0.5177331402048154
0.00010639353535614019,7.128042918651587e-07,0.5732746915113599,0.000950033365565437,0.0008793676678078684,0.00041927003026251495,0.5947445575887194,0.5865345180016157,0.00034401633308880144,0.00024105605828809106,0.00014979549359292937,0.00021377640829494532,0.3880718325868286,0.5008686998587075,0.00045538874617942157,0.0009438557920905533,0.0010209005788159482,0.9998703102408263,0.003755634288636087,0.5948254553113977,0.601656117807831,0.5717258739695162
0.5975756653216211,0.003094309987489215,0.003318746068821482,0.0011481288966533824,0.6010370925495505,0.0031256737802877036,0.001972858399260354,0.6158548925159227,0.010173245928660372,0.0003291041408242662,0.0001969851153835224,0.006089284199138335,0.39315504543819646,0.0014484520511170488,0.002294846004686083,0.48756336036254533,0.00116949175426574,0.0034975548189534983,0.0031519487888965556,0.6498687038902958,0.7024112915144624,0.5131641166955689
6.002679508902606e-08,1.4186812280574667e-06,0.0004978230707571673,0.9036850761435382,0.002552237178292485,0.0007409426974814464,0.0025190330161936054,0.0002661477078269332,0.45430266599309516,5.396951160883275e-05,3.396877507138619e-05,0.2965500437311271,0.00018749171908418583,0.001774572697930095,0.0005282010841051116,0.0017979715615990422,0.9996371551590459,0.9982445882972657,0.9703410142758089,0.4917533377178762,0.5901135939564739,0.44280243422294013
0.00013661310338149708,6.837960093908108e-06,0.0021985683034760535,5.476303065967575e-06,5.205952792608317e-07,0.002447546800379749,1.8339676074529693e-06,0.907249762960205,0.000480150599520547,0.4537164272629793,0.29521683524939646,0.0003369207088416712,0.9976381739685485,0.0003468767305886104,0.526432238481213,0.00014541219522397428,0.001529637440690185,0.9600198077512505,0.03044491279843492,0.5744117329834862,0.5597366437141594,0.5726439285172349
0.0024441164311491516,0.5766203979769259,0.00018218884151976548,0.001480334224955834,0.582066621299626,0.5688233144595344,0.0014819353864213498,1.0090870959067218e-05,0.002562793281085694,9.35915667188344e-05,5.950369678514209e-05,0.0016293758786325948,6.415600414666877e-06,0.0009421891122517276,0.38988478011052935,0.5029877676695058,0.0016362630420607136,0.0002081078488244871,0.9970266977599691,0.4928516512506922,0.5202143245437145,0.47066934021227397
0.6006157304562445,0.014000774469459527,0.5836995995295317,0.005151846792236583,0.0013664154462934112,0.0007718271491799563,0.0011376902285566803,0.005720813952142429,0.0005667794516760229,0.5895157981165546,0.38537597906529364,0.00042355974616475114,0.0042752521620539625,0.0008502264216089183,0.0005768075514946108,0.0010211603755971022,0.0038501455774767337,0.5016535289705042,0.014837366873648672,0.47961327913222057,0.6881572999884984,0.5122656575397174
1.635621353787395e-07,3.5208502875545264e-06,0.00035834707932975914,0.45202199247341374,0.9212041717522513,0.002618619844451472,0.0014535948003579471,2.5862057536143494e-05,5.732459212160069e-05,0.0019659272242295795,0.001219680746216013,3.556478897887732e-05,1.6045096630354664e-05,0.0009018260363051534,0.0016440165768445505,0.7096030896310042,0.9994777948895875,0.9939461318655993,0.9664448064192841,0.5900152795864633,0.3714950853063817,0.4611153313183337
0.0002592483767301869,0.007661683713478787,0.5652583669228993,0.008309049112011649,0.00012415060084260766,0.001235873907411965,0.5816092507538302,0.002760241936353246,0.0003464327142221396,0.5840623404322923,0.3920948208194356,0.0002672470958970919,0.0021404178531718955,0.49790013099712016,0.0013940167992433409,0.0001381424366775543,0.009057000110039404,0.9914840927476455,0.9760582319522368,0.43310053035029644,0.5777720556562146,0.4776573526953372
0.008066845144269,0.6221171900983472,0.001347957669600212,0.5947060701597785,0.00018684600282885028,0.5962994514632626,0.0013948430753561477,0.0010828691710309572,0.00013890062027464218,0.001467571092128794,0.0008888351222038175,8.412528090680574e-05,0.0006558407706304402,0.000844788617151258,0.38926838822889154,0.00013820496485285067,0.4856145593927019,0.001426979326840555,0.9906259534220669,0.5613672342283859,0.692325621707215,0.3981215861268777
0.0012528174495098968,0.6011853657980534,0.0015432847858500571,0.6092651337228595,0.0034680845975923673,0.0034892099887556373,0.0006040491883601031,0.0027143737287462816,0.6052791156858621,0.0014505182074420321,0.0008808435696939573,0.3918390679877116,0.0020188214901607285,0.00044926446887141175,0.002626102868737157,0.00257943391543491,0.5042474301730856,0.0016908183967105064,0.9985489066486863,0.4929874261180415,0.7058974270293639,0.42316829727990285
0.0014267686048006262,0.5870335302266593,0.00017173910444836317,0.0006095820451214012,4.112952506641393e-05,0.000488813521149953,0.5845811957544113,0.002300364864403464,0.5818608848377027,0.007101770544669633,0.004433773904615967,0.3866002187232032,0.0017579806827722174,0.49195481470416275,0.0005453786540806086,4.46894246556881e-05,0.0006488187843500413,0.00018883935862521023,0.9982794837240632,0.5323296515849422,0.6165196885398003,0.4286692869408234
0.003342016886346789,5.3540522647151495e-05,0.5665291229068355,0.00013049485256910975,0.5875918221331915,0.0035240899804552398,0.0021963429735064777,4.8119330592007055e-06,0.5859372324621874,0.001250616885154862,0.000783657955084357,0.3913439990813087,3.690923957988773e-06,0.0016846752152733346,0.0027031200573481334,0.5007801743176665,0.000141730140370147,0.9962033606796779,0.00975105907280166,0.6048727386154209,0.5604615559021092,0.4638157302551076
0.0005467387089914214,0.4817005348501911,0.005588589574052623,0.0006391313427396472,0.0010183307564221279,5.3197434640818175e-05,0.00016734126050035758,0.0004813157552408408,0.9594586002178708,9.051733571917204e-05,5.367432572387287e-05,0.7037677202696753,0.0006360626567850416,0.00022114290492890868,7.114006175182926e-05,0.0013457338564206358,0.000846632174270695,0.007641265846383064,0.9991794039316827,0.2964510249063994,0.5579338745794439,0.33024026542150936
0.45247208687380336,0.0016216690546331564,5.970520224989677e-05,0.9043765157235939,0.007810560376409212,0.0014428018870441504,0.0013661815499449192,7.116049044367737e-05,0.004833050682978275,0.013585499101714844,0.008551680636069852,0.0030424608701763727,4.479668647365607e-05,0.0008600337756791001,0.0009082683998697103,0.004916933213532537,0.704671309171111,8.691185684750382e-05,0.0022816482916746955,0.4707744147792845,0.4013919008249822,0.4715540630027244
0.5101847585530921,0.0008302416436174658,0.00016596699415449912,0.0003941493876591839,0.0010956065104102358,0.0027073298020611055,0.5744987796963351,7.215138686237638e-05,0.004971292164429296,0.5881285306324643,0.39759485630616154,0.003878700259098405,5.658788502148473e-05,0.4972942364098166,0.003085686956715634,0.0012318355170911066,0.00043410986275851655,0.00018883935862521023,0.0009316821231356021,0.46248736665253226,0.5596086187756235,0.47065668623404194
4.4664090839598164e-05,0.0027238865189838125,0.553994158136139,0.5772233241099595,0.0013899825991625263,0.0016270280569809046,0.0068199412455750424,0.00664584393119086,0.5783782324769141,0.00030761251442982656,0.00019576777758138186,0.392479931561846,0.005289300231136135,0.005331406463508895,0.0013490830439975257,0.0011106087035544728,0.5037285153823448,0.9967304769831802,0.9887974042659122,0.49323628555106536,0.5129694940912783,0.4892677407474267
0.001501127763208418,0.4507743809709576,0.00024595013037970295,0.0045064008562838275,9.184259321415684e-05,0.0009549771404967532,0.9066660260761775,0.0011955453361462522,0.0004887925805869977,0.001473757579291512,0.0009226595413458262,0.00030601333468271226,0.0007523820116018248,0.7008715123635552,0.0013874868553498954,0.00012995014451905058,0.006246108545741317,0.0003521864470663296,0.9976426413955173,0.5633379947258852,0.5860859826239682,0.5737979085753266
0.0051450463180405595,0.9454323829669832,0.0006401802625554813,0.0048592551360562295,0.001904598359526291,0.0033696915460576364,0.46837387067029357,6.895343287376639e-05,0.0013971377196341519,0.0006585606366029487,0.0003973482495755233,0.0008429754691911949,4.160369133658146e-05,0.29281336040157296,0.0022960240832590297,0.0012824437277619764,0.003275790009943381,0.0004459897534843007,0.9960655841242528,0.6027883010496171,0.6992834516557677,0.569623108628211
0.5342521006921855,0.5710373266419684,0.0022927620791233687,0.0029156517109264106,0.00014508644503111916,9.373054673905538e-05,0.002815599853691086,0.0004554237670857528,0.5842904525452726,0.00017568400172726444,0.00011134500024529391,0.39521199027390314,0.00035484783083304585,0.0021938064143191592,7.390329364137532e-05,0.00011304619051541454,0.002271776813628834,0.0018483013414986845,0.49265786109571164,0.5559139397098972,0.49625790301318523,0.4633887766052921
0.00242616056533389,0.0001254295782322575,0.5569010889600237,0.002994929735388179,0.5804467426937269,5.3221571100041516e-05,0.0004721625814018929,0.5782382772565431,9.80019175615193e-05,0.00036482025989801415,0.00023187187668989454,6.228790471134236e-05,0.39178145748056015,0.00036752308136904797,4.1921261929768796e-05,0.5023398343899853,0.003309015346846746,0.9970430439903607,0.02984777477627326,0.4842369698632492,0.5168575699981525,0.46674587121879435
0.005125562950519424,0.0001990895677838372,0.005560476618564827,0.9073270517790647,0.0025155507659150754,0.001733676684893503,7.971696346020961e-05,0.000966554560144454,0.00020290777051478452,0.45279423563461674,0.29466795198323975,0.0001423625983604148,0.000678146759027038,5.593043906284673e-05,0.0012163704338150876,0.001764948012661762,0.9944810982487153,0.5222514502228139,0.023633016304497267,0.5622412120800325,0.5840654763841429,0.44406572401908345
0.003681969933208265,0.5806577833838028,0.5564142572336251,0.00460462992620874,0.5872820576305846,0.001158368290544221,0.004979088377778991,0.0001594579590408753,0.00018784687058753607,0.0026739248690937,0.0016908660568752676,0.00011878592766827189,0.0001008340561039437,0.0031485648683467447,0.0007412533440376977,0.396521049625612,0.0035892238810536583,0.4972500991291834,0.9954156321645824,0.5002982525101245,0.5699631850797476,0.5430432557881721
0.0005406400726970704,0.000565735518871237,1.4482941805924123e-05,0.00080991244454086,1.744745415131814e-07,0.46741610930216554,0.0010233485289830944,9.982247738878467e-05,0.00048027891564367297,0.942812531220941,0.7039732334052031,0.0006464187481718828,0.0001343534796689444,0.0013773505595514838,0.9984462509962548,9.621734217265827e-05,0.4957817049887432,0.011610202139308357,0.4835712250744876,0.7199276266028871,0.5709491797983164,0.5375172471763636
0.0003632564359232306,0.5908078733108456,0.01659381024509515,0.6073802839907357,0.00022235239601369012,0.0001498310294759996,0.5872820794465469,0.0034907628689412476,0.00021739863895905255,0.01137405891557446,0.006967431650652334,0.00013317766863454666,0.002149573203672371,0.3823433047645292,0.0001154068068978224,0.00016820952064286056,0.5027221414985116,0.01812467433789453,0.999564752603473,0.6899168192245658,0.4886996861298849,0.4444890732529561
0.5444048465586437,0.012275290729645139,0.5937678866580691,0.003623561917075056,0.00016271741743162404,0.0016073505097138241,0.0004483262938480772,0.622599072442372,0.0011117845477461438,0.0024912275745575057,0.0014805699038695445,0.0006607497528831336,0.3948533842975557,0.0003274340603070413,0.0011879388381460345,0.00011884050337903794,0.002649575634602941,0.49790645762088004,0.012638223000643267,0.766315718104993,0.5140037586041178,0.5081307226622128
0.3993353804527674,0.003828818288157426,0.002605664611198302,0.015206351170412554,0.0007795426185933267,0.002379403758738612,0.8938145251832369,0.00024593750684262283,0.0012112318926986983,0.004000790165589169,0.0025408339261776096,0.0007692370876497545,0.000156191681062157,0.7009209493542183,0.003377888841132954,0.001093623434205412,0.0213362876940085,0.0037842055368824366,0.0053746466292584946,0.4905783625268495,0.5443162251751086,0.48077183589421274
0.4616937174537466,0.00017902706205452868,0.002732859474944503,0.0008288776202023037,0.000689153267445914,1.4767316004061964e-06,0.0010672669059083302,0.003944226427672407,0.9377907245957768,0.0006471678802304631,0.00039414751159766925,0.7087405219934066,0.005438346962864188,0.0014715975875648545,2.0361903093781388e-06,0.0009502388420002672,0.00114289919994209,0.0038986954671499357,0.0002468566442902966,0.49235962870321415,0.7065385297662606,0.44923465459519835
5.045533992621776e-08,3.946853985052353e-06,1.3156135961282226e-08,5.012289576952954e-10,0.00011694265313735483,4.963999271518633e-09,0.44736363198514206,1.3097901379746664e-05,0.8949880713625132,4.0504131529098563e-05,2.5771072941808363e-05,0.7049069668455111,1.8638937345599217e-05,0.9998334902594977,2.7330349234923963e-05,0.9785196311811024,8.093303098860583e-05,0.002195286709420069,0.9907582855532595,0.4841547569701123,0.5173065727210817,0.5042650161316171
