obj_0,obj_1,obj_2,obj_3,obj_4,obj_5,obj_6,obj_7,obj_8,obj_9,var_0,var_1,var_2,var_3,var_4,var_5,var_6,var_7,var_8,var_9,var_10,var_11
0.5817003067266865,1.4450096058742299e-05,0.58992556823784,0.00021665093443586366,0.0017292004741007662,0.0005499035192428186,0.0006432575415408483,0.5818158887299053,0.00101704253814306,0.0005972656942906765,0.0003755834831315715,0.0006395553791058779,0.3897660505923516,0.0004942870206231798,0.00042393250317499567,0.001328740476466768,0.0001664776822959662,0.5044692406341769,1.6077702396717804e-05,0.5564119211055718,0.43852903766668505,0.5735771683265463
4.548583972698492e-07,0.00024581076582992693,0.0002600388415952813,1.5679498115145452e-06,9.705016549195323e-07,1.1877531685114838e-05,2.883611988644272e-07,1.1715470640106755e-06,0.9002820433547299,0.4504476487176537,0.29484749646547875,0.9997394283286203,0.0020201038554748074,0.0005037799374385107,0.02070084154446848,0.001674333519123846,0.002705080270057646,0.503429100434542,0.9988709542432346,0.5596114451817799,0.48779000393581057,0.4326067347066387
0.0013244026779456893,0.5818601407714138,0.00040878721263341237,0.6073472013707709,0.0027320502949576605,0.0003265253208313068,0.00063854617636311,0.6009978266935891,0.0014123243127277063,0.0023307436163772515,0.0014202232980621479,0.0008622607635841032,0.39018984447520877,0.00047942738098637357,0.00024483345757535203,0.0020352187655388806,0.5032351407167786,0.00043667414186038256,0.9985941788239969,0.7073391395134303,0.5205714506945904,0.46323496142829645
1.670124952143346e-06,0.001401113721702604,0.45362984615763385,0.0002221659147709694,0.0005345914546084301,0.00018876342277193657,0.9100017507892522,1.1790555292469125e-05,0.0005285044023644719,0.0008161105021805233,0.000509483676717871,0.0003299362462536163,7.360642381439258e-06,0.7037357369366817,0.0002634550646480869,0.0007436953517255074,0.000309065620768982,0.9979860395454311,0.9992718371310505,0.530223824266749,0.5379047946339381,0.6319539094944714
0.00043741287154664625,0.0004116553363516063,7.181021050519308e-05,1.6340181148254218e-06,0.5878055275913739,0.0033587341218354327,0.5906833756336649,0.5882020246484105,0.0004005974013500072,0.0003241876906342748,0.00020223806517020884,0.0002499047635298343,0.3910744050283262,0.5020083346732773,0.003649495779415035,0.9993342730012421,0.001692340040712407,0.07520236787669342,0.4908121643900463,0.4164323699697037,0.4673225158004596,0.6115812380191437
0.0032144391576975364,0.8870140141030447,0.0011303223580619894,0.0007283724438459596,0.0020958005050604393,0.00048756164637994573,0.00015546601516999093,6.845038708848478e-05,4.383936588301819e-05,0.4614439000575513,0.29693630065412924,3.0451333477559264e-05,4.754643516033098e-05,0.00010798850340396071,0.0003397718478025658,0.0014557689111323168,0.0005059374290340018,0.000792043163338496,0.9977671999644989,0.5714637502520095,0.6317539978636155,0.43954457208291303
5.538003957152517e-06,5.125230475181878e-07,9.541601659414328e-08,0.0004449051792858096,1.2418028275878192e-07,8.759314779793947e-07,0.8982117745122886,0.0005149818188468381,0.4516317070724661,3.3559366697529562e-06,2.1250575893329445e-06,0.2965977176577378,0.00036500026101086747,0.999684642169143,0.0012573727382076683,0.00017767705368891963,0.9920398544673492,0.01091922257136585,0.05972223384366948,0.4563218676848899,0.5536089038968833,0.5241236149276352
0.0012020999424354314,0.9150960756764362,0.45992703519097355,0.0008302839763897943,0.0016222007547312832,0.00014261255467019627,0.0012526019345435538,0.00030438589272895983,9.643454102855894e-05,0.0007520834107166023,0.00046748824706375656,5.9942849515619217e-05,0.00018920355601265842,0.000778606407217497,8.893621648126425e-05,0.0010083467355442607,0.0005160982243131513,0.29648966621680856,0.9991637160601372,0.5738335968131304,0.4327864693367964,0.3807984234652599
0.5823450977414258,0.00029347400169562915,0.004755580379838201,0.0007174967313726733,0.5766344969624799,0.0003179606149740723,0.0010329951027179102,9.678756900688777e-05,0.5842605532407447,0.0003398031314757918,0.00021461622889156428,0.39449548586718536,7.509198551079883e-05,0.000807758167029438,0.0002492972072262355,0.49608086565281734,0.0007708920669593966,0.0052317134888783395,0.0003362973563673741,0.4986342301064113,0.5594830266800408,0.566511167422027
0.003041520856209077,0.4544701664483928,0.000520991375290884,0.0003493078098523169,0.0005378943871267826,0.00018898393611078773,0.9010047659838761,0.0032016846204649813,9.547517889276043e-05,0.000751057096477045,0.0004738049233644655,6.0230598246792746e-05,0.002019788875146561,0.7025877374781125,0.00026558585576780497,0.0007534621041751192,0.000489297439266285,0.000729785720924052,0.9957395148225554,0.5171850262836628,0.4327674287649605,0.565798163303558
7.600491363690121e-06,0.0028550995857358863,0.6114293284596617,0.6140155476061924,3.3654026144582586e-05,0.0005074521561856415,0.6131734007581694,0.0003326250458223209,1.4670238529275257e-05,0.0001497655413166865,8.951206271394995e-05,8.768127223468124e-06,0.0001988037727708872,0.3911638382974176,0.0003736141982943405,2.4616884832661984e-05,0.49855253694997514,0.9969552372013144,0.9983583553078639,0.5083034863120428,0.754947752078017,0.4909484273844206
7.776626795002434e-06,5.123062039726379e-07,0.0003606398990657251,0.00029446013293064796,8.34192003218344e-06,3.5870092953039896e-06,3.6958830473518482e-06,0.44946298755968017,6.060742346810645e-05,0.8990199978075691,0.7048592480319374,9.03264152516092e-05,0.9993167747265297,0.005147693210164216,0.004836402419829387,0.011442860097880984,0.43820338564471806,0.9853908078547648,0.042063276846837805,0.5136333065506454,0.49985466243701565,0.4297994267702187
0.5685232066580017,0.002946588629976646,0.0029371973053240728,0.002760951563846911,0.0008684874637844862,0.5805925519471162,0.0006884813748029951,4.870048796676556e-05,0.00011901577938136804,0.5763070127880556,0.39074386344629336,9.280881470793486e-05,3.790327976125715e-05,0.0005400633395857444,0.5092503886961463,0.0009701199969166816,0.0030385334781150575,0.003309826957217321,0.0034586078483692384,0.5081075682399175,0.4928341446236013,0.47800078300553484
0.00402917156283064,0.5841117832437394,0.01155883689554024,0.011008559250732344,0.0007614444599877161,0.5789043465077731,0.005206870702505763,0.002741837227755355,0.5850954800301452,0.00019097791288933704,0.00012031453019684276,0.3931168841517585,0.0021185894805275532,0.004023337177158526,0.49806053539716477,0.0008295636498576692,0.011994106629333368,0.012595960279224615,0.9956087008090132,0.47848107329260126,0.4527210360125898,0.41155636722371336
9.56830004581853e-06,0.000740376672424926,0.9025045051514963,0.00017761799930069667,0.002886222029772177,0.0007355328935479088,0.0006729071924062845,0.4474667261966374,0.0006750075613339001,0.00012085936346016067,7.638017222053495e-05,0.0004265883619974753,0.293025887268275,0.0004746607419302771,0.0005205304605997297,0.002035911270491297,0.00012529033386812657,0.9994777004661506,0.9917730661505948,0.5501478989767388,0.441404113526716,0.4625790897819116
0.00011679308285760739,0.0016220952092744364,0.9414687923707676,0.46999772509257615,0.0021507341481492325,0.00014687713683758595,0.0002506816385590634,0.00018064021414328392,0.0007989371653217362,0.0007116833636239126,0.0004305664726769782,0.0004833549022593734,0.00010928688017998109,0.00015166177063459738,8.915045867220338e-05,0.0013011897776987425,0.2947682096364061,0.99888208457961,0.954988451905205,0.7276608050250828,0.4792886492873136,0.49675033810478475
4.167299491178791e-05,0.004656848373931539,0.893425812404153,0.00019318707401806893,0.0010581270057807954,0.443021062928519,0.0013272490942321845,0.0007198138609629273,0.000345148345156012,0.0007700298769217511,0.0004878097369876316,0.00021864964565658683,0.00045599831925517665,0.0008420194216944565,0.2916649935049179,0.0007473946788934538,0.00013645531945078598,0.9966011959287638,0.9944816218378814,0.5516635265553511,0.4717773854398435,0.4616887144748729
0.0019206493904854768,0.8834861776475115,0.0008766761158478826,0.0002853674199394609,0.0012191694142302699,0.45143628074702336,0.0022016585786595413,0.0011402898322806657,0.003236944386423705,0.0011899248674632104,0.0007530579956156785,0.0020485429474344508,0.0007216501051224844,0.0013933554862845623,0.29732365692958784,0.0008641129483021156,0.00020226051876092262,0.0006213638548290693,0.9986386952080428,0.47492042156243375,0.47446490736168545,0.43175582688637887
0.0013438293971606765,1.0,0.0012105904078397987,5.417049564840756e-05,0.00021145660434210842,0.000422748607708127,0.00023243591984800242,8.741880572943465e-05,8.622160748720251e-05,9.095592542245652e-05,5.69557988856018e-05,5.3991210927872165e-05,5.4740886117593345e-05,0.00014554932721940638,0.00026558585576780497,0.00013241227928383097,3.3921091884954895e-05,0.0007580613341452848,0.999158504910329,0.6167703401438861,0.455636547748901,0.4675875144429229
0.00647572339686062,0.5737891639806887,0.0010402847694875737,0.00612439366895014,0.568161545305553,0.002529196604059092,0.5880388053304869,0.0014183877313802026,0.0006799872852715924,0.0007661457808327117,0.0004855688798010913,0.0004309633517479337,0.0008989483194005849,0.3981389997842513,0.001983635719032882,0.4915690701704299,0.006683055317283748,0.00113522090793189,0.9929331510175337,0.5630779592349723,0.4802796225113811,0.489465133210554
8.409416482822726e-07,1.4131381754692552e-09,0.0006679282028026938,0.4538399633318396,0.0007321956855569996,0.9011103101627727,0.0001962598637677837,3.9223656963270806e-05,0.000871141435339853,0.000207887278989156,0.00013083079983061517,0.0005482401183810468,2.4684840814407082e-05,0.00012351330557277613,0.7038112746917786,0.0010270786600889439,0.9990630698819051,0.9991984758968695,0.0010697898702363758,0.5992076143336403,0.47979684584988563,0.5363947947967136
4.4110826309687766e-07,0.00011089720357450257,0.0007595085537759413,4.8850853836607e-06,0.896272409805213,0.000166379308886696,0.0006708636665250545,3.130587450948577e-05,0.0012788943565189184,0.4479573198054789,0.2950651494954091,0.000908393844771621,2.2236459853682174e-05,0.000476512303864206,0.00011856459552956379,0.9994547918670871,0.00405165891220316,0.907697539895661,0.9974677741907736,0.5423127854839788,0.5031263148467163,0.48642672642008206
0.5805015869824787,0.003518682707205834,0.0010822091969657712,0.000482325394461414,0.5812608207881479,0.000127005030472927,0.00033480751724906303,5.542287466286179e-05,4.787588244558197e-05,0.5822035636487924,0.3923736168780242,3.7085018253347796e-05,4.293097520957802e-05,0.00025971877921384973,9.870029361404937e-05,0.500128544296119,0.0005284752257930981,0.001196187076461967,0.003983561738167373,0.5675515989963427,0.5412994424351425,0.46977317618997544
0.0070460796765522814,0.5752891287943391,0.5772614685024996,0.001362718508581586,0.003956194141482113,0.5707374562554776,0.00021245005609841217,1.4165763905920293e-05,0.00027449136481307333,0.0008039618089035489,0.0005109902837429664,0.00017446407368514494,9.00362363502306e-06,0.00013503121847318472,0.38741252429593387,0.003064704564007148,0.0010556518865180225,0.49580953794663196,0.9923308351186699,0.46799331781402165,0.4775907378184127,0.4903407636744341
9.792197498890598e-06,8.814346424795846e-06,0.0021850076480511866,0.5772052049861677,0.0025665105007103084,0.5743835823456893,0.00018505472791558743,0.0003907915920794192,0.5787986119163477,0.0005365646612264586,0.0003411728374498181,0.3924079932615915,0.00030452575428903785,0.0001444127280503596,0.5005105430958718,0.0028306547398096876,0.9975688499737848,0.9961359198629798,0.47666253754462273,0.5115789663483928,0.49469377106290285,0.46753882080136766
2.9807670746447468e-06,0.0023954551643840024,0.5807080190716037,0.00033630918809561127,0.5802439821867881,0.0007010653735860053,0.0002865963451365176,0.004880625749830381,0.580192321540337,0.00017149780545129087,0.00010860703714073408,0.3916730655601408,0.0037848535373061465,0.00022225387658231593,0.0005454476339702009,0.4997426881909667,0.0003686864397749972,0.9973301888234676,0.9992208026289103,0.5179246521948014,0.4768809385422498,0.43359521667933
0.002191487418417098,0.00188332182398362,0.6055542956220757,3.175375498893814e-05,0.0014219928192990084,0.6052722314845811,4.651541057948543e-05,0.6058130184782203,0.000398688607168713,0.0026250474933691764,0.0015915987726864422,0.00024173034460295016,0.391532811961487,3.453013131813612e-05,0.5008848169963362,0.0014949223103218944,3.338236550703131e-05,0.996940642317136,0.45714919165577583,0.30770840537011496,0.47453957801903834,0.6111901463954746
0.0004923831851653244,1.2131372148911883e-06,0.003023758513902084,5.098018543737803e-05,1.363544184396925e-05,1.7383212294638926e-05,0.5855922244723963,0.5873241825653079,0.574333588739687,0.0005317873234880744,0.00033529623405333786,0.38519976619204144,0.5001284594873455,0.9966487080327663,0.003604225694336244,0.0028088267664025113,0.010502185070496634,0.8978733547090325,0.0016167269590123597,0.5099433421505828,0.40283182608521845,0.4876422248940525
0.4506526448371719,0.0019772233666944163,0.8886931955880002,0.0009600614891081008,0.00018940286905893875,0.0009608211837704506,0.00046500406858994957,2.4539960315889922e-05,2.0566915825238538e-05,9.017678416712084e-05,5.7203283371157296e-05,1.3046541059727197e-05,1.5566825996787305e-05,0.0002953992695715027,0.0006114834049375923,0.00012014702401961965,0.0006090116286425047,0.7032441243377789,0.0028834429660080096,0.5187295679717558,0.45554555976334726,0.5354601843018376
0.0015472860958228132,0.5863732785423994,4.208612354643003e-05,0.0002178798672865165,0.0007305093254025776,0.000267647556994669,0.5926071734520744,0.0012890396846925677,0.00026804633908538984,0.5948886098841982,0.392084756832604,0.00020300791171402058,0.0009762691288218717,0.49810790048695164,0.00028675483085446846,0.0007801131250195991,0.00023267469298145777,4.494392456289172e-05,0.9983476456869175,0.3386842138716273,0.4458563035264016,0.47114888150845724
0.44839969706671834,0.00034649730854612726,0.0003837009714214235,0.0011843137438177305,1.91606813297945e-05,0.0002550906539219044,9.282386472840648e-05,0.00010241234546994995,0.00212697091449882,0.8997074895095405,0.7054283167828914,0.0030170907276556146,0.00014527215761724575,0.00013186093927398783,0.0003642142349802927,2.717947792154501e-05,0.0016799541768103797,0.0005490699207490596,0.0005078494520686922,0.4294081942237922,0.481619672524996,0.489385545838134
0.5859169875381153,0.0013029568265396497,0.000682564029552191,0.0022179983485544285,0.0008738671996271506,0.002799436088481889,0.0006692598194028063,0.5886990174737177,6.066726738510905e-05,0.5799370056413893,0.38767920369946046,4.6533328043632755e-05,0.5007288747293244,0.0007311139836114557,0.0030541195667815597,0.0009457529132668374,0.002404082052536854,0.0007463398911993491,0.0014592310998807457,0.6003554790005478,0.4495297383036575,0.5349851465826301
0.5670668201508064,0.5599432087183503,0.006965816982413008,0.0004183374522352849,0.007483276121784504,0.5691238660102141,7.241908424336025e-05,0.0003749156112935534,0.0005494239362347291,0.0013632388146796216,0.0008663522014610851,0.00034984173050103264,0.00023826289190482473,4.6385784325460614e-05,0.38932851259555834,0.0058085312876470785,0.00032472324644836764,0.005454652269823057,0.5124701081758183,0.4715068778741528,0.494584529116082,0.4699160379549468
0.9010658352229546,0.0005863585039789085,0.0012080628922940138,0.0006529998472034454,0.007936507290733101,0.000499145417827265,0.001034369306811176,2.505472941211553e-05,0.44715470008706193,0.0003342768993416138,0.00021154875899402525,0.2932445658681596,1.7700906918035946e-05,0.000730771366283357,0.0003537927881244651,0.005607137284686788,0.0004613559414460573,0.000853518205138739,0.00042117170384346986,0.5458052977697858,0.49988659175699957,0.43794373809842474
0.00019223475979335275,0.0017978481732025227,0.0007417888836932378,0.581373418550591,0.00016483389773535822,0.0003680762163362815,0.5821642248165104,0.5800320375519693,0.000374457735659569,0.0007353482115315145,0.00046504288094130583,0.0002368115355980697,0.3909287648003007,0.5004307562766861,0.000404367166998065,0.00018049656647574477,0.9978297515770159,0.24421874873008065,0.9332896960221672,0.44291254976828204,0.44638430279523145,0.47718927250036935
0.5846031180509748,0.0007927979839316145,0.0005759832473744078,0.001953292433807375,0.0005974061541066116,0.0004097303126347471,5.2798293135503926e-05,0.573047338570926,0.5807239041927962,0.0005176268762017613,0.0003283206182900727,0.39279372207337615,0.493642918393857,5.74957148705129e-05,0.0004476406362541026,0.0006505571756469122,0.0021270808927582032,0.0006327487614662374,0.000892040328172139,0.5142348741795284,0.45191916243288505,0.465739734136148
0.0018772207676986715,0.0018323647015066951,0.4468442060216556,0.9017426007672813,0.0018642325987451344,0.000853895981756117,0.0008204289062615311,1.6403322364984958e-05,5.363430675233473e-06,9.814600293675577e-05,6.208495084331726e-05,3.3927854514382114e-06,1.037637229752027e-05,0.0005189849061848647,0.0005419193636996068,0.001179273049943422,0.7071069261919634,0.9962626726896705,0.49230241027625365,0.4356853976767303,0.4526621223892593,0.49640026438896173
2.1413548934785754e-06,0.00010248717224376788,7.41139550568532e-08,3.706715931616449e-06,5.200882310011094e-05,0.577993028972797,0.000111074803041737,0.5819974137239594,0.5804461120397635,0.0007676646160829937,0.0004858282726172109,0.391571422788075,0.5011599854018458,0.00012211913421017736,0.9998703946317183,0.29043350491508285,0.02227060884213569,0.00044938963147302807,0.9872381363447752,0.4279546450247007,0.5205139584511317,0.5179246197608928
0.0005250864817917409,3.148628168201811e-05,1.2326562422163948e-05,1.0846308600459629e-05,0.0005275544735674895,0.5775733678643268,0.0004242673386816258,7.694644358300379e-05,0.5796543052509721,0.5795717596549324,0.39183412747778784,0.5001067519930353,8.453669407137033e-05,0.00046611850996424137,0.9991813145499241,0.5007663746897562,0.013121127104894093,0.014915313954410024,0.03812860735295759,0.5604211471111765,0.5082263158224525,0.4893955549049194
0.0004554175714794497,0.44415652415659124,0.000758483862061987,0.00016596451595948125,0.0005533335573012828,0.0002027330379844806,0.0009728879035313001,0.9012300821577398,0.0003191505344896321,0.002486183931646202,0.001570147611566574,0.00020155969457965887,0.7043017735381579,0.001371616037739379,0.00028675483085446846,0.0007801131250195991,0.00023398393825720132,0.0010693438387768832,0.9993579316066313,0.4540914386610474,0.42852803615755664,0.4714714202932945
1.044984294960336e-06,0.0007078901616955357,0.5826349858312246,0.5881834424787901,0.001506422977582615,0.5908176735815445,0.0006642735130857965,0.0002847233223283844,5.102711592943596e-05,0.0028794856887113924,0.0017951427933489278,3.181165393741325e-05,0.00017750405363383163,0.000414723499428614,0.3942567473908329,0.0011533341910054127,0.5002293162229466,0.9992077725709161,0.9990896606588322,0.49327304035468034,0.6403824525818307,0.5376053887311983
9.112819258633025e-05,0.5677974211451412,0.0005750686752443784,0.0009298284234787171,0.00018051174400500965,0.006415597850460876,0.00010325866092474884,0.5806618222337154,0.00025168621326695026,0.5867920086839822,0.39341659780707106,0.000194106181499461,0.4967014964417872,0.00011232699928477835,0.0070070389596615015,0.00019587912362436307,0.0010089873083633356,0.0006295149628086765,0.9999008737488998,0.5078981729944454,0.6118231233174604,0.5145811590104158
0.5998826939821846,2.7913033332697813e-05,0.0013802917797157638,0.0015899801586986293,0.0001640061126966502,0.6056991387889571,0.6056597144663763,0.0003816733991962611,3.5913497947428392e-06,8.802829162333055e-05,5.3530991550412765e-05,2.1839400995427027e-06,0.00023209988097591075,0.3927528066887384,0.5041070432985645,0.00017404884210981425,0.0016873428188358287,0.0014648188649222873,3.0115719605466576e-05,0.6820485541038505,0.45756412292476417,0.6092612343091762
0.5753001053445478,0.584578744425223,0.0002712169284386289,0.0011044328889184213,0.000176744831059565,0.003525216969712899,0.0005825537978452562,0.00013163458925536363,0.0023778037751692855,0.5847540942573529,0.39429707867750763,0.001845605224751992,0.00010217250468286428,0.0004521682825964364,0.0027451564820742467,0.0001371876109646208,0.0008572502897378144,0.00021051612785395225,0.505092634546112,0.41573368193311905,0.5076857277345788,0.5119710472658572
0.44402304218252486,0.00040752779367089233,0.0022517180565607155,0.0009542052157619652,1.8689065557887925e-05,0.8909518719582409,0.00021630247670053327,7.312122896821534e-05,0.000848806399159504,0.00014708423149387094,9.355593578807747e-05,0.0005399007511580908,4.65102713461971e-05,0.00013778226545587124,0.7070907776611619,2.677148705331248e-05,0.0013668694212158588,0.003253904750656338,0.0006031872050528317,0.5150349868597598,0.47624930534631726,0.4914297280304023
0.5830669604996889,0.00014856943245847493,0.5911746003160382,0.587674403310074,0.00016880261238238847,0.0006902078877212148,0.0007189321772560299,5.0970898517786326e-05,0.0021326745493303076,0.0006912805877976746,0.0004326151655891114,0.0013346652393784113,3.189853144262351e-05,0.00044992109726231224,0.0004333554247182331,0.00010563984973227368,0.3921022858295949,0.5043955092672212,0.00016221505012815884,0.39539594273730466,0.42143087900991166,0.4878846328456487
0.0014516329734207737,0.558324808809812,0.0013957400479728552,5.57097778615988e-05,0.000608051713226092,0.0003291559269330115,0.578202192237539,0.5881907188761111,0.000442314056178979,1.329774112194303e-05,8.403694211343258e-06,0.00027952658719046806,0.3969395206584465,0.5015302715682715,0.0003656124061367648,0.0006710079028634675,6.147785509024958e-05,0.001553800575955693,0.9983941746046529,0.5072579247048531,0.4261382390119236,0.4568856630114407
0.0005506667610983089,0.5773540245762172,0.5774362317245921,3.5255581842259425e-05,0.0002599985788193205,0.00013231724839417674,0.00012111051331592977,2.7936888751172098e-05,0.0006956149882686008,0.5806559242225002,0.3935179855364222,0.0005423263462182007,2.1780603817687478e-05,9.442211489212255e-05,0.00010349613267459436,0.00020270425686560827,2.74865224028642e-05,0.5000451748734235,0.9993928071393349,0.5010698212842895,0.4576268627636165,0.487051067077093
5.344025482308498e-05,0.0003025755175435899,0.0003256336932337749,0.5774123180461851,0.5790226728545553,0.0001662559304331123,0.0017933255580504814,6.762616421442394e-05,1.913112296495153e-05,0.5771035938531123,0.3912469793282307,1.4894050302932027e-05,5.264863410167415e-05,0.0013961492290161448,0.00012985728689261024,0.5008864034325964,0.9994965523626169,0.5111687243988151,0.8922209443039526,0.5095928549546637,0.4742767508575662,0.4896053719617582
2.3741842861147432e-05,0.000738150219377968,0.00013650739632443124,3.067062817628688e-07,0.9068895760242864,0.00045794603458646833,0.45048246637928124,0.0002799315421664104,5.107016365474992e-05,0.000839455694140809,0.00052477995834178,3.325224742142124e-05,0.0001749973219387207,0.29754607403083744,0.0003240662650845494,0.9994412321759224,0.0002483590655373039,0.1104173979374054,0.9804551214482546,0.5349150515479463,0.5513942651553111,0.6204081020954614
0.000742221010341982,0.5843058249965518,0.0024627699317396694,0.00048479280346058295,0.5848427998304352,0.0001300826097362978,0.0004637920234399667,1.3988097262933395e-05,0.0005842436334444354,0.5856438291090521,0.3923736168780242,0.0004499010611584309,1.0771637874867803e-05,0.0003571465006547951,0.00010049817835741368,0.5002891974685549,0.0005281919327266562,0.0026832480820156088,0.9991913270477659,0.6063782781851331,0.5412518003566997,0.48923160459590176
0.9133635563534345,0.002126226378902985,0.004135467976528993,0.0005023627673687917,0.4567818060071289,0.0008507187377013088,0.0008313597931666482,9.054723533420395e-05,8.860350356441862e-05,0.00038189485891464923,0.00023806816126002348,5.5234244955433684e-05,5.644594168844347e-05,0.0005182586916125539,0.000532058639252071,0.29521964659584576,0.000350145199466122,0.002882417740699348,0.0015066679715850517,0.517685910208457,0.6397669524482955,0.5371511023477996
0.5906211731871079,0.6029913932547835,0.0014844727170387902,0.0010156540289460415,0.0015268006454315065,0.00018048978340253757,0.000897950327023973,5.4748815169017064e-05,0.5892969391124994,9.800163824129697e-05,6.060662333814444e-05,0.388017210813589,4.1293451876576494e-05,0.0006772653535657423,0.00013657622806368666,0.001151567214397581,0.0007660433222282365,0.0011196445980560308,0.5065974881449797,0.4995617041487152,0.42213261000505203,0.34716577235658497
0.0008016537447264654,6.225464492353751e-06,4.1110506859513566e-05,0.573974966622617,0.5756436211460935,0.569722974347,0.0004192698989138299,0.00016393607541848284,0.0006468414750388709,3.146921370209068e-05,2.0000089663113195e-05,0.0004233548820865132,0.00010418871533053012,0.0002699780368183552,0.38982255096390794,0.49673596402198117,0.9991104987606869,0.03244932580420454,0.005147112277594423,0.5172151519736604,0.48512428091835097,0.5342643273669163
1.027514788989543e-09,1.2565812317625953e-08,1.6494257935418285e-06,3.0521059247478875e-08,9.486921016115279e-11,9.613139943509191e-05,0.5769184343242898,0.5787382166624185,0.00010490237642123341,0.5774750476388303,0.3916426569289701,8.172427575723946e-05,0.501002463246865,0.9998935586747902,0.9891112768835747,3.660877372318031e-05,0.01177834513466422,0.9950534564773905,0.9489058336681553,0.5144005693124865,0.48241687908783276,0.48958898111878657
2.599260941471641e-08,0.00042915349162343965,5.257421730304425e-06,0.5839408578183356,0.0022176501882564532,0.0005411263208626597,0.00022580074822574955,9.66698748370794e-05,0.5857027569323731,0.5857511393939367,0.3923016529812814,0.5009564249732924,0.00010538988692499241,0.00024616889360434585,0.0005918645346580302,0.002417698227006026,0.9995243058844427,0.007670909296111694,0.999962073310895,0.5971374636050891,0.44691355248822,0.4649640002265621
5.842038341825697e-06,5.090399297166567e-08,0.0003569043837928725,0.4500539090867704,2.728262680410846e-05,5.924632896416314e-05,7.316191588621253e-05,0.8943064507278191,2.4783797627324317e-05,3.2138611791996915e-05,2.043625391292338e-05,1.575948534249816e-05,0.7031829208987379,0.0001034905057935709,8.407999312338787e-05,3.8592386002468e-05,0.9994950765355702,0.9895799370205687,0.00554697973960061,0.5087280370531293,0.5308332822173585,0.48821889287754455
0.44935254571139843,0.0013190941018644921,0.00017621323690631934,9.379432687099924e-05,0.8974678778786991,0.00037799466094085314,0.0008079320128853309,0.00016554760295337418,0.00010572514331273544,0.000103950812709238,6.59025662365151e-05,6.71574084031233e-05,0.00010495360001219609,0.000516247881096705,0.00024217537588826145,0.7038625014050712,0.00013256073705321912,0.00025123486667040994,0.001968229971920328,0.5302905391493848,0.45635380973652256,0.5366591823656149
0.0005089986303399612,6.658661352680953e-06,5.551341748321861e-06,0.0003504906690900731,0.8970493605278043,0.44799482894611126,0.00019919491534212613,2.7847113069737583e-05,0.00038738487782644473,2.0777767662056143e-05,1.3183379403005333e-05,0.00024579358235442115,1.7668841538227423e-05,0.00012638808948023833,0.2956966446834183,0.9995613738447979,0.38385527744932924,0.006942359494112094,0.008327711372892066,0.49977777330852297,0.44282719374634755,0.4910130406402313
3.006335247833775e-06,1.1798133108074777e-07,2.998095478645554e-06,1.9178258032306714e-08,4.161585817346744e-09,2.8477299409692546e-10,1.7147226413274186e-07,1.0435003735745437e-09,1.0,9.74911834621459e-07,6.194471498187338e-07,0.9999972838032095,0.00015539978767414061,0.025744179065987558,4.272126210766165e-05,0.0006202573842932213,0.002858405525446202,0.5008821562974937,0.02573772041489678,0.5295981354299012,0.4856565307778697,0.4707247279221209
5.119917798478769e-07,0.00020602383387070093,1.0653552479649265e-09,0.5811274646194481,0.0008632868413820622,0.5752145578266114,2.2595098924065574e-05,0.5819846733021748,0.0006309473769332416,0.00035955670255389724,0.00022782665630436766,0.0003997885333645832,0.3933117312657267,1.7563672217201073e-05,0.4977819630477752,0.0009457220095278571,0.9997743021045884,3.291969227187108e-06,0.9984179334340378,0.5140748236050141,0.44088034229884276,0.4680313624017804
4.580058057807789e-07,3.251674634437285e-08,1.918828828786829e-08,0.00014382781721332375,0.44790855890403475,0.00021087278477771658,9.448083001778317e-05,0.8992332636117513,0.0006259081212796002,1.7031070155201174e-05,1.0792552916142641e-05,0.00039663667025441964,0.7058008481306701,0.00013428712758607487,0.0003006955613497702,0.9997955741305531,0.9979657050575077,0.02658670044391853,0.045870782903432286,0.5631980795358514,0.5231247920947774,0.49093801164047185
2.652809488264356e-06,5.5191695619401645e-08,1.8933470858815585e-07,0.0002509065589700621,5.531279433364951e-07,1.7927928311366827e-07,0.4489732450711704,0.8975891461535062,0.0003514939380930615,5.909213505960114e-06,3.747287983477685e-06,0.0002228975203010261,0.7043637987763846,0.9996447199540821,0.00045633986585709874,0.0014033582483642159,0.9932444436581569,0.04570642317502743,0.013671036234908285,0.5516781135902159,0.46708034773819873,0.4877142494096459
2.9469072352979028e-05,6.857041698733172e-08,0.0001627929339430311,0.0024816131630671996,0.5833151242884568,4.1126098505140906e-05,0.000264774362292671,0.5807840389898704,0.5812212098007465,0.0002717395039464218,0.00017167862988675656,0.39139714563090383,0.4986128811461554,0.00028896739163175773,4.503044364795317e-05,0.9972855133531274,0.9572620714071964,0.8869653479046882,0.0015305687852873971,0.47152307129527277,0.5827925171489506,0.49921952956937904
0.00021089552131438248,0.45108167921302456,0.004395360547611557,0.8956221297559819,0.00027437275002133247,0.0002131430081575839,0.0022657650226139245,3.4075798283944665e-06,0.0005721526831350124,0.00011493147417729345,7.296223437535178e-05,0.0003632211360016311,2.1632427620663487e-06,0.001438382724037242,0.00013575230120716882,0.00017418121698110708,0.7029634775813649,0.0062030552350718126,0.9997023593393901,0.4600800463930683,0.465203467763093,0.49669011758801557
0.002238156399954077,5.308971943551276e-06,0.5847532468515692,0.5860984110654625,0.002579013135642391,0.0006555053747338083,0.0006152419150041099,0.002574764372234318,0.583890162083067,0.0008270414014494632,0.0005196968840000666,0.39103426265855107,0.001979817227413102,0.00047308040860642513,0.0005056863229262203,0.001983095008519847,0.5007290657161705,0.9975633283337704,0.0015100777458927524,0.5628282747217591,0.43527626097017796,0.42946564913298013
0.002564741611369139,7.0258641968384085e-06,7.359124184404224e-07,1.689591427870679e-07,0.5774392746233276,0.001164691803889731,0.0006118526723113512,0.0009546207511117675,0.5827184585080462,0.5783497600857224,0.390632708513011,0.5035089420609973,0.0010524435827633238,0.0006798674734692764,0.0012976262834158581,0.9971655497395517,4.183732555415934e-05,0.00018382788090996695,0.0018367226457353593,0.5043524426639229,0.4420249546344506,0.4681158734076571
0.0008127276120480267,0.5943743547221533,0.5964970385166923,0.001018328922273851,0.0001211812773846284,0.0009096568267487906,0.00038888162135221056,0.5976928084744683,0.000964121596161215,0.00013085503281074748,8.067235884853764e-05,0.0005943827564349341,0.39296167310869384,0.0002939992188430718,0.0006899573314811678,9.161457500849342e-05,0.0007698697094940713,0.5011344522043825,0.9991295079594028,0.6151247985904078,0.4871939335528715,0.3613825117843077
3.564252796482164e-05,0.0018130211582321235,0.0018480432354679329,0.001332568036380529,1.574907056648088e-05,0.5872285967703743,0.590369939409647,0.0007722487181753598,9.856041442510802e-05,0.5903901269690718,0.3921459818852599,7.522994400643093e-05,0.0005894479719632687,0.5006566785289469,0.9968534081557086,0.003443105809758149,0.3025989418041771,0.5060282895072277,0.9874861827102126,0.4675517809111577,0.6408643659863658,0.46893456328260236
0.0012644761785462549,0.5675078891780232,0.0018688308369878058,0.5877577182675633,0.0001392112046735325,0.0001153801662773845,0.00011697062955931629,0.003129997902178344,0.5769466282294387,0.0008347146738910946,0.0005255996679311489,0.38662026563535246,0.0024000380680749057,8.969184756452153e-05,8.876118356765958e-05,0.00010674568871157518,0.500747550434379,0.002046800378090127,0.998625965000929,0.5023675631429112,0.5296314504561065,0.6007187525598516
0.0007023852636476153,1.8883416528486166e-06,0.5831924179177175,3.618002861673288e-05,0.001035175617067572,0.0006221075386554291,8.213073430453978e-05,0.0003761715050172124,0.5828978806190992,0.5807838768658056,0.39066064950866153,0.49983821461223715,0.000410632042536764,8.965462700216787e-05,0.0006813155941050725,0.0011300079941192673,3.949452040175668e-05,0.9992332655009029,0.0017115289842735623,0.4898257166110927,0.5861832577013621,0.4679070094516109
0.5838842313206252,0.006872080406989967,0.0010890655250771588,0.0010835878093223617,0.5810926059753988,0.0006171173222026089,8.638007921460323e-06,0.5840589878888498,0.0007353849166227839,0.00038977351123269376,0.00024572069190248425,0.0004636008098657057,0.3926223745845965,6.675336612807113e-06,0.00047845723645628983,0.4984498391190048,0.0011813650601756396,0.001187339107366874,0.0077414701153522,0.5862192741219826,0.45218803158297705,0.4892312650256444
0.0012421272101450836,7.454807880154747e-05,8.761596074032256e-05,0.5841531638130875,0.004346174902531675,0.5755853536954169,3.143112225985629e-05,0.0004752196839990274,0.0003609015967437739,0.5826554051408768,0.3927699893595539,0.00027970919008191364,0.0003683090628858259,2.4395198407980772e-05,0.49632498456605945,0.004736435223503893,0.9986518003892244,0.04552344317396034,0.03976602018487176,0.5344869294094413,0.43208193229591413,0.5357355844735423
1.5446184730666057e-05,1.3694668690736577e-05,0.005413446964873127,0.5786756593706767,0.5768833077264279,0.00012319440422788107,0.003958091820918471,0.5819605716497782,4.297601720857435e-05,0.005546504371632791,0.0035197616375957047,2.7325347300890737e-05,0.39398235520321034,0.0031080225929969035,9.660865126021002e-05,0.4989983857532909,0.993992246147128,0.9975548245966668,0.4713670465144388,0.47456429929199606,0.45015062789527927,0.49162228405063857
0.0026082307350646992,0.5745434841761957,0.5794062681181219,0.000540419759781126,0.5779577129927443,0.0007998243918948905,0.00110096981403828,1.7458971563596388e-05,0.00012731643921382363,0.0001852525680146323,0.00011729551078418805,8.061236147896385e-05,1.1054416405447574e-05,0.0006970961126328896,0.0005080750754198957,0.38985754293078445,0.00041816506045108236,0.4974226854342658,0.9971573203545824,0.5488696481316377,0.5411345792318996,0.5370874086376854
0.000367295734821978,0.904450795528564,0.0028704655094054436,0.002500221052207073,0.0018981796240439064,0.0015877316835170756,0.452712774588586,0.000615393504740247,0.0008314507618264745,8.244183402426184e-05,5.189070119348289e-05,0.0005233334326497248,0.00038734234481192114,0.2954383835978526,0.0011211991980472347,0.0013360661624585914,0.001759828133723451,0.0020204402739572155,0.9997414699446382,0.5564366072950023,0.5858087883723169,0.5297883406973556
5.437118839807095e-06,5.49661675064067e-06,0.0003607471776445565,0.00035590834478328075,3.5043462705841728e-06,0.0002526187506950797,0.931969157852234,0.46619178284157786,0.0007497970298637242,5.329159204959541e-05,3.255693149779249e-05,0.0004580664928051945,0.2952804091170933,0.9996115282101767,0.2940595491217104,0.004382153745350448,0.4928404607939513,0.9862481359864972,0.5138699857691322,0.6747669909790859,0.3926949375799856,0.5029025110131404
7.293926447983867e-05,0.00033416596612127465,1.7477917623401793e-05,0.0003484824105836524,8.255429328948838e-07,0.0003444422444680963,0.45179944142911,0.0014706495217303988,1.0821539790711971e-05,0.9031264231109598,0.7046979848933311,1.5248278100017699e-05,0.002072247843989683,0.9991478906179554,0.3872304129148861,0.0010590202842565288,0.49560465873154425,0.03150424913116919,0.8674629405854705,0.43479112001563813,0.4369918272213056,0.45986611620521567
1.00881746732545e-06,3.211104033752661e-05,0.0006155379087044068,1.966404865776289e-05,1.3274981123929593e-05,1.40284977840739e-07,8.225057247853055e-07,0.8950196254754292,1.084655872105746e-05,0.44683984526529447,0.2947858270362932,7.715062225687673e-06,0.9995612522274251,0.0008488906541239917,0.00014525798953582606,0.013701891819159151,0.02030300173069502,0.9668029097261013,0.9800061919406782,0.5151268320146153,0.4986697714119797,0.48848815952315494
0.0011638397930747021,0.009188377961159011,4.807201470213329e-05,0.5710818877334777,0.002323173252570252,0.00039658914976792986,0.007422875712903082,0.5663664680998545,0.00028489771317084626,0.5771176000154088,0.39007554970172875,0.00023246435597890221,0.4846849972909291,0.008404237710650615,0.00043403737957333746,0.0025865213241971262,0.989071276066045,0.0030976380117651537,0.9201397322862547,0.544165492615034,0.48455727750846744,0.5362644063909614
0.0003435948346588287,0.0017483362579710415,6.512530860222751e-05,6.401053385083266e-05,0.5722052981825689,0.5772935091131829,0.5740731362331497,0.00023258817164536515,1.9923196496554997e-06,0.003637332482278643,0.0023126379512566353,1.2691904112454233e-06,0.00014788161552735997,0.39222408419178645,0.5061651951835986,0.9979084772608644,0.021681015641859758,0.022265758198151502,0.8825570245801702,0.5083735702615398,0.48129877956692474,0.47063678930341024
0.59581511554196,2.7252840043244898e-05,0.6004251567191421,0.0002224463338844212,0.0007441057405214709,0.0005627640393178535,0.6013595329178145,2.4041924564404956e-06,0.00011553599664372199,0.006835879310857598,0.004166434850319867,7.055615921955524e-05,1.4653644192392785e-06,0.39411570394874385,0.0004239250940358101,0.0005568847276264087,0.0001664776822959662,0.5044692406341769,3.0014502674735903e-05,0.6893754028141152,0.4385902544962815,0.569834029592601
0.0016653026606387284,0.5803148919063894,0.0011940303154838983,0.004890127269760843,0.0015273171399917157,0.0009532641465439214,0.00042900293940243567,0.0013884899997501001,0.5786494949332207,0.5788221697931758,0.3914768204925897,0.4990693793772011,0.001523133592488679,0.00047060482589037986,0.001049120613427424,0.001675430835919877,0.005364430005464409,0.0013098735113054555,0.9981731268567826,0.5171172510849384,0.45903576340466445,0.4631491718711822
1.132950071797446e-06,0.000722414807118209,0.610527292290345,0.0025403143258913526,0.0010824335210030784,0.0007976098965176968,0.6073506695787408,0.0030833223271346305,4.0916304421294195e-05,0.6096445655998268,0.3921694254424686,3.024690281804047e-05,0.0022793150902674347,0.49833573256404473,0.0008344039401535127,0.0011286823780788928,0.002648864097456081,0.999234166415865,0.9990179547723265,0.5254249268770624,0.6390310376787233,0.3125012180438997
0.537503159570856,0.5593707819550658,0.0069615659314061695,0.5902919045672014,0.004038262245495707,0.002010578215207842,0.007173459297096555,0.0077161464302043575,0.0027258011441722452,0.004003814290926259,0.0025425627270086737,0.0017826062599483883,0.0049001176957261935,0.004615679617245701,0.0012903782341669337,0.002564617655849026,0.4078291392726329,0.005563130032971043,0.5254984899209835,0.5091967878012801,0.4584109546841168,0.47385046970670697
0.5856139058134219,0.0025949130223337736,0.0017717851576616983,0.5789197272703972,0.0017628831969243083,0.5702465571190767,0.002425765016121196,0.00015898060893326622,2.42180214627524e-05,0.00037050256415531674,0.00023478846188667744,1.5376780628750114e-05,0.0001007464404069573,0.001549329128615523,0.38715961556781736,0.0013612019135976134,0.495564390666725,0.0019383156109066269,0.002907631107741171,0.5671522261853286,0.5082085004674597,0.494852366062385
0.005150448274802413,0.6007664526203319,0.6145331362716051,0.00017306075618737267,0.001326622956596199,0.00043942951536888453,0.0008273661579017398,6.747229269012677e-05,0.5876263677890149,0.00023145218381929433,0.0001407443759325758,0.37939312073558035,4.9575414225853324e-05,0.0006079091827987915,0.0003239262196973924,0.0009747400644158918,0.00012715699267651132,0.5019435645890034,0.9946317001649532,0.4693184838320036,0.6773360740195766,0.6205114088597998
4.161421738401322e-06,1.0471735280941405e-07,0.0008131723279366322,0.5828050747841464,0.0011707380331343685,0.5765422537748844,0.5803836225381641,7.142946037164094e-05,0.0003423846722865733,1.2463869205600629e-05,7.891132102535348e-06,0.00021677078655717402,4.522346405328217e-05,0.3917043811406865,0.49759767051012016,0.0012788379366818863,0.9991039180691701,0.9967694292517819,0.01654864544842305,0.4832672137796943,0.48251806446453516,0.5702943295826931
0.0001827283609525987,0.00017917959664364035,1.9665094703679455e-07,0.45632911225177114,9.417782825046179e-05,5.532559008015473e-05,0.0005192830861634435,9.984826850680931e-06,0.9135615436837566,8.967490782289121e-07,5.480847957324157e-07,0.7113017297227462,1.3929711138120926e-05,0.000733997247200897,7.800054432848495e-05,0.0001313864380502632,0.9996305822412256,0.00047693957483241345,0.5065890918685634,0.6936480672208494,0.5297603438565319,0.556748134867149
0.001422462890615783,7.293709701650744e-07,0.5786828705333094,0.0015131974599923775,4.774969940700374e-05,0.00032041899076086966,0.5778458747866707,0.0015103535238316732,0.5834355687262468,6.844054460346974e-05,4.337190642867339e-05,0.3945007013308778,0.001175750738407573,0.4995371695086055,0.00035364756986094306,5.2529992648004536e-05,0.00166468780329849,0.9984351251041136,0.0003264281573656779,0.4966200837478565,0.5023082016603558,0.5675610688385473
2.5919382813722815e-06,0.0009190867169227346,0.8918345875988336,0.0011015365494391066,0.0016264716188110738,0.001804209568008914,0.0010668440101487336,0.0006924852343087813,0.4498992928983541,0.00013014711370859825,8.233606477957669e-05,0.2956932661863381,0.0004900052642259141,0.0007608522188356072,0.0012850207916948752,0.0011509017090103727,0.0007794553440052111,0.9993280236627724,0.9982582074564019,0.4995617041487152,0.4216298158147366,0.5122951656184029
0.0051697717065793125,7.029333790940888e-05,7.856980099747652e-06,2.2861905306830413e-05,0.585377725366696,0.5787054918985087,0.00015983398450892822,0.5743575080894723,0.0027712372703584277,0.0037187590215416464,0.0023385505468350998,0.0018336988277311461,0.3840662933467873,0.00012820467893619045,0.5018592458918226,0.9941094575967284,0.00276033385841653,0.0009408245329489589,0.00878796671134402,0.5012800349250864,0.5905187861707109,0.4355124437517416
0.007297155878095542,3.750313594513025e-05,9.623830300483582e-05,4.63439714629948e-06,2.1161443150843627e-05,0.5750218750904708,0.5752764704412491,2.230513918023343e-05,0.575901457491494,0.00012966081796768626,8.237291262243012e-05,0.39063231972231105,1.7332104805297486e-05,0.5005381743314046,0.9919537651214334,0.0018415083017975292,0.0004032950461774603,0.00844876884058604,0.003372413350580805,0.4995689556251621,0.5187397839325879,0.45836590306964475
6.085129814500073e-05,2.0948712201848872e-06,1.0,0.00010463622002207276,0.0001959770410081709,0.0003345452647140954,1.4160583017825559e-05,6.698072722993015e-05,0.00010660052455581343,0.00010681063069422309,6.740491052900643e-05,6.727231937074757e-05,4.226948143787107e-05,8.936309393386098e-06,0.00021181062136995396,0.00012367510421766657,6.603271248306484e-05,0.9999615743237315,0.022635379527541022,0.5714933541490964,0.45206234097278647,0.5372292834514901
0.57891526800932,0.0011052298836237392,0.0077083661441159,0.5802952797161965,0.0009884877612009707,0.0006791642623137575,0.0006087924692847514,0.00021080209929642357,0.5826945789552044,2.4301939330006833e-05,1.5383040680645482e-05,0.3934090749476446,0.00016371452578984528,0.0004728045029224696,0.0005291795645435294,0.0007676866072058799,0.5007290657161705,0.008476195651271279,0.0012356333296354473,0.5342975726823878,0.43317360596693244,0.49094285890635075
0.5878215810615072,0.5579437175132294,0.5721129882998902,1.6249563769105198e-05,0.0016557967121422598,0.002038209150524432,0.0004052739184422004,0.00021636892664191268,0.004779893383072937,0.0006892078471994783,0.00043623742246468207,0.0030254683735229156,0.00013695332205803572,0.000256893306352873,0.0012985510412261106,0.0010480592571225204,1.0285393728589622e-05,0.3890866655649928,0.4935251566500769,0.5736176183189814,0.4839344919322877,0.489385545838134
0.00131972943811783,0.5895699691694525,0.0015797036473226686,0.0007212465583885637,0.0001581781969214265,0.593979707596242,0.0017676139098626216,0.580581345920582,0.0040440805868432505,0.0008463121839041234,0.0005254231975265686,0.002510728055408612,0.3831692161109731,0.001331371364953956,0.49815060841324915,0.00016800263101486243,0.0007660433222282365,0.0016778220998369458,0.998598295232982,0.499554016335542,0.46702139175147916,0.6559858824511565
0.0008438204327660108,2.9517889219620695e-05,0.45046466903248616,9.379858574559638e-05,0.8975086287777604,0.0003808242820117001,0.00018342233462898103,0.00016555506822641593,0.00010593490285614387,0.0013848855721277763,0.0008779473461356315,6.71574084031233e-05,0.00010495360001219609,0.00011628055141793385,0.0002422117960102075,0.7038625014050712,0.00013256073705321912,0.9988067171799682,0.02263105550436617,0.5313640323283959,0.45635380973652256,0.536386010246877
0.5839976602811947,0.0015818735085823845,0.001141882122577263,0.0004431447547833971,0.5787544615381197,0.572920779653165,0.0005786368678827137,4.107064374793204e-05,0.0010250177396216923,0.0005338968600772207,0.0003388066993986263,0.0006504682764933389,2.6063119812156884e-05,0.0003671985993832442,0.38841084914720425,0.49712744183613095,0.00048307228563356674,0.0012447672194522395,0.0017244067203023659,0.5265045956952061,0.46354924796844327,0.5341207159088608
3.769544862680334e-05,1.3706790812989905e-05,1.9669148676503594e-05,3.094618544487513e-06,1.7924161519336157e-07,0.44752323306137026,0.0010740163247761037,3.5078717654275326e-05,0.89660795994629,0.0005242800537931825,0.00033285390656343124,0.7044455894142865,4.973833265169164e-05,0.0015228559041427718,0.9999361570354846,0.0025342872094199693,0.0437893920176444,0.2912694644859197,0.22861070498512176,0.4999895492227566,0.44867426788359005,0.4895555586653901
0.0008186971137722121,0.004623541157569783,1.1092360981251375e-05,0.9167475107823001,0.45144868984011854,0.00020575803902058316,0.0021588981854345065,0.003397763180982407,0.0006091269152377199,2.9058215361958776e-06,1.810265334847875e-06,0.00037947320258433106,0.0021167388471865257,0.0013468979557846872,0.0001290226078610768,0.29130490059910574,0.996634094199605,0.001469710876078216,0.891855987835056,0.3609307028871998,0.4667674245695589,0.4618998032356637
1.7629731085964037e-08,4.830141495179878e-07,1.1396358771400733e-07,1.2573157039745598e-06,3.3342423574317745e-05,3.537056290889714e-07,0.573799883732903,1.1896413386700824e-05,0.5686829039027349,0.5733277567166342,0.3849685786213021,0.5023913951480636,1.2958881387137025e-05,0.9999635843268727,0.006807116958135373,0.9737267780908381,0.7523684152823774,0.14108133015738467,0.9776910008232591,0.5845307982912806,0.46612470799509864,0.4872950931453369
0.9065520245010091,0.0035593985290400944,0.00012330381633419334,0.45756014220937546,0.003351506570067126,0.000458228608922353,0.0022484910555483116,1.8942390157249413e-05,8.292108628110052e-05,0.0002636520578193162,0.00016528526207541892,5.198379225292301e-05,1.1875113087831773e-05,0.0014095954713548562,0.00028820534669865116,0.002101091419900842,0.2975675067712466,8.658856837089925e-05,0.0024995496961684217,0.5150370802485479,0.618105295789999,0.5363119734990162
0.00048392820731282024,0.00023113387708505035,0.0005097414858851828,0.582748272112645,3.412065506474409e-05,0.000408427544971558,0.00018999462256840825,0.5712253205301508,0.581342197465127,0.0007425349253176288,0.00047180417210923294,0.39407104225755457,0.493642918393857,0.00020785783295965368,0.0004476406362541026,3.7274869839469234e-05,0.9991885963237753,0.4868339748144125,0.2940193419933709,0.5142348741795284,0.47671642404858316,0.4656433771442129
0.00026723962685950046,0.0067000731383402385,4.07981197428665e-05,5.205549158175517e-05,0.5817329003910355,0.0001162609969276419,0.5804374900549677,3.221099044810698e-05,0.5736861039466289,0.00017573739671143503,0.00011162796149975143,0.387978528653696,2.495250641656294e-05,0.49926853205369676,0.00012763697172540043,0.9925399283357377,0.004861211462074336,0.0038100365605135775,0.9750364503061342,0.49991365175681374,0.4529759800749647,0.4947289573801618
0.0015513949109486932,0.00010060008869690469,2.33644066367513e-05,0.8964322519453977,0.0006229776087702881,0.4443513842150366,0.0018404174744607604,0.0006076588042927786,0.0028518042549143733,0.0007646518238957702,0.00048622257022106396,0.0018133923126668222,0.00038639638413190945,0.0011702803287624158,0.29379393873589726,0.00044241960510682055,0.9988956491216353,0.009649607926881243,0.04259030621624976,0.49859564307561816,0.48644245414464304,0.4685927600511669
0.0006279679400669007,3.115975233807483e-05,0.5838102718528343,0.0003237309867344256,0.0007191507903130721,0.00012410107595024216,0.5824680540737053,0.5802874878775728,0.0023098891502507336,0.0001223303122673374,7.72302013586004e-05,0.0014582923706314421,0.3903561528555784,0.4992668606982305,0.0001357685126179601,0.000784201763864986,0.0003530143547794207,0.9993143577128625,0.032087883621726154,0.5259558789107684,0.4219136313961821,0.45980853210070444
8.503136214602966e-05,0.0015223232770820183,0.0001649693308369837,0.585563285326895,0.5886085696419804,0.0001302994751497496,0.0001331410754481742,1.4119664519850742e-05,0.585425332701758,0.0003440984272836823,0.0002156295439824254,0.3909753301153919,1.0826437439457942e-05,0.00010289214616222595,0.0001005625136364333,0.5016499428121313,0.9982778842751583,0.06700874418638372,0.9655351003833599,0.47459852784808204,0.3838024850781271,0.45803203313999674
0.0024427926717741767,0.00013167044383978897,0.9258372245237438,8.575739001586857e-05,0.005464636572011757,0.0014168890399468021,0.4661756341647069,0.0015871036981203884,0.004405991388555844,0.001010564046574717,0.0006206256014185897,0.0027058949548098843,0.0009747099007927068,0.29695072587667615,0.0009774345331980943,0.0037575105441463585,5.8967881098171684e-05,0.9983178641615305,0.03428165226398264,0.5036101848075287,0.48023166146940005,0.30972734641935
6.597892276069786e-05,0.58195984281431,0.004932676410011754,0.0019769060675700074,0.0006046282832084576,0.0001542061252516303,0.00041226874885845916,0.5799750053161984,0.587744374245574,0.0005238845555510187,0.0003283206182900727,0.39279372207337615,0.493642918393857,0.00044358542440105784,0.0001664617013686727,0.0006505571756469122,0.0021270808927582032,0.005307466299200174,0.9999290062850413,0.6110692962932976,0.45191916243288505,0.465739734136148
0.0005842039512448911,0.5725621625211049,0.004037809515211677,0.5804846352261951,3.590285761213972e-05,0.5812702027457359,0.00045959683273650973,0.00028103074342700484,0.00011887608478316148,0.00014165700569062218,8.94731009242896e-05,7.508426409356359e-05,0.00017750405363383163,0.00029028961313742126,0.39279086895821025,2.7803217742748194e-05,0.49910948159608476,0.004415945451275377,0.999361075706563,0.4932309693328835,0.562545166543015,0.5629398381675187
0.0037112676966957504,0.0035893227549931655,4.447505267191628e-05,3.372389069280517e-06,4.7364062925092785e-05,0.8958154782703812,0.45187372918157664,0.00037784034666470123,8.389246135259697e-05,0.00035779693872449485,0.00022636547449842324,5.3075796877845546e-05,0.00023904624666170877,0.296948631166308,0.9962816506939103,0.005744148050448235,0.00040900268991069725,0.005441433621803602,0.4994947386663957,0.5788125171085631,0.4970582956124283,0.49438862624229907
4.2492012123213904e-05,0.005990830015567131,0.00021416160297871103,0.5919230115284495,0.0007665313836462665,0.0011136173238502029,0.5825352428697732,5.565126518280904e-05,0.5932906013244966,0.0017865427829580833,0.0011143227485309604,0.39489577757946503,4.265862098113294e-05,0.49489427569841943,0.0012015545796723662,0.0008243702781469409,0.9935527385579523,0.022747774904379736,0.9954846321138301,0.5215427719129622,0.4624962480170804,0.3629112993238317
0.0009030591528627411,0.00012077626813907229,0.581374542435887,0.5834776922187515,0.0006005854740230759,0.0006486872171377166,0.00013190982983803134,0.0006218055683115479,0.0034378581194624163,0.5750851789558592,0.38802455446211237,0.002657102800286165,0.00048059315141736153,0.00010195304829891202,0.0005030072226060296,0.00046419243340928675,0.5011490296042583,0.999002029315791,0.08603255649360582,0.4346566293027463,0.4842700152997296,0.4921250211081883
5.4271169321368815e-06,9.451480753014287e-09,0.0004937007493171603,1.0807563050493421e-05,1.728807038225872e-06,0.5827705661819411,0.5828219551076602,0.5821327433116954,0.0003883673254025347,0.00020161271874886904,0.00012706094776656956,0.0002447579826528175,0.39099509838959795,0.49899028218564867,0.9994622711447562,0.002228593316709826,0.013933124749691717,0.9930020843442652,0.0011271527261499138,0.4295747471903987,0.4777247887564883,0.43148492276798855
0.0017094227724287587,0.8813963523888156,0.0035721255093652997,0.0008596810842405245,0.4485483738650453,0.0004736223777942029,0.00021193195495016785,1.0709654084533726e-05,0.0003523508392374932,0.002443075682075879,0.0015520819820024783,0.00022384835956167526,6.803839611477019e-06,0.00013464030018621437,0.00030187464725292025,0.29545533048218,0.000610758401156751,0.0025378156534461753,0.9987855338592643,0.46799331781402165,0.46898658071819194,0.49026784538075613
0.0006808529088309439,0.4481066158695246,0.00015310721940835177,8.98566066846403e-05,0.0006756771275891898,0.9221737370743277,0.0013927738320819267,0.00013495092032147298,4.956153661254476e-05,0.0008393751155556874,0.000519811613593299,3.069267551134816e-05,8.357297020210623e-05,0.0008625230711179595,0.7128561611779066,0.0009599245975381889,0.00012765806245948865,0.00021751735728342547,0.9990327210647205,0.4688484954474492,0.5992648837207346,0.6310319175786134
0.008400534704112048,0.5906482273473664,0.6119378974695379,0.00022420993422853617,0.0064927496712371725,0.0005690949078037192,0.6082855650454938,2.4198068647874705e-06,0.0001165118225132998,0.006816465099836098,0.0041277944649163335,7.055615921955524e-05,1.4653644192392785e-06,0.3928159421336429,0.0004239250940358101,0.0048208267290199,0.0001664776822959662,0.5059829896304608,0.9910945186658027,0.6893754028141152,0.5383646506503157,0.6181500247674563
0.001860046905751761,0.584500222259466,0.0014489501132508794,0.00044149364359224525,0.006044539215796316,0.5856442900967345,0.0009100981867435817,7.346166746518194e-05,0.003141645125706068,0.5838040713550325,0.3906734502504061,0.0024131615656171335,5.642767234268081e-05,0.0006990684326726364,0.5016403989707763,0.0065832372058932664,0.00048085737524571374,0.0015781409416104019,0.9979741006155128,0.517783364547415,0.4194234635469937,0.4165255331625124
0.00700575905546087,0.5853153972923483,0.0011392180886298784,5.40560557119776e-05,0.5871169428037412,0.00010779276885201736,0.0005580553068326944,0.5839631604450142,0.00029794981070989195,0.001363060236096884,0.0008556998157372914,0.0001870465798806827,0.39066026700486023,0.000428517018734941,8.304171388967842e-05,0.5009548182889588,5.8789883189516945e-05,0.00123898312493587,0.9923805322886229,0.6121018595026259,0.46713194193122276,0.5208975580567813
1.3087616807190237e-05,0.0009793009898284547,2.486394604744455e-06,9.07238859635484e-06,0.5802142890050443,0.5767176942314629,0.0009016596784976276,7.3133226536554e-05,0.00027691879627183663,0.5790531017459778,0.39164220192269483,0.00021514555042036253,5.681914376687048e-05,0.0007015346430465674,0.4991131290104144,0.9988896347235682,0.005707329878792744,0.0015779618214585738,0.991759001434076,0.48359564803497584,0.4527337273225817,0.4707232109175699
0.0,0.0,0.0,0.0,0.0,0.0,1.7838766647654876e-17,1.0,0.0,0.0,0.0,0.0,1.0,1.0,0.4799992761390885,0.6062249595884557,0.4924717092430814,1.0,0.6018505347565335,0.35648430478310555,0.451557496115832,0.9884357388922305
0.002109081986823073,4.364448567665344e-06,0.8983806232630696,0.000494116857119878,0.4496461111452309,0.0022225954292287133,0.0008178472413537688,9.158419775576587e-05,8.800229258164321e-05,0.00016761994105013865,0.00010621846702993514,5.57658513257605e-05,5.8035655960166484e-05,0.0005182586916125539,0.0014130289107200035,0.29542483684434284,0.000350145199466122,0.9985054398302458,0.0013611895897533552,0.5179244567492346,0.477328586255193,0.5615944796701422
0.5784998856235053,0.0013405045190042605,0.003663970701627883,0.580415160889815,0.575773601475258,0.00043302862724702273,0.00016836438595978673,6.34691757123404e-05,0.0006784418788771166,0.0007644316512618161,0.0004859056833106176,0.00043124699693669334,4.034375895868705e-05,0.00010701970159907427,0.0002761505470795717,0.38991075869921493,0.5010448381553301,0.004032012090185047,0.0014997426623690746,0.470871969688012,0.5203641573388974,0.4834618450290779
0.0004926935642766404,0.5571566004886604,0.003372979600015797,0.004443649891990386,0.0009454424913771232,0.00011545344482128104,0.5760673709816408,0.0018007515809298704,0.5727445405242332,0.00017732883339617955,0.00011260568789975879,0.387978528653696,0.0013945574648537163,0.49926853205369676,0.00012763697172540043,0.0010342730143324706,0.004861211462074336,0.003722479672785467,0.9994596813631087,0.5171772854290662,0.4529759800749647,0.4947289573801618
4.502973259802326e-07,0.00039612848798141264,6.940319565253213e-05,1.8904659182182687e-07,0.4581950443869587,0.00028632283818509293,0.0005904223706595051,0.00010953539267263491,0.0014216607593425194,0.9078955514762495,0.7024530637883539,0.0019752573757460595,0.00015218911207791038,0.0008203365207136715,0.00039911796671066925,0.9994412321759224,0.0002992590031723588,0.1104173979374054,0.9992763255701514,0.44128146210377384,0.46739814667245627,0.6116026880831039
0.5836846304008616,0.0035201982304908447,0.008736949848476987,0.001972534636665321,0.006540786423449393,0.00046594561514058663,0.578646160495778,9.446476822011738e-05,0.0007105304415791692,0.5768602089689815,0.3895644654154991,0.000550300089365232,7.316221855298459e-05,0.49717603820281686,0.0005097592351438194,0.0071326882671424174,0.0021511312653350444,0.009612211036898823,0.0039670402298575946,0.5194299604505599,0.4835593423443104,0.4403684798459885
3.5188141947894814e-06,0.0010778841098801444,0.6039515377397214,0.0001327262042255386,0.6057283777005732,0.6079273475350229,0.0007045176785553006,0.0003792824876968813,0.000998133597877851,0.0028144008951590392,0.0017054827540785601,0.0006048548267895416,0.00022983989107390294,0.00042692792555364535,0.3943357544182543,0.5009345674742193,0.00013990524105216592,0.9988448874964946,0.9979557666242571,0.5293431674981406,0.45057510843115905,0.7173759673081209
1.5575457507178883e-05,0.00010814243807891593,0.00011832171322562492,0.0001627203454531506,2.008722927599621e-07,0.44723175459208503,8.198220066799982e-05,0.8990300246470536,2.3417774427309054e-05,0.0001308725119239621,8.291980426953964e-05,1.4837319575753346e-05,0.705299081114389,0.00011631915094293733,0.9996719648778303,0.000553110043243613,0.49703570763471416,0.5179342143615766,0.9117509467289178,0.5390351922808829,0.5496550394647629,0.5280898477197186
1.0,0.0007770864595940725,0.0008557119358199713,0.0004964329430413795,4.2089674315394493e-05,0.0003272341049721665,0.0001249963809026271,0.00030761861877502846,5.8980890687736146e-05,0.00013841683155348748,8.80411654342959e-05,3.7515281431683475e-05,0.00019566336007227934,7.950498190045785e-05,0.00020881959625072773,2.677148705331248e-05,0.00031576031120222545,0.0005490699207490596,0.0005107046048874225,0.5094723933270399,0.48232643486200294,0.5219263122911184
1.1613088859947365e-20,1.7674276414613912e-22,1.3167361298298494e-22,3.181137230938578e-19,5.457570331669088e-17,9.286415182510995e-18,1.8593878336731078e-20,0.9042816408559632,0.45161892260522124,0.00014085062527075543,8.87115983423687e-05,0.2948732320573495,1.0,0.00021432204431641574,0.1079842636185123,0.9962867946023443,0.976709125352412,0.0072628891704917264,0.009985945106086691,0.5968177114575266,0.47389179792141967,0.4729996257030656
0.0001987544325574598,5.291208254439222e-06,0.0005504803404174014,1.0,0.00020947355335192784,0.0002034917751428849,0.0011570486646436985,2.2208594432675403e-05,0.0005782104201612769,4.117610297072227e-05,2.5826538588500455e-05,0.0003734801562745466,1.3929711138120926e-05,0.0007352945459244744,0.0001289846135737309,0.0001313864380502632,0.9996294430095474,0.7782833704709592,0.01764066799898109,0.5616965250102556,0.5890751468591102,0.5569479967565767
0.002987267710362149,1.8765574109477139e-06,0.5921174155910277,0.000205600312337745,0.5922871047709085,0.003312455738762696,0.589971428158908,0.00011975419757429059,0.0036360056346128123,0.00020127109902983806,0.00012507455104302987,0.002259503401999599,7.441851878662307e-05,0.3906903532267662,0.002526130985525746,0.5000871382193004,0.0002210499972242165,0.9967882418370235,0.00040657455588115517,0.5251344197381179,0.47740687913668123,0.3473169448759302
0.32241962128330476,0.5911244689341554,0.04768300327669592,0.004615618086106236,0.007673504517864375,0.0061088597648044,0.035202156573522825,0.006065951785755866,0.008469240475546992,0.0013132202313633889,0.0008141223303590184,0.00697500195845154,0.003760796950990103,0.02470809614676045,0.004763194319109508,0.006207478038803918,0.0039231133854034095,0.036399518540402874,0.6104098363545291,0.575115984843652,0.4755444328115174,0.3562659429750047
0.44764555289803987,7.249248779329264e-05,0.00015166803574434725,0.0005490524372002629,0.0005472206643252601,3.3219696298206394e-06,0.00018026185409305943,1.2300458231895783e-05,0.8971383707905698,0.00017251932401996864,0.00010954234215776782,0.7053568968498614,1.749308563109926e-05,0.00025635924095172716,4.7397627288386145e-06,0.0007782296336149607,0.0007808352733542695,0.00021569490594777014,0.0001030952957649647,0.49918337518781986,0.4760904971770723,0.5452380833178191
0.5930806549279661,0.0017762739240089066,0.5916353509446858,0.001393445658141612,0.0028881728347056475,0.5824371608158238,0.002740848362045807,0.00013281526287643982,0.0012055500096380103,7.1746880802858085e-06,4.458668260154397e-06,0.000749182228496097,8.253733153895182e-05,0.0017032875305340472,0.3864329700892347,0.002185220103962781,0.0010542993758133692,0.5020091854256128,0.001970054128745444,0.5711699003870372,0.3609023683023097,0.49744087411235527
0.5778861023165914,0.0025606703622314524,0.00174840455245221,0.5712802606382479,0.0017396200626331709,0.0051395130922219584,0.00036853984118678627,0.5815678544339767,2.466236868536193e-05,0.0003688412339770858,0.00023478846188667744,1.5376780628750114e-05,0.3950761636552061,0.000290638015019599,0.0040477733852261055,0.0013612019135976134,0.495564390666725,0.0019383156109066269,0.002907631107741171,0.49483043942346366,0.5067412470954916,0.494852366062385
3.2784196259062514e-07,0.0010283964845199947,0.4529322249779027,0.00014474962571429096,0.001012296085411337,0.0002600055588936039,7.562399469462832e-05,0.9073481131889568,0.00034203070589426085,0.002460920588812389,0.001539794239279274,0.0002228975203010261,0.7010923793401529,0.00010651546729497849,0.00036336010426174634,0.0014033582483642159,0.00020317120436786907,0.9984863911149575,0.9998062223317232,0.5706794806767861,0.388669121893438,0.491911658825789
0.0028728550664862355,1.1243244653057464e-06,0.5903140370957822,0.0015646329607303501,0.00016139155465717602,0.584792548746246,0.5815829594662868,0.003058010392444476,0.0032498543265882616,8.537799163678341e-05,5.3530991550412765e-05,0.0020376237318956436,0.0019173490932116056,0.3882775633374549,0.49804147088286976,0.00017404884210981425,0.0016873428188358287,0.9969018150934656,0.00024914836706416664,0.4715613524474929,0.45801224765542264,0.613092682454663
0.8966915071491963,0.4445226615903009,0.00036776317572330164,0.00029281230351770705,0.0002448820383295009,0.0020039225814092346,0.000714064922868464,0.001285383450116862,2.9387968460767818e-06,0.000742322136778741,0.0004721845131020519,1.8693428951970913e-06,0.0008176213622449683,0.0004542108469289022,0.0012788419783234073,0.00015576780047142576,0.00018625592281886405,0.00023393167686657136,0.2929921244332124,0.5111596397290367,0.47653138459470434,0.5124854697586838
0.5717171616612733,0.00353328635543157,0.008720249794391493,0.57619098511659,0.00046003730736712703,0.0006228934129900026,0.0006895384076162264,0.0012815970387630759,0.0006899801933905534,0.5775576324721043,0.38936102890745317,0.0005492805482235723,0.0009907150112020702,0.0005400633395857444,0.0004866102493780829,0.0003556239138395867,0.5027352897937191,0.009659076020335444,0.004096187088583489,0.5638112283379038,0.541125286372932,0.5106173943377562
0.6022094856215056,9.620910710483481e-05,0.0013866081934329102,0.0015961473104737403,0.00016464225308086358,0.608048500508051,0.0007718941708112014,0.0003091513629087836,0.6009231858421994,8.802639523116931e-05,5.3530991550412765e-05,0.38923797900584534,0.00022959682350232047,0.0005732612001613977,0.5041070432985645,0.00017404884210981425,0.0016873428188358287,0.0014658364604061003,0.00010340014137102611,0.6820485541038505,0.4578306896860162,0.6092612343091762
0.8976790458298181,3.99149689510055e-05,0.0048601620385450095,0.0010917314087504479,0.003376396542844323,0.00015346764803070314,0.4474516899972414,9.051331184990899e-05,0.00040297540566113464,0.00022047986502462012,0.00013993727733387383,0.0002557661377363055,5.7448273858198254e-05,0.2943736501665202,0.00010918975381877475,0.0023944388342894965,0.0007742269071996584,0.003446716318433864,2.8307064255256157e-05,0.4820047501119057,0.4573873047119429,0.470095191010693
0.5787949269672633,0.0003370788106889648,0.5809239953263223,0.001914029836977296,0.001671542409287337,0.00045955099494697694,0.0009633288171716258,0.0006458115293295892,0.5759204244517664,0.00012932067443723245,8.179626194999544e-05,0.38868138016148956,0.0004985488634390114,0.0007495241809861591,0.0003585137168150407,0.0012903873362376983,0.0014775846840710402,0.5031846119827453,0.0003904768895196531,0.5182889360219768,0.42177610772057017,0.4930354802305486
0.0016468595406731977,5.4115540765904155e-05,0.00035546525440348196,0.5839432352187901,0.5808269574664444,0.0006891052506412494,0.5741098008747612,0.0030337734254196557,0.0005702678138675249,0.0007646666042731101,0.0004848747060348335,0.00036160662097779,0.0019237178006548026,0.3875402296319896,0.0005343842415919625,0.49829543713742597,0.9981622907759207,0.13526372718384128,0.020911699330755727,0.5182098015141025,0.5331857902598056,0.449583892016875
0.0013057650110877078,9.01686679410459e-05,0.5763353115173717,0.0002724076164154765,0.0007640843306742202,0.00035585912519068836,0.00010206671606900674,0.5784259634289463,6.826850601980637e-05,0.579850945692302,0.39179177831430706,5.2993039679338366e-05,0.4983640288550951,0.00011192080675615132,0.00039092565457716014,0.0008366460429718275,0.0002982771465758714,0.9985653376075513,0.045306143223282525,0.5054511556346594,0.5616087524368005,0.47584352815578856
0.003595612895320982,1.2902314158065946e-06,9.478327566865648e-05,2.443923507268949e-07,0.5792604174744392,0.0005711295951495914,0.00020294342648273137,0.5806391243009625,6.165203849109083e-05,0.5799482771629623,0.39182259281879395,4.785392606428254e-05,0.5007503909662208,0.00022303480526478188,0.0006297210103242293,0.9960435132827494,4.321740624919397e-05,0.016910517697951155,0.0002358279025796023,0.5430224598011281,0.449866653698923,0.5120179940593106
0.589833487880933,0.5698767375929366,0.0005367174354853316,0.0008066102737915994,0.0011428852137985832,0.0037894922681715104,0.5720792542607386,0.0003165638430697001,0.0005316263503996893,0.00023980547431018303,0.00015090458606806863,0.00033454140184071754,0.0001992070619328314,0.38325064960541,0.0029027475391539817,0.0008726060563807076,0.0006158567388298084,0.000413394642382148,0.4991731804695778,0.44622499905878543,0.5888924887372563,0.5295212829496067
0.0014570746964586438,0.5890711986074045,6.239030333072392e-05,0.5862522224730062,4.353694586572582e-05,0.0005279654707629659,0.589452066992976,5.107968923781442e-05,0.00030213134706439743,0.002966260287090406,0.0018533503147066255,0.0001887753477809739,3.1915213302961484e-05,0.3927385300412724,0.00040574861903639814,3.334984131569694e-05,0.49847211497174315,6.742610934802758e-05,0.9984253165457586,0.5476263545587227,0.47455829687928164,0.6264381186229288
1.1253204276709096e-05,0.003549985418226515,0.5792301276862115,0.0003899346121494122,0.5727969673153294,0.0004816543529487974,0.0005986247949872151,0.00023779275431582895,0.0019433040096632683,0.5774835612228091,0.39124851386777904,0.0015148550917211123,0.00018500717896963693,0.0004694114593231165,0.00037718799597754574,0.4936516508424068,0.0004248240746910042,0.996003754930137,0.9980421581458646,0.49324600539930796,0.46229642611237676,0.4929196330419999
5.997369581803508e-05,3.893732391095494e-07,0.0010516576052969587,0.00016229372576271068,2.9525531016604662e-06,3.667003736780798e-05,0.4478493648237877,6.246092866702482e-06,0.896125217372547,0.0002200654283210349,0.00013984576481862498,0.7049532475712064,8.878822339594293e-06,0.9984840619449057,0.021966421723182278,0.0017636112566643478,0.09731971210989442,0.9637335067077242,0.004133132312404458,0.49207008063332547,0.4927906240247308,0.4589045393627968
0.002942829658526836,0.00013978479225373568,0.5931691995897854,0.0014629575591065993,0.001629163526967057,0.589535279263911,0.0002715781823789488,0.00048192897503216727,0.00023703880451535949,0.5941852172241359,0.3927699893595539,0.0001801471140183002,0.0003662612174325209,0.0002063967380601106,0.49907552678705935,0.001748471025997,0.0015700989415272648,0.9968380683828055,0.030216810117255744,0.3359076397456743,0.5030253185206013,0.4914991010261371
0.0006030840357372189,0.0001315430630384671,0.48846889148894673,0.0012728378314903262,0.0009262486734765902,0.9733224041661744,0.0005029587894755923,3.083461290937548e-05,0.0009424447460084066,9.905199152397303e-05,5.750160635129463e-05,0.0005481683089502355,1.7900098812494917e-05,0.0002942783525812602,0.7033152224829622,0.0011966454180914884,0.0016444169803014,0.999199469895466,0.14078594335986516,0.7945649092562163,0.40799955996190485,0.5374913808147948
0.00010760297452936647,3.8980800707709686e-05,0.5840287774361328,0.5846659832326204,0.5743933982555831,0.0004141468401775371,0.0009036928154636121,5.837806256070738e-05,0.0017150240360585157,0.0007881131132743692,0.0004985340324928401,0.0010848676702697128,3.6928073738020365e-05,0.0005716469163954393,0.00026283142752424213,0.3866853204212809,0.5003470971548777,0.9998752482190091,0.22126314867149038,0.49918714622637644,0.5775303270963459,0.519899584221742
3.6141177052396574e-06,7.4039104046176126e-09,0.0002693762467875942,7.06039346890558e-07,1.6149006105918087e-06,4.1705084093573675e-07,2.2030514706729686e-07,0.576338257330419,0.5800760006233905,0.5846637953944936,0.39486986412993097,0.5026741624295327,0.9996997981548676,0.0005201194211263951,0.0009872529595552314,0.0037828439760910666,0.0016538919558265778,0.9915131248205932,0.0013588390094145756,0.514457777015911,0.5730734988632784,0.48183761472204434
5.075795971069705e-06,6.142001633855303e-09,1.0371243650593535e-08,1.0787226771275422e-07,8.873690597463055e-09,0.996745360713123,1.598269517286196e-06,1.4297660698682407e-05,6.806097278888273e-05,4.055448968938004e-05,2.5733720860776733e-05,4.3187871206724944e-05,9.072534588885147e-06,1.0156407006646175e-06,0.9999967755886284,0.0011117261663888694,0.013515633947011742,0.0013110704775912835,0.0007952543811794756,0.4920941863420606,0.4986817012223176,0.5565919298530173
0.002867320412300731,1.1118655905101118e-06,0.5845550735556326,0.0015629958474832838,0.0001612226867765131,0.5841806661818578,0.0007523623593680266,0.0005730041018391901,0.5828435277901475,8.537799163678341e-05,5.3530991550412765e-05,0.38923797900584534,0.00043875234279777686,0.0005760881013976898,0.49804147088286976,0.00017404884210981425,0.0016873428188358287,0.9969018150934656,0.00025484526320371237,0.4715613524474929,0.45801224765542264,0.613092682454663
0.44336469241898074,0.0013095712983879713,0.0008423700602146826,0.0005426756479554924,0.0015320847550433275,0.00014465609520538457,0.8948484409482921,0.00016144376849691242,9.275286311165285e-05,0.00010645132598251587,6.740078690809962e-05,5.884132239319162e-05,0.00010221983682740974,0.7085159384341212,0.00020939544248458063,0.0021945447321907825,0.0007658525365297983,0.0012172222818158278,0.0019710649678017097,0.5395310238861207,0.5624039462382268,0.4974767813426684
0.0021620954363813743,0.00017379071270230532,1.54931111136353e-05,0.4484883001954989,0.897746189306865,0.0025938869444177095,0.0004375669090453515,2.0375521988832703e-05,0.00036095608228043296,7.4349402201871345e-06,4.7165117741943324e-06,0.00022898013949854048,1.2925644691729842e-05,0.00027757986167251114,0.0016508621807881305,0.7050481204662139,0.9969206656337559,0.004546646816892229,0.05190871654079182,0.46281680006748127,0.4536330320232742,0.4965186180389072
0.5825763064975842,0.5559253387803704,0.004878864275357861,0.00013093036979036282,0.5935097860089801,0.0008782657642983532,0.0022203091712324815,0.0018921207072130132,0.00011960853342316923,1.887298786016594e-05,1.1877488425409745e-05,7.527419533753542e-05,0.0011907841636075362,0.001400876397591109,0.0005563447992620007,0.39916512572550206,0.00010175493035536644,0.003825070515846936,0.49473368045828015,0.39817844174688577,0.514955658245034,0.4687074063002307
6.288824253882964e-07,0.00010648233501336126,6.254593411353271e-06,0.000221987652249989,2.8418127291359705e-05,1.3212452905638386e-06,0.8984211091815746,8.929285352165716e-05,6.775700962703423e-05,0.44957785796021693,0.29537540597303247,4.80125073385262e-05,6.327277168475338e-05,0.9998237787814372,0.0033933087199953457,0.07290771090832665,0.7107237599930201,0.036740018132258356,0.9963017632623584,0.5310595378285968,0.45178987469715637,0.5366166494100214
0.0015382369346155732,0.0014923124051859046,0.9014089323661189,4.102431388980905e-05,0.0002967410169265859,0.0005128194604787075,0.00015081888913352082,1.8837445159846064e-05,0.00031205710433991065,0.44917746052519614,0.29430310046914965,0.00022038954796883972,1.330389897259178e-05,0.00010651546729497849,0.00036336010426174634,0.00020957264888611974,2.8973326752098166e-05,0.9984863911149575,0.4903534895649459,0.5733611118511551,0.458519778870594,0.49511050099419823
0.0018654033959130756,0.6145881802038655,4.1444613950022675e-05,3.678713645949145e-05,0.0007664328711157597,0.6149103547420923,0.6164279901010261,0.0016120038696586293,3.749907116677413e-05,0.000397491023177497,0.00023587031930227974,2.2251869301262824e-05,0.0009565600377970334,0.3896673131649389,0.49594601899775503,0.0007809000772203488,3.74815501905908e-05,4.222694480561054e-05,0.99809938141866,0.6055160827141383,0.25165296369747625,0.4946949622539128
0.5758996924143301,0.0015776220933788763,0.00016524539296474436,3.7938916704251396e-05,0.0008337985058979026,0.0011643994276162124,0.00020014036175904925,0.0009543806236736415,0.5825718802041204,0.5782042806939655,0.390632708513011,0.5035089420609973,0.0010524435827633238,0.0002224442922930821,0.0012976262834158581,0.0009194747316699224,4.183732555415934e-05,0.00018382788090996695,0.0018367226457353593,0.5043524426639229,0.44424645565683846,0.4681158734076571
7.331116643323464e-22,3.0285703301449453e-25,1.1265193866494233e-22,2.77784062207314e-23,3.9658921735799514e-23,1.7848939594957356e-18,0.0,0.0,2.3546235595624285e-17,1.0,1.0,0.3194440975660478,0.8926916498216053,0.7391383902561128,0.9998792142593937,0.041972791030365,0.03816187286614903,0.9997656621900499,0.9719388509279249,0.00596599095025277,0.32747494917475706,0.4331058270273507
7.255716908749596e-05,0.004399645563726029,3.6862266744184516e-06,9.006745413307535e-05,0.00017901214812639221,0.4574160273718846,0.9130207891070702,1.677884015579747e-05,4.70319563767414e-05,0.0001140026675977593,7.102284767955994e-05,2.9300573041329023e-05,1.0453097633550428e-05,0.7034836933904924,0.9937881368652601,0.02545632309350726,0.012815688620262111,0.0005245837315186537,0.9896739968794014,0.43664896239772916,0.4542560916881394,0.625568510842306
2.720856256663309e-08,1.932019246547345e-07,3.4709391874449244e-06,2.3567196721139828e-07,0.00046467183650715694,0.9037716547760499,0.00019121512654831187,0.45423012197561186,5.75898210140899e-05,1.889004647701257e-05,1.1858153121882585e-05,3.61517859219639e-05,0.295654985586395,0.00013425417846682988,0.9996737397583884,0.9952260730472907,0.04308931207099334,0.96366941035048,0.9123712036934348,0.5775071553696071,0.42160762214125586,0.5445312544701704
9.371706121660063e-05,0.0002673072587738133,3.415840298022758e-06,2.3318707502986894e-05,3.7456632682890764e-06,0.904211327135612,0.0005757172242151677,0.0001464526760489506,0.45269932132663404,5.039320017979866e-06,3.1643182513141355e-06,0.2946714770447506,0.00010277597415350248,0.00040402063409081604,0.9998005128625401,0.00838882072770808,0.05228657154146136,0.007676651726993555,0.7853277619085159,0.4293442408482552,0.5841979659095345,0.4579968540167521
0.0006954054780498981,8.50455574493859e-06,0.0007277706841819315,4.087929652314689e-05,1.0,0.0002221214122521791,8.174259270177677e-05,0.000175070202765248,6.527352106320999e-06,1.143611411061249e-05,7.267975052139869e-06,4.272013522787371e-06,0.00011126208258551467,5.263467535622891e-05,0.00014265766200047703,0.9993524876620874,0.025932796312699985,0.5128019070376928,0.008105470452691037,0.5175009251581524,0.48591515161039617,0.4651770634328025
0.0010881934189608494,2.6721445933345633e-07,0.577956066195637,0.5806916946707376,0.0019246796322350522,0.008760545624158393,0.00012323948111275164,0.5787714280113861,0.0006320727642405643,2.8303246940934403e-05,1.796196024919602e-05,0.00040112947619874413,0.3915210816906007,9.575595042595587e-05,0.006829221134112152,0.0014955459189888894,0.5015025258621971,0.9988013541349445,0.00015632699287726134,0.446106716151066,0.48907322827575966,0.48910639091911656
0.5784055420149731,0.00035125802751926477,0.0005646923990242996,6.947802024381048e-05,0.000885839244441294,0.5784020457248947,2.4258786248429357e-05,0.5749340907212387,0.0002815612137642656,0.0018990902644257534,0.0012039552314401546,0.00017884602386561643,0.38808106644089496,1.890572909539305e-05,0.5025753772908579,0.0009726341047768901,7.515946865554351e-05,0.0006254749996813182,0.00040525467886991034,0.5613049516890698,0.4796732271098549,0.5042388186561224
0.005092900353115879,0.5589350774954239,0.0005636227074522993,0.5893770982246452,0.5787714028390174,0.00018710320640926938,0.0013965175191083825,0.004333552608216815,0.00018564301287579013,0.0001855750474303844,0.00011721173879502373,0.00011725466868804288,0.002737139624644419,0.0008890190250333329,0.00011895137450232046,0.38939392668678136,0.5064577977763854,0.0006267436107335103,0.994372417830194,0.5100521048173491,0.44217876337654455,0.4330556869469648
9.726733469541698e-08,5.319023373953011e-06,0.000308954701957367,0.0006308393564834134,0.9031881724530803,0.0003922287003385013,9.19899655242631e-06,0.45212310084775215,0.0003694280514157684,0.00017374232833971154,0.00010950918707738054,0.00023284922725376304,0.2954653684563305,6.483987437605422e-06,0.00027736832787218725,0.9995048705085869,0.7100362262450846,0.9890390827635744,0.9883596286070051,0.5014922724441617,0.5967195372872318,0.47401392484404564
0.002091721682251064,8.855816397289424e-05,3.136567324517293e-05,4.052137782044028e-06,0.5858447327412561,0.00046757857587950127,0.5798371230300062,9.479635818211745e-05,8.499293470192433e-05,0.5913805490134796,0.3959817833764877,6.55964672900939e-05,7.316262541369811e-05,0.49717603820281686,0.0005097592351438194,0.9977225586584975,0.001230872696728487,0.009611775416698609,0.027806666149772008,0.571521528586131,0.42073489610271,0.4403684798459885
3.976486471380023e-07,8.11229848460523e-06,0.0002724473205932795,0.9057111812745713,0.002175484356898274,0.0005659299676174941,0.0001683510012581774,1.6807777551859247e-05,0.4513361128721798,0.0003399681402266113,0.0002138767827337889,0.2943114365356498,1.1814064019986922e-05,0.00011833268927063738,0.00039908695581643375,0.0015291338547391725,0.9998084102465672,0.9807120874702839,0.9693290595062435,0.5916924596854486,0.45175654679553173,0.5347121581740009
0.8989623314332996,0.0005492370008600034,0.0005279189256588979,3.6194410574744436e-05,0.0013767777180911113,0.0006392223762566962,0.0001886307098023819,0.4429592097972611,0.000824063291834857,0.0019312535539634636,0.001224416413987378,0.0005234704931623581,0.29084990352217766,0.0001343095047994635,0.00045635951244745246,0.0009726341047768901,2.5569810627551763e-05,0.00037623248026991477,0.00040525467886991034,0.560169582362263,0.47852846818096,0.5070699952459553
0.4555329001750457,0.0002324978835244968,0.0005326327389496084,0.0008809319937061734,0.00031961639853002495,0.00012289639437385833,0.0005234690876932729,0.9042335274727885,0.0028961935299692478,0.0003443327026377933,0.00021646383231372474,0.001820686866497781,0.7026851067018343,0.0007319704082798413,0.00017215956827615927,0.0004462778643560313,0.0012300393834956058,0.0007502537205343746,0.00033542833018108584,0.4987798161993394,0.5924469064478586,0.43570374512351934
1.2232514252729048e-08,8.138555941612755e-11,1.2393191238603275e-05,1.9217865666041286e-07,2.1285954250892873e-07,1.2112309568119604e-05,1.0,2.4114231491863222e-05,2.4581215338125655e-05,3.873297468784888e-05,2.4622635763099727e-05,1.562633175286295e-05,1.5329469116396176e-05,0.9999889151534193,0.49087043792137375,0.010836614264509215,0.009785087031471726,0.9993824157138328,0.004413994306923075,0.49320687886898856,0.5365993571804174,0.49239737983280707
0.0009618372923288075,0.00015422304645558533,0.5808663739454567,0.00047297423947555324,0.5769281049776964,0.0001741166975693657,8.272380249214904e-06,0.5802346394955026,0.0007244460587883733,0.00010136122847198269,6.430626174331336e-05,0.00045960790711592806,0.3925173311741491,6.432669421305588e-06,0.0001358366448637031,0.4978339760107605,0.0005183709648563195,0.9989323785236024,0.10121543966404539,0.5005469159086948,0.44198281507745646,0.49048102019040857
8.185267144975014e-06,0.0004715831079662781,0.4473919553006827,0.00011931516685664343,0.0006740746803809956,0.0010391198114730721,0.0003518874787728305,2.8923197051818894e-05,4.620103793224085e-05,0.8968779742790217,0.7031937498615348,6.787545703779578e-05,4.079746130057128e-05,0.0005055439309718656,0.0014812307306420014,0.0009531736677979345,0.0001708216863500388,0.999291934783666,0.9894504327806649,0.498959009668772,0.437644094244284,0.512104420877558
0.0004635711396029874,2.9317747618550534e-07,3.8522256871337734e-06,3.4465756038418085e-07,0.45244068165613616,0.0006260880244850134,0.00048247480901258814,1.1702784274727144e-05,0.9037264831397395,7.587229806079686e-05,4.7792541450302595e-05,0.704506906673501,1.6466707868189017e-05,0.0006788788936711043,0.0008838308202776227,0.9993476961907749,0.00047329986529177643,0.00529011815625402,0.0004026190099506647,0.5088097472261419,0.5008361524866577,0.6028465094729736
0.8940824667623207,0.0008920818379379111,0.000865049152518661,0.001262319895161773,0.0019671805902907596,0.44936801490170813,0.0021915716285505434,0.00046778189025059244,0.0032221125316888133,0.0011844725671846911,0.0007530579956156785,0.0020485429474344508,0.0002974057004945823,0.0013933554862845623,0.29732365692958784,0.0014007002431005605,0.0008988169328815094,0.0006213638548290693,0.0006563119754950386,0.47492042156243375,0.47446490736168545,0.49307155526373236
0.002485389817480476,0.5767546609041738,0.007020297633908854,0.0011431154030870038,0.585287115737387,0.0014063865729045406,0.0009633143348506071,5.3045128194555006e-05,0.583411563814997,0.0077656719854603115,0.004852067110135494,0.3881300748458768,4.042733790584504e-05,0.000734171904842554,0.0010753519465202185,0.49423936880684527,0.0012210723695285815,0.0074992430444918295,0.9973449190516033,0.5824382722689558,0.5873229016107205,0.43298960442137185
8.863766253866811e-09,1.55802596032516e-05,1.507299682664357e-07,1.6092873121509694e-05,0.45948408509971483,0.9138176848373468,0.000719741431874174,0.0006299714767075324,0.00016118200684964425,0.00011813616833609813,7.333766038530005e-05,0.00010006005397000144,0.00039107953595212243,0.00044680785417391955,0.7042312533760942,0.9999689649527921,0.5102875282339321,0.006158733645701457,0.9996378206532006,0.4991436412535361,0.34037104158557585,0.49569366161531664
1.267604580732765e-08,3.986790805240221e-06,2.1557865469793927e-08,1.1314893281625947e-07,0.0014496225088832513,2.2353421830324273e-05,5.00330960768494e-06,0.4614095832278884,0.9221924638616994,1.688354571919402e-05,1.0423359986019575e-05,0.7046584772831321,0.9979996628443009,0.0021969857729702558,0.009848015021628576,0.9982484161767067,0.018062673563347495,0.0034423577638616754,0.9979758671579787,0.33162445736103524,0.44694445225596935,0.4956992279405191
1.7171405467490755e-05,0.00011609752840987296,5.942485921757976e-06,0.9176661522534666,0.000764307828529836,0.0013337425143737501,0.45914066717393937,0.00017154240786589793,0.0003595617698746684,0.0005206049705830343,0.0003228972492569364,0.00022301269738366094,0.000106396563934372,0.2957051757356175,0.0009282879640524471,0.0005302291665208083,0.9999158285876282,0.03146726236689268,0.9094064850190972,0.4854801622938312,0.4351195901774386,0.3516849795752996
0.007912977374163986,0.00692925935770131,0.6103215178114487,0.00203952326833967,0.0006237794868097586,0.00015909050294827124,0.00042532709059851944,0.591204826630326,0.6028258174824744,0.0005414381854820362,0.0003308324336490431,0.39279372207337615,0.4898227504146171,0.00044358542440105784,0.0001664617013686727,0.0006505571756469122,0.0021270808927582032,0.9890297984729232,0.4578675536112415,0.3040350862412148,0.45191916243288505,0.465739734136148
0.9168755635872303,0.0021002911481532525,0.45680459126353357,0.0008320854786111081,0.0016224185311688405,0.0002286485291776552,0.00017392102110959864,0.0003049781695991456,6.054033543232702e-05,0.0005166347583657875,0.00032051187041703976,3.755825074016532e-05,0.00018920355601265842,0.00010789781061685787,0.00014231305863105246,0.0010065228761970135,0.000516213198200611,0.29648966621680856,0.0015067862770283913,0.5737759258115839,0.4192604358080337,0.3807984234652599
1.6419328085311177e-05,1.2168598746473678e-07,0.0008574231066213835,0.45452837029139176,0.001441218683911886,0.0003823219185271573,0.9026535974292818,0.000767187933273549,0.0006889937015950795,0.0002122670251028963,0.00013371133170746137,0.0004340112357285468,0.0004832675041140916,0.7030271040831539,0.0005372309714317053,0.0020185837948598004,0.9987988605958076,0.9878101161716721,0.004796555964578194,0.5397537941241902,0.565107523502367,0.4306032848645343
0.0013278746106406686,2.8549336990975473e-05,0.44814927620905165,0.0005465177540502958,0.000547838799409679,7.934805970123003e-05,0.0001631148067900222,1.2314352719811731e-05,0.8981517702930013,0.0001759270908500573,0.00011158008744511816,0.7053568968498614,1.749308563109926e-05,0.00023171184158191384,0.00011308550786602307,0.0007782296336149607,0.0007763536084609326,0.9981132534150807,0.013685232449728862,0.52860825561586,0.4768512206070276,0.5489598502521488
0.6018239187448932,0.001588208886624595,0.0032192820334025533,0.0004936110229772651,0.0009351917665024494,9.073853449265554e-05,0.5933609410942926,0.005177987308789275,0.5901923417542376,0.0007885666598307035,0.00048699662703283105,0.38807888597680246,0.003900321549647848,0.49548604406227276,9.629633679096908e-05,0.0009892432175421233,0.0005221408291210538,0.00340536759693653,0.0017080071315451414,0.5164040214920728,0.6040709807926272,0.35948889752190294
0.0007373378694008109,2.510698807406947e-05,6.736345858373831e-07,5.629103823770649e-07,1.7089979312497197e-05,0.4480799935758223,1.3287707671019391e-05,0.00040877786062750246,0.00044609997116789197,0.8986043869542842,0.7028417495698006,0.0006283872385598554,0.0005747004294084409,1.8828395364695603e-05,0.9989599151254733,0.014707741226807514,0.00048453038921596626,0.00058493729030973,0.022820788788947055,0.5014317601245853,0.44626454919915926,0.5579579841563558
2.5308822920155565e-07,5.3492864020119976e-06,0.00017955281414238397,0.5808241890383472,0.002139922662017598,0.00046984258819211317,0.5774095663608267,0.00028754014898368165,0.000362309199876609,0.5805350014983911,0.39255840606875997,0.0002816273039712891,0.00022350843951928523,0.4981208877833032,0.0005166548634058807,0.0023454788463904766,0.9998031113361836,0.9810180613877466,0.9699023573923395,0.5121392123957298,0.4511865448261311,0.4631953609112045
0.9114584819027167,0.0009035412224746713,0.0035735706213462456,0.0029591529700385725,0.0017306243216391932,0.0005222469392394566,0.0004913086070922925,0.0006825295821110957,9.651357730732583e-05,0.45584773378111487,0.2946126311847007,6.737727890718508e-05,0.00047556005582619944,0.00034502243466887897,0.00036626229795441874,0.0012058330112972165,0.0020618309805624513,0.002511849905431395,0.0006504918071415635,0.5711923314719113,0.6264904575505129,0.49578068293181987
0.5738567480452036,0.000381440282215362,0.00018891048410495017,0.5821565575487083,0.0029239834178015982,0.0005217875163719511,0.5781800194809908,0.0017753527746556769,0.0027962380502002714,0.00012411452400000906,7.864423776935415e-05,0.0017752528316901939,0.0011249439425822104,0.39390598573245134,0.00041016848487700035,0.002274441530291477,0.5037992363113871,0.00021090318326225967,0.00044089258640972207,0.4346602223799221,0.4817520833799602,0.4901823677418038
1.4856955317763868e-06,1.9348649144229593e-05,0.00021243874236444342,1.5865539093836536e-07,0.8960030622696188,0.0006067089644704462,0.0002449738881600717,2.491294208275849e-05,0.44610541925761593,2.2750309002447057e-05,1.4470047963643889e-05,0.294088481488713,1.7700906918035946e-05,0.0001740565218032971,0.00043248070735097224,0.9998470676583716,0.00046925215764865636,0.940621224282286,0.9527764682695342,0.5105132864073463,0.4814658981080184,0.5214835765749607
2.0988628442963277e-05,0.0008673745001596257,0.016295203118030756,1.973759263419554e-05,0.45088497224039087,0.004979819204506661,0.8957352869752039,1.504194190715662e-05,0.0012410526624098543,0.00017530217054899044,0.00011127129792874266,0.0007877459632011918,9.547729458216211e-06,0.7029364406797167,0.007049230685093999,0.976969695440091,0.0007700156996199548,0.9661355360497221,0.984598153584005,0.47848107329260126,0.4527210360125898,0.5162216139715307
0.010370029801812368,0.5767101047042846,0.00039100522642865197,0.00011433104024473932,0.5784994780901634,0.5805995991153565,0.0006728479700698512,0.0004674726438509805,0.000953265212158651,0.00267506362195674,0.001697346179957038,0.0006048548267895416,0.0002966154399942828,0.00042692792555364535,0.3943357544182543,0.5009345674742193,0.00012618752225569511,0.0004315537148218418,0.9885539466336355,0.5293431674981406,0.45057510843115905,0.4947676423284071
0.5903699044417674,0.5725352399574551,0.0007683014095932683,0.0006059694830828705,0.0012836775387905202,0.0007184931350811003,0.00028637858798212827,0.5816342497468194,0.0003826181552153287,0.00010610793712524255,6.628690226405341e-05,0.00023948959201745541,0.3866987983578093,0.00021959505913775313,0.0005502093903944412,0.0009766283836864756,0.0004610250588067584,0.000589669373735765,0.49987451523673043,0.5243091051002835,0.5940865453832308,0.598071405031402
0.0033887883648226758,0.4569383898121881,0.0026464838101439847,0.0003726406323534659,0.9013135122312501,0.0002673127017821861,4.355938826982917e-05,8.051287413031707e-05,7.677511625057943e-05,5.4759962021540854e-05,3.449789947407528e-05,4.836709431284057e-05,5.072182209873378e-05,2.744171751135183e-05,0.00016895260607917124,0.7012817192833987,0.0005191506011347591,0.0036870151210918745,0.9952787286556595,0.5692390982046832,0.4304835260241884,0.4698892040127948
0.0044400381316626976,0.9107025086199022,0.0016186163426752873,0.4512695004747996,0.0012390090306993995,0.0008043045183987687,0.004005886647212393,0.0014233932269086184,8.299498133785493e-05,0.0002049630811547235,0.00012837834170510102,5.198379225292301e-05,0.0008915406806474767,0.002509090546072235,0.0005054244624481801,0.000776058826900346,0.2928770798718207,0.0011314670010713758,0.9968962491675571,0.5022897492733208,0.6244015133816069,0.469709783161959
2.121282527662295e-05,0.0001323865244577593,6.8632085968137946e-06,0.00014093501310268408,4.198525441913305e-08,0.8939052935427485,0.000761560379091403,9.6674667618674e-05,0.0001635945980816017,0.4493414093970645,0.29384710195274966,0.00011551247472896316,6.812890612401288e-05,0.0005409188231916559,0.9998599722671772,0.00013451841717907354,0.5019684958681419,0.031481415485443476,0.9028560119458195,0.4311236449322232,0.4352521361031232,0.5028777841101993
0.5871726316342456,0.001529430933655623,0.0031670071344589196,0.0007209276077520859,0.0022184411420202383,0.00018105746095107623,0.5726557870350114,0.5718141083388754,0.0009446384390114173,0.00010363848146605986,6.576293308128601e-05,0.0005994125248820047,0.3860731648607962,0.4937506335989478,0.00019710568442022085,0.0023993821438855717,0.0007797319565100453,0.0034554776916483586,0.0017092040895945893,0.538725798146057,0.4579217330203368,0.4978249983436799
0.0061458337905303615,0.5970667523063704,0.5855042390516122,0.5924501401454559,0.0007782118602179193,0.00016984321924176993,0.00030373390894491726,0.0004806748737051436,0.0008429270282805159,0.002149720685288643,0.0013353541472948816,0.0005236065729409326,0.0002985840776904461,0.00018867247281726372,0.00010584717387948434,0.000483407259304918,0.39239481329379733,0.49375882976358576,0.9934472634439642,0.5395428070466993,0.34761505725157316,0.49113013658877397
0.4606191046486472,0.0005068739357288492,0.0008728572065585068,0.8893956723408725,0.0012060896071090443,0.00032837076159425915,0.00020569274160756935,0.0001607982248158097,9.257537513507024e-05,3.699372265106404e-05,2.3513375492894194e-05,5.884132239319162e-05,0.00010220407144363784,0.00013073922931151254,0.00020939544248458063,0.0007665962023516509,0.6957805328139912,0.0012169804281554147,0.0007238376835457366,0.5393336860008673,0.49337618442606734,0.4974767813426684
8.61872677931374e-07,7.43612406025049e-07,8.083411587309726e-10,0.00010602977690424544,5.203609843391224e-05,0.5782961497100172,0.0001482745806634462,0.5823026428100382,0.0011159760191585943,0.5798351982535462,0.3910980319251927,0.0008642927054678118,0.5011599854018458,0.00016269744436955575,0.9998703946317183,0.29043350491508285,0.9930643060373074,0.00044938963147302807,0.4632328990621222,0.4279546450247007,0.5205139584511317,0.5179246197608928
1.386177990428873e-06,7.989966212758273e-09,0.00033466986059536104,0.8965392066611554,4.233597744400145e-05,0.00013692488620995115,0.00012743544230105886,0.4493219621884109,2.503737596987043e-06,0.00017188048173668466,0.00010911345363394655,1.589426886144829e-06,0.2957647430278184,9.049009170462269e-05,9.75458883214986e-05,3.0062174888977077e-05,0.9997623536521288,0.9973631389214799,0.0036694523905054233,0.5084724523736515,0.4494886861726358,0.5144668558609955
0.001379996506246619,0.5887767908963444,0.0031651163801233906,0.5909255218685477,0.0026452071183454685,0.005586621642410569,3.350217474194889e-05,2.108268476523032e-05,0.0029559788095806297,0.5994512907226351,0.3966711686775742,0.0022558268481101982,1.6089115803316048e-05,2.5566970020571332e-05,0.004277347819043206,0.002018721815061913,0.501154075834445,0.003422265884721793,0.9985078701020436,0.6620807141198309,0.4712174378383682,0.4875099113068278
0.5834017728770776,0.005578339279984569,0.5787244061095898,0.0005551785180954444,0.577277562890462,0.0007988831454512047,0.0010996741747297388,1.7475942575995596e-05,0.00012486486972743398,0.00018503455970548258,0.00011729551078418805,7.915326142564111e-05,1.1078198868861914e-05,0.0006970961126328896,0.0005080750754198957,0.38985754293078445,0.0004300912069169526,0.4974226854342658,0.006188366768695941,0.5488696481316377,0.4774430387495976,0.5370874086376854
0.0003216589135965759,7.09425403489354e-06,0.0006267776233154007,1.3894039831341138e-06,0.5946426954326125,0.5890346303790309,0.0004676345667542268,2.9694141132692342e-05,0.5959288671513666,0.00035341380318807097,0.00021874006155213783,0.39340597903304286,2.254888794651774e-05,0.0003551084353565289,0.4980212391131142,0.9992404749674079,0.0012467824392545929,0.700340261276943,0.014505053906749998,0.5264382901439264,0.3838271212655815,0.6199096628020728
0.0003647620938306343,0.4493090874924488,0.9079113089372658,5.8123780681535435e-05,0.00019181161440202135,0.0008275515811495957,0.006202675156912881,0.0005093267342179238,2.0758813697498216e-05,9.132530488763407e-05,5.7203283371157296e-05,1.300266456407128e-05,0.0003190261762141904,0.0038851842122588354,0.0005200545112564292,0.00012014702401961965,3.640759388916039e-05,0.7032441243377789,0.9994916391386257,0.5187295679717558,0.5477333889382595,0.6172054674641182
0.00032788576735727726,2.2789432047659813e-05,1.9966495384270156e-05,0.4581778525664555,0.004436780303050184,0.0003829365665553212,0.00048399870868115583,0.00010953733088252096,0.0014021228986031283,0.9169574532859507,0.7049864642091592,0.0019480938304121398,0.00015219041554412338,0.0006777638682139065,0.0005355309155667676,0.006164534221856477,0.9995412855388124,0.03886496806483744,0.045530297640382356,0.44766940423140056,0.4302391690436992,0.3678605927485626
0.0013034662260386705,0.893639493630543,0.003891035323692524,0.0004544121115388661,0.000545290461975418,0.0005891229300552077,0.00020624688811240072,0.4508016683054287,0.0002846545358880831,0.0008150130460676646,0.0005183788157476592,0.00018105098626824474,0.2974296902456084,0.00014692657513694054,0.00042105099112858205,0.0003884552377163685,0.0003237151694967218,0.0027719138989675818,0.9990714244507518,0.5105512115500814,0.479654781109767,0.5197587758620283
0.002491101970295932,0.46398779805403856,0.000825929764256337,0.00012354474313693438,0.00014524591281180375,0.0003086228203914083,0.0005733641247811715,0.00016920678349277463,0.9223613839440692,0.0005423851375122625,0.0003344264265510176,0.703280287235604,0.00023215813260700998,0.0007866775878742627,0.00042482525603866313,0.00019928311672515132,0.00016950826419696624,0.001133208863243786,0.9965820878513202,0.37519589311073676,0.6298636569391396,0.49272768994632915
0.5865903063755791,0.0005533054700396285,0.5757475482026915,0.000988724990049047,3.534202883426029e-05,0.0032158634258131315,0.00024306115521961698,2.8346667684880836e-05,0.0006991017344136042,0.5754789396172457,0.3888630169610991,0.0005414774027723075,2.1955436446655308e-05,0.00018825894758751772,0.002498932758871114,2.7373788307604222e-05,0.0007658064918400142,0.49406137889122953,0.0006104955364425223,0.45551405076836393,0.5363639452394149,0.4914085500081531
2.276772344332454e-09,1.2851747373676218e-06,5.858186692231377e-08,2.737264225193249e-08,2.74004900191303e-09,4.072846491062319e-08,9.255046875516464e-09,0.0001843544490869065,0.45041942696897963,0.8980658362260762,0.704046935693333,0.9997394283286203,0.9955540727823117,0.004576353633208172,0.020208551804772823,0.0013555824512478517,0.01354308935871364,0.028998794848512588,0.9988721870006372,0.5121290744046293,0.49989859636223516,0.4326067347066387
9.046768064394864e-06,8.119828100495434e-06,0.00034882017020949755,0.8950403302611695,0.00025702638447005707,0.0008194327724686889,0.008077313491917728,0.0001452430757767451,9.602050788937111e-05,0.45002563040556115,0.296580585394067,6.842652960441136e-05,0.00010330343200345201,0.0057903019833896886,0.0005890069080026486,0.00018281641137461767,0.9997495518906289,0.9773204998059198,0.4791239866935929,0.48895549646221387,0.5199417359089751,0.46363558437830377
0.0003929370055913683,0.447735704234368,0.0007914393212748397,0.001418638549543802,0.00017112811192029748,3.49541370474042e-05,7.609950077517112e-05,0.0002716571874842997,0.00013403259496913867,0.8964476694129216,0.7051082907803445,0.0001905748834384847,0.00038625710092959355,0.00010820246124241094,4.9862000443867075e-05,0.00024331938310817548,0.0020171019665793932,0.0011253183451525725,0.999441296728256,0.49777156414359064,0.5427051842589153,0.5146122925965709
0.5804680876041022,0.0003645042739834109,0.0012988211533262834,8.920509493331618e-05,0.5843736631404212,0.0018085942192588686,0.5868564210424421,0.0001186326682113711,0.00015795388184035357,0.0005409290947069074,0.0003393259058425441,9.927690481784123e-05,7.441851878662307e-05,0.39610460561723354,0.001405317655329964,0.5013622500468103,9.759729414281188e-05,0.0014335104607763308,0.00041205493277786127,0.4905139644924698,0.44356927199551577,0.6076074071135492
0.0018945357072787806,0.8930580428741434,0.0035985675449390253,0.0002356569928329195,0.00022698261947581524,0.002075015227919624,0.0018676914051974252,0.000653277368941368,0.4527976110662808,0.0002147662279095796,0.00013654680852855604,0.2987280517234227,0.0004656839940678387,0.001331371364953956,0.001483994131205573,0.00016180372407110046,0.00016798722472828983,0.002565232703282516,0.9986494751477244,0.49942214736611434,0.46702139175147916,0.5145902099854335
