obj_0,obj_1,obj_2,obj_3,obj_4,obj_5,obj_6,obj_7,obj_8,obj_9,var_0,var_1,var_2,var_3,var_4,var_5,var_6,var_7,var_8,var_9,var_10,var_11
0.5810557444746687,0.001091689584505966,0.582334556144799,0.5829165798752924,0.0010599627778288816,3.2529953523708545e-05,0.0073063480594703235,0.0010327450138337742,0.0005107269008025632,0.00024561455584245367,0.0001546589890536505,0.00031730918808325036,0.0006406377013320275,0.004496819130418495,2.0098416725011903e-05,0.0006606553907319299,0.3946739132117278,0.49156597746307606,0.0011523238743683323,0.684109933932125,0.5217622195796471,0.5026803199401836
0.564335991386255,0.001678303841568513,1.2159647986408893e-05,0.5635529100011314,0.5783964812562772,0.0006784819838963149,0.0056864184607265476,0.0002979231009704994,0.00010755660534808378,0.009013407287772295,0.005655638010363933,6.808679574273182e-05,0.0001883021851515836,0.0035659413670565453,0.0004271145782267189,0.39599451103332395,0.4973932109003538,1.3329044402835e-05,0.0018240020318299726,0.5159242863834405,0.5135446544337805,0.378376294082592
0.008582616173014836,0.5806369827283963,0.0003877231026630963,0.5705167278765644,0.00018685401215826712,0.00020692844406828436,0.00414145107984038,6.366710803526408e-05,0.5836075825843376,0.00031904255590699943,0.00020633368641595734,0.3915937381537094,4.953518320158191e-05,0.0032222040645560742,0.0001609994568577632,0.00014868043332635743,0.49765718934188763,0.0004250583762348162,0.9904893807254167,0.5375231011165509,0.48123722534420055,0.510864202462559
0.006116967091853427,0.601973687537735,0.0005715407415963715,0.01134538793019789,0.5789414902734438,0.0009155041020505113,2.9237976977716177e-05,0.588399879339736,0.002653058887808427,0.0026834511135612102,0.0016590105573611492,0.0016347999797421586,0.3897748687600335,2.2041914183434236e-05,0.0006928328738896436,0.4946492856246542,0.01236741218071788,0.0006044032241843134,0.9934616302682152,0.6607374457231447,0.44721375337295277,0.44269719475282276
0.5861972719395663,0.002167497759320467,0.0069769155271870885,0.00625410244880103,0.5880001999936981,0.004391693796810375,0.0026015277487670867,0.000625547386524832,0.0014643870416199962,0.5966097043152961,0.3945407976904355,0.0011149437107542178,0.00047627497560567974,0.001980736906604468,0.0033437498621506382,0.5053162963274707,0.0067912719195524366,0.007576634208890854,0.0023539270954453517,0.4770245234238992,0.47006941230294125,0.33953014035235607
0.00010107145376073533,9.371102530797722e-05,0.002551978872468802,0.9037418404279574,0.001911562116082158,0.0049043426744336234,0.0036403511562912616,0.4514163227953002,0.004597235291243579,0.00013491891012697765,8.502101440947383e-05,0.002897021321243365,0.29490358488585827,0.002564292333121887,0.0034546936597403544,0.0013652125450198116,0.9981997030508922,0.9656500551658358,0.4759548913677225,0.4305779891002334,0.4269865904316376,0.4902775852277879
7.338218219989314e-05,1.7916235221764521e-06,1.0,0.00022639573455052346,0.0011336383585016983,0.0011306281582609441,0.000933620426884435,0.0012755834300301834,0.0005360568808828288,0.0017392112399064728,0.0011013353536561406,0.0003415534563600206,0.0008114881841204957,0.0005892856860746848,0.0007163770730253651,0.0007317752771363432,0.0001473191102408498,0.9999519101489103,0.01497165201921155,0.4797737966128084,0.49521482769949693,0.4095364461313105
0.013950649377692985,0.5777962730440681,0.006616110554229813,0.0057649942440728495,0.004401252990013347,0.00011700024020771868,0.5799656527340077,0.5767377224569407,0.0023504800982057793,0.0017232721151965351,0.0010953539423920655,0.0014940255362353126,0.3906483697731097,0.5010539472017211,0.00012885538961814887,0.004914451025621501,0.0063494317544727594,0.00728723240105697,0.9846320676679512,0.5339393127537855,0.5190595733854084,0.4928446326840572
0.000706867580178311,0.010813007285306844,0.5929405534007608,0.0019200899652434458,0.5841493904200834,0.0002554374259873365,0.5905597692167135,0.0005707756662351054,0.001283440677613478,0.00021561927035024605,0.00013388170298724703,0.0007969105485379327,0.0003544047015817725,0.3907695335748704,0.00019402390814434465,0.49957233955467784,0.0020611828387059844,0.9883669626445929,0.9584420437099003,0.5196010816029614,0.5218852891084738,0.6562889580048503
0.5851896699917492,0.00023107123406547247,0.0021380266863457167,0.0007056306303105807,0.007860152581990054,0.004017101979676354,0.002655213249405821,0.5739098296267535,0.001945368858715633,0.5865428070203494,0.39374862113474485,0.0015168314267581546,0.4903584293038272,0.0028574627755379917,0.00433976717330764,0.008651385917013678,0.0007829723578749131,0.0023011698829634164,0.0002487043297607523,0.432158338512812,0.42454375423537294,0.53626495704767
0.0019443649290146867,0.8817242193326561,0.0007017099026763907,0.00012954523523265584,0.0009550296997864874,0.0005433511390856724,0.4455741276667758,0.0001317491003676713,0.00045740492412878593,0.00011007181213339421,7.323381095512556e-05,0.00029214216092273305,8.467449899625306e-05,0.29205350906063043,0.00038673918482211105,0.0006940773221488861,9.42446110968444e-05,0.0005228154878746281,0.9985758188942431,0.5158228389713333,0.4229530876350903,0.5014710287871786
0.008631515478610288,0.00010613143741131705,6.229568317566239e-05,0.5868973352262439,0.00035171637632159413,0.004930847622484904,0.0006645250388853948,0.004096040712468959,0.5882452910335414,0.5782469186572852,0.3870135241285101,0.5006765689625519,0.004442347707195177,0.0007207203336554837,0.005347887966560112,0.00038147277684586313,0.9906369388528746,0.004594208020353644,0.007827358591176947,0.4867152550492734,0.5921866883442285,0.43891391486548725
0.00021413646838366822,0.44902332975625625,1.7554702921971472e-05,0.0013984003634053234,2.7779437352720808e-05,0.002410497738994578,0.00024618313486597063,0.0001868731707433061,0.00016565093222973122,0.8959121690697324,0.7042213423376826,0.00023485324440501536,0.0002649413022212687,0.00034902863321641976,0.0034175243437942265,3.993107753316857e-05,0.001982628255534321,2.4888839757413166e-05,0.9996963999632327,0.4703804199197827,0.4754963292244649,0.47422778133538684
9.876474341511144e-05,2.6910318675346525e-06,0.4499398620787974,0.010723042187993564,0.005917035188308384,0.0030381589815258654,0.0019675411079589323,0.00037646538392156146,0.8968133728631682,6.376567579624347e-05,4.349500181997691e-05,0.6995812897887261,0.0005269179664394435,0.0027110587053518474,0.00420240109207681,0.008397202346182131,0.015235582312478993,0.9998586396140805,0.016729145440406525,0.6207667646688155,0.519171068563034,0.46210599094498067
0.0023390860088488906,0.4469093327550445,0.005596200329549254,0.0038520681820976496,0.0005773577146406535,0.00241680128655709,0.0026155946080078526,0.0004189696213951383,0.9008913392427009,0.0008051332487462339,0.0005065002491460744,0.7019277287650632,0.0005891070296124012,0.003620597992794631,0.0033799235669703153,0.0008295919800619777,0.0055162281825701836,0.009721930522335014,0.9964169523026993,0.4297064438073318,0.6085558777576803,0.5487287908899375
0.01267170586177689,0.9042922728023739,0.4376750057511788,0.0001989891625812907,0.0014902891691508787,0.0007543101432604775,0.00016944617169519337,0.0028953434862285105,0.003399857744663011,0.00038306681453982176,0.0002452444426160642,0.002165176961424129,0.0018554385598480412,0.00010689938697338642,0.0004777047550928422,0.0009682889390534295,0.0001294220038629201,0.29091961723296855,0.9907530368216407,0.45689851290310224,0.5809733668114762,0.4735141327208592
1.2701741036347725e-06,1.2641241287615658e-06,5.567831537363626e-08,0.00019336794790530103,0.5744471835647981,0.002616073771582943,0.5726738732831792,0.5725013799337239,0.0012718284669292236,0.0005050274238664435,0.00032414127872611664,0.0008148718355340068,0.3902174261142546,0.49186950820117553,0.00284574542920099,0.9997839669548264,0.994164465720101,0.019567110806512467,0.48662054497444274,0.4539838753369066,0.49095134786108907,0.4712462693842345
0.5660149474117563,0.0027234986224306786,0.00039938042330990705,0.5656850905989315,0.00026748261917682026,0.00020855152622887017,0.00695382623060989,6.341323628641652e-05,0.5794340770236279,0.001650416340133373,0.0010401083258972173,0.3915924786498597,4.953518320158191e-05,0.005347595322202394,0.0001609994568577632,0.00021185132423956476,0.49764744743006645,0.0004402536410336245,0.0029549693342379546,0.4002852121322519,0.4424698972514902,0.5196864182811571
3.53981160897882e-06,4.174210874252438e-06,0.0009916306694920675,6.78477221130106e-06,0.896661908801328,0.4636241462936893,0.006220570579387897,0.00037747872651712396,0.0026055559210967395,7.392960820975384e-05,4.61191617687414e-05,0.0016254135345652768,0.00023548156205004567,0.0038805864069636486,0.30023289407852216,0.999305552472897,0.004355640755799597,0.9964863753147625,0.5522378931466618,0.36665592853702905,0.5473456996633402,0.4779226423499536
0.007358805750687498,0.8997887168174499,0.0045302606871730315,0.007438685891484676,0.0027104861940187045,0.0001084963911687266,0.007194265905975923,0.4448959324629502,0.00038292334097273927,0.003819168742386343,0.002421799366221819,0.00024216800197427097,0.29429676578831887,0.005089541218311638,7.705180467621142e-05,0.0019610851506465057,0.005425497335873814,0.0032051197964696088,0.9947376101957108,0.4913351779383438,0.5139806499700927,0.5718702387470499
0.5755525566378408,0.007220739669398946,0.005778528883363913,0.0008725907379383353,0.0007375278409906055,0.5840381011501099,0.5754770468181232,0.0029473516420453197,0.0019655487854063672,0.00010258064120444472,6.846000344240677e-05,0.0012414929783631703,0.0018786057117750076,0.3873975868261077,0.5024337378494128,0.0008253137691157371,0.0009843264115916696,0.006322934804344895,0.007901481619630356,0.4754712775066537,0.42621639552040924,0.47460628339937305
0.0,0.0,0.0,0.0,0.0,0.0,0.0,0.0,0.0,1.0,1.0,0.03320440324722643,0.5230657571736694,0.017106767534215875,0.14468392253179185,0.12575220307327695,0.5678710547465728,0.7116212429222519,0.49761214746747384,0.552602713931704,0.5431044293065684,0.5421337661083657
0.01635232999266044,0.0025458340141150484,0.5784850601019808,0.0029138451995127327,0.0025758798416741454,0.006410048044968223,0.001624056804680911,0.00041602525906803085,0.5732196314789599,0.5932643734743003,0.4007304601950128,0.4969311562812396,0.0004576059701387503,0.0017863799775219985,0.007050889853670906,0.0028728040366926832,0.0032053328661320376,0.9817925270813205,0.09832366032858209,0.4849535436317445,0.48825567420546523,0.5858283226886616
0.5740274351034048,0.002454976965437082,0.5558656177881918,0.007416766967502058,0.001554434867832602,0.0007211963729967994,0.0033717813422703444,0.017424356027193878,0.5959208153418429,0.00010056985193251155,6.65937787405973e-05,0.4035414598179154,0.013662794415755639,0.002623566235023159,0.000563319515703365,0.001236958758026252,0.005949653097885632,0.4806411146772076,0.0026230464467801307,0.5229642882095418,0.606542583017298,0.5616507346363859
7.605803175322056e-06,0.0006946846646200407,0.0003400861945839172,0.9305152446840308,0.4549993297070951,0.00028535696157548033,0.003553198313694927,0.006200235078931885,0.00032722880923930175,0.00021110009223181968,0.0001293943780894388,0.0002005757984299729,0.00380047384026283,0.0021779858071362033,0.0001749144826769522,0.2930007511434631,0.9994708031970995,0.2898102646681596,0.993030202803665,0.32526188527511135,0.4266908165681898,0.4480010631845017
0.0031399735802516413,8.341316392722051e-05,0.574205696469841,0.0017199192833642612,0.5647910275853337,2.116265666913858e-05,7.61676450116959e-05,0.0016738609310904724,0.002018830940857554,0.5854862732681618,0.39678546618744726,0.0015929297579344581,0.0013083518086236716,5.953554127811379e-05,1.6605122513537775e-05,0.5018753822698728,0.0019658359987419606,0.9964801016139442,0.01672795181889769,0.4509223177219051,0.512999678577044,0.4776583608659624
0.00016069603689272685,0.0023594598980976053,1.1646613254128285e-05,2.137998971720785e-05,0.44798281717774247,0.9020256723055504,0.0005772982165418908,5.343907158440018e-05,0.0002128419169825277,0.0018058646838597602,0.0011383506338984992,0.00013416785504746223,3.368606062823518e-05,0.00036390796515807137,0.703036595425602,0.9966850509603966,0.0057551015492768,0.0031351529990721527,0.9567085102112083,0.48553576651261454,0.5463523172146836,0.5869950471551988
0.5708740783291343,0.0181345403383635,0.0007866716236806044,0.0018187672406666956,0.5734052809354725,0.004882386186021358,0.5896192352713083,0.002935009852982464,0.0022808363622182186,0.0003590845121207313,0.00022684482798576824,0.0014318929729240735,0.0018541244606052323,0.3907695335748704,0.003746579898262936,0.49876767014020373,0.002013533445509946,0.0008919335583789292,0.019528133039542706,0.6330835360607382,0.5739513179178286,0.47803403396699096
9.497804225487017e-08,1.0288208542609924e-05,1.1102949766629754e-06,3.2195901946771333e-10,4.081368576000829e-05,0.44839019994197665,0.0003714826424698822,7.203624532746208e-05,0.0003752381558859572,0.9013245913249022,0.7061178443031413,0.0005327589396528617,0.00010227628027527965,0.0005274270939467429,0.9999394406041219,0.8439906486565455,1.9806524043067654e-05,0.0684357157748095,0.9941230602226809,0.4336546010371329,0.5345437710794723,0.5332111726561197
5.201952487825434e-05,0.0005686853792789118,0.6042780872984019,0.5887482654628255,0.5898536944039723,0.0006846250058598445,0.0024923072236682797,0.0025823156512962183,0.0025987892609432377,0.0008398489450574931,0.0005170156469697274,0.0015998310512725018,0.0015896947918203057,0.0015342895364282131,0.0004214629253398206,0.39256340593685,0.49171334080273577,0.9993983767642542,0.9419279026997198,0.4223136471252837,0.3327268511026875,0.5109792254219707
0.6108919503603507,0.0012562005142187735,0.0009019857047471149,0.6168024095177209,0.008610903378280034,1.4862015034145028e-05,0.002121859335126037,0.5841194483178993,0.0023565421777465793,0.003978121151592637,0.002420277493737844,0.0014337216183679443,0.37703739074839215,0.0015559402069623058,1.0898202539032925e-05,0.0064019420471664165,0.5030638195301809,0.0009399703210450075,0.001309103774776517,0.44104411859981263,0.6703360824909426,0.38209808063119266
4.097977228696846e-07,7.05870501303278e-06,0.00010339267786857342,0.5788240209072578,0.0008496809099157493,0.0007946545190115684,0.5932049398170902,0.0001480340009586227,0.005751481760567249,0.5836003227914114,0.39055845257809624,0.0044177020184231475,0.00011370645562866877,0.5078103423358931,0.0008739994791367138,0.0009474747270044821,0.9998860179395392,0.9565319271991972,0.9630820635240445,0.3870094030448729,0.5300317358969612,0.503767377559565
5.831757813709667e-10,6.784090047979783e-07,7.644685683043311e-09,0.00021083781617304615,0.5750091542767317,0.5874673382118883,0.5877381941766897,0.0013722356526350617,0.00027471641167103845,0.00024022744569843877,0.00015065909510749939,0.00017228892040661327,0.000860600484249501,0.3931120760346962,0.5024409555715256,0.9997697616951992,0.9979514364045379,0.00717347536474407,0.9994527473262987,0.4215270233142521,0.4261048942584554,0.4410240852358186
5.125697946677659e-07,2.2432236918465e-06,2.3413642572289314e-06,0.00048676617596930767,1.251495908168334e-07,1.0,0.0002856801829295575,2.4340899907723837e-05,0.0005710078614470558,9.01528729559183e-05,6.0772702931141266e-05,0.0003655516020997342,1.5436561349405564e-05,0.00018117324121991554,0.9996817427668193,0.00016236499597835352,0.9958343994517631,0.5053590579847658,0.855503395659829,0.4851289960997799,0.5458366785737838,0.4609880022852356
1.350006154260755e-05,0.00031417798916188636,0.0010176714015408877,3.163837564956571e-06,1.0,0.00020916257157467874,6.729523008028254e-05,0.0007385423990859276,0.00027367058750792615,0.0017904383277424004,0.0011242428463920972,0.00017184201157828755,0.0004637422930859564,4.2255732226937444e-05,0.00013133646592020237,0.9993311723093657,0.0018909590921302732,0.8092052082259965,0.9726616034386093,0.47365789332609504,0.4284944367489703,0.5897594933826377
0.5613036590887311,0.5735180191628464,0.00329768188811955,0.00016813816042503512,0.0007129224447310947,0.001163436267438151,0.0034747744795294317,0.0006642120628054552,0.5779546257822186,0.00035516983256450406,0.00022871853024065042,0.39458483649832216,0.0005213016762758368,0.0027057789190744657,0.0009094465180523401,0.0005621899694270914,0.00013498012262805808,0.0025900178508589076,0.4949889339190567,0.523898623345515,0.5536284574654804,0.46945144520288706
0.0003616316581980706,5.632808049182453e-06,5.466784356543171e-06,0.430629473996622,0.8567853315682223,0.0013088138445418553,0.0025841063380293546,0.00260076280639613,0.00042771420112884914,0.0002479168566579424,0.00016014901948676214,0.00027486547893761093,0.0016266845308379478,0.0015911462759032944,0.0008144775136848907,0.7082773714804627,0.999442924808552,0.01125764188498447,0.009220574417817934,0.4201186791761813,0.3344819519228328,0.5114788658152852
0.5764784994295079,0.001580102952165502,0.0022732896098405977,0.005352972013137893,0.0007338286763319845,5.131621926995659e-05,0.004248024670767641,0.5743688270282192,0.587427919004643,0.00014077184499551254,8.929044244206834e-05,0.39803076244915553,0.4988066838895389,0.004690855834019032,5.666665380451067e-05,0.0008215731556516974,0.00591118419056485,0.0025104287107530114,0.001744943243524505,0.5524488837374455,0.5218899764415064,0.47902467671724747
0.4468256103689064,0.0020107566386158484,0.0016081174734682317,0.002485977418749722,0.00589581875386742,0.002404821301658704,0.0014826604977075395,0.0033811385102002515,0.000162831464012753,0.8989049919314551,0.7035564492783445,0.00023166138468298152,0.004765293320362962,0.0020896679599004507,0.003402421568275012,0.008498602402589131,0.0036125689852950444,0.002266771322263096,0.002834345052297349,0.4699486612759584,0.5559492560220901,0.4554574153362607
0.00048372468945033406,0.00032869094348754967,0.00017821238861853776,0.00021147901792125217,2.6748335310228126e-05,0.5427483392361493,0.0027514335258015526,0.0036125094790343116,0.5569671407645683,0.5482504938573401,0.36707424036321434,0.5426242868815995,0.004318487066450018,0.0033444719477394025,0.9990825921901463,0.02394762891227871,0.19426747415907197,0.2347720988692823,0.33937009676117436,0.469054461466925,0.4779627209152403,0.5651579767159193
0.00040057898247395827,2.5502040887341894e-05,1.1584645902405264e-05,5.260613411723348e-07,5.713829017696098e-05,0.898286053877965,0.4511460590144763,8.895192853848912e-05,0.00017201728470315274,0.00035808090937969783,0.00022966772230341307,0.00010963666099774697,5.660625825223059e-05,0.29532343259986266,0.9997029655146623,0.08783152962115873,0.0008284954870691414,0.017851838658188346,0.03899749834168244,0.5329166738186918,0.4350005168187326,0.5546822638756873
4.1385896116500955e-07,3.936472901240273e-05,3.8867374811339266e-07,6.857559567109188e-07,1.895565785553995e-07,1.1776550635780047e-07,0.9255740494757604,0.45620122548404446,0.000220485261691153,0.0018691061347405672,0.001153129749414949,0.00013602672947734347,0.29153310439637553,0.9999729171492431,0.0019040285261265996,0.0031072468139164565,0.011088003674902085,0.006285212331876658,0.9933071788492842,0.6589107052015374,0.5464311937946742,0.566992906777255
0.00044134555130415136,3.0978545867533575e-05,2.9904909917779372e-05,1.7665521092547968e-06,0.000244205912874254,0.44418117451967537,0.0007951874462520173,0.00016525614360432149,0.8906598310722494,9.404737027467324e-05,6.325874935994436e-05,0.7069076241011754,0.00023780914634763395,0.0011353313332621929,0.9992674767279792,0.3236596483043298,0.0025870234290518174,0.04251155600843115,0.04413872014257442,0.4572704465698564,0.513741614702029,0.460355116237287
0.8964510132707555,0.00039365049695637503,0.0011359182949346428,0.006379189434341665,0.0001411010870252782,0.00527918020741595,0.45025696594196185,0.0001353390850521159,0.009014141218156543,0.0042830631361275824,0.0027178378882990193,0.005720077486335046,8.588404269517947e-05,0.29630918599761374,0.003748898099503393,0.00010159002194733092,0.004530137025579223,0.0008066783113536103,0.00027955311550436344,0.44836411767088,0.5130004539111843,0.47945445447210533
0.0005458210508532113,0.5811275668068914,0.0007486416922176504,0.0013262280942492176,0.0010519231612192322,0.5857259376151369,0.00020377028322029103,0.0020157586207145985,0.5779142211177665,0.00013130878318259306,8.629978327168392e-05,0.3918015804624024,0.0015552916644977705,0.0001572226225131266,0.5025069978714858,0.0011785217853399327,0.0014679589532140221,0.0008201290946801659,0.9993956273765804,0.43055839666243634,0.42714145698799355,0.48050685711658936
0.5893968141541607,0.006935205988830712,0.0004612721556536046,0.0009093881901201586,0.0018894941145604998,0.0004088926240033738,0.5803642225991948,0.0004233538366771721,0.5886309883905188,0.0017895127385501902,0.0011215885353623722,0.39208573904439503,0.00032404143591409005,0.49165605251383315,0.00043692129577239426,0.002064845057393294,0.0009717303509579286,0.0004928946202065469,0.007410817165705604,0.3795174767420708,0.4370302765886414,0.521737968977785
5.899647204154186e-05,0.5755411407872315,0.0010828525529205234,7.930757411100448e-05,0.0007017054149861679,0.5915207854222218,0.0027945860111491813,0.5680797021848105,3.785309567571051e-05,0.0026350410174978056,0.0016756293475085338,2.424675674615154e-05,0.3831929824211835,0.0021513859976922197,0.509935997359183,0.0007937883778240051,9.043827118376552e-05,0.0011977675960541533,0.9999340407395885,0.487017532296715,0.4544606362500499,0.4677900592250307
0.004915006599855935,0.5938445472089324,0.0009056631576808957,0.0003978621539450315,0.5799064310373065,0.0002557921199028348,0.5913798054978872,0.003064991373485305,0.0025556521362331067,0.0006995226311637643,0.00043725742228189454,0.0015846410269968075,0.0019004629368224797,0.3907695335748704,0.00019402390814434465,0.49957233955467784,0.0004309358060209502,0.0009708642694304936,0.9946744151092476,0.6326027575565298,0.5218852891084738,0.5930465035877676
0.455675221092331,0.0006200305123544111,0.004811651548357331,9.867617556913016e-05,0.00042094493815861045,0.0003897056483416069,0.000992955399629228,0.9122738280782091,0.003608650023932755,6.519497643313126e-05,4.414802143975093e-05,0.0022479668925773503,0.7023443094937065,0.0013724083282533992,0.0005386306070618155,0.0005950136717874854,0.00013638510213921263,0.0066505367724574846,0.0008570211156594398,0.510215268755126,0.3549168229242911,0.4715186577945039
0.00042841862597533896,0.5757785236195917,0.5527760548369073,0.001764810443697939,0.001038416871246193,0.002734491488589166,0.004109020293789223,0.005846230061326076,0.586696199719795,9.019450798292306e-05,6.0292328227321175e-05,0.39786251875729534,0.004605208938739158,0.0031865214723170937,0.0021287550614076125,0.0008293677711087739,0.00141097077224749,0.5034790816047092,0.99950960921485,0.42157301937912794,0.42788436847668926,0.5305008082213616
0.0007616299098013566,0.0015302467023278771,0.00011664088547719158,0.6004348347526761,0.5811160631991664,0.001334288711095113,0.0018230264143044587,0.0005457747104012611,0.6025598512564827,0.0013489798724729963,0.0008310693590344571,0.3944203704541715,0.00041126962413860497,0.0013737464563360366,0.0010054588245626572,0.49673291139501186,0.9981795936938865,0.04328229543418824,0.7032710846959136,0.5609751102208983,0.6843257980338012,0.5007870199508568
0.004975811029322656,0.0001675201464547462,0.0001248951096202782,0.5924402994781724,9.308355878713025e-06,0.0004592680517299415,0.5892472661006274,0.0013841295591579255,0.5902156937409908,0.002169504756156249,0.001350062888203442,0.39150053519599376,0.0010545312074417522,0.49826845459078495,0.0004934990652759165,1.0140787656821068e-05,0.9946485462115433,0.015967047276358837,0.021424923697901388,0.4149944847946814,0.38993150036240226,0.5607115610097672
0.5824987528587188,0.018639616842122855,0.579560014385621,0.004273580102599278,0.0034939479542245517,0.5630525051182403,0.013108420472357633,0.0009088299903277068,0.006873366699408765,0.00034754192996953696,0.0002248465308137395,0.004334381996716612,0.0005785468027963148,0.008344854488115904,0.38075939297876144,0.002752725587257532,0.003326474739621832,0.49482562377858463,0.020147960165980066,0.49152284262274415,0.5018542194833908,0.5019938310426147
0.0016309621451722153,0.4356534783494056,0.0006196820408737459,0.001142396266611466,0.8746858763852458,0.0006586835449833537,0.0031710310487451745,9.632962169431764e-05,0.006881670332030488,8.904631486024461e-05,6.0261146337293884e-05,0.004419537642543953,6.225315258655902e-05,0.002017429906681134,0.0004206708102832595,0.7132298717530496,0.0017210184690154753,0.0009212116677535481,0.9975261857389754,0.5235905541733781,0.5108492992340187,0.5012209221310355
0.8855433263469182,0.004106673303030275,0.003172455945284059,0.43964444869980157,0.000575710500266254,4.648459656482581e-05,7.942256104579848e-05,0.0009593486354185502,0.0011389681243704141,0.002662706257177449,0.0016575236273956911,0.0007141994020564486,0.0006053355307325336,4.9335491518276344e-05,2.9124741249191748e-05,0.0003683073847000741,0.2916420124573347,0.002319868690540905,0.0028789298761611737,0.6233196392892402,0.42500632584506526,0.43649553905891864
0.0030925616345972217,1.3858021627479794e-05,1.6226196461740287e-07,2.1857394031491857e-05,0.8900927805096344,4.166305100585474e-05,0.0028695947914158288,0.0006766660155311786,0.4535886676235347,0.0026645061869634778,0.001679444121961878,0.29650240239224745,0.0004773488251247312,0.0020243373184696753,2.9391032314902785e-05,0.9978182841253169,0.004499337265590403,3.3402127419316014e-05,0.002852726175335745,0.45177029223449594,0.43976655965242145,0.4362028373086915
0.9089797478317498,0.004715766892212266,0.009666293705382878,0.011919453494887653,6.891591880682441e-06,0.0017718391610622212,0.004031223105287586,0.0007484902200189942,0.00029724811155867333,0.45228556355430277,0.2938883033194883,0.00020814790009757644,0.0005241301277767935,0.0028228730663530273,0.0012407432836956758,4.892786453175417e-06,0.008346933881068367,0.006769610605811881,0.003302739713009515,0.5435892516817057,0.6089786637954115,0.45941932216283093
2.440106919850736e-06,0.007715668937240378,7.727222158092693e-05,0.44872208833648,0.0006186260599219963,0.003647911693248498,0.9043621396977438,0.000709373796962776,0.0003827918510252526,0.00010054993620951699,6.34032764611075e-05,0.00024137517271799632,0.0004473064005890701,0.7067375928299566,0.005174552579684716,0.0008897027403695209,0.9890540046332773,0.006375516817874044,0.999798666807413,0.563902338647422,0.5479095808985912,0.5567733095951727
0.00015047615482971806,0.00221188189395268,1.8455310959985942e-06,2.1712113596546674e-05,0.9224451623972307,0.0004969006197588043,0.46187080583263596,0.0007656042054964917,0.0004060687391383352,1.6641370646462892e-05,1.0269524104897535e-05,0.0002505883019774419,0.0004724606128724173,0.29552425611636324,0.0003429318381505982,0.9984698841279284,0.006234527951246646,0.0005299522926541234,0.9567568606996437,0.6449772019399279,0.5469134876548356,0.5916444432082133
8.801223872560967e-05,0.5858510155424403,0.00028448415415979425,7.540790577061859e-05,0.0028309110730139193,0.0015260810290571604,0.579733717291197,2.8111637196633208e-05,0.5787797779981435,0.000529525512273288,0.00033830597952396103,0.3897494226829874,2.1713407077450003e-05,0.49665387074663137,0.0016583041376011297,0.0031460290358451513,8.279385906140088e-05,0.00030913699274337514,0.9999033321659191,0.5060269252334313,0.5474398446507295,0.569591697377798
1.222391335495295e-06,4.3398686611943535e-08,8.69894012964728e-09,0.00021070416908503878,0.8920322144530731,0.00018520700336523127,0.0010275799255981461,0.44844848160661877,0.0025397663320480953,0.00038394145743843127,0.00024212962262222813,0.0016016851788905016,0.2930518293075424,0.0007233299772829778,0.00013037023474681323,0.9998516793912138,0.9963042984135618,0.004527467534645835,0.02259248873515185,0.421775011860608,0.44689199005183755,0.4767787910698561
0.6020498758357224,0.6017270637821392,0.00043288424784871613,0.006527022663295044,0.008378440581858972,0.6000994350099667,0.005824679201902205,0.0012932953644479769,0.00020710770050829137,6.127177228515284e-05,3.745103619858043e-05,0.0001265900717332901,0.0007904988408705176,0.0035602296667996518,0.3909098532043523,0.00635277632008055,0.004881526356327103,0.0003237582403404699,0.49982928022262285,0.5354071420182853,0.6888405660486915,0.5680252217738593
2.6781075451569522e-06,8.824412409199793e-06,9.964868534361169e-08,0.0007829621971986873,0.0004350062057482882,0.582985878155773,7.311988415264192e-05,0.5872851466768543,0.5848840844052247,0.0005265396785289449,0.0003333285697243412,0.39169537769724305,0.5023383827067912,7.984671704397157e-05,0.9990186423621008,0.32656101252677444,0.9925017028900315,0.0068788643916882775,0.8124173371297891,0.5489363087348275,0.5435419439830197,0.40484889643158295
0.001345449357641554,0.005133840652075644,5.734827834663023e-05,0.44979741903493137,0.003793719648478791,0.006409294049920688,5.642662661037683e-05,0.0029720873757101795,0.8978829728111012,0.0005258391185763002,0.0003333285697243412,0.7042889401589031,0.004205602588000512,7.984671704397157e-05,0.009069803290788547,0.005443348064627401,0.9924883521609956,0.0068788643916882775,0.8368277733489314,0.5489363087348275,0.5435419439830197,0.50157314268548
0.004720973105803739,0.5787460895895106,0.00018533443897334105,0.5642791928555361,0.0006975207753762789,0.0039689793864815534,0.5784397323562226,0.0022419263078780807,0.008462071844984771,0.0056884437247815,0.0035742847030916284,0.005356904070384762,0.0014281724550657148,0.38597018990388726,0.003060086653175925,0.0005525414467320113,0.49391070221459027,0.00024863980314319793,0.9944157773465454,0.5044472465816966,0.5807224333061909,0.5930314944192078
0.0004470000407751459,0.878311973644283,0.0006131911865796197,0.008364769458354203,0.42323434984184943,0.006220743765676096,0.004300999483431096,0.0014772125378570058,0.006496834111053099,0.003728843570999097,0.0023694412110707545,0.004194192178572493,0.0009506384012001113,0.002724828323154109,0.003982147509464268,0.2880598426300318,0.006100619695692495,0.0005420835844804437,0.999651591193255,0.5455436039091136,0.5481394801825142,0.47736249992851415
1.0,0.0037482999670503296,0.001999365441473982,0.004115075983711432,0.00179513265781595,0.00010133121684764396,0.00023998125348281797,0.0016230742024524647,0.00010708699346259199,6.906460645778854e-05,4.707393251147487e-05,6.808552297668633e-05,0.0010222659520447708,0.00015114828228777718,6.382181716202461e-05,0.001156298212690836,0.0026187502250784402,0.0012592813284827763,0.0023608396140560838,0.5376033052786582,0.44236366061042637,0.42228421869708316
2.104015429644198e-05,0.005032967819365782,9.114079415025923e-06,0.8955533107497862,0.0002760144204692618,5.911187337534596e-06,0.0013768032641417285,0.003143858178562273,0.0005408080870377434,0.45180133866272365,0.29744594970224536,0.0003844339508373305,0.0022348194833978277,0.000978708464562401,4.202004593801493e-06,0.0001989262534066248,0.9964222271222835,0.0011528279791881424,0.9973386477539499,0.4785784455499405,0.4598008211421584,0.4682317920169877
6.216100126203964e-05,7.063465364973274e-07,0.4561492231085063,0.0004568086936211809,0.0010601900706715415,0.002087416539818007,0.00040495065751221585,0.9044401938925917,0.0001795343927472008,0.0033091339739635545,0.002079697548349262,0.00011283271380029729,0.7026204741906034,0.0005651571195194892,0.0029132506005651315,0.0015001490600547278,0.0006375399362690722,0.9999132400648624,0.007233712607560255,0.610889514147656,0.4847363038657055,0.47909555966365663
9.60367819580549e-05,0.0008301330277718564,4.439424767054722e-06,3.1753256076442846e-05,0.5706228737212149,0.5756573961109668,0.0010656737108461173,0.5877819404176026,0.0007929697863023572,0.0014843335187308421,0.0009395352069287154,0.0005019246961299307,0.39734852017506994,0.00083126656574694,0.49841388599940206,0.9990797491977895,0.02417790747940568,0.0033819568629760103,0.9266764186064599,0.44599318078261757,0.5134234217575059,0.4482973361785961
0.00034801505825578986,2.036389874465837e-05,2.54689788543358e-06,0.00034539525216227497,0.00046044710392293526,0.5887605212473935,0.5882085229943438,0.0005168529178837051,0.00018527955757690704,0.5870926329223412,0.3911168346629431,0.00014172853656575172,0.0003953637117249109,0.4997012148371518,0.9992676215073448,0.4841017565674771,0.4970422875320411,0.004650971354559277,0.03720900735611783,0.45987320225702744,0.5919184459031457,0.40821564720993986
4.645210814977883e-06,5.431629608192922e-05,0.0006359516224883778,0.5708066316509222,0.5650790026862313,0.5723840041793634,0.00010355937050930466,0.00199885760867309,0.006557978834387999,0.0022332243939855957,0.0014179179650951257,0.0041926185495153034,0.0012759367041641238,6.558721279334608e-05,0.38736542967531784,0.49423390679101936,0.9993035851550462,0.9460087072310259,0.9436355857813935,0.4928375853647262,0.5177319172172561,0.43031742736137485
0.0003809668616345064,2.5828780951685317e-06,2.350652869022776e-06,0.5587813162564241,0.0003963732003313987,0.5693338738104671,0.0006544867530761497,0.576050124806622,0.008069135631232805,0.002398132068065512,0.0015271801343630267,0.0051750942355894836,0.3970049523451893,0.0005122408651046795,0.4989942298162573,0.0004546806834917483,0.9995383626408868,0.0037150984598138814,0.00404150723423774,0.45531633035790026,0.4929792450505398,0.49991515002263354
0.5369951131412077,0.024765309314698,0.5370972413256027,0.0045871534961596854,0.0008805052656709938,0.0021614876574974767,0.568385714322879,0.00013051828668868683,6.729506017001843e-05,0.000517964770545382,0.00032913527334875285,4.269915116029058e-05,8.333337395788191e-05,0.3793090720999264,0.0016556413167056246,0.0006940773221488861,0.0035913479433619545,0.5036635437303214,0.027417222086053128,0.5158228389713333,0.4230922703473835,0.4183574215311142
0.4498773549687085,0.002560330838745769,0.00012779117503611072,0.8943734739396527,0.0019531731304902014,0.001101620743714487,0.0021846323648797897,0.0007209252403193065,0.000271666679633672,0.00600170172434716,0.003816349697267859,0.00017274891863387106,0.0004584260008207603,0.0013891776708278441,0.0007005067311528469,0.0012592151238288024,0.70329830320953,0.00018083388326746008,0.003623075534405773,0.4768732079784108,0.5114480957050931,0.47748946164850886
0.0010502005962562642,0.4487546711227467,1.5405505998397878e-05,4.7976924051741154e-05,0.002151762821470257,0.003647686885025474,0.90430640697648,0.0004196407099232743,0.003346011433105468,0.00010054426854960076,6.34032764611075e-05,0.002110000700285013,0.00026462714705314215,0.7067375928299566,0.005174552579684716,0.0030948489042803575,6.80616306883877e-05,2.1854753816662274e-05,0.9985101497833899,0.563902338647422,0.5473119444572389,0.5567733095951727
7.121178263965711e-06,4.4903941253521184e-07,0.0011850538590429127,6.731908944656896e-06,0.0012622361683337223,0.5745303188556685,0.5789552037368931,0.574094745801941,0.00017445836009395628,0.000800694407224425,0.0005105269149556441,0.00011149901599388621,0.39385969868873427,0.4997012148371518,0.9979603904294513,0.49873541390106635,0.0033373433160497346,0.9961802571392564,0.03720900735611783,0.4362743884305082,0.5373845149618206,0.4917270907194948
0.002260983154574883,0.00018940941577728104,0.0010679174803282915,3.2467825688572954e-05,0.582239844092432,0.0036568346927471768,0.5863421673356928,0.0012319101277713743,0.587563226980143,0.00038174727613676313,0.0002385936084125676,0.3914308497287614,0.0009425772199156135,0.4978440352037542,0.00394362427414069,0.9972954036683616,0.008242141589795724,0.28005806529751165,0.05320733281478324,0.4870690892130584,0.5728887222046923,0.38552283218114436
1.10948438770917e-07,1.8902613447771842e-06,0.00010829697361887088,4.247447205786641e-08,1.6826780751815946e-07,0.0001043760381462848,4.1280500657438156e-07,0.4473131808793383,0.00014177952074870625,0.8969990861555612,0.7055066834995352,0.00020178175371911972,0.9997859200792282,0.0017471013511415616,0.48821528747843235,0.0010027128877373782,0.0002496464511021895,0.9888701782467522,0.9626765756670189,0.48704319804574786,0.5347240612001147,0.5311745526171695
0.5755686790200838,0.5830470800385452,0.0001976803472099777,0.003129827204612381,0.00029654453445959565,0.00019429018606773415,0.0026981001071422705,0.5649616367444158,0.003493888364177059,0.0018799591050934913,0.0011879355775042371,0.002221983293560924,0.38109484286241646,0.0020575970506805374,0.00014873759954683397,0.00023128149504264691,0.0024607068326649327,0.00015205280743290153,0.4922463195887432,0.5533994199996338,0.5221080516812743,0.5847031340085516
0.8794095339978547,0.0024505351271408475,0.009555825691196698,0.00266409931850713,0.003793255832565589,0.0027474383269266564,0.0011368422528853762,0.43901895898775856,0.000373359248552476,5.817154286478152e-05,4.0066951863409876e-05,0.00023651737905764237,0.2873370505771403,0.0007928094838464358,0.001923373313283433,0.0027053996959990226,0.0019154041992256853,0.00672166539561376,0.0017090799752484103,0.5505360831745242,0.6082296023780424,0.5140220769227354
0.5482222983415656,0.019604132602942633,0.5441596194854901,0.014263720144631795,0.5502075801227031,0.002844350412107485,0.008196423274036668,0.002857010588063717,0.00012174971330724488,0.006013407738474437,0.0037573545384373777,7.672200678414783e-05,0.0018116570514716836,0.005116701737863809,0.0017910024649003902,0.37843142901545335,0.011081359314764894,0.4896968436159949,0.021117476410349112,0.6234393462372444,0.4564670130190075,0.4480475575015279
4.8860478448058024e-05,0.0014348505770532497,0.0001385741758816937,0.001431671710141088,0.00019322505303587205,0.5796144876142832,0.0002967358136237849,0.5821357722265194,0.001985689296755875,0.5787805026748756,0.39016836350285966,0.0015504295174336292,0.5001584047603891,0.0003246698372831418,0.9977316756068162,0.060774071528023416,0.5073291989133453,0.061256956867670166,0.9780968922470757,0.43286799747749627,0.5319022596821891,0.4741794346402471
0.585818096416976,0.00034430901374346996,0.0008606670709676039,0.583675885169181,0.0007658520100635555,2.5826985989892725e-05,0.5738673997013358,0.00019471187635267925,0.006605965722885112,4.929034155202065e-07,3.1173680338698363e-07,0.004177973524516759,0.00012314819403765455,0.38620738018348993,1.9882439221315606e-05,0.0005977497195676884,0.4988334796221787,0.0009353025952926264,0.0003741671724631952,0.5287990939985863,0.42430824555418817,0.505856081054278
0.000845959429433119,0.47353621976826726,0.005613576084782801,0.0002124641320906853,0.0006078720258573859,0.002525789163183447,0.0009226085843633054,0.9434950891737018,0.0008401644367551636,0.002192033740198019,0.001321887410609165,0.0005066548405646687,0.7038452792202496,0.0012402409500102312,0.0033953791661554844,0.0008284877782415581,0.00028561519446623773,0.007546498633423457,0.9988626975002394,0.4179984696636506,0.2790445470154941,0.4883103813659749
0.5806229760957944,0.008588105189205383,0.004235695909309053,0.005445214529527706,0.00034393681158181486,0.004931293817755165,0.0006645366536415311,0.0001914076303007993,0.5882412819737004,0.5782405837740092,0.3870135241285101,0.5006765689625519,0.00020759026016307284,0.0007207203336554837,0.005348278430520131,0.0003814953000394895,0.005905880406271435,0.004594208020353644,0.009315502248499714,0.4867152550492734,0.5921866883442285,0.4389704173524811
0.013472309095268632,0.5905923476910553,0.5847997202526057,0.580016611036941,0.0008889919851110715,0.004957339762976568,0.007701350050446445,0.0019139107167719018,0.0010794860608418348,0.00804388586366041,0.005054363720017988,0.0006779700126094967,0.0012020306527204172,0.004836881267486071,0.003113560696222464,0.000566093985168723,0.3878450973463056,0.4967798101426305,0.985480253565897,0.577944115627203,0.469869138089309,0.41817189170932345
0.8941470322555263,0.012050557032436342,0.006138990413363305,0.0002036364053319012,0.00017803912837326843,0.4468845879270153,0.0008981575630799369,0.0036357929251688934,0.0003833610785232876,0.0005573747802580757,0.00035522403086237674,0.0002441506581118602,0.0022938090568873455,0.0005666469963031238,0.2932880227595728,0.0001282446263486496,0.00014786541296363113,0.004323912234750871,0.008488023691051394,0.5160797410707708,0.5453115912249463,0.41776645939528184
0.001071721302869173,0.5843750895756822,0.005909399521638187,0.5674517291565369,0.5788316416354953,0.0006834744619763924,0.001319273650908494,0.0029876388275003165,0.00045520212132227556,0.004783228830658071,0.0029565827881560813,0.00028369809566017095,0.0018736671292249414,0.0008145098506039707,0.0004256194339977442,0.39599451103332395,0.4919385917869513,0.006770079925232819,0.9987418296786971,0.5459124324374821,0.6702409384727804,0.5082765743043492
0.00045373920249469266,0.0005556337336268104,1.1251856755644653e-05,0.5792640329763349,0.0004935658591424453,0.5766776317042668,0.0007928821287573751,0.001846779488255899,0.0029415756728392787,0.5854463146042435,0.3956876197597393,0.002291050725090332,0.0014383744706682172,0.0006175418012800233,0.49857521274676236,0.0005499544915030455,0.9992115120393883,0.009984593614116776,0.5640487385028277,0.4792272536652394,0.42946631462081303,0.5033457687284011
0.005622977766574252,0.00018883383662771685,2.728797125470193e-05,5.2086266733036505e-05,0.5673294067378366,0.0008174396670545907,0.5758492054340371,4.155247514401427e-05,0.008813886251502298,0.577288845586361,0.3903544182046619,0.006904093958432137,3.2754028361468087e-05,0.49535385059315595,0.0008940339253366066,0.9936372547562146,0.005853818288551993,0.0031409206303300574,0.020643908692508033,0.5340103722412097,0.5314877523258131,0.5321391422544063
0.012819234825563429,0.5468727010930186,0.0007857045128442604,0.5774227601282056,0.0010009171130696398,0.0036812703889343118,0.00479200653916241,0.5679381527896424,1.845512003233451e-05,0.0003745631636062612,0.00024363517310519773,1.22142623054756e-05,0.3858167979745555,0.003722341251843342,0.0028453797997587465,0.0008351936609257178,0.5272769388940283,0.0011504232150675274,0.9839559389015979,0.5862458112132822,0.5426057256182575,0.5595286397430337
0.5823494067833009,0.001883361897715111,0.0029041043068870043,0.005250176186432845,0.004323072399907832,0.0008235231014358013,0.5762745041197929,4.2383568063609014e-05,0.008850418253026184,0.5796816293989495,0.3903544182046619,0.006904093958432137,3.2754028361468087e-05,0.4932290903478842,0.0008940339253366066,0.004781411595701945,0.005853818288551993,0.0031409206303300574,0.002036961384967227,0.5511735150230416,0.5311592775410124,0.5612330604772185
0.00032975677082062896,0.013657588835675733,0.5843197930146308,0.005829595262091903,0.0008367994070401604,0.00010304366659971776,0.5861570355625432,0.5830387266850872,0.0023586988735138895,0.0017421611940463696,0.0010953929057379355,0.001483046981144699,0.3906483697731097,0.5008961231294635,0.00011223029324725471,0.0009240358876285624,0.0063494317544727594,0.985118353105682,0.9846320676679512,0.5339393127537855,0.5563169684787201,0.4095279689901825
0.5731372507231175,0.5707983725365536,0.577161274404362,0.01308905766114029,0.0002902201661942497,0.002258668197294639,0.004731475838204355,0.000297607400086132,0.010052025254953668,0.002510676385734065,0.0015870136942917057,0.006399796367623972,0.00018918918637554253,0.002984233022391571,0.0014300729981076557,0.00018537022589140782,0.008511308448724466,0.3913923340505532,0.4868384940892201,0.4852213575232236,0.5558824294635178,0.4220781705859702
0.0002773310206887267,0.5846901133239569,0.0022596630591985222,0.0030403648062411782,9.473552216984832e-05,0.007370101679650641,0.0011409484332031894,0.00039264096771250527,0.5799812493531996,0.5881918957061761,0.3894049933617186,0.49200498836607925,0.0004229256301558869,0.0012098470567973906,0.00788291770735483,0.00010428213204254847,0.0033239965166230482,0.002632247746582288,0.9996745962936474,0.6134685711975466,0.5559366835448498,0.40891909079839955
0.0037305993275166226,1.7942144155506483e-05,0.897041602676251,0.0011666065705047996,0.00029125875136847094,0.0002506848822504152,0.0013733334926595586,6.351035314556492e-05,0.0003461994027334688,0.45913097538710185,0.30115982579860345,0.00024569094861579997,4.5072058402717075e-05,0.0009746283653747979,0.00017790638062753847,0.00020956603980396178,0.0008279192022389208,0.9973524226049432,0.003061769613185331,0.5162610563283844,0.5328994289987335,0.42015915815038185
0.4522024868607812,0.0016662200666319263,0.0044954459430433585,0.0007316326354069492,0.0008101577797198732,4.533646792385845e-05,0.8971359523342058,0.0016132738560750996,0.0007286028010146581,0.00010753692295477585,6.814172184042138e-05,0.0004616856478340916,0.0010222659520447708,0.7027576930973849,6.382181716202461e-05,0.001156298212690836,0.0010299483831145084,0.0063285279446442634,0.002345727566420007,0.5376098909934619,0.44294683580808436,0.5017859126835078
3.667716174966775e-05,0.001221165294294284,0.4380261392202687,0.8745674609707924,0.0014746878197923951,1.4021880017759397e-05,0.007737777956101389,0.0010372501050298214,7.249318125582544e-05,0.0006837672361081463,0.0004363938230602677,4.632040869687439e-05,0.0006669147697960023,0.004897825312459686,8.90980013338238e-06,0.0009613610749841517,0.707778294905813,0.9982522799955973,0.9801854413064869,0.4832416969614945,0.5621888645455662,0.5402428648862407
0.0007585559661655659,1.252365277294045e-05,1.309986160005079e-06,0.873921786731168,0.0016675336930724843,0.43906992497034497,0.0008617267400286186,3.95817869421186e-05,0.00011357635375582998,0.00030279401253111775,0.00019578995226337517,7.27713327560958e-05,2.532171802145075e-05,0.0005469521237190418,0.2896461460695602,0.0012050193983991764,0.999443580345126,0.0010681722335011846,0.010125125967322013,0.49161968039253673,0.5072896091635806,0.5536239872107095
4.707354083092244e-07,1.7333595178472928e-05,1.1596055607153199e-06,7.062205266024654e-08,7.68899349066794e-09,0.0002493318053761684,0.44603155412676126,0.00016257633602660175,0.8993795137918678,0.00010023132431089693,6.612309867225273e-05,0.7069076241011754,0.00023204476957544573,0.9996432659249757,0.9556981422561159,0.0002855662103967982,0.0025870234290518174,0.042510430352486916,0.9827153095283631,0.4572704465698564,0.4546868838482421,0.5052111242634272
0.0003919978528429321,0.591489190227641,8.489227200803621e-05,0.0018765757072412418,0.5801336264229714,0.5824925523917507,0.004327947842356242,0.0030561512067062767,0.0018886733397513646,0.0003661628477711769,0.0002319881524309073,0.0011783394761801418,0.001906731583935011,0.002700221195142201,0.3867807793058804,0.5009719431955708,0.0020197510464695628,9.136952505350545e-05,0.9995735551033451,0.6326465933165843,0.5481664984976928,0.478174641446024
0.4295405119292033,0.885608517493824,0.0013239801106299373,0.0026411609725134695,0.0023993617806963015,0.0002404033496308149,0.0021430862731701443,0.0007009394425443533,0.00024011486874850544,0.0005440951916085645,0.00034958496765705784,0.00015412919893868958,0.0004527494747058651,0.0013627407812353848,0.00015418858278851166,0.0015713073079378832,0.0017314326947430738,0.0008888922511414129,0.7061682581983284,0.47809928048973616,0.5135633091394707,0.4775369192873771
0.00014269251727026087,0.0012974148862961645,0.5778095023728773,0.004264381402152122,0.573819630070833,0.006827767311140821,0.00102263080385496,0.5768256728478929,0.00035679293043548515,0.00042740186689633905,0.0002713986035015463,0.00022656220870729345,0.39027199586816536,0.0007939404215609154,0.005300941345732132,0.5021667681488333,0.004698318895740002,0.998561915343994,0.9302634481025287,0.48731864371393724,0.4895013823687437,0.4521914330339856
0.004919828449127988,0.00010758167073064001,0.00013962724286002874,0.9043213137896989,0.001216372762691012,0.0001413533072763083,0.0026928957562741373,0.00033946888149883573,0.4506591204068908,0.00013016948518426586,8.20148770827224e-05,0.29431588851235524,0.00023897283486459418,0.0018956963338947494,9.950765411822192e-05,0.0008681521848070395,0.9965343748968547,0.018058430984738347,0.013918718165081556,0.4128048530068728,0.45454608027559446,0.47282082184741464
4.975039432097691e-06,0.00021590011787264778,0.006967075327686058,0.4546426743652845,0.00031144902406287923,3.8170783993862196e-05,5.519615861638059e-05,0.0013031347664426082,0.00017548184139582965,0.9120831275547442,0.7055833682094239,0.00024569094861579997,0.0018245128303877758,7.728009270043716e-05,5.344288112420903e-05,0.00044210387067012617,0.990240334286846,0.9802731048606802,0.9853328099403397,0.4328035702022006,0.5328994289987335,0.3836294405993749
0.005146473151707571,0.0001617531888797503,0.5762938214157816,0.0018018411553316824,0.00074640288137745,6.166226112713162e-05,0.5869319936129278,0.0016525151634480479,0.0006607461134715095,0.5822053263370759,0.39211318974954656,0.0005162134366307376,0.0012789330452470074,0.505807072731118,6.837563566691436e-05,0.0008432112791563447,0.0020519560744187426,0.9942510316582744,0.01978961552825744,0.5550210646833348,0.4767088737845785,0.43517775345048215
0.5644776944596049,0.576748600233611,0.0063031055058888385,0.005654529674670657,0.0010720503745245405,0.0004476384582338426,0.0011518430038415697,6.274760901453332e-05,0.0019820092412596644,0.5822237394419584,0.3904616731641233,0.0015399108877846364,4.9056830730393776e-05,0.0008865259914488416,0.00034750680539741134,0.0008497761341190158,0.004486767957247173,0.005122232412878255,0.49883708854482767,0.48363246558396095,0.45563099773812443,0.596322030143142
0.005521503115785036,0.0002752555150493422,0.5920029984079413,0.5828586255020233,0.0016009738580993011,0.0031969751645317948,0.003763908792904186,2.8312996572171925e-05,0.6152654370573929,0.006324424227224489,0.0038363049105190426,0.40274595536279695,2.1444884056818494e-05,0.0028285268421395617,0.0024117400237540464,0.001230435512757334,0.5020009038623074,0.9938826537982188,0.030551939370838208,0.3080998586817404,0.5263261970197575,0.38625894703184344
0.0019651143589894445,0.5858429818351317,0.0001075651223520227,0.004936956401117642,0.0043631122711895835,0.00040083878603002713,0.00446420466579381,0.5857575603447874,0.007151179358430149,0.5817333559337756,0.38696779597635844,0.005496225670648003,0.5040747020682399,0.004837999438289479,0.00043607979775687447,0.004869916126282364,0.0055162281825701836,0.0001230894929707951,0.9977892768645304,0.44772067872301763,0.6088390658209866,0.5635668583669147
5.5979426318856946e-05,0.002292073249489626,2.7368645833668252e-05,1.714153198441342e-06,0.4335595597944028,0.001144084833212447,0.002493420047601523,1.5437414590632724e-05,0.8906335728811391,0.0018318457598686289,0.0011669178470707815,0.7083081747088827,2.23389479751978e-05,0.0035798745101450176,0.001648928277858138,0.9967078476458183,0.0004906421000309417,0.007664226494216331,0.9838648308156732,0.45507240752105443,0.48920923809793565,0.5182269357026892
7.71428520101802e-06,9.636540186631293e-08,0.0006957231210645488,7.143752252737376e-06,5.634714190917072e-06,0.5831112765525106,0.5826938023860688,0.0020615973751943392,0.584601496415264,0.00015835675370255202,9.975552684107422e-05,0.3926993391687458,0.0015921058657033848,0.4997718001841614,0.9992403227136338,0.005226786412088763,0.006536241806056754,0.9929408004418527,0.007952121015801838,0.4832123695658145,0.5776798083455025,0.5654605243210596
8.732284235592565e-07,9.964103540364794e-05,9.659047783763088e-05,2.8512302558457307e-06,1.1796718862835867e-07,9.360156338344289e-06,9.965398415243071e-05,0.9009062384796549,0.00010807565905709122,0.44932040286569297,0.2945283341278657,7.637108524268261e-05,0.9998790716388735,0.39571541627805157,0.04286447480982102,0.000553324417510243,0.013213668277368274,0.49009161138992846,0.9943609702783823,0.5623058792414097,0.4612845433021805,0.4631456223818332
0.5780754149920881,0.00016863391383007705,0.0007403214871023194,0.003435037728256126,0.5699015771482925,0.0009514979589659061,0.0016043408126111926,0.0001481598989156936,0.5779335396833908,0.004277251694324885,0.0027201818727540334,0.39182052107208176,0.00011540089417280295,0.0012496126590670065,0.0007411178976857169,0.49984303546624115,0.003782872019151182,0.0008152967703855072,0.00018571224100953285,0.4788031127499871,0.5105297334706326,0.5217398261134276
1.3710485787205046e-05,0.008853779223507366,0.45206135051889235,0.0006586163108483356,0.00016476612743481425,0.8942859827109712,0.003319604632363014,0.0035990215272287624,0.0007508938027345442,0.0002101714653477679,0.00013646657038464318,0.00047923963731038156,0.0022934276241834478,0.002098802343901536,0.7007730031142736,0.00023522939763185452,0.000947859082165436,0.9876395711210977,0.9989767297211506,0.47092493000317576,0.45362286772236377,0.43729102466114433
0.00010798548953787427,0.003910192238843321,4.160003557518307e-05,0.0037791511519998035,0.5894990745253721,0.5955781025490589,0.0010838575122276463,0.002473323755526207,0.0003725993089828906,0.5979132497714711,0.39246622331321246,0.0002811217013313985,0.001866095846762506,0.0008177612601777508,0.49887061186494047,0.9942064853583072,0.48901258097337985,0.006770079925232819,0.982423311978865,0.4286091359553427,0.6702409384727804,0.5082765743043492
0.00026280243103775396,0.9034382655613875,0.003289514229849163,0.44523832739017466,0.00015139262315900834,6.482606704838646e-06,0.0010371723032923602,0.0009188714764822404,0.0005867220362531945,0.002132429826292853,0.0013478410381959618,0.0003708489044015051,0.0005807904682246603,0.0006555650889782908,4.097460113393422e-06,9.701710257136419e-05,0.2915016499844325,0.002317989548281216,0.9998148127819205,0.4856170304330947,0.42285372856695214,0.46769758423671254
3.2052361978418407e-07,1.8382193379691497e-06,2.017096824320021e-08,0.00014973387841591242,3.2723915945354086e-07,2.9813846990149023e-06,1.7912345880001e-05,6.977045634107816e-06,1.0,0.0,3.5796490028823687e-06,0.9999037966509589,0.029127313348246003,0.07500491509440788,0.012542941039865863,0.001408154620340218,0.9921455723988718,0.006879397806657414,0.8889415383791631,0.48641191207316514,0.48693745946457195,0.5954626817099473
0.0017747010776083508,0.0015837079576809653,0.5887911698370261,0.5986046322380268,0.0011939667429017406,0.0029195658416947593,0.0065711167402155565,0.6148541866254399,0.0003118471099935505,0.0027131896126038006,0.0016596769979650722,0.00019075948589476803,0.4023712076246456,0.004982075185281154,0.0022135998132260526,0.0009178114900111316,0.5052587505088684,0.9974282056928334,0.4638343136599541,0.486273462313643,0.29865738519321555,0.5007781578925301
0.003349774250567623,0.5757066488137718,0.003925298248314424,0.00013423829319029914,0.5737816505169314,0.004445948228353898,0.0025201887959415514,0.002929549706752652,0.0020404379893386236,0.5840072784764111,0.3945407976904355,0.0015870578112098294,0.00227862073170108,0.0019602289123186846,0.0034581324525756385,0.5033028979631881,0.0001484355225941978,0.004340476980829522,0.9962958418843821,0.4504789059249627,0.483440964691465,0.44755637332940407
0.8962092564962986,0.003822702386632437,0.0025206293071678154,0.0016446116978648248,0.0015071779611043506,0.00804331612601503,0.0027082730741399843,0.0005685428593960426,0.44656692299126055,0.0003282950055123343,0.00020871631824645942,0.2942772332085671,0.0004038381520477768,0.0019236998346725044,0.0057133015299427325,0.00108544278510901,0.0011682288224298953,0.0017905010639308896,0.0027154296241788316,0.4920355354156001,0.47651190935681625,0.4728022664789364
0.5794316042606674,0.005134796213886038,0.5828922334134753,0.014384012109594549,0.0020323925341412964,0.0036878547695196884,0.0009628025359187731,0.0003204961351682645,0.0002008641771033386,0.5852025906486354,0.3938508096566552,0.00015555626044802136,0.00024820345394098095,0.0007456282787835712,0.002856015831614202,0.0015957920011694868,0.011140207583671766,0.501882927752671,0.005641437585244603,0.4852230233631404,0.552439790985242,0.5781017949079728
0.5874315379442522,0.013730581775812566,0.5906748631681961,0.008583510983654835,0.0004035219270415685,0.0009516338733142208,0.001981451941157819,0.5942216229454936,0.002641311621988034,0.0030406066141575832,0.0018914460834054956,0.0016430664676515935,0.3943929492164018,0.0015139422826363192,0.0007271040783904147,0.0003125881840356677,0.006558425336294305,0.5016656811016094,0.014877594951265394,0.5003364743855303,0.6498784640268169,0.5306618366095468
0.5844739175536767,0.0006953108294611681,0.014129811141536459,0.004824798604509585,0.0021805799679988193,0.583655945443493,0.006597638237869178,0.5874433660118968,0.008369589116196013,0.0017955275245578961,0.0011275595428940897,0.005256019209333804,0.39349916273208524,0.005084058078320017,0.4994478837282066,0.002407251640593522,0.005253601634222628,0.015387442822190636,0.0007573450240727642,0.4533979913389258,0.6076231007304562,0.5005840532073165
0.0001259714636285558,0.45055365940822073,0.0003262830385455901,0.0033613988874468576,0.0006443994053384639,0.8990604680714132,0.004108743812922267,0.0007640707242083521,0.0005675079428896708,0.0003460776170054321,0.0002226733373582507,0.0003558872882926115,0.00048368830502994176,0.002601012156522826,0.7042456887547437,0.0009311574274173178,0.004798811217612525,0.0004610287471480198,0.9998200914709549,0.48583601453749664,0.5395573608599241,0.43764794488963604
4.014579826563246e-07,1.2580665417876182e-05,0.0004098134245376478,0.5913606385229568,0.00039567668864628965,0.002936167328271978,0.005351848361453917,0.5852989211135767,0.587567374832087,0.0003807481357096108,0.00023796455498988295,0.39142535841278847,0.49670329122145584,0.005761215163592759,0.0031608561934822615,0.00043186352599733856,0.9995586139824826,0.9804529127082435,0.9796919015392753,0.6363060408940466,0.4951197465098504,0.5012144267287507
0.002561446477860058,0.5782924157561358,0.00889932043104518,0.004973234930047187,0.0007401778164869736,0.0009041939059759388,0.0010192005977698482,0.5858418316984915,0.5790196328731514,0.000800767379570075,0.0005065002491460744,0.3902213104757366,0.5040747020682399,0.0011218097684605076,0.00099522608361665,0.000825990854259998,0.005474005385839963,0.009796048610056118,0.9971802210000104,0.4297064438073318,0.5392787922143855,0.499986502963702
0.00879872227250951,2.566729072083884e-06,0.5803555650464771,0.00354396698902027,0.5722153084412342,0.0009553609252939617,0.00372005801929623,0.00013784836200194322,0.580276199173846,0.004168476497129599,0.0026428259151691016,0.39181611312222925,0.00010693426106132191,0.002885801584537657,0.0007411178976857169,0.49984303546624115,0.0038870518553323834,0.9903489997597805,0.00018571224100953285,0.46477562408666956,0.48284038747411345,0.4402955713473421
0.003669745206424026,0.5743647303702938,0.0063361114887503425,0.00021039291363932153,0.5701922826824556,0.009137106473252735,0.0005733073304143829,0.0007831655011875774,0.5769428232395772,0.008084114857044362,0.005109738564112926,0.39221982693624446,0.0006156962510607822,0.00044370708478333573,0.007132867349519883,0.5061917005820727,0.0002397630092430675,0.0073950203767571,0.9957891349907296,0.4850986849816824,0.5188540188209857,0.5856189018311048
0.0005968399186505467,8.296466208322135e-06,0.000590059892990628,0.00011355778855364097,8.36729171929334e-07,2.6701223216567508e-08,0.4480593607321204,0.9029365074459472,0.00012007890262067544,0.0004560069925326797,0.0002880007195198875,7.583833880011421e-05,0.7067579792242765,0.9987965981959879,2.006987524975163e-05,0.0006376421580198307,0.08561315319182591,0.49633267570376294,0.008848862337416108,0.41084678872703057,0.49404021928008557,0.5032349884045089
0.9015770382780822,0.4525839676899144,0.001467690906051551,0.00013917609414160095,0.001981521441076325,0.0015438687722057695,0.001550139305010003,0.0003302588855243403,0.00012608600589949308,0.008597326311590402,0.005425333434113706,7.956836358374072e-05,0.00020841456194067333,0.0009782378523073903,0.000974281888924023,0.0012678041606171181,8.782943570702015e-05,0.0009262115822397164,0.2961806659916807,0.4849212679991908,0.5381244229047736,0.5846126793100062
0.004146921812382428,0.00012081482904590574,0.00022998960592852133,0.5828868836985797,0.5788376049162872,0.0037451880175711477,0.571569471868741,0.001981938568735398,0.0010967611569361406,0.0008022516169327228,0.0005105269149556441,0.0006944485784113453,0.0012549276113032236,0.384939455438715,0.002882474791483327,0.5021547740002783,0.9954619959138629,0.03525607408845138,0.018541791494504252,0.4366355698422618,0.5373845149618206,0.5042954983693027
0.00028061288676703265,1.0,0.0017823495654203723,0.00021054230328702164,0.00014816356323551428,6.5837631446998674e-06,0.0015385719848932423,0.003460383850410199,0.0005778183274483202,0.0021189408855324145,0.0013507982543772674,0.0003708489044015051,0.0022348194833978277,0.0009782135734057143,4.202004593801493e-06,9.701710257136419e-05,0.00013800352975481788,0.0011528279791881424,0.9998148127819205,0.4856170304330947,0.5076661330940003,0.46769758423671254
3.369626219605718e-05,0.00216259590788694,2.235271535241941e-06,6.741042429529606e-08,0.444570403494843,1.442805013106014e-05,0.00036020094227317683,0.00045470184993860263,0.0002246488768874109,0.899283894694196,0.7042121517190179,0.0003172925740865377,0.0006422180196238214,0.0005087457615084491,2.0378100258344213e-05,0.9969451770802612,1.9841699231175902e-05,0.0006579337524643854,0.9900813781579854,0.4311049151998483,0.5073750624785172,0.5334638266261527
2.3153262277467113e-06,3.6182080096318704e-05,0.00013069405286851918,0.001548354639356728,4.530183895271133e-06,0.00010264615544486253,2.6625267117642083e-06,0.9073071046723369,0.4517778172217128,0.0005410524313891096,0.00033983514877669184,0.2941130900643987,0.9989070427438902,0.0010881694145816077,0.041981743230002554,0.0018812345591494722,0.9443765851138943,0.8277261431759451,0.9593175552211163,0.5493078212243786,0.5457686104615364,0.4049314460300095
0.5876539987368069,0.5868316313044337,0.004723285059763656,0.5844016536917076,0.002702387914714688,0.0013368044358515636,0.012203853513880822,0.0007373161456286698,0.00256911397986663,0.0008043417810788741,0.0005041996710764324,0.0016104448462903914,0.0004621864320881146,0.007650167830359996,0.0008380364060039172,0.0017175998734223364,0.3903673388079389,0.0036206519728532813,0.4995542429224754,0.3759293815036351,0.513117141984118,0.5048997970014564
0.5714579852565665,0.01874328577429389,0.006187406140220776,0.0030080492127716905,0.5597191075274801,0.563549355587354,0.013057813416664269,1.689710648471601e-06,0.006755494628070794,0.0003315912431596098,0.000214693096117394,0.004341096247914072,1.084143316819836e-06,0.008312641937880996,0.3828131552173808,0.48849532501463955,0.003326474739621832,0.006694361176791171,0.020109931985643426,0.49152284262274415,0.4984554385273225,0.5019938310426147
1.944575594362284e-06,3.3374497219782974e-07,9.175027017750005e-05,1.0121339461597402e-06,1.31349651822509e-07,1.2639600030534374e-06,9.439479173615719e-06,0.4490178161702252,0.8977946619289586,0.002483481238145813,0.001575015303951756,0.7047644148327475,0.9998691791555829,0.06524214329766337,0.008767007687198078,0.0009237471543779557,0.007020899607615927,0.9863121684118692,0.10820796762822837,0.4514297655430732,0.538103177899469,0.49668460201033204
1.4662656544583441e-06,0.00407398052501983,0.5832094717940508,0.004748050134078642,0.0007475056186069158,0.5709469164363643,0.006702826866672685,0.0006422426787347919,0.577006925662929,0.0018065091287083927,0.0011457491738744536,0.39270279659679563,0.0005017369694272955,0.0051954332651442895,0.4917096665969384,0.0008273087191304702,0.005297380199371617,0.9955909633167938,0.9997621734846752,0.430760776890343,0.5459787626448234,0.5015977616347317
3.4975981501276856e-06,3.444125977925956e-08,1.4069784169637768e-08,0.00039794149126797705,6.910529280369363e-07,0.00024278028311435548,0.5826523210128266,3.652128510625639e-05,0.5773664664728446,0.5768105989453505,0.39016524529351937,0.4970990339444754,3.9904011192357245e-05,0.9994906540874245,0.34873269192142026,0.001120813905832007,0.9944044317826234,0.002560791683053526,0.006268667059831756,0.51615298010247,0.47622275326454405,0.45591923598107464
0.0018123615143901567,0.02174506319397693,0.5832615757644468,0.0007649090725096086,0.001415004770261118,0.00045778627772714473,0.5888837007142192,0.00010078064703839295,0.5896178268972588,0.00130259753095323,0.000815075182023148,0.3935300008727385,7.738102420617868e-05,0.5028295661452373,0.000499314350403457,0.0015647617873341705,0.0008343007131858011,0.9761944539501379,0.9470627129942667,0.5324787887177783,0.5143470593892798,0.3729494506476546
7.90057131172084e-06,6.809984232224292e-05,0.003547849232204537,2.3686865445503857e-06,0.572356808914944,0.0007555573677982586,0.00015024506766680846,0.5820399572263444,0.5827198019897925,0.0018072937023976155,0.0011419776784199797,0.3926253529427742,0.5009520232710709,0.00016482628540990445,0.0008288841307800149,0.9961070784552886,0.00042495351808455317,0.9876998559056166,0.9264715617399183,0.4918536756093308,0.41610557932318626,0.5202548775049197
0.00042072703056606126,1.7176705582116736e-07,8.087704974832336e-05,0.8912557303400315,0.0009553634601932798,0.00024317640701879934,0.4432065635737033,0.0001961602991701326,0.0003870628690507844,0.002024388400081222,0.0012876404510334814,0.00024783466881012615,0.00012442251272745073,0.29116698421595394,0.00017191372079881622,0.0006907246960327301,0.9996939788157791,0.1196473349320318,0.00025714232628371025,0.5162227483194701,0.5139789206442574,0.5567152104235501
2.2739349220519054e-08,2.7639614612474403e-06,0.00015504192739568983,0.0025784714201089512,0.0003894630917846268,0.45225940593333447,0.0003339174721830582,0.9034955718171538,0.00044517897051169457,0.00011086787465272677,7.343223743718505e-05,0.0002778704616091454,0.7045400212802413,0.0004700284876147406,0.9962837425162202,0.09641326528432675,0.9621526459874608,0.9886516699499861,0.9947062655921004,0.4797273510976753,0.46603402330821664,0.5938435110996846
0.551168688220961,0.0011913639698572069,0.005968307335828321,0.5879549536874937,0.0014263854542027315,0.5655776246865736,0.003046989729115406,0.0007031225691187893,0.004442355729613158,0.0018875840006957957,0.0011932768038156903,0.002826450289474157,0.0004501668296722359,0.0019204805413382147,0.38208844618732535,0.001121997470412979,0.5183720812673158,0.007011841584895629,0.0013418778611421736,0.5402396442455257,0.4765238571341093,0.5888215598461611
0.5754371396821795,0.0034922568822027475,0.0005994237922060541,0.0008224794189332171,0.00013453661005766735,0.5785443873780637,0.00041054413722984326,0.010789052890349019,0.5786563618792118,0.001811142360231174,0.0011525384915718221,0.3926616624668561,0.008416825630180647,0.00032029502018650433,0.5017078102447577,0.00015090115151246766,0.0009099106426372705,0.0006631443236942607,0.003863519286085672,0.4909805654750689,0.5102722274066761,0.5148978670569112
2.0868863588702523e-05,0.0009244157093255443,7.671911731716885e-08,9.766791311724794e-06,0.43650659087885607,0.005416458221762106,0.0008238525637948191,0.8971300097355035,0.0014286155461822878,0.0019082068465353693,0.0011990241844711735,0.0009034908722845715,0.7082283359201054,0.0011665803569970814,0.007736226402056433,0.9986870547812726,0.006913955757495531,5.562257186211145e-05,0.9851241450880657,0.4832699077144363,0.577136370310878,0.5996881352333577
2.5851056539348267e-05,4.20265826249306e-06,0.0007346802080205626,2.7941383486749807e-05,0.4412327161874686,0.0008544781904233358,0.9028092026946658,8.667983638125064e-05,0.0013695365311691134,1.8661589382269524e-05,1.179112935217724e-05,0.0008653275471424138,5.4767795368139026e-05,0.7071240685150751,0.0012160005159549962,0.9989530616979566,0.024184934140754066,0.9773148943851,0.1025989556456659,0.5594633839541907,0.5104645533086944,0.5626118081117142
0.0001748001059321719,0.439110165173276,0.00499788192510464,0.8769265194453263,0.00018698330715111137,0.0027201450023201157,0.004427688136022719,7.31614509605678e-05,0.002247023787575935,0.00020011737095018074,0.00013034827218031102,0.0014367353077849743,4.6706519448340064e-05,0.00280450063412083,0.0017295775369768874,0.00011993826854607848,0.7121364005129196,0.0073079806191228,0.9997369521506745,0.4732989227741162,0.5475736667139364,0.454044749893844
0.00940707896405595,0.5761158737694607,0.5824161129717939,0.008353628436334972,0.006038007580252177,0.0009461372803331836,0.001948472979060109,0.577253023473316,0.0025625222200518034,0.001728167244706114,0.0011012889119172867,0.0016430664676515935,0.3907323790589845,0.0015139422826363192,0.000735139911020111,0.004798007951555144,0.006558425336294305,0.503418639513926,0.9894941394626077,0.5337950742045565,0.5138486109892664,0.5306618366095468
0.00018155627654510123,0.007788573661134604,0.5874744681945477,0.0027862009783654242,0.0012390209957087628,0.5851588950323893,0.5732213924902141,0.0007662326710518761,0.00033097644126163267,0.001921904030487211,0.0012157353193124301,0.00021072660919738834,0.00048708906916595943,0.3844880737977744,0.4999315050544585,0.0013730074756060162,0.0031124080612914716,0.9915580239967843,0.9850031826744896,0.4770230256628608,0.4157830851510126,0.45814569219775175
0.4861744807992041,0.5238859246834306,0.007785640716798606,0.005032321682881254,0.526472409018534,0.005083170586662304,0.010954067459614967,0.024057799217829953,0.007715635423795304,0.007380655531537283,0.004713194611443259,0.005207925450666595,0.015558271719574995,0.007295697809414525,0.0032885902587627613,0.38479533908285385,0.004352727489044722,0.008763053850389807,0.4714488704255221,0.49173872346631875,0.5352525880296468,0.5596859177906197
0.0018686491305739488,8.987181182798906e-06,0.4493261976877813,0.0005831589722233854,0.0001458908778080136,0.00012419953982626463,0.0013609916383891497,2.2459531746446737e-05,0.0001734111229822454,0.90185311798105,0.7057336563530375,0.00024569094861579997,3.182093421466169e-05,0.0019282722426102183,0.00017596820868027147,0.00020956603980396178,0.0008262307319565699,0.9973524226049432,0.003061769613185331,0.5162610563283844,0.5328994289987335,0.4209799570185468
0.0005976789998119085,7.0494343740413794e-06,0.8995271018211926,0.0003772392417887268,0.002112117653970863,0.4487622975332319,0.0008992524812930139,0.000638345985916249,0.00039502336509458726,0.0033073824405265594,0.002082152263002205,0.00025061259557155983,0.00040435391862643673,0.0005651571195194892,0.2933960727529392,0.001500828811090061,0.00027289359237823584,0.9995646641678329,0.007233712607560255,0.610889514147656,0.4847363038657055,0.47909555966365663
0.00025028884386239764,0.893093753429046,0.0016034597136821904,0.00018779034092466303,0.00011072281021914265,5.872297879282117e-06,0.0013723083296647575,0.0031106012112547257,0.0005342566421115322,0.45321246596829046,0.2989563827307911,0.0003844339508373305,0.0022348194833978277,0.0009782135734057143,4.202004593801493e-06,8.071729267815158e-05,0.00013800352975481788,0.0011528279791881424,0.9998148127819205,0.4786094178125604,0.5076661330940003,0.4683725717552679
0.00010149568425883841,0.012052113525711571,0.578552610458861,0.00026709550985588913,0.0008711052164606168,0.578275564470437,0.0022340131812371195,0.00024764866484205337,0.0003033169810617405,0.5796173123761217,0.3924176881039413,0.0002360336375534856,0.00019271396729739969,0.0017384551281598025,0.4997780708971115,0.0009800775284644347,0.0002938391128624353,0.9867396985124594,0.9945812391569543,0.5046255134933226,0.5355143563858187,0.46350442693933563
2.4325131865083144e-06,3.098329306310325e-05,1.4594047868266594e-05,5.168461774991389e-07,3.0720047632462694e-07,1.0216359161393173e-07,2.2967811373978662e-08,1.8038252812754768e-06,0.44935521783704646,0.89583589098903,0.7040163464731335,0.9999512792338481,0.0334079759937671,0.00042576921563052016,0.0018938758336316027,0.0058241390187318,0.009581919369315683,0.2794729550160796,0.9495867606709614,0.48563729700983505,0.5352842798095018,0.4722902884648787
4.964622342422757e-06,0.0006238303305986715,0.9134352989887303,0.008677220210123227,0.0001484544768597147,0.000490185355173609,0.4573802672606135,0.0007581606191683045,0.0003983490169880635,1.0803496946015044e-05,1.0269524104897535e-05,0.0002505883019774419,0.0004724606128724173,0.29552425611636324,0.0003429318381505982,0.0001058088169758883,0.006234527951246646,0.9995652067421602,0.994879215792351,0.6449772019399279,0.48264873661716035,0.516389265102429
0.00024158437101600824,0.8914969216758567,0.0012934447215016793,0.00012957529278378934,0.00021319067309933556,1.6324393534962472e-05,0.003354114644234747,0.0007597538544911855,0.4617011969012625,0.0001372625973291833,8.959729157757032e-05,0.3035149283962466,0.0005444697700940832,0.0023663316127509196,1.1616470535967539e-05,0.00015490255692066275,9.42446110968444e-05,0.0009634697287611554,0.9998230887240013,0.4037250091477754,0.42557489949356986,0.4714394924168019
0.00023890742609045001,0.5719021046136025,0.007461680806172677,0.010036228647768099,0.0009214100299579531,0.002502445456959911,0.5872442115375618,0.0010993710767995398,0.005893358256512212,0.5830077765603598,0.39353052811308253,0.004576367923842681,0.0008537092917792755,0.5083460546043579,0.002784940035117621,0.0010396463922294963,0.011169851707163884,0.008305588613339104,0.9997340573130602,0.4761406575935914,0.5161771005121687,0.5718592837576241
0.5845750571607501,0.0012284756596996854,0.000138275023994891,0.0018105432032231763,0.5780989459511008,0.009801455321684374,0.0018895406668983075,0.584842297405209,0.0025231239208997787,6.357120951102466e-06,3.992724940519044e-06,0.0015847032467108126,0.39154634632250557,0.0014530394685166826,0.007537418567040265,0.5008336154957433,0.0019717251444032803,0.0001505853135583689,0.0013378448737901487,0.4332765218970509,0.4066674943853411,0.478839572681246
0.8730730119249513,0.007025712348115958,0.006212770672587598,0.0001441126517133978,0.44312456191834815,0.0038382009749063266,0.0008344003350421979,0.0020652903634899677,0.0002938558951257109,3.4393653029255204e-05,2.5139368266798788e-05,0.00018610863223462385,0.0013162097210188857,0.0005234977868105359,0.002417326713141114,0.2969803443363546,0.00010436526533643548,0.004479653859668725,0.004941831292577886,0.6057820054498617,0.5471429786366961,0.535984713493558
0.010571701114412104,0.465173949773525,0.8876479758099838,0.008336205244672708,0.001251407578246071,0.00025913554234169636,0.008244900300275939,0.0007422929592780052,0.00014973386729591798,0.0037430492251994945,0.0023810606069999407,9.600725973093333e-05,0.00047148371585107283,0.005236989973132455,0.00016523393189361407,0.0008129282249983642,0.005459021826132573,0.692632194515953,0.9853789274489844,0.5341570474036964,0.5192913086458073,0.4726583133320318
0.008697907111724048,0.0018576339062780082,0.5771005695592064,0.5874278837658367,0.0023656621486159483,2.8832591709890206e-05,0.0021536060039613414,7.53254557239145e-05,0.005504268292811678,0.5858265832434476,0.39362050468035964,0.004254929892716223,5.822923032296895e-05,0.0016648151956826164,2.2288685187656695e-05,0.0018540977514650203,0.50560775510112,0.9901894233044367,0.13395202356980732,0.40675220334179424,0.5142002075310996,0.4580358089973083
0.012526085814027211,0.5634468060502436,0.5594083347187693,1.0599202094824626e-05,0.0009828834184497383,0.58053602724389,0.004993821612989154,0.00030562073026988335,0.002502312305847455,0.0003827472055012028,0.00024631679867004845,0.0016018647610997704,0.00019687003220091438,0.0031668491005402985,0.3942971172401072,0.0007883753200806365,8.510367974817919e-06,0.5140782233938077,0.9853507529709029,0.4662321026376675,0.49516310652896556,0.5522777678104588
3.984212067448821e-05,0.010351136440889726,0.0002927840269933873,0.5729304171248919,0.568437266850432,0.004434090561692128,0.0025397634346943313,0.000610695918856643,0.0020187449903067587,0.5824437799824844,0.3945407976904355,0.0015743934771903002,0.00047627497560567974,0.001980736906604468,0.0034581324525756385,0.504585742410569,0.9884947533179059,0.0180019854095489,0.997523271893717,0.47297661564360266,0.4613494243288769,0.4762308614248759
0.0006435543421637255,4.5171810723045675e-05,0.0006281121039092059,2.3409614612005695e-08,0.0004763516754854766,0.8935082944923681,0.0015934624626511458,0.00033377055258569736,0.45016747833733745,1.5876568998912865e-06,4.621933510862451e-06,0.29710925064704197,0.00023780914634763395,0.0011353313332621929,0.9992674767279792,0.31426740080970755,1.646080624901616e-05,0.48810083182392594,0.04413872014257442,0.5050047436981152,0.4950015982070525,0.4786549790715643
0.012347453544481668,0.5809160204013812,0.009921845686361926,0.0017314824327967,0.004939076795267893,0.582332184311473,0.0006240095742319668,0.00030013080876181643,0.00011496294208062983,0.5817061623476854,0.39180669939037394,8.895914530535759e-05,0.00023224336912430825,0.0004828631449323112,0.5006435181126986,0.005485509961398476,0.0018968028167134878,0.010869734871481865,0.9864705923960612,0.43107248880680865,0.5329231434106417,0.5418823321695493
3.4727098257847982e-06,0.00017557444553453202,0.0001303912214327295,0.5692111566489041,0.004698844837677392,0.5781068579833976,0.0030730539790961376,0.004996565103177998,0.5724181140217776,0.0019600392718951546,0.0012412084251980835,0.38726331803241437,0.003894187898814969,0.002357858224981033,0.4971424277660428,0.005268884032755704,0.9997366645996563,0.46848265033575165,0.9864614510118616,0.43102802886114105,0.42703063763573595,0.5322580335743621
0.001625105420330497,7.768249582714526e-05,0.0001923643631823959,0.4380592241842957,0.0001350099982053636,0.002409753272515332,0.000370206546021906,0.8808310848456239,0.00031889426881443356,0.0008372352890088476,0.0005354011841352661,0.00020447460453169118,0.702415995918918,0.0005218519243983821,0.0034262212514070112,0.00019600457086921264,0.9976024442734431,0.07620343973131907,0.02965384964782325,0.4804871034803735,0.4569810581151066,0.5053370687530805
9.304670707596796e-05,9.872087034266348e-06,0.0001026846710282711,6.716881440660577e-07,9.865148334994156e-05,5.080461957174763e-06,4.812385743338658e-05,1.0,0.00010903504887970783,3.593214155764789e-05,2.628086619704752e-05,6.814154946117483e-05,0.999886996947853,0.17337814788538508,0.018844893013584083,0.3984100665879634,0.003157996860503994,0.5261941337535749,0.06658165275642175,0.514676996907031,0.435341927613723,0.559206581950496
2.0902598630916874e-06,3.245746695369578e-05,0.000422879154069837,1.8565908336578828e-05,0.0003965611294678723,0.4501796519073477,0.9005046317314691,0.0005966278767619157,0.0012379545674649356,2.5859797734964198e-05,1.6352261677089514e-05,0.0007828120832506967,0.00037727375958661346,0.7048736476037475,0.9991731422091199,0.48269361436496494,0.027849802726020556,0.9511321739023497,0.9590582439952713,0.5164243059458969,0.5470417646532837,0.43457283689628345
8.428721691752455e-05,0.0011765223442111305,4.27230684694946e-06,0.0012161995117296901,1.6628740036844386e-05,5.091603504446631e-06,0.9090655128897273,0.00012417771519457931,0.00014973897132052475,0.45347944448429023,0.2945764057385252,0.00010486221417387942,8.696166542205593e-05,0.9988134547506722,0.0019130903730776307,0.006334717492463647,0.5097393066909554,0.002305838247000305,0.9544697212350521,0.39463654133230397,0.5060771241339626,0.5689823493260979
3.8471915696070955e-05,0.0016224889243821197,4.604927855949e-05,1.0,0.0013472797415246575,0.00015793038780489687,0.0001648040181640589,0.000805151741881974,0.00039748971173796273,0.00012449190822949225,8.20148770827224e-05,0.00024809905072616263,0.0005073041598065669,0.00010383854084378461,9.950765411822192e-05,0.0008681521848070395,0.9989770072323975,0.018058430984738347,0.9847452515926298,0.41155108219856007,0.45454608027559446,0.4775980827705787
0.0012591774057731122,0.010970350882646347,0.5816551832556,0.0011020896582837098,0.0009032029870548916,0.00011945083505887283,0.0002200340466447014,0.5835044536270971,0.5838902824399455,0.0018002079337929222,0.0011419776784199797,0.3896484597280165,0.5009520232710709,0.00024078241391576813,0.00013071459813544903,0.0010108055421088613,0.0012185434413950202,0.9879139042764717,0.9264715617399183,0.4918536756093308,0.42085846950014383,0.5198400446839885
1.8404101712870124e-07,1.7924713647043287e-07,2.8135854722628948e-05,8.958240948477944e-08,0.00017234545395389814,1.181947695818858e-06,0.5920632219796568,0.5920571459615099,0.5897704665478698,0.0003680067547024574,0.00023228101682943198,0.3906648088201845,0.49999671887927255,0.9998080743678833,0.004215611699581789,0.8992222341098568,0.002047912117762235,0.9941550801700045,0.48819629679437215,0.62834380515257,0.4205012944079058,0.4630352190025002
3.44767195539248e-07,1.748108029654927e-08,5.355747580030062e-06,4.25038582849869e-09,4.80940953483082e-10,0.8989704165478138,0.0008524849568473247,3.300440847222223e-06,2.6238795221764623e-08,0.4506513927023731,0.295829223646355,1.8581399368385737e-08,2.33725706366418e-06,0.0006037001957991579,0.9999961992034281,5.8341708027386994e-05,0.0005041602743883317,0.9585843556365556,0.03190895390465803,0.48575776777561763,0.5451025771173332,0.5580192225380584
6.531850199059232e-05,0.002281085430465135,6.387626533627817e-05,0.4490357859028805,0.005414980540921636,0.9113078352803468,0.00043198449227080935,0.0009732176649374143,0.00024171923455671665,0.0017904150136783697,0.0011087636721430981,0.00015063207005667567,0.0006102781707406354,0.00026667474702670346,0.7025070598961086,0.007702759102685789,0.9967801193525685,0.021724154119535283,0.9804030778616761,0.4055456325175639,0.5814413809016789,0.37468626695379914
0.00035312409578218835,0.5718477398725426,0.5898260936385983,0.007873773439962095,0.5575984965028783,0.0005417648372430784,0.004560675533909901,0.0011148475755674307,0.0031011667098133433,0.005955463445828843,0.0037631836142180686,0.001976296806638645,0.0007149169264311316,0.002879165712304621,0.00034333446413303847,0.3857048987619954,0.006234298973901776,0.5153114552515856,0.9995919499229906,0.5432677124506076,0.5481313761069581,0.5652731357861842
0.0019138306832902163,0.5808349320744991,0.5745580364141506,0.00435743345283097,0.0008645571000851773,0.0012258125422302233,0.5767259478444849,0.00012692688517246823,0.0004527999109725974,0.0018295706167732466,0.0011575770174397657,0.00028830849130576894,8.132354425332728e-05,0.38720670103973676,0.0009457643826786266,0.0006843488455152645,0.0034527159314517077,0.5044354041349852,0.9978255345823394,0.5155971273948297,0.5345205391337613,0.5887140178827808
0.006655905418093762,0.0008136355146763554,0.9020129113478286,0.00033187064061995645,0.0021799145277529527,0.003155387122938325,0.0011848238289032585,0.44850627170576923,0.0018688614785401134,0.0017542884488541532,0.0011104479094966385,0.0011777430140659606,0.29574646051558745,0.0008361893050257141,0.002235479738293084,0.00157340607404589,0.0002414674170914423,0.9952173838841113,0.0766218663199919,0.54590384048505,0.5376735484124188,0.5738648773903933
1.3965062415218688e-06,1.698523713850991e-05,0.9071714281418702,2.6565135785387915e-05,0.0008722180733320644,3.639754413360211e-05,0.0013905464418471672,0.00011875964276815667,0.4549775195751599,0.00870214555583569,0.0054724386986842455,0.29355108959045445,8.334104061413643e-05,0.0009758334635292648,2.5542454616403313e-05,0.0006259834618888045,1.883610784231488e-05,0.9999880392926129,0.9472162073748112,0.4150822322918898,0.4238875831550881,0.5009844517958867
0.4619725335389236,0.0007793198200958471,0.005652392967737421,7.227579276714969e-05,0.0014787290174414582,0.0001334056069515136,0.0019277449562934525,0.0009363221761833707,0.9306575700022479,0.0045328342731595465,0.0027772788115706278,0.7066486837740189,0.0012901775149545692,0.002656290625350102,0.0001838241741221316,0.002065838818385656,9.959182821076126e-05,0.007788862311502838,0.001073938166945898,0.3041219711680087,0.5167311310596369,0.5197710630829028
1.6150579706683023e-07,2.334560335357827e-09,1.3274899972638327e-09,2.0525962465350444e-08,0.0001071066239133946,7.282140537331815e-07,1.0,5.0564546152756665e-05,0.000204905083576281,2.240213530414978e-06,9.103803616696948e-06,0.0001350324360329337,3.243150121710404e-05,0.9999268083738951,0.00404201432266188,0.9990112417576108,0.07697313665717426,0.006121576461114442,0.008556983004527688,0.5308046018475268,0.5383867107879553,0.42373431124004024
0.588331096587047,0.0030183719538536143,0.0002681862885366923,0.5832132553478879,0.0017985932471884726,0.000929446915073549,0.0035153495597686543,0.0005324987522279087,0.006573742802492088,0.5766174238145206,0.3839617386684233,0.004998740795946837,0.00040492529541146655,0.0026731674542770736,0.000706781022605092,0.0013987526902572733,0.49709931927102946,0.00028710666723820184,0.0032313303439666097,0.6114377102737636,0.5151684586332335,0.5626440961935724
0.005950140145415921,0.00015807631301099372,0.9061937320602841,0.006080317208098873,0.4453476264837492,0.0006216401521774327,0.0032239774451780956,0.0008394790326301752,0.00974539929480504,0.0026224562663839236,0.0016495158223903072,0.006174642850582557,0.0005269179664394435,0.002023606096009247,0.00039018856006718173,0.2964801528442037,0.004315761642527451,0.9957735490189835,0.016729145440406525,0.6175596450166039,0.5197973420907466,0.49032605246046934
0.6007197783832569,0.009202386830404972,0.00014311052206557033,0.006017527379020625,0.00021604326245452447,0.00011402530308951884,0.6028131235271527,0.6068094730911503,0.003660084316863878,0.003095856672849091,0.0018855111138802744,0.002229161317146833,0.39430893993052696,0.5010539472017211,0.00012081939192046948,0.00023208906343992502,0.006376183106376816,0.00015164524523748332,0.00975157372832025,0.5539155010658066,0.687208754532019,0.585590185920974
0.0008228634076760689,1.1400737622724027e-05,0.00015819523473494142,0.5723488552967645,0.5687316343533838,0.01254553148560683,0.0009755047719173183,0.5659660238092199,0.0006140221645269129,0.004200690096891378,0.0026685634280983195,0.00039323507438209014,0.3814831023425119,0.0007494566643837074,0.009675852336282906,0.49542566326730053,0.9990864872808538,0.1196473349320318,0.008725938304388755,0.4855635440817653,0.5526231825484463,0.4775980827705787
0.4489807810541951,0.0009680273628494888,0.0004693532567585241,0.002759966715962377,0.00044811393666384104,0.8966436794549063,0.001603302189854108,9.75837864636111e-05,0.00036843532888101413,0.00020974737869475108,0.00013646657038464318,0.00023560774718541335,6.18177602966629e-05,0.0010156666020486572,0.7017176109320808,0.0006428837182371342,0.003911937534310239,0.0006584231274452288,0.0013579799546259846,0.5597252531266086,0.510590893604039,0.5356507750276336
0.0018158377472721314,0.0016204175038242623,0.6024390501252253,0.6151643721365824,0.0012243665560309038,0.004011668500389013,0.5970398797877551,0.00015907750041827603,0.00030989145404435606,0.005379609611286686,0.0032710095058373348,0.00018828691615783858,9.665388503415917e-05,0.38597018990388726,0.002966096344242184,0.0009178114900111316,0.5066505519334454,0.9974282056928334,0.4638343136599541,0.5631783312082921,0.29071296489122506,0.5001305374715004
0.0005309478028238637,0.5771131566674103,0.00294736559476718,0.003325607724693075,0.0008177607020198268,0.571019113177604,0.587260598395378,0.004801673125820194,8.535691579387436e-05,0.0017900567514191731,0.001137288613609056,5.4230432490238854e-05,0.003050693726475358,0.39866252482756137,0.4966110901035157,0.0009145565229827864,0.0036684238956877684,0.0032512412606592097,0.9994143058946031,0.4858563622868579,0.5387061317581705,0.5179432703896236
2.4295867916063688e-05,0.00035531815083823467,0.00019459786683671685,6.579247381782935e-09,0.5697376136940747,5.184114297095888e-05,0.00015819010695720034,0.5757221446469861,0.0005282636906870762,0.5780981381055963,0.39008331763506376,0.0004084730447704559,0.49868720044585896,0.00017283722064941748,5.685892596415053e-05,0.9995565605807728,1.0639339185592595e-05,0.31834241338803904,0.9560710246514033,0.5047282376735286,0.4338783775797872,0.4716901524517535
0.011586826527246564,0.0005657838184898,0.5906266198171426,0.5806192815749945,0.0009160133173934424,0.5804513045642179,0.0024585741464474404,0.0006348797930212626,0.002592875202736002,0.0004448601304672496,0.0002751197374986087,0.0015983402650485991,0.0003938144202039729,0.001501341935238145,0.37756749350402685,0.0006947342706674891,0.4869147751234138,0.9877098736434857,0.030005095217407823,0.46761417420801665,0.3128085908885496,0.419789666824397
0.0003604317882032489,0.00406033015482706,0.5741443463623201,0.011700090686833864,0.5859251063948047,0.5756037637286067,0.008494441369205743,0.0020182985436803112,0.006632056190651938,0.002242940785992291,0.0014179179650951257,0.0041926185495153034,0.0012759367041641238,0.005370123566146634,0.38736542967531784,0.5107709544320955,0.012971112003299923,0.9954802180360928,0.9436355857813935,0.4928375853647262,0.5461964807590608,0.43031742736137485
1.7661593091253317e-05,0.00023299683940856814,0.4376269019396622,2.711516391480567e-06,0.8779116382912654,2.5995640670955047e-05,0.00014411740112661253,0.0034932671081121676,0.00036784384240798156,0.00020821390867024553,0.00013610086596999393,0.0002362810741347017,0.0022403894543179636,9.170475597107021e-05,1.6605122513537775e-05,0.7091146967916221,4.031800348177641e-06,0.9996629127304845,0.9500135104119699,0.5044690675981894,0.4949811988021184,0.4792022585879694
1.2500462884875675e-06,1.3920876019504262e-08,2.622418162879003e-08,0.0011408666359636551,4.250526115617429e-05,0.00013718884334068377,0.4527415176955064,0.00017087646935738063,0.00022986415819415123,0.9009549934626345,0.7035534695706009,0.0003198036036400561,0.00024217462499097705,0.9983337207956595,0.07415297108400126,0.023518120050179725,0.9993159270484417,0.01321056168615628,0.007013859047412894,0.49314595371806424,0.5127047286993914,0.4099683925885284
0.9134920613452834,0.00857080233108512,0.45889581217768516,0.00019395876435642252,0.003741830384255637,0.004900515112155964,0.00434020124319841,0.0015155548929763826,0.00016610527310561361,6.5285632048389594e-06,6.5815478008568375e-06,0.00010343480870801352,0.0009437460130347977,0.002702681996195126,0.003051624455810588,0.0023624155801229008,0.00012078279681426024,0.29635342704601353,0.005972884013002999,0.5445266693890873,0.42450140136671743,0.3789181644282352
0.45174863419596,0.0015866246562986012,0.9298810127728145,0.008493498814547959,0.0011284270673530493,0.0005241952855040347,0.0010228396251045564,0.0027276521052255797,0.00011198063800885643,4.063429173481734e-05,2.8458018011987278e-05,6.808552297668633e-05,0.0016894119503194154,0.0006285461007008397,0.0003233619989286736,0.0007091702897124757,0.0053809191995717875,0.7094116902095826,0.0022121253797488406,0.5376033052786582,0.6686476931891687,0.4217327315396908
0.0022810433108204587,0.0021908489456078433,0.44651621392262253,0.003131591880010364,0.0005684543301690183,0.0011517460269143498,0.9011763644018276,0.000756008517974057,8.632484892942325e-05,0.0002452771511505434,0.0001588487171257511,5.4576424633258766e-05,0.00048232308579875265,0.7071240685150751,0.0016483218805770556,0.0008288253269576124,0.00460282086945743,0.9954655015523973,0.48376000509043576,0.5154709197774703,0.4258539164191086,0.4976049632822985
6.4677517478952026e-06,7.390290024880446e-09,8.534065593887428e-08,0.0006313070080917074,6.420808547924026e-07,0.000383315641457325,0.9231519966342014,3.167974395712464e-05,0.4669591816926042,0.00013207198258754574,8.12729382725625e-05,0.2981300811798724,2.1846830204830074e-05,0.9994906540874245,0.3473761071288345,0.0006564245399829313,0.9934774751246276,0.008399574221735845,0.0007274247511652732,0.6845322495437963,0.5218750555216205,0.5018840904251178
0.5790097818676259,0.5775508308903534,0.017368115535771618,0.0006358401925314589,0.00027136500079315165,2.5942947714724443e-05,0.5787869981393998,0.0007397381719308028,0.00015018376716270177,0.0007763832112523905,0.0004950663746536306,9.597143002614198e-05,0.0004682786151129715,0.39040536738910064,2.008201996707708e-05,0.00021482710465842928,0.0004973069045119405,0.01344538423777978,0.4957918444341354,0.5420338255844923,0.47010588144412374,0.44517259872965453
3.6894016442299374e-08,7.519978183307735e-07,2.8539386042919344e-08,4.987088329076611e-05,5.5003886200663545e-08,0.9040812437544127,0.0017200450839990754,0.44975482714098475,0.0005591639415703546,0.000286120256598041,0.00018311258770452294,0.0003542196134852036,0.2949031982308074,0.0012065514751833698,0.9999639309164406,0.0006896313951751637,0.9906703907874179,0.02432530071463529,0.9676085089923729,0.6108749055397952,0.5382033912116737,0.4732084780316426
1.186386404106938e-05,0.0005062210554017942,0.5814546142679973,0.0042725573930275824,0.007336735699562255,0.5754869758891269,0.004326474245843062,0.5752627805503711,0.006140089697820422,0.00042730887472272676,0.0002713986035015463,0.003885145902863251,0.39027199586816536,0.0033157292396386873,0.48959616657718397,0.008059097044512076,0.004698318895740002,0.9994591716903425,0.9845366373071884,0.4287979855732164,0.5382036332254059,0.5954890203865852
6.451479716780926e-05,1.2968187509331852e-06,0.0022128257113897373,0.594918464638679,0.0024617473893632285,0.002312412855246499,0.004673445530914264,0.5995590022896916,0.0009863607410933502,0.5895587291051714,0.38794039245569567,0.0007434260921347939,0.5024560218085106,0.005000815336485111,0.0024744520012003855,0.002670786238624824,0.9976310687745393,0.9814408998307497,0.01279503816266162,0.6204493801866149,0.6208479318015174,0.4692609494580375
0.0002799232738020724,0.0012840007675139955,7.991742646299466e-06,0.0006601202616106053,0.8746575076093721,0.0018011599267593007,0.0014794206289517739,0.0003669698415244864,0.00045524360501597154,0.4488520406751013,0.2942917527539831,0.00032477742524959286,0.00026344135346883406,0.0010455413223591638,0.0012839258087343178,0.9989322010966818,0.297452630936087,0.004186366248945528,0.8580081967092241,0.45679293452371167,0.5190876916393458,0.435126647338048
0.010868961204359652,0.00014349268612582657,9.518854968284098e-05,0.5696696192723527,0.0007460511705254148,0.5832097446764253,0.5718731230393518,0.0007159407030241505,0.0003888890609962338,0.00013073567694524643,8.591701998603581e-05,0.00024725668149798983,0.0004580479734702242,0.3828514107455993,0.4998816198749806,0.0008253137691157371,0.9870092776240825,0.006322934804344895,0.007815373655346236,0.4758170935853827,0.4283030413689264,0.5709968612349465
2.193626820078815e-06,3.820061755185297e-05,1.7812581707437497e-05,4.4197490363941696e-05,3.0144129594883627e-05,4.334715880812025e-07,1.6053096737445281e-07,8.347167789832963e-06,0.8994911661108175,0.4497037357528882,0.29514353998921355,0.9999512792338481,0.07738529208126249,0.0014956327083123916,0.0040385966465614365,0.2952125499821123,0.5146670347219992,0.2773676125474375,0.9634829399809418,0.48564620026955607,0.5558142938832452,0.4518157941460154
0.005082951876775077,0.9073082765947926,0.0007089765491501251,0.010513289409434313,0.00010835976256863984,0.44663005488012536,0.002854854256849988,0.00010491964801297846,0.00803966064970163,0.006080919607919429,0.003736684551285444,0.004982580216633192,6.543254596548011e-05,0.0017527388910518488,0.2866182153812974,7.669886108050425e-05,0.00739103206010684,0.0005653927591435515,0.9961648153394995,0.668154081296976,0.42527094601278964,0.44419221330101233
6.926096970660477e-05,0.0010401932045554145,0.5809542435451297,9.49874905934824e-06,0.0010909971496251003,4.355861100891199e-05,0.0049788766843543025,0.5789935415672014,0.004980818180259773,0.5751617384838608,0.3868614022150772,0.003870472222173413,0.49868720044585896,0.005409208970830147,4.750649421248868e-05,0.0012122267953478746,1.0639339185592595e-05,0.9988671754952848,0.9560710246514033,0.5047282376735286,0.4195534567797954,0.47065777383823937
0.00028267857452592555,0.012219534098880594,0.9067562749844362,0.43501355022816396,0.001211854173831919,0.011325243202965636,0.007982233048583375,0.00047702162709642465,0.00019592319333132597,0.005740540601514318,0.00362964270679187,0.0001237586165096497,0.0003013194288283501,0.005042176481233016,0.007154172347961276,0.000782938726276611,0.2873205835754486,0.9914190260050534,0.9851171800553787,0.4551315428945927,0.4602598612483638,0.43471033120838287
0.00040496366060051493,0.0022048498540063995,0.0020210258043142464,8.362103562592118e-05,0.5713227099272773,0.5714015617291095,0.0018717110723327748,0.0022861864563353917,0.5839946912918929,0.005770071924793832,0.0036204638571113125,0.3942673503239191,0.00178775260416954,0.001440893328956548,0.4909071296233861,0.9965481353910625,0.017069632375091955,0.4917490901565822,0.8764402783022869,0.41118453378069336,0.5327416943939326,0.41849592680705944
0.5584020830837731,0.0061895311390051,0.00414736675910899,0.00024091752407870643,0.0014051628913933339,0.5770348167114303,0.0009286274507775698,0.0002651207056690919,0.00033089235285664424,0.5794079072798022,0.3918032530325719,0.00025949241157694554,0.00020759026016307284,0.0007214178273658278,0.4997780708971115,0.0015782778716254488,0.0002727806382779147,0.004594208020353644,0.006798105201394268,0.4862865763172472,0.5455009293104256,0.46309984354426836
4.2244891875347684e-08,8.353678945803458e-05,1.756013830824156e-06,0.006857247816397899,0.5727132518697216,0.006367772053893326,0.0013658787909256076,0.01072682202996521,0.5774625452313727,0.5789685121862023,0.39198265871026394,0.49200498836607925,0.011748350878070534,0.0014843954405209514,0.006947050942626538,0.9923159633385805,0.9924759926000447,0.013380312680869321,0.9996745962936474,0.4807195019724841,0.5456714478151815,0.49866020070771117
0.004480887303354378,6.864241830008383e-05,1.0674896089252915e-06,0.6006939731528644,0.00021600380846905858,0.00011400447970164862,0.6027030373344889,0.6066986570820793,0.0003813829474820475,0.0030952725357218523,0.0018855111138802744,0.000232323291872277,0.39430893993052696,0.5010539472017211,0.00012081939192046948,0.00023208906343992502,0.9952506543628064,0.00015164524523748332,0.00975157372832025,0.5539155010658066,0.687208754532019,0.5844301656945655
1.6010357107582008e-07,2.00103149659501e-05,3.5217268993558794e-07,0.001801288168805402,5.366114789307106e-06,0.00012231395574596895,3.1846487994538734e-06,0.5886628962565954,0.5780126313809903,0.582898548708334,0.3901950346385592,0.4971864542693345,0.9979871811790659,0.0010893042770305714,0.042028678765884564,0.0018812345591494722,0.9931391034166401,0.011202703469895716,0.994851701291141,0.5486632273972499,0.5457686104615364,0.40604821571420874
0.438425226599331,0.00490283817832784,0.0027423480166663674,0.0013567003755646674,0.8814576196765651,0.005609178515587792,0.001644471310097205,0.0002674492177591965,0.0025099525914306048,0.00010962707470120667,7.307268688933546e-05,0.0016057380819796783,0.00016949571674440903,0.0010421827993725413,0.0035684995182941534,0.7091146967916221,0.0020091891311082247,0.003939390616422067,0.007043174366057676,0.5118897799647192,0.5564377053595594,0.5347304819697506
0.00878316365846595,0.5595600983905349,0.005041052134730168,0.5512408551438404,0.001464284757893369,0.0031348040443515196,0.003429686692707526,0.0006992221922987563,0.006385604989910933,0.5741112567252737,0.3839617386684233,0.005134896427639127,0.0005424576652868825,0.002660512621561334,0.00242021917249401,0.0012201781096657061,0.49576112615394075,0.0070022137983540116,0.9895717974669865,0.608716185989771,0.5151684586332335,0.48948079121652416
0.004528053976702686,0.5825066658138429,0.006768155381690911,0.5631010308949008,0.0010182146523336519,0.5948901699066435,3.06094291598837e-05,0.0007968359066258924,0.010524668131011267,0.006213800605977006,0.003935230881788641,0.006665531442736322,0.00050467429223731,1.9386419596530732e-05,0.4031908784009078,0.0008111339801339073,0.4891861431969806,0.007396340257649468,0.9950514031834943,0.5088030489432847,0.5072663240757209,0.4285141817074486
5.241998101681712e-07,5.483000517397622e-05,5.391488221966757e-06,3.949165170655347e-08,0.000501090824542442,3.474970607313674e-06,0.5773848238735763,0.573103658246451,0.0008806440486399709,0.5741453499909717,0.3865813083359196,0.000714363324730384,0.4976610520261005,0.9994031064823621,0.004067071713990271,0.9320844999657267,0.00044309092664668315,0.0760729931485386,0.9935137485868288,0.5292802326846796,0.5674844123341306,0.4716183042518363
0.0038425577327785743,0.5876659550887716,0.5690842200907522,0.004031724445567275,0.005469198517632965,0.02069703459082323,0.0003922401229836016,0.00025351184905550965,0.006353433318985836,0.5792525718475792,0.3921237992645565,0.004989202050994663,0.00019721368955705199,0.0003051341685621231,0.016164406700648448,0.004352643511149241,0.003234568412189942,0.4897674365004247,0.9957926401631666,0.4794124258421667,0.5343700403692792,0.5321235765474835
