obj_0,obj_1,obj_2,obj_3,obj_4,obj_5,obj_6,obj_7,obj_8,obj_9,var_0,var_1,var_2,var_3,var_4,var_5,var_6,var_7,var_8,var_9,var_10,var_11
5.898910060514692e-05,0.002409479312197253,0.5831466089153049,0.0005656083898702225,0.5711543930902188,0.0004476905522182218,0.5821297397277763,0.0006019622763974286,0.00014883071930208114,0.0013049897076088427,0.0008259618073418011,9.4198423048772e-05,0.0003961081487442843,0.3973066210686758,0.0003520661831129512,0.4933891634821049,0.0006284387002927613,0.9973687762058494,0.9840174776635083,0.541964988727844,0.5123150448290977,0.43736040267819065
0.000579305556393869,0.0031707454008826626,0.892873451876215,0.004347645084655501,0.0011756207194196454,0.002558522671343637,0.0006154030475270993,0.4541058544231,0.002542672628014004,0.0006082943422441657,0.0003865858521196116,0.00161593220659062,0.2995252942539065,0.00043878075792661974,0.0018394246489108258,0.000838216078992622,0.0030998701094955283,0.997701803138379,0.8849564038042497,0.4782726317181608,0.5051806097307926,0.46500238900650487
0.5758541451543677,0.5916032667455291,0.0030798899165326754,0.003144796181065551,0.000784168619244069,0.002608560501401568,0.0002534906043336557,0.0033131293943837255,0.0009922289146200888,0.5747424764622635,0.38344025293905765,0.000755626710768975,0.0025926679018170615,0.00019491773686544552,0.002003024112145588,0.0005971786249366435,0.002437404454472769,0.002345438211623274,0.5005205234603143,0.5744338855951082,0.42278588956016744,0.5544744338012809
0.577979832483969,0.005009616493681388,0.0011897474480064188,0.5860788550310149,0.5794066036522176,0.00019394886367945244,0.00287023064832947,0.001720823712481548,0.0004551916018881555,0.0014237954964503967,0.0008950465072228282,0.0002861478373286338,0.0010998829013795998,0.0018218360704210384,0.00012293722322939996,0.38776908055653847,0.510016236785926,0.0013103772993465768,0.005517742016709227,0.40270605128092135,0.5103682977613675,0.5559447138968119
0.5987906809245346,0.001527799707802299,0.0012660940012849022,0.5937675002957157,0.0034014887510552183,0.0014123426402648258,0.0011217134680983523,0.5986758712264609,0.0008610642389156538,0.002202958044965344,0.0013560875936500145,0.0005300511324088011,0.3930257007477889,0.000846817100502789,0.0010751086267187762,0.002567896968887552,0.4973154664047368,0.0013460517439244008,0.001624316861808271,0.33676940674414024,0.5848442670594804,0.4814556863137427
4.4958642175598216e-06,0.0001793077898713464,0.5818965757483207,0.0007823802481268423,0.00026827228295693204,0.0015853777137059492,0.5839118358336512,0.0032206288299693564,0.002301243539737996,0.5763459347469058,0.38843731107955604,0.0017771781455974732,0.0025288528310607964,0.5011052547636569,0.0017489304352399002,0.0002935046505335593,0.0008711625558737294,0.9998037654579688,0.9840411066615645,0.4848177695755952,0.5134463422617509,0.4262681639785298
2.3540492502214902e-05,1.2782653668667606e-06,0.002262791991459597,0.8748923896767398,0.0009742811660530575,0.44103934134007716,0.0014613672396868633,0.0005134631002829659,0.00030603407470127355,0.0014098265312601436,0.0008891648271123532,0.00019301119319056634,0.00033668005732516844,0.000939807479792922,0.290429639145091,0.0006844532012162949,0.998410308116258,0.9931977733423435,0.03367226999625861,0.4750762056059989,0.5105343604306106,0.4068942145748244
3.748777989761899e-07,2.3492841008218444e-05,1.350537610243939e-07,0.0012299147102783614,0.593196813859744,0.5967131330868142,0.001920354782313743,0.0013751765345326949,0.002128461640959532,0.5859092309706138,0.3859868969695403,0.0016036967965659217,0.0010361341959846393,0.0014469042236954668,0.5045229130576006,0.9986798185904375,0.987839477219311,0.0036591801479045893,0.9898422559539313,0.6653145235932194,0.49401243280710216,0.470995913126092
0.042562477163335305,0.3233974400050053,0.6145154746298793,0.00033245845850418123,0.013364376929362355,0.005726790288526487,0.0011049960276966078,0.001743716234079851,0.017962647057124644,0.005874265998021029,0.0036412224474786097,0.011134413546897674,0.0014949789195656737,0.0007589735339654912,0.0051184971795366335,0.011074902866211768,0.00034488387598391977,0.6125118969186396,0.9033380372394145,0.5061588656161985,0.34310429189591357,0.4511182846880008
2.7731949265792786e-06,3.0366921802129683e-06,5.030834978698527e-05,0.00031732971428119304,5.986412246425087e-06,0.005026820141920819,0.5734850126637292,0.5647413026112533,0.5780196575530057,0.00018604260308847646,0.00011680931230963571,0.386162958348257,0.5046019150127108,0.9944704998781702,0.958285545692587,0.0114930815893044,0.9029874945357322,0.9474676787433663,0.520808869199559,0.41233356851419695,0.48217227629337134,0.42290701581008106
9.602092074632432e-05,1.5716905999642261e-06,7.901857633001667e-06,6.402093733899677e-06,1.6243933201734102e-05,1.209825932507452e-07,0.9298933620363016,0.46245047396887295,0.0009877593679989713,9.190773449925749e-05,5.63390350575288e-05,0.0006054922063302674,0.2937986110192869,0.9999329574055222,0.0007930551934688772,0.10609102737578763,0.04223508553387692,0.05226378413020598,0.010419400078186057,0.3597878159051287,0.36302035148241063,0.48922745809989715
3.0211549026772507e-05,0.004860533025065719,0.4533747635261616,0.0013348152677241751,0.000481217937952911,0.0013073362008122443,0.9078271475727906,0.0036725261188206575,0.0012071728740976346,0.0014973126190982252,0.0009461659661647275,0.0007628279567541557,0.002359577179545874,0.7028130647386606,0.0018509006886459696,0.0006756733220453051,0.0019074869399292324,0.9931750345013778,0.9960430260797872,0.5740290717808396,0.4945053470677216,0.5440909871714178
0.00031962115496359515,0.0037610927522886053,0.5833156849451638,0.0012336024364508744,0.0006374660598070418,0.5848688938447185,0.5840924738428424,0.00047787389902343965,0.0007406442025062339,0.008216013644292244,0.005169942686361355,0.00046606210303594794,0.0003007097897780516,0.3918228242524813,0.5008388779192877,0.000695702075017376,0.001346300313421983,0.9958804763556117,0.9460291327816228,0.5205065849384904,0.3957244137064812,0.520640879395215
1.4988781142196674e-08,1.4794840057480438e-07,1.6448701389875567e-10,2.113426943372461e-09,2.994588987100189e-06,0.9066921904739416,0.002974463466735697,0.0018099510259870927,0.449733215616397,1.0258662287404581e-05,6.409816419346647e-06,0.2910341080796692,0.0012537121467408204,0.0020712021747978683,0.9999979122090251,0.9684093942655136,0.009047076541096053,0.0007041677418713502,0.9357228292991672,0.3707369849504197,0.5042147947993308,0.4535399706082489
0.009097126336575913,5.626563686607808e-05,2.4591855783882295e-05,0.584721732164721,0.5765616717021158,0.0025984444715567516,0.002063391622684916,0.578236383613911,7.479041163161702e-05,0.0004850632735858644,0.00030745585011634596,4.7405672889876994e-05,0.39055465693635355,0.0015995577190410963,0.002031128835906207,0.49548914162857827,0.9900959749223486,0.0017208800912844845,0.003937438471995817,0.5400932286454612,0.4531353102590676,0.5238946033274672
0.5599140507564581,0.0002955522504434618,0.0013131791797882254,0.008026140350461885,1.9794499201951505e-05,0.5665853032670988,0.00268078368265726,0.5475704661268023,0.000981672353770936,0.0020793954645574155,0.0012901547304545076,0.000609068121373477,0.39348646912143215,0.002098466803102211,0.5080188874239786,2.201701319231012e-05,0.009842516535812385,0.0015604834718451598,0.0003741436329032788,0.5450416244317382,0.4753221307019375,0.3469338736312234
0.4546102743695024,1.663624423524011e-05,0.0034272857730109525,0.002767872645854317,0.00015353089127990806,0.9201527757658233,0.0007222717499206546,0.00019083682151403375,8.011153407006277e-05,0.0012128668891492837,0.0007473246037910641,4.936161126879203e-05,0.00011955563590083354,0.00044935538888417846,0.7099461922635814,0.0002149903073070138,0.003944673999498438,0.004799257292942227,2.3296812882518908e-05,0.5430649836383841,0.34773978740764994,0.590340937274938
0.0033870363362123223,0.5823980323637424,0.001204570373051256,0.5859641086216474,0.5832530158931399,0.0005039562026211784,7.611309206699198e-05,0.001553282691612526,9.997027784802656e-06,3.5602533136154136e-05,2.22787144497544e-05,6.255731008343613e-06,0.000988260507784583,4.809080620023752e-05,0.0003179786630224093,0.3886729793703008,0.5075371955174421,0.0013166645920019578,0.9962976724759693,0.40270605128092135,0.5728837493646968,0.5507250589897186
2.7419378015970315e-05,0.5920978522585054,0.5776626765544671,0.0032420427068216027,0.5864909962321455,0.0014752948617724416,0.00019887538473894312,0.00042249518089619993,7.73770618259014e-05,0.0010282901523091272,0.0006449746828883496,4.853278285079293e-05,0.0002784049245560401,0.00012719450527510113,0.0009329937029923038,0.3935210354515044,0.0025844236652837168,0.492144756532387,0.9999697619878595,0.5730647835958345,0.40421569947104813,0.5213753687875186
0.008775067837922102,0.5977143499155245,9.182733869281864e-05,0.001030411024410142,0.5988222517520789,0.0012467378964340385,4.018304518764537e-05,0.0009760051964736264,0.6027438422313084,0.000262138915338018,0.00016064019584901851,0.39404879209912225,0.0007304925037647446,3.023348333527952e-05,0.0009458570895964915,0.5005547476792848,0.0010973566459849564,9.779212653065724e-05,0.9906544343617798,0.581818626796236,0.6700008734671945,0.44284831590459006
0.005084996875638056,5.616886492355131e-05,0.5838867074498575,0.0003050573287076452,0.0006938882977268998,4.270598150849624e-05,0.0014962772623394764,0.001603602580979366,0.5807169985467205,0.5849408379524651,0.3931883460115866,0.4982715156419015,0.0018297158120305084,0.0016635536183513384,4.6949084933192655e-05,0.0007587804536191474,0.00034450659245932987,0.9943132446781591,0.006855818172727679,0.47579208387825916,0.421065077875046,0.44275370899592986
0.0032626607677974915,0.5845418441127611,0.0018623738019095564,0.0009662096884847723,0.584868613433282,0.0001916934890997385,0.00012652188255372128,0.5836480478699478,0.000586235241407288,7.942192907318728e-05,4.9677681056455574e-05,0.00036668299487207877,0.39627915508143297,9.8353315855224e-05,0.00014881037239296519,0.5001727582134454,0.001070947585573622,0.0020282143727543,0.9964467024160324,0.476266188305838,0.4216904683171786,0.605341390625429
0.0021429587472660966,0.5864488109973249,0.00798318687199945,0.5863675498114413,0.0028348188921382663,0.0021050142057675897,0.0011944912913760678,0.00028421869362754324,0.0009821772429612508,0.5758503649162587,0.3863728473281265,0.0007539261120497988,0.00021816836071390436,0.0009169006580769237,0.001615827868609508,0.002176041430827169,0.49992427582420124,0.008665559036849624,0.9976737205153678,0.48397363792981785,0.4153351554448041,0.4526052536596803
0.4558391810428652,0.005936970535272144,0.0016379788954843778,0.0001754093218183159,0.9165982206207505,0.00021248044972895766,0.0014998112592978776,0.0007407065569768436,0.0010169613851243994,0.0009146184890575724,0.0005687779639022556,0.0006324226789205826,0.00046062694894552503,0.0009326957424149212,0.0001321364623694963,0.706177874674716,0.0002449522788462346,0.0022873786984571633,0.00829103617456145,0.5277213930543957,0.4129893378470888,0.3760172267915694
1.1681075527307917e-05,4.9119347945077454e-08,0.0002200930142997485,4.395143979055214e-06,2.9020825003594653e-06,4.4922068535293706e-08,0.999178023397296,0.0003289058146581007,8.839277684918225e-05,0.0001655126534739884,0.00010444206992923675,5.577749296399354e-05,0.00021102182249259984,0.9998608860134665,0.00013080031552207465,0.008380503873939155,0.01291895804983223,0.9662431299691869,0.00267699569033069,0.42104603296329823,0.5335254509292153,0.46109216013162785
0.004242333451552229,0.583197306790017,0.5836307408572512,0.011533697220594878,0.00086258531495559,0.000902220452988024,0.0002804097944167681,0.0014184130790415106,0.5779072813914466,1.5386716000679815e-05,9.723455967096655e-06,0.38895389655964807,0.001112646046995458,0.00021439120085073294,0.0007018611553887058,0.0006654856315185223,0.009056587906580925,0.5002265714502085,0.9953691435626639,0.5443704870647059,0.4570545771760089,0.5599581716496709
0.5604491346580519,0.5857722423343921,0.001715779969670765,0.5895603901881725,0.0008851508390092249,0.0051258469131350804,0.003977315627603598,0.0014115283935582177,0.00023272356593999731,0.0006423482424179783,0.0004054450398868287,0.00014689256552834193,0.0009058636282668431,0.0025348140540398865,0.003262333456953311,0.0005587051092398753,0.40562623690776956,0.0013473253661765387,0.5140626071392453,0.47514192029739705,0.4229568761020197,0.5452307634066571
0.45152554983505777,0.9008515727750117,0.005186202529927617,0.005108130007469856,0.002133735262280235,0.0004801289036880562,0.0021379765002442195,0.0016440294053911386,0.0042625674675193514,0.00019624169528172173,0.00012397486177628459,0.0026928669259119412,0.0010560105107954982,0.0013506651630264444,0.000305847690411321,0.0013440048975554657,0.003227076615398335,0.003276411884466942,0.7042121253572678,0.4488444010112132,0.5107014829782403,0.4294045702124488
0.5833845490326947,0.0001016005063119394,0.580241861400188,0.00022135045784452492,0.0004744123656785042,0.5781108243035387,2.3142511870928195e-05,0.004163111549583021,0.0027575822126467216,0.004495285756883455,0.0028457981128986454,0.0017457364865604672,0.0026355459769518094,1.4650941198565757e-05,0.3899116158188351,0.0003670590198013228,0.00017126175022058165,0.49828063558896024,0.00011087179229214532,0.5410328649074136,0.4681596108450519,0.44592096972808937
0.0006358094145660569,0.5688604133227968,0.5772022828702973,0.016110227071534897,0.0006308167251690974,0.0001683166832282903,0.5645862916055028,0.011051802625464829,0.001001446381726703,0.0008550348537658897,0.0005411400070847994,0.0006337960265089003,0.007348467331673769,0.3879400492477978,0.00013214707089502186,0.000488315503932713,0.012880111433261975,0.5154436706236493,0.9992701879444362,0.5219388624085957,0.46484566240174696,0.4353331702587463
0.0005852677494680569,8.528491656982495e-06,2.196207933953119e-06,0.44168481535310256,0.00041626934692077665,0.0018339581019309844,0.0011714984301169858,0.8978082199214831,2.6663042942405852e-05,0.00013830532315020063,8.799730443297704e-05,1.6964465782600324e-05,0.7089377864064839,0.0016885115225328815,0.0026433458780189697,0.0005999866341378166,0.9991563328198343,0.0023886407833385755,0.009276134170641038,0.49543103067770977,0.49688668839827826,0.47666675757552357
4.79442625477514e-06,0.0002052772412275818,0.00537437998392193,0.5729343494133604,0.5833683041154063,0.00012169641341017623,2.1101023530398028e-05,1.3230735634454662e-05,0.5791036533285185,0.00013832676430491347,8.73785514589609e-05,0.3896920517931548,1.0382783494494065e-05,1.6444275090879445e-05,9.470904670770791e-05,0.5001322125298903,0.9941283914073207,0.9756886503027231,0.9851339131495808,0.4931262936261791,0.4782730928332157,0.41457587958805464
3.753971900011232e-05,0.0013717658292264818,2.899273079212423e-06,0.8977149058971136,0.004882599130528553,0.00026164886900731046,0.0006104960202870165,0.44777546006600455,0.0008388441554419767,0.00013758018154796608,8.730638062677258e-05,0.0005323183563998915,0.2945489705242212,0.0004329298266110439,0.00018554685828193833,0.0034624855232250084,0.9990268386370282,0.001345011691224865,0.982582621836851,0.476012447925983,0.49400696772507663,0.5509356775798442
0.001301372638537468,0.002552662183724225,3.56843504974947e-05,0.4503445484272947,0.000552967829350048,0.8902064636225809,0.0005744010313152573,0.00024289178568258666,0.0022019205755652548,0.00027472309905646186,0.00017415053085614862,0.001395827105336143,0.00015316613226311874,0.0003641217974920548,0.7039606068422908,0.0007816783086469423,0.9959493253597578,0.007928030182553695,0.6998562947358717,0.4769542970551288,0.4765569295537654,0.4435256809785862
0.0011305969326500642,3.772555254484079e-06,0.0005010465235251517,4.326025176895207e-05,7.273383276658733e-05,3.922095458640288e-05,0.0012670082730505815,0.5752849923924584,0.5768253463207198,0.5801926882901474,0.393031230496767,0.49885026654395265,0.9980503252496611,0.5068142428309592,0.020304561398664545,0.03737692111610692,0.022260941155414382,0.26556701169363056,0.0021242545635245247,0.5143068471321133,0.49284840298800475,0.5445763857857298
0.45052224906614613,0.002024351687349797,0.0015827603088187617,0.0010593222302843447,0.00048347908615378965,5.803589084872615e-05,0.0009503900148791879,0.9047876158408951,1.351785225079445e-05,0.0009076025893960934,0.0005687779639022556,8.471393066970053e-06,0.7074750420867904,0.001342942165603283,8.26905710639832e-05,0.0006831748668082334,0.001496864023996837,0.0022364855822238016,0.0028605343216841403,0.4765826538094528,0.4965780820374341,0.3763139248959758
0.008219327584318646,0.5849327905116393,0.0011979073992294793,0.0001517098198171263,0.0006051977577831149,0.000742251467281324,0.0008770704300046371,0.5733965653909363,0.5808516266103654,3.015078000090134e-05,1.911457938532221e-05,0.3926692890404397,0.49362739820730206,0.0009544747882849626,0.0008144897598779035,0.0006586078124699579,0.00016509811314880329,0.001303606495912081,0.9910549724822302,0.5422948993007378,0.4529158106381701,0.48659547907983625
0.5881109046309314,0.0012950205469426984,0.0012484827232835873,0.5816898110482326,0.002079921938699044,0.0010769768351998141,0.005214150165302382,0.000987652310245957,0.5899552289182268,0.0010933922980209604,0.0006753318201236391,0.3879531738970915,0.0007689494821489038,0.003965556244447221,0.0008107558433342087,0.0015666718200075067,0.49404561623311666,0.001317660764639883,0.0013667497761736085,0.331670623489697,0.4530453792760691,0.4867166921831669
1.0537659860310406e-07,4.683234376061404e-06,0.0012147275403038866,1.0903616346496968e-05,0.4526489736173072,0.0010087443346711495,0.0004910289727904028,0.0004854530807195491,0.0003227389827192149,0.9040734376250192,0.7037551650095114,0.0004526037329926956,0.0007322035010880705,0.0007021530750207113,0.0014949575746327887,0.9981735291996985,0.005680406955333367,0.9976895549141848,0.9851995019710107,0.3978903883229734,0.472690051298871,0.47831422739550156
4.55172979646324e-19,1.434320729183856e-20,4.308307452776535e-19,0.0,0.0,0.0,0.0,0.0,0.0,1.0,1.0,0.41910050692102896,0.009409763952802535,0.013096077263333544,0.022841270495423505,0.004125167360092677,0.81686113546766,0.27436984251629765,0.001808195653392981,0.4690395311953491,0.49372105814987705,0.4501750265923208
0.001921690174858061,0.002161825332661729,0.001401123884789891,1.4626756628104416e-05,0.5893580775618075,0.5756240488426371,0.000987891406938366,0.00010322258717871195,0.576391528100688,0.0003100885609838815,0.00019561346643947672,0.3870011303760324,8.333977959853298e-05,0.0007741391984970404,0.4941845033805212,0.996506590810878,0.002973493206474942,0.28435075153512723,0.5293696479135573,0.5328965419307975,0.4123058852573852,0.520101085322787
0.004122699877048866,0.9116348625685436,0.0012287515599991134,0.002911762179780735,5.5621811818851775e-05,0.00046134790069486155,0.46156357873676274,0.0004241353818240328,0.003311267307199864,0.0011578323753920182,0.0007199247963619003,0.0020588967379698373,0.0002681389787522118,0.3008540154851068,0.00032485112616757045,3.884183857833534e-05,0.002069428485060345,0.0008580434790142696,0.9971210268815651,0.5433760923153764,0.3632487136805737,0.44278682330062197
0.816663125727541,0.4216165736077322,0.012758696153465058,0.025859773885457935,0.0010917560006234036,0.002658069353965302,0.003723963353151472,0.00517027804655179,0.004160991201855307,0.001976116937617412,0.0012397690707336194,0.0026104712593011115,0.0036383979453764445,0.0024210059277942984,0.0018187000266321148,0.0007264308871200414,0.01824485893808799,0.008886085619333295,0.3658411006151579,0.5614710218129736,0.4371865082692338,0.4162751838693598
5.721714040887875e-05,0.0006117612361506811,0.8968365871110509,0.0007558441382106778,0.00016537592098837315,0.00032612058973839543,6.510711150671104e-05,0.0006249430176717628,0.0005282771605293596,0.44974150033198,0.29592934260361026,0.00037501232433095996,0.00045855277091852486,4.6666071473784224e-05,0.00023342409592332157,0.0001173945333145939,0.0005460693811481095,0.9995637493881078,0.9391157046198049,0.47608768839869603,0.5516558845068377,0.4966619701836572
0.0032918870371558824,0.9050636262402403,0.004214081697354404,0.4640602746042881,0.0030367430239901386,0.00348402870669168,0.0007202299589679374,0.0018877657396878128,0.00018636250210394905,0.005762908915706863,0.0036069680123930158,0.00011664435277085848,0.001181553903197609,0.0004507929927799263,0.002180663331048312,0.0019007162264584512,0.30161689281840853,0.002964134809571014,0.9976845040788094,0.57241148098744,0.4461059843806274,0.40515923771688006
0.0014188029971200662,0.00026972408068945045,0.4491165171322431,0.0013304266490870413,0.0005121703268523435,0.000251229654548679,0.0009603782636350732,0.0001901220747040487,0.00027731562242494284,0.8978019154301862,0.7047118663506116,0.00039309524058206446,0.00026949832629011674,0.0013613387545213108,0.00035908693168241134,0.0007260022090390696,0.001885879663505778,0.9979528094344031,0.11959863008257113,0.4771496862692616,0.4474053124899006,0.5240843804827349
0.00031335123642643796,3.5777921796227375e-05,5.459650229933516e-05,4.3958793089140166e-05,0.44975077174058803,0.00027503430792083614,0.898584589652382,6.20832406683794e-06,0.004726749487131039,0.0001620405097470798,0.00010265886940666345,0.0029945878458804698,3.933254635685439e-06,0.7045735439136348,0.00039255473520300664,0.9995426785281962,0.08688809405430445,0.10912167537271672,0.07237479124835372,0.4818715471631632,0.4936946722999813,0.4329514225889253
0.0004840473553075948,0.008755316003938569,0.45144048434439377,0.00043918263825627345,0.001754935518231702,0.0007634017635018446,0.0014778664894890933,0.0001961021724743625,0.9073043877288655,0.004320114986260396,0.002713783703559019,0.7060328795798023,0.000281127148526435,0.0021039615962482583,0.0010853255576013798,0.002474391020258704,0.0006302221997365593,0.9876357201955906,0.9648395920539798,0.43125079486123635,0.4156372959804072,0.5400572689601257
0.005355288137939552,1.1140807707567162e-05,2.9295192581229833e-05,0.9155734627576284,0.0009434611882112795,0.00013481493103519488,0.4551352456457191,0.0006176402209324155,0.0003011373122627829,0.005655922302241425,0.003521476283829544,0.0001874952842880069,0.00038455758133110375,0.2936845901858071,9.290830203828788e-05,0.0006559972087225095,0.9962763368927279,0.0034825393953875497,0.001324381600474378,0.4799132077039313,0.36354794523112166,0.4410770509318287
0.0010802399258833216,0.00575399463066385,0.5758008682864839,0.5858260461448874,0.0015862090227674712,0.0023584122542181295,0.0017206293405169298,5.8687221398739046e-05,0.5857405526595671,0.00018938039892300336,0.00011949993923775834,0.39434387037961216,4.548217726002581e-05,0.0013334764222507087,0.0018277591696898728,0.0012293091883763935,0.5054776270636405,0.9935273230189882,0.8818578428690496,0.5199449446065717,0.4943864924194054,0.40797191412867506
0.0021032904711855535,1.774590382936436e-05,2.519920084055612e-06,0.5810016493611427,0.001050175924881054,0.5746476998172049,0.004882703975384822,0.5777696431580407,0.0004317103109268207,1.9918760331872107e-05,1.2635566444403092e-05,0.0002738576233327408,0.3905519241909806,0.003788152801707398,0.49914054069492114,0.0011507018382664348,0.9976952827778953,0.0007626841936615204,0.0053711696451878566,0.5358044534113653,0.4561287401665775,0.48093556177156543
2.2242090563522595e-06,0.006919267977037546,0.5776213759415947,0.0009469729869896974,0.014890265393293207,0.00022147406759924298,0.5851040760069419,0.00026472099075923873,0.5818147403320842,0.00183304658487355,0.0011507710620340117,0.3890172371387966,0.00021317147576998472,0.5101891871112935,0.0002460291446789067,0.01645517909437594,0.001080997913247194,0.9923743707334628,0.9997901038066228,0.4190239140466114,0.5833788050175616,0.4764663926432953
9.359293929040848e-11,8.164169000858484e-08,8.876269372755307e-10,0.00013183974368308446,1.229845911281062e-06,3.2700453543006535e-08,0.4489350084313533,0.8956741043140294,0.0009278531126474764,0.00037148526390702114,0.00023604965609029234,0.0005895777592472989,0.7042087429116173,0.9998130342833509,0.00015789506708105544,0.005938432093530233,0.9996057500423203,0.006921197047964146,0.9992701879444362,0.5393065157692716,0.49133094733851834,0.5163078591681372
5.787599732329474e-05,0.0010216115646155934,0.9924237184326082,0.0002523426837709826,0.0013911630056660182,0.002181732861862179,0.0015597756849575423,0.00015939386874768173,0.0009198151390821285,3.257076136643141e-05,2.0198519767197597e-05,0.0005704112031744965,0.00010505891561262152,0.0009863060426634931,0.0013761939553121978,0.0008652161050912808,0.00016208166443081138,0.9993596320298486,0.9633878143680739,0.6479819950744404,0.4741531800115721,0.4367300583073719
0.00011371264800638396,2.196424777352539e-06,0.0001094118931880924,8.075254124760625e-07,0.5778430146215195,0.00023039016864940596,0.0007007524131728738,1.653122641932119e-05,0.5791228677412996,0.5823847776527162,0.3938458077365627,0.500703787650082,1.8117319995449466e-05,0.0007720316525124296,0.0002559408057591664,0.9998261290121226,0.0032574619232952798,0.48766568840740065,0.012295149526222682,0.4547065585067154,0.5083869310048656,0.45418889868753143
0.003672843297849883,0.5766549692625819,0.0012424187009340989,0.0010594573282291147,0.0010284111918386085,0.5833483801767508,0.0028047815374586302,0.0021101678888976526,0.5755946710678288,0.00457160039774497,0.002896127507179089,0.38827328928790616,0.0016581525071115485,0.002148163502146218,0.5063028963839844,0.0011353168012836153,0.0011903620815648423,0.001371578133577911,0.9959452864919798,0.4492501418907416,0.5145921760246845,0.5461862941758092
0.0035378976007240377,0.5780745320868927,0.0003322565305670234,0.0009662239047006681,0.000695117138499772,0.0008327168235886691,0.5834988915477956,0.0003268640043031273,6.01945307922171e-05,0.5839977098707156,0.39347701794402784,4.665490115904813e-05,0.00025758442148938766,0.5029642920572232,0.0009246640270169587,0.0007632338719577663,0.001064050744659665,0.00036589339079843956,0.9961038582594,0.5778808891461547,0.510909768457746,0.4595333717052235
0.6024852579081095,0.002379908401268375,0.0006751412743437432,0.0012658628023987802,0.0008624154747684005,0.5987910980141589,9.034194444687813e-05,0.0016616853198231265,0.5972505939664048,0.0008877976491584586,0.0005427838136322457,0.388887002369156,0.001233717912654293,6.742773672392655e-05,0.5006812176307651,0.0009112667837331001,0.0013375630488471559,0.0007133738280818969,0.002514732611432971,0.5236714756602106,0.45571373795172415,0.696869987361183
0.005868630285265144,0.5966817719144012,0.0021722424777910303,0.0012818972030755331,0.0019005657699258268,0.0009765695035433878,8.077243372204362e-05,0.585482827811368,0.003208060839544672,0.590855321727119,0.3916860698881662,0.0024430047563039035,0.49394943414231396,8.617343139152096e-05,0.0010505523620737635,0.0020276512831129243,0.0013676156314952747,0.0023174764158546473,0.9937387662564324,0.4471645564387469,0.35992027156259776,0.5360141646637987
2.2978626739382153e-05,0.0021645283276803266,2.529092036723321e-05,0.5745851516378746,5.239756767163805e-05,0.0016645278923132292,0.5724595753493412,0.0024688743488176512,0.5788477896644847,0.0006084074070046877,0.00038518560353055644,0.3905011020778524,0.0019435444350552984,0.4962953107392737,0.0018271522645527671,5.704200279327276e-05,0.9976433264103877,0.007437517005636829,0.9932419055404463,0.5712754642226086,0.47964128005784373,0.492418942506113
0.0003387164079178279,0.010884214792919242,0.5690577809757116,0.5778449848710666,0.0007463998910246968,0.5898142917097587,5.83082993815999e-05,0.0003917669931036202,0.0009807672303420978,0.0012423538741961808,0.0007863844355439115,0.0006208058678543297,0.0002495432261362605,3.690791633308312e-05,0.4027913225455211,0.0005858561970967834,0.5048228865208402,0.9878189409020981,0.980194816385845,0.4756358103071222,0.44000461458712037,0.5394757304902738
0.0006805248671252957,0.003806095390681321,7.452087372916769e-07,0.56872150651488,0.5790670542882208,0.0019429499205028298,0.001955838139943719,0.00019164528657746033,0.0007805066010279107,0.5759533430338183,0.39027630794215096,0.0006068858889692636,0.00015312299093996767,0.0015355154610935395,0.0015232780568303337,0.5001322125298903,0.9957441558401121,0.00012260182917029315,0.8845342404922479,0.47845328596517595,0.47636443914339927,0.49719946366940987
0.8828359688393149,0.00035842336192018904,0.4459031198535828,0.004962046217224041,0.001983843717347239,0.001835966028965811,0.0021374833846018633,0.0014010962792022946,0.0019243256530458333,0.00019497973308643413,0.00012298318702989646,0.001213760612551888,0.0009134572650563818,0.0013612800104331872,0.001167629095758127,0.0012512860416158656,0.0031853139252578672,0.2913059389873297,0.00025199302078145777,0.47086316530720607,0.5111583710460477,0.4087045617000163
7.535275583232753e-07,0.00013391763495291753,0.0012074400534641996,0.577825539537659,0.0013450582169334652,0.5756308068995515,0.0008882423239381675,0.00032624286801860553,0.010358856885000507,0.5786733554780912,0.39156676685245095,0.008051541588266126,0.00025358958429814093,0.0006904336637530673,0.501430523780953,0.0014819175365041568,0.9986615631156109,0.929677365012884,0.9964179080749788,0.4849389785106601,0.4503146025309612,0.5132294062059977
0.0009440127859946621,0.9920987415723705,0.0020482854351389604,0.0003551765705991897,0.0019699512224662986,0.00015516437389471836,0.0006767032786021039,0.00030661268274416106,0.0008385658916899038,0.0006067861864996246,0.00038585768569642084,0.0005332422711040066,0.0002072293622660464,0.00043878075792661974,0.00010036197899775162,0.0012563210973888538,0.00023393025100310874,0.0013473253661765387,0.9993843767964588,0.47672599886336803,0.4805859445342854,0.5143970726354935
0.00031952545026716527,0.913873562048113,0.0026999588661266046,0.0012929213042462025,0.000797003065981792,0.4614097602440744,0.00013410425196259477,0.00046448302782312,0.006856282388293395,0.0033735841384717625,0.0020978016770978637,0.00426350127327732,0.00028883781959248016,8.339246039854657e-05,0.2976536269481459,0.0005552026557270063,0.0009006662506778025,0.0018808314017248536,0.9997774131788321,0.39437558593426186,0.3936866234055267,0.536389770974379
0.00382568414656833,0.8947607670994571,0.0010775484885410156,0.00034035376839146666,0.001765762717867494,0.000141059127055088,0.0018485802723386974,0.44817416536723215,0.0006273855247794553,0.0006065521923029586,0.00038585768569642084,0.00039911086828841387,0.2956153168358527,0.0013152421513816632,0.00010036197899775162,0.0012563210973888538,0.00024215834940092016,0.0007666653443408574,0.9972780530629621,0.4767087208760938,0.5039999855204951,0.5134652850212005
7.693087957207558e-05,0.9401292480133905,0.0019473397639517688,0.001508206408825122,0.4641949345164785,0.00019498876068397994,0.008334906427459009,0.017775598522668717,7.319565375656901e-06,0.006165122727649541,0.0037426425786470773,4.443517669553157e-06,0.010859625265995456,0.005060684047902362,0.00011937969647911334,0.29197777417720494,0.0010212922639245626,0.001318641286872712,0.9999479053633176,0.32182654160973345,0.40630961690680356,0.4096473418606267
2.5373301402944203e-07,1.382373976517558e-08,2.6045601952191984e-07,4.437457227341898e-09,1.30342010329834e-10,0.9215200611545105,0.005601535810529376,0.4608193192522942,0.00024185727219700628,4.223301302834637e-05,2.592190654802462e-05,0.00014844788654662334,0.2930872259673092,0.0038377179818680583,0.9999997506797014,0.00022802209274630503,0.0077631175762786775,0.5078464586444187,0.034649720263348116,0.619977105299389,0.3587694682898917,0.5535348184806932
0.5813956487642353,0.008568042485731576,0.0005704203224484959,0.0034566604160695025,0.5894645171789054,0.0011540835983176643,0.0008776675126066944,0.5806200126518726,0.00024437488923084966,0.006468621501184717,0.004049598911080421,0.00015298916016403858,0.39431433105590863,0.000681365103633137,0.0008866886415391322,0.5043472974793214,0.0037859191388504862,0.0006245311868982887,0.009381204828132622,0.4065655697492317,0.4225570224844979,0.5467248068597694
0.00012137296735226501,0.0002691338523619606,0.5737004228966167,0.00013372166367713989,0.0012819279734578874,0.5786178065071618,0.002371953762662902,0.0011540469781653527,0.00021442600194182185,0.5813580099503735,0.3945216523204723,0.0001675302839614218,0.0009016531824799681,0.0018532036821778365,0.5027158387025956,0.0014225180488035478,0.0001483872747500216,0.9996723844129576,0.7302861946914374,0.4978422488311336,0.4975358258011516,0.4692245572894068
0.5920646871426878,0.023342470907554036,0.5893277466771194,0.001039051060811306,0.00047173527649915976,0.00028226761427402276,0.0019742893425964483,0.0003071255616088448,6.375636890101133e-05,0.5622800048989497,0.37704284323454873,4.8568702805656364e-05,0.00023396393303520835,0.0015039873249481032,0.00021682001582099753,0.0003593613802895115,0.0007915325637032392,0.49827265399784926,0.02508609745391921,0.5562827030524151,0.46815243067519063,0.5553463190649268
2.1377056739125636e-07,3.817757822844741e-09,6.741920553772926e-10,0.00663993288151116,4.40244393053355e-06,0.5961351201062184,0.0036102392193415804,0.5939273879542899,1.1040613922879446e-05,0.594244849485732,0.39141713764913044,8.352188889478668e-06,0.49879340277833273,0.0038551310680350606,0.9929094284944364,0.0004220949956556903,0.9999795008548629,0.0020074519380701168,0.011368271122668965,0.41317525115096965,0.6487795762575761,0.4770753130518968
0.5907761115158308,0.004235550274841921,0.00021407848902916423,0.5939515903950736,0.0006792997166990688,0.5785420014385814,4.4297231645442424e-05,0.0010557144448053407,0.00016657974696134635,5.327806315957498e-06,3.302628575611215e-06,0.00010325983930928317,0.0006653794595557193,2.7725607798151364e-05,0.3845788553042609,0.0005116331829391452,0.5072986444705877,0.00023068009104333653,0.004564150378276732,0.5344423375555513,0.4973820511087759,0.6606332013649319
6.358769855488828e-07,1.8920283858406152e-08,0.00011732530144382316,3.3043843711653133e-07,7.121403261256296e-06,3.612888119066001e-07,0.5935510640184654,0.0013570316719372102,0.5898099745744354,0.5916521189766076,0.3931702348639425,0.5008669424956832,0.0014933176163428818,0.9998727828348329,0.00197304187784263,0.03859336364374248,0.0018248001760185078,0.996548156859761,0.018936817086501356,0.47579208387825916,0.3661656989265259,0.443198520801054
7.904117355567834e-05,8.459216948017067e-05,2.322671178761817e-06,0.0028051703392511637,0.5780408008798563,0.5759795087347709,0.5783137789597552,0.00013086567066438587,0.0001458305304521877,0.002362965302439601,0.0014999029284016863,9.256675840909993e-05,8.359114348421669e-05,0.39125676044913565,0.5015015228926931,0.9969079488592163,0.9737354357532484,0.012770154711078157,0.5215881924380151,0.4482143322979056,0.5082828529770569,0.513751122632168
1.503261952327788e-05,9.049954987744399e-07,1.2236575968911677e-05,0.00044617180906449377,0.005796669956756607,0.584963500975488,0.5822546514075534,0.0007499326246767537,0.004527607878344624,0.5813134077536894,0.39063164162683756,0.003492170307576686,0.0005784332794729253,0.4985068316157768,0.9936729578620365,0.9510495212560304,0.9723302259331348,0.4343878985153662,0.03827965617431872,0.5200856228016515,0.4063684659831441,0.48061959619424
0.00617124424424617,0.0005847540386949566,5.498190258543445e-07,0.00040755170343989105,0.5735194151245547,0.00413417616719973,0.001247669174581479,0.5845939595907055,0.003029331176747995,0.5743206486783655,0.38933682580764284,0.002354780493917158,0.5060598487791178,0.0013848221489249637,0.004588682195746386,0.9931045073873164,0.041795023503952415,5.6465893812541676e-05,0.06014311038052467,0.4924274249396693,0.4944419225954267,0.5142948243431653
5.200608086636948e-06,1.2370707556291607e-07,0.0002784778145035097,0.00032024788731879137,0.9061250491060187,0.4465628110195722,0.0003491994602533069,0.00036573207237886876,0.0007824145047088262,0.0007096137588893755,0.0004464744272004409,0.0004922792707253145,0.00023396453266378715,0.00021970803429892922,0.29360228296086993,0.9996987872356089,0.5498306707664272,0.9881089256580968,0.015140458918306177,0.5145233474490082,0.45059758107629516,0.4042194176431032
0.9030598458296977,0.0019795973323606985,0.0019456229354318743,0.0004863086046784726,0.0014217859654651903,0.0003475054350082227,0.00016469834902823032,0.002356907192169582,0.451015533140207,0.0045612440742087085,0.002876633406114845,0.2948746263877552,0.001661507838837955,0.00011610479262879865,0.00024497542416266433,0.0010022944850738363,0.00034282576326083696,0.001371578133577911,0.0013955318579428888,0.5130978667066062,0.42143904685588507,0.44435513083331074
4.956411343294387e-06,5.06817794470607e-05,7.237057205409909e-05,6.217173828191638e-07,1.4896729583210355e-06,0.444171845629548,2.318375786163641e-05,3.7711467602751426e-05,7.306552576266405e-06,0.8982021168730746,0.7055478021482231,1.038639613585874e-05,5.631939520256337e-05,3.3604738145222367e-05,0.9998741843911598,0.010746681282897052,0.004632460031750288,0.6095695259642623,0.9363564468513559,0.5105456211637751,0.4442385628716131,0.5209030505348954
8.091267856254615e-06,2.255005635462473e-07,8.123840883555555e-09,2.2562553344741822e-07,5.3815120261931275e-08,8.388329680453515e-06,7.609412129831869e-07,1.0736346292090686e-07,0.8948566006305789,0.4475226601532269,0.2952233843699764,0.9999915486843286,0.005981922572537946,0.04161296405337919,0.5057993201899222,0.0041251241031995435,0.017916322402573293,0.000622953642803963,0.01729403681638836,0.5149709679565234,0.4937744723430162,0.5158656267332017
8.790379262039179e-06,0.004004594729446789,0.8994926867080111,0.001414784847764727,0.0042835791545116735,0.00044308798472815074,0.0030300049968089863,0.0009345273760743866,0.4482946765879973,0.00033800806183316423,0.00021410390204986118,0.294337441355508,0.0006613967795299361,0.0021444423235099817,0.00031359032764404285,0.0030316646414812925,0.001001309240536872,0.9971657429559841,0.9986025751330917,0.5206547393340137,0.4365635997987804,0.47576172184654786
0.3985969687190581,0.034062895610750835,0.6920456489354851,0.036263482421192816,0.004573818548993876,0.0029438097424898755,0.026457043702996636,0.0001779777404786165,0.009355236936314371,0.004321109979226266,0.0027262621694503332,0.00590232950398456,0.0001373794441367638,0.017645087442822227,0.0024854994095684993,0.003203371715896129,0.03159733143667676,0.6366199916529862,0.051929928640823395,0.5415637116360226,0.4164604554334556,0.5183137209987291
0.00017866908024883287,3.190873629457036e-06,5.635010390690349e-07,0.5855423941831354,0.0005463097653349044,4.078598024857114e-05,0.0036466169270765367,0.5890847146672701,9.559315660231959e-05,0.5940010189189353,0.39141713764913044,7.2345257764701e-05,0.49879340277833273,0.003933385776169874,4.393350877767376e-05,0.0005836099439495664,0.9998091023492989,0.0020074519380701168,0.011368271122668965,0.41513539841479674,0.6487795762575761,0.4790389357917438
2.208109608707937e-07,9.189253973262061e-06,8.44185338170295e-05,8.239376527126074e-05,8.703609954728299e-05,0.8911423142889419,0.00016693234682946348,0.0002857826770367797,0.00020653336643834062,0.4539298432111558,0.2977993050479676,0.00014632839084107254,0.00020586629425222965,0.0001172057420346928,0.9998953495562679,0.4011422988490989,0.495999057330109,0.9309533892717969,0.9847054574608975,0.5677921368578811,0.4558719820087751,0.5126193050330717
2.9784278810022963e-06,0.0001057160171390671,2.4968537386500274e-06,0.8936160964886602,0.4535921186666589,0.00022563090009015458,0.0001874389291328741,0.0002123249306636799,0.0006400251737756341,0.0015857176673308559,0.0010073400142676658,0.00040658154543404416,0.0001341747823017617,0.00011907243327965035,0.00014452896087252315,0.29902308296628116,0.9999246357935779,0.015026980460661532,0.982068714856097,0.5418695426484705,0.4912422696954143,0.5177238475128314
0.00038027419124370745,0.005034355420787845,0.44190795643379277,0.00024486271477188907,0.8995770012556703,0.0027263735498949957,0.0031691089450507273,0.0003325755802424645,0.001998373720698463,0.0008802328360848033,0.0005591081554834267,0.001269326392311806,0.00021478361014116006,0.0020324979168813853,0.0017461550034612282,0.7093003513753157,0.0003589992520605491,0.9927269259991381,0.9520035837862035,0.543094995168102,0.49035706459009687,0.5177014271472619
0.5928743156499909,0.005376609797106255,0.0035484802118430215,0.00013619224914688467,0.5962757760903064,0.0034980090255408002,0.0007036643767824491,0.003401863972353074,0.0005115861023259245,0.597837632347,0.3896404356990968,0.0003824097691046354,0.002643771363092005,0.0005363474763356875,0.0026364302983988173,0.49374689940793615,0.00014767865633854552,0.0037147462333152895,0.005628682358404802,0.3238476690192875,0.4148411181225112,0.45243081795993445
0.5868968482299489,0.008638743384673929,0.0014968894250274817,0.0012500792992644128,0.0004664688873679121,0.0002933358617893791,0.5805858846660953,0.0026406845006023295,0.5882112977434583,0.0004962272158120637,0.00030799489348864225,0.3888097028939512,0.002055831433496802,0.4915416139475193,0.00031277503967364084,0.0004932847884837424,0.001345402181559331,0.001582909112134095,0.009135477064054,0.3564526659648538,0.431650799341704,0.479625861292917
2.322590913885082e-06,1.3387825614585945e-08,2.179539102154266e-06,1.0429441413168665e-06,0.000644984498750549,0.5716956394079286,0.0006773184571350904,0.5806703910364897,0.5784862544715974,0.00020970281161450011,0.0001329443535267911,0.39083228953965704,0.5043167095551717,0.0007480048893775157,0.9992876966795285,0.9966919821172109,0.20145223836185333,0.47976846701862874,0.003669550589778449,0.5050168825209617,0.44602636044970784,0.5353329675450453
0.003001052942965758,0.00029524356484648815,0.0002245359295003616,3.7376645808717736e-06,0.44739419342776193,0.895471579869017,0.0012027615261034038,0.00045872451431304304,0.0010050985250743402,0.006099864565720744,0.0038792861891103203,0.000639213166186924,0.00029173543755981043,0.0007649215556189649,0.7050212622229823,0.9956972181776977,0.0007868906772923118,0.047315130554845874,0.06242975405058457,0.47904321675796663,0.4957831229153969,0.47586583150990674
1.3606006071803838e-06,0.0002628767710285981,3.5315501387653196e-06,3.0949004845100975e-06,9.807708485838115e-08,0.5730132842261259,0.5792979795929712,0.576522456101526,0.0008706136162808191,6.248286007179218e-05,3.974198190756734e-05,0.0005537504873117206,0.3907768522551605,0.5008305255502403,0.9997103069602735,0.0002374759934910466,0.00749389481620624,0.008551729193552463,0.9967050068845463,0.5197364525244177,0.4828514313959077,0.5147740781531238
0.8978567233864186,0.0024095753720094516,0.0026439885120446913,0.4445382757428241,0.0009348491840834144,0.0033537287302748417,0.0006672451342915417,0.0004112628587037222,0.0019088581452017398,0.0033011339422245717,0.002097593201493631,0.0012129240314792279,0.0002613244124932395,0.00042398058172905416,0.002148787648056748,0.0005940233582312072,0.2926691205033403,0.0018746603888640492,0.0017084911722046602,0.46956601787268587,0.4824808528747521,0.4742475737641635
0.0016644599109032552,0.45762266617603625,0.0021307444536668063,0.9085411044143963,0.0030727853135344456,0.0035272739602246832,0.003479684138576884,0.0018408012078109297,0.00018639528371091618,0.0057639226250793445,0.0036069680123930158,0.00011664435277085848,0.0011519561051485418,0.002177560271950804,0.0022073546573351953,0.001922948017254094,0.702951999189215,0.002964134809571014,0.9976845040788094,0.5005825936471227,0.408749981309055,0.40515923771688006
0.5831570232515291,0.0037352945584375502,0.0018612435625226997,0.0018037023288944869,0.0005775713970574575,0.00010610437650839446,0.000800282121178114,0.5742030238348866,0.5835508385029026,0.00017385572629793067,0.00010951082122085952,0.39185476982613165,0.5003517928334182,0.0008736213999801443,0.00011679268334483027,0.0006286380997644834,0.0019689978095898016,0.0020318036973373445,0.004077696548240837,0.491183316900094,0.4045384994743254,0.4614554171906646
0.0020570315371980525,0.5817864377862065,0.0031401844523311845,0.0027355422527303294,0.5812813679868171,0.0032107246467247613,0.0011102547919542409,0.00026718306878494675,0.000983474129321966,0.576602698393684,0.3863728473281265,0.0007539261120497988,0.00021816836071390436,0.00087516245019742,0.0026009928115837133,0.5002791385935014,0.0032584436885357716,0.0037116635852592617,0.9976737205153678,0.5396982797620571,0.4153351554448041,0.4526052536596803
0.0008228994383277494,4.965496808221748e-06,0.00024205491087004382,0.5858520598761728,0.0031152349631607384,0.0013904173830436416,0.5869705913244315,0.0007531341371188693,0.0007806310982558454,0.5865491292225535,0.39189397667173276,0.0005992447150521829,0.0005781371607250705,0.5006014121066974,0.0015108798518012933,0.003385153849566995,0.9990678936568798,0.1821211398394299,0.003841411155160553,0.3881543737137901,0.5102236247044526,0.4437257741863179
0.00028371441799809145,2.0776222942483407e-06,0.9204480822989745,0.00028699367891556936,0.00040525992445619946,0.002537553896105894,0.44564024375150724,0.0002486621026134134,0.0027899109487923624,0.008077096158944197,0.0050366210497096164,0.0017397459645532981,0.00015765841008785452,0.2847964990786456,0.0017696864351184442,0.0002802939136908159,0.00020202122767127727,0.9998037654579688,0.004661846693885863,0.503196902249618,0.4557354883784167,0.3622632986867923
1.0130562615966003e-07,3.6452095393230645e-06,0.0011340126842012048,0.44786169058210745,9.43843856305771e-05,0.00025029566394399396,0.000958132096434654,0.0010673080220403991,0.00027654311430271223,0.8953009410322805,0.7047118663506116,0.00039309524058206446,0.0015171383477980977,0.001361952484292432,0.00035875231049772204,0.00013416408486571188,0.9983880559061702,0.9979528094344031,0.9823119794489416,0.5221595847737703,0.4990775950245486,0.5240843804827349
1.7654611122606937e-05,0.0006555178381137057,0.5732869353084568,0.5718528274830544,0.5773290145775282,0.006996539925578252,0.002064240039133739,0.00022056623361252643,0.0018296501971699552,0.004933144957270427,0.003117636290742452,0.0011562963922376272,0.00014587122820960985,0.0013302316473168176,0.0044582794334369034,0.38984608355313793,0.5104013285981075,0.9992717881792809,0.9824186453321123,0.4754197062742951,0.4355764277801253,0.5509428464133476
0.5738845589213145,0.007311630778260507,0.0002905492837537468,0.003188054374049395,0.5780950906448277,0.0027098969555228686,0.5853463480677255,0.0001602298303547592,0.0009357332887017172,0.00037635401087293696,0.0002380631957199098,0.0005918965692738438,0.00010305067576930478,0.3995774847672769,0.0021162124543984695,0.5022965772779908,0.0035375312729190016,0.00032228359487633496,0.008110477745269231,0.540178913878156,0.5270291298522314,0.4360699763644968
1.9564294568358466e-08,3.991456156865665e-06,3.9836531203048665e-06,6.080259448931482e-08,0.0002602125824824751,0.5719728023652768,0.5689804603083229,0.0002369653373980467,0.5751510127602371,0.00021005566985567625,0.000133334496434168,0.38880103726469006,0.00019289205232269724,0.4991129477421939,0.9997143693491908,0.9860073618808454,0.0069885032412758735,0.5101874371129925,0.9967994902647405,0.5204842248561992,0.4953815742431852,0.4500773535860019
0.003939735584664532,0.45603507226349127,0.00038308452155191874,0.00014844735138517138,0.0005687397599530649,0.9067252087668071,0.0007411954937728153,0.0002254069148377365,4.6366635259927774e-05,0.00027692671905990557,0.00017255069299362987,2.8890657756090428e-05,0.00014044914406367875,0.0004618326992685733,0.7054394387038988,0.0007939227124345165,0.00020722207201140375,0.0005347524311092406,0.9945003130743456,0.36631084171177636,0.4451355972810044,0.5287854860964716
0.5736605874240375,0.00023415866501104717,0.0016026147785874725,0.004360134576050665,0.5739144993153104,0.5824566868387343,9.955562711705339e-05,0.00021877393405839821,5.845008647538162e-05,0.0001934986653210282,0.00012297714622082825,3.714749557171969e-05,0.000141368795772378,6.388592798147927e-05,0.39883784710961084,0.5001322125298903,0.004924437702609752,0.001778460212707389,0.0002598577458648792,0.46708157476169554,0.4791279197090554,0.5130974095033095
0.0021915837617756347,0.0021645336778274744,0.0017891111239117722,0.8808352739029283,0.0007226562894350517,0.0001649032982196195,0.0002800718093670333,0.0003711797676547538,0.4494509028362823,0.0014543744907787202,0.0009232795116360902,0.2958588400117788,0.00026800588297546253,0.00020082180532167123,0.00011807917269732009,0.0005131857401811566,0.9974703788529045,0.3349835037856916,0.49604710234636396,0.5467787078340679,0.47554001621088177,0.4941481926659817
0.5661172814071064,0.007000099974369156,0.5821536395848808,0.5759152981912408,0.0008200535130921934,0.003791173606846162,0.0005881349087261879,0.004010257427165063,0.0027417313212214204,0.0012336329132574587,0.0007841851356908005,0.0017428349186705738,0.0025919074637408596,0.0003774922400858332,0.0024300114585387115,0.0005212880654740854,0.39801981219666543,0.5088593677709472,0.00787147587004805,0.5207940322745105,0.49779676305740606,0.5324801781904658
2.880546126583976e-05,0.0004114383868434327,0.911863901775711,0.0005135554486977712,0.4582418464598727,0.002845471914759397,0.007656166628655754,0.0003369643719909481,0.0021159451503132594,0.0001719781931595442,0.00010434263056096537,0.0012837749961577827,0.00021478361014116006,0.004736579402900093,0.0017560970695377038,0.28862797122366823,0.0003589992520605491,0.9997216350653152,0.9543632002923816,0.48547663937623997,0.4939310699894798,0.2785659506944339
0.8986197874810169,0.00010538260744176017,0.005301157960417022,0.0016522160011300815,0.0010321608965438837,0.0002064677448371231,0.0033157777312617176,0.45624203954454423,0.00010961059069221471,0.000594078185996771,0.0003752643065377695,6.92382722006649e-05,0.29907708416051076,0.0023489782384898145,0.000146267477526086,0.0007312115832374562,0.0011704770971293136,0.0037555180175306846,7.465743820485836e-05,0.480725517592799,0.46032901573461976,0.4233000458070901
0.0019562148060531196,0.002209181009332899,0.4473759327953616,0.00021933193179437887,0.00295453393554447,0.8958599214529144,0.001212388780664539,0.0004908647647762942,0.0007610308071418281,0.00018759897774864464,0.00011926652933435764,0.00048382733196651817,0.0003120686344172354,0.0007707797769472634,0.7051366927609785,0.004204173944005241,0.0003121043978138883,0.9958010385036946,0.5386147547919089,0.4839474275029889,0.5100391065359833,0.4682885216312468
7.09662790288247e-07,6.946534362389228e-07,0.00039039848547019705,1.6096655445730344e-05,1.7310564728530188e-06,3.3047290791539872e-06,0.000383232588458285,0.9036772196523799,0.45100608314016405,0.0005015081351368624,0.0003161182829037024,0.29469782511836795,0.9996144265234083,0.49381155960700684,0.005336477188940021,0.002820349747259922,0.026233396748068682,0.998380660105177,0.49319591507848004,0.4086418502369135,0.4702101749384874,0.527135517438583
0.00010465971181452886,0.0029575424677898417,6.588236688379155e-06,0.5809549302193603,0.0005830799540081251,0.0024610715709866325,0.5725380528781202,0.5766919770766842,0.0009834278987630232,0.0015620483858363927,0.0009809870264782773,0.0006176033697742173,0.3926624083756637,0.4928266888966566,0.0026718731354483083,0.0006277996982086685,0.9968136301275563,0.0014172177148465805,0.97748110196063,0.5601702258722359,0.46495712736608535,0.40589173607364404
2.5479704111555456e-05,2.5426073934733204e-07,2.687767977109008e-07,0.0006358116096010266,0.4513902511587014,7.212935948308454e-05,0.0017488554114569682,1.82758795276326e-05,0.8994604916606906,6.0383839936374055e-05,3.811071458450491e-05,0.7009840488044796,2.7408744634318865e-05,0.002507541116981621,0.00010628716235656715,0.9990404245725734,0.9754144998307204,0.007018486472334315,0.006146865280901515,0.4474900267276131,0.48097348943704477,0.4254245038023606
0.5892003477840073,0.0034183887323937065,0.00044454802178225136,0.0012243084914888521,0.0004574236559232198,0.5696289960366705,0.5762320582598464,0.0008813815499187675,0.0007491858067014284,0.00796511876950521,0.005031627282196719,0.0004732741352253087,0.0005661101196602521,0.3918228242524813,0.49188340193501884,0.0004942312315949179,0.001346300313421983,0.00048030762985560205,0.003693465543792518,0.541782729026917,0.45571122358665084,0.43613312294970785
0.5628785023397442,0.5690160889038973,0.011315607093384004,0.009876390872951425,0.000919946868095155,0.0021978468937717353,0.5842660451207679,0.004940004799402627,0.00414020389998514,0.0019516897254456763,0.0012349707886655623,0.0026197823942951896,0.0032840323312001707,0.4034573966161821,0.0017555453754414514,0.000724512069314265,0.008033107277355511,0.008886085619333295,0.4953833098726732,0.5614710218129736,0.4809252145288811,0.5440684749854754
0.004027178080420925,0.5831064121167812,0.0018621778309866619,7.367213838365915e-05,0.0008749034927257109,0.5764823185272436,0.0010625370826792076,0.0002708941453080834,0.0009977594983854574,0.5745795461739459,0.3878969015317911,0.0007715026483405122,0.00021777438691677147,0.0008377657416409141,0.4989944865515751,0.0009552008120045897,8.33110573834183e-05,0.002033013274806508,0.9954904435875949,0.5269881001433325,0.462465699266666,0.4570217914651791
0.5992711759277064,0.5967222785174995,0.003255300080317882,0.006746620738772088,0.0008772226347811228,0.5999952215778288,0.00018720460606136692,0.0004511844808151886,0.005074550006706808,0.0040578902716097275,0.0024843472576810137,0.0031067864724186878,0.00028085688845771865,0.00011572545393889223,0.39531194065373854,0.0006603287839108379,0.005168692939688734,0.0024504458464973617,0.49864349499502486,0.5372426604031136,0.46419636705747314,0.6928148303900481
0.00019549305169310266,0.5784603473833574,0.5756284611647747,0.005442609458858867,2.1818278486021732e-05,0.01065321497968234,0.0002525918869688495,0.5842603747008482,0.0021983995223544485,0.0009025946359281228,0.0005712559846721556,0.0013913778469081541,0.3974279857423606,0.00019702922270271,0.00837929994840636,1.70203063814691e-05,0.004245773222887883,0.4984327269460007,0.9997848518598318,0.49660087728311475,0.4526162111745757,0.4398839221200272
0.011774639345710356,0.006856477741051233,0.7902421361701872,0.39351037583526244,0.001489811678044828,0.0006470098784655509,2.228633577226844e-05,0.0006124905466612643,0.0015712083810053405,0.00015670731670403107,9.964699313425657e-05,0.000999079169147581,0.00045109405826153706,1.4757895691885903e-05,0.00047415283495571767,0.001038482296089103,0.3073417203447971,0.9886296783630567,0.38266027422387217,0.4833903700018237,0.4971745799422048,0.4703338305103189
2.2525734058424696e-07,7.314760899021404e-06,7.442819674232537e-08,1.251125687796177e-06,2.2493302679237962e-08,3.411989076330645e-09,0.4532654237526738,3.592594806623379e-06,0.8992121850372413,0.00019710128332161902,0.00012460736883371733,0.7027635613449932,5.045866635311003e-06,0.9999895717263446,0.00029498980772350424,0.0019286258834823322,0.10778856996398378,0.006474247182492079,0.980401558778274,0.44931839868999024,0.49749917139191874,0.43354151033637706
0.003399297202746117,3.3054908375641246e-05,1.7371465686555506e-06,0.44074676405473634,0.8984141005362872,0.0005106847066979823,0.0001522986465144922,0.0002222189132400646,0.000768565460982077,9.235261025832067e-05,5.8751854706751237e-05,0.0004889374619435654,0.000141368795772378,9.688768781470638e-05,0.00032488182985421037,0.7096393128258804,0.9950898800217753,0.00032531709033540093,0.006190322222852929,0.48005612726898994,0.49383585479548314,0.5165239689196796
6.323924938391464e-05,0.005977059282611652,1.1800750496227858e-05,0.004686595721178861,0.4448765559590243,0.0005524441977536882,0.00047880901847420135,0.8961500737649805,0.0004840926965933847,7.746557602251952e-06,4.929003586793927e-06,0.0003080200075321477,0.7066158097937498,0.0006850765971088781,0.000790433805168427,0.9891316889133922,0.42331428181065234,0.0012568322519044299,0.9932646051362093,0.4810273700884384,0.49437864996664077,0.5117295918106468
0.0027428313255674313,0.00033638467596297083,0.5805329783061705,0.5798831808871385,0.001328996600393765,0.0006294154783105792,0.5810234533673506,0.0006866438333186668,0.00018693955417665298,0.00014172958640803777,8.974178637804944e-05,0.00011836829303694813,0.00043751573034966917,0.39224930922756795,0.0004924065422870936,0.0010311107359754336,0.4996435753736305,0.9969696165741698,0.0776880341930345,0.45277706446341487,0.49944933027922833,0.44355516672600614
0.005865796841739978,0.5854994981835153,0.00033855654259209203,0.009053384686969064,0.002360795805532475,0.5955813532493265,0.002794104569152228,0.5907429130162236,0.0010009626489333166,0.0021043089358907786,0.0013057601060326276,0.0006211155990478111,0.3906201172877033,0.002120620770251269,0.5080188874239786,0.002566464488259837,0.009842516535812385,0.00036809130334591455,0.9936222733466137,0.5447973090055674,0.4753221307019375,0.34724203470970005
0.000197479583947095,1.2364065180654952e-05,4.083168229647488e-07,3.9458231499130325e-06,2.6053991330990294e-06,4.032963170563633e-08,0.8970308582366165,0.0003677008334227789,0.4436011992733901,8.255381242182917e-05,5.211087455246296e-05,0.28993474917136514,0.00026277613083686857,0.9998608860134665,0.00013080031552207465,0.008380503873939155,0.01291895804983223,0.0013136997102228386,0.03980641313560032,0.42040276474344335,0.4739110522021939,0.46109216013162785
7.401579229607582e-07,2.19925428075473e-09,8.285859478486678e-05,0.5770279279889925,0.00012291603820465628,5.192667996395503e-05,0.0005127239509220642,0.0013750208650074843,0.5793596756124256,0.5769270582364121,0.39116834368006825,0.5012844601085982,0.0015170296165753,0.0005656779588920646,5.776708468846481e-05,0.0001356104454338912,0.9999085817895782,0.9943132446781591,0.0018916033771840465,0.5222475076917755,0.49901303821558046,0.5153240288397902
2.1744803342317233e-05,0.0003841347956684682,0.572334160893081,0.0026340483657462063,0.006847188890628903,0.5715447564752668,0.0002713669937635677,0.00011608639940944283,0.5773622889519304,2.1437307521028046e-05,1.3500580429607213e-05,0.3870011303760324,9.356813953946791e-05,0.00021229313785015112,0.4941845033805212,0.007383866653909808,0.0029336427412297145,0.9995862980068154,0.9630789093502773,0.42532441506980323,0.42721739734550107,0.5015266683729481
0.00024437293454872294,0.5961444092824719,0.595104099091863,0.0019885037244442893,0.0019286155664307765,0.5979685842925643,0.002063531778976296,0.0011926855473305838,0.0005775193279892549,0.00024338109737529238,0.00014998951321223302,0.0003559103394839352,0.0007350217317579977,0.001271703499545973,0.3930044421962948,0.0014575929726909492,0.0015028587667566607,0.49944401716165837,0.9997390353229372,0.31945273017421205,0.5015755368263745,0.5203442694137521
0.011661330988845336,0.4634969603077832,0.006665197639627445,0.01205836237060005,0.002899955227628579,0.00943532043187295,0.9285711070363434,0.00042569931385704835,9.930858581666676e-05,0.0018006635880212691,0.0011043435523376277,6.0905827907998655e-05,0.0002610808495861056,0.7050150119441525,0.012947694122633358,0.003980061527651228,0.016551654454247333,0.009151218810582729,0.9839863716799867,0.6472111396877028,0.47772839070665624,0.3740633838230902
0.00017420532802546704,0.00011744668151011778,0.001864490326547666,0.5813639763439911,0.0013304070771680454,0.5791574873619015,0.0008936842613955065,0.0003282416393401393,0.5813939996549679,0.0005397065694452871,0.00034069695079406233,0.3911655859068981,0.00025358958429814093,0.0006904336637530673,0.501430523780953,0.0014568500128865503,0.9979454100158719,0.9285633248994065,0.3776364821533118,0.560180961252334,0.5551970579257776,0.5426251646865445
4.807932066965118e-09,2.861540446437264e-07,2.759707499427633e-07,4.887545099886411e-12,5.7174533745771714e-08,0.8959591289603105,0.4489108307945865,0.0011154120920831706,0.0008838174875318819,0.003579610093431163,0.002258972933951478,0.0005577502222718387,0.000715689985452933,0.29358907763303854,0.9999997169563,0.09092788567584811,7.965161393032154e-06,0.48841950056747047,0.9893045933861148,0.4087960555055714,0.5071291823490145,0.5207976485673675
1.662557995621772e-05,0.006357381580370132,0.5707527252201415,0.0010871541737460435,0.0010177526587224226,0.5749124068716814,0.00039006955553673304,0.5715638174262413,0.001878949890540477,0.00019473357683939108,0.0001235553039346632,0.001192158346608163,0.39808567130736394,0.0003082109894657018,0.5049306212375514,0.0011351583426133889,0.001234085309272328,0.9929092428745941,0.9982924026115947,0.4470067708689088,0.5145725561294783,0.5185958013188922
0.0011206213526457687,0.5836940280444819,0.007132466307009462,0.574641378444444,0.0001437160275643076,0.0022703563894568516,0.5842812248951995,0.0010826958404016758,0.0009286040929349811,0.00014545660084138438,9.172252032592907e-05,0.0005855596637932398,0.0006941620023872649,0.3973059155609603,0.0017628982713042592,0.00011167561365897871,0.4951167010678915,0.007778756519388358,0.9987777694508537,0.4479699429008708,0.5660163630374134,0.5500736329606327
1.7183108307310498e-06,6.885227631787034e-05,7.305479183126842e-05,0.45508833666939835,0.0004970060095810315,0.00012506782027883946,0.0009704879920955686,0.00020433715311912268,0.9074734737553585,0.0002691509168371898,0.00016878291703001217,0.704075851632308,0.00029063374144247924,0.0013576086838130445,0.0001764138184894592,0.0006932044839284676,0.9998595483696828,0.5187436143791359,0.984115555415026,0.5207285615041948,0.39370601183560056,0.44115854374619246
0.0008433336990496907,1.740485176600278e-05,5.052245985772143e-06,0.0004406754969456434,0.0001316167995447086,0.998346309570547,0.0001013558898267132,7.468075072786247e-05,2.173181276214379e-05,1.7838882844481508e-05,1.128138001313587e-05,1.3743283970736662e-05,4.722840196025085e-05,6.409786584644862e-05,0.9993924135972783,0.08748723851057055,0.30648153950599033,0.0038129425907762315,0.013136798254580084,0.5684632277553509,0.5104095184853317,0.4567476114887044
9.225345603958037e-06,0.009595866034469819,0.5797712716031738,0.0018720726595172206,0.0029605766646075607,0.004288011529413943,0.583337471959211,0.5819991935297001,0.001202974096907089,0.00013534469250808806,8.55129192562796e-05,0.0007600582628462818,0.3920273970193482,0.5018938269969987,0.004707648822894318,0.0032503806852090533,0.002055346964124706,0.9894641845177679,0.9993879619006881,0.5713297118511941,0.4945287120316133,0.5498550929667015
0.9941445412388881,0.0004059741018105967,0.0012449184871166673,0.0003622829866204974,0.0011701648545990116,0.00020338031033036044,0.0006655512566440272,0.00032827426179083975,0.0008567534345854623,0.0006181590676145577,0.0003859600665793271,0.0005349288497412821,0.0002106147468577542,0.0004195774028388498,0.0001280367358682653,0.000730602030696987,0.00023020835278395307,0.0007772572503642375,0.0002534667647937993,0.4757492171611401,0.4824374601195264,0.3631691013840699
4.6894694856742446e-05,1.0250789744268276e-06,0.0019362959757947063,5.714567538808e-06,7.6571730151994e-05,0.45341925865930266,0.000711403605951883,0.001003321763132803,0.9212609546086065,0.00017640271626259327,0.00010937044516711185,0.7088285402878857,0.0014086891876837861,0.0009988307354391601,0.997278441611702,0.02515483409577346,0.0018782919574939771,0.984581188574004,0.013913762206405472,0.5467428722260343,0.3435270646818095,0.5114135275618774
0.007653448085660216,1.6891669743654355e-06,0.5870069255812241,0.5692182255102798,0.002372383479081726,0.004533777636281313,0.002781015179331285,0.5764007404778606,0.0005812831995707444,0.0024593341761324247,0.0015474273033406231,0.00036574575958348444,0.39329184007225165,0.0021674293941455064,0.0035286468026488396,0.0018312038529441073,0.49578547268491857,0.9916999946106956,0.00014050633473289493,0.46486414999161396,0.4142017123602181,0.5564641692934379
0.5750913928464684,0.005781960759996457,0.5782512114934878,0.0011287273454931603,0.0010827120400891848,0.0004269240638870716,0.005353704034125171,0.5718048662212837,0.001007191171993391,0.0008707956119312632,0.0005534994562863022,0.0006401931145400994,0.39426310771211237,0.004219660689667032,0.00033603356492124196,0.0008451697420116411,0.0008967255179964698,0.5017215118664801,0.0064003556979233545,0.4964254757498737,0.5135840256943456,0.4630153855239563
0.011881990104336661,0.585164787741026,0.575996037945135,0.5881111382587455,0.000865545829854395,0.002625622089923386,0.0005163095703692335,0.0007475678336098426,0.0005394872168746076,8.857863338068933e-06,5.5829466372196365e-06,0.0003400287825183348,0.0004711782220983419,0.00032542047623845827,0.0016548835750071506,0.0005455396587348926,0.395661476023168,0.49490763290312545,0.9870749733374492,0.5406581240331838,0.4155424995604108,0.5356404327549755
0.9031835090004662,0.0011525707955615317,0.00195719740704821,0.00030623974052320507,0.0008473168447735165,0.00017112926616819256,0.0008806414810431639,0.002552594055706608,0.0005970397606282872,0.44621343743052094,0.29212467533792347,0.00042082643633878933,0.0017992111944290646,0.0006207271659364178,0.000119554507594515,0.0005972400449130852,0.0002158570085985846,0.001379575249457115,0.0008124026014305619,0.48514138652988775,0.4487050625291067,0.4325288507419616
1.2702027342324986e-07,7.897016636557123e-06,4.1949645456718334e-07,0.0001395760526858749,0.5849049840287346,0.0003444550625630678,0.5791534637861302,9.221080255252387e-05,0.5830223992199818,0.0005544194149168907,0.00034880071915308514,0.3908978734581943,7.336385994192817e-05,0.49993073384271736,0.0003780238488709553,0.9998451476811434,0.9645917747722993,0.03378159660891403,0.9894983244802117,0.5892088817892294,0.44241100763426494,0.4748268324711685
6.699148682809026e-06,6.909088253001791e-05,8.319085250112449e-08,4.925470106783301e-07,1.3488659186878987e-06,3.895883377326441e-08,6.907444932632729e-07,0.9998823302303214,3.1366103989380086e-05,7.859327367551402e-06,4.972659176762009e-06,1.984558380939308e-05,0.999956069168369,0.006333411552897433,0.0003602000950615326,0.01236883491733443,0.004517160311385799,0.0007629494727675046,0.9384648500312804,0.5452967668203663,0.4526777652742439,0.543490471986987
3.1585791596960315e-07,3.854795034144847e-08,2.897081927551948e-09,8.80509951337469e-09,2.167532127162283e-05,7.060028464519296e-07,2.4686224678084e-08,1.8424738367511357e-05,0.4497441832342159,0.8936147866254885,0.7031612155364517,0.9999596098002301,0.45027982307862124,0.0007245863846328049,0.020898897889138533,0.9906508747741714,0.017610904953146725,0.00579588788467289,0.07731210767678365,0.514608178246536,0.4984347155872225,0.5138805698770698
0.0014602029587079,7.5695460193041e-06,3.9345440493688756e-05,1.0754361393308272e-05,0.8958195146568965,2.066330547712547e-06,0.0002930526593976791,0.0002844205883572212,0.4475416465284747,0.0006466921414716322,0.00041112893669108946,0.29495974917061674,0.00020551208170827942,0.0002102826411040121,1.4806760136170662e-06,0.9989618857994671,0.004770039873026571,0.017149105686034866,0.003300146277210869,0.47726865198164636,0.4985938372229941,0.47062138004978454
0.5818662437806734,0.00015609310443243763,0.00033870798713227934,0.0028283437920168654,0.0031101723389709473,0.0013695605769390576,0.5784153250147418,2.267252946423552e-05,0.0007760197186037516,0.5830814723552343,0.39189397667173276,0.0005992447150521829,1.7801030956512108e-05,0.5011767040789759,0.0015108798518012933,0.0034027872989980256,0.003149398111742141,0.00037057268142431715,0.00017078157546470985,0.41273072849972553,0.5081046060929135,0.5457590021760677
8.42819575212006e-06,0.00013168502234634711,4.855634414313143e-05,9.747012760480705e-07,1.526560753667098e-06,5.669964306999388e-06,2.1213406290701513e-07,0.45005063791189587,0.00010379218595126133,0.896305210955155,0.7037551650095114,0.00014681937503394397,0.9998009289820338,0.0009596246324284196,0.025656014677836143,0.006911410669266076,0.004413109279480867,0.22447230216581648,0.9593101209879082,0.5384119339056864,0.5018498443790939,0.46164547643724546
0.00019179784550458232,1.9491941953857413e-07,0.4473233836258069,0.875635793867177,0.0013845405393462795,0.003054333630103382,0.0003043167888617918,0.0010620566173535533,3.0849289680774155e-05,6.261080398759414e-05,3.9416075174518374e-05,1.9420709511753305e-05,0.0006951252890394858,0.0001953496733771373,0.0019387297905295623,0.0008716057840705808,0.7083088648698199,0.999720030159204,0.0006307879929956413,0.47437852812466,0.4139496689485999,0.5564184378790079
0.0002615324906550595,5.572169731119749e-06,0.5781985460503549,0.0018051555898753006,0.0006862061091431101,0.00037291001757462584,0.0012269434777898121,0.5860836223785774,0.00249914167567553,0.5861509741590052,0.39388221344153,0.0019324961031165766,0.5043146649129184,0.0013509287007580323,0.0004140156256794718,0.0007555480956446472,0.0019875669882966867,0.9997119721234555,0.013561673696288357,0.5089956542328111,0.4040506787385968,0.46330856580306345
0.00042143253182279366,0.48415338241740125,0.00023978103708742577,0.0026914908516715835,0.002618031230273583,9.948705751486779e-05,0.00033880590784134856,0.9628217469449648,6.879344085154492e-05,0.0003801689785232439,0.0002245730447257427,4.0637594449824594e-05,0.7033761770977084,0.0004454872888844505,0.000131903138742353,0.003442390852223172,0.003539023313028399,0.00031528577672210043,0.9994458530872997,0.7440027388230412,0.45923270611253453,0.3715324479974443
0.001496304996832195,0.0011360517421679732,4.877363559869016e-06,0.5821221191645293,0.002387714573827441,0.5847521080226404,0.581780481551308,0.00017608165694070547,0.0008699025402094626,0.0005512401463176232,0.0003475955628184561,0.0005485346677733915,0.00011103188359463926,0.39097082112907083,0.501430523780953,0.0026112216280207204,0.9979454100158719,0.0016527420881530968,0.41341280439028655,0.5607542811775976,0.5560485136161781,0.4474502207217058
5.0507456539809276e-08,8.827527857181213e-07,2.379699274427666e-08,2.3003248274654067e-08,2.2149299581674894e-08,0.0004371137471192423,0.8981262072572136,8.859159900819686e-05,7.255740130922275e-05,0.44905687104982445,0.2951636673348504,5.143093345859304e-05,6.27964710776161e-05,0.9996875775833456,0.9987215926159418,0.015932941169113285,0.01655249386204285,0.017129361302004764,0.9636149392690166,0.5214325335666194,0.49949737754967105,0.4393919250881287
3.115022668538921e-05,0.004948125526512176,0.45326084236401676,0.000878687041711095,0.0008082484988016263,0.002492522287379142,0.0014480268936017963,0.8952723340970311,0.0018804520055438895,0.00019475718264890695,0.0001235553039346632,0.001192972446865956,0.7016243573267671,0.0020336722660948096,0.003529809102914866,0.0011351583426133889,0.001234085309272328,0.9930502146599635,0.9959923045959361,0.4458713433360656,0.5145725561294783,0.5185958013188922
0.003222452246819236,0.5773385042893991,0.0008747750082708958,0.00014865111415078387,0.5835034127624579,0.5858051010429799,0.0034317883024592463,0.004319509827401992,6.97049116968774e-05,0.00026771649261680806,0.0001690027029792646,4.400296245730056e-05,0.0027268065568099853,0.002166425938988553,0.3945950723523062,0.5033755448791513,0.0001639119042938465,0.0009645813708436296,0.9964467024160324,0.47621995786679966,0.412183534807116,0.5137686321415559
0.5764216294945568,0.0025029710917999345,0.5763353424592527,0.0062989925324035325,0.5824500017249362,0.0014801029189293845,0.0020802007016899817,0.0016665933929345404,2.5447685090235862e-05,0.004072210914491963,0.0025875967862710255,1.6170260763187115e-05,0.0010590064066380227,0.0013218277986504366,0.0009321852986986711,0.3949640093265352,0.004919441499063421,0.49995496967837527,0.0027643483180450623,0.5357968071178344,0.5186656880290937,0.5157639367820998
0.0004516084692306702,0.4503758919110366,0.0005402395036082122,0.0009193461332841625,0.0004288201952628556,0.000234236708171888,0.0002696540700741853,0.00023427223753718612,0.00027128585473735795,0.9052935659742127,0.7061223864636599,0.0003834851585975835,0.0003402937526899674,0.00038487419229640395,0.00033385807072489233,0.0006061642154744454,0.0013226157031407362,0.0007636463641580847,0.9993452510835504,0.5745407184153613,0.46807196078560354,0.43253744114458986
2.689948830342551e-06,0.0019996507023406864,4.0172071092915545e-05,0.8980138716033377,0.00016911274830219228,0.0005053316770703911,0.0008484024523757531,0.0008285325193779214,0.0008051250987223817,0.4481247317250651,0.2946671679449837,0.0005707701794310868,0.0005873644479339995,0.000601450931495112,0.0003612260732211807,0.00011988743073219785,0.9985821168032152,0.012787451265294677,0.9991436140029208,0.47605212716626844,0.49415519504610217,0.5548333452913643
0.0009360585004119744,3.358139227678401e-06,0.592091033587497,0.0018312602130938415,0.0006993502373863961,0.00010828380483686186,0.0008125065544857332,0.6000723433860391,0.596147985944142,0.0003713267058583136,0.00022895430430763808,0.39185476982613165,0.5042653675972675,0.0008736213999801443,0.00011739897388663903,0.0007519523408764226,0.0019689978095898016,0.9989935219948918,0.002283884559775573,0.49159775285887064,0.3241080072133322,0.46145998133644534
0.5611347125448731,0.002220593394060715,0.0014316197766002002,0.003783791493566044,0.0035809129235003186,0.0002930935042058219,0.5701583235042919,0.5571555210007917,0.0005428916331794932,0.005391309309641362,0.0034240224135478337,0.0003447906924417146,0.392236031233913,0.5032156683607141,0.00032688250020579754,0.003960903097136981,0.004335120013907803,0.0015835352277232034,0.002456246381921323,0.5001443082498439,0.5112245693861946,0.5476575153320692
0.0001332185305276107,0.0009235372682378257,1.9748080058665527e-06,0.9951863148901551,0.0011623783079498754,0.0006855990592611528,0.0007024132689020658,0.00032420031415106504,0.0008483711824098952,3.199237039966901e-05,2.0108748851424133e-05,0.0005332422711040066,0.00020718791968102522,0.0004414983883515679,0.00043451536802207365,0.000730602030696987,0.9994135092702183,0.0013473253661765387,0.9087979567814064,0.5581557023834263,0.4824374601195264,0.40433923394982363
0.4473849708578676,0.0017505541785354578,0.000974608230164722,0.0005078160725097861,0.0005393400176722481,0.0006210952836635543,0.0009504505965335161,0.00032487489028127547,0.895380340794259,0.0008658859532183633,0.000550726798407861,0.7050030155411454,0.0004622843313533432,0.0013524554870332673,0.0008911618512071921,0.0007674605826285086,0.0007226015182237625,0.001386811932443342,0.0024909915517968774,0.4884747737945206,0.5086898677429859,0.5269046026985564
7.5167907283169945e-06,0.0003199456288218068,0.00034168879676721496,1.1962060485232894e-05,2.258147858956618e-06,0.4477705972809719,0.8949507959894885,0.0004074443950038312,9.664197384173571e-05,7.294333405771648e-05,4.597065895152814e-05,6.0905827907998655e-05,0.0002610808495861056,0.7050150119441525,0.9993396700902174,0.0030697032114879452,0.016551654454247333,0.5208191665677739,0.9850460416280169,0.47720866028238534,0.42090451290066183,0.44192720689231124
0.0012172548080045707,0.5923950890037909,0.0008043142298547799,0.5849380904435267,0.001535175337357447,0.5854827797287985,0.0026882815973086785,8.078291469455292e-05,0.00023666496913102146,8.561591575385638e-05,5.309408890957193e-05,0.0001467653702126433,5.048804539135496e-05,0.00168330118383045,0.39005495002512075,0.001163701526137053,0.5015676435627845,0.0008643375494113308,0.9986918748419408,0.3477722203992043,0.5105473919463279,0.4426834043409989
8.731676959305055e-08,7.711229702875445e-06,0.0007190863847101905,2.08294257594828e-06,0.9980994490608027,0.0003273046935909531,1.926178766975224e-05,0.0006226244693027352,4.071935715377632e-05,0.00016167275772159808,0.00010282084717970637,2.589649993683268e-05,0.00041437676944402633,1.2491138114855232e-05,0.0002098796681811086,0.9995426785281962,0.0019099939304637954,0.9931729195280915,0.9926066099747637,0.4832675858671039,0.4945048963209172,0.47366020147125165
4.402831587538896e-06,0.005704413846336292,0.5884525706744469,0.0029093516088765847,0.5840394817627435,0.0034132764813540285,0.000612326693158351,0.00027275357198703053,0.0009832728824250205,0.5764871752777164,0.3863728473281265,0.0007539261120497988,0.0002197139178065832,0.00047874307865808374,0.0026621000706952267,0.498536885004449,0.003260096713949191,0.9938287441385447,0.9994960237297492,0.540706134389229,0.4153351554448041,0.4556979372826633
0.0014513749458952268,0.9001247045570122,0.0028926027181278304,0.0009933382559728103,0.0007132540129518437,0.0003577225262497968,0.0005389346061872558,0.00030944783755137425,0.0009052455868078903,0.4575010863579084,0.2993721408391495,0.0006402634004209601,0.00022490107656636897,0.00038487419229640395,0.0002551080202026917,0.0005044639676018163,0.0007150269058888207,0.0020458111608736293,0.9989471547469059,0.5811150620552752,0.4793646292748545,0.5517890376571585
0.0002531607667113176,0.5799659678377906,0.5829627569010349,0.001223771602521573,0.0018700388981051884,0.0024729892757819833,0.0006179732008103005,0.0004235978108389569,0.0004954782710016102,0.5819702945736732,0.3920868696979288,0.00038358851814162485,0.00032794028828596485,0.00047842161181902706,0.0019304931113962856,0.0014477482830548242,0.000947419650687697,0.501635063028493,0.9997221094327067,0.48754038670651634,0.44838932801760417,0.4321713303927861
0.900724912094579,0.00013634576448712956,0.001906295907566944,0.0050275881717283975,0.0009562314771636599,0.4457872438467669,0.002182294886798887,0.00027449077064555834,0.0008431933650832209,0.0004097691969893666,0.00025914130587926485,0.0005332422711040066,0.00017649705786440526,0.001380094665279529,0.2946744820206663,0.0006758386584549116,0.0036164641444583374,0.0013473253661765387,9.636736645394432e-05,0.47500233660123864,0.4824374601195264,0.42432538378672086
0.0006572975399350911,2.5360371958980005e-06,1.4382410456475425e-06,2.9129819599006842e-05,0.57914053022737,0.0002927442687438557,0.579310711653754,0.573235623662963,0.0002988262157084057,0.0004898734663533595,0.00030920992952244986,0.00018861932635656965,0.392236031233913,0.5031706328740798,0.0003244781560326945,0.999276729696561,0.028694550901084248,0.0013929545172016236,0.002456246381921323,0.5880927791777465,0.5112245693861946,0.4736503175694519
0.34044629578553043,0.3583781344593377,0.34670491572078477,0.0013078751954261,0.0024308985133623413,0.015263101596235446,0.000861948346870124,0.000502394435997968,0.011089149681987771,0.012045004001071946,0.007395516532961393,0.006808698892016297,0.00042662337555664925,0.0005866073103521177,0.013046143707917651,0.0019955230020729277,0.0013447484170114848,0.3033806384386153,0.49642695588428665,0.3500253035765556,0.39345393810262275,0.4449080696032988
0.4581953143708494,0.006719106183828733,0.0009107729848247087,0.9148602240507054,0.002530203600360093,0.004278116126705359,0.0021785914901846296,0.0019455926075092748,0.00027712358064651074,0.00014033804919169967,8.731402020872771e-05,0.00017241777627506047,0.0012104886941757221,0.0013554561877858727,0.002661731058609487,0.0015742367470791686,0.7043790160528396,0.0012652966465952244,0.00933490400400634,0.41715172349693086,0.37366754381928013,0.47994279269978235
0.8727673457178101,0.00046630569440115504,0.004593955090032001,0.00010890040457566358,0.0004516856976898721,0.00019425700729840803,0.44068366628770606,0.0014472223469700685,0.0009773475552980555,0.0003055016671032931,0.00019132163819863884,0.0006120593865703349,0.0009747546486594393,0.29412459708455746,0.00014361091184290128,0.0003196039554511709,8.36685925602286e-05,0.0035023219038030715,0.00032911331020857304,0.3781152345209884,0.5067098911183865,0.4593658092824434
4.570045050519318e-06,2.654492412602137e-07,0.0002767314445113076,8.447227856896718e-07,0.00027055212213257746,0.577537281296598,1.6126419198773134e-05,2.8910062069248076e-05,0.5824529234044312,0.5758282889592629,0.3896626391977885,0.5026976889093622,3.186757560813807e-05,1.7776159814893904e-05,0.9995733649434897,0.49276728023531663,0.0019430101103981717,0.9894698667325939,0.03693630366346634,0.49475193097529996,0.5123404659681544,0.5448031597011985
0.006286101304835418,0.5884778752798832,0.0014459427834350972,0.5835733646277748,0.0033430963796291704,0.0013923686722908438,0.0008111781713308954,0.5847117501751207,0.0009573543962924898,0.002072728040396461,0.0012982127569320786,0.0005996211434157405,0.3930257007477889,0.0006230817075920346,0.0010784166417292518,0.002567896968887552,0.4973154664047368,0.0015641141417890303,0.9931999109598058,0.3917155229813026,0.47433552362022335,0.43640439388322405
0.00017183594402499333,9.021117011733489e-06,3.191583165367331e-06,0.4527799389622733,0.0006656992296883703,0.000769541508654192,0.9032670102648033,0.0003978747073458393,6.725341548217475e-05,0.00024232350127334758,0.00015268099307415832,4.237442134398802e-05,0.0002522688959843448,0.7041874776593467,0.001091012672571515,0.0009359898673066414,0.9997580191311863,0.011806415724392585,0.033390902635118055,0.47516170082724307,0.4057911698184369,0.46997355454528766
0.002059928375242302,0.5975822938559427,0.002082183877668901,0.0014454257784620487,0.00703121817716306,0.002487527279738327,0.5809061936133955,0.5909739578980578,1.2961836238752801e-05,0.0015743713446050532,0.0009809870264782773,8.076495428115615e-06,0.3926624083756637,0.49096299134119437,0.0026718731354483083,0.007490068928735242,0.001539820825143851,0.0022181439958433254,0.997805514985322,0.3697432427206455,0.4469657260611795,0.4561541552682969
3.5476725611032524e-08,0.0001432825750773417,9.113052882207378e-07,8.775057210115965e-07,3.370584472877188e-07,4.009585581836462e-06,1.1387421538023305e-07,0.4771963954179475,0.9491912351911612,8.950946924372473e-07,5.363689352168118e-07,0.7034388102057942,0.9998087652217676,0.0005057334119547311,0.017957982868800775,0.0014975232830209961,0.0038987063879988015,0.004048902870544269,0.999842373191351,0.5395181748579558,0.41682638830123525,0.26780575516076
0.00048678452508391253,1.5602243234784792e-07,0.898179560229943,0.004711205474857714,0.002750537499242267,0.4413054319603954,0.00013538929781893672,0.0022442387291155266,0.0008214106147272896,0.0035422875885276796,0.0022498788130100606,0.0005217149667024098,0.0014975271832543958,8.768452094967211e-05,0.29282907887170306,0.001955322996814411,0.0034588094278093116,0.9996461150324696,0.00019893966774121342,0.5480055467383343,0.5014633658958385,0.49657044710784737
0.5825846803418137,0.004391062139595627,0.0006595868363385677,0.0009081851440480332,0.5812314439219879,0.00040948692964293195,2.4806825290440008e-05,0.0001816015623731436,0.5841006412562334,0.0005341680599716274,0.00033697220572155085,0.3929526495965964,0.000141368795772378,1.9190061256431382e-05,0.00031940997948349094,0.49924921027051045,0.0009923862535317941,0.0007207319329627614,0.004798247704567358,0.591160672061577,0.4825923018398443,0.47642280355171457
0.5979415380364925,0.004553439213359869,0.0019038749356184695,0.005757018767623949,0.0005481971579559617,4.052609839433917e-05,0.00042475798868775146,0.5916181404615644,9.559270625021367e-05,0.5940010189189353,0.39141713764913044,7.2345257764701e-05,0.49659064820437226,0.0004521978643153733,4.35036751100003e-05,0.0005836099439495664,0.006128992205381101,0.0020269289700935826,0.004847889691969143,0.41513539841479674,0.6487795762575761,0.4790389357917438
0.0003357112746837766,0.007955256574073873,0.5765200677699849,0.00046844240652016997,0.5831465799590739,0.0023565231206145367,0.00046750150894377113,0.0009262109897322574,0.5760859337878615,0.0001854251803785674,0.0001177899236117898,0.38986889126205154,0.000731080776580533,0.00036645451077271015,0.0018446411332767162,0.5036159327584557,0.0005264187518683812,0.9912079952723214,0.9731506418549491,0.5330939671120308,0.4973509296285346,0.5326519627548244
0.8932964846815067,0.0016741277384317668,0.001919135323522558,0.001237678431258943,0.4525370795090283,0.004243468583463882,0.00022720168872033582,0.00044261733144748504,9.177956241697024e-05,0.004974944897208895,0.0031627645770117537,5.8348015094467076e-05,0.0002861028154684803,0.00014584337619391707,0.0027201944343298915,0.2985162140391605,0.000897702231765162,0.0013676650000170492,0.0011930892418465745,0.5295971095973389,0.4773501219088141,0.4989270801059802
0.003127340312490672,0.5861300383373882,0.0004882344752919345,0.0008010883953643805,0.0013420157682640726,0.5856276673576243,0.5812069513238055,0.0005397048707864052,9.224474690786427e-05,0.002512449191914749,0.0015803677892812897,5.802343262201114e-05,0.0003394830798116987,0.38942434777193335,0.49972128737989924,0.0014575929726909492,0.0008700815944842106,0.0005302837325160503,0.9966033001976433,0.5293905388638428,0.5894698456431572,0.5567682439306085
9.249231855456003e-06,1.8261419721561923e-05,1.6316378334249373e-06,0.0008903032098545835,1.8048571329457087e-06,8.560315900483624e-06,0.5779713388946309,0.5724657295594747,2.5209672536607644e-05,0.5752856294702958,0.3879324873776134,1.9471487233346582e-05,0.499165378767507,0.999011256071664,0.00606273511118878,0.0012677506168136754,0.9855747724928523,0.05063561716749154,0.701536078986801,0.5025673316670655,0.518044883476018,0.43067930794892606
2.9705449709996496e-07,0.0005984133012098292,0.580985953904018,0.004975153268925401,0.5784720554156552,0.002336116642262959,0.0016180298592714628,0.589549552366622,0.00034984103296214895,0.0005905916121771217,0.00037231595240797574,0.00022054396857598923,0.3968701385316078,0.0012563490988435802,0.0017978745206995532,0.4986025948778902,0.00545135304959073,0.9993442961065034,0.9996839795594972,0.5321473964442666,0.5828316642132484,0.5441918664959376
0.5673350491128747,0.0035487673471922385,0.0014534552873489938,0.5736819463567566,0.00014551653151730304,0.0017389614642239328,0.5805984744452173,0.003296796984809927,0.0016978167598870491,6.107717792894237e-05,3.8758323066846994e-05,0.001077395058692604,0.0021271160593687418,0.3973059155609603,0.0013711588230575127,0.00011379144033555992,0.5091338241158024,0.001630886752766578,0.003982105123050819,0.44747439592193555,0.49018644994579935,0.4810273073085163
2.1168750595957562e-06,2.5848491689674734e-07,0.000618153305757465,1.7051185778776461e-06,0.9050361887310179,0.0011676300045111567,0.00027633731150942864,0.4506262163472383,4.138219169693342e-05,3.7011605742572043e-05,2.330555192356001e-05,2.6057632427830596e-05,0.2941014363146394,0.00019438073927769664,0.0008213326396500223,0.999565174962564,0.0017560417097140057,0.9978037022688716,0.07735269826470462,0.4316477578543111,0.5328296059566914,0.42742140090352304
0.00030350105268866676,0.005518923917016885,0.00017491740532363392,0.5882157318026229,0.0005030152726460418,0.0025447089424778862,0.0005554253934709849,0.5771288756940466,0.5866316012523404,0.0012478336266907803,0.0007853183871910053,0.39383923134599963,0.4939262093193479,0.0006010985432853994,0.0027539721477734653,0.0005443840110057555,0.9940150824929033,0.020139937467966135,0.9650257273367534,0.5405090448495892,0.5275532431502284,0.4042990007244384
1.3436028966010613e-05,8.360872563638991e-05,2.442364020863524e-07,2.0315264552319944e-07,5.259136557152879e-07,6.580242440503124e-08,0.46453578638981746,0.00014348442349302102,0.00018537513267897113,0.9284511617516406,0.7046625886184155,0.00025404599875444216,0.00019663719979555924,0.9998839459831753,0.0004988005862407064,0.003953639601094999,0.0015272488347416405,0.001836088823189308,0.8985617096792596,0.6474827989278971,0.47657943924853335,0.3739878855937402
2.0629034525405776e-08,8.435800237233417e-07,7.719797425389539e-09,0.00030776309483395933,0.9036684300389569,0.0003437891774485914,0.0005226990360513463,0.0003295236695376712,0.0005407483538759684,0.45094628839343986,0.2946671679449837,0.00038094929962844933,0.00023214463954314784,0.00036823391808424137,0.0002442128306417808,0.9997831857319299,0.998254424186759,0.0058238529529977545,0.9844351116827956,0.401264645485197,0.494010574825698,0.512203955131553
0.5788304371837981,0.5845904682593438,0.0017312676535232063,0.00014845396159874822,0.5875000521879837,0.0028647982184151436,0.003264487692798369,6.750888779626216e-05,4.718432524667859e-05,0.00090438080389624,0.0005695271695642361,2.971398930870358e-05,4.278111451001899e-05,0.0020557870228458852,0.0018191246906779021,0.39479819859186316,0.00011487932815935627,0.0013397063923435717,0.5031520202870752,0.48345582572016355,0.49457901495656986,0.39695847204536333
0.5838615636131513,0.013393040135609146,0.0018650294045166685,7.642735964759378e-05,0.0009045089695160031,0.5821768791054088,0.0010851748253520631,3.8189071010704576e-05,0.000999343685773374,0.572794717916339,0.38649164892696786,0.0007715026483405122,2.9482333531366534e-05,0.0008377657416409141,0.4989944865515751,0.0009859759455802318,8.33110573834183e-05,0.002033013274806508,0.014600685675258296,0.5280680793377988,0.462465699266666,0.4570217914651791
0.5854081828836074,0.0021639690802244113,0.002854104781479931,0.5853274105774787,0.0008679883300245413,0.00068975679674959,0.004660112391252504,0.0005747649606956213,0.0007802430233362583,0.5911962315419866,0.3947984253569503,0.0006000080928143215,0.0004447803468768446,0.0035836471991113894,0.0005348508979919061,0.0006674912470616207,0.49994883717406474,0.0031036881832102146,0.0023532639915161044,0.378524797405952,0.4500468617507199,0.4949428596780664
0.000694852891214769,0.570726475702708,0.00045339560742716433,0.0008956373661458188,0.5783114233979758,0.0012492149555466039,0.576148212254893,0.00038044781397054,0.0009085445127615367,0.0002680910358777248,0.0001690841806109137,0.0005730082930603989,0.0002580639857808916,0.39930822665828475,0.0010283104883554053,0.5022965772779908,0.001070947585573622,0.0005462875376046142,0.9991990001536788,0.4760764212329106,0.5932645166210936,0.51097398445827
0.586308849608886,0.5872681628157951,0.0020411666608147042,0.001763342343893252,0.0007537829992422081,0.0025891617437855223,0.0008151444210735819,0.5990731251054496,0.00046052125804226174,0.0036294412708541704,0.0022575216331127135,0.000286446588977299,0.3980626026259852,0.0006253365569812792,0.0020028269329347343,0.0005782648065045703,0.0013527458059961106,0.0015658626141451283,0.5005205234603143,0.44944414219765877,0.36642433700353505,0.5557144113499431
0.00018698168147793413,0.002967336358174336,0.0001004147466645812,7.159575835004976e-06,9.428098187106925e-06,0.44898622324951415,0.0019510929363905916,0.9081399789193219,0.0002564443469143033,0.0014140359572821265,0.0008871280947770037,0.00016088638217602298,0.7055780880434892,0.002743524682946242,0.9958167439813828,0.0020175580932767522,0.0015321095102631618,0.021492052184023336,0.9599374677465777,0.40294487103154597,0.49781458062958345,0.42709870405774375
0.001319182069536698,0.9141366379687724,0.0004538575391122989,6.727325113134332e-05,0.0031067401692831016,0.00014516030736912684,0.00020781260098431286,0.00019049616253871403,0.45645900283403784,0.003389535887453426,0.0021118661723413534,0.29482620676690063,0.0001326638957403895,0.00014472328265327788,0.00010193387706481906,0.0021635708716765873,4.684993274602046e-05,0.0003160681000443913,0.9990813009581158,0.39437558593426186,0.40871440684999366,0.5477935462624343
0.0005747712803644716,6.909387459909419e-07,3.3050138318511687e-07,0.5865821333361482,0.5868243368398364,0.5955530636776022,6.576867289604452e-05,0.00022744304136432987,1.1493774248662709e-05,0.00019731866452220087,0.00012264477844458536,7.144034677452368e-06,0.000141368795772378,4.087897447582235e-05,0.39883784710961084,0.5001322125298903,0.999376195703297,0.0003660587207065772,0.000765287436778006,0.6532612094377527,0.4782730928332157,0.5165239689196796
9.647991264989966e-05,1.694892011107542e-07,5.162673401228513e-08,0.003989176272916631,0.5864666601640586,0.5765956941203565,0.0009073689378224568,0.5814688556858297,0.007450130740718901,0.000713078706301355,0.00044945507872220814,0.0046958770677224815,0.3905519241909806,0.0006994823935337195,0.4972319751025099,0.9956684932902139,0.9846059945664353,0.00034065121011117583,0.001118368662915592,0.5362985284644688,0.4561287401665775,0.417653810207212
0.5737951796228784,0.0004774320475152026,0.5735326001006033,0.004523700880351072,0.012146935618962271,0.0027106032376666626,0.5647987074299783,0.0017138540853540085,9.12984339830663e-06,0.0002883044026300115,0.00018289501918714707,5.7917495053197866e-06,0.001130357769101922,0.38913120401874585,0.002117118124070606,0.009409692269819718,0.003629953519762995,0.4917863535100829,0.0005164481807134347,0.5452481976845461,0.5023863473880036,0.46159457848467306
0.0,0.0,0.0,7.117945967893501e-09,8.893836018252228e-11,2.7083226260728144e-06,0.0004838773790725125,1.5747874145094613e-06,0.9995118323040024,0.0,0.0,0.9987598869661822,0.0014719867473577328,0.9930423007107257,0.997278441611702,0.02515483409577346,1.0,0.47342801780283145,0.5088653781278414,0.5388242843468638,0.3435270646818095,0.3868967020077829
5.691170519773861e-05,0.0033619586486135704,1.3092157737379164e-05,0.5887208187729189,0.5928088891100857,0.0007190075807282655,0.5909020658370037,0.0007287289550143652,0.000482775232106283,0.0026081596177118696,0.0016225526947808433,0.0003003382126178459,0.0004533479905649767,0.3918905679944637,0.0005430198283549736,0.5021964723378036,0.9963640172203809,0.0024788054278790817,0.9892242360752929,0.42098896484071313,0.37146386749776406,0.47620309873306294
6.314373782182823e-05,0.000552322093616554,0.5803627571484926,0.0006464978506223852,0.5837499657240655,0.5856258798318172,0.00288928715358861,0.0015453964505332206,0.0010306974131333154,0.0016506643378464932,0.0010383245791460698,0.0006483447407336678,0.0009883875934589975,0.0018174581015905661,0.39660916077717145,0.5009134587566535,0.0007091714537432513,0.9993901828302293,0.927533850709516,0.405729839027355,0.49506172381771635,0.4438927339399058
0.5799614399171676,0.5827320199396119,0.002062632398055844,1.6866048792741207e-05,0.000650926907890424,0.0003186547049889552,0.006430283049430473,0.00023515186896884877,0.5799545839746663,0.005197551314162437,0.003288676899095455,0.3911005290176718,0.00018513225692273847,0.00502747225521083,0.00024880060953521557,0.000504036722169783,1.3291760461809428e-05,0.0015971307597580301,0.5015172521223252,0.546667476037361,0.5627300274984312,0.49453091365463364
4.5844456225175904e-08,4.5852399687091e-07,1.7058900980438617e-05,1.8057129658062695e-06,4.272942516459869e-09,5.641365358206366e-08,2.32473453797031e-09,0.8959861707854837,0.00040467103093923376,0.44862274113599643,0.29392717739716046,0.0002857281150976864,0.9999878836395845,8.624448097686205e-05,0.002110309800277874,0.00015852048794960443,0.06711372227763746,0.9828069677280364,0.9365599199092772,0.4789733473103293,0.49558389990333346,0.4186700836518254
0.002045073394096188,0.5705995049424871,0.0012406885971835212,0.5873676487776255,0.004479895854184028,0.00011434133240285728,7.251433485439264e-05,0.0014506359452579115,0.5871972441691844,8.885968234288328e-05,5.613898147088401e-05,0.39602704076374873,0.0011277284084676709,5.637290435940622e-05,8.96301084204723e-05,0.0034826950579279876,0.509213817472211,0.0013842057268616537,0.9977183155148535,0.5133304995534999,0.41449808163427376,0.5136532398277908
0.0026641919017098767,0.5851289489648589,0.0007883440063250932,0.0019020779476556968,3.570083979392017e-05,0.0017258475486283957,0.5809604276446716,0.0012702886124744618,0.5760294564731,0.0003476672564744133,0.00022004647788975598,0.3881957513097102,0.0009807492748742418,0.4977175744406861,0.0018776840503906878,3.884183857833534e-05,0.002069428485060345,0.0008577081631008298,0.9971013816279428,0.5372368956464634,0.5343722418259551,0.44278682330062197
5.3943629726421055e-05,0.004119686664469948,1.4929598168763152e-05,0.00014999958007865639,0.935496269564862,0.0004782511191917458,0.4580872682175809,0.0009400857860581594,0.0006029199048058869,0.0005461115518325883,0.0003337677637271774,0.00036848745057419777,0.000574553776254233,0.2898842539089699,0.0003281671553699601,0.9971943868941371,0.02316712732342735,0.0023068402458426276,0.99166451063355,0.39533135355325194,0.6747166511518996,0.5125415678250872
0.5848763221430041,0.0024517121760641437,0.00046169915199599775,0.0026814315809206572,0.0007035954471373909,0.0002875541569091831,0.001229439139885378,0.0004098254336894017,0.5822625698702344,0.5854699254946785,0.39280229814627965,0.49857178461321244,0.0004535499888225345,0.0013511858646334152,0.000315595535733786,0.0007658313553957749,0.002970419159138371,0.0005025303788903867,0.0026685993202842373,0.4760278039120307,0.551582663696718,0.407069305141157
0.00012282488624380634,0.0002723532025351103,0.5805723218798774,0.5723210670717014,0.0018216320484698671,0.00484352029281456,0.004633355280944674,0.0005610380462259432,0.00021524846398677763,0.5816675090612377,0.3945216523204723,0.00016808338239393235,0.0004408643717897314,0.003618111008419878,0.003813800113837168,0.0014225180488035478,0.49544741843428974,0.9996723844129576,0.7302861946914374,0.4849823839075532,0.49895247244632085,0.4644456414901715
0.000957288200571898,0.44730279516904464,0.00016352672926236896,0.0006800299557002344,0.0012264652463921956,0.00021857528870598153,0.0014798096614686259,0.00044696188505536976,0.8988012853226112,0.00039017745610623857,0.0002474207646223081,0.7060328795798023,0.0006613967795299361,0.0021476801460108825,0.0003136749357669032,0.001745607993706926,0.0010025021175002846,0.0002327369424100766,0.9986025751330917,0.4934790967637313,0.4424996168898478,0.47576172184654786
0.0028718989193163564,1.6554136589762536e-05,6.0943300560747295e-06,0.0009735117105412874,0.5835852833365446,0.004885424342233889,0.0035474592383917436,0.5776724543688011,0.5780163922225026,0.0002411455494745541,0.00015287543227079036,0.39046052318894403,0.4967378715086129,0.0038696145274061443,0.005373623275293171,0.9966919821172109,0.2080572185264919,0.0013508958005921513,0.003669550589778449,0.5050168825209617,0.44602636044970784,0.5355676860382637
0.0007480225899160074,0.6298590416429853,0.0006404965102538866,0.0027401364341373617,0.0033900871730840657,0.0015715322645660193,0.001339928816729571,0.000320540270092355,0.6326560631847804,0.6320625002767359,0.39087476868437965,0.49857178461321244,0.0003453550884877605,0.001380216533578869,0.0016636686241068763,0.003405872969780986,0.0029255461478637505,0.0006992747701276402,0.9992186772956003,0.5406938480188309,0.5289608606918313,0.8075556368835871
0.003884147542569733,0.9052910242577897,0.4464585439910681,0.007286871663624903,0.001984053259245826,0.0018679435367290394,0.0021547751586119624,0.00043181719989960466,0.00046259306498586404,0.0001894008534453268,0.00011944881932841986,0.0002917420821733203,0.0002723327871123692,0.0013589463404371795,0.001167629095758127,0.0012512860416158656,0.004595683559116492,0.29167933332063245,0.9972686009392654,0.468285487652932,0.509929856814809,0.4087045617000163
0.4307449469027562,0.0003039382248650751,0.0022395148864890507,0.0033734976343035754,0.001466029611583979,7.796159788913048e-05,0.8830998248311397,0.0005199648364480893,0.0008716352335060996,0.0003044474528509317,0.00019132163819863884,0.0005477476630087934,0.0003514303629090753,0.7075796117007223,0.0001167771457439502,0.0020839708631195395,0.005096206453304854,0.003459594138992731,0.00043467633089434507,0.5927881554494348,0.5337988581036333,0.4426225655422076
3.032014405652173e-08,2.767105039736744e-07,2.838723726300608e-05,0.00028171865070984324,0.5772597575823996,0.0015552951038510128,0.5783541322066093,0.0007622512512071573,0.0005915971691240031,0.5798764387265926,0.39290052876217124,0.00046090247954054954,0.0005975980472686825,0.5006031275339802,0.0017295206747835017,0.9996877389923464,0.9360648072821942,0.99375737371504,0.9305205492738549,0.49253304502117057,0.4562224947055176,0.49623967152030735
0.0052551990889814736,0.4507361428225135,0.0010931841220261545,0.0010677878609719946,0.9063210906091129,0.00038914294697658773,0.0006039244309992496,3.6893379273893014e-05,0.0009974578202442245,0.0008388716024930583,0.0005275889623866381,0.0006273283545247339,2.320325725995481e-05,0.0003798246474408293,0.00024474271321268005,0.706177874674716,0.0015080339294344946,0.0015439054018905685,0.9925778925885014,0.40139556191055104,0.4623330766000974,0.4669827519723355
0.45192571523979636,0.0017395443748250347,0.0005421124754746376,0.00028222573442951415,0.0001510648863181888,0.0002350436460041353,3.600414748975376e-05,0.0002561355241163963,0.00027223107689638396,0.9084521095576565,0.7061223864636599,0.0003834851585975835,0.0003630853103080575,5.0718059634381375e-05,0.00033385807072489233,0.00021280004069618315,0.00039756152147653995,0.0007636463641580847,0.002450454698917284,0.5927302697432903,0.5317220990847393,0.4289400684031753
0.5792532956002368,0.007162445202800077,0.5756088402098913,0.000763511979649364,0.00649934013170519,0.00014362483240486717,5.12227310663862e-05,0.0018453070707189923,0.5800458189114562,0.004152479144399683,0.0026390512409798245,0.3931640842550491,0.0014625710624827618,3.9570437374040416e-05,0.00011289177841906402,0.005066458192286766,0.0006057660342347589,0.4979654953209706,0.007871386310985919,0.47618885643851405,0.4720257106158414,0.5189248438239662
