obj_0,obj_1,obj_2,obj_3,obj_4,obj_5,obj_6,obj_7,obj_8,obj_9,var_0,var_1,var_2,var_3,var_4,var_5,var_6,var_7,var_8,var_9,var_10,var_11
0.005813068672454015,0.5733522322352492,0.004387471325146493,0.004170815799083211,0.00032686694799750145,0.0001289818335992218,0.0023741307462210115,0.5775018627477035,0.00013079414600114167,0.5784150036037456,0.3915098465283282,0.00010168469594338651,0.49832679506854316,0.0026485567436590907,0.00014144090809744192,0.00035844124437894864,0.0045737312223418265,0.004811450925190391,0.9936251311487103,0.5476965047906011,0.5143321768784865,0.49169251958319266
0.001360119820329679,0.5798814554508378,0.0007319730892555798,2.2143852222310866e-06,0.00010457019797572277,0.5851613162019803,0.003468316881979551,0.580853412994844,0.0006952465682017558,0.0013254998788283982,0.000835065396290412,0.00043800587571149734,0.3876095278915628,0.0026637099763339445,0.4989481968860101,0.00011339050066149989,2.40117423635922e-06,0.0007937172244911793,0.9985251804569272,0.5814150039483247,0.49017317575836183,0.4384994979150353
0.005100919260331792,2.1199058754959314e-05,0.5728546002381678,0.0025091443418193545,0.5756808569470134,0.00013480183582655338,0.0002854545574431445,0.002306309267818939,0.5905878133582164,0.0035878011311888153,0.002263934808239087,0.4002657394493836,0.0018078233910893693,0.00022763350540984915,0.00010566578227251718,0.5015513181886299,0.0027883086370225907,0.994331540881858,0.002678700461738903,0.513334403331503,0.4815063224575249,0.4393561785411251
6.858926588673145e-05,1.9176976119813184e-06,1.4937313366848949e-05,0.0023281895280414223,3.859159726202897e-05,0.0024916286916588865,0.5907962858748724,0.0022611224415704286,0.5855615927111542,0.5876827000602943,0.39156666491496345,0.49715944351436364,0.0024242178760266386,0.9963244427263329,0.5213906581821741,0.010546675944567235,0.9808042393787237,0.13646094401624664,0.01801633898692384,0.5562519947774613,0.39130581287874566,0.44079146762663896
6.542314141456504e-05,4.017355086390456e-06,0.9978706028110531,0.00019107037043219712,7.458880911782073e-05,0.0005922944539499554,0.0001639428868025534,0.0006017648459342763,0.0003984252576961575,3.787006851324606e-05,2.3668800795709628e-05,0.00024901593558467375,0.000376103298632798,0.00010423954569209037,0.0003720233188742496,4.661783242564876e-05,0.00011941854866346431,0.9999590335002287,0.039528830164139106,0.5340154927773585,0.5939670919217901,0.5927586536826892
2.421141359830189e-05,0.00102497260306716,5.865403104738108e-06,0.5885838515523266,0.5939933746049544,0.5943660813727717,0.0009244436038339555,0.0007446334889838084,0.00037087656694822206,4.171601175496868e-05,2.5886049230975276e-05,0.00023014018211219315,0.0004620677724867308,0.0005786827220661725,0.39338252812058544,0.5029117895030112,0.9988772647652704,0.0035972825029244662,0.9851498803146049,0.5077522812498572,0.43070019134658327,0.35485907228144603
0.003704126376764363,2.609897954581747e-05,0.5817113061194751,0.0008531640309093701,0.006388752821255756,0.0009814055097481995,0.5731663671466061,2.4827649667109275e-05,0.001217975357852692,0.5782856611641924,0.3909472509785309,0.0009453406356946419,1.9270179072476733e-05,0.49804549557838385,0.0010685086210816905,0.006991365638868701,0.0009336726951881349,0.9959462914638917,0.004541404213492128,0.5040030456119159,0.48065491615902006,0.44351085108366406
0.9950615435825445,0.0018901744981947679,0.0009702754381401585,4.789200055592887e-05,2.7749817544154958e-05,0.0005049957791299137,0.0003313170537949018,0.0008989340984945118,0.0002395889264252872,2.7528805175989872e-05,1.7081273091153198e-05,0.00015032011440216982,0.0005700319881429824,0.0002128150417057479,0.00031841186749183157,1.7410390400736516e-05,3.0047364693207225e-05,0.0006481939504983077,0.0012006311591524765,0.46853537246193294,0.43180911226194574,0.5950868547525561
0.0015860091645405945,0.00023631097599271562,0.5913364063634321,0.0024094073664809265,0.0017897696651891536,0.0014659873096741095,0.00010983880805717482,0.5901882282972775,0.5892126190261189,0.0005296916960142316,0.0003298424793474852,0.3910357517421238,0.4993755664004347,0.00011928621917920378,0.0015782203835865115,0.0019267976156993904,0.0025938894908528742,0.9982732658392994,0.09531806806279154,0.481200122069871,0.3906390616084352,0.3998509506496901
0.57628414399819,0.0021494797008448636,0.5893731926960742,0.0005176169452684808,0.0005970014990669814,0.0023586914106301553,0.00013453998887341055,2.5532860204267946e-05,0.00748968739014865,0.5749102380574066,0.3877018544923715,0.0057843153385655575,1.9719671998627824e-05,0.00010570880514653423,0.0018216747111747447,0.0004610805448605922,0.00039976875265997845,0.5071543983743052,0.0024041028392110184,0.5333939474066216,0.4377464667434195,0.503532638526819
0.006072404584556022,0.5737130915680284,0.5861485991155533,0.001076550958415934,4.411925406413231e-07,0.0021205086303697014,0.5762653599148153,0.00026734195256396086,0.0001608876771678361,0.0002446342508372724,0.00015472994089916347,0.0001017606552523751,0.00016909245769934563,0.3880773226162063,0.0016358589729961737,3.403567813793022e-07,0.0008305070311799469,0.5028718642274956,0.9934568150608986,0.4689909849620619,0.4308414692461229,0.5278741450941601
0.0001803390483688765,1.6116822958092354e-06,0.4431720681846388,0.0018794728125940607,0.0011480388575581828,0.899468319854219,0.00013147018342422144,5.295092433550903e-05,0.0003765130725393354,1.960081625734063e-05,1.2304239703459646e-05,0.00023635282406825418,3.32394866795471e-05,8.395906276711858e-05,0.700454138948084,0.0015896353594731945,0.002602430421095831,0.9997502956473935,0.005760350584616974,0.42277494262383725,0.46885544902908066,0.4150897406998704
0.0015783207545166094,3.233324627214992e-05,1.6540472177092067e-05,0.0030562825536817897,2.293067958300566e-06,5.722178925591946e-05,0.5770827794843058,0.5842977143455296,0.0002304214913279399,0.5811343084057927,0.3880877222245671,0.00017709893415006182,0.4984821284595409,0.9962693317317219,0.010588911668229603,0.00042437264956523245,0.6964624265182474,0.006670140285529147,0.013202322734399807,0.45274686424384547,0.41391836627588846,0.47481906162344156
0.5792280809009364,0.5667132879787202,0.0004982808819456787,0.0007332654416713597,6.264827349382286e-05,0.0019272359568086503,0.5740539333874847,0.0004925144029613908,0.005411032688874338,1.4851104992937647e-05,9.427331528536066e-06,0.0034348864492034503,0.00031264781126389947,0.39571709459608606,0.0015048916103746596,4.891935208705749e-05,0.0005725741611638437,0.000389085843612889,0.49698921350544606,0.535200431091012,0.525496194247677,0.5315159589948836
0.5592390641014973,0.0035651616886414146,0.00027971025330171355,0.005623111454268596,0.5650717674804937,0.0004326654050243649,0.5400399350029963,1.0364946022728991e-07,0.0021174584318104186,7.582987770945347e-05,4.8165387378989804e-05,0.0013301161028723332,6.619582034775274e-08,0.3849598267741281,0.00033196367727149014,0.488148878515216,0.0059837953027295325,0.0003279282346263636,0.0038810304310199317,0.41860088152762526,0.4368419430698131,0.4454209113552809
0.005914601553811971,0.5785597454071973,0.5974785012690539,0.0001526817818009636,0.5839392106655843,0.002542735522006962,1.5858748588360916e-05,3.187282946120914e-05,0.0031680104304732007,2.3460816267230605e-08,1.4569562543982509e-08,0.001976592045459531,1.988623056665647e-05,1.0066079062208889e-05,0.001586471968200659,0.38789370308344495,0.00011616615082707307,0.5062918308986504,0.9935721729993243,0.6010528331454105,0.4185926797217434,0.44072085776490477
9.409220103086449e-05,8.871022517837274e-07,0.0019506793765381517,7.493827999219511e-05,1.4158659092024775e-07,0.6183297014361898,0.00026339878604690565,1.2670950733246203e-05,0.6211847118293456,0.6216231161724274,0.392727927742367,0.5014655407214241,1.3045722047995905e-05,0.00027588764779428864,0.9979878123486792,4.612037037153181e-05,0.02441629358700489,0.9693154258988868,0.006076658605060584,0.48455760705702255,0.23393467208792307,0.440815476236873
0.5822283994975499,1.138261544534957e-05,0.0009963174852008986,0.0010897184929059614,0.0018713846167215963,0.5841294899463769,0.00026645522228280514,2.7515002439608872e-05,0.00016404025468925065,0.5845373833218521,0.3925280988680054,0.00012662463945648008,2.1239160495101886e-05,0.00020924331424830266,0.5010435140607844,0.0020462514066082803,0.0011915461980172967,0.001089420563586796,1.2601060786149657e-05,0.5882433823244858,0.4495066144840446,0.5231719342715594
3.1837115203843535e-05,0.0010354679011437857,0.9062580210208917,0.0011996210257084973,0.0016757320177437354,0.0022859589096969595,0.003648644198475955,0.4477720041897537,0.0031332463122015187,0.00026631438556233463,0.0001677199460435614,0.001973265116550547,0.29214659216701944,0.0026074462132490697,0.001605811201968288,0.001177151197117862,0.0008426966178493383,0.999263230438599,0.9806729560869316,0.48405471893734126,0.41965055661260176,0.4356012452419115
6.343887427466505e-07,9.968149841706449e-08,0.00047475153430359934,0.5875367361776281,0.0018888757023745174,0.0014565549181771503,9.061389284554624e-05,0.5847046235211533,0.5831244397712446,0.0009700622507755852,0.0006103708446307187,0.3910357517421238,0.4968566211537143,9.81827119222706e-05,0.0015782203835865115,0.002046657095715601,0.9994855870962955,0.9991386359453851,0.10043690954148407,0.5882312380294186,0.44063562067719453,0.5217008774464897
0.0003062166504543112,0.5731583776411117,0.00016207384981037484,0.5834777691120117,0.0026715066582547542,0.579395355434103,0.00216843817698739,2.9634334088002662e-05,4.523753290757146e-05,0.0035948182221018856,0.002273916985592539,2.861531211875712e-05,1.8745401549912242e-05,0.001383705938602162,0.39053934184590733,0.0020667264408430757,0.5017450568536833,0.0001778074517630717,0.999664065226425,0.550107472841868,0.4532509688381476,0.4583685892276793
5.331162884886411e-07,3.359244585125796e-05,6.12028391814516e-08,1.141660219883528e-08,8.978350176245016e-08,0.9115168358914307,0.00018136065226324725,0.45487544991661794,0.0004022127559067021,0.0007284463949369679,0.0004570785504280253,0.00025237668279584684,0.29596796784305507,0.00012842864028816004,0.9999761225223531,0.0016803950825619788,0.0002136738242484726,0.0011454803822830244,0.9900219606234267,0.4240429121256585,0.40629594347221376,0.4943978475608132
0.0008589685808140019,0.009224651781034286,2.7513035080544717e-05,0.00038005738307586855,0.5857842664310087,0.0002818176347270981,0.5754122540560822,0.00014197712931266713,0.00011102553348120233,0.5857094567390863,0.39187286339640515,8.534397698654027e-05,0.00010913609489682178,0.49974145713307794,0.00030775774064160347,0.9897998504734806,0.025783792132412886,0.001937476997447063,0.941615721049767,0.5000478388105583,0.4325382028762047,0.4008898026963047
0.584449657976823,7.1358638777245044e-06,0.003784955486313348,0.5852830504239601,0.00016426661854131147,0.0032119026451428064,0.0026477945797580647,2.030793926673227e-06,0.007146998692986916,0.5826924060236531,0.39069635848271167,0.005500705614433567,1.5630445725385838e-06,0.002073242572163596,0.0024721234822631965,0.00012643279497089337,0.5004549334361685,0.0041228660172561524,7.869694551354556e-06,0.5369268613923359,0.4430055640054656,0.4152503502028036
0.003047223270079557,0.8875267374043416,6.822272524917556e-05,8.927895345920237e-05,0.0001002550504417077,0.0011166688615912024,2.4897040413683277e-05,0.4497706346055345,9.76886602586207e-05,0.003109770418059544,0.0019701885111799433,6.189065846603316e-05,0.2954436474899742,1.7944756468326988e-05,0.0007911406379043616,7.102908503854111e-05,6.32525346111529e-05,4.8334634750351213e-05,0.9978411474364042,0.5128032801509425,0.4976448392879154,0.4315853399130856
0.5825990656650097,0.003959966491971891,0.0032577218176607038,8.038646514824659e-05,0.00027681055018581114,0.5825556858633865,0.01276093659169767,0.5714861428073515,9.378995365495258e-05,0.00018690030346584313,0.00011845590047617925,5.94433292748247e-05,0.38529868821927593,0.010005472215102132,0.5015512315532731,0.0003024737615773199,8.783913832644214e-05,0.003559760984748054,0.00438099658444816,0.4894642633171419,0.5356871514507855,0.44452935872090793
0.5815873458112915,0.004752925881704649,0.00288899034225923,0.005876131964175,2.1950504780311566e-05,0.0005562614847265691,0.5661248283298617,0.000737664856503235,0.5809836595567797,3.512676641811716e-05,2.2278670302298888e-05,0.39296434800745944,0.0005737277727355767,0.4968689959247335,0.0006118818608519854,2.4025870763807252e-05,0.006431815619295827,0.003162307803858398,0.005267374849610595,0.49150017931377815,0.4812429320849819,0.5577381594856741
0.0,1.4805409427895408e-07,6.353166638998721e-10,7.340714087328727e-08,8.76478696086008e-10,3.540194852453026e-09,2.0438345130757028e-09,1.536674021191186e-08,0.4434068490511093,0.8970768328592736,0.7077526980736508,0.9999997592774037,0.05842956316405539,0.007928467757592511,0.013500972149943141,0.0033430802287396366,0.2899094330208237,0.0026982392233729103,0.99958185343891,0.4982574259638372,0.5065837109928836,0.5251281547351669
0.0046101119113482044,0.5719565808244934,0.5863105991772756,0.0034707873208417294,9.621006075357963e-05,0.0038161506680234767,3.908965075172841e-05,0.5798671042143418,6.491810294845359e-06,0.0003797259726470845,0.00023878759431883193,4.101414350290373e-06,0.3903550006120832,3.0720389986730766e-05,0.002948026208246939,7.432414205671943e-05,0.0026812517257293307,0.503946005450927,0.9949319499800076,0.48818202397253363,0.4340641449100556,0.44370728251595737
0.0013357493680472101,0.5615711886135754,0.000704779905849,0.005351324370745852,0.0006887803700011071,0.5715593907516537,0.5689440424678355,0.0017629612876837056,0.0002336215630097236,0.0004133792068894194,0.0002612825152916,0.0001476641012329305,0.0011262269555562007,0.4009806660464503,0.49873852695783927,0.0007672035994187366,0.005907517348656022,0.0008284640408368626,0.9984759735945259,0.48391924404376424,0.5670548314264885,0.4504956099033062
6.9154574165774e-05,0.45243641315094807,0.9044761128756197,0.002941241733409502,0.00011082100709206275,0.0005780707746321438,0.0016234016066626396,3.355107992888787e-05,0.00047072857036054385,8.060687223263138e-05,5.0614499455026166e-05,0.0002955789541808992,2.106732934677581e-05,0.001028314557942565,0.00036298104999231027,6.958650856891095e-05,0.0018468602560715742,0.7015608530511854,0.9999038909682443,0.4009413499791593,0.47543572230403985,0.44133048598711355
3.395014780344067e-06,0.0008601986899123505,0.00014105775024629815,0.5819578521038073,0.00038184666357588817,0.000553497602251347,0.5727950834388361,0.5965391553155116,0.000702923216708724,8.084907064890323e-05,5.075404987626438e-05,0.00044126923760569,0.4003580347034461,0.49773123645491274,0.0006024177826323689,0.00041771344501354826,0.9990348754591836,0.10222361535609624,0.9975183464911359,0.5818341786075945,0.435095691075556,0.44343999792957745
0.00015836168606197292,3.155150184674106e-06,0.00380767703830816,0.0006044910122082549,0.90282996314393,4.541769065131898e-05,1.135388311433245e-06,0.45047582547708825,0.0001657886980977269,0.0010657188289682758,0.0006724182137047539,0.00010460489854148775,0.2946352937817437,8.144695106903388e-07,3.202541684167021e-05,0.9972791648026834,0.10014534507049988,0.9735334741750259,0.012840122944966503,0.546853003380897,0.5555035184543753,0.4391247359705884
0.5902494206512658,0.0052312974192903145,0.0003057079703230529,0.0008342389007657969,0.5875301624126055,0.5840175856152718,0.0001324794296688796,0.00016676444304263165,0.00044317027771773965,7.633380877422877e-05,4.777452209076791e-05,0.0002773640481293199,0.00010437176473982682,8.435048403530353e-05,0.3893336183892958,0.4985258607931091,0.0008997629974111385,0.0003297200029964681,0.005712426361915128,0.4679562378511931,0.6205390230677559,0.45962600931289255
0.5831867028438941,0.008196835294194984,0.0025834484180688065,0.5823517377646382,4.860842963259281e-05,0.0008139073628350189,0.0007681577809246023,0.0005341035580270845,0.5761075648777741,0.00017562482866835966,0.00011118560595874127,0.3883709165995442,0.00041254995062949473,0.0006036166115615804,0.0006286736498523769,3.754589502539217e-05,0.4995166312865699,0.0028199213665866417,0.009058738243577048,0.5454261718414687,0.48555343382971566,0.5575279185171573
0.012283719091990344,5.198561859628738e-06,0.5741957548244325,0.5888667195466262,0.006683320868621517,0.0032313733116477437,0.007162507335531428,0.006468911454081706,0.00017020439244733922,0.5883230486871391,0.39522793749041757,0.00013171439317797825,0.005006084299924034,0.00563905353332228,0.002500806432438661,0.005172407313972277,0.5079567622221209,0.9863832856662101,0.0002727795057104821,0.46178287775533977,0.5522936615111289,0.4152503502028036
0.004747886962256782,0.5736365060434027,0.5583236922496233,0.565227284522861,0.0017770778271535117,0.0005466691249555132,0.0008766210690295078,1.3844731175896728e-05,0.00017527910245568855,2.091816061173614e-05,1.317121304859046e-05,0.00011036536943657515,8.86408180476026e-06,0.0005889656286163602,0.0003459214496713786,0.0011456768245289917,0.37927879210774806,0.5029276346061902,0.9946164530541061,0.5450562726751521,0.5639948474266978,0.4297452085408656
0.0023289723232999934,0.5743801351136077,0.0007141030225321171,0.00028299846671482745,0.5738156881079854,0.5804565544776242,0.00024458653619171763,0.0015865500952080352,3.97471354386004e-05,5.7812036765428993e-05,3.6724193238122365e-05,2.5248753202421575e-05,0.0010078318338512225,0.00015806173739459198,0.393264302585535,0.4957512470620906,0.0003098087032440105,0.0007817557410873532,0.9974504447351829,0.46571668371809716,0.48005582028478627,0.47535147383261744
1.5339255938235496e-06,0.0008326828602767042,0.00012169871287141503,0.5799413118516832,0.0009476840234994225,0.00042253275460205476,0.0005735518658862379,9.472867216191423e-05,0.5826042089131324,0.5833417189010206,0.3928959580159086,0.5014655715335269,0.00010535860802648772,0.0006565453357981034,0.00046614139231558605,0.0010496678337503036,0.9990506529994795,0.09575015437115322,0.9988190736478046,0.45344885805296925,0.4468330552967297,0.445319445171534
6.114535439680079e-07,9.28034330259959e-06,0.00203191778545525,0.5880371401508456,0.0006553255029794224,0.5861275329705666,0.00010696176751320418,0.00014124224538832189,0.0027139046477512303,0.5793583031236904,0.3871210874672081,0.0020758010321847795,0.00010918882804428947,8.256660939566356e-05,0.5005446640424678,0.0007158441400629783,0.9976576797647809,0.9971897143969926,0.9577915816065448,0.6020686949608032,0.557164640501284,0.5204940531877655
0.5831335422641291,0.0027075170585569353,0.006101092588836945,0.00012386027556599702,0.5859860829588401,0.002745393344545749,0.003236028137282529,6.508423923916748e-06,0.5847345220737445,0.0005495296132522272,0.0003383424981040616,0.39191157366572715,5.011933928699645e-06,0.0025351435954938844,0.002124664991788524,0.5015513181886299,0.00013522018412646732,0.006910220563375541,0.0029927643609738487,0.4811993980314067,0.45292459293289006,0.39985397870614353
0.5662191053203902,0.0010755655300243837,0.5607111583614018,3.920126812549421e-05,0.587582799085797,0.0005063398871813039,0.0003321989063649228,0.0009013266732692014,0.00024022658554708406,6.885276808363011e-06,4.308412683329359e-06,0.00015032011440216982,0.0005700319881429824,0.0002128150417057479,0.00031841186749183157,0.39197527342667615,3.0047364693207225e-05,0.5106492809567293,0.0012006311591524765,0.46853537246193294,0.4205981812740877,0.600436069359284
5.1803988268084486e-05,1.368768579273912e-07,5.521237045020457e-05,0.5827386214190876,0.5800479758987076,2.9591246633744384e-05,0.00014689893507237583,6.6604115950676005e-06,2.7330591228043866e-05,0.5731597025585093,0.3875569622236081,2.1161430753110193e-05,5.1569993346907124e-06,0.00011571088250013367,2.30256214704506e-05,0.49852685553532483,0.9999156304398704,0.5319455326620228,0.0017030805131378335,0.5439111885390439,0.4980853084211687,0.5183918782490009
0.5746937975302345,0.5631148752159977,0.5902890473317282,0.00017080515359491454,0.0004052664119295976,0.0006791353407585098,0.00012364483330141914,0.00618157726144191,0.003163770951595396,0.00011636689729709684,7.394231287339622e-05,0.0020103396595439415,0.00392796769491904,7.992996878721501e-05,0.0004336931610847691,0.0002575211103235889,0.00010853586033963102,0.40110713198970566,0.49746290424674255,0.4819924949707976,0.4931149319318943,0.5388588825436788
1.1748150668481274e-07,5.222037227660416e-05,8.91811244773608e-06,0.5942056066870466,0.5874269180005044,0.000796292589690891,0.5806349266178549,8.798476776037401e-05,0.0018829526385738895,0.0009854924053329815,0.0006105214987966535,0.0011665077409543922,5.509055110749555e-05,0.3955698444765758,0.0006097255582769501,0.49635309733565114,0.9999424505356851,0.11313816585192304,0.9985286268038744,0.42098302825453837,0.3543239444189684,0.5124202571576699
0.44296299615613954,5.8941208509931594e-05,0.00044351525709462636,0.00028542582208111673,0.0003033436477644911,0.8943202556455273,3.1310753074194404e-05,0.0005366634883870674,0.00011678005172619455,0.00230511422973433,0.0014428027644082947,7.3909693279553e-05,0.00034328573715758587,2.028776933545676e-05,0.7035217533897611,0.0004275297900028578,0.0004022720537283683,0.0006655822945955854,8.410266413523044e-05,0.5350632943200644,0.4620732703483074,0.44327710466138226
0.00019154019082986065,3.277335834399918e-07,0.5810023280603718,0.5869368605601841,0.002060420062098832,0.007334697146082615,0.5771641354457185,3.927774012749873e-05,0.002152402011738753,0.0001052143268085757,6.609911304638998e-05,0.0013522113496319773,2.467563465579389e-05,0.39344919126452405,0.005653782493358961,0.0015882724316513708,0.5032343564220281,0.9997901295473534,0.0011028565443600424,0.3866973702462912,0.48373759693318047,0.515734092200285
3.3367657931085594e-06,8.635928650166075e-08,2.3824905792907118e-08,3.714226620313349e-05,1.0595182070221468e-06,1.2780964704580735e-07,0.9995619931939284,3.6116730531443706e-05,0.0003434662123891115,1.6647319108226773e-05,1.051036426055521e-05,0.0002168490637565296,2.2802474255054488e-05,0.9999764459456026,0.002169930982641427,0.01808248208200125,0.9429411823475896,0.0045440200610061265,0.016677991331042752,0.5239629838515518,0.44435291746504396,0.5683246891914632
0.007466164217060632,0.5661922246930106,0.58387661285462,0.0005531806763125716,0.0009921384517706112,0.002100880166123502,8.04425148003941e-05,0.0036182741958603604,0.00125216568685842,0.5807301261027382,0.3929227894483899,0.0009741778318535433,0.002815008243419626,6.313402955476338e-05,0.0016262085181635091,0.0007718902176632337,0.00043037702341627675,0.5058277956280097,0.991708950005713,0.4817719737783593,0.44794602923490145,0.48076394878423995
0.0003851115020107922,0.0016110657684043378,9.545184038929538e-05,2.499183677537653e-06,0.5819806492485164,0.0003985632265652183,0.5742810946009776,0.5738370824508915,0.0032321543961687754,2.5491608678011443e-05,1.619915756009725e-05,0.0020539416293174437,0.38828872011624604,0.49854161491854876,0.00043377016408330607,0.9981637368099963,0.0009477907808782314,0.036218847102214624,0.8523978717419118,0.48393385725509486,0.4937584602386426,0.5388819467754536
0.0026567726145990188,0.8959026550147248,0.0037233303180494535,5.404308490363231e-05,0.0011073859066078942,0.44855252283277197,0.00011456988508352395,0.0005322511698772582,3.9827223192566686e-05,0.003049624045571773,0.0018907922890838147,2.5032598851551925e-05,0.00033811428262566553,7.419133467447139e-05,0.2936288566612437,0.0007772392713941557,3.7930665536325064e-05,0.0027825980711031423,0.9980985054535249,0.5452559747284196,0.5327852258766299,0.40124460001500567
0.0036391960238270783,0.0007334894644933529,0.0018102645967244273,2.090812702774014e-05,3.131398763538004e-05,0.4544593210427697,0.8887395096500537,4.464458602239248e-05,0.0002450204702571862,0.00047643493585675437,0.0002994297653399592,0.0001539904821113289,2.805823329659845e-05,0.7022090316142431,0.9942175872527962,0.004805433320186968,0.003208628476451425,0.2939114230631802,0.12815384445086503,0.4955584511606407,0.5573171470427488,0.5982167731781665
0.5871398459882833,0.004086359528996836,0.0025419613467497376,0.00036617144113545785,0.0013943877836804265,0.0013266541352423523,6.218306316641975e-05,0.5754056404052944,0.5819191427117173,0.0009749656793452842,0.0006162425808351754,0.39214365433621334,0.4935719499677907,6.859094673597509e-05,0.0014455905902685294,0.001511883141086141,0.0003970269625912543,0.002756165731971987,0.004485861647467226,0.4512932074477709,0.43397132115410975,0.4782635382622326
0.00029836325800416843,0.9960965113185337,0.00013662329715976345,2.042964491051099e-06,0.001867569781089908,0.0006849485632295077,0.0006160437373304626,4.7378045749912376e-05,0.00014125305169668896,0.0001092659827147371,6.897514221731331e-05,8.916727098378171e-05,2.975770273417787e-05,0.0003888832990118381,0.00043238029410519994,0.0011789200938550945,1.2896462503147576e-06,8.624513819640623e-05,0.9998116586752698,0.4851452671790898,0.5641163425393986,0.4354980047558731
0.0007919399465528763,0.45639718045624006,0.0019094254334059767,0.0004930348506013183,5.821527756882192e-05,0.0005814233992141571,0.9100057632000791,0.00033845453932869577,0.0021432381580874793,0.00023532761920870985,0.00014479227305839575,0.001318691910921798,0.00020824466386924252,0.7052791689112202,0.0008050314823880118,8.020537372180944e-05,0.0006792728086969825,0.002630692923389781,0.9989089334713667,0.5965424970070541,0.3440329726877076,0.46779202537242764
0.003985340697026829,0.004179594728293643,9.575927056936468e-07,6.316531402257139e-07,0.5778372196619441,0.5803591243850944,0.577678849846734,7.842430395810644e-05,0.005680818217278339,7.031164384084481e-05,4.414026264420244e-05,0.003566325660957657,4.9760671478797625e-05,0.39931799863272355,0.5029473742683959,0.993494340397638,6.80957320979155e-05,0.00010992390512944215,0.508576151254654,0.4811551406610183,0.3924115903756033,0.5463651939856375
0.0005754407996329389,0.5683399182488206,0.0016875113742576245,0.000476107075169639,0.5902013042765877,0.00029571879213196705,0.5771408896156143,0.0003309404175306952,0.0031453017259076765,0.0005489529238194016,0.0003463000469966902,0.00198417770762309,0.0002087706652098066,0.3914938784781651,0.0002272360890272323,0.5080769761477729,0.000526749869053501,0.0018670184639281162,0.9993633616480774,0.5709450820709234,0.43689610648989813,0.4877215759745826
0.587783509316899,0.0015724378540497679,0.0025725626560813425,0.0013230997909227593,0.5850786904329808,2.9996308212263625e-05,0.00011076944953195342,6.718209239616177e-06,0.00036952498926802306,0.5781333763811012,0.3875569622236081,0.00028365296907443584,5.1569993346907124e-06,8.502831020545032e-05,2.30256214704506e-05,0.49852685553532483,0.001433008872118724,0.0027862774457756423,0.0017030805131378335,0.5421299047946794,0.4980853084211687,0.4041401045770261
4.263727721643064e-06,0.0017872625346081565,0.5848640632691625,2.2059686373033502e-06,0.0002830249071697474,0.5887540016229158,0.0034723597614059105,0.5786114910472498,0.000696056898545057,0.001327044790890912,0.000835065396290412,0.00043800587571149734,0.3876095278915628,0.0026637099763339445,0.5021080633974965,0.00030806801651278934,2.40117423635922e-06,0.998030368450337,0.9985251804569272,0.5814150039483247,0.4643324372048573,0.43848183449087835
0.0004931254181274035,0.007042079001940309,0.434923376163949,0.0005761262067126938,0.0007913618889384745,0.0005957207672073725,1.5168551859168183e-05,0.903637344304746,5.344513850565987e-06,0.0010908763184284687,0.0006924775395655844,3.3926465356440977e-06,0.7143912650190688,2.2394818541467045e-05,0.0008674469184238576,0.0011581986699175095,0.0008431886321478288,0.989539943184733,0.956039169945315,0.44811174729783115,0.5059776230670009,0.5124174064901583
0.0032097987934941886,0.4452101535059449,0.00044976787667000206,0.0003113603858643412,0.0009663999011299385,0.9015042847064754,0.0001505404230694948,9.031219356585608e-05,9.103385377374109e-06,0.0011564383584719909,0.0007275433185140814,5.7271645075467395e-06,5.742540024235938e-05,9.757677666877364e-05,0.70609580275797,0.0013649101608017395,0.00043974833100024523,0.0006763856463153224,0.9953145503222555,0.4619387610247722,0.48434560520300907,0.39890396393142663
4.660689335986012e-05,0.4399041977031736,0.0005285714685938027,0.9024307190107145,0.0024664458282012934,0.00044797667686509077,0.00010524226063683225,1.1456644232766745e-06,0.000546449022745152,7.99731052306062e-06,5.0451431947257336e-06,0.0003447304213730103,7.322677261420701e-07,7.084276738412452e-05,0.00028401067921080854,0.0015931427932082145,0.7045529482548348,0.0007932054085938581,0.9999310848717455,0.5370784231665684,0.4429861223706175,0.5671691214577043
0.5854200190294228,0.002974538470524139,0.5846485275291718,0.0021704407505451708,0.0009059251608128857,0.003920930358604136,0.00010745860690838334,0.5831297737557565,2.2895076067759496e-05,1.3513190863765733e-05,8.498938739323538e-06,1.4399550513557397e-05,0.39084611399683655,8.341004444711868e-05,0.0030169660875173044,0.0006970708577879372,0.0016700634146812918,0.4995840047138966,0.00327497199743746,0.6023661393450565,0.45883333850422525,0.49346822505429505
1.2289941169373682e-06,0.0014716549945840867,4.879915152241502e-07,1.5123357421808235e-07,0.9058412035467733,0.0004807283121932188,0.4576004596335197,0.000551643414488276,0.0091286835929816,0.0008465202437941174,0.0005309974220097306,0.00572623517583043,0.0003460438990097193,0.2977929961275684,0.00033785289823781706,0.9989528554669405,6.461773364312899e-05,0.00020850407717107471,0.9994837236282863,0.5478694622445113,0.4030449118510923,0.4433205912315872
1.4731012559622955e-07,2.52336885079032e-05,5.082478403344871e-08,2.305822422054156e-06,1.0481887719203122e-07,0.9996190021254956,0.00013031952917711185,0.0001446544251164678,5.6920501931385e-05,2.1260953562581045e-05,1.3473367434456299e-05,3.60713372108608e-05,9.166958121388654e-05,8.401611245812562e-05,0.9999837440715454,0.0026013607195291867,0.057302818320070115,0.0012664863102054978,0.9963221156196801,0.5038599595686781,0.45269400032278745,0.4517088625275552
1.8411136499200924e-08,1.1755218525087353e-06,2.449198222989603e-09,2.531807286723989e-08,9.682850126857286e-05,5.2376168940713666e-08,0.886864816016835,0.0009220111992756619,0.4514777899599295,7.791902438752927e-06,4.916787350735077e-06,0.29537202460537726,0.0006505777182518437,0.9999316720212141,0.0003443319524466875,0.9921728508808391,0.013539225077697909,0.0013099460874914093,0.9901000503715165,0.5462872055552129,0.44120594288659193,0.4426698139143184
0.0003241020755572265,0.5778935411047796,0.0003904624248189679,0.0015312949673127762,0.0008628961744981329,0.5853048913973747,9.421863648303843e-06,0.0006087251635731735,0.0001890982532009873,0.5908348250174604,0.3947109825853877,0.000145463565015107,0.0004682610235686313,7.373322046537413e-06,0.500121320081095,0.0009389071484520795,0.0016661828003513507,0.00042485877822871207,0.9996473565051507,0.5004397514401486,0.4178057256004865,0.39952870970471166
0.5404002423295428,0.5571011935120076,5.437382553923927e-05,8.130634943310421e-05,9.406408590609758e-05,0.5745062471292093,1.5361247966940425e-05,3.235080805664669e-05,0.000748015515719776,0.0002452905645031088,0.00015715003631477345,0.000474056993404283,2.0839475366517832e-05,1.0383793596062656e-05,0.39186188374930353,7.542496432398713e-05,6.445525175900345e-05,4.665331517705087e-05,0.49994725177495997,0.4955830894585748,0.49714855983235046,0.43016315594645815
0.5681947848814625,0.572654290871606,0.0009947796358557135,0.00038011794139166554,0.00046977415664395557,0.001070822570436051,0.0018609393996438031,0.5744029155857456,0.00010662062395027822,0.0003901209495120565,0.0002439139339558416,6.757805618544754e-05,0.3923271734661164,0.0014891592968562044,0.0008358362077070825,0.00036487180684572273,0.00029523238087718166,0.0008226968993331072,0.5001998460087804,0.5088300264457387,0.5495626859307757,0.45656853285823085
0.000734006687379014,0.4471294736882565,0.001488556720474789,0.0009703232661366655,0.0006506861999920116,0.0011364500655721259,0.00341163963077857,0.9020917029744552,3.6846832284482834e-05,1.2790629136495365e-05,8.067629714442379e-06,2.3240973531612856e-05,0.7038955381597547,0.004880785683513189,0.0015981783441905983,0.0009150566686834116,0.0013645590997622696,0.0020933568783385076,0.9989677897785679,0.556137336553546,0.42547442662915813,0.5246528417064236
1.262113516094435e-07,7.774897105427548e-07,0.00017722518480727513,0.0035444809262381465,0.452986438091516,0.00012197293008459409,0.9042640127176966,0.00010871939352234972,0.00219537700843588,0.000493498287288654,0.0003106330450619402,0.001381883707124082,6.843371039035601e-05,0.7043442858180516,0.00017141371461617259,0.9950124962143458,0.9681950627497276,0.9971374820946176,0.9004633350770965,0.46117082209876475,0.43877201514542385,0.4216915662795161
7.930301444489133e-06,0.0009813298034097916,0.4484712745583054,0.0012897366563117628,0.8970574963249192,0.0027071544373186416,0.00014010767544111422,0.00011654624333710016,0.00016931344495936342,0.00033799001031988615,0.00021454426555472805,0.00010747428639278553,7.397950245111886e-05,8.971641284601442e-05,0.0017097008860197684,0.7048637430875626,0.0018308083766234717,0.9985896003229836,0.9949188041254005,0.5495141322538901,0.5027328097038258,0.4784923508835576
0.0002703384081923808,0.003403139234812345,0.5843631478688215,0.005292411406904856,0.0008607411154639313,0.5846111018617555,9.121066522725914e-06,0.0006318581997313841,0.0027342381131152268,0.592692432252075,0.3960099167347042,0.0021057802145295693,0.00048662896848853017,7.146338692709386e-06,0.5001161711350848,0.0009376585546055764,0.0057654193076338255,0.9962349441371832,0.9501527500167538,0.5676930093302489,0.556725443537035,0.40334263048089103
0.0042277503762917215,0.0005110903913701282,0.4576496807146146,9.492348258056574e-05,0.0002717441652322103,0.001967694282335334,9.734525090449197e-06,0.00031272568187925675,0.9148032809985385,0.0004793302420685529,0.0002983188039372886,0.7046819294923914,0.0004349995283592004,1.3775254435070909e-05,0.002737052657578033,0.0003779974824010255,0.00013203871103039638,0.9940753709125252,0.07753397738835649,0.49103023102646814,0.41793132984822645,0.37316642796318944
0.0007463428636990138,6.755127551754935e-06,0.9074084323301236,0.00567806678279165,0.0004401734664559546,0.0004918155153271439,0.000592491541965088,0.00025286425130367676,0.447129957014833,9.729040957248205e-05,6.122646515140594e-05,0.29146222668284627,0.0001774014354204556,0.00042287445129620327,0.00034504118245229544,0.00030881122375068246,0.003983560891652226,0.9994763726408562,0.005833664401694749,0.41693742007938167,0.46425966136094526,0.44145100569028195
0.00018516164485718397,1.2738945274618328e-05,0.0036177882371065655,0.00019884969823394516,0.003786203631669047,0.5901554871268616,0.578909664047928,6.807447605398817e-06,0.583220399029856,0.0025753891573540633,0.001615875926229369,0.38984232188122336,5.219658391648755e-06,0.49664664811590126,0.9943434638653663,0.5135820820055055,0.034910432052971146,0.9673677071307725,0.04427319990967596,0.3848873322270049,0.4686570164378199,0.5203628103243173
0.0019668359495864964,3.0445401250306623e-05,0.0002773764421888137,2.4531463563030833e-05,7.801280070315786e-06,0.6278072118240026,0.6146098557055918,0.6320658480088013,0.00043561655430330784,1.3962814939105284e-05,8.0904801914106e-06,0.0002524096044868618,0.3950206993714413,0.5011559745322787,0.9979269578332571,0.0024173438513282377,0.007601536415495713,0.09184184080383723,0.009652374249812912,0.2146896485540809,0.4039724322454256,0.5898633519674938
0.00015235665895261177,0.010568693724307207,0.9072049440707685,0.4502537947073176,0.0040333131362808375,7.70391325218174e-05,0.0014138117890496419,0.00013372483332642595,5.790664351496308e-05,1.358254365332837e-05,8.537166345956074e-06,3.639662675761824e-05,8.40513722164395e-05,0.0009040325024345097,4.8422081361098934e-05,0.002535102990323786,0.29326660028683416,0.9924909204282443,0.9909361464394195,0.5885425759828774,0.4371776950870301,0.5326926679919674
0.006298025822645013,0.5722976782928375,0.0016050726408636145,4.31416443256265e-06,0.5798834754798398,0.0002594701077837513,0.00021440266570094018,5.0157960468729265e-06,0.00011492379375936806,0.5807712938529356,0.39239681311218827,8.924727899286257e-05,3.895156391271314e-06,0.00016796239520750245,0.0002004775908262045,0.5002366481981912,4.739772931649372e-06,0.001763426940529167,0.9930806419711083,0.48448733648467623,0.516104895817623,0.43555660534841045
8.454605743382593e-10,4.566490138570939e-07,3.195177563957535e-06,0.00023675102345454402,2.170637950771309e-06,3.61185763324137e-07,0.00011568060394301936,0.9036787069585775,0.4521714824939453,9.502228918676014e-06,5.958628634721121e-06,0.2953543693368679,0.9998137256768795,0.29364595991874265,0.000971092390655362,0.005836120127744371,0.9913192689963113,0.9085188243792401,0.998700271452336,0.5871002689546004,0.4799965476162933,0.44994451849170475
4.931710535750368e-06,0.0005053074096960964,0.0015544671771001613,0.5839866798915759,0.0018841026941975039,0.0003493233429344803,0.5691741939547098,0.002859827622709423,0.5728508171367309,0.0038378202795876625,0.002432595559037686,0.38639246954385975,0.0022304739364081647,0.49930614390679234,0.00038270031783955213,0.0020539190205872155,0.9981114172886761,0.8091532862335306,0.9937415319929053,0.4914713182145513,0.49091357525641455,0.43504329756976107
0.0018044110894455947,6.05864002970805e-05,0.0005963300349309085,0.936049194634904,0.0005729192370556049,0.0025335485486996647,0.46035316580108926,0.0001090318188089071,0.000497304606451222,7.441498631999133e-05,4.5261571988579696e-05,0.00030247663615449506,6.631665939983086e-05,0.2953321655223573,0.001723095364160355,0.00038965030866904037,0.998706872101317,0.2030946627629397,0.02163370350249344,0.5234401193694843,0.3792738686134836,0.3223818789000154
0.0028816117014995183,0.5788185547447526,0.5803148517124527,0.0004883224713102089,0.0003070144909556158,0.5866605961111218,5.907558514411231e-05,0.0008140478651010662,0.0035247139915129755,0.0015314112739019516,0.0009616542431944417,0.0022133612704016703,0.0005111874256699376,3.7739652627907403e-05,0.3951093025614382,0.0002369872796181428,0.00037694062714843614,0.49688462174818604,0.9968696581989374,0.44037007157796065,0.45730957000103223,0.40821972744182494
0.0007799752278577081,0.5730574177967861,0.0025072160616686832,0.0006785182202990827,0.0017468187261898667,0.0005619415115403631,0.5775431984040077,0.5795272103063134,9.527574657340062e-05,0.0009303020315280503,0.0005887503788628345,6.029617658197721e-05,0.39085560208544806,0.5013244160859649,0.0006134659263415405,0.001916704726312394,0.0007445071546384168,0.0027510726152731313,0.9991441791525721,0.4310991149539687,0.4940761507073307,0.5340510346599484
0.0005571583891679016,0.5716870174106701,0.002492336759255537,0.5816151491846738,0.0002501050488515151,0.0001859989789751094,0.5690874302367237,2.2553705539540917e-05,0.0022193357223271918,0.0003524522382025861,0.00022239406399679452,0.001406930491818509,1.4297768694495916e-05,0.3911736596904213,0.0001443081523453682,0.0001940453600584209,0.5015433207028916,0.002741313361830096,0.9993871955109235,0.47875452375178135,0.4841197087652478,0.44066144939119045
0.0002299367708718912,0.0032848347771472393,0.89009181357296,0.002461868011611193,0.4620433937974876,0.0027519916217252677,0.0002913302417734625,7.837544702732413e-05,0.00017559604784155158,0.0011210132377303162,0.0007116096794640985,0.00011146695413350759,4.975210166500559e-05,0.0001881380037582883,0.0017469398757262464,0.3048159809245096,0.001760781210202586,0.9976157097518447,0.9560553159942823,0.4484726006314061,0.5000827317486035,0.5149994840621333
0.00012128232594202136,0.006614140742757096,0.609453870234682,0.002937086194315122,0.6112238850100021,0.6120441047209962,0.002628166501644773,0.004551186134190382,0.001565214063785101,0.0001194832662578739,7.188449862170002e-05,0.0009416774523632273,0.0027381338990782964,0.001608591075391583,0.39265303182184946,0.5009006305011905,0.003067791631920725,0.993004266575049,0.9884713414337698,0.6997983292945735,0.48197280550902766,0.3661459907937425
0.45401786979953795,2.9920501872003596e-05,2.9897624659254934e-05,5.237738627144337e-05,0.00018667403752067839,0.0011267145012388929,1.600569250717614e-05,0.0002579070854745966,0.9070009856421587,0.0009390256944951541,0.000589383182956377,0.7045489506089715,0.0003616444296935435,2.2832453262857803e-05,0.0015799078928774473,0.0002617599254780682,7.344495425389892e-05,4.192329054375499e-05,4.247705069871212e-05,0.5317556798502496,0.5563743186694599,0.3995108623268395
1.5771330573083006e-07,1.5654422449460974e-07,0.00015951162601362352,1.0554166915650736e-05,0.5827760573254102,0.0004190021434806223,0.00012519684376209245,0.5817548532293596,0.5807356638807606,0.0010017436178492533,0.000632899330825908,0.3910369869537036,0.4994411170982428,0.0001379646449469726,0.00045539401904292275,0.9998253696609477,0.0420607849345514,0.9991076471728597,0.5015746219049603,0.4637938856507123,0.4808857738854319,0.42282440572470703
0.0005552186137866961,5.606396923532432e-06,0.5828181218221932,0.001100840129257007,0.0014636388122734295,0.574606170337778,6.446922695989281e-06,0.0010706299061072747,0.5793554872721091,4.882688049967985e-05,3.0998970910911846e-05,0.3921522353101892,0.0008327808255950567,5.101567202687139e-06,0.49548163003803924,0.0015987468296957874,0.001202458459027112,0.9993935120813775,0.00650823344910445,0.5477185966727548,0.5132454454417772,0.4828160278731276
5.990658854457038e-09,5.6427928376471504e-05,0.4561360134852664,0.9041684438207604,0.002648596243303453,0.0012546494911358185,0.000654071652207378,0.00019721471887038425,0.002809288064310899,0.00013235830081904414,8.320403279809207e-05,0.0017659977061185823,0.0001239750525464768,0.00041829232376738835,0.0007887084375283795,0.0016649875751732774,0.7025542673419747,0.9999202654276261,0.999932148108884,0.5512463713685545,0.4423429161090686,0.4177595726087139
0.9047350499691722,0.0027042997741515344,0.0007984537281923891,0.001259454822679566,0.0007778800512948593,0.00045222263928777366,0.00012825022149903813,0.4542556424714962,0.0002555198759090342,3.970691914168699e-05,2.4916853826566602e-05,0.0001603436650708049,0.29897243447571414,9.181365948375346e-05,0.0003198111011778658,0.0005473941716607066,0.0008862740999749473,0.0005829050805332414,0.0019266723761580118,0.42068584501958345,0.41479434138835425,0.46915396815577476
3.263975871232226e-06,0.0004328781609872197,3.1813431582741896e-06,0.00044433482969982355,0.0006681090981609294,0.45491976997821343,1.2097341470737733e-05,0.9123068572873325,5.4072963354889675e-05,0.00012577484808876075,7.854393113095874e-05,3.376751597560838e-05,0.7055219666516418,1.722245440984835e-05,0.9987205568349651,0.5216632554762787,0.5043636595178151,0.004621026831092834,0.9952588013492648,0.5845022543680126,0.4539186712669844,0.3991301095112925
0.920221201447808,0.45677469899111023,0.00013951974642366173,0.0014361699985510296,0.0018144479020408726,0.00063320400503853,0.000283803902118361,3.203639762935006e-05,0.00028396749690083687,2.874187528278026e-05,1.7766994900947006e-05,0.00017553657661129529,1.9803532976092588e-05,0.00017847480805059491,0.0003914187121848887,0.00112161332907508,0.0008877771816243204,8.624513819640623e-05,0.2964698095730976,0.5024100698289892,0.3272273686299169,0.5032856722775251
0.0018585570354233425,0.8951505156707465,0.0038645823498644058,0.001231185226280092,0.0016983484482605163,0.0011367490305078441,0.4427640599756261,0.0003096670667302768,0.0020978267709233335,6.775420699405688e-05,4.261996012452506e-05,0.0013196136844155458,0.00019479277291579254,0.2936433629946915,0.00080247480141256,0.0011929986466076722,0.0008648429039735629,0.002771057137690547,0.9986945090783153,0.5955768645792051,0.4817744099588784,0.44914869463001567
1.9355395914437462e-07,9.512735607613871e-07,4.722987140698462e-09,0.0,9.235200663186634e-09,0.0,1.3852314104447637e-05,3.1984676783374067e-09,0.0,0.9999849857017202,0.9999906722937871,0.012203647687614227,0.00013975956816786322,0.9570435905973782,0.0019415285305484087,0.006026512443239698,0.001316951210666411,0.003470384555010175,0.8660027568339197,0.4909325965622071,0.3951991649606136,0.5146888812946427
0.0034323931692149105,3.090374832832252e-05,0.8956104670310997,0.0018828396276893335,0.0021709624400313436,0.001112906089770447,0.4452025700799888,0.00048268749502386444,0.00028989518492542645,7.181992110057099e-07,4.5556727230273487e-07,0.00018388601851411583,0.00030617785950669556,0.29806394974087347,0.0007910682815007861,0.0015431525472805524,0.0013383506992771556,0.9975601540524677,0.005803106334890793,0.47431652096091664,0.48045244070474313,0.4491527223958076
3.420818873006232e-05,0.002015124413142125,2.742223035655662e-05,0.6459554297060358,0.64562826152249,0.0003027247308467426,0.00010568571397169333,0.6445086084923737,0.0006514875526934821,7.91411474055043e-05,4.5072917566353184e-05,0.00037103893196259214,0.39122869183708003,7.366941785443373e-05,0.0002110176123521601,0.4998354273693702,0.9979888398816763,0.008555082697764282,0.9895063293684577,0.5479611123304439,0.1696125390385163,0.42030827779242486
5.0077602247901026e-05,6.253755276012788e-07,0.0003929822203782632,3.6241475544344628e-06,0.45338958840130306,0.9011760556647334,0.0014892857298142567,0.0003834620138907727,0.00018257952414562362,7.42550572749043e-05,4.66747457288706e-05,0.00011476464896148411,0.00024361236715274393,0.0009583898451585972,0.7045168359474705,0.9994082393096488,0.005474578893120918,0.9241730008000074,0.008049253427534764,0.4791114552935822,0.4530601817230115,0.39919742561187743
5.5966082765791134e-05,8.547338755959692e-07,4.837477647272373e-08,0.9008413071118728,0.4495636588405209,0.00018788395679198672,4.196388384696639e-05,0.00011624638932887336,0.00017365451825340918,8.087669923279377e-05,5.0897011553429475e-05,0.00010928365384396134,7.411925884212535e-05,2.7537887226530638e-05,0.0001188259781248098,0.30073760455097776,0.9999584999891378,0.0005589228403977409,0.009515182296456481,0.40020768470649126,0.4788729360265608,0.4653563575474836
0.004281852837311855,0.00026435677762678137,0.00024367985966267184,0.4466055617914013,0.8955962146622564,0.001786141547037054,0.0003498456918813535,1.1927584241358864e-05,0.00023545976492138964,7.48085195972488e-05,4.758730456558448e-05,0.00014978104799135024,7.587394366660856e-06,0.000226399914996987,0.001136201037340591,0.7055001754993622,0.9938749501437366,0.036121544387247545,0.03974224991971183,0.513637984788271,0.503173425084487,0.47577094828462396
1.0222802647709e-08,3.9668632665513916e-10,0.0,1.0879245445518727e-08,6.721367260821909e-07,1.5892908005569891e-09,3.622053271164278e-07,0.9999627559400314,2.777010813080324e-05,8.416521759561775e-06,5.314362130019341e-06,1.7534612210968652e-05,0.9999995159121048,0.3191821584120984,0.001512402812562329,0.9855779582912383,0.506566107524782,0.0007035337489125462,0.02399699571957775,0.49905779715086324,0.4145825344648039,0.4693832108569689
0.9078181237969212,0.0011343971685258874,0.45179099180161336,0.0009627729447198621,0.004793052580056881,0.002710977286253423,0.0006691273611676436,5.625414637930817e-05,0.00020506318442300913,0.0015004648320497392,0.0009420219132981953,0.00012874290607639625,3.531751645912345e-05,0.00042736995919125716,0.0017104650561468487,0.0030091863674454986,0.0006044551774990997,0.2939842780448479,0.0008054231280349988,0.4166336973374891,0.560280919308676,0.44141083686834465
0.5939705522449183,0.003997691624838221,0.00016260459224532196,0.587306603394667,0.00013247894177591477,0.5981846154191426,0.0026053091651601456,0.00035596592027130987,0.003471613835434124,0.0023334917724448434,0.0014540278932253514,0.0021632139269985025,0.00022180848731366228,0.0016234148645816915,0.39820276792286685,0.00010182902333153094,0.5018034918122362,0.00017725866420409365,0.004412239914453087,0.6077348841027335,0.5975030246976619,0.4762442798645786
0.4536170586060981,0.003396588114764327,0.0034220620033353143,0.9054401188891007,4.7079098672144776e-05,0.0007740312315878237,0.00016252897778227832,0.00046173679156932243,0.0004573178331746824,1.558879847474668e-05,9.753897363974726e-06,0.00028748159086404283,0.0002902595002709019,0.00010393991793943834,0.000486574602503003,2.9595089650791284e-05,0.7043202921203731,0.0048025226829936625,0.004826182963745577,0.48477734493162145,0.5586918656418762,0.5950833736780883
0.006945637791952174,0.0004718553041002443,0.4431667799996905,0.00160750168941988,0.00031547110041421617,0.0012879138372491425,7.023609062375918e-05,0.0008739734478618027,0.0003007674007655936,0.8964525648370791,0.6982833596594071,0.000416416967131629,0.0012100302350251464,9.89278083303559e-05,0.0017919998924491672,0.00043677497867691405,0.002225617879586797,0.9903611107641213,0.043720485198728454,0.5327839786208649,0.4406814243281146,0.553910989124336
0.00035882848688267117,0.5688231285058876,0.0026548466262974807,0.5745159846794318,0.0003482320381828402,0.001018561395378311,0.0024525295397321576,0.5711121128291781,0.0002667641908813794,0.001151757366644289,0.000729253000140743,0.00016908593572341886,0.3919989208676727,0.0020297236432560203,0.0007939352659203736,0.0002765381387522444,0.4959441993019051,0.0031999940376113423,0.9995896782363035,0.45690971118149637,0.49339519314701363,0.44038320858639857
1.1936526248530567e-05,1.1758303565032279e-07,6.140531151708978e-08,1.3190445537282778e-05,0.579592664650936,0.001214354629648262,0.5741918976690502,0.00011311669650449329,0.577687975954005,0.0005115928301940376,0.00032485246175877004,0.39093195432584216,8.788267310081191e-05,0.49980264521800294,0.0013338351948350999,0.9999804597651466,0.5317309042040287,0.0032748661685196925,0.006349093357568114,0.49952540395745265,0.45108026166324405,0.48639497044074953
6.360708044423039e-09,1.2116098824771364e-08,8.903384592375351e-10,1.0754029672323921e-06,6.857693479906859e-09,3.268802653548373e-10,1.360488531878305e-09,0.451523720813289,0.9025311693456886,7.1642104101897475e-06,4.519406827579893e-06,0.7046871168223284,0.9999984835976918,0.0008192563158527788,0.0001934876241332169,0.0040592515438947485,0.9917766927474075,0.040829285146032734,0.6914576445080026,0.45333196679523546,0.49273754474370407,0.41666129532683005
2.9239728342785534e-05,0.0024575220435854874,3.06801349470692e-05,0.45112096531541285,0.00016953582259205584,0.9042969496578972,3.677836560984976e-05,0.00044962985835678783,0.0004169496608158582,6.878669766328849e-06,4.333267523808485e-06,0.00026266051247942376,0.00028324766817891794,2.357019682057347e-05,0.7054082229149411,0.00023924511729127816,0.9964883561666619,0.007849123650314538,0.9925190078273558,0.49377434544435633,0.44226457088226573,0.41512454888175293
0.4473538224585795,4.521170236540678e-05,0.0019216651208303927,0.0007502489669673794,0.9012753130946065,0.0012426874874751305,3.477786465864768e-05,0.0006737320352542463,0.00044823495585164896,0.0009493753505441538,0.0005983219624942234,0.0002824899434495982,0.0004291463643968241,2.2439243562643652e-05,0.0007870644284133535,0.7017081551704569,0.001046992978385819,0.002855500212441593,6.387890671881707e-05,0.49824808884669175,0.48763183038231556,0.4000630734748377
0.002551232784744302,4.721350776681583e-05,2.112648954609082e-07,1.1765627721115654e-06,0.4490721204855638,0.001114097457441641,1.5780739188721596e-05,8.755269991053388e-06,0.8971599842448379,0.0009288372235696187,0.000589383182956377,0.7045489506089715,1.241154627261887e-05,2.2758479571942834e-05,0.0015793517356478951,0.996382790860262,0.0002935484936894034,5.270995641429234e-05,0.011926796101047799,0.49920602230225236,0.4909840075199931,0.5565473461019326
0.0013851451284747705,0.869444629800595,0.0002709018437357597,0.0025413933371190305,0.45351376880000777,0.0027756846339765974,0.0001205347617334731,0.0023354886237458776,0.0017514349834300543,0.0011278759687883776,0.0007107898273417783,0.0010916064096595864,0.0014798806844693324,8.014749056283645e-05,0.0017469398757262464,0.30667594821668587,0.0018461122375278268,0.00021917383270897255,0.9989542444277199,0.44803229259986843,0.4537575953322115,0.3705546774160396
0.5637695080088475,0.0021653716517073575,0.5521654045664238,0.004303607673758763,0.00017288825822644422,0.003795310306533256,0.5586609945208499,0.0065356142465159035,0.00016439434324680313,1.400645315585397e-05,8.79260050960974e-06,0.00010339393995131275,0.004154498687348067,0.3904121429354632,0.0029334657605181724,0.00013416348234884324,0.0033098694027631353,0.5028718642274956,0.0024294958741760833,0.5819114384526171,0.5490783253908955,0.44436921022704634
0.00013269091466728734,6.312511739248694e-06,5.442506041416745e-07,6.074045475794789e-07,5.532740798730121e-08,5.143503122296914e-06,3.388382936171442e-07,0.902841008120343,0.0011928271491127122,0.44926215053456364,0.29394824977453016,0.0008410970266329059,0.999906260420587,0.0016507392839200628,0.024759850136241265,0.0002651515772908997,0.002910941704284648,0.0027059572694840828,0.03064053468107505,0.5002242816949788,0.40927581497769855,0.48539634820562627
5.549741517767212e-10,2.3716445215176834e-07,4.243405418144701e-08,0.002697351944511851,0.0026664228090839677,7.822674019143186e-05,0.4530135541276477,3.954758768861541e-05,0.9204828668142909,0.0009955754471890896,0.0006167263244001914,0.70662477756123,5.509055110749555e-05,0.9947153495732486,0.013061862880077057,0.4963301427886464,0.9999424505356851,0.11135613379247598,0.9985286268038744,0.42098302825453837,0.35411317052404867,0.5127524906732182
4.079105153169678e-08,3.196278386201675e-05,0.0003302418504422898,0.4522024499111219,0.0009623499134993022,0.00022358211363496532,0.00015844636550912087,4.4653464330856446e-05,0.9039246167400407,0.0035986027137086523,0.0022666205678841646,0.7046978315713912,6.286413936266484e-05,0.00022692882431451004,0.00031476309408677333,0.001354816795679674,0.9995328515997103,0.9378164535961646,0.9991956058924764,0.4538769369411791,0.42487885912915924,0.44558069066811695
0.5918634110706016,0.5981867782402485,0.003469666529017233,0.5999511283093124,0.00011423927260526814,0.00022804206161770334,0.0017212192643008418,0.012830767291826787,0.00048759377498056765,7.03924069948619e-06,4.317793011245367e-06,0.00029908475731520135,0.007870455166333853,0.0010741509250020709,0.0001398890798644921,7.007849087955847e-05,0.39241231698684764,0.0026084717895002657,0.5073240350114135,0.4009461812754771,0.34354552954974843,0.4401430655295123
6.846854643078915e-05,7.64458007726692e-06,7.035659691053825e-05,7.151174143231466e-08,4.086884287666929e-07,0.5892528963655737,0.5735307258190995,0.00021742264975941036,0.0003933405001878299,0.583586527758771,0.39040148620295545,0.0003019706597534516,0.00016691712750224172,0.4968598811952587,0.9998936064558184,0.002642027153839571,0.0004622997938661224,0.5066457564835305,0.07166073092519172,0.46582452550598885,0.451354282391387,0.39763059477691043
0.00020302197142056482,0.003056507813804433,1.8302779255096176e-05,0.45132963534469744,0.0003035807059447744,0.00015047579532599472,3.34937773360956e-05,0.0003898562122381783,0.0002960505022161046,0.9016708282697435,0.7035900310865577,0.000416416967131629,0.000557053994619329,5.022105481770531e-05,0.0002125051440997293,0.00043677497867691405,0.9955795679739079,0.0040962188571230795,0.9568612272115931,0.46634204211263147,0.44011057974091994,0.5660650929971893
0.0012579877955252543,0.8895773201725947,0.452920397323154,0.0013036127426474511,0.00011397547596158898,0.002563189293198318,0.001458201403151217,0.006420329949355364,0.002189058389233738,0.00011652395277911699,7.358298380119707e-05,0.0013823562528583267,0.004054372073581577,0.0009368053156882661,0.0016266938998722022,7.19752896319067e-05,0.0008232291855243331,0.2966363080336478,0.999110809774225,0.48760024334022417,0.4827670102418719,0.41235147365955716
0.00016180769017683564,1.73687398839702e-07,6.02628636859304e-07,1.0125391024467006e-05,1.109382249617619e-07,0.5787871855752846,0.0015138857673515597,0.5815994078018355,0.0002898725722675587,0.582323914804863,0.39292589321949156,0.00022490420238662363,0.5015418572587469,0.001665150431119953,0.999824663462094,0.00044304681979795424,0.04046458646581286,0.0024115611907319368,0.0007037050581671922,0.49106571797114495,0.44396645556132464,0.44578416134358895
6.658067111427003e-07,6.473550126833388e-07,7.218212956388418e-05,0.45548195127681174,0.0026821034799988123,0.000448153592450889,0.8863115575398824,9.040639079378393e-05,0.0006626843031485295,0.0005019531880827926,0.0003163315974789757,0.00041762473639356257,5.6974264270114405e-05,0.7022090316142431,0.0006294804131561961,0.003748689094831864,0.9998991038817076,0.9917600682279928,0.4949488563515272,0.4802168257924926,0.40254117704476977,0.5171709564865681
0.0004465782676316326,0.006521087237317689,0.5918484881077726,0.0025464133659909294,0.5836150422676442,0.0020860132479393442,0.0010644727445229436,0.5842440859416433,0.0005644945639438809,5.193904337516453e-06,3.2392747264397724e-06,0.0003537040001812548,0.3900233437871644,0.0008293787722523623,0.0015976273016161575,0.4955185111934002,0.0027388492991755817,0.9928824644961693,0.9570049636348276,0.5436705659097266,0.4365398975422784,0.39959945682246684
1.6071426485747211e-06,0.0009851735765628161,6.861418756435132e-06,2.778867324994637e-06,0.4493023676358853,0.0012009485324296295,5.473271609765219e-05,0.0010426763531124564,2.567816578109728e-05,0.8970500130339106,0.7021046799115982,3.605951473288941e-05,0.0014798806844693324,8.014749056283645e-05,0.0016948511751292536,0.9985793342426554,0.001748657195404818,0.004597506346275773,0.9989542444277199,0.48776146510174617,0.4537575953322115,0.4470244833366433
0.0001748039075608635,2.4335950967042424e-07,1.079986794988299e-05,3.042434967223147e-06,9.426346950514149e-05,0.00020511813234436047,7.660446123836591e-07,0.5783199674577151,0.5768626740013998,0.5785618768052537,0.39233022046313215,0.4991968500966752,0.9996854690162236,0.001736371887304411,0.5097764928931021,0.3143036527124732,0.01105833043094045,0.03928317302178322,0.0008973359786264654,0.482295963172051,0.5023330628796727,0.47431370282661844
1.2287998617075347e-06,1.2004710611455123e-07,2.290445209307236e-08,0.00027912712015421335,0.5778941911691824,0.0004822706156803127,0.0002679964841067328,0.00038176152720803547,0.5788523252181041,0.5793243729600834,0.3923197278962006,0.5005275487216273,0.00042055645714389944,0.0003003453252096145,0.000531278199125529,0.999692505802082,0.9971831174311467,0.011806793612211403,0.0627601610515981,0.5376941975684295,0.5254992016394366,0.48418450163488386
5.928350842556627e-07,0.00012280148522259064,5.422241233168598e-06,0.0001252725592098468,0.9986971967387783,0.0006211833575428684,7.17677453564065e-07,5.822670301425108e-05,0.0003302311972939654,3.835520516715713e-05,2.423196144983353e-05,0.00020863277932997343,3.71798444216861e-05,4.6714331166014045e-07,0.00039439793425754145,0.9998876441377433,0.49756163318469393,0.029126922863235094,0.9969026970577414,0.476246059623567,0.5597217884109468,0.4405619476398982
2.649198484119843e-06,6.3664407541076784e-09,0.00022076466681084266,0.9016962362331186,0.00022882644375185398,7.47758409895484e-05,0.00044738131288019127,0.45254392307728736,0.00020684917304550113,9.701248523663763e-05,6.121624080893732e-05,0.00013052476742550747,0.2961253392386766,0.0003213357028092741,5.27936654781584e-05,0.00016155751920795397,0.9998441232920524,0.9923607603995566,0.0015489009108620166,0.4480627867893393,0.5599555344738679,0.4490953184059731
0.0004737090769987636,1.1400064166257935e-06,0.6023513163854589,0.5992623674543247,0.592990250103965,0.0022978668836537066,0.0008075262098473378,3.72116355931693e-05,0.0001974800259754727,0.0011657263004303518,0.000716242590582547,0.00012133525726328929,2.2863494240757723e-05,0.0005047543497054085,0.0014188657223611616,0.38790431367042394,0.49836377697586304,0.9994993526261802,0.001551146019341805,0.5559695262495434,0.4035150934028408,0.6539272055224599
0.008083236281294785,3.1520209626733e-06,0.5778059732783004,0.0001482840042462787,0.0010388215564387513,0.0007322264188713366,0.5746353343680694,6.893037224315077e-05,0.584255476815526,0.0007852804309023633,0.0004957226695538452,0.39338277487202344,5.338547266672952e-05,0.5036847899580087,0.0008066779565480426,0.0011444495783234864,0.00016336137017522033,0.991094802145838,0.00025134035778917596,0.48980077051565085,0.4751579213139673,0.5880680094523199
0.9169475919343393,0.0003459801151642215,0.004493754217930364,0.0006536746422579613,0.4527993869931171,0.00014866718037826333,4.508995134555859e-05,0.00714248316961928,0.0005392859303538648,0.0031056068333912053,0.0019332680273238534,0.0003357114457247981,0.0044463111744969894,2.8555976184392883e-05,9.254898958281849e-05,0.2920116486995179,0.0004538401304083621,0.0031199879602087366,0.00024320081819276512,0.4000847247195909,0.4513060826959191,0.3984380598570061
1.9697188574851794e-07,0.0,7.543786270127778e-09,6.806646844357127e-09,2.5183673068409852e-06,0.8933859376559167,0.0006470548874718515,0.0005072533844745288,0.0003157343084764058,0.4510514043986861,0.30099132943739515,0.00022298741738861717,0.0003639229409119701,0.00048713979102629377,0.9999981208116163,0.9476578114636262,0.0319406526522842,0.0260564040223058,0.00451342776868463,0.47423961069034326,0.40066131045688663,0.4458938761758406
0.0030398107942774116,0.5755661051579056,0.0020072496222013096,0.00013742800906705485,0.5858956208563977,0.000446606306744553,0.0010826460552359242,0.5796004970224563,4.113488162778352e-05,7.639714892721059e-05,4.8185377186495965e-05,2.594468920731936e-05,0.389397955321471,0.0008485222904221787,0.00034406557215835277,0.5017226316583052,0.000150135826259331,0.002192864861319967,0.9966791502950734,0.5464501784820948,0.5587799695970914,0.4388643825367337
9.628101049940698e-10,2.0776925522268743e-08,3.786151098421649e-10,4.685987781676178e-06,6.305114076093056e-08,0.44980763814487457,3.241313442832059e-05,0.0002875194266763516,0.9015539708665123,4.5313855444080194e-05,2.8603573498483854e-05,0.7041184206767908,0.0004049191736768085,4.6438885620746516e-05,0.9999933999977887,0.008565274640630297,0.9971381588230529,0.011442776329482325,0.9679094159876566,0.5361035494771857,0.525865010935171,0.41899396049137244
0.00021643194232055557,0.8794010191811213,0.001008185715661503,0.44720153229939985,0.0014995384986593574,0.0005632716080408383,1.7246693869629946e-05,0.00020568446689638953,0.00047473687995262256,7.741490685744468e-05,4.890802463425618e-05,0.00029992225456251234,0.0001313342988049064,1.1225817786985613e-05,0.0003576217938971963,0.0009558623493512499,0.2927272517815026,0.0007567936036755036,0.9998423087870831,0.48977945178381493,0.48098497027034937,0.415040861119466
0.0033978789952003757,3.1430011130815246e-05,2.385590057324142e-05,4.480927039578729e-06,2.5780219633027416e-05,0.4795545733269812,6.935971223595431e-05,0.013112107728891606,7.858843619886511e-05,0.9616926713697773,0.7054161225670877,0.00010428649002006487,0.017401873202883677,9.207441855038333e-05,0.9955647535718746,0.0049123332919007116,0.0008538472539773813,0.004545805466454307,0.006063804467063811,0.5209220396928851,0.22854978926048758,0.4757062285948252
5.88040780868753e-05,5.227191647530519e-07,2.4641709198360615e-07,0.9020913447067853,0.000776361471448523,0.002152572648566993,0.0002648401871901225,8.291440931514718e-05,2.0957326585159096e-05,0.4514637292423019,0.2954033676092936,1.4789921089771265e-05,5.851402674440326e-05,0.0001901399710186822,0.001519102612630465,0.0005478915396187338,0.9999584999891378,0.00266768257033559,0.00572937110376121,0.5130562479648759,0.425050251329111,0.4455284816273494
0.004275397785215745,0.5628943768542104,0.006031124326532486,0.00012308753604546384,0.5746185758126585,0.0020269021826133217,0.0004946258783179258,0.002799638968464871,0.5738557272302476,0.0005508045208941107,0.0003463000469966902,0.38784072213411946,0.002195668704458359,0.0003992516788642261,0.0015767649187760997,0.5038102949605342,0.00013555529326333564,0.0070725201936019805,0.9950597056485634,0.47862406749780795,0.45141008298274093,0.494656779687259
0.00043082729877773465,0.5716322560712258,0.0010867575652895734,0.5790839472558525,0.00035293359922782767,0.0015861729437786037,0.0008702934999824699,6.2938489999043e-05,3.430053511688589e-05,0.5784840655805248,0.3916115599923578,2.6672494350569694e-05,4.946522238820262e-05,0.0006972446119035969,0.0012395502640625321,0.0002744444258656426,0.5001917794032582,0.0012729113400516655,0.9995101834841147,0.5458368677285688,0.4904843814607887,0.48416953921459466
0.5889573893305732,0.0006258012322410612,0.5801029804821793,0.0004625846996735949,0.0009848733206499088,0.002244923394020422,0.0017813881581342532,0.00349988410653726,0.5894015292357612,0.0002492826769907301,0.000156310801333117,0.3943128364559908,0.0026952676978295323,0.001395626793799295,0.0017374248757557266,0.0007584587506604671,0.0003562403574446228,0.4951864702480221,0.00068487358208702,0.5681322042450393,0.5479002864223232,0.4086914766956357
0.0002206886578383996,0.0018679097551520794,0.5855978324597294,0.5888952462695898,0.0026323614160887582,0.0006901310706970501,0.002068624276106652,3.137876104175638e-05,0.5803504788894295,8.059066869929219e-05,5.0638040417867836e-05,0.38828510902212243,2.4053340173926362e-05,0.0016131740908170763,0.0005290192943318503,0.0020178399863875693,0.5017852453942484,0.9979301501667175,0.9260452011491488,0.5486501087812777,0.5959529179339655,0.4598854570067349
0.00016904375526097232,8.037011773268435e-05,1.7056381287772637e-05,1.3297582907630484e-05,7.200899567970278e-07,7.615517388814968e-06,0.5659407979624935,0.5675383746733916,0.5758703644418873,0.0040659838175347695,0.002587648029393154,0.39053095381781916,0.494787970677459,0.999787977533503,0.025096489711766923,0.0023625097688068433,0.043661135224437875,0.05981307093513057,0.2774717502142105,0.5013620177214989,0.4959195754698734,0.48246357074822693
4.168089872571668e-06,0.002042568930181323,0.4501223711370454,0.0006304909734254008,4.613521000208993e-05,0.0004064351844928439,0.8864754327182222,0.0008360690883993917,0.00041546513161313457,0.0002471829455129509,0.00015612382800779588,0.00026241303146869757,0.0005280718983790431,0.7052791689112202,0.0005748252426468481,6.524956243493215e-05,0.0008917086874779187,0.9970752356831374,0.9987168665067885,0.5114259765118241,0.438311528088197,0.4368211949849705
6.2127366318899496e-09,1.309230702056196e-07,1.9881101211666476e-08,7.532639302968605e-06,4.1213672301087453e-07,8.061682259256138e-06,0.4437486357611286,0.9059275542654429,6.149475574231787e-05,2.9678501872278314e-05,1.8666637780207153e-05,3.8677849137363345e-05,0.7056920000497854,0.9999844289382537,0.5210648743488404,0.034791554181328344,0.9886611901122493,0.0946766106891841,0.9701838974850452,0.48379814392234083,0.41605121157966424,0.5697549808590634
0.001550807844981559,0.8978184463931073,0.00032233939057537054,0.003517740411717179,0.003642733001012151,0.008694052490319348,0.00011849470120793707,0.0007513008949222809,0.4473796878342993,2.1230803337646694e-05,1.3473367434456299e-05,0.29428255872704023,0.0005326935712685305,8.401611245812562e-05,0.0061644267904930605,0.0025829294658637736,0.002494321835857488,0.00022856215010254354,0.9989003634762106,0.5038599595686781,0.4710491650666909,0.4519647133013059
0.0006646304738337754,6.325125860168176e-05,0.9119305184334284,0.0030852920269901552,0.0002749310654465833,0.44854403037307283,0.0015824326594718664,0.0004955540774391281,0.00022042771869864325,0.0001232035431623603,7.71776783153206e-05,0.00013808128879094035,0.00031042715321293415,0.0010084483432716367,0.29100770259226677,0.00019192880562587944,0.002153834569870783,0.999533884297346,0.06115172772295707,0.544753171992733,0.4358993346685724,0.3991839919658271
0.008747685196144802,0.5768132983821253,0.5916702998664575,0.00046862308076470443,0.0003940209809017975,0.00032795758890475675,0.00019493159146500774,0.00012013956489494343,0.5788671399603843,0.0015443794854968257,0.0009705149789493563,0.3872063479516003,9.199595905344787e-05,0.00015185338836913858,0.00025113040301055116,0.00030171815558219445,0.0003588431875662194,0.5041255697396062,0.9904648566523439,0.5681322042450393,0.5566560580334322,0.42788468602732443
1.3668656036394425e-05,0.0007733421138938461,0.5759583376348663,0.00037665223144750396,1.2093750501012447e-05,0.0004896678496570854,0.0015357417183245825,0.00011165721212834173,0.5756989372085741,0.5870382797725455,0.39762964439201187,0.49985404376835213,0.00012279677417731126,0.0016974787259954275,0.0005412388102155759,1.3367424292696256e-05,0.0004163217086911611,0.9991344434730788,0.9888875005287245,0.5386767153703536,0.45293485119387095,0.4869720864188108
0.8949228279397984,0.004117103143392712,0.0029847683200741786,0.0004340841608544205,2.43668436093269e-05,0.44618288292397446,0.00012771543370996557,0.0005611095660650648,0.00028159144540658524,4.585741972748461e-05,2.9166754118069272e-05,0.00017910101606637976,0.0003607008808050183,8.263831398509791e-05,0.2957159822756432,1.733476570109241e-05,0.00030880927700509654,0.0022028767748075127,0.0029653693894586275,0.48324550129854793,0.479955579716729,0.5155719891077365
1.0428079374196256e-05,0.0015385663439817247,0.0014770021555003151,0.5769412634869753,0.5860056468201432,0.0002913189897586222,0.004086182933288802,0.00013657233759575762,0.58165927686991,0.0004055487043898408,0.00025348856195846377,0.39191157366572715,0.00010685705337303377,0.003238524348740803,0.00022664432307764062,0.504963218043953,0.9975574682900508,0.5030470684263583,0.9956538848160175,0.5657824503907211,0.4512749062457034,0.47608845159386015
0.42474856333838495,0.8560220906049497,0.00012266713788841618,0.0006742805920349701,0.001786778800373651,0.0006733311132863892,0.0009567362128006583,4.559675798253757e-05,0.003098230617638745,6.848579117202586e-05,4.403604858919832e-05,0.0019700783608627257,2.9478934769634563e-05,0.0006490796719323398,0.00043238029410519994,0.001174021729953045,0.000438001695107545,8.624513819640623e-05,0.6989482655271534,0.4775995769977254,0.47927386339739364,0.4816288482932559
0.5854286522074162,0.00016175714616110931,0.0002470418687074951,0.002589157061261591,0.00039768363089350586,0.0003655672742860956,0.0016758665043538074,0.5847033323738019,0.0004886004677376308,0.587199300678928,0.3929249524559298,0.00037594314943722345,0.49961733696654864,0.0018540525633172,0.0003995247836705799,0.00043247407322076877,0.0028156733923027978,0.0002742361701739138,0.00017809641038468715,0.4769993261250368,0.38292681889849595,0.4813051394943208
0.001274764539114554,5.864707243930727e-06,6.476168680045211e-07,0.8948708901237455,2.5934355454051192e-05,0.44618193944573686,0.00012771530983286553,0.000461788815711831,0.00028181595899237893,0.0011348731223758766,0.0007218149778398012,0.00017924392988574424,0.0002937124220773581,8.263831398509791e-05,0.2957159822756432,1.844993003681885e-05,0.9990931537338141,0.0003301501651764016,0.0029653693894586275,0.48324550129854793,0.479955579716729,0.5155719891077365
0.5772128566629262,0.5704667755556263,0.001055202582844635,0.000432346635071675,0.00046798931127684174,0.0010720561421795549,0.001877490523788034,0.0025630230803184544,0.5852225257138897,0.0003834764762442825,0.00024301006929415022,0.39588300270646193,0.001998271725451528,0.0014891592968562044,0.0008358362077070825,0.00036487180684572273,0.0003370818769464893,0.0008226968993331072,0.5001998460087804,0.5088300264457387,0.4486891205175827,0.4564999738801772
0.5834089189973302,0.5848557451262049,0.0038265606375381235,0.007758954679529731,0.000565376523685874,0.003215947968159056,0.005158703311674138,0.00636136287399843,0.0003724352557337586,0.5862659461490741,0.3910342124329843,0.00028521622075085263,0.004923782619358434,0.004018970533988558,0.002475179216733102,0.0004329958912082566,0.005942282385884382,0.00312058823467232,0.5047502803162925,0.4453363050128634,0.4251414398361407,0.4070404236712817
0.5775685830717637,0.009182831109082988,0.0003913985858093431,0.5799449378580362,5.7970680161187553e-05,0.00040600313016462305,0.0013195883853950273,0.5803460047383601,0.0007011254239442301,2.182123564893969e-05,1.3844904307512714e-05,0.00044484271054689994,0.392634403825101,0.0010441067693383642,0.00031577340264466575,4.508738481050835e-05,0.501273699466235,0.000431371044121676,0.010246934400906793,0.48492490890097845,0.44582676816628164,0.484928877472724
9.113344557618547e-05,0.0023667730905082914,0.5982664974261107,0.0016249725589781792,0.5919910124878899,0.00023495862508727,0.5758808574387996,0.0007704996644471598,0.00029740139470853987,0.0005111833768663889,0.00031821273649255776,0.00018513304136727558,0.00047963784369918635,0.3846078912125286,0.00017772027890449057,0.49663978738956027,0.0017291260193913864,0.9974483448208105,0.9758001453409635,0.46157505626009504,0.4149495277943602,0.3818106300743567
0.0003749118365420977,0.8996111824427305,0.00016431607097706772,0.0021519848282977,0.002174517116936661,0.0012907947901115038,1.0436155820322188e-06,5.3540269147547286e-05,0.0002990381253561269,0.45490982986826217,0.2948928319823863,0.00020901783517169442,3.742289216375686e-05,7.420905620914231e-07,0.0009022212117006934,0.001519916789333997,0.001504167827357522,0.00011485197708638664,0.9997379547969718,0.6206267591053003,0.49471791241398794,0.44077094060552824
0.0010398052911597543,0.4450149588875853,0.000990428844467426,0.00032199408934935076,2.555953266564557e-05,0.000246399427888504,1.1516621712258953e-05,0.0010808998335411727,0.00014532004358736248,0.8967074747627588,0.7035900310865577,0.00020533767351352174,0.001543653827855651,1.6660093107159108e-05,0.00034989294068766674,3.611561068102617e-05,0.0004549744618207568,0.0014901382858484294,0.9985308979285479,0.5247164564263941,0.48383653829693557,0.4484410128420572
0.9040125653154553,0.0010381364609865175,0.00029607224856342037,9.175619897769479e-05,8.351705765859205e-05,0.00047974528255622734,0.44888692385591816,0.000550514131307032,3.878566027756337e-05,0.0008447533376958136,0.0005309974220097306,2.4380010844434624e-05,0.0003460438990097193,0.2977929961275684,0.00033785289823781706,5.881561082476147e-05,6.461773364312899e-05,0.00020850407717107471,0.0007401814723236751,0.4804876812164753,0.4041411526081329,0.4432896204313928
0.5856406490997738,0.000599525627220912,0.5833414363292574,0.5844308827516616,0.0020120671140186216,0.0021024039109774507,0.00014626418867622642,7.911071617869156e-06,0.00780646814847557,2.979609771245321e-05,1.8737171641909345e-05,0.004909119459834604,4.974998229888354e-06,9.278813920660106e-05,0.0013154293676062114,0.001265324736393779,0.3917978873412301,0.49875581197175467,0.0006598362593351437,0.4915801255887301,0.4522102807184931,0.39996860429510606
4.877020998199036e-05,4.607977796051713e-07,2.45042640212196e-07,0.004273791010995499,0.5863381729558822,0.5845324013128533,0.0006436144075191298,5.789910141800566e-05,0.0029177338509328663,0.5902018187739382,0.3950171304534928,0.0022491599700658806,4.46322005748514e-05,0.0005004942843807523,0.49739197205108326,0.9953595040748708,0.9927352901414856,0.0031985615391544324,0.006089789755104491,0.45419466436252437,0.44062033478977675,0.402770598256808
0.007346322372941608,0.5673349576035694,0.000622706054444447,0.5756047965381508,0.0022752052586015813,0.0008284474671314229,0.0007031566773416716,0.0005229513269842683,0.5751881813079818,0.00028988400423421917,0.00018584067920850622,0.3882497855396578,0.0004112219049219705,0.0005802243802486245,0.0006438470186251586,0.0018183215256182272,0.49948267890003745,0.0007524811504081201,0.9913801399799276,0.48993599125809206,0.4380136264282211,0.4824817703974319
2.815707894303557e-06,0.0019720996444999635,0.9012251476006186,0.00021310294307731574,0.00063698288798357,0.0024203345881809776,0.005729355033166732,0.0020669421908284104,0.00015078167532902806,0.45266215263124515,0.29631746975481815,0.00010650835062473032,0.0014600368202017655,0.004117224580478371,0.0017097008860197684,0.0004499601202881308,0.00015053402077092222,0.9985896003229836,0.9991022085623543,0.5496425556674781,0.4250777342528991,0.4784923508835576
2.8366385455219197e-06,0.00019496916424475218,1.2188127983571953e-05,0.4489067020371927,0.0013767435066904146,0.0020768127245379834,7.184062507434671e-05,0.8981569242205868,0.00014344111231753324,2.8037061887646222e-05,1.7776141997253257e-05,9.094498689072054e-05,0.7049272652646205,0.00010364509197332227,0.0029452140165775994,0.0019524359134408592,0.9997195029891641,0.039254429154280346,0.9908520229159516,0.4635762696631324,0.550068273974928,0.48381546786823915
0.9120251974089638,0.008783880454779904,0.0024682217775061255,0.4516443947642649,0.0018361184725814864,0.0007676447052045296,2.6869061679137292e-05,0.00020773037633052468,0.0031969578650240787,8.13440027909195e-05,5.0883917656796316e-05,0.0019998283925347312,0.0001313342988049064,1.7098938333889292e-05,0.000482579629334744,0.0011485659992289327,0.2927272517815026,0.0017874222602550227,0.006207855423731534,0.40497414845219043,0.48078606164619675,0.4088233275076829
0.0004846522237793913,0.575320646430042,0.0006837440227288039,0.005852911875296233,2.1983869361199297e-05,0.0014721173836318405,0.5750119035860144,0.005213244028648429,0.5809836537588295,3.512675787107953e-05,2.2278670302298888e-05,0.39296434800745944,0.0040546905487443465,0.4958744296540585,0.0016088555151382968,2.4025870763807252e-05,0.006396709774950446,0.0007472943282451627,0.9994792147176407,0.49150017931377815,0.4812429320849819,0.5577381594856741
0.48473770765621776,0.0015972826911321988,0.002003044751472092,0.0006520232247745094,4.425626215194995e-05,0.00031540602068219425,0.9596528335492754,0.0009596958094577017,0.00015568450121066586,0.0002643776630727102,0.00015545836625827477,9.154503361774114e-05,0.0005643169108673806,0.704467897257733,0.00041213602818376827,5.8123619129656166e-05,0.0008563271037819546,0.002630692923389781,0.0021238955912676882,0.7823505914875869,0.48216062207379695,0.44884822396502694
0.00048340312443541914,2.1498688278182684e-05,7.791702410821298e-08,8.691791656189998e-07,0.5852319254355768,0.5825652108918923,5.474003049777793e-05,4.4563139621105943e-05,0.5798456591493527,4.202068159287446e-05,2.6557108866151252e-05,0.39049309968448054,3.444271401697575e-05,4.267990692425884e-05,0.49692841307726676,0.9994736303024068,0.0011435347703299724,0.00010251189794601372,0.028646333786531586,0.5435193426383849,0.48042908621983305,0.570931187035765
0.5823677526533897,0.0004054325919872254,0.010402652617368766,0.5751820643129311,0.00036083158901148893,0.002043514539582469,0.5685843312178934,0.0002664951803860247,0.0021211325482458783,6.178726425010366e-06,3.924402127041096e-06,0.0013472331761968917,0.00017066429722388028,0.39163013661638824,0.0015971889821065008,0.0002806274638691878,0.49601454189527494,0.011796908032444403,0.00044874140679688676,0.49295761607604605,0.495605262688048,0.5474233103345255
0.00231143892850829,0.00015432015705258253,1.9573392905449228e-05,1.817077370905574e-07,0.5847094697597719,0.00022269242224504877,6.47566976263812e-05,0.5805125522968537,2.6467586182789482e-05,0.5846280087004001,0.3928618118014282,2.04501855922224e-05,0.4977060051926558,7.172703077479363e-05,0.00024366668110189203,0.9974776478218272,4.9932760788795605e-05,0.005490489976855584,0.04296805389983935,0.5473745401989345,0.41086187877964087,0.4903497832869928
0.0006012286308932037,0.576114676864563,0.001625431408679565,0.0029890802362725387,0.00013347246444117135,0.5795499164384128,0.0003387040651359032,4.342710638780324e-05,0.584292891551306,0.0050033967934819575,0.003137580615494395,0.3904250754227718,3.365786811289268e-05,0.00026759722006277985,0.4950270832324118,0.00014491961196520125,0.0032165003324326224,0.0018624401164669124,0.9993313441659502,0.5026471204142399,0.5409221861783281,0.38373019777483947
0.00045259186900037537,0.4499598703539423,0.0006291638788464166,9.573478946382042e-05,3.5876447233406105e-05,0.0010852239507894764,5.916969849160641e-05,1.1209241097116933e-05,0.9104376838555129,0.00048583021748192556,0.00030380561412797095,0.7046467083922661,1.583214513650692e-05,8.412041322976814e-05,0.0015241014205427995,5.013614844728999e-05,0.00013378548918732295,0.0009121482819111071,0.9993675623776594,0.45631931160697325,0.5231315417395912,0.3750755887481967
0.00716851219880886,0.00031739267998139454,0.5806155147571406,0.0006878624412883382,0.0035004497915423023,0.0002224502737783326,5.060565090153741e-06,0.5802090722532843,0.0001730908004977695,0.5860393885905767,0.39471265949196027,0.0001342401392302097,0.49974768050769014,5.644297792405578e-06,0.00024388393281638175,0.0038377545781817513,0.0007541525156032191,0.9921327521338038,0.028519088787563485,0.5493764883328461,0.44424991959438626,0.44479490617702
3.281134251414531e-05,9.947881918660787e-07,0.0014287247280537923,6.932245623234322e-07,0.9004453108632147,0.44977571393902016,0.0001298197615808807,2.4240268888205076e-05,0.00017763354477455802,8.983278868552518e-06,5.681840757573034e-06,0.0001123516019338285,1.5331749769517542e-05,8.353234102637531e-05,0.2949138094929578,0.9989896193035807,0.00030880927700509654,0.9853757982379692,0.019535687487939657,0.4829013924245806,0.5233174431715322,0.42455544637378434
1.705368978150608e-05,0.0006116071918262129,4.726146286988579e-07,0.0004998358500706196,0.9131303024770161,0.0009501234733024687,4.973142175643313e-06,7.326256361951842e-05,0.0001069570006030681,0.45618052124491065,0.2949535773364355,7.456898483389194e-05,5.107767644448139e-05,3.527276035332526e-06,0.0006657041060054035,0.9994450718354142,0.432226756889934,0.0004958068122686435,0.9824717757027044,0.4270363585443662,0.4194510986110945,0.594465770669232
0.5774835222421206,0.017604034194755598,0.002774761640841841,0.00041237548206196265,8.625473579466236e-05,0.0024831139937377344,0.0008978933649372627,4.134411707554243e-06,0.5761122911275934,0.5871609829789958,0.3971263823326199,0.4991181055510755,4.6047321429875795e-06,0.0010129840406384247,0.002749915546406732,9.505060280371564e-05,0.00045442459779402157,0.003255819676377956,0.01964354390999762,0.49203366470704235,0.4858844517917939,0.42978486862967513
0.9209611181132948,0.0010800248669795014,0.010113298407458705,0.0005971866772067785,0.000627543463576039,0.0019194787548285817,0.0018126601223566721,0.00017960938065961164,0.457942668598637,0.0005246023360052039,0.00032469768305158826,0.29375302071987136,0.00012415153588794762,0.0012746745428790706,0.0013268030675750722,0.0004337785562504005,0.000412793980608455,0.006990776047818523,0.0007558762223970838,0.48336120540708033,0.3651102778457172,0.39954451315665485
6.72024744718403e-05,0.004694875686070438,0.00022835639514329098,0.5773769416498118,0.0011234533939563146,0.5743315332529851,0.0009626471347931331,0.575702471566346,0.0029951668838092997,0.00010843498607210839,6.885699204056977e-05,0.0019019559949184917,0.39419943090504783,0.0007733914288927705,0.4998881909703824,0.0012387038541583372,0.9947517944407784,0.032534740849005706,0.9906978922752943,0.482728105260844,0.47160554330483667,0.5378751135078901
0.00010852345430102026,0.003407670849527934,2.241948457384715e-05,1.8149146473815477e-05,0.8781238062319892,0.0005877267605707987,0.0008520424265762609,0.0006617533624002724,0.4422823982000404,0.0009858855953839675,0.000619342788015808,0.291034605756435,0.00047472968252493253,0.0006290931880134703,0.00041820949570242145,0.9975210600550212,0.003300110443250717,0.004340801246779491,0.9792925766626743,0.4944860307722234,0.46433884838247846,0.5264930338237068
0.001981889822914971,0.578302771437122,0.00030109456504803957,0.0008160055892544683,3.0456787210133232e-05,0.0007252292520699461,0.00020535895325621333,0.00011448654855448473,0.5828029388164448,0.5851568930020977,0.39234286511690386,0.49853235666729534,0.00012448310971630277,0.00022715859698747777,0.0007885519479176239,3.311614352125903e-05,0.0008872537031580339,0.0003273847435373348,0.9978451134297137,0.591771392179263,0.4858521656796274,0.4388586800234524
9.785588403251655e-09,2.923213202112383e-05,1.1772092326685734e-06,2.450745390002053e-08,2.9778475305879292e-05,2.99735108791152e-08,2.9407835645535816e-05,0.4499240200601505,0.0013548758254484164,0.9031857479413653,0.7057733203477731,0.0019170750899506826,0.9999272416900656,0.3914938784781651,0.00045201704067436566,0.5017076963295962,0.000526749869053501,0.025309046732557627,0.9997895122191243,0.5709450820709234,0.43689610648989813,0.494287681778726
0.0005616226714769928,8.22164191072666e-06,3.8790816164587014e-06,1.583838905644072e-05,1.1341524234377927e-05,5.802612996376001e-07,0.8890382063635908,0.00020164594206299036,0.00025880000429445526,0.45187454285361495,0.2949724199741933,0.00018216473961326293,0.0001419350119345555,0.9996044044821752,0.0006572815123483122,0.012847816331138445,0.017946686272570234,0.004396643315833752,0.009434969054612628,0.49347688742291645,0.593551356409686,0.4526041317792105
3.1835458207572105e-06,0.000306100805034254,4.308757666074756e-06,0.9023462947840902,0.003661289256531401,0.003053949185499268,0.00013610112548389144,3.187949963602391e-05,0.4545792469870871,4.3077086113524354e-06,2.714172455331931e-06,0.2970842417638653,2.249127486943217e-05,9.76840933927394e-05,0.0021545873385130404,0.0025830905865383905,0.999781322774737,0.008850137656113987,0.993460468949511,0.5180098128604922,0.4119188099058477,0.4519686482000691
3.238527353810564e-07,2.024437487734533e-07,3.557447036811225e-07,2.845017408286355e-07,0.0,8.9594638776426e-07,0.0,0.0,0.9999979375106839,0.0,4.390101761393613e-06,0.9999985692252105,0.001881430101284963,0.36887098814130104,0.5249860302521354,0.0029024319718416822,0.29208548302778364,0.5542716344784633,0.4798762067340727,0.5394504624202876,0.5073926037588701,0.47388670167738006
0.4495060973561099,0.004023683483055911,0.903641429324245,0.002064053103492535,0.0024538450400660274,0.000582447323160697,1.9246018487113534e-05,0.00048540726039165896,0.00028346123259768096,1.943480004508174e-05,1.2258788647132202e-05,0.00017879738294823084,0.00030617785950669556,1.2139713761909982e-05,0.00036738737326990186,0.0015478012106326599,0.001301937311450522,0.7061284578537042,0.005698450065949219,0.46079489500212883,0.4808145639317986,0.5858903054087431
2.567077618266884e-07,0.001975386006258236,0.5759436092537589,0.581767056597788,0.00036186328007887847,0.5804917969736322,0.00010687037006499411,3.217921424972369e-05,0.0015015406337672912,0.00031467833748816674,0.00019869034915514754,0.0009525187651784617,2.0413253358095485e-05,6.896895982572042e-05,0.39266970224609177,0.00028140618449767137,0.5031999551278629,0.9977893634926607,0.9999182561266378,0.5040973250678048,0.4815103542221261,0.44340913296444306
3.1100767306040787e-06,0.0016206241078338434,8.382109613238991e-06,0.5838278271184778,0.0002677653067652355,0.0006292939421000303,0.5800544140948013,0.0003876612912202918,0.0012202526407679298,0.5795848686965744,0.38930105518408803,0.0009398058378429721,0.00029856654969595726,0.5007179088249,0.0006827176436119964,0.0002919774542386786,0.9982108246411494,0.0032522057217298783,0.9987933293741399,0.4536331865252087,0.41722654427252476,0.5232526318615889
0.4519155747740888,0.0003863393041858924,0.0032268893499796405,0.000606118999072053,0.003613577276900516,0.000272577544245434,6.424945540948676e-05,0.00039808835612476233,7.403178886472986e-05,0.8965759564571588,0.7027677336837648,0.00010428649002006487,0.0005607758990857738,9.207441855038333e-05,0.0003839714808333937,0.005090393669721691,0.0008538472539773813,0.004545805466454307,0.000551023224728353,0.5209220396928851,0.5548444875003697,0.4757062285948252
0.0026159830933907492,3.3381216469751166e-05,3.5102575896432705e-05,0.58521464620558,0.001419234928971532,0.0027886527232725026,0.0029548117338695818,0.5762780668817591,0.00022769124908484728,0.5789917165633053,0.3852548176355005,0.00017555793220894067,0.4984821284595409,0.003311651462047905,0.003048657523796683,0.0015439011510883275,0.9970975823668901,0.008918723029152321,0.008064945253989098,0.4789159561844717,0.554092960304543,0.47573717649387626
1.587845000868639e-05,0.001118131519194066,0.0011002905424643864,0.5802419681145139,0.00012211424250698608,0.5819953043655818,0.571402775764051,0.006559628016194519,0.0001671338610583914,0.0011337175725135676,0.0007157847203379804,0.0001055218209337411,0.004141523368972199,0.3911736596904213,0.5025379875316677,0.00013397864818227544,0.99823608837128,0.5026165151219779,0.9910714061709505,0.5708695477826458,0.5457714663038659,0.4651836110893909
4.5207359788456185e-05,7.043920797183249e-07,1.0091954900751424e-06,1.0025328831861111,2.071889677961611e-05,8.814267304396901e-05,0.00025101235833866067,0.0005727497241198919,9.028880824604258e-06,0.0001308262423847449,8.30761334022541e-05,5.733440771919947e-06,0.0003637025300132343,0.0001593956955961274,5.5971598714179074e-05,1.315673486372809e-05,0.9999712821770184,0.014207624080192147,0.009918598278724211,0.5160817967643289,0.4643855759191065,0.531718772244574
1.3186525221041856e-07,2.2560744546003434e-05,4.5441057299887354e-08,2.061578306684128e-06,9.305168936875128e-08,0.8981767783616855,0.00011651547640133339,0.00012933195406992503,0.45050512407105536,2.126602670583968e-05,1.3473367434456299e-05,0.2959707143893889,9.166958121388654e-05,8.401611245812562e-05,0.9999837440715454,0.0025829294658637736,0.057302818320070115,0.0012664863102054978,0.9963221156196801,0.5038599595686781,0.4499779035708309,0.4519647133013059
0.46044564839327384,0.0019217299402287846,0.00023347458148077933,0.0007748430541811912,0.0005954285762125957,0.0025025554994356288,0.0019073448814405309,0.8984289684483422,0.00040831394667248687,0.0016634672554871085,0.0010489787174122744,0.0002574821320125494,0.6984958621796795,0.0026602686366767395,0.0034600882449988784,0.0008232609119064784,0.0010713262941394312,0.000322810998129577,0.0026901147143523763,0.5189818786324116,0.566894009101804,0.4313348839616946
0.583890197679991,0.007866899422439181,0.002477424558888463,0.0007055653146241068,0.0017606570100550207,0.005955012770347074,0.570822527596265,0.5787321022527656,9.533481879635574e-05,0.0009620053501761482,0.0006084368018996638,6.029617658197721e-05,0.3899627771674502,0.49822120799649383,0.006492046464495277,0.0019195076366405259,0.0007692236138149535,0.0027009582484492024,0.008683681895733875,0.5615876263259179,0.549552124117864,0.5178092694131005
0.0010978043171435826,8.571151527051997e-06,9.184610243943446e-05,1.0306251152680895e-05,2.4250679082375374e-05,0.8922430034404049,0.4443592265201968,0.00020607399595296323,0.001018255038447249,2.3109892472863697e-05,1.4650914732042448e-05,0.0006455405997464993,0.00013064426250420294,0.29727636858619644,0.9992175387528925,0.014009377952092433,0.005954868157602223,0.05423726395428863,0.005032349021454885,0.47954038172415453,0.48066507926536534,0.4417648390120249
0.003921679077713287,9.62352015647861e-06,0.5744702892114174,0.0011649859990325471,0.5834994683055671,0.0017024162729884476,1.882020796669644e-05,1.899760156823433e-05,0.0005510874545417779,0.5854536425032402,0.3920806718621347,0.00042409286661679476,1.4619727774414386e-05,1.4734129391995502e-05,0.0013166146078128264,0.49841308535631185,0.0012647233269666054,0.9957427276549133,0.0015817092666888096,0.4919090819900018,0.44333173135509946,0.6009277525866619
0.5757469423547306,0.5765204853897261,0.005457617100421101,0.0015770658996451092,0.5789070738949388,0.0012874421459027807,0.0008296103744839459,0.0004364493048388894,0.00042672400118281254,4.571057191558221e-05,2.8994272091552266e-05,0.00027067163559060597,0.00027684043377327553,0.000535339788122426,0.000816624908788826,0.39139664776337174,0.001224568198044063,0.004237800174207371,0.5043691913904129,0.489686620030433,0.4414453609555233,0.4890454293024439
0.0009688539368052295,0.00011416656990319342,0.0019629861428490584,5.7560734547334394e-05,3.324134454676932e-05,5.136349797939323e-06,3.3114738564631294e-08,0.0017861853286486671,0.8948704836850981,0.44784332775966845,0.2953981098264928,0.9979878131222526,0.4351248423720131,9.779150258725444e-06,0.0014909878652913681,0.009649747991072096,0.016712666411170862,0.7063378286134572,0.075594662588862,0.49172380561419715,0.5023402738528577,0.4753391595772387
0.5805426875085519,0.0010813304843615861,0.5637195544086187,0.0007817896641791606,0.011156989860968889,0.5783365882786105,0.00033434400300314085,0.0007301826629197314,0.0002869488150979216,2.7687036026195147e-05,1.7324076009858223e-05,0.00017954699977622984,0.0004617705059047902,0.0002128150417057479,0.387082271787486,0.008505630581892465,0.0005960367007162293,0.5106492809567293,0.0012006311591524765,0.46771526313497236,0.4205981812740877,0.600436069359284
0.6031246792042714,0.0014514504474069702,0.010829383006146203,0.600445714753409,0.5931133876943118,0.002308639101676591,0.0008085044086602251,3.725671223146185e-05,0.0002038204934985513,0.0011582105197373229,0.0007107637775898246,0.00012507943822107076,2.2863494240757723e-05,0.0005047543497054085,0.0014167509256100509,0.3874603842108154,0.49853877379014994,0.011429843476862878,0.001551146019341805,0.5559695262495434,0.4035150934028408,0.657951598720299
8.573707324123508e-06,7.7321528421096e-05,0.002421891190421008,1.450988251937505e-05,0.44622088289479783,0.001042761038339467,2.884071953158931e-05,0.8969632321207268,0.000619080159866432,0.00019113137177766915,0.00012089039420868283,0.0003933988488971587,0.7061136194644727,4.1859005810277274e-05,0.0014876725511665102,0.9965428576776376,0.003812011510097968,0.9793067358690613,0.9305539720309856,0.462141024599155,0.48554987137092753,0.48629886837844305
9.8973760750044e-05,1.5119871178029828e-05,0.00261381597883336,0.5783574212936079,0.0011355782762005055,0.5724579800199119,0.001310298460466142,0.00220130990666796,0.5847272255337607,0.0002933825673289741,0.00018638936677910602,0.3966546682416624,0.001722114734301634,0.001042826199337243,0.49673313933737495,0.0012499625668453743,0.9971207794322754,0.9756199082187487,0.09769182433240775,0.4901276953306235,0.4620862760597021,0.4771121643658234
0.0007500502387980772,0.44791817668064315,5.826260580669265e-06,0.0014163706066243917,0.9086700913622453,0.000658331400282527,3.080374148373728e-05,0.0008525663734481293,7.065079107274088e-05,1.3936416549176156e-05,8.736413216914898e-06,4.428933753548582e-05,0.000534454092210451,1.9644696857778462e-05,0.00041474293769331563,0.7053067139519745,0.0019883383418252687,8.179074048302731e-06,0.9989470844712065,0.5677037034524703,0.4196062783934935,0.5670465133486081
0.5851154848859026,0.002902724483569581,0.0007561287231805771,0.0002713435220169898,0.5840071217375453,0.0017218848325512698,0.0019008309368535165,0.585533403721489,0.00010753635231535309,0.0003881381615895715,0.0002439139339558416,6.757805618544754e-05,0.3923271734661164,0.0014891592968562044,0.0013325865094825243,0.4994008280166873,0.00029523238087718166,0.0008226968993331072,0.0031975593582413697,0.5088300264457387,0.552703437086007,0.6009542417385536
1.0690604985177072e-05,0.0003501122506794704,9.534679816086274e-08,7.833521941423757e-07,1.9363894275319904e-05,4.923889374520033e-07,0.8946258700356694,0.44971609854308947,6.234075561610644e-05,3.0080257694931075e-05,1.8863504651896273e-05,3.909426042001501e-05,0.292168426350197,0.9997515738360844,0.0008826107138804058,0.034727197952789654,0.0014062560458848643,0.00017116489451827425,0.9808060140698209,0.4841317694177476,0.6015051328335301,0.567940119866322
0.000652401066794237,0.5829189427071217,0.002474618512489657,0.0008338894613509489,0.0002734238421788901,0.0022867209555461512,6.250412246242929e-05,0.5775148045701153,0.5844968854182834,1.747476658986401e-05,1.0996496379776496e-05,0.39214365433621334,0.49309744449798865,6.859094673597509e-05,0.00246667382790531,0.0002949426470813697,0.0008995156670388277,0.0026693812093699343,0.9992962665405534,0.47904328179893024,0.48983067961962384,0.3945334912342854
0.8705609836698003,0.00015367356529861237,0.004203911377781894,0.0006511333127860986,0.0006093238050948114,0.003910485282281514,0.0005190056847420237,0.006522242283327077,0.0004781057917758012,0.4424477597610277,0.2847744416491589,0.0003332378298649065,0.004605890139712276,0.0003772243764304053,0.0027391970518904074,0.00043239223368740306,0.0004538401304083621,0.0031199879602087366,0.00010998877482210631,0.48085925111906946,0.4513060826959191,0.3984380598570061
0.004981804360758572,0.5750262806983172,0.0006020587654152128,0.5885021216522254,0.587223218637849,0.00016207916183622937,0.0016272629472058075,0.0005442703339143007,0.0001984697375615461,0.00016279441315504526,0.00010211310142754673,0.0001244905560028986,0.0003450465662962215,0.001044980085304091,0.00010216939020996074,0.39278590879786923,0.5034301095632034,0.0007009957687817193,0.9944449181053123,0.5473305681455829,0.4453937715382725,0.40144823322010026
6.484076935929156e-05,0.00555374606659615,0.5906240039115409,0.0015483613660449062,6.766652347667427e-05,0.5847793921162748,0.5758158841572604,0.0007437255355130964,0.00023719224831178254,0.0002509596738893143,0.00015711821455986207,0.000148498889762735,0.00046562410252041315,0.39083988629328625,0.49681905930863046,7.293270223916374e-05,0.0016688609234357097,0.9939390932517,0.99265917773054,0.48528596638346494,0.41714497940896517,0.4011577706335153
0.0021899738337818335,1.4268038030283949e-05,0.5765342663005827,0.5788507418892975,7.725145465393128e-05,0.0004052371529142114,0.00024722250130937244,0.5861072878720145,0.0007030570686596901,2.196888774357637e-05,1.3844904307512714e-05,0.0004451422863578143,0.39617602757512965,0.00019598142715109156,0.00031577340264466575,6.019680997009297e-05,0.501273699466235,0.9975818135739132,0.004199306834693217,0.4847298562963063,0.45383539168874343,0.4442141769515873
0.001059065122591211,0.5704006083773313,0.0023376968158579352,0.004124611319905382,0.0011762222696603706,0.0002225028620917766,0.5716069158617835,0.004283867973176142,0.0018272881018191753,0.5877010579177595,0.3941138303982574,0.001410334237187603,0.0033417558327420716,0.5062329271832187,0.0002464998120355156,0.001296635634526807,0.004546831188687095,0.002744022391877983,0.9987933293741399,0.4533744548088305,0.49319027834272533,0.39719996622019815
1.417122559203833e-05,0.000634434098472898,0.002620532127798582,0.0002910130127718518,0.5801555121994353,0.5782033309707607,0.00029779242974483765,0.5821797325270864,0.002778306282912317,5.714874201960128e-05,3.5397051829503736e-05,0.0017571885823681951,0.3926330399427778,0.00023488101111905364,0.5005020865742222,0.996918000984667,0.06608038315068944,0.8522642250638283,0.9859572893613416,0.4543882869119177,0.4343249451466255,0.4868575258962449
0.580778735672349,0.004329256682402079,0.0015274427421948132,0.009764187210812753,0.005052099714692484,0.5756838015774366,0.5836756974252421,0.0017720902542357113,0.00045743319372518323,0.0077687533584703235,0.0048750669138992175,0.0002870552953307848,0.0011239445474294386,0.4009806660464503,0.49873852695783927,0.005537310787295496,0.010702654908034704,0.0017828941107254355,0.004804846059001333,0.48391924404376424,0.5670858297865929,0.40126944513251483
3.445347583686032e-05,0.0007140273986356381,0.5810005708477584,0.003494526348117062,3.3789253803758884e-05,0.0002822438431244706,0.5710853410494346,0.5866016950189178,7.262863325918562e-05,0.0002216953429669575,0.00013979929360021756,4.579904181549975e-05,0.39471398951191083,0.4999840916107372,0.0003107952958142957,3.702324647578137e-05,0.003829013238280829,0.9992069921619988,0.9696825184663733,0.48469266179017745,0.4794026873339751,0.4056590408775631
0.6031480891150418,0.006206712097402881,0.0008220697860851592,0.0007181325277190914,0.0038181001490962254,0.6116980362124742,0.00021086167117592271,7.835442356991759e-05,0.5996395428995883,0.00010952001166917574,6.64399663857949e-05,0.38720505067173316,5.8399706685941476e-05,0.00015857200600856393,0.5060570754123815,0.00402999032973278,0.0007579933702179998,0.0009001857058515992,0.006632798559725206,0.6896371488121777,0.5583372234474884,0.39979099063988344
1.4644269227470188e-06,0.0001943863047099425,0.00018432536273783846,1.2186881886478811e-06,8.540497064851205e-07,0.587966940354401,0.004714847840019755,0.5871404051675686,0.5884221833956088,0.00026246933493491036,0.00016325607045906872,0.38992584748067466,0.5013519535000702,0.005200465737427662,0.9997005416004315,0.0019561464387615607,0.0027913133545840888,0.4991261475216048,0.9951678770134443,0.5148634980378451,0.35095017433697584,0.5326563417750123
0.5810239220829285,0.004093861170785881,0.0024048263987048054,0.0008521433535908496,0.00044758169003725537,0.0009752053017089198,0.5676373767457366,9.957659908534453e-05,0.00044407828262040607,0.5775572764146899,0.3909472509785309,0.0003451092778243938,7.738458029731107e-05,0.49804549557838385,0.0010685086210816905,0.0004904053374862268,0.0009336726951881349,0.0026349222966157992,0.004541404213492128,0.49468749630856707,0.4640168407142979,0.4684709361461364
0.0031824649703125468,9.006206817719142e-05,0.0033751127219250245,0.00017723324013702024,1.5048767484107556e-05,1.2709901898787932e-05,0.4566750502803932,0.0005302516361414139,2.1237391892937534e-06,0.900555989882329,0.7012120413857819,2.960408267513857e-06,0.0007391499312972283,0.9935783344764506,0.00175643927400085,0.0020796642309324764,0.024499011581475827,0.5239518444015958,0.01854714567497212,0.5819265123369585,0.46359211661867566,0.5412605347998143
