obj_0,obj_1,obj_2,obj_3,obj_4,obj_5,obj_6,obj_7,obj_8,obj_9,var_0,var_1,var_2,var_3,var_4,var_5,var_6,var_7,var_8,var_9,var_10,var_11
2.9983640310338948e-05,0.0009602704349835303,0.9006319178786447,0.005345505499007436,0.0002983569170687825,0.004511543881936715,1.2891568436379595e-05,0.01068636675849733,0.0021339011467533717,0.4502478944267691,0.2951249800364122,0.001542979717632953,0.007601064720589935,9.113044305771153e-06,0.0031892144073810864,0.00022382391451748903,0.0037786611782372765,0.999303907130332,0.9806169397125997,0.42692085465967783,0.5388322542253318,0.49162972139663214
0.5871689958740225,0.0018463443690425283,0.0004116388027441332,0.0034116005373829614,0.5643887176285624,0.0006408643376129014,0.00013190219966447182,0.572961214704632,0.00458075061044375,0.0002841050104453423,0.00018003497015840547,0.002969445615333542,0.3891383188465475,0.00010206775577270359,0.0004959086770039004,0.4940578225259498,0.003699005980676689,0.00044632582661382125,0.0020019516807194453,0.44366942518979885,0.5036898175981442,0.5378684094255048
0.00996683631245398,0.6014002083276639,0.00048560871639893036,8.24731599649112e-05,0.002131917894450328,0.011698819904878158,0.004773600361916955,0.5902931815515381,0.573617715259354,0.0031158244334836367,0.0019605089510486007,0.3887638525210737,0.5045458199315249,0.005222300575413563,0.01279960191390013,0.002382013280406237,9.024550877809222e-05,0.000531415587257434,0.9890925490979856,0.433307285542124,0.477822189029773,0.4173102831071187
0.00011990285494517102,0.004945121406917499,0.0049886862362807,2.3392360923238344e-05,0.876899591528556,0.45208305196084325,4.279150480162444e-07,0.000630173023474148,0.0008173487441119148,0.0028154814747401885,0.0017869151469626714,0.0005306632464941254,0.00040245634612167585,2.7158721949579526e-07,0.29765214976904564,0.9950050805731127,0.0021197189942449013,0.5026951450901941,0.9845679968396623,0.5539445630281227,0.5098095578497489,0.5077193657836064
5.991597090350644e-06,0.00014025058387287365,0.5894809219391711,0.0025915894642949133,0.0011266505421585258,1.1100831321063875e-05,0.586750622167358,0.5690370522908872,1.6745274664926826e-06,0.00037990142566817387,0.00023999130963744822,1.0699085998046602e-06,0.3819826419843697,0.49851862006342995,1.1988378695948346e-05,0.0012167328580954414,0.00279879751459188,0.9998483960992943,0.9728196720801476,0.41222031300905865,0.5070667547761768,0.5010638652941464
0.585066309943062,0.004334670759076862,0.03394807340458276,0.006722974347307925,0.5722731500359989,0.0009539789757242968,1.707912424461818e-05,1.7553476049573845e-05,0.0017900946304970039,0.5855605596296463,0.391990401001608,0.0013926325318769938,1.3501996861414126e-05,1.3137012989528052e-05,0.000733786183847634,0.4990178038866123,0.007302051196346057,0.03689738337633497,0.004561753605959451,0.4165075102626663,0.43744038860783163,0.44553028433691144
0.9842269865139419,0.0035962854032199096,0.0007824321391071178,0.001215357216991357,0.0025549634143504593,0.003999403808369524,0.001707501817381859,0.0016053469821998147,8.677859732824014e-05,0.0002249441071099485,0.0001422194280825101,5.629521415969219e-05,0.0010212642547923535,0.0010795526172339238,0.002528595059673998,0.0017445254787055268,0.0008025927623852905,0.0005208725889476185,0.002499220602392747,0.5022515644239602,0.4372027618052148,0.4454710073860098
0.0003631655019479663,0.8936949366958409,0.0023518965686569306,0.002995111253219573,0.0033715567152876346,0.437164978623062,0.0014475867820151996,0.00247883222480111,0.0001083180064381117,0.003953937039913526,0.002479995186285101,6.949972266901143e-05,0.001564506065053789,0.0009079636839171012,0.28347603995816495,0.0024866870450021526,0.002081530748389321,0.0016344377072985417,0.9997476629395814,0.4413903187135196,0.5961446262636174,0.45196558788813346
0.005115853577833247,0.5873773628014856,0.5728400669206372,0.003986410235992744,8.629920118185403e-05,8.381226220060001e-05,4.621594735249027e-06,0.0009190944046336562,0.006277680242093465,0.5819528604601885,0.39273899454355565,0.004926408018995437,0.0007131313914559413,3.585929883550125e-06,6.503049353084704e-05,6.83715296918054e-05,0.0030930645243313288,0.4920104167965996,0.994455692078027,0.5503145288436502,0.4543245271683005,0.4637206759235303
3.3506943676205105e-08,8.27186093809437e-06,1.2069636230469257e-07,1.3368965744891625e-05,5.773279642336363e-08,2.9852603695461527e-07,1.0246245777117942e-06,1.2139876502779482e-05,0.4372565144956988,0.8961260578636109,0.7012494334753134,0.9999656268831881,0.37586125975884316,0.03561007247515528,0.009339729320752568,0.0022249781938273403,0.7059045301498077,0.009891248594994073,0.9973725837134366,0.4502287481774362,0.5416238167796759,0.5230923600309141
0.0038103037570699117,0.0015134626528249878,2.09303096288184e-05,0.0003183364251891546,0.5661018329486561,0.5845858257758079,0.00016198968916576956,0.0007977094609411503,0.0018569143403036163,0.5740794660015228,0.3880694042993554,0.0014543418762242148,0.0006177171943608015,0.00012543905643548799,0.5035793617078587,0.9954712259648608,0.04933277466948274,0.0032501187179326263,0.2407125927314589,0.5388347736240373,0.5013696738356064,0.4651977541213626
0.011889006967402103,6.009388749765228e-05,0.5797284298777817,0.005890456261061518,0.0011574301174925182,0.0018286870614730838,0.00012846339160456978,0.581667709467442,0.0005810823393932934,0.5825044759080891,0.39271880713002105,0.00045553729823818415,0.5009772333832297,0.00014103217061891033,0.0020076059678195025,0.001270680558017595,0.006466896750437008,0.9869459337649031,0.0032178107701688607,0.43861602072060957,0.5526680632920381,0.5197632587788484
0.5849916428816662,0.0025446866322094827,0.0015199195678494068,0.0006922509920287738,0.0013309735233306907,0.5914474433803384,0.5831206369163943,0.0011388800379953147,4.2644316057008134e-05,0.013945610056431341,0.008753268811032305,2.7466028317979334e-05,0.0007193479850738006,0.3878807125501801,0.5036324879895346,0.0015649741669431982,0.00077346278494564,0.0016761921928307045,0.0029258343548988486,0.5396215331683363,0.47589267450159495,0.38983450949399684
0.0035934049288042992,9.330064028955662e-05,0.45380187846658504,0.00520218081260038,0.9143210647785929,0.0007739489592767136,0.0031874084531706166,4.680663562254505e-05,0.0005711212353760056,0.004776982182966898,0.0029295390850131347,0.00035424756402092786,2.8705139893948385e-05,0.0019547301168971157,0.00047463789462345233,0.711918910886708,0.007296789794839458,0.9949575153721609,0.015983630415988586,0.30978490716941587,0.5395095749286641,0.48130407600796665
2.6677321787431502e-06,2.0429142701034207e-05,0.0024915166967747772,5.8690749665783385e-05,0.43416325235597875,0.9141577107858402,0.000314008791708322,0.00637714180063126,0.0031571019381960307,7.715827877331337e-06,4.834680181799916e-06,0.0020236421598766492,0.004020895355617227,0.00019676009618394376,0.7125430280496512,0.9964210472180273,0.014992943264925729,0.9947358024375088,0.9173397612269052,0.5363175169407249,0.6045020847330032,0.5613445089826219
1.7073139953481513e-05,0.0022331166717889125,8.778135962659659e-06,0.0021816424187597098,7.924336491269616e-06,0.0030344141808129766,0.935896421343433,0.46230048813629754,0.00047036015972034347,0.00027934620103131847,0.00017015682272281428,0.00029308678023999676,0.2936596099806679,0.9969995328003197,0.4829474525996887,0.0017018344396810096,0.49304501298593906,0.0024738229943980458,0.995251890270146,0.29820785432697217,0.4435613552053478,0.464895199589595
4.555660385526656e-05,5.389690529257431e-07,5.715134803715379e-07,0.0013547345376905332,2.657860319133035e-06,0.0014321823689716344,0.5820704904302559,0.5730975077971147,0.0002004406369009148,0.581975881918513,0.3931677794994307,0.0001593105674561686,0.4970373014102605,0.9978432981579525,0.5175141602056647,0.0012746224683332572,0.9785976641911942,0.007985884192976966,0.0075317805350762716,0.5477994213916383,0.5496615810613755,0.5163877134445263
0.6014457787692115,0.0028773255381133777,0.00038272661046964923,0.0059508321885691625,0.0010621630362409296,0.0018959382264506404,8.11690271020833e-05,0.6004175728209379,0.0018886629130907913,0.604482330428321,0.39271880713002105,0.001447443143739757,0.5015610491904099,8.594973478097303e-05,0.0020076059678195025,0.0012146868844190618,0.006466896750437008,0.0004105330096442314,0.0032178107701688607,0.29564861967127953,0.5526680632920381,0.5197632587788484
0.002870451255395304,2.312979015556648e-06,9.97395239110296e-07,3.2171137229165533e-06,2.0877204734588424e-05,3.5712463533868998e-06,0.5998329118410268,0.5993562397272867,0.5935160332200974,0.0002825859197013119,0.00017315749832863954,0.39217249104978913,0.49974611598233204,0.9969532445413428,0.0007919696927126876,0.004727429668792443,0.0007134514817961866,0.0002212077364036058,0.0004961461894415625,0.36927467846719375,0.523210586652193,0.35402235826880685
8.756920023142567e-05,0.0035848875848172807,0.5672365846559495,0.0021899705952309416,0.002518083105402843,4.024766271075966e-07,5.038234821632892e-05,0.5749088110655359,0.5675753973838346,8.779525436131621e-05,5.545311788561849e-05,0.39217249104978913,0.496493697917683,5.48378138122992e-05,4.3806855536549774e-07,0.00295991076642127,0.002489765783518146,0.9957087433932282,0.9858678053426285,0.4240885295127134,0.5323829105234499,0.4667316893144322
0.0030805536149845375,0.00010826303280456967,0.5804294944533811,0.01189623146367284,0.5514889458825724,0.003665508527222725,0.0004841438662131646,0.0028720647190004106,0.0058941533047984765,0.5811509522280703,0.39092032224557405,0.004656380798414406,0.0022319124472931703,0.00037389680257623634,0.0028308196968796456,0.5025915329230379,0.013161653241776483,0.9966196655620733,0.022926413782931476,0.5353491990297266,0.4277750645145144,0.4536484352935066
0.5852217836560344,0.0017450850690797633,0.00350238854779937,0.0007062401046978374,0.003560160247997349,3.648301689787834e-05,1.0339188277378e-05,0.0006570704455147801,0.5747453776106141,0.5842650934711524,0.3906712475171781,0.5015454163868174,0.0007194033654817254,1.1249672790167189e-05,3.969567424831765e-05,0.0041108649218887655,0.0007684195484725931,0.003810582909728694,0.0019462079382996933,0.4263440882692918,0.4079452754507307,0.5261360971087377
5.882168449261958e-09,3.2463509677465125e-07,2.0750350625302412e-05,7.198350658528797e-08,0.5679624787130872,8.421952704552805e-06,0.5858746693723017,0.5688438827954063,0.0007305701963620638,0.0010245069712341618,0.0006498821830919077,0.0004740684115110694,0.3863827091827814,0.5032444257681407,9.245149135562363e-06,0.9999772188274958,0.0022081514173053146,0.9900392882952764,0.9884668142785284,0.4854129330291125,0.5438203986081463,0.46170373705345474
4.617740734933657e-05,1.4797344044766516e-06,5.538064009632115e-08,4.829378341233071e-05,5.336391691052047e-08,5.8368418052939225e-05,0.9997504609963035,3.3192223325028394e-06,8.594614380705099e-05,5.845549780779481e-06,3.7033447283462766e-06,5.5868845387569994e-05,2.1863614904638062e-06,0.9999426811486262,0.44639245576303577,0.0005395267634048527,0.5206176324234449,0.0007852187953772023,0.020418694015759208,0.4493297823954635,0.5451130182033509,0.5164539508821069
0.00010296856600812922,0.007054453852939553,0.5786943812729369,0.0012175559489298786,0.0020647405037979446,0.0008971564818191751,0.5791858032691113,0.0034594911501436235,0.003195858241384606,0.5895759361070908,0.39729231404055587,0.002541905347424267,0.0027066678106158117,0.5002505810351326,0.0009868962573283263,0.0023687212500182464,0.0013393167104287264,0.9922388564604578,0.9907094574436709,0.5507616342703245,0.5796605044649353,0.5062916979559106
0.4389239830568451,0.4161686913659465,0.00859454769264557,0.3844668489663565,0.02328508732800154,0.00019972537499241124,1.1077648452299816e-07,0.001399368564050119,0.0064347668854315195,0.00014475724371631189,0.00010163681189871254,0.004425032471874646,0.0010903131193962246,8.401364489747578e-08,0.00012851463128405252,0.020794773824439138,0.4709414722834938,0.010710502669304282,0.43994849823733473,0.53838652118861,0.5825249120703982,0.555839366893767
0.5745661883272238,0.0006784155217571968,0.5488089296481532,0.00482295204321178,0.00016974432432427752,0.0005629180208717878,4.540826053207841e-05,0.5432086862541095,0.005516758611112203,0.00016876161521855985,0.00010654940366873304,0.003573864841851633,0.37849628434611604,3.5585347528323263e-05,0.0004290251576728317,0.00014418634051526305,0.0038391081687245174,0.4862904173253888,0.0007867747675948666,0.4278780193018885,0.5535475745868552,0.48383598411144046
1.8899433640335667e-06,0.00017433396371471349,0.00501247727381452,0.4522705308038149,0.0003552772308302375,0.0015414185820892433,2.2818087628691108e-05,0.0005496651354489426,0.0007202220573111202,0.9104686097433525,0.706477352750647,0.001025302001716947,0.00077367345018627,3.2117010953208546e-05,0.002169586183496432,0.0005106051347993899,0.9929401276846455,0.9785918997869478,0.9928645623974747,0.4219629135214604,0.5514429012856291,0.5888197914102214
0.540412001083992,0.5186617147414847,0.00036641324373187903,0.0006596081615819331,0.017995112282155067,0.5698466421421102,0.0015500248422961674,0.004241426439988515,0.014202191219846037,0.00022689092982721944,0.00014222920918038835,0.009242535805321389,0.002988414909735504,0.0010796110222944916,0.37885964776935016,0.016770317287877257,0.000679981356375892,0.0003357776808512788,0.44400387244359285,0.440170521291812,0.38940318944340285,0.527986878861922
0.007761591394862727,0.5853076833289774,0.00046573742989177195,0.0014899602052981973,0.5724542524527101,0.0009536327195690703,1.3241293069490016e-05,0.006662905503706724,0.0016387749606426249,0.5858980095716948,0.39230838210255387,0.001290086918798482,0.0051595982584275,1.019025097664863e-05,0.0007338963863698445,0.4995441659517631,0.0016204028536611881,0.0005065174192179123,0.9915589608774266,0.4173961989987873,0.43744038860783163,0.4453806373683432
8.05550412489718e-06,0.0009752264322472125,3.556530962408253e-05,4.4965913083331215e-05,3.137361310820539e-06,0.44777141342422916,1.844484847747317e-07,0.0004803882259694248,0.00019923232523099053,0.9004488867668717,0.7062221495959313,0.0002906423409057288,0.0006872431777221668,2.622394041908717e-07,0.9985335631352775,0.0020913284855605236,0.028999370036834615,0.022664803052813667,0.9950220718612788,0.5056243628002972,0.437217358824461,0.4592055253822853
9.988088153848659e-05,0.002825509731063204,0.910665602955077,0.00298614887407356,5.4040669254579867e-05,0.45433075054094435,0.00012913451230963128,1.535701965807422e-05,8.911299699876543e-05,0.0008072265057616101,0.0005049875310946478,5.702765450957101e-05,9.66715466670551e-06,8.078426627086555e-05,0.2946257789581334,4.009432339171408e-05,0.0020876160724003336,0.9979741176293639,0.9780578433711367,0.421158061158665,0.5961446262636174,0.4532888144740549
2.5109639577532564e-06,0.00034453976307148023,0.4412361970506369,0.8785789563950415,7.364668299747269e-05,0.0010336906942909165,0.00023028047282714492,0.00031271472916032437,0.0009625667323670308,0.00017223856787790644,0.0001089582423990193,0.0006229019373838576,0.0001990578356111856,0.0001456751942189189,0.0006539111190508164,5.031613894983765e-05,0.707008885428764,0.9994971396983378,0.9954739366921039,0.5254896963412725,0.566516509625931,0.464236180779987
0.5892796448073028,0.00018550743171152963,0.006561383308642063,0.00253334816116684,0.0011479547988214123,0.5894990969856885,5.046551530164155e-05,0.002593817682601934,0.004580210022060004,0.5853230962041072,0.3897828401932471,0.003578947525947386,0.0019937096946857098,3.854882892970879e-05,0.5001960075908145,0.0013397240528575769,0.0027615866939253624,0.0070897714588137265,0.0002054556575645434,0.5720496809444687,0.536441720824356,0.3908252772329416
0.005852376068887205,0.00039334594612925564,0.0004892014220629658,0.4545201109317394,0.0014856146294510457,0.00407028259216321,2.4381706330796883e-05,0.904280177407138,0.00034843300526174383,1.6982826652942466e-05,1.068220245661601e-05,0.00022166642889093712,0.7034649208372357,3.4145878485169245e-05,0.005700384622522338,0.0021245058748461942,0.9917569505738799,0.052980848248465384,0.041325685446413477,0.43937432359119655,0.5098138982433963,0.5913339714072136
0.007644131812355493,0.0009125017662403592,3.912806187327361e-05,0.900552941985798,0.0032393395720216526,0.006753299486044031,0.0027939716028694862,0.0011371652708898373,0.00035472980901843555,0.4530363512094948,0.2967148627209397,0.00025651251562731957,0.0008088758199005575,0.0019750310404598737,0.0047738903334269825,0.0023881735831230433,0.9945583816163183,0.0032359822164907772,0.0756457326656786,0.4726618380226541,0.5171872526556909,0.4158645040066715
0.005342962449701902,0.5911933704361134,0.0031818625539119095,0.004176138422835133,0.002105872845707962,0.5790564662723717,1.0095232940253374e-05,0.000275266796103736,0.5704119822358652,0.003882433638442162,0.0024408760789048477,0.3909696622668995,0.00021307717137145104,7.765907176785126e-06,0.4933714497917403,0.002315299468693084,0.004496616941210752,0.0034261444605331245,0.9942469843120341,0.4243970643516193,0.539482161766975,0.42699983315640144
0.007903414117818908,0.8825102647053293,0.0031585116939459148,0.006238267990874026,0.0005413175454284403,0.00030812283016038925,0.003234165899316191,0.0031886144272339225,0.43496232166563636,0.0010491513087228465,0.0006625399597242837,0.2910161227070559,0.0022580524197003517,0.002276091846926065,0.00021684640083856569,0.0004042859906693468,0.004390159954411851,0.002222720373247691,0.9944390409194301,0.4109596525706105,0.5075860232074408,0.5109721144882953
0.00013916289394922134,3.240819973705051e-06,0.0032934330465023147,1.358498574180906e-05,0.000259174994359632,0.8984575170227587,0.44710406205571457,0.0016916791234917882,6.223223067115114e-05,0.0029109475707083487,0.0018465865347807552,4.038415450095546e-05,0.0010798441772634922,0.2939605688999256,0.9976563646620137,0.052999746032102404,0.0026237491159500402,0.9731128059628169,0.015196494943113868,0.5477597097045689,0.5026021329211059,0.5357366673395617
2.4476003160436042e-05,3.881377064251334e-06,0.0030731500053514387,1.7782058995081024e-05,0.8812112355443797,0.005509736342453971,0.44765991578233,0.006315534051810097,0.006795737229243734,7.5650408805921544e-06,4.7918316298289275e-06,0.004403413548984286,0.004025501849622725,0.2938962549530345,0.003898195352028117,0.9978256075123798,0.00368345624920589,0.9948666570780966,0.10012648774870475,0.4335431566999603,0.5022623391909494,0.5251679289756066
0.5816846811793617,0.007437470319770201,0.583264293124171,0.0058133653812973505,0.0030136442328912334,0.0025167132006831227,4.274874336605869e-06,0.003899839910763976,0.5720786858627498,0.004002604886833879,0.0025310319013427955,0.3897845737123965,0.0030135124323155526,3.303307202357213e-06,0.0019447313400302885,0.00237782553659057,0.004492193757355232,0.5008412487863055,0.007872337655657223,0.5503145288436502,0.4646915129441252,0.445385664386909
0.9012635867072423,0.00044081810805532325,0.006869885910261561,0.0021107646519303064,0.0020120513432880594,4.457486442270874e-05,0.001068664961339668,0.00013346819570756832,0.43688893694535796,0.0001226685636071819,7.76302833920882e-05,0.29307453372276204,9.486941197898091e-05,0.0007548885433875507,3.148694501450833e-05,0.0014512401459824313,0.0014909793911080452,0.004852776409674409,0.0003113959779322533,0.4284108609549118,0.47104309509561326,0.4998831504710525
2.414629496865622e-06,0.0001401626403309853,1.6224695544906938e-06,0.5712818802813336,0.5762054112792471,0.0007254619875260745,0.0013953574595729052,0.0034755243425897966,0.5667843495039602,0.003951488293811748,0.0025047354232578334,0.3917860433257224,0.002714923120474017,0.0010832239707914415,0.0005631796424400703,0.50937759235665,0.9998437702405762,0.007367772444010323,0.989034458253377,0.5293956775138585,0.48343570721364987,0.5565681732079671
0.5722218957463155,0.014591857701644418,0.00229213022966635,0.5786943969890675,0.00017326262396740437,0.0005641848049772746,1.612692039338356e-05,0.5711227680679868,0.005533501614392386,0.003994762680280013,0.0025144903160623303,0.003573864841851633,0.38472979100623095,1.2336163595784731e-05,0.0004315685452495607,0.00014313272337980492,0.5175149407444926,0.002630050011826257,0.01785612986009269,0.44015796671356305,0.5514162252883623,0.5719285503573702
0.004335817150383136,0.00024229589436496784,0.000445527316655464,0.6044857843239244,0.0031527568633998027,0.6128101888304428,0.00025853712998483657,0.003647307908498532,0.5949263951102225,0.00020520348058952715,0.00012392038312374325,0.3917860433257224,0.0027143400742843903,0.00019120979424558588,0.5043496579809739,0.0034627835688716365,0.9954030516926171,0.06509264073172277,0.03554292217368044,0.4217136268500309,0.5419339326450316,0.2848010746917708
0.0001508645524913065,0.010702260364149447,3.985226837713658e-05,0.8982233355682798,0.4438247360773676,0.018131188977395157,0.0001246513900251419,0.0007010421314022748,0.002255667169958948,0.00016831073719419468,0.00010648097624333869,0.001443329199795655,0.0004435156103173056,7.88602497218715e-05,0.011471241148426247,0.29745489284306265,0.9926626185738054,0.002450780993417888,0.9907220300441325,0.5591629760172044,0.5364136900331614,0.46183860792006926
1.3304698712487379e-06,4.808493861423595e-05,5.885313146839968e-06,0.0,6.076253540184343e-05,0.7837715308562195,1.7443484613910575e-10,1.173472127797623e-06,0.37393751716621815,0.0009368790456251386,0.0006301174332516424,0.27271760545756735,1.4592616255441413e-06,1.7478415648567298e-10,0.9998753679347644,0.3482114467251357,0.731409656684243,0.1031917838386249,0.9667935898869716,0.4357235274810086,0.4162372592275002,0.3535303862547601
0.5847749310561706,0.00552540304262194,0.0009797177536413847,0.0035595406814574286,0.00010284602509579667,0.5687565561619227,4.1004456440785026e-05,0.576773798478525,0.005492471395923928,0.00010202392033928667,6.487972925369237e-05,0.0035730264728805637,0.3937046749605656,3.200357411597065e-05,0.4912209904539342,0.00011884202180109096,0.0038757467903298426,0.0010667096899298345,0.006166746635335452,0.5129334621499377,0.4742739105368462,0.48384930590488084
5.11246096589342e-10,3.052544500921897e-11,5.33571304456362e-09,0.00010881171117350977,0.0001099141434740995,6.265656024739616e-06,2.7345069087570805e-07,1.0262614502518683e-05,0.8879341088631068,0.448696752980732,0.2949751946766528,0.9998888622946388,0.041701935250588094,0.0011127550132002965,0.02550370350467379,0.5098499468698853,0.9999686389776036,0.9390826359252524,0.037968153187655854,0.5295135148496587,0.5521053019451798,0.4816654454797513
0.0006857484548845839,0.0006939197865868325,5.694123972399156e-05,0.8968496877716307,0.00023886416506344258,1.9734444984875642e-05,0.0001989195292858122,0.0013616396838622526,0.4476455716418121,4.833136074075176e-05,3.062644421005382e-05,0.29762446777012663,0.0009665545728956246,0.00014120245901280974,1.4008425136998284e-05,0.0001731308393538827,0.9993063211226909,0.03711563258946615,0.5037870878386203,0.4324987653024157,0.5075676834821157,0.5055836646628684
1.5671480422762935e-05,6.142769099375387e-06,1.0328097828424534e-08,0.0014805629115097064,0.0015012919512349516,3.1217316111107852e-06,6.088978480759595e-08,0.9030890254325746,0.0003895118691921487,0.4587091034186127,0.3017347608511847,0.000284527196008215,0.998404787487556,1.7299481287419198e-05,0.0008869196699781147,0.5150200566519445,0.9930211866662613,0.00039283928776180036,0.24993413306321144,0.45073872293271117,0.5471903923235233,0.4807942724305528
3.0069637091463558e-05,0.00029367199607186585,3.1309685269395575e-06,3.534788954021061e-06,1.4508554179052077e-07,0.00010218092379041793,7.887597572753413e-07,0.9992181659947059,0.00015019887111914672,0.00019811297444098498,0.00012543718324599138,9.728350597434932e-05,0.9998021847782174,0.001607230441534335,0.21211362736444186,0.00031943528498470193,0.007621897524666965,0.006751668957663215,0.9350454224503816,0.4446329247542179,0.5448839283069041,0.48039281546738855
0.0005884703566772701,0.010289387589186912,0.0007887535646440704,0.5857269872176856,0.0013602498720020097,0.006894247852396904,0.5818584760324277,0.590842087798398,0.0004878880544028358,0.00012280644032048926,7.700128308527499e-05,0.00030940461934325127,0.3954010009695855,0.4978216439676483,0.007491816067821095,0.0015093793183191392,0.9887666284761084,0.04862677648366383,0.9636319772416906,0.5392540176829842,0.5963397816847296,0.5670717466745845
4.3088389730495236e-05,0.00558980609809446,0.5771491616353379,0.0006950499617361987,0.0034534031635731007,2.033026667462831e-05,1.0198497541699341e-05,0.0006730278260074788,0.5773534573685808,0.5816653009130507,0.3906712475171781,0.5073471810637333,0.0007470401317414159,1.1249672790167189e-05,2.2425696843265345e-05,0.004114139528449786,0.0007734373533162289,0.9936804113389023,0.9952132875849793,0.4851973579616201,0.4069265105682929,0.4655616260482304
0.004243671625942999,0.5775110671375564,0.003703195753066704,0.011995681524304982,0.5552525926603957,0.0031250482117622337,0.007660227775653116,3.691089659550902e-05,0.5643076620998073,1.7125878249162132e-05,1.0856474239363328e-05,0.38985488833419096,2.877397631991462e-05,0.005934453458234457,0.0024210760755416505,0.5090644022786586,0.01333471469514888,0.0040629662123298355,0.9952822291908823,0.5083246574421322,0.5160145895281969,0.43731334656976284
3.619825118657719e-05,0.005090600628280318,3.989230130500288e-06,0.45330127367978074,0.00013463474111014419,9.23740697038739e-06,4.973650326034141e-06,0.0004902865697712865,0.8906661520223946,0.00010474938172172413,6.552846692142072e-05,0.7060892358115255,0.0006928573688320923,6.984844321661278e-06,1.2972706809646883e-05,0.00020065722487967594,0.9929118600588136,0.0004965391341908319,0.9954346461199722,0.4296525321501371,0.3888292570153823,0.5186995719434857
0.0014288655202121042,1.5154043855313284e-05,0.00013425177531951917,0.0006874120556760251,5.6947126916497726e-05,6.420981648099375e-06,1.110323051387401e-06,0.4566048360589379,0.891839211914786,1.5285158570122294e-05,9.624914878697107e-06,0.7016806475502952,0.9977798539133811,0.00044390101462759353,0.0025670776758900745,0.023252376762401224,0.28436899525591736,0.05963927256426427,0.006751864588493587,0.5741107945206756,0.4500955764371872,0.554971240296586
0.0020140196872443145,0.0016083465518207682,1.3765605118126143e-06,6.533133926769937e-05,3.8958219565800913e-08,4.784110907958959e-07,0.9086129727079417,6.936474926979421e-05,0.4420965161371219,0.005402578328207573,0.0033866827728563026,0.2947820579114085,4.8902778994471766e-05,0.9981222292943601,0.0001136418833292685,9.994058047133221e-06,0.01621133126008356,0.0003372639574613753,0.45891690888514736,0.45936245959120225,0.5149391320431692,0.6170160200476861
3.176268303825852e-05,0.004634881545001258,0.5912910725011837,0.0003529951873124156,0.0012888135070544243,0.5786114289152933,0.0005874025701547085,7.458524148054338e-05,0.002175686148224354,0.5845781467999527,0.3916253944539675,0.0017127237152207478,5.7755357795783065e-05,0.00045203075981059727,0.49311661465983037,0.0014726499394219737,0.0003800627065385342,0.994884860536736,0.995744624920309,0.5839979903667257,0.4416855545024455,0.5501549606686024
0.6050972904138288,0.0013769421844061186,0.027145379988396386,0.00632225783262066,0.003279951582886385,0.00011404871037253748,0.5911347015396471,0.0005642723715585662,0.5879339770466143,0.010189295008520026,0.006251116685641874,0.3949639462890473,0.00042813828151142913,0.49087445248975514,0.00011991147560299692,0.003724409715611554,0.0068220136661231515,0.028922044566927485,0.0015305862467898113,0.37198989257760934,0.47672898474258063,0.35586045068589045
3.4057054064361845e-07,7.209575288435213e-10,1.8766842404561106e-05,8.699953688081907e-06,0.5661863463239211,0.004141457939505698,0.5741202607336866,0.009119437204533492,0.574773865268103,0.0010436623546075106,0.0006612345325535795,0.3979335179942696,0.007169698524364751,0.4977821233152228,0.004560444796784756,0.9999772188274958,0.2763083511923349,0.9884487660194178,0.0013477439342193254,0.45076471176761285,0.544011735838319,0.4787732174444916
0.006477555161703212,1.7294704244883947e-05,0.5769564566029322,0.5903111538791299,0.00512664855879333,0.0006535608098898133,0.00024201494388634693,0.0008918553493018033,0.5790899910807916,0.0009491011629865027,0.0005969469988585498,0.39284382070266727,0.0006877941955893158,0.00018663908785447782,0.0005040180374182373,0.004036978006116935,0.5072376893473335,0.9928529275673235,0.001643952579324772,0.4244624160464691,0.5729148808601219,0.5339934196939997
0.45743437887918187,0.001481950725537097,0.0014850939947225804,0.003168991203297565,0.8894204089211682,0.0010277121980735262,0.0036265016480925305,0.003428248917724526,0.0069552626111803895,0.0009074549194294624,0.0005680901212401562,0.004403916646074617,0.002146244961352527,0.002270353827102233,0.0006433964970603268,0.7029314853827673,0.00440990681365762,0.002066830345665887,0.001994765153187036,0.37667617788341096,0.5357370337068047,0.47909685500945354
4.898185253992324e-06,7.847643052115439e-08,0.0007231342679111742,0.8514017683150481,0.003045304083330691,0.43678937897677306,5.143719086269601e-05,0.0029893290476459256,0.0031240162848622717,0.00012334916335564558,7.786645311811484e-05,0.0020234976404750905,0.0020327817077122217,3.4122760274810104e-05,0.28517360025495775,0.0023771156958318617,0.9994668176482775,0.99569977670798,0.010675715952340861,0.426329646148997,0.5016055219736478,0.44480069337463757
0.0024757456531411867,0.45022067252149994,0.004297986933382438,0.9082616612120205,7.846654569512356e-05,0.001041251057597114,0.0002319644598929827,0.00028833032217260896,0.0009696068133211623,0.00017349833148291,0.0001089582423990193,0.0006229019373838576,0.00018220559862079828,0.0001456751942189189,0.0006539111190508164,5.031613894983765e-05,0.707008885428764,0.006077089577428196,0.9964994923600444,0.5130475398042432,0.6107450389613488,0.464236180779987
0.005034592151232808,0.5805306024959296,0.0006597437230732154,0.5796283788755882,0.0022990311700190136,4.165936014068177e-05,1.4496533205987704e-05,0.0009212757852215046,0.0018821634214964543,0.577695917668788,0.3905899983592795,0.0014941424266769754,0.0007194033654817254,1.1249672790167189e-05,3.232863429742213e-05,0.0018606473444553475,0.49948518813473475,0.0007234475116071834,0.9944797476326661,0.48836256828470365,0.45640982459552293,0.4636518221309865
0.006207286394072599,0.9120151924365254,0.003378660235932851,0.012417779293705833,0.4479246471291255,0.019317926365225547,2.7197558662151785e-06,0.00018231169349125677,0.0023789639530810134,0.0002476618964176051,0.00014644073758299876,0.001443329199795655,0.00011973570479834267,1.6781700143840203e-06,0.011423074388446756,0.31601710394851285,0.008916231938815473,0.002450780993417888,0.9954931210346729,0.33711823184183975,0.3863340331584438,0.30710965329805284
0.5806530517520284,0.0028203628533741342,0.011840115615454491,0.5507482474540761,0.0006475371522959738,0.008218642826968672,0.5648308821835504,0.0002431058554929225,0.0019981671745212455,0.00016984512895833737,0.00010796396301529206,0.0013032639540262458,0.00015754268950969857,0.3814598008327297,0.00632647438507428,0.0005383250497882491,0.48970101306013014,0.013358371557308835,0.0033223144340041744,0.47402593668103216,0.47976398848815627,0.5205865400189802
0.006189070335509184,4.551467307215593e-05,0.9107853867107217,0.00046885063603716807,0.005791449542122738,0.005891673658260794,0.44935051950174015,0.007020176043876346,0.000763163498131941,0.00025794015507159983,0.0001616864157786991,0.000489363244166544,0.004428050983693685,0.29178498373515493,0.00411826259921505,0.00429615742161632,0.00032772551771699304,0.9956746577246635,0.004799679673887848,0.43111633257319987,0.5444819255129099,0.594250100769118
0.020346208421786884,0.5768338727423112,0.000668159723495384,0.005056380814319091,0.5937532656511444,0.5662949447674961,0.00011428837079442415,0.00196355926036577,0.0004965063475040093,0.0008480470541864301,0.0005341918501289879,0.0003192994611440625,0.001244595661434425,7.199122250259576e-05,0.3786467022680961,0.5156267941725967,0.0055767318926075865,0.0007369448913542012,0.9775556286473028,0.4280288891838828,0.5650189030224964,0.46467926373680457
0.00030323172459479703,0.928361335006734,0.006483149125264569,0.4559583051846125,0.006490104511180188,0.002220568456640908,0.0025695618407714266,0.000442972858270872,0.009316977428332965,0.009216907499635007,0.005825712617749029,0.005956444945570344,0.000280011279188717,0.0016242547353595982,0.0014036541920858236,0.00418900855565222,0.29910624557283094,0.0045965991540331255,0.9997850043914362,0.4729982927353801,0.5460364095658569,0.5660829309305917
0.004119436427487668,0.447777662255731,0.0014211478663018148,0.0008092894130711553,9.607404717618413e-05,0.0011188114633178977,8.609492579291898e-06,0.9092228926921538,0.005590066288256945,2.323175169796269e-06,1.4684901618694605e-06,0.003573864841851633,0.7169783433162619,1.265420247848465e-05,0.0016444255381192075,0.00014418634051526305,0.0011894861339193205,0.0020889636164499103,0.9939447190609494,0.4273858867191743,0.4614553103678332,0.4803972962984315
0.579102444912473,0.0015806401636151947,0.004414405852206146,0.5836337515987109,0.005065979070449635,0.0006704733188379826,0.0009812908617751353,2.310230755921018e-05,0.5780483280265939,0.00012302713447079022,7.76302833920882e-05,0.39349451210252673,1.788716523385336e-05,0.0007597665602678851,0.0005191152338985852,0.004005054079201251,0.5024474634295601,0.004852776409674409,0.0016806018505966611,0.5898082599510327,0.47104309509561326,0.4998831504710525
0.5741437566223462,0.0021760658010833364,0.5721594209028508,0.001515463487617819,0.0008371436095499326,0.00032163190537859096,0.003445871410155327,0.005170206572304452,0.004749137198203684,0.5759989176583737,0.3887517843071847,0.0037694498387317414,0.00402437095566438,0.0026656358006389358,0.00024880729266692344,0.0006993742474931119,0.0012245118856158387,0.5088490739988089,0.002654629953425868,0.5660118957707683,0.5073570098233338,0.5109889849718829
6.288369188370839e-06,1.0758945248326378e-06,2.9845346547438334e-07,0.008847414722344673,0.8861370831619454,0.00011828607063141827,0.0005666950846042242,0.4527367585866966,0.0009613163774863335,0.00013458738700312326,8.457578767393523e-05,0.0006167427513327681,0.2969316829820819,0.00039870301293635737,8.322098306794178e-05,0.9937753806702891,0.9995404582252639,0.02976165934143271,0.10788271687694978,0.44159209779699815,0.5912415614991835,0.5364844355543312
1.2262018739303002e-08,1.7378598446962617e-06,4.612576050517534e-08,0.00010193214104973336,0.5535801379970847,1.6195833029209272e-05,0.004179302669644817,0.0006597625533475689,0.5738533366736132,0.578652901984259,0.3874043593136205,0.4997456492275897,0.0007194033654817254,0.004528766637032805,1.7550349842587265e-05,0.9998895307419976,0.9892358055512861,0.0168136296071247,0.9954699475924265,0.5403614997258792,0.40973484621167566,0.549471675210017
0.003516115801385968,5.785864035170839e-05,5.426460372102523e-05,7.150927440538288e-05,7.263583958240674e-05,0.5891285888832778,3.914630021261028e-05,0.5769845347181229,0.003252502301596717,0.5848316287715187,0.39271697858291793,0.0025396319091063324,0.4933678291716995,4.2301269474361676e-05,0.9961976724411495,0.013419561912025046,0.012941398879755898,0.009823072483399326,0.010131100450261388,0.4506629452330371,0.5023831720096434,0.5923014144472101
0.0006030988530696142,0.004468773635638376,1.8984113484850155e-05,0.5878734816718547,8.501215611107641e-05,0.000774617647526289,0.0024153484484720493,0.579115970170186,4.560456088667199e-06,0.5898772605570467,0.39416200890276376,3.587949010795639e-06,0.49720613047502515,0.002615630468780914,0.0008388523836104792,9.769844303435986e-05,0.994997029161735,0.002615828489106287,0.9166748814177247,0.5163230603366491,0.3865260160437195,0.44265784418110504
0.9048391257888726,0.004384162721076944,0.003582203721854036,0.4434150737680332,0.003038906719246154,0.0013079230042133264,0.00015580281824236286,0.000227710401009657,0.0007424844018772782,0.00016828397309787404,0.00010616394658876526,0.00047916024984150454,0.00014455184955201883,9.828985309807861e-05,0.0008251157109505271,0.0020705079177848595,0.2923592632953833,0.0025208530234143546,0.0031622046170546475,0.4179854535149498,0.4772958937095017,0.543418178583548
0.4384429590236264,0.41579768217406005,0.4654861189633453,0.016714929018498477,0.023431870996061633,0.030016194081811165,3.0734310471837103e-10,0.011637817481371975,0.0010713925112770728,0.004080438631341859,0.0026205984516102926,0.0007370587872927228,0.009071228564624351,2.332017514718966e-10,0.01918169713113683,0.020945805398873033,0.018677649712174883,0.470790520049349,0.44001798724981034,0.4358735396457679,0.5163470293737815,0.4185671358401533
0.0024971040722849168,3.185532477095791e-05,0.00020452724479032451,0.00010174042736734903,1.617548203879989e-05,0.5811010687029557,0.5824132165289545,0.0019253132138051022,9.222810679337194e-05,0.5819650578360347,0.3919323083052033,7.30035044434218e-05,0.001499095988156795,0.5007156940572998,0.9972528049480927,0.004193108555804185,0.025836185071093892,0.052024982650707,0.008121332028543432,0.42702569969065685,0.547326090528378,0.48616883969699265
0.0,0.0,0.0,3.437616520074381e-09,1.827986885666151e-08,0.0,0.0,0.0,0.0,0.9999999782825147,0.9999999523093684,0.0023388817244939866,0.020706905712496487,2.5662077136736525e-09,0.46860973294837055,0.9248589800334108,0.5775938345720504,0.8795323829041113,0.4755488552308061,0.538476330925226,0.5799048212577776,0.5157372214492534
0.00020376760449048695,0.004762617868817964,1.653378276634162e-05,0.0007115676998661568,1.8415912393072426e-05,0.5803192758871601,0.595751404556523,0.5832100865142755,0.0006886334997081,0.00145680405744785,0.0009159579177814392,0.00044426023575701735,0.3863827091827814,0.5083409122568704,0.9944186735775911,0.002488619379503376,0.09333665933305492,0.0021183448940409466,0.9742314957829133,0.4324738549678666,0.4397109399795246,0.5658085958021005
0.6086414884678568,0.009887982716186823,0.0008175813942878378,0.6070129204969462,0.003002128784290518,0.0022661755937418335,3.622027036868929e-05,0.005902231111596277,0.006173636933131906,0.6092102417321186,0.39249387626433074,0.004677000536097681,0.0043984642262915805,2.6824781540831874e-05,0.0016783309149021098,0.0023187778725057414,0.4991335556752855,0.0008551351181222138,0.010342785966599233,0.41787583308574716,0.5635031705593809,0.2930103233593101
0.42626759699414896,0.41440900168842765,0.015401389486166326,0.0009825719321937439,0.3822152004371915,0.012696264498895979,2.2444005501448687e-10,0.00030458933604006466,0.00021732195262147173,0.01234404307630612,0.008073839279554698,0.00015281471346230402,0.00024477334337165337,1.7276599881401708e-10,0.008186776731331226,0.36073413969149637,0.00129682806829144,0.019065554630323524,0.42065572056215794,0.437096850121083,0.5698479272265564,0.5261665921079549
1.342736843769283e-05,0.0001682469136165832,1.0216320660202182e-06,1.5551285295528777e-06,1.1491260213159623e-06,2.816365360212112e-06,0.0003991254704141259,0.44581774598572166,0.0002664123174921079,0.898970449261424,0.7053392594893513,0.00038793406593274054,0.9993753920909685,0.7230203152557424,0.00966554737735692,0.004259389045502369,0.005575263346257353,0.003615685510772815,0.9539012746479891,0.523483823535444,0.4390975463673026,0.47951652203459993
0.4551303857576212,0.000506719585574352,0.000502151886337182,0.00022622463476984974,0.0002587798683551928,0.0015153595859156875,0.0007845349636835248,0.0052803691647063155,0.8874896210557802,4.497260266640321e-06,2.8194310577609252e-06,0.7042686418359618,0.007435282005433197,0.0010979181064268856,0.002120676627134064,0.0003911185444688977,0.00033068709225954216,0.0007246708449134276,0.0007487307389131151,0.4060640714419885,0.5708897848533626,0.5402450941827209
0.002742043666272512,3.657073187811767e-05,0.45719844853101266,0.001773740812362706,3.438442124552663e-06,2.465826963698548e-05,6.558521099453465e-05,0.9056500964276852,0.0003235551040042531,0.004196521056792831,0.002620343225922519,0.0002066705448092911,0.7039923230795304,9.133052558269416e-05,3.433777727052361e-05,5.171269284617169e-06,0.002534872311936788,0.9961824592728323,0.00870295978691919,0.43100421492647384,0.3904166170437703,0.4471742484544235
0.9075510481225447,0.008439753748452683,0.005305130989978183,0.003551837545469203,0.0009198638245377763,0.45155269652546126,8.084183016799595e-05,0.0011923470439325564,0.0008344929737952969,0.004029448056909553,0.0025307173782602205,0.0005361449933821158,0.000753555046698287,5.07733841525633e-05,0.29393328468417596,0.0006848175843552351,0.0024915770466220647,0.0036725121105832155,0.0058700705467091,0.6034207132096687,0.5098095578497489,0.4466462502337109
0.5908205536618213,0.0029143618600801554,0.002188029493052793,0.00021389035275469855,0.0033850402016290366,0.00016861639993236046,0.6047951346348805,0.5442288517598723,0.0011752636819649307,0.0004471350511955358,0.0002830997783859449,0.000752603146167113,0.36410117891034277,0.5074464643662924,0.00018169037111860409,0.003724409715611554,0.00023047644177537547,0.002357715921507591,0.0031404159984980695,0.42992403690595626,0.479302066187705,0.5124332132709897
0.004585253184011868,0.0003844463789808858,0.4544330756347463,0.0023651449480255574,0.0010944057506270858,0.005420278847681567,0.915175405228473,0.006169688594585401,0.0006858735270453675,0.00038841707673029937,0.00024199081272637755,0.0004371231642001479,0.003867880054078494,0.706559726829939,0.0075925565720849075,0.0015653993767366522,0.0033131251484541336,0.9935544631988185,0.05325534251238595,0.5103778406640893,0.3680441869845887,0.565666825308319
0.000341959148706996,0.9876666606279851,0.007309945826057594,0.0007125016235839317,4.770595455439261e-05,0.0022320551746952666,0.0009049887786667121,0.00043551559717457827,0.0002138590994142935,0.00013480816916106747,8.477596038245985e-05,0.00013757622059839257,0.00027559202125978653,0.000569113563694471,0.0014036541920858236,3.183733431642768e-05,0.00044804973971315776,0.0045965991540331255,0.9997850043914362,0.4280892149664024,0.5532740686273082,0.565758873955343
0.002178372650366013,2.9100219743827558e-05,0.4492508054117394,0.0019773917009065223,3.678310039911332e-05,0.903460508619178,0.00010618368961126708,0.0030487086917406116,9.070641871600735e-05,0.00017286015169224486,0.00010906458426749286,5.788375194070358e-05,0.00192355544683548,6.69959012351605e-05,0.7062263183098538,5.2123149854524394e-05,0.0028020363831448986,0.9969128423311294,0.008503892122358692,0.4116718052529642,0.5031149183165073,0.46552304393816296
0.001477218026063853,0.45899538996081124,0.8940592300338916,0.0003175239673885502,0.0003504500779951303,0.0010043149038671693,5.95483399627941e-05,0.0004314154703791531,0.00029127592491100474,0.00015814704674793086,0.00010018043064596058,0.00018874939618767215,0.0002749944661872949,3.7721648681052395e-05,0.0006361946524499915,0.00022667612257599957,0.00020113451640120733,0.698049128828401,0.9979512470608293,0.44329031353585596,0.540706693487675,0.5104428776250048
5.5827521815536127e-05,0.4617328414461734,0.0035425378397157146,0.0032344547885520074,0.0028662430682187836,0.0004324407339604818,0.9212339057733356,4.691006187269463e-05,0.0004385457709379015,0.007481265043959486,0.004621755277758266,0.0002771491938872042,2.9161642121885355e-05,0.7041988607731577,0.0005961912430368604,0.004121155490313349,0.004459233800765974,0.0048841455902987035,0.9999230358949075,0.4306638611679367,0.42897479633111335,0.3562728325931521
2.9915933431122046e-05,0.0017361569444265838,4.321166220167573e-05,1.0125509352041643e-05,4.0224472327263546e-07,0.0016839426705626817,0.44415712057665807,1.5007672184801337e-05,0.0007749766817348062,0.9045006700309436,0.7094024523709398,0.0011362797139252978,2.1645002814736278e-05,0.9965324882930906,0.49013180934949063,0.00015053464101139166,0.0037110422252618403,0.01583921467736376,0.9890320510978092,0.44929980506706424,0.5141575477188035,0.5700069809827015
0.8926810379225998,0.00011664616474902014,0.0009269600896704596,0.003669309811172489,0.005910791566991066,0.0031086175957604177,5.954640654174188e-08,0.00433644101160688,0.0035668339406773287,0.45438014456434334,0.29973970668860206,0.002602140942794179,0.003111950994413304,4.2466949267965946e-08,0.0022169847767310735,0.004304329141385995,0.002616872147646998,0.0006610976480914462,8.319162046288575e-05,0.5352665916604935,0.4819983593262569,0.4902871113587567
0.005123980964397719,0.556911600990386,0.5661783543512141,0.003820850621365997,8.168826299478258e-05,0.01137044830371265,4.627507533534297e-06,0.0013027809352846662,0.5620270144906446,0.003990575637770328,0.0025310319013427955,0.3896336678497579,0.000999648409636423,3.585929883550125e-06,0.008811423101118931,6.83715296918054e-05,0.0030930645243313288,0.4920104167965996,0.994455692078027,0.5503145288436502,0.5339141311761824,0.5073192325632923
0.9038154009317374,0.44996268351986235,0.00728941238611871,0.0006392725470854911,4.841094779916296e-05,0.002225930214490596,0.0009083420807495448,0.0004343205530862951,0.00019179264225578272,0.00021839182655609122,0.0001377165759509378,0.00012372029062612247,0.00027559202125978653,0.0005727940796903229,0.0014036541920858236,3.183733431642768e-05,0.0004031092404145342,0.0045965991540331255,0.2940992231805078,0.44392096364781525,0.5452095110903106,0.5660829309305917
1.2723785841602878e-06,0.00011041407416805359,0.0014409207167872487,0.5745277946553593,0.00022146406357541646,0.5762282943354421,0.5914083228303291,0.004240070180387621,0.0010491171625384911,0.002095447519503796,0.001326135154952474,0.0006715301268376164,0.002683426066918876,0.40011072327112324,0.5009419225168881,0.00025057267902968807,0.9983988476502217,0.952901527775456,0.9924152131589392,0.5454438798156671,0.43784998954489573,0.502472647117826
0.5848287319277544,0.010355957408529048,0.5943287792812773,0.0009546737500879629,2.182619107328696e-05,0.587173160073951,0.002198449557834224,0.007229015921273161,0.010517651347730073,0.0002117878494895596,0.00013220594351658998,0.006716389895645112,0.004541124122571617,0.001372464530094957,0.39061728011368513,1.7686175050225122e-05,0.0007289324256261497,0.5051311870540005,0.01155602105192266,0.44613475850525997,0.5604832174282265,0.38477865352767143
1.9618102548164015e-07,6.3111017326427756e-06,0.00016235683133772585,0.005284810459302783,4.9908634386882744e-05,0.5851058703600317,1.4550409919535222e-05,0.0011756693778831573,0.5632673561987334,0.5731660555239934,0.3879255608707347,0.49510600675516414,0.0012871251636725986,1.5830846473303522e-05,0.9942472321257,0.006267057020605649,0.9804333595301182,0.97525358301624,0.9802192539279488,0.5378858703491054,0.5013055375372506,0.4964195347600104
0.44522661822952847,0.0018430643866394882,0.00230778184478643,0.0008927372481476775,0.0016757689911854315,2.605421433296132e-05,0.0001638018932418039,0.00010684617456103288,0.00017245187051847204,0.8962023200131362,0.706477352750647,0.0002522559366168731,0.00015373746779388385,0.00023422455420776247,3.7255511666960464e-05,0.002446736068373102,0.0012765255525131552,0.00329994776761295,0.0026354958535957707,0.47889639094588854,0.5112540687022507,0.5111096179984198
0.5795275806301607,0.017920908679926933,0.0016134566057574686,0.004082830174059982,0.537359553405147,0.0008566054263325198,2.12163972244755e-06,0.0003000808315164309,0.5692004910422066,0.00024030597062331201,0.00015208614396028985,0.39300008821375415,0.0002343594869459868,1.6466773159787693e-06,0.0006648397355288899,0.5003842815193862,0.004529220255897032,0.0017719055490119442,0.020175094182485365,0.42634534027901955,0.4812147862882074,0.511074368221796
0.5738059665508907,0.5681993108916251,0.005138394664775786,0.00031317132610216366,0.001678258286457588,0.0012271119147148016,6.515680823532647e-05,0.0009859531312679112,0.0018481483446749635,0.5796445976094693,0.3880694042993554,0.0014543418762242148,0.0007608745521422542,4.973758397800566e-05,0.0009411054757326768,0.001390051068704816,0.00024648570958565874,0.003991781267096994,0.5143779917768793,0.5750241837692778,0.4354302686886971,0.4485828719411555
0.5871019538953527,0.016981440483262677,0.00354907731396736,0.00020239329403915073,0.5748571480600033,0.0012704755212623153,0.584068986217664,0.0012929253193968376,0.00010634419680217155,0.0011288537325734966,0.0007078691173667817,6.744644576365914e-05,0.000810760282073472,0.39023460428054385,0.0009740050976180274,0.4997799554694689,0.00021935792125476637,0.003846893141130844,0.017804754066006706,0.49221830818368856,0.5106600678817329,0.6227066596542373
0.0002974087421957797,0.003212868854137806,5.5524375584910536e-05,0.00018553413399391156,0.002937114626789749,0.5713512689737096,0.5824707452467166,0.0005309824233278581,0.5786226658850191,0.0003583952521607546,0.00022634814160997274,0.3995428825104374,0.0004168859264817187,0.5061256225781372,0.9949324446574852,0.48068213990605796,0.035679078258502556,0.010688756652619924,0.9426741566637814,0.41357886293286483,0.4772533235383716,0.49496199743675307
0.5895414573629293,0.00011062936286420596,0.0004920326899818217,8.35532943545292e-05,0.002078071154593444,0.0013091525269340023,0.00012665992553360738,0.5793179304900032,0.5671896814327784,0.0031160762107112095,0.0019605089510486007,0.3887638525210737,0.4964956074229785,0.00013680869720389226,0.0014140477745103464,0.002382013280406237,9.024550877809222e-05,0.000531415587257434,0.0001224758686979928,0.4332050565199742,0.47768623852168196,0.4169358607589349
2.355478889651616e-05,0.0023864576324940504,0.9947856436085584,0.0005221249895650057,0.0002911073561291478,1.758141365210443e-05,0.0002251998780394006,0.0016522623556735143,9.274388248569176e-05,3.3240945059214574e-06,2.0999555839193744e-06,5.9935081031625747e-05,0.0010503087690912362,0.00014226696507975694,1.1106807724146558e-05,0.00019861612128554317,0.0003385050302309675,0.9984550595408467,0.9938703047960371,0.4403022874581827,0.5035035711957995,0.564436202344372
0.013508704072320033,0.6251939009411407,0.6067864419775838,0.002936494127885162,0.601522636483728,0.001061216232940463,0.0033740270663880235,0.008237575818724745,0.0003106837358300446,0.004160338911722909,0.0024843333853826126,0.00018764269625824422,0.004919108361604419,0.002014861578240725,0.0006337261265456369,0.3908841534228952,0.0021454350398316994,0.4904132851270079,0.9862472733546603,0.2969088566206355,0.34263059598431195,0.5096981831379481
0.00033321752936306946,0.00032417977627900886,0.9047423771803684,0.0030851349464758055,0.0032912408884222585,0.002990888205685866,0.0025211198326144987,0.001364818938471492,0.4475484328361637,0.0039636669451506784,0.0024895351102433762,0.29771897832697614,0.0009663507940441943,0.0017739723019409715,0.0021045272220806223,0.0023646987984302097,0.002170821389543901,0.9996728849353378,0.4912670697126067,0.4297928429488325,0.5928576462283086,0.5057711180833612
0.0021158697136554362,0.5874883701014414,0.003179598050250301,0.0017987455742424726,0.0020893942211865496,0.0012580360474450227,7.228275859417833e-05,0.5744811761851671,0.0001116834277376453,0.5864712219646402,0.39370935589665884,8.824460611881209e-05,0.49484883455647977,7.83255303967471e-05,0.0013632046927882046,0.0023117951498053384,0.0019490893047576178,0.0034454156999742993,0.9977073245276442,0.4424814174123589,0.5636506001215591,0.5648973077980155
0.00019033490951088437,0.5334895583283749,0.0054749674515963374,0.5701752648378773,3.7962312612421545e-05,0.5891940730592573,0.0009139651330235523,0.0004413716416131258,0.00020135961261376402,0.00013405041245454717,8.452996363814906e-05,0.00013028351985926016,0.00027559202125978653,0.0005763288308859109,0.3967166958743988,3.183733431642768e-05,0.5176903765398635,0.006267137400149178,0.9997850043914362,0.44376974946174186,0.5452095110903106,0.5660829309305917
2.510504602168475e-05,3.4250435706163902e-06,1.8218111726071589e-06,5.1458493359954445e-08,6.592244997705736e-08,0.44779764650693615,1.724822214092475e-06,0.0008755896464685832,0.875048910208018,0.0003372962310415712,0.00021453655152034456,0.7047041299329394,0.0012525679621309136,2.4521278738286146e-06,0.9999638785490765,0.0017839102773588684,0.001323206056995787,0.04628237946434255,0.0884567465536519,0.5029875283896912,0.5179188142197246,0.5238568175983849
0.005621048868156142,0.600672132737012,0.5929919799400957,0.5653655720338616,0.010908707359049582,0.003032527239659135,1.1392186616279423e-05,5.622293532422262e-05,0.012960634838098329,0.004093286679499164,0.002564629230954237,0.00821339800412365,3.52292738322601e-05,7.13834586694561e-06,0.0019001828936792112,0.00697963973571003,0.3757101281546187,0.4958888350629417,0.994043040834159,0.427839230770554,0.5516186047078562,0.5906124133949465
8.5043300213244e-05,0.00096049084044579,2.200200854374016e-05,0.5811077075728324,6.496807432313213e-06,0.0002241355347976941,0.0040243915559365915,0.5790513100242873,0.5816668680919084,0.0025971627606218434,0.0016281665154710824,0.39855000891130926,0.5008576909108164,0.00440889475685792,0.00024555354022357814,7.422997701147377e-06,0.9989433407068589,0.014523517676926057,0.943785711907563,0.5645358916822112,0.589102767841657,0.44170598263901356
0.0008695713894969869,0.5792880520089669,0.006090182327004679,0.00301207054141076,0.0020600526686814498,0.5810433461346787,0.5856764698698241,0.000931498752083176,0.005169389057114695,0.004184709789227345,0.0026426313078652883,0.003301753763185279,0.0005882489501643069,0.39465671501861693,0.5009389246108243,0.0022637719305455464,0.003309943740676529,0.006692678543986311,0.9990443670638701,0.53409614398121,0.5149239092682836,0.4179641849224159
0.016049100130729212,0.5914929255647096,0.012576440819516518,0.5730029737660678,0.0006822035224261763,4.386163448837377e-05,0.5779065307745289,0.0008745921128760753,0.005118770322384273,0.0030403152692928376,0.0019234341620458987,0.003275347290610464,0.0005533127019683058,0.38945568880236897,3.389661725812553e-05,0.0005383250497882491,0.48970101306013014,0.013528868958383237,0.9827316031367325,0.47434950922021807,0.5440206996323851,0.5607596293201013
0.004389356274117584,0.5686058269220797,0.0022952057610210485,8.641111648994183e-05,0.0014745148375409764,0.5704164521734993,4.0994976259275725e-05,0.5766402507868399,0.0024086343055401676,0.00010199899171419976,6.487972925369237e-05,0.0015672691308407376,0.3937046749605656,3.200357411597065e-05,0.4931752116407816,0.001709360513744523,9.522393109745599e-05,0.0025070375983705633,0.9952063198753116,0.5129334621499377,0.4742739105368462,0.49597041122517616
0.003983178102212575,0.45239047512862873,0.0016440220051024002,0.004933678101472384,0.0036661763413475706,0.9092510567050568,2.7414861708343494e-06,0.0015295468627039648,0.005569626689088456,0.003892729848685245,0.002440072217225835,0.003571396351476596,0.000964776515698651,1.7184744127449279e-06,0.7060515778375787,0.00537985158791965,0.006942090286997028,0.0023133898490201865,0.9943955152067214,0.42028827424672055,0.5648684732064541,0.5711455678512348
0.00015300426576514198,0.003657184199539861,0.5696999576228969,0.0026977496028114715,0.004009257105825512,0.570230358299616,0.00011181506485346738,0.566664363141863,0.0004933403292977103,8.765962225202886e-05,5.5525574785742014e-05,0.00032063774188010967,0.38403534593017674,8.600569669789534e-05,0.48386898091615993,0.004594994898732529,0.0029904005496483727,0.9957305918705847,0.975222947029741,0.5360322237961268,0.4819614525583945,0.5585144845331358
0.0046759804766671135,0.5861294198527083,0.000682778047888886,0.0005615456551861526,0.001684217663688674,2.142774680131823e-05,5.022143348804173e-08,0.004759895759400271,0.5703834694199271,0.5777081616392329,0.38816004964866324,0.49853848441305554,0.0052019796996045356,5.454597689755167e-08,2.327282761011289e-05,0.001907723109630638,0.0006098838283749054,0.0007415584856626464,0.9949219075984033,0.4894248223210656,0.4065323251263765,0.5023590551313208
1.6821177499580288e-05,1.3834838849781754e-07,9.947128999117193e-08,2.9968196124103176e-07,2.1532547425227963e-07,0.90022581301238,7.636479004552722e-07,3.336254663215307e-05,7.546386152894555e-05,0.45018215983651194,0.29521100207257217,5.5457913587771916e-05,2.6545644975129075e-05,6.005482643340937e-07,0.9999857978132337,0.00822499509820375,0.012946489199995295,0.0038205163791530643,0.004805117310888236,0.4238716349987745,0.5037282505296159,0.5262748931295166
0.0032250040161580064,3.220904847290001e-05,0.00014742653023040085,0.00010689554189825514,0.00020960076750031273,3.897571503008447e-06,0.4743030025427915,0.9427749665688477,0.0021151025883990983,5.052952354038545e-06,3.0480246137287275e-06,0.0012904310423230466,0.7032560288350787,0.995654511251865,0.0007663952290116183,0.04211417948860066,0.021069088576596978,0.029080793206627265,0.00614925297583796,0.521084277486739,0.5739735961747628,0.27760734865807013
1.6290806155758178e-05,0.003781519856230927,0.45687266257871717,0.0027092728388911,0.0001410349753367483,0.0022905074927666237,5.1929052649273e-06,0.005421609440468993,0.8911706757684447,0.0007947104669303091,0.0004969262177277332,0.7037059206175255,0.007601146424112385,7.2356006730089125e-06,0.0031915145841228745,0.00020065722487967594,0.003774976081727879,0.9947307361933355,0.9972576163921375,0.4296525321501371,0.3952338879855181,0.45319055884153964
0.23318353102705483,0.3603392057176778,0.0071965868584533705,3.4985865076721318e-06,0.02101990204271951,0.0003903197185270722,1.8486927276194223e-11,0.00475596651305411,0.006117557365217779,0.0001713080338029094,0.00013488441347275565,0.004425032471874646,0.0053232095953388535,1.7455262644611384e-11,0.0002979674541847936,0.02083018458332899,0.4709414722834938,0.010710502669304282,0.43994849823733473,0.53838652118861,0.5825249120703982,0.5362332847979614
1.9764111794892367e-06,3.7342187057907435e-05,3.002163535710155e-06,0.0026557568678736805,0.44590820564801853,0.0015064276103094393,2.505368130830546e-05,0.9030785657743942,0.003183214828100327,0.00013398525078312494,8.392000093987801e-05,0.0020395499420628456,0.7042983752317642,3.5029832464927984e-05,0.002106272697665536,0.9962864281921671,0.9910076447860587,0.05100027321146561,0.966338971722522,0.4401048148795902,0.5872330043204684,0.5722447789894127
0.008931991584765283,0.8983969263705716,0.0008570431772829384,0.0003272523839357765,0.005824729738307446,0.010432510257301235,3.365463404096339e-06,0.004364903979935639,0.0004452976660521126,0.44887580025203044,0.294947962732225,0.0003227449509391472,0.003111950994413304,2.3845098934666415e-06,0.007391828159675066,0.004304329141385995,0.00023187968281773545,0.000607276181350036,0.9936715641249015,0.5352665916604935,0.5554333961245198,0.4903994876770931
0.0010681211141985146,1.6582885557941946e-05,0.0010823940851228927,0.917293506168183,0.003714855132310271,0.0036023087792071665,0.45668991871771,0.0020371403794212173,0.005062339934489011,0.00020835801486596034,0.00012944825086443762,0.0032173497811285113,0.0012735592915709111,0.2940832178337127,0.0025001073337557467,0.002688852318058099,0.9989446006921121,0.5042181524953723,0.009884035809670955,0.4249963544649755,0.5814491725633887,0.3884904320955065
0.001091053342238012,9.298190181712229e-05,1.2784339842079062e-05,0.9961677654499618,0.00025752416553735745,2.2112664928815734e-05,0.00022289135014935064,0.0015333188232700484,0.0005512234642943163,4.834449796106352e-05,3.062644421005382e-05,0.0003572204915592278,0.0009774365763590947,0.00014120245901280974,1.4008425136998284e-05,0.0001731308393538827,0.9993063211226909,0.007432225836975547,0.05547836032676129,0.4324987653024157,0.5023903913429167,0.5188629426125567
0.00021695935317284055,1.72081726762477e-05,0.5649000571540234,0.01145885364394421,0.26045414922513277,0.0014101437481329807,5.224524360062552e-12,0.00035228813319457145,0.009998249229531703,0.0,1.0390825473141976e-05,0.007104395078987003,0.0002650542684846152,4.1241440223851574e-12,0.0009246943496108283,0.23934795716360818,0.013785939876682708,0.9997665820638155,0.04030594119668662,0.42833488976634354,0.5077279511612973,0.47842874700707205
5.010524771523012e-05,0.006400364847422229,7.055808937157905e-05,0.5844458202807575,0.0035905998093770644,0.004754614798474738,1.0419632660166493e-05,0.0006621825752964958,0.5664284535858544,0.5823152920773897,0.3906712475171781,0.4944390071734378,0.0007194033654817254,1.1249672790167189e-05,0.0051334188701711025,0.004114139528449786,0.9929166761528437,0.006846644194620222,0.9951386401184569,0.4869070585076908,0.4073844549245301,0.549471675210017
0.00013815820002662324,5.965123917681794e-05,0.00014112923109765686,0.004266726222272133,1.4148301417666878e-06,0.45331312917635785,2.5184710647232105e-05,0.9088365597783449,0.00033890003101212413,7.712305791135492e-06,4.834277318758155e-06,0.00021485660368983904,0.7054411577393528,3.536714123099111e-05,0.9940011687215722,0.00021530087269810072,0.9692419968213721,0.4795937471771368,0.2594873801891051,0.4738816711804709,0.5188635837807274,0.6207710392330322
0.004459211777939245,7.586485937837606e-05,0.8947509870412101,4.57976635162321e-05,1.9790876635925806e-05,0.0022987619568829664,0.0026413660452131852,0.45054096627065576,0.0010717137103747455,0.00021743326394588748,0.00013800096825971836,0.0006958156481664023,0.2985626644078437,0.0018793413696213375,0.001635580224145725,1.4378155977762177e-05,3.2584565530277554e-05,0.9968269686241764,0.010830439725254049,0.5155836478455688,0.4476991294273721,0.508659800257936
1.0933075775712635e-07,1.4838773637594858e-05,6.415571575987711e-07,7.185701601780877e-08,0.43666543341952924,0.00023189840052076263,0.00011500238955091886,1.856296346754012e-05,0.0010610045289281805,0.9013874146756081,0.7075643797902013,0.0015497058108391798,2.667027073159048e-05,0.0001642024843102074,0.00033110799589809595,0.9999787924521272,0.0030797984872949365,0.02750622099285993,0.9953098006229236,0.5479963796562245,0.5435773592538371,0.46217276317319234
0.00026709935473692833,0.00013368058046069384,0.007750078584649473,0.0006055822440448387,0.5821943897908717,0.5881394260171472,0.5827682083656004,0.0011040369884391412,0.004651270130573846,0.001637172897941192,0.0010296884827207878,0.0029587931412508595,0.0006943834204285429,0.39057761738933805,0.5032048657036423,0.9914938289240778,0.04960692775902892,0.9754770874944791,0.29541641146656333,0.4226320365911663,0.5756513497305632,0.5223001469129464
0.0018180216642579466,0.00019219834035454777,2.4546546186440075e-06,0.9056552738066564,0.00034804499942010005,1.9246780867767784e-05,2.7665750688578217e-06,0.4472478462860197,0.0006860926888789744,4.135184587402271e-05,2.606314326049117e-05,0.00043736546439446965,0.29202369944698686,1.9447482962426174e-06,1.3529401809438504e-05,0.0002498129422322769,0.9987149776833258,0.0008548276056890686,0.06705683816006991,0.43134993516753256,0.5633688710602097,0.4634757764874767
0.0003566215005913289,0.005827079178015914,0.5748046678965754,0.005054965831615107,0.5921417313968182,0.5833244661028231,0.0002122674992993684,0.00191854187704426,0.001377573429886525,0.00028753528114732044,0.0001811261849019571,0.0008776771573325129,0.0012085408154035879,0.00013371323197631547,0.39170337382370923,0.5094289871436684,0.0055981197431177535,0.9935344268506958,0.9610868826412261,0.50279317973666,0.5870106367540839,0.4448064211780803
0.4196493525181182,0.0004954645867938271,0.0026295862168457195,0.0008015740541485878,8.952644349503971e-05,0.0003021817740220461,8.123549072507081e-06,0.8411464755274901,0.005510266053903844,7.442686394755134e-05,4.704554311292076e-05,0.003573864841851633,0.7117763869888022,1.2336163595784731e-05,0.00043666640916074006,0.00014418634051526305,0.0012097052257453484,0.004000276599314842,0.0007867747675948666,0.4273808252516201,0.4614553103678332,0.4803972962984315
0.0007237590319566328,4.9546172945050116e-05,0.5775850802988669,7.926665458736635e-06,0.005692046545517559,0.5855563222585511,0.5828548266709633,0.0011286686780834288,4.2824516441350414e-05,0.002953251998356139,0.001845984817114193,2.7466028317979334e-05,0.0007098863893868067,0.3878807125501801,0.4946004732329945,0.006570914879995922,8.850560308206433e-06,0.9992246391732424,0.04785772687150375,0.5548978536847786,0.5852030959864487,0.5905984703403173
2.250639386363663e-06,2.1682058780221145e-06,5.242009115623983e-08,1.48775850791721e-06,2.1659170032093716e-06,2.9269713492605657e-08,1.8130073650586652e-12,3.3823173557546094e-08,0.9887025091326926,2.3433179711037875e-06,1.4749814102171923e-06,0.9999974143197562,0.0052745613471865405,2.809792439261718e-07,0.004536238128674148,0.36194273733570637,0.282827121736937,0.010677671491184038,0.4881437797443585,0.4503095359243255,0.5831709446844366,0.4550805173897945
0.5754473300308486,0.59728928896845,0.0016134109618791853,0.001144568146102113,0.00440683517292388,0.006750995259360451,0.5840420824938074,0.0002993530940479924,0.004608820573271872,0.0016542304345983187,0.0010381490182776731,0.0029587931412508595,0.00018904226828879932,0.39057761738933805,0.005181839624961909,0.003453934102145839,0.0008785444670995624,0.0012384303170679641,0.5118740681087905,0.5751337860215181,0.42245517352687306,0.44747418680917317
0.4472223910447014,0.002444804187264836,0.0022530111558715614,0.9034447359382607,0.0022624944753673786,2.7485089142458306e-05,0.00038511656069517336,0.000290808806481088,0.007777601140740845,9.178048273588871e-06,5.796365024028219e-06,0.005024752714736236,0.00018481315046535093,0.00024322614902439138,1.7358581463379702e-05,0.0015163980694290727,0.7074235704726812,0.0032076287546409154,0.0035678818787825833,0.41579737514541826,0.49731209218774164,0.5305884583130548
0.01857455974292257,0.5706133830484239,0.5868810947575769,0.00097218468212253,2.1455310099370668e-05,0.5874091184082517,0.002338665734791178,0.004038866124761287,0.010472271523366411,0.00021186920054536666,0.00013220594351658998,0.006684841437687383,0.0025361138515793535,0.0014594111286987466,0.39061728011368513,1.7686175050225122e-05,0.0007615129568268064,0.5051311870540005,0.9797904116590799,0.44613475850525997,0.5636392498010034,0.38477865352767143
9.409777118651115e-08,1.3970144423160343e-05,0.001738704183480856,0.5935205852029861,0.0013446045759543715,0.5808210433140845,0.0005896465179976741,7.533839883606647e-05,0.00039470813682077874,0.5868098597767736,0.3916253944539675,0.0003060430021500968,5.7755357795783065e-05,0.00045203075981059727,0.49311661465983037,0.0014726499394219737,0.9981349745551447,0.994884860536736,0.9957122515816051,0.5839979903667257,0.5852510635380126,0.5501549606686024
0.01288939565970142,0.5829258998496133,0.007596256591816732,0.5768325961253963,0.569241771698955,0.0017766575516129871,0.0013672628352869034,0.0016700666427232915,0.007103254649680099,0.00021811615950950716,0.00013812345382745213,0.004549570984162004,0.0010576060842879954,0.0008658506780689264,0.0011251094307460692,0.3924779784049913,0.49654783412288717,0.008293427313656232,0.9859263784360277,0.4411191462211854,0.5389929527990506,0.5179954501623037
8.608945309896252e-05,0.00977817595470943,3.553445656067864e-05,0.4501362600164988,0.0037262965791311294,0.9048225373442131,0.00010078365532317257,0.001522097183265512,0.0056089818102726795,0.003873771737994837,0.002440072217225835,0.003614234341005166,0.000964776515698651,6.348447317171995e-05,0.7060515778375787,0.00537985158791965,0.9861721812173618,0.0023133898490201865,0.9943955152067214,0.4255779764536556,0.49122393272930875,0.5711455678512348
0.00031809332391093955,0.0036361843785075445,0.5877454776945479,0.0022886476695350207,0.5699749480520921,0.002723566527706871,0.000920473977353224,0.0037567676236185807,0.5698762499370711,0.00039273283464196017,0.00024707106211820475,0.39083821212995207,0.0029094881345714295,0.0007084506877280782,0.00209621628375372,0.4968633952801784,0.002478878650894273,0.9960464177272963,0.9444531535319882,0.5820944447203058,0.5627452943858785,0.46443087306794834
0.00652642119615538,0.0009296161391749952,1.8020838665604266e-05,0.5654337885420051,0.0025581156788674884,0.5591821151832681,0.00012373896255002883,0.5733521090705981,5.544628126783194e-05,8.563812675226681e-05,5.443266078738898e-05,3.6160911109123835e-05,0.39670707668109806,9.685354627055444e-05,0.4825964837553975,0.0029778014096710145,0.9927193109900698,0.001788362258969698,0.09667814627150972,0.46638930116554045,0.5125564034729161,0.517246465036941
0.00674042188745991,0.5753915569779644,0.5911969865067185,9.697486964043715e-05,0.0021444925719978506,0.00969752824661038,4.668002783611835e-05,0.5611474671355848,0.0024273556070023767,0.00016872062168080086,0.00010654940366873304,0.0015681074998118098,0.37849628434611604,3.5585347528323263e-05,0.007392816244312733,0.001735008741689519,7.392879521804811e-05,0.5007334440955042,0.992726047378,0.4278780193018885,0.5535475745868552,0.4959570894317358
0.005086674833687888,0.0002283737801150979,6.210815776860478e-05,2.648738581243951e-05,0.8823059517219883,7.138488012263377e-05,0.0002070079122250809,9.482129925237274e-05,0.43929086526153965,0.0010131649335696827,0.0006406628069379802,0.2945564976524275,6.742310424686179e-05,0.00014627918531483317,5.04429941695467e-05,0.9964018503433247,0.0033115300418142257,0.007765275439423347,0.028564466387103304,0.45006517893529596,0.5014452652289003,0.5653891582875405
7.441670386496409e-06,0.0001996011052429642,8.116124348367437e-06,0.4453358270438646,0.8487883390142154,0.0011584114448841784,0.0003641408328290611,7.302613005547872e-05,0.00021072777745849753,0.003941072155133725,0.0024969135174948004,0.00013657532997699007,4.655603979598406e-05,0.0002307065187866322,0.0007339262670987026,0.7076993338325678,0.999707112185912,0.025223878423724738,0.9768590106185636,0.5424524260152732,0.5418472766285328,0.4642857596876085
4.985412067959979e-06,0.0011504634492288716,4.3452662539788525e-05,0.5817532113698256,0.573789991316965,5.9299531870792474e-05,0.5843391864490887,0.0011811840617853022,0.0026429187037014293,0.00016888341331591764,0.00010629189883101053,0.001701596784395691,0.000748064071552973,0.3920958321758402,4.572355966436326e-05,0.5022595300017174,0.9987401016023993,0.02403304767947073,0.9972414533611829,0.4126847435026544,0.47643694356363875,0.5576482510799178
0.5867974250093287,0.02003614256647195,0.5857025706306783,0.001144464120629242,0.012042966621518587,0.0065406100880773055,0.5840434157457266,0.0002993537774115704,0.001548511557620108,0.00020110844069120832,0.0001262110961086673,0.0009941250932741785,0.00018904226828879932,0.39057761738933805,0.005020340096519314,0.009439144416804546,0.0008785444670995624,0.4992354059845693,0.021730145475048285,0.5751337860215181,0.42245517352687306,0.4475573776783821
0.0002914415927881066,0.003913476102167334,0.570407766037923,0.0033004979684517896,0.5746207136796009,0.0050108194171091126,0.5862053547143392,0.006325671595840546,0.006820190124821765,7.533652111416427e-06,4.764300421776266e-06,0.004403413548984286,0.004025501849622725,0.39573063727235525,0.003898195352028117,0.5089727650475638,0.00368345624920589,0.9956201841888297,0.9526802218134053,0.4335431566999603,0.5022623391909494,0.4525972226442913
0.0006818080818015197,1.1536955293935258e-05,2.7551198974632887e-06,0.0015700921286919776,4.780165091210149e-06,0.0019062296795838978,0.44977830061682555,0.0014495969174407757,0.8801113020718678,6.859831427876697e-05,4.3392403956488845e-05,0.705043681462806,0.0020645603047131436,0.9963737971604688,0.5341902243722387,0.0018152900472066472,0.7391654581791138,0.0025722600212519024,0.01077191821838352,0.4354453807930156,0.547300457153462,0.49590711226181083
0.9229354778750046,0.003431781000389337,0.0007687127434200971,0.012926684010270426,0.4895956106214834,0.004170168926948124,0.001773933759205204,0.0014990760731939793,0.0023726883160076415,0.000241447407387593,0.00014643596293900288,0.0014720597916432492,0.0009148641028832618,0.0010758793180899121,0.0025291837987147232,0.31601710394851285,0.008916231938815473,0.0005302622162568248,0.0023672910439580825,0.5012449853511031,0.3863340331584438,0.30828752873129506
0.0016291607288920068,0.44461777242682105,0.0005066583809901117,0.0026365304480105538,0.00013725011195202117,0.0022524301292379547,5.053551083998329e-06,0.005309114926960943,0.9046353217741364,0.00010471178293869068,6.552846692142072e-05,0.7120067075403622,0.007601146424112385,7.2356006730089125e-06,0.0032250070506319546,0.00020065722487967594,0.003774976081727879,0.0007254438068248755,0.9976674412431691,0.42980001046477817,0.3888337165813132,0.4975270179188047
0.007630267664566672,0.000591909258672414,0.00019941417345854207,0.5761319696894349,4.944273561732023e-05,0.0003821382260867198,0.5960591338963858,2.6456411435300663e-05,0.5787094627924942,0.0015415099739530269,0.0009670227666466549,0.3913724645889271,2.0316636763063257e-05,0.5107957976946942,0.00042222432056099714,5.5780843451898004e-05,0.9915419486334451,0.016587554462083043,0.047674995682653654,0.5336374676843842,0.553345860103975,0.3958612849758377
0.005716852214796774,6.697887029191316e-05,0.005877409608573055,0.5845484250726969,0.0005841924432562109,0.00023048615383131446,0.5723928696443366,0.0005940497808943907,0.004756990171938458,0.57520647602056,0.3887517843071847,0.0037694498387317414,0.00046304255255181625,0.4904975601214162,0.00024880729266692344,0.0006692409606424301,0.991150053925757,0.5088490739988089,0.007645968142876627,0.44529779415063186,0.5073570098233338,0.5101976657853357
0.002821144019654699,0.883328565791192,0.0009741138558718043,9.986387954496342e-06,3.727401879998356e-05,0.00038498323145199785,0.4478463870584776,0.005320694595732443,0.000602341511896838,0.002237487366335676,0.0014101946444171837,0.0003883480496552328,0.0033743957719568358,0.29243960390152274,0.0002707041449666746,2.7814261981264294e-05,7.021760009889508e-06,0.0006848975475343886,0.9980167961813784,0.4435264759493337,0.5830913021690336,0.5010399345510465
0.9056450917789238,0.0023565443761170367,0.45829189137703935,0.013306413704129137,0.0006346893129952036,0.0011874234263195445,3.969204387274181e-06,0.0005020957974800572,0.0006033497791072884,0.0040992849515637505,0.002565003892339414,0.00038737005697192615,0.00031613297269100543,2.4720348841957333e-06,0.0007429950636566561,0.0004289028166090548,0.008544938431939889,0.30166041707884306,0.001750187737875164,0.4367185231707025,0.5971271268682018,0.563121852364646
0.005031877539218694,0.58025336401992,0.0006594209496137163,0.5793426231255466,0.002347058435287167,0.0025343113573170926,1.4489753670624912e-05,0.0012956431457598742,0.568470163783656,0.005486784019198671,0.0034878368675289595,0.3893086436637038,0.001005920383662207,1.1249672790167189e-05,0.0019676103671815125,0.0018606473444553475,0.49948518813473475,0.0007234475116071834,0.9944797476326661,0.48836256828470365,0.5359994286034048,0.5072503787707484
0.0008182366619912908,1.9936875714280086e-05,2.13820810161164e-06,0.001572075133116128,0.4241844150147045,0.0032932739274675856,0.0027151415547331764,0.00044306323994085586,0.8831274476709101,5.2261284185486455e-06,3.326190584983696e-06,0.7148845038000439,0.0006552624132734352,0.003990595372765332,0.004840408928467488,0.9973950029665057,0.694419269036592,0.0016631913040561445,0.015509499399399149,0.4842481011791642,0.5022813042574693,0.4973428063930522
0.45551478857507216,0.006921467794187533,0.9055427417834853,0.0006024677848624829,0.00025991693403399073,0.0009606318801717617,0.0011636640952112157,2.6595251388616077e-07,0.00048301567450891974,3.508574671113123e-05,2.2037516468847865e-05,0.0003103503897129012,1.6809022963557387e-07,0.0007309014620099861,0.0006033751766593014,0.00017325004540424274,0.00037839803660384263,0.7033046143933603,0.00991642354608574,0.4269118613078906,0.5905132595827451,0.5047453654463663
0.0066966737678426525,0.6233011620905129,0.0008782275398509245,0.0007634364384700743,0.00045172569072650896,0.0009380555661502377,0.6148765961127751,0.00021626242405428254,0.6115717545136057,0.00215845354042567,0.0012769271443219652,0.3949639462890473,0.00015822621448039484,0.4956512236776982,0.0009580460036651254,0.0004710774448100671,0.0007796883519968637,0.0008969319682688905,0.9931608943563695,0.38477273263212136,0.47949425783105426,0.25017402826811097
0.0003853443409440571,1.1719663063804342e-06,0.5883437819178847,0.5819142970222448,0.004903335896029213,5.875257686728408e-06,0.0020639988202960083,0.5799980271849811,0.0009588029801623661,0.0017849702164474007,0.0011222209937988693,0.0006166467333606807,0.3910620329221361,0.0015879411271993373,4.520138726958243e-06,0.004003386814953751,0.4965182650372121,0.9995831063099647,0.0019849940372928393,0.4726902962771013,0.5163578327267769,0.3924129870401746
3.4727416373607726e-05,7.0324500392595476e-06,0.0015497282129428224,0.5986465833109498,0.5647193390365777,0.5771621305000103,9.720179350215207e-05,0.004181417392230356,0.0005151046846378056,0.0038422137489301502,0.0024172034166642146,0.0003315037511420733,0.0026470673540984575,6.115204603390973e-05,0.38639705941881997,0.48807810412283126,0.9983515279616487,0.9854478048422248,0.12720534133393585,0.5412218307914095,0.4600966828908959,0.5929311367540724
0.8976756881300892,0.009213623529830194,0.0036180000830686333,4.396902938634366e-05,0.0002639771369054696,0.0023052852049025357,3.7736304594109605e-05,0.4433980366905993,0.0010648690682051923,0.00021736377839301697,0.0001380896845516062,0.0006920318950569505,0.29375412563690134,2.677356526030114e-05,0.001635580224145725,0.00020227024584752382,3.2584565530277554e-05,0.00264705576342152,0.006902207102102709,0.5129623954824265,0.5428745267894712,0.5090673014405177
4.5994327266981326e-07,0.001361850639991328,0.5630542460829173,0.59525657821507,0.011171672349732797,0.5889183456972419,0.0009269076003540345,0.002208196655241334,0.005081701598490663,0.0001339898132041504,8.452996363814906e-05,0.0032795114105830135,0.0014018100197704386,0.0005847649829767844,0.3967166958743988,0.00886256556949433,0.5176903765398635,0.998460204916893,0.9997850043914362,0.44376974946174186,0.5444006446061455,0.563111386061902
0.0019139713133652942,0.5689508153834673,0.0014654869397643666,0.001972454776344367,0.5608711899983512,0.0008327177393512567,0.005535658240740906,0.56680743715221,0.00266470160673942,0.00404770014365351,0.002551846852890847,0.0017185288974599167,0.38211074109961024,0.004229178493133944,0.0006361946524499915,0.5065139114859488,0.0021532236811792347,0.0015997216283026305,0.9979110650600866,0.4269118613078906,0.5656767162363844,0.5119944141461383
0.009632565897942353,0.0004274629347346606,0.5810224643310552,0.003123744237233313,0.0001233111210201562,0.581040113598291,0.0056181813066383595,0.003272070282787298,0.5719392694287659,0.0003250195070723625,0.00020589111632549062,0.39047010103149465,0.0025348017847107197,0.004352343153063133,0.4999628990648616,0.00013793823609990156,0.0034221319255418863,0.9894367991942509,0.028234131033027007,0.5128275713856483,0.4345495432414561,0.5227823218681811
0.0007687623512645205,2.025741353739517e-06,0.44850327858602035,0.0008993961640336659,0.001688294878113955,0.00035918984699663623,0.00016633170185436649,0.0001019106508340451,0.00017572477533941576,0.9029044412419287,0.706477352750647,0.0002522559366168731,0.0001446444029881142,0.0002360767764472338,0.0005098024906481319,0.002446736068373102,0.0012765255525131552,0.9989087999709781,0.0016224793534577028,0.5890444857255037,0.5112540687022507,0.5111096179984198
0.004738672907059494,6.492800906982386e-05,0.8794307367473807,0.4388213007216877,1.5179730307624221e-05,0.0036768060070491086,0.000779810817156933,0.003194538365215963,0.005741536748823003,0.004161666482642001,0.002607248094392911,0.0036796272380399384,0.0020138506105986794,0.0004885560682046296,0.002303545407568473,1.027092480060973e-05,0.2979213361676768,0.9966748222536211,0.00921380534310688,0.5830923478749857,0.5648662981332809,0.5711178384172507
0.590277132066419,0.010030727412068856,0.5709289900556012,0.008588653611233107,0.5675210008926371,0.00010176558882414909,0.003079422497354291,0.0014561824941779157,0.004542693721176765,0.00019100541514750294,0.00012097432425285117,0.0029432130261600187,0.000928056734607169,0.0019503911873669823,6.445458018866808e-05,0.3911790390295331,0.006657470725455017,0.4893629480275787,0.010817828659538453,0.5693747616841802,0.5004480833562109,0.48153569044705175
0.5756055785642373,0.011266489775237462,0.0030102593975049126,0.0039815723564197245,0.004015571599906956,0.5812125584715143,6.529486251864177e-06,0.00026636369429701824,0.5685972469689374,0.003881820936617137,0.0024408760789048477,0.3909696622668995,0.00021307717137145104,5.165586827603663e-06,0.49579456398235466,0.004837820385710739,0.00449525878291483,0.0034261444605331245,0.013387492435214676,0.4243970643516193,0.539482161766975,0.42810271503781305
1.3520134226888476e-11,4.4581979593647685e-08,1.2504685046872955e-06,0.001506931818855759,0.5755246953122538,0.5884851671445117,0.0007882874322066402,0.5873731852298731,0.0006021553006161953,0.00017683984844497647,0.00011057118092722834,0.00038080279581389673,0.39146996169723414,0.0006034202191072886,0.500447895260439,0.9983675280801242,0.9994713880637351,0.9773126129127732,0.9998069458852107,0.5356485138536888,0.6134352811197243,0.5634583764538605
0.011289842758811458,0.9005890499078322,0.003032738971381403,0.00010820747154533265,0.00032602565535342807,0.0023123258964479507,3.409928375959349e-07,0.44505135469816376,0.0010457433634173461,0.0002181806691686753,0.0001380896845516062,0.0006770633690047594,0.29375412563690134,2.410260332812164e-07,0.0016344334565056985,0.00024033375266146236,7.648280709560834e-05,0.002143611146659335,0.9920206203422288,0.4434148494646922,0.5506990390146251,0.5090673014405177
0.0006591188364900913,0.44549425758773314,0.006275294568502497,0.0011308181438608482,0.8697035842441272,0.0007449676780838302,1.6284124645056072e-05,4.9154971861170124e-05,0.010165313906975771,0.0017558406433786729,0.0010854623468855337,0.0064286145755268476,3.057919680859791e-05,1.0067363982250776e-05,0.0004605616927341469,0.7074993594654568,0.001576414776134601,0.00874791710138928,0.9990812717219845,0.3316244494436875,0.4777730033244889,0.46917191714010054
0.00644133441913223,0.5720202344058256,0.002171465488545111,0.0002104022260997833,0.00317583139183073,0.00016732476614044153,0.5831948604548791,0.5648235632050405,0.0011608688906120006,0.00044621684755510643,0.0002830997783859449,0.000753417969256279,0.3833382809973245,0.4983187034939769,0.00018169037111860409,0.003724409715611554,0.00023047644177537547,0.002357715921507591,0.9930075561175294,0.4428957365507821,0.49644293382366356,0.5124607941955927
5.859853289711073e-05,1.2656785604889332e-06,0.001777567080024628,0.5799484615270938,0.5654586398872796,4.562055659935061e-06,0.00017348347837836128,9.478158564115502e-05,0.0007589406458342802,0.5795623480597059,0.392293206133397,0.0005971421773959549,7.373327386237362e-05,0.00013495780128410005,3.548951069539232e-06,0.49858737526625924,0.9980476699095876,0.9790171822939611,0.013749027339298059,0.44788451431301646,0.49975174770598335,0.508722234441996
0.4403767807710529,0.0002101081856354649,0.002205285081006418,0.0030144471031845212,9.37228143204171e-05,8.410070108116755e-06,0.9004039835209712,9.859886019789925e-05,7.476850317970985e-06,0.0012089206754382202,0.0007678705687950613,4.858120035798087e-06,6.301859491227718e-05,0.7104707110098163,1.2160505198279288e-05,0.00014381544487493674,0.004358604898388733,0.003188536804663679,0.0003113959779322533,0.5224533205758072,0.5323413219512712,0.5270568217004881
2.7756964572022898e-05,0.0011289201279736545,1.2558621985201449e-05,7.469347295992996e-06,0.4421556723641089,0.0001295475874535262,0.9004305308472788,4.613992697950176e-05,0.000320173231605829,0.00010448948146884062,6.603956274633027e-05,0.00020466635011958138,2.9161642121885355e-05,0.704119382933454,0.00018267251576425025,0.9984596360276186,0.0043529543558493925,0.0073197219663338475,0.9838196749973331,0.42049686282575705,0.5146756763413024,0.5272016016378249
3.084107717476893e-06,2.6459738744481243e-05,3.106288596346329e-07,0.008263687115203986,0.569746292078022,6.1045002360302545e-06,0.004019053654286963,0.5819164616339612,0.5752755070956924,0.0038088279941304345,0.002391852006665196,0.3942833352733257,0.5020330356416476,0.0043975756812701106,6.679524818906319e-06,0.9909577609356597,0.9979476185436351,0.007423049670501404,0.9261341411925941,0.5658106205777774,0.5898821957674509,0.4631588460698154
0.5722210639560443,0.005149372519396994,0.0034666237900997363,0.5798577834894828,0.5705176105628432,0.00157646021537903,4.2430724988493886e-05,0.004693459606507112,0.0005495961224291985,0.0003456588063872297,0.00021972088410647257,0.0003573769804193522,0.003002098153450085,2.69716934122076e-05,0.0010020975117647213,0.3951998685074475,0.5042135884324102,0.0038567458341840512,0.00572907065584438,0.5297295318282063,0.5089819081510208,0.4765887879887855
4.802678746565938e-06,2.3994742554765877e-06,4.787478678911535e-05,8.31150930856694e-09,8.089703578640786e-07,0.5849810473827769,4.815229400935866e-05,0.5800982281978957,0.5689146055974231,0.0017677438199833397,0.0011134013437686622,0.39060551124188536,0.4993168832719582,5.240301559901689e-05,0.9999475656291383,0.0111481041807308,0.00010983386341091995,0.9289112113437559,0.29499842059119114,0.4028718415505097,0.5081455198677112,0.46451055237716876
3.5107995446523843e-06,0.000281551995752002,0.5950671685335092,0.5761216243327841,0.008066703591476968,0.0020615204804342773,0.5706093070395147,0.0008742042739202073,0.0006924285515043856,0.00019017686188530842,0.00012036936548858249,0.00044326464366204973,0.0005533127019683058,0.3840281312125598,0.0015844488469496192,0.006200050439405427,0.48970101306013014,0.9996987646995401,0.9920620989646917,0.5166533915194,0.5440206996323851,0.5600705014384114
3.4394680165814562e-06,0.0002917708639745756,0.001093922217349756,0.0010969020672696914,5.827878485012579e-07,0.8945076952925936,8.679020470032235e-05,0.44919068945951895,0.000670948327789177,4.5057266485735645e-05,2.862083609581542e-05,0.0004359791779024807,0.2978636817217365,6.176849954885983e-05,0.9988781081802323,0.00024032258446789317,0.4899254049213294,0.8340510903689135,0.9924961515470259,0.5187558285946333,0.5421009253368014,0.5097347809186601
0.0006034970339814798,0.5718235175608145,0.0036775478008664445,0.0003468241288511415,0.0011742447518869623,0.583681189872578,0.0008057777835146217,0.0013141929912527388,0.0021752980580967813,0.5844738426481952,0.3916253944539675,0.0017127237152207478,0.001017832160930707,0.0006201908196800894,0.49871253864514364,0.0013776301683280014,0.0003800627065385342,0.003994555903976809,0.999344617300376,0.5746845037824226,0.4357657128679432,0.44443744941838703
0.4499761907861502,0.007951389707523036,0.0023013951770366444,0.0019808084234129025,0.00018510956034417048,0.9017538044816774,0.00010204743076758442,0.0030261979358527907,8.957713943488349e-05,0.0003598031423312083,0.00022728211074064038,5.788375194070358e-05,0.00192355544683548,6.446196142870757e-05,0.705312075563088,0.00026737959673687247,0.0028020363831448986,0.003255600610460764,0.011248995263979017,0.4116718052529642,0.5031149183165073,0.5010651730885385
0.005800699257249939,1.590727444378277e-05,3.667424191245531e-05,6.946787318729772e-06,0.5706919766284144,0.5840573876827355,0.004278615122593216,0.00012374073731404595,0.5701371245339398,0.00012279054267420078,7.765784428141743e-05,0.3883331724908313,9.547785338345739e-05,0.0033013794106782042,0.5007132982360329,0.9936631613481604,0.0007624166152977174,0.004025080264354564,0.0017458911356284914,0.4205101017997804,0.5169447734650221,0.5008292949718934
0.0031987322749386995,0.0013785293570113808,0.5806942131469103,0.0025234283712899552,0.5727594711786169,0.0009355707399073973,5.0546745658957485e-05,0.5722797151152365,0.005088798195546681,0.004051596950902021,0.0025421035110090293,0.00326622112055528,0.38422819598461433,3.852067058492581e-05,0.0007129784514339765,0.518754279149247,0.002803312595579157,0.9961359434233678,0.2570896519974436,0.5393065401797212,0.5088980736361535,0.38588953089385036
0.0028153295273796036,0.000547614298656562,0.6047208024252237,0.0010867686948921867,0.005514335821637695,0.00011254351935227864,0.5876513022646249,7.070603044286956e-05,0.5905664954792861,0.006826248541350422,0.004189348699004818,0.3957695017064902,5.3714766863631035e-05,0.49087445248975514,0.00011847522833223923,0.005927422810861449,0.0011440712001471827,0.9969807762326642,0.12230972338550565,0.37535824730893425,0.47609370522513067,0.3543034847180396
0.0002433508675539574,0.005553556409175905,0.5831286619474874,0.6039946470580432,0.0081416467732142,5.961316795529378e-06,4.2601424438111245e-05,5.4026758680302556e-05,0.000238362186336633,0.5809813834132106,0.38536050633499697,0.00018452046626452816,4.122177464719782e-05,3.230238401423491e-05,4.520138726958243e-06,0.006303592468488613,0.5111716356303779,0.99393131274782,0.9721234700602099,0.608693181094277,0.5539030961411269,0.4207054541076274
3.161434322807048e-05,4.698805205121741e-06,7.143882557351908e-07,1.2536903001391658e-07,0.0,0.9997463200986183,7.878947376814201e-07,3.0091749979837636e-05,0.00017614019347260884,9.5071574725588e-06,1.0642626116522667e-05,0.00011912669941151937,2.1409617409900994e-05,6.005482643340937e-07,0.9999759227123602,0.0005559221449555028,0.003542227998241576,0.015361013524623879,0.09049260267577575,0.42336946696442634,0.5025499487013361,0.5245201160412183
0.00018463586667981073,9.499695633518714e-07,1.3574461030141507e-05,0.44177212865114335,0.004181815283813026,0.00010154975581631325,0.9034029407843346,0.001521408943419584,0.005132575677153951,0.0012721263573092611,0.0008053102353122144,0.0033237601626506146,0.0009691514402226036,0.7104506200251696,0.0001463363106001844,0.006284763674140782,0.9997332310987704,0.04672430598524213,0.0032758151932608948,0.43491068119628123,0.5024516021575451,0.5375276619569399
0.5605970726196626,0.009212395916312009,0.005519574161379405,0.5922222052707264,3.994424242222853e-05,0.5861384651922954,0.0008675628374159104,0.00043477409837116177,0.00020573571439901127,0.00013198210274689435,8.365936446457761e-05,0.00013189824391801673,0.00027559202125978653,0.0005499208147219791,0.3967166958743988,3.183733431642768e-05,0.5173812744216236,0.006267137400149178,0.010117505158059537,0.4405783258112192,0.48818304893150055,0.4741336238015966
0.0018903977952522816,0.6039029375130883,0.006935388339385736,0.0029198292210806357,0.002229308287774922,0.0038655174986625264,0.610087591517342,0.0010784564707825499,0.0033508120772215073,0.6229337073702104,0.3996164488724044,0.002541905347424267,0.0008047511007465725,0.503210262866919,0.004074531199381342,0.0023994209510197805,0.0030777119326418113,0.007310686484464313,0.9980073113112797,0.334777527458509,0.6374803259157894,0.3796730689852003
0.0033718248920232767,0.5775250742145969,0.010443516881699973,0.5804412951949127,6.841908036710632e-05,0.0004861998517840856,8.19346884147448e-05,0.5715229286320085,0.0008744790089806187,0.0001223975763808766,7.700128308527499e-05,0.000562773574735449,0.3848050277422004,6.264552714918144e-05,0.0003717374248448091,5.649689570277525e-05,0.4965182650372121,0.011230573923723064,0.9963744702609604,0.518754050252878,0.5097672415027492,0.39279276354063797
0.5795801950882905,0.5964620358275142,0.0030731920666199563,0.0003077007632259497,0.0049709402358851075,0.00021831407716025428,0.00027640662412896415,0.5729864048842042,0.0014007690614211614,0.0002836211350895883,0.00017842512511366312,0.0009014533575959919,0.3859241249743794,0.00021158835023936916,0.0001671183326953916,0.0039685105958414645,0.00023554113774929691,0.002352515472486985,0.5091741679695013,0.49096227785134816,0.5162427525320117,0.39223633379877687
0.000658526230520694,0.4433314706967468,0.0023773332823927083,0.0012273138652426217,0.0011406134250982857,0.00029829078497981476,2.5710369552548654e-05,0.0015401696361333418,0.004116142972997412,0.904885096365368,0.7099638357544928,0.005977889605812188,0.0022116129234039106,3.691908664601357e-05,0.0004283335100152574,0.0016724005071294737,0.0017623646189379304,0.0034137784707782134,0.9990544127252777,0.48527732023713915,0.43609969719730823,0.44199792646050906
0.020196847606280245,0.5920633375314718,0.01210307791060201,0.014792087537401685,0.5897743626882591,0.000492199392688641,0.5745424069550872,0.001975872472619346,0.000501190418071875,0.0030551159275553435,0.0019243850684464584,0.0003192994611440625,0.001244595661434425,0.3849294292720854,0.00037684557251915773,0.5156267941725967,0.016426253487780512,0.01344523384170986,0.9775556286473028,0.4280288891838828,0.5652624467257604,0.46467926373680457
0.0004657873803948096,9.423652270061908e-06,1.6396751098395087e-06,1.9909342850052973e-05,0.57542033820494,0.0085164069478756,0.5685016454401048,0.015170352840060427,0.0002450579845239575,0.5833538768258725,0.3944756618623907,0.00019295664918802212,0.011810958229372337,0.48947799218719157,0.009227010465328941,0.9994947185915418,0.027187407889321225,0.0022406215611153017,0.012455591190855597,0.45023229132525117,0.5432661565940369,0.5121318282674798
0.00015929415082545264,3.4111904443444723e-06,1.4937382459795226e-05,1.289135757188185e-07,7.4411819010352276e-06,0.00016332206724667178,0.000486802211302574,0.5869665781686103,0.5796973466415404,0.5835232909606178,0.39022904085852106,0.49964692479113787,0.9994166190177376,0.7203168472173951,0.5061410577027912,0.030204968966068342,0.0005128590063986135,0.05951255600383261,0.013631466551368654,0.4178215755165054,0.4507329754657799,0.42848671665762705
6.489849884497398e-08,9.671880119733891e-07,1.081169088756744e-05,0.0007777984944389314,4.955178960024983e-06,4.755196326779253e-06,0.9021606668277323,0.0028587506167923552,0.000156451639879834,0.4493016605100416,0.29416145443391994,0.00011293641165111153,0.002029916354060702,0.9994510826115397,0.0038917005003091254,0.0043037518497927585,0.9911144833160305,0.9416625703411838,0.958392603800625,0.4737607094156111,0.42960892945559437,0.5470263836837342
2.723510578965706e-05,0.0018182088340708993,1.164317780555275e-06,0.582315448224297,0.5516934071180057,0.010763397580486984,0.00010164309572274066,0.5854607862176004,0.00043781169787204035,0.0001595999435985173,9.987030886824462e-05,0.00028025292892358436,0.393164970427118,7.801412196178337e-05,0.008261446441757251,0.49893458686530345,0.9979802984374546,0.00039769162020630855,0.9906987325700632,0.4480216123686253,0.614005315645802,0.5408076836571145
0.9081904554923049,0.0008581169330697625,0.0008644176298268303,0.0008700243879324415,1.030263454087308e-05,0.0012332478561126743,0.45546867229956883,0.003326150565523624,0.0005055302347128035,0.003958162332491636,0.002479998266779128,0.0003203589982699064,0.0020840404383867892,0.2959198527189249,0.0008644186915414444,7.373642881078855e-06,0.0006098212159800455,0.0006059401307745675,0.0005817784755539621,0.5350346523381906,0.38809309679972465,0.45184411425345794
4.094062764878555e-06,0.0014285712935602167,0.5834293737453967,0.5771429248499622,0.5695397469127242,0.0017554307317749953,0.0013724089516040949,0.0030260014677994666,0.005753878625564906,0.0038872657817064188,0.002460352371290276,0.0037254400254816277,0.001927253608520807,0.0008686553055259197,0.0011110846524114374,0.3924779784049913,0.49654783412288717,0.9984411689318988,0.9981756582267655,0.5296977242505807,0.42960183878696634,0.5005920992196243
0.0038590417449420157,0.8864691031412674,0.44767527000251706,0.00046056660430316364,0.003424369734800265,0.0012908380132459648,0.00031331240068710686,0.0015742673634709945,0.00010802414061258945,0.0010223656875033814,0.0006425800477069613,6.945460834697883e-05,0.0009956488196182492,0.00019692387203149633,0.0008113190089943101,0.002284072709111259,0.0002894675093077885,0.2914230376233907,0.9972967946664612,0.5326902293354657,0.5975033908608997,0.45196558788813346
0.583009171720545,0.0023959895143582507,0.5838248402877348,0.5719563457228894,6.476289918207041e-05,0.0004313925523428508,7.234191713583743e-05,5.361573340328149e-05,0.005670280297326117,0.003967276277770282,0.0024946209793864334,0.0036473744035891323,3.3925012215015645e-05,4.548938479353418e-05,0.0002712640543542301,4.3981675150407164e-05,0.39371712396576575,0.5005165494217754,0.0026818945886897664,0.442218674136099,0.563453666743413,0.5712356376785
6.729166920981911e-05,3.6427545725813226e-06,0.006656717462977433,1.5024083758427686e-05,7.324270863855512e-06,0.4538306917691493,0.8990205421626621,0.006080819096531725,0.0006759941113613506,0.0005765581859104987,0.0003644557801539185,0.0004371231642001479,0.003867880054078494,0.7023629993440754,0.9906631241767043,0.0007433722714342509,0.0014368345082200256,0.9935559395132549,0.035295373882690884,0.47060081506783624,0.4362157497419335,0.4533007045693386
8.116187675626689e-06,4.970173209618793e-05,1.554593939052481e-06,0.000632154967971556,0.9978481739620028,0.0009366326968097821,9.355924453982792e-06,0.00020854438269641402,1.690815379067972e-05,0.0002888573985640752,0.00018048450067628566,1.0685194174325514e-05,0.00013030418413582527,5.845783635791635e-06,0.0005852278772963723,0.9996038446808385,0.950973344279999,0.020294109741783528,0.8935180668664878,0.4301423246143844,0.6082026828997158,0.45210775255685337
7.2379305106366966e-06,2.8860149359252543e-07,0.0014553587424255361,0.0027634976844868463,0.5680016758059679,9.31660279140173e-05,3.1678198775390805e-06,0.5806368461508272,0.0004938240486091371,0.5841950696056729,0.38970961027470713,0.00038651958434039204,0.49561230116071164,3.4044118285538775e-06,0.00010012400656663395,0.9966435099367108,0.6914064961157584,0.9968317227277771,0.025373694967724403,0.43785020378817174,0.5660147037965433,0.5917689448204533
0.00013177722801293226,5.203431285041466e-07,0.0014971401190472383,8.897130395000402e-06,3.0486767350199634e-06,0.001131125971590005,0.600205428481511,0.003751467611771445,0.59253939164126,0.6076341896802684,0.38938977548795395,0.49522554604276176,0.004023413985142166,0.9979938519374463,0.395150283154602,0.0013468499363375377,0.0037392808299515565,0.945690550684458,0.0027010772064680055,0.42651937597812384,0.5638043772987643,0.2792767171273459
0.5731887011139437,0.00402592097016991,0.00402815578412625,0.001964239764892842,0.5847473161046571,0.567092068991459,0.0031850728809698927,0.0031139911841304184,0.015705747292363556,0.003810990140862036,0.0024178130598759614,0.010193499548029006,0.001988232356275673,0.0020209892995025408,0.38241850346475004,0.5129936600901891,0.002181578557538401,0.004473957143728613,0.004471630545694771,0.44364753126060463,0.5036511668114269,0.5161958626728749
0.015647326830417113,0.5767428684647455,0.575314726192564,0.001039442218515147,0.0016782621481559177,0.0001700794234401429,0.5765000475635219,0.00044240189570509086,0.00010783837085870854,0.003896046264768225,0.0024643679440669803,6.977760536238662e-05,0.0002815833709557101,0.3882846401634226,0.00013124437257587969,0.0013743497307613273,0.0008020747252702726,0.4912290136358357,0.9831568876858305,0.5310845226591037,0.43721551793283336,0.46051107590006113
1.0314932729046332e-08,8.044342012977542e-07,0.0012037188687895452,0.0011895242944962006,0.0003599266715998015,1.408453702618134e-06,1.3285184741329456e-06,0.8963268969645587,0.44137907435750856,1.524933593691567e-05,9.624914878697107e-06,0.2954765063447964,0.9987704395370629,0.0004855160688615106,0.000514728118718945,0.14073455847173033,0.49903731976066706,0.9995638915307548,0.9920376555959112,0.45996013917762146,0.57776945557937,0.5313688756711145
0.5712902332496207,0.0005465622753167257,0.00040393048603107947,0.002712789436323122,0.00012357293048710557,0.007283852784304897,0.5812301223802608,0.0027173839436949745,0.003164798414088379,0.5933656100919446,0.40065697492538954,0.002529107491435177,0.0021361050462411135,0.5055434699047648,0.008118348547487476,0.0001461711381086871,0.0030236549940789617,0.00045019880938024226,0.0006244205496714738,0.42698808315214726,0.4795394287124207,0.45190435985338656
0.5850998093647924,0.5829275262070427,0.02146663598654255,2.0389362131189528e-05,9.304840152348049e-05,0.007272413874158741,6.62443151005719e-05,0.004414705286653579,0.5710146917958506,0.00022396325220079384,0.00014091028791129697,0.3917777293130706,0.003422931665845036,5.104368879222629e-05,0.005603723018522948,7.321120621448852e-05,1.5710960628852842e-05,0.01654306211386352,0.49883457335404063,0.4906321349190911,0.5162427525320117,0.3927904820767627
2.551127078752824e-06,1.3337561441995774e-08,6.363495019964946e-08,2.9980857413366897e-05,0.8845689240679316,0.0006196685964649652,5.49120247027408e-06,0.0009906936228649033,0.005148650072292942,0.4415123057327761,0.289446092008471,0.003712258226731717,0.0007026457325377158,3.870413972809947e-06,0.00043676568517936115,0.9999787924521272,0.9459436552315854,0.015877008297034527,0.0033284789540151453,0.4452644817720177,0.48525638352348877,0.5463508579927856
