obj_0,obj_1,obj_2,obj_3,obj_4,obj_5,obj_6,obj_7,obj_8,obj_9,var_0,var_1,var_2,var_3,var_4,var_5,var_6,var_7,var_8,var_9,var_10,var_11
0.0017836647640557298,0.0001136909882282702,0.5644879271405109,0.0002861679579175117,0.5817058022413634,0.0032758669468742826,0.0019343572553767768,9.213316049738258e-05,0.0007358602283071619,0.5754676266646379,0.3886589791591222,0.000569570349469605,7.131290592597003e-05,0.0014972177585405992,0.002687629928581909,0.5001105173958447,0.00032587678710355866,0.9980295759013034,0.040239169215849,0.44810512049421874,0.4827060021636115,0.4713150701063037
1.9971819366683002e-08,2.0470491796880757e-10,0.00035995908604810823,0.6018124075899792,0.006949722400290919,0.0041199263666298076,0.00014571431147038043,0.5930998831257694,0.5917272329083734,0.0007546075501531362,0.0004656925827097359,0.3889180249784097,0.4953295204868235,0.00015412815397426784,0.0043578534637478345,0.007351349341989037,0.9996192218014169,0.9999646761995271,0.006524925574669499,0.6402818788688911,0.5284191381917663,0.6053145118383614
0.5669269886808292,0.0007891858740011473,0.00033039897757774703,0.5615878661897278,0.003990820834588106,0.00023661067358959927,0.0007625363435684274,0.0001211023869450149,0.5851378626223799,0.0007462903805670258,0.0004706899976434121,0.3936623937516356,9.279928376631604e-05,0.000590223906022879,0.00019412632943784504,0.003151831082869869,0.5055441514980259,0.00037584515405031816,0.0008911137632732899,0.41448535440782736,0.4705342202825339,0.46542893437182964
0.005161938402442088,1.3027679317978108e-05,0.5736751370200579,0.0013008523053255842,0.00011318806223755865,0.5562761490847781,0.5945846825177342,0.002148025189098559,0.0003292021158921489,5.87622587817166e-05,3.6500348218615285e-05,0.0002044847778844565,0.0013342521255432969,0.39399920901337926,0.4992835424595657,0.00012441215175308673,0.0014575744857896165,0.9943452734628028,0.0015798028840756234,0.4640140708683407,0.4120397315819725,0.6259692384336799
0.00012824995001181237,0.0029711936159702813,0.8992619320122814,0.0003477031154084491,0.0019456812367259209,0.4507930450454249,0.0015053178524287191,0.0012755673290133847,6.125925462010198e-05,0.0013838928588471653,0.000875815984104647,3.876880201273354e-05,0.0008072613820212099,0.0009526632167034049,0.29582302627847196,0.001377407741801165,0.0002461501469204796,0.9978946345596055,0.9725377023303209,0.5728782998074088,0.47950579334095167,0.5142690923328129
0.002518019465899151,4.4078790838553526e-05,1.4870037783638971e-05,6.0736575282012514e-05,1.284341449435135e-06,9.85194506894448e-05,0.5861642080331682,0.5843732860894242,1.1273605774916124e-05,0.5822007860571945,0.3902504948493175,8.671060844293605e-06,0.4990261268076842,0.9972424302092298,0.026190818311114444,0.0003254522815173003,0.015854881464416215,0.003845095422593363,0.011064494145829353,0.4981845239593499,0.3957046805210201,0.5326584979821799
0.0003582864815123355,0.007892070835312803,2.0434362513506875e-05,0.4275396763175807,0.002068047044993264,0.8457071298602605,0.00015722764186422599,0.0009800895177226104,0.0003434517065505044,6.558926946346745e-05,4.172670750938892e-05,0.00021849768829137204,0.0006235151315931884,0.00010002441272014283,0.7067894051949457,0.0029890382049359986,0.9886923178292659,0.0016963523617422732,0.9709134210044179,0.4767723368978199,0.49346346155024284,0.5102954925433478
0.5728673575422086,0.56325671077299,0.577913834343399,0.003825287393895295,0.002137752159884134,0.00022834380242105123,0.01381127561439485,0.0006717454137380898,0.006349707920293392,0.0044236355610688454,0.0028096826073461317,0.004033083659154518,0.0004266718918768784,0.008772687130980006,0.0001537476269630727,0.0013712337404820753,0.002527440630101954,0.40491025732738467,0.4923612582883123,0.47916986114283544,0.4863150930030743,0.4588612199308324
2.5202221565578627e-09,5.167467513180699e-07,2.5161599131595927e-05,2.878236541482491e-07,2.7195610628743943e-08,0.9996987066420562,7.382795653101718e-05,0.00011949335969012753,2.2007479056186367e-05,5.996867729646657e-05,3.602857261866889e-05,1.3221865519843107e-05,7.179039402575356e-05,4.4354688797708014e-05,0.9999844238688513,0.0006677621872414208,0.007116544975790617,0.9873096195995849,0.9968953004300625,0.6826550679088232,0.3691896822345177,0.5957278268908027
0.8704933608581426,0.00025230365487730196,4.065256737262223e-05,0.00396507532645389,0.43777294861692506,0.002655509059656073,0.0008291157445268572,0.000891328393423862,0.0013774013809986377,5.26360478555905e-05,3.345262092610208e-05,0.0008754014943172157,0.0005664757835801544,0.0005395680723752095,0.0019367217605427136,0.2942231854420439,0.0029407339438170315,2.9731340211380623e-05,0.00018669354735872945,0.5218396949500925,0.48436124998987057,0.4688833340708324
0.5841685444762758,0.0026602355878369843,0.00627781819879276,0.5743732768022153,0.0002551239733165673,0.0009025147100034188,0.5799073750486496,9.90785812593433e-05,0.0003771737411738216,0.00014700751219170333,9.323983225712797e-05,0.00023922321004448115,6.28408073542865e-05,0.3921388431815921,0.0007013138076087818,0.00019824848699256242,0.4946041576149915,0.007047740081069595,0.0028991418119357903,0.44661271939291886,0.4996570820056907,0.47029136958344137
0.5668954009507713,0.5776819850524822,0.00015026335893797378,0.0022390825585793476,0.591157301196851,6.65515427898064e-06,0.0014003268082138159,0.0005338070776157058,0.0012690621958325674,4.662410060693255e-05,2.9035616119962946e-05,0.0007903208345221624,0.0003291061972695397,0.0008720584050779911,4.393071786300893e-06,0.4017765653522785,0.001804046413193813,0.00011939193570494489,0.5077588441011109,0.38855624951371903,0.46869933864053065,0.5941077439703352
0.00025268084274256136,1.028504102050099e-05,1.4278981890388045e-06,9.55804167157482e-06,0.0002559306616261807,0.00256133893931607,0.00020169451402584436,0.4218628276694336,0.909130808174199,0.0050784262470414746,0.003225758693671088,0.7234097211795745,0.9958560373115525,0.04680028176474047,0.916093941220341,0.5035725311737969,0.024216777353283068,0.003702980743296551,0.025899555482774037,0.5279777355822595,0.5201992895444341,0.4673412169348096
0.002764050107240668,0.4447833635909532,0.005104098643029326,0.0004426184268186373,0.002003193234250738,0.00027940555722707713,0.8993915366963366,0.002960787265719178,9.673037705602336e-06,0.006160290404507345,0.003908516439288495,6.137322510743181e-06,0.0018785554772409426,0.7075973814418117,0.0004238567977700872,0.0028668165178427074,0.0006378521958105843,0.007525141451588186,0.9960440231532026,0.46771936995716556,0.4524744312827805,0.5097290674806737
0.5795876566677199,0.0038691708250642863,0.0005748969714456034,0.000503321779225438,0.0015703989622837373,0.5777540444666002,4.4758869361713146e-05,0.00021313398706514545,0.5774788630015133,0.00015943445159996073,0.00010133602803371635,0.3912035271609252,0.0001657982071245355,3.481819378860278e-05,0.4989828469070444,0.0017248839360320294,0.0005528365122820554,0.0006314532407283951,0.004249838711265479,0.4633085921338705,0.5114943571821439,0.5114492031597413
1.4423630150253684e-05,4.779317277289894e-07,1.4426948140909699e-07,8.011811808034388e-09,0.000372683877657939,5.2771480723433825e-05,0.4478989748353352,0.9015054998896375,0.002528597594636594,0.0012819235848403419,0.0008107125511510507,0.0015991346073369328,0.7064491903300547,0.9994639809383239,0.09477566505056145,0.9753593004342822,0.0003558696255432591,0.006555973044681173,0.02108777184123107,0.4944666680535632,0.44680461521614945,0.5615031834129856
0.4621617726219909,0.9043520393733553,0.00018515936060642252,0.012955050403231402,0.0029023425194424604,7.903009880081056e-06,0.001566347613054489,0.001891918357326567,0.00023943208175560904,2.3263094744731548e-05,1.4560628411562854e-05,0.0001498631338322937,0.0011841729163297092,0.0009803863841412656,5.24318076147506e-06,0.0018165312547332804,0.008434359128286995,0.00011939193570494489,0.6974096923057955,0.4666185009570767,0.5103987302588292,0.37395820679744457
0.5654476346858993,0.0006724564242000711,0.001072870680110518,0.00039742079379944095,0.5716451482264031,0.0018831786926203325,0.00037863267237591813,4.0556948539538875e-05,0.0007550580658540189,0.5765906762278002,0.39050695847474515,0.0005869035101408195,3.152463063324027e-05,0.0002943062810454472,0.0015515545624180955,0.5045567932292823,0.0004596362207583474,0.001223636608980061,0.0007612959362351401,0.5029729904469009,0.4727950870963622,0.52955852818304
0.0083093871886739,0.585549729282493,0.00354153895555446,0.578705960683186,0.0013839196333468246,0.0039806593178024095,0.001771847807636704,0.5804452766304385,0.0002065442915013386,0.0005105142654221773,0.0003218924404498595,0.00013023148207561496,0.3899096265754058,0.001365367875516611,0.00325142044713142,0.0010664104213068898,0.49841677124796646,0.003965990377647865,0.9909668750342819,0.4916318315877153,0.4071682920659216,0.4687411046368399
2.3286435184643357e-05,1.1511690715795579e-09,0.43714159250152856,0.0004135773678430436,0.0022113888359068684,0.0004927724264705097,0.000552097616359174,0.00015332020658121977,0.9040466109520687,0.00042522064956609674,0.00026802777720538295,0.7058050983017977,0.00021675987051010775,0.000780532875081438,0.000738439463533538,0.0031899633997026426,0.0006081711480671949,0.9999668474442244,3.1248533093712616e-05,0.5221095727901625,0.4727842930409973,0.5935676206941634
0.013461250174392298,0.0011104239102534158,0.00021812429719698335,0.0005025800333395335,0.5671708717063231,0.0021304701578282155,0.0003437537188776722,0.5784741991283434,0.5885227484729912,0.0005468938012197917,0.00034539801414722133,0.3969072484171091,0.4997841393570721,0.0003780455961594894,0.0024835160969719217,0.9848819885105573,0.024216991466484705,0.010414570450590244,0.05152325459509657,0.46976463878014335,0.4485256884585989,0.5666533052630374
0.585620181301979,0.0035977568689256586,0.003530465046034541,0.5787039680714781,0.0013029164690003424,0.0045144473596853765,0.001771848037596568,0.580445351963724,0.0001609795050946569,0.00011295421521414824,7.122054951960895e-05,0.00010150170103364361,0.3899096265754058,0.001365367875516611,0.0036874250313212917,0.0010039951735677233,0.49841677124796646,0.00395360272001144,0.003911187208341993,0.4916318315877153,0.4071682920659216,0.4687411046368399
0.5933112358013077,0.5842918153554852,1.5045908191230824e-06,0.0002591644596182344,0.004184368966552872,0.0006163244888790952,0.0018932214486871326,0.0034547414864159512,0.0001687285865374313,0.600741489288844,0.39786666279635535,0.00012899659139347698,0.002641231687785822,0.0014474092615124928,0.0004994504991697752,0.003198941697708379,0.00019951059431212378,1.1849600936536617e-06,0.495137453702285,0.4232506175277584,0.37462392935516475,0.5719335890208644
6.11945899736991e-07,3.2480257988487566e-07,7.984500536057523e-06,9.962029202103861e-07,5.944333104009019e-08,1.5891421300588464e-06,4.165662869664831e-07,1.4941676723644083e-06,0.9999865232286438,0.0,1.8805349691602356e-05,0.9999851149515465,0.07179403768127665,0.017599192862521235,0.07062510539057736,0.0007726039943107277,0.04837607035105462,0.35304955907437346,0.8916468717409521,0.9420540146392901,0.486775865925094,0.5550573598359303
0.5682854849471681,0.00014893086344917522,0.00013742406987223157,0.005266019155841705,0.5806335230306814,0.004430992272237013,0.000705115410594082,0.5860055865568348,0.0001904671843751561,4.6005843133624926e-05,2.9237584451912883e-05,0.00012104546159766022,0.39780491759087555,0.0005525138738863324,0.0036802625744489868,0.5068319907054234,0.005940176898383942,0.00015859414278298917,0.00016684624066219504,0.47905402590477336,0.4827085034125044,0.46846499465352864
0.5921825959065345,0.0048228711067607065,0.5697821975487676,0.001136587860302707,4.610391085075801e-05,0.000481499775446118,0.0010045679190916364,0.00041918320475285985,0.5899983807716772,0.00043433660033368257,0.0002707135032724772,0.3920491696565129,0.00032006666300601547,0.0007670296218825873,0.0003896919736540161,3.520096761324169e-05,0.0008738371168873517,0.49717796721985197,0.005184879948462687,0.35971014221901604,0.531097329553643,0.4725487225539627
0.0007280712302143518,0.0006465713009179229,0.5573781438902066,0.0024005063406639464,6.633802747566576e-05,0.5782779903520509,0.000495528159619643,0.0005891233320972448,0.006725430854699675,0.5812288937753443,0.3944057248852884,0.005253757155802974,0.0004602206426749617,0.00038710459607895235,0.5022525645956492,7.354949831913578e-05,0.0026614677150151355,0.9989204328638435,0.4623077360096495,0.5292285864999046,0.5108898824806053,0.5042597974281844
0.9947652074557933,0.0006774590000382424,0.0009742928905081667,3.58705660064028e-05,0.00019543905276913292,0.000488966252186851,0.001028364373013528,0.0006808584124234958,0.0011271242812432218,2.6417716017639607e-05,1.67889684414907e-05,0.0007163091156566215,0.0004326988117458826,0.0006535394020857677,0.0003293795657070579,0.00012419967882969308,2.3711129732373326e-05,0.0006378147359890666,0.0004305042703319352,0.4742476058654676,0.4832637378424734,0.471922961630606
0.0006136457747058093,0.5749312968993249,0.005955705644217044,0.5770950802629653,0.00198542382691741,0.0083647637024552,0.5795712068454244,0.0010294465563817018,0.00020811854306739176,0.013271249751480712,0.008430520003031548,0.0001322143396674606,0.0006539910376977614,0.3926065893639553,0.00690464180909465,0.0015461426877414483,0.5033745895919314,0.0067931827710588045,0.9993205404815253,0.4642751640930232,0.49979959454401635,0.469764557257039
0.00023047116963518009,0.008732747262989261,0.5684107681994989,0.0022463817262243745,0.00037068758506265823,0.000872314880818427,0.001367280450769741,0.00032465826696917725,0.589573845572346,0.5855852652508398,0.3908058820594382,0.5021621700749237,0.0003529541338553098,0.0014864318021439137,0.0010052063610831454,0.00041118795851553445,0.002540138064221542,0.9905036416345436,0.9829166850364277,0.527169527607575,0.3869135743932491,0.5551628697666545
0.0025706811000271094,0.00021420166950037502,0.8711078523382447,0.440190266935257,0.0011222529143672497,0.005519267314282135,0.0018113007184416244,0.002665828831256616,0.0016973796483928712,9.66537186649409e-05,6.107929645095159e-05,0.001072641240973164,0.0016846461131817816,0.0011446268969587461,0.0036970094968232924,0.0007091794893770188,0.30036178280992787,0.9981571460144301,0.05255350123271553,0.5175931283861903,0.5540185946160302,0.5646434855889646
0.0010144791349949518,4.593853277276152e-05,1.7516113772854242e-05,0.9286814098633595,7.001439069790809e-05,0.0007248667517602614,3.958661721669251e-05,0.0001364589224207458,0.46139851837067,0.0004954653062140886,0.0003041729383084748,0.29355144169053926,9.354377921012197e-05,2.7136970911645114e-05,0.0004969025228629407,4.799548936145056e-05,0.9993037491737518,0.01097960926352857,0.028808294060936417,0.6686359820728742,0.48236707061725376,0.5907568221534651
0.0007199790057114599,1.7386128327943843e-06,0.0005248704774838006,0.4474957670029707,0.009205644949688433,0.0005292083981890636,0.0007135151277837235,0.9006387154792973,0.0004211213681314398,4.637004273284396e-05,2.9351954362436894e-05,0.00026656726670737894,0.7063767860532921,0.0010148479313252705,0.0007527053138677176,0.013094330563473314,0.9987324559166002,0.4010252212644838,0.0015373130961362004,0.5200025012892541,0.5484209497450895,0.5546208542226537
0.0010692041260455894,0.573016650972209,0.5640782634932485,0.0002314054772978802,0.00011609177986347307,0.008309145766773947,0.5780349812017394,0.0006236411383330938,0.001730891112505719,0.005641341358254688,0.0035645469060741064,0.0010936951537957344,0.00039011505998334285,0.3889966551806189,0.006794657945553728,9.138564628585321e-05,0.00018648449359840195,0.4973526518372054,0.9988186682750262,0.5381817057780235,0.48413485327994715,0.576329167120564
0.5800276703251586,0.0036083754426045524,0.00047940035304327164,0.5645866382765926,0.006838426726202678,0.0005443495990817252,0.0014384225230673839,0.0030625345222202536,0.0002339371216422542,0.5821879746009835,0.3900257980390817,0.00017980108613955723,0.002353830327615186,0.0011055504052444134,0.0004434690438529723,0.005362865219450563,0.5017067199023165,0.0005382268507931557,0.003932339581668165,0.46952608900140963,0.4743017685685007,0.6041352190308344
1.1687350222032828e-07,1.003035881494409e-08,0.0031029102290661237,0.582642104712507,0.5798154228354581,0.00318390897583506,0.0019385953022609858,0.00014510772549587906,0.0007354252959199597,0.58033487145772,0.39135843848600593,0.000569570349469605,0.00011238272369962227,0.0015014006387741594,0.0024658783263488858,0.49844724151054953,0.9965073762744414,0.9999766385851162,0.05450395493914516,0.46574075443520113,0.5504524538378055,0.45003041347245665
0.0026803687141976978,0.5662020565632182,0.014117106372387311,0.5747022240911075,0.00026230233506432206,0.5495744530799137,0.003807563572423124,0.00044218502124545477,0.0019763500021368944,0.0006442575121460894,0.0004066198020129932,0.0012473635925281945,0.0002790832731800617,0.0024031103803987767,0.39195977602160037,0.00020277987344535786,0.5171739531512101,0.01634800274526138,0.9969649562698072,0.5144658254264523,0.443362458774796,0.5725093695173742
0.28425729009787876,0.0951186136941284,0.001642243570271669,0.020975106757404115,0.0011460076587053926,0.02208733785804601,0.0021539075207229184,0.00027063748361911416,0.006670597691959948,0.0540937407458622,0.03369071450106747,0.004157524619414155,0.00020970032544500092,0.002391419673821532,0.02467536628954814,0.00220659248173909,0.018189574026950234,0.0013294308883791683,0.508292773881791,0.5214047922268621,0.35765166874023285,0.45383952584398823
0.0014753687305023133,3.5209711857843942e-06,0.4316459294197925,0.00022178646601334447,0.0002763163493481562,0.0004567571943013867,0.0007624784938487891,0.8897944694812012,0.001601784108165981,4.616509463141505e-05,2.9351954362436894e-05,0.0010184206426029098,0.7071019493872243,0.0011179693968764444,0.0007667247174994206,0.00039813106336803513,0.00033172189102987986,0.9978241189343846,0.0015373130961362004,0.49063365812886145,0.46569799395757244,0.49568557668473184
0.003827766701622977,0.5854413125493533,0.5688217178707237,0.5646697751363242,0.0017983991131718673,0.003009867941770888,0.00405141423126225,0.004283132912910584,0.0018743098567314464,5.789070679884758e-05,3.629663688251856e-05,0.001175165418156444,0.0026854729424921147,0.0025401814807040784,0.0020003323112716374,0.0011505154711375148,0.39267990100049505,0.5003070958572766,0.9957668233937795,0.4511529376537027,0.3922602099542367,0.537041004413629
0.00034602594684848197,0.010687243757142908,0.5716791473005796,0.00032852841754129106,0.001562634292914091,0.0002409693715680571,0.5847406437525475,0.0016995750083324793,0.0004690954484120797,0.5903416018629017,0.39360342085901207,0.0003598252753867524,0.0013036798946589045,0.4976989063076928,0.00027607857724798945,0.001723370999845866,0.0003693479235556611,0.9884429948463714,0.9790445616077438,0.4540295591552157,0.5063472421652339,0.37220377299557117
0.5796142183950195,0.0039029649597569246,0.0023999279216458786,0.0002664769515322215,0.5787482563711117,0.0007607067863330059,0.005571840979964054,0.00048304181663089477,0.5764492078091357,0.0006146470664269727,0.00038975255674117865,0.3893538782760319,0.00037411539076847656,0.004315376093316936,0.0006245062529710022,0.49727858747245357,0.0003023026170182576,0.002696327929936959,0.004256613814030689,0.46803759802124606,0.4852883153509834,0.44781462550795026
5.447631099862306e-06,2.217479281486375e-07,1.4590070683624156e-07,4.710283377731874e-08,5.515859696430075e-06,0.00020718985232567882,1.9252157804245668e-05,0.8950092347568148,0.00013962442293429368,0.45125053137101645,0.29729522866447616,9.931480231353297e-05,0.9998518882559941,0.058944507239237,0.9761760627778693,0.5035725311737969,0.005497860621614755,0.01703204096864344,0.025899555482774037,0.47131813924288424,0.5270705458688144,0.4721407853674604
2.8187672013436444e-05,0.010041880749112778,0.5777656548954583,0.00016720180599644928,0.5755886398546697,0.007900599829261829,0.006442574235777618,0.5974908971260111,0.0003575795328949297,9.456702256499767e-06,5.8478703634208345e-06,0.0002211212181925133,0.39650255170334925,0.005022550208321005,0.0070516968740172315,0.49572133552106745,0.0001868068037253947,0.9888059145158944,0.9982338865880895,0.5412849313566247,0.36767805428745937,0.60137250555201
0.5822163562502956,0.590144848189448,0.01881825229817251,0.009047080855092022,0.0054319833883492135,0.5619778639660353,0.009396469216405454,0.0009554567899345959,0.002881115362446246,0.00012746152600440238,7.946924365616228e-05,0.0017963089921278715,0.0005957071166016073,0.0058585320579188135,0.396557384303442,0.00416991655229138,0.006993633217331754,0.014884199768877948,0.5043186077171238,0.3727918157414961,0.44139375096878436,0.4617338452260994
0.9046232393316048,0.006131265300294065,0.00477928197739319,0.0006674968719922172,0.006131698647233747,0.44618438080199285,0.006842152152757733,0.0005845943636985994,0.0011857053583243541,0.0005770496798292713,0.0003641757080964708,0.0007482981969975492,0.000368937469338189,0.004318115424694067,0.2916931155012561,0.004314896481097745,0.0004697269771475024,0.0033632644895411623,0.004314752023884609,0.49446905243933137,0.48528797802022283,0.5921967863566145
0.014576798250212816,0.5833958554812306,0.001346011413271144,0.0013673708670637154,0.5742825488595079,0.0005454439025715646,0.0034616901753745776,0.00012353022946547375,0.579657723001147,0.0011015517099446453,0.0006990433174148412,0.39219100922055755,9.604928888809873e-05,0.0026915993388419647,0.0004241061763531629,0.4948892882498699,0.00149165334681988,0.00151265615390192,0.984097032551676,0.5150155731359005,0.47246262573113906,0.45308324631301256
0.0004896195141881197,5.252793499218889e-06,2.3314539179790937e-05,0.44197486221017024,0.0004953565964017144,0.0003616255578502959,0.9054139174089747,0.00012279235458928012,0.0020212665685147638,0.0004948477908100372,0.0003041729383084748,0.00124243190422213,7.547747947608329e-05,0.7058769040319921,0.0005722590422076108,0.0006969260280471876,0.9993037491737518,0.030290512414545556,0.006910123265288774,0.6643393709601894,0.48236707061725376,0.5915152194028501
0.00022003714541539478,0.5829188741607928,0.006015482472927134,0.0005703949293763127,0.00037773514179599425,2.2708366949460306e-05,0.5831525569616244,0.0006360508196369356,0.006233391241895357,0.5853692837246122,0.3930305992104737,0.004812877609774491,0.0004911120118058689,0.5001489672488304,2.628935595403966e-05,0.0004209509957763956,0.0006479846308826138,0.006767942454991516,0.9997579781491611,0.5016209568280325,0.39431808830802745,0.49609927288897104
0.8848572739640637,0.0004949788497185467,0.0058936186981023665,0.0004731926023731019,0.0009186590297505349,0.0023088999242273467,0.0009521289052659254,0.4356664139891908,1.9610196034104755e-05,4.209873430956142e-05,2.6506312783134063e-05,1.2347014412108018e-05,0.2851413550973636,0.0006646800549888199,0.0018907050895441457,0.000654691562552745,0.00034525840687089915,0.0042403272298656,0.00036034180091863867,0.4605305122232634,0.4776887027256368,0.5951720207432317
1.3411394081938654e-05,4.960224673890837e-07,0.0007779366187658674,0.5780531148932787,0.0026070253705942135,0.0005442251948814879,0.0019211542643842521,0.00032837913230144693,0.5836106168362624,0.5742554580508742,0.3873875909970948,0.5008484163921647,0.0003591618496043052,0.0021012312138786694,0.0006309343893761022,0.002851305922088336,0.9991233787584162,0.9893400468552658,0.023535736476399595,0.5224141737374116,0.5080709319016348,0.436735551638841
0.5973198709920858,0.00028958539016725357,0.0038619909419085616,0.00032394261419066016,0.5851991231075776,0.5738992477094245,0.0010607764956922499,0.008761345569603092,1.9670819145410932e-05,4.2228893747968154e-05,2.6506312783134063e-05,1.2347014412108018e-05,0.005499406377619559,0.0006658551874722204,0.38291375037201336,0.49347717221113463,0.00034525840687089915,0.0042403272298656,0.0003086456649501034,0.5684395091264045,0.4776887027256368,0.5951720207432317
0.0009646774328227433,0.8765289610089553,1.2988361979862136e-05,0.0011459025330252403,0.0007610163729939598,0.0007191837347647472,0.0005715478261027705,0.00015214780283949098,0.0009899811109889765,0.44504845389431363,0.2934207636893029,0.0007032098382689136,0.00010807422995495053,0.0004059810559558204,0.0005414854302769874,0.0005515561686094206,0.0008502297345794518,9.503516545486621e-06,0.9993032227568497,0.49744073495562574,0.523545157548105,0.49042327420581877
1.585533532470663e-05,4.3919470074374565e-07,0.5558888912510891,0.00014420761337953635,0.00013026632862660594,6.596019484951581e-05,0.0008883707897698452,0.5808910740316713,0.587752397724688,0.0007521606218662741,0.0004762820245601588,0.39750656850773575,0.5045687971498541,0.0009876629793045821,7.773030607465242e-05,0.00014777148446799772,0.0001667580738398655,0.9999820682215748,0.01733500040219552,0.522789220590988,0.5063590447614887,0.5693664448163052
0.007667368653566713,0.596966747567249,0.00018561625738114284,0.0009679759134600657,0.5877798792810984,0.010539063147635372,0.010724599668285466,0.590660921609939,0.007192772445880715,0.005508931651161143,0.0034209179162250324,0.004466621671238236,0.3909041384391486,0.00814854378401981,0.008488488179027458,0.49504741720284845,0.0010736867473734627,0.00020390148940707944,0.9917658811519661,0.3979697134920012,0.43294029377652327,0.6014342755297463
0.004875068768678837,0.0007999230271580791,0.8716002266760584,0.010049314577771595,0.44132614776292467,6.504693815465056e-05,0.0018447364924899573,0.000510549037734498,0.001365665096197816,0.0006982382205330914,0.00044255268005664254,0.0008655766723841551,0.00032359035947958706,0.0011972367771422507,4.632181193792742e-05,0.2959318585161003,0.007442948866395155,0.9963906009465173,0.10473287397061098,0.46772351274464763,0.4758752493626389,0.4470452926308186
0.0005677024096698753,1.5285898332572816e-05,2.8357312975133257e-05,1.928742837072295e-07,1.0218953549990696e-06,6.582216711959294e-06,0.5700528925648632,0.000393451824671244,0.572723993793202,0.5808537108212103,0.3931788807466887,0.4939508678363236,0.00043129982733050077,0.9993612151728968,0.008387372254074661,0.001133309536934998,0.00021899722240898973,0.03176282281862265,0.01733993659597128,0.5232097967313536,0.5421418868060129,0.5272482656138322
0.44539552547423494,0.0004535540486300948,0.8759708593033608,0.002860479529604815,8.352568873730013e-05,0.004976849017553451,0.0022055062193995743,0.00017470966598849035,0.008260821985903452,5.258126289820546e-05,3.3218502489217796e-05,0.005218876267267769,0.00011037745918239734,0.0013933743515188168,0.0033328020922862023,5.384298995039056e-05,0.0018797207670152908,0.7063297457567121,0.0006436897330987278,0.4194294774636502,0.5321143993311284,0.513291165774939
0.0010913848092214897,0.8994208493701815,0.0001356948677849917,0.4603173652209784,0.0025483801695437417,0.0007349873524435467,0.001386021966927203,0.008430674078603435,0.015252333071877074,0.00013854614326709897,8.715833065173097e-05,0.00959548744342796,0.0053043369166791525,0.0008720577018123733,0.0004901709760516242,0.0016033336103528383,0.302930655173687,9.894022749621246e-05,0.9992275387634081,0.5551836207049434,0.5207578240311346,0.5921372632457176
0.0059194691965132615,0.4697387048622797,0.00016671347671610675,0.0010120773601462931,0.000480423188349815,0.005334043792532534,0.0030820041312021587,0.00029875940885315056,0.002128039843588416,0.938109557461649,0.7044506401101225,0.0028839400042594285,0.00040488425856781266,0.004176772586858115,0.007662570817178971,0.0006643744868308468,0.0014267353492968143,0.00023275262830740884,0.991841443292632,0.7170464814920878,0.47330389734029094,0.5364907418866238
0.01682820758000286,0.00016542097293939224,5.278769205239311e-06,8.967935922861e-06,0.00021632922188931136,0.6202425934952087,0.6243435538204645,0.6233832368264443,0.0018888480719479355,0.0019881776885467654,0.0011734658066527666,0.0011148411343455092,0.39229545475156313,0.5019805362109135,0.9827294256698144,0.008182998412559817,0.00033924520263285565,0.00019968890756602228,0.006257759172579103,0.4479286930899482,0.34482892882870353,0.7276449295726293
0.5600042244023847,0.0031581534986531872,0.00020972796882820486,0.0007682380709860223,0.5627392226253698,0.0005854876739043066,0.5648428360308922,0.0033696573398753044,0.001721665537834062,0.00396096763067946,0.0025146614536173256,0.0010930226999019722,0.0022329009576722205,0.39138468582801755,0.0005437544530864726,0.4943998951963816,0.0008742811534187934,0.00023534881749629616,0.0035857639865362056,0.4645745513431986,0.523779110006456,0.5308786305252062
5.646109749904841e-07,0.0005158425212289076,8.071904964127197e-09,6.757351613102581e-07,0.9043646808498684,0.0007255823804792601,0.005436410967053439,0.0001540883707221181,0.0009989336081382665,0.45097236276017705,0.29449240146719435,0.0007032098382689136,0.00010847220807448471,0.0038270103696335656,0.0005414167334033408,0.999636865999472,0.0008397245266481389,1.0261985524460551e-05,0.9993032227568497,0.4623883501797479,0.523545157548105,0.5926219780047379
1.4126210632240943e-06,9.278998644630205e-05,0.007825225170137496,1.9959130106566156e-05,0.8956310450478356,0.45360229041570377,0.00018620987001657105,0.0064709784862240945,0.00036834756239858966,0.0029149727249069596,0.001848330068715709,0.00023356295370826458,0.004103167371233349,0.00011807501361593307,0.2984387493923266,0.9942697336443405,0.0015761100501548997,0.9926716787492321,0.9903091753548612,0.4633545667351232,0.5494572794862917,0.4853138345588325
0.002469368586678883,7.781276888902259e-07,0.42532054024645993,0.0009746607879583678,0.006302851755808323,0.852402105171883,0.00021242626275546101,0.013781596557256078,0.0013655678355625192,0.0001853148639994365,0.00011747541131988703,0.0008656652575473302,0.008736757211069868,0.00013467355803648733,0.7125296161154758,0.00915709312800346,0.0014259846533470062,0.9964121497623968,0.00020061491946335073,0.4691455712452439,0.4509822889737979,0.4700185172776381
0.020669476776575414,0.00021783522893267665,0.0012851064774956067,1.058244939775682e-05,9.717254836752848e-05,0.581104909064823,0.002126829829291554,0.5840957756441858,0.00030350097931708576,0.5712857222953086,0.385864288195209,0.00023443066941383268,0.5014299258047803,0.002328524073774961,0.9773202673914803,0.0029869583963131035,0.000325293202036993,0.03952819892204651,0.006709075481797701,0.49664137036478045,0.44713524854056025,0.4960106025857914
0.01023854853949901,0.5970634683469719,0.004964624042188266,0.013787292507574456,6.198202294582297e-05,0.00259739654701597,0.0003213524653876188,0.5820109036868127,0.5881612134054934,0.0007383807849877726,0.0004606299346014292,0.39104867804148785,0.49176431142563415,0.0003425216004984133,0.002934538154580252,6.740938016780657e-05,0.015286762553487376,0.005452618653555444,0.9888984258819682,0.47714982506378045,0.6385183025656118,0.5279230136486797
0.579832091806229,0.0003626644902499999,0.0005664901606332133,0.5725540477093726,0.5846146081983333,0.00031849959874559485,0.0009822866319453868,0.0007037687499673124,0.00440233953698876,0.005076769812286181,0.003222613890932369,0.0027945336097585094,0.000446743968103268,0.0006235440046260384,0.00020217971430432882,0.3961899245640757,0.4959885170109386,0.0006407541815848647,0.00039819266880115347,0.5338222696305357,0.5272621835967655,0.46804672973701716
0.570971491798386,9.296822733062283e-05,0.005482090171719683,0.0023111289967636633,0.0003608722479481478,0.5463287211405824,0.0004962252748849633,0.0005067181211351933,0.006573308537098782,0.5796316925362057,0.39315891060313757,0.005127766488002474,0.00039529387375244855,0.00038710459607895235,0.5022525645956492,0.0003995253041276107,0.0026614677150151355,0.00625235498681892,0.00010292840002354485,0.5292285864999046,0.5108898824806053,0.5042597974281844
3.810799626679568e-05,7.889721615227675e-08,0.9978518064015929,6.447585095563391e-05,0.0003994462468542244,0.000929357850697438,0.00014250257931799058,0.0004578739510296044,9.319452386459975e-05,2.315570220462019e-05,1.434123822749546e-05,5.771901886821864e-05,0.0002835793640482387,8.82566755198323e-05,0.0006100988179301762,0.00024738143750274114,4.020836111461859e-05,0.9999763995481664,0.0013180844508678489,0.5432620745930594,0.34094749413219133,0.5270559543332425
0.009364559865105261,0.561899718568511,0.0029857266575903547,0.002632185892885974,0.001161774692867091,0.0024884683953741386,0.5709036350277259,0.0007644092830269303,0.5632174968447579,7.896341343802109e-05,5.0220514502378436e-05,0.3804488848490636,0.0005910825990523684,0.4994097916249147,0.003171004047404965,0.0012884082155149297,0.0029886290502196973,0.003342875555147895,0.9895150868177798,0.4915639893558174,0.5301268729075768,0.5000722652150249
0.5753953267795153,0.0004518405039827993,0.5559351056270566,0.005085217909239402,0.005675926537190516,0.0012463432902935347,0.58964637199817,0.0003556184935128218,0.0012513932827550197,6.504135951910245e-05,4.117229412401672e-05,0.000792153277300704,0.0002251126916029251,0.39883519774993725,0.001032305478848227,0.004435090917362468,0.004133236863928136,0.4962645776806557,0.0004964023644205562,0.47103217326158975,0.43231180165849403,0.516444225619161
0.5647720301040905,0.0038287738278094882,0.0014801904163577267,0.0002564260987161691,0.002729678759744649,0.0006959826134249657,0.5670590330903679,0.0007631356824882019,0.5778330838138351,7.925785254279698e-05,5.0220514502378436e-05,0.3900917899804952,0.0005910825990523684,0.4994097916249147,0.0008740428003645069,0.0030477740331814936,0.0002931231839516303,0.001668496066450208,0.00436667593541834,0.467704726448768,0.5286599198639674,0.4466438552238023
3.7374027966642116e-05,0.00016075818663347367,1.0603715792450602e-06,1.7880664337494134e-06,2.1255120942821482e-06,2.3856369443940056e-07,2.1662685155245206e-05,0.9994910395599822,0.0001240354501649347,0.00015991757629564362,0.00010134234181876674,7.860321404901116e-05,0.9998901472732533,0.08168684623302591,0.0010355900344599656,0.008030119517144335,0.006916642863276752,0.00404482104496274,0.8562198149089925,0.46315135890992293,0.44895115006859354,0.5248632841631177
0.004421370711096715,0.00013343583730285078,7.969924026034188e-05,0.5719263995792566,0.0003265004835085378,0.5478137441726145,0.5827180093479214,0.002112485425287027,0.005113027824666659,2.642730582040404e-05,1.657216361176317e-05,0.003206314718967762,0.0013247248731239945,0.3892127205072202,0.4922944464497032,0.0003565059839827356,0.9952323730250818,0.011732141465501666,0.019071249343133867,0.461467005844237,0.44768861921981906,0.6048038739364714
0.00457056393953659,0.9253243663162096,0.45301564712626025,0.000855728630671619,0.00022991447066373342,0.0018562075632946188,0.001831572930257228,0.000971085072894878,0.00038157736388075276,0.0008067678291354284,0.0004868512917062869,0.00023026622389088738,0.0005826948861057113,0.0011052570249233205,0.0012585568438918107,0.00014155692786775129,0.0005394047763785237,0.2916857076672247,0.9968729151087307,0.436983393892982,0.44924363771921977,0.7200090825131374
0.0009288996299277592,5.1037139199641694e-05,0.0009159578713158409,0.45480125768809193,0.010139786328328992,0.0017856866183975238,0.0001492439095156251,0.005311989426602324,0.8928667294975982,0.0018470652413977607,0.0011734205148743182,0.6999929979832877,0.0074333205844427375,0.00020885362784353384,0.0024989167112927004,0.014191017591005316,0.9981725399391421,0.49505447529828855,0.03494308218867714,0.4688043616342206,0.4827060021636115,0.4713150701063037
3.863573939213645e-06,5.628326879937728e-05,1.43040355732987e-06,0.0019555403468681336,0.45122869185109243,0.00045986870487131593,0.0018522846401682887,0.0004466399492157282,7.631342941588066e-05,0.9024763773562932,0.7048451129759945,0.00010767035860529695,0.0006301630799573068,0.0026133681752470855,0.0006877356791723464,0.9972206948175837,0.9817591629699945,0.01662388610206056,0.9563694024563753,0.42349966413207724,0.548860867225303,0.5273823462718297
0.001846261179575946,3.395065793395344e-05,0.001727346938929903,3.115525047099762e-07,8.68748124364192e-06,0.44440407305519025,0.8967055650595649,0.0009445621250870008,0.00019501580596097265,0.001538233886634549,0.0009784951322811734,0.00012405273607650686,0.0006008516028998361,0.7070754108507411,0.9963264615555913,0.002156690597321025,7.734402899358317e-05,0.4882276727447036,0.011705679795796835,0.4816322792933531,0.4823995854789587,0.5120520854596671
0.0006019893414064333,4.438275306707651e-05,5.159372214963425e-05,1.643017787440212e-06,0.8831249478014809,0.0005125385136218176,0.005283961239721242,0.0008109684243024633,0.4502288094486529,0.00015282607020668376,9.984509818718386e-05,0.2950203520238421,0.0006421756809400557,0.004013495786052185,0.0004327774882017716,0.9995532232877178,0.0017278570185958048,0.053563125425894254,0.05155951769419713,0.4663890179175748,0.4502472750433288,0.4400338438734765
0.0103165549935115,0.5820156004373964,0.562936009803999,1.4328390979167467e-05,0.5781857257116245,0.0008178110920854895,0.0004662481860871322,0.0021275057222049586,0.0004091772054725688,0.0013101964658618138,0.0008302350948180833,0.0002592842812542221,0.0013481426502927848,0.00029544636272319793,0.0005492972377220011,0.39037242587259235,1.1547661343281086e-05,0.4988023611623331,0.9886368407596788,0.4770272808619579,0.4779368515975167,0.5603100954788981
0.0002385244742919982,2.5758780805768555e-05,1.5531397970832433e-07,0.004853772600542954,0.5782994525507619,0.002697631622320526,0.5780032526049121,0.0006953767412334179,0.5781387741283331,5.2677750461570244e-05,3.348954163507956e-05,0.3918207681716551,0.0005414331922282976,0.49983248625459237,0.003147737755048812,0.9944358707128993,0.9695609908384726,0.0004216194974329837,0.06800660004377632,0.48908211357468273,0.5180931814467749,0.46947698392114756
0.0002110041358291207,1.2914425131856933e-06,0.003958884294533135,6.099161771122868e-06,0.880995002054488,3.6195819188831036e-05,0.44368496490698456,0.0026611673274005414,2.530520376672826e-05,0.00019741375743097955,0.00012537081905870766,1.6070475420818517e-05,0.0016900183240037394,0.29188662449185676,2.7171311281911693e-05,0.9971079153319798,0.000988970512979339,0.9665342450617813,0.0038311435077237332,0.4680630447216829,0.47373160496385447,0.5271331914574444
1.4679818804224225e-05,0.0020762541669315294,5.955056578158384e-06,0.5646482363250306,0.5888568106957919,1.6749109638064783e-05,0.5886016435098291,0.000654779594026129,0.0017493156207159858,0.0008008932599349401,0.0005004209789280277,0.0010930226999019722,0.0004091255536208845,0.3920953614473716,1.3589928374982407e-05,0.5008239103320481,0.9977495263185906,0.001880979107789813,0.995467080733607,0.5447550328049049,0.3753283773027378,0.5364033181486352
1.8780314378008567e-05,0.0018853297257889674,0.001976561040043157,0.8610483409296411,0.4411552769126052,6.18697611056525e-05,0.0019250733434079952,0.002398131654592968,0.0008589204766436042,0.00040187742984297396,0.0002576502420313148,0.0005437130412519175,0.0017012729522655678,0.0013099655701034815,4.68016080628847e-05,0.29538598969943386,0.997959216436803,0.4990750520762964,0.9938902682181054,0.43442601795259633,0.48695149218537925,0.5348152644297032
0.44937492972904153,0.001602975581339319,0.0009832706052493511,0.0040320308830063215,0.00047132904837071015,0.0012685728756412567,0.00909806177124689,0.003933553331204926,0.0031442838937242633,0.8960001842720269,0.7021861405758918,0.004422087410432929,0.005532266228691735,0.012796841935341502,0.0018915652400051286,0.0006630141266525539,0.005899751055343963,0.0014249073084035098,0.0022549211025898394,0.4691292159879704,0.5102214179146779,0.4471179521898515
0.5839976834069925,0.5880558003236505,0.002993619277533567,0.5836598602181484,0.0018361808792820705,0.0030280313813416965,2.6159711341526767e-05,0.0010239238498209306,0.0018609217692014653,5.760770928914132e-05,3.6097277284690966e-05,0.0011660630939575051,0.0006415969305043126,1.639169386917624e-05,0.0020111491722268654,0.0011505154711375148,0.39268634755303355,0.0023688704178337072,0.5022175391287438,0.45106022864450934,0.39166861363877575,0.4569669686057755
5.486365336029954e-05,0.00973269238576202,1.9042943287504742e-05,0.8956741885694259,0.004028675002320818,0.4493799717856256,0.0018655651937518382,0.002903553781711178,6.134781736970657e-05,3.4195878602708103e-06,2.1723151746554736e-06,3.897158606055013e-05,0.0018445037371949934,0.0011851179493021524,0.29602614814887707,0.0028632799565571545,0.9930824642691952,0.0012831716017314052,0.9964114678441732,0.4582238238094621,0.48312147068501654,0.5107701555031964
0.019127691748450117,0.01900055480016697,0.0004515665033540665,0.002437641060702569,0.435507395309584,0.8454887981678116,0.00032683720297962103,0.003454704147227478,0.00036088705816005983,6.548987848238514e-05,4.166347469243938e-05,0.00022958972709874944,0.002197816238087652,0.0002025784156404616,0.706470194699175,0.9604909781437181,0.05878849176157289,0.010770632292120495,0.4996486900144804,0.47678303337289324,0.4935704100851742,0.5103889567640935
0.5663543752371718,0.0004843503359232731,0.004812339606539771,0.0030931566318333184,5.454909895236994e-05,0.5715067344538469,0.0003260017962288124,0.6056096441059275,0.00016245955806907015,5.298299681306709e-05,3.349350069284729e-05,0.00010269972777428277,0.4107508475579173,0.0002579350297054529,0.5028663094310002,6.131364432181651e-05,0.003476751266915921,0.0054092558132895485,0.0005444416762908676,0.46546279139269103,0.42528521322097756,0.5169301743560616
8.439559917801778e-05,0.0031884954793854445,0.5706554344813796,0.5604277973297112,3.253991242658828e-05,0.0008396686169768635,0.00032556933082862697,0.002522595258087451,0.5806102211837137,2.9134289711883775e-05,1.8342805866773762e-05,0.3893762368462463,0.0019398927150761501,0.0002503629831394753,0.0006844287617098434,2.553212054135206e-05,0.4973217985915612,0.9965461043129371,0.9828667473867801,0.4500344016908759,0.4854828787873398,0.4080753211036082
0.00434228569171918,0.5871046255474512,0.0007719873332073914,0.5744464429620083,0.003713328415480624,0.000690979965001901,0.0013679676435638935,0.002585405829999599,0.0012122089029049188,0.5761536696620233,0.3835736809458796,0.0009213078236814123,0.001964974147276274,0.0010396823054785631,0.0005566526967671608,0.002879610998416826,0.505616716744031,0.0008623787287345697,0.995211434911899,0.4065473419279589,0.5848568475137552,0.5267728022333422
0.0,0.0,0.0,0.0,0.0,0.0,0.0,0.0,0.0,1.0,0.25314095101170514,1.0,0.2033173890874926,0.0,0.598332441165702,0.0,1.0,1.0,0.9258584718221352,0.0,0.6300044061539904,0.6053117024301466
0.001842739429468908,4.082543003412603e-06,0.5568038562004411,0.5519027981782664,0.000352420022702891,0.0008340538159143448,0.0025426114094322496,0.0003875937107683193,3.4760712988412565e-05,0.5777637346649204,0.38737768563146835,2.6683474546893536e-05,0.0003587992029961256,0.002102927416338905,0.0007650864996935036,0.00027598312565640243,0.5139767113165088,0.9978312754877545,0.0015278587901105985,0.47758522113297,0.4660509831298542,0.5952942343300908
0.0032995613084320957,0.6190055164956582,0.006055159652346214,0.0005265157541055426,0.005236836379497597,0.6176647687499336,0.001499144833853388,0.00016313070368211756,0.0003406946072940161,0.6122981260995374,0.3888716140352071,0.00024801854915709547,0.00011875574742189801,0.0010913466961379437,0.4992785482352748,0.005385389818747857,0.0005414644179089728,0.0062271765770299525,0.9966065793943646,0.4367585653419532,0.36027309217274384,0.7098272848541998
0.5789552300715616,0.010103294129741617,0.013502943911076188,0.00033534413736146796,0.001562637564334994,0.0002409698760445316,0.5847418679243025,7.814823161706506e-05,0.0004673528375234989,0.5903416018629017,0.39360342085901207,0.00035848858471665846,5.994451947460887e-05,0.4976989063076928,0.00027607857724798945,0.001723370999845866,0.00037700970506002456,0.01503571688859497,0.010922572847182177,0.4540295591552157,0.5063472421652339,0.37220377299557117
1.3245380747499095e-07,3.939287609852101e-05,2.745196895810246e-05,0.0004934663468464725,0.44808806180460026,6.524210597489904e-06,0.0006309714820310769,0.0002509163389671777,0.9143491874073701,4.101801921085045e-05,2.5543697465606912e-05,0.70482067656398,0.00034938657882245934,0.0008785820509125877,9.62929376196614e-06,0.9992821336020564,0.9400370680878964,0.39640150614922176,0.9978230133891517,0.4022958070571151,0.5396207497619381,0.39432660220507354
0.4430273746729152,0.004266043411395955,0.0015982730917814601,0.8628542776157014,0.0006474088968373404,4.7996391507295813e-05,0.0014491090061843459,0.0035081518187486207,0.0001064990770617635,0.0007351103198751239,0.00046325383265488553,6.71138509098148e-05,0.002222042236280035,0.0009350909828856058,3.545786126958172e-05,0.00041624177253794586,0.7016312197333676,0.0022966476591259055,0.0062024840999385595,0.5263034933088804,0.40629130767304017,0.5272296085946166
0.0023020401987000304,0.4395023459518002,0.0005289202584188195,0.004764377574557641,0.006471963812177577,0.00038769679367242605,0.0007767217851203362,0.8903301622371808,0.001548886389102787,0.00016669802255517077,0.00010556330076512497,0.0009808486265202444,0.6987933080705213,0.0011052832187723098,0.0006316138290474272,0.009176428840540271,0.006916782373017516,0.0007572074075889886,0.9967044843442169,0.46314525357443653,0.4511623749015128,0.4604894999910366
0.00020501156889037042,4.950522168251245e-07,0.005718491190733017,4.182782359591223e-05,9.687905283174625e-05,0.44088353697380517,0.0007760069655802283,0.8994815557030209,0.0003703477646749858,4.955596271182642e-05,3.149354639992477e-05,0.00023536142450810698,0.7098448542752129,0.0011204253289425015,0.9914875781534135,0.010461816603437018,0.004517364605879037,0.9778546960866369,0.0015373130961362004,0.5232641826645754,0.5344037905857324,0.4962711735237262
7.331718559127246e-06,4.497087685521599e-05,0.0035346375032511692,0.4286736312399256,0.8807043292710485,0.0004038193122904036,0.0021589382848869825,0.0005176334551067485,0.0010476352097226723,0.00017021158499443538,0.00011120114977910167,0.0006643674048859016,0.00036787841773015144,0.0014717461903723155,0.00030601991469120465,0.7056764326426097,0.9948237268428308,0.9913801903521786,0.9008117675246581,0.4682537413319113,0.544826604761411,0.5292768454035214
0.000188658549646337,0.015666838713691917,0.5815037762943229,0.007132397185580457,0.5784071620323733,0.5558421728181672,0.002379500686207703,0.0009019136104530507,0.00027183398181722547,0.028018786886661623,0.01748009029544771,0.00016963173636378782,0.000562818668133722,0.0014848617367324078,0.39195642732941344,0.48871232924883823,0.0076295517018387105,0.9833525086492025,0.9923345777284901,0.4673242669106587,0.6393035769476924,0.5095425680792719
8.54866728332971e-06,4.038933668138636e-07,0.0024418679803990422,0.002539275415802297,0.5869252598463741,0.0002852805717249842,0.00014579706124574825,0.6011204265701371,0.0007765405570542811,0.5852847403099957,0.38736614737914715,0.0005884247622944745,0.5076002268867021,0.00015813863347197902,0.0003094290630457463,0.9961230693857921,0.5029877140169479,0.9978342044865616,0.03005633252638527,0.585330988109385,0.47277555446915054,0.6260590435870528
6.913309288892983e-10,9.758767327950792e-09,8.922559649029135e-07,0.00012804639424427428,2.318717483402111e-06,0.428040391379433,0.001065207982965696,0.0002940938120605612,0.9170279029359663,0.0016369326381216296,0.0010185469824506238,0.7075085262757201,0.00041265909723497973,0.0014946383640782014,0.9998130889161424,0.011081575487154854,0.9956064976864294,0.9932241943357045,0.9546579714776288,0.4969879213119943,0.4883826688595858,0.651605252266118
0.0016538213353707045,0.5907295731536537,0.0007203468803561852,0.0013525079048785711,9.391343823764705e-05,0.5886348505068685,0.587476936166477,0.002137945551947742,0.0001230896128840829,5.848655667720749e-05,3.6500348218615285e-05,7.68178692892995e-05,0.0013342521255432969,0.3907022038995426,0.4988684695199166,0.000101208825745977,0.0014575744857896165,0.0007997277882419374,0.998217750678904,0.4640140708683407,0.44842841431107405,0.627031409824998
0.005711993477572312,0.006139124385111706,0.44276535607404593,0.8948125241768106,0.004577618907128708,0.0010358036401761227,8.0124738106877e-05,0.0030040275057831574,0.00010646702148195793,0.0059963505701049235,0.003779889590160068,6.71138509098148e-05,0.0018936587848968388,5.050819492319336e-05,0.0006920939414862409,0.002885494928394544,0.7016312197333676,0.9882973905348493,0.5229480241713861,0.5263034933088804,0.4051884547240702,0.4842750036762775
0.013015075523277216,2.4580012420085665e-06,0.0005578178464735931,0.5589389526386395,6.145018441366929e-05,0.00016262797530178585,0.5840015596857483,0.5713623976141665,0.0008937863521483747,0.0004087937865130449,0.00025951229950856405,0.0005673973397772405,0.3859208473417397,0.5013559422958153,0.00018871405191378857,6.72703215871661e-05,0.9856368090518056,0.027892890781352767,0.00011938520257539185,0.46875474769260195,0.5218774800365646,0.5370562398765488
0.0218800038421563,0.8779717419759784,0.007173136527818509,0.0006343351254028725,0.0006549563294923488,0.41784511347966996,0.0003959102004369814,0.0005802777802159099,0.005991881058828799,0.0007683424170666752,0.0004885012332873355,0.0038095751304937867,0.000368937469338189,0.0002517156789946795,0.2916931155012561,0.0004737468551997692,0.0004697269771475024,0.005238197901520048,0.9842254767211849,0.49446905243933137,0.485770009373699,0.5328429845673142
1.2526139247852255e-09,1.3853789894591736e-10,4.79799889876725e-07,3.640032211531648e-07,0.0005237864741213251,3.250455396478308e-06,6.204102011819566e-06,0.9013606482285305,0.4500569281758525,9.286979940003054e-05,5.89509976330873e-05,0.296260750748712,0.9996203750723034,0.007390100807522004,0.004350558800075954,0.9992571879365194,0.4174760598803028,0.9983491824312041,0.07051202528724004,0.5391454122519845,0.5181362877263807,0.5324376239306756
0.00015474065006187496,8.911975314315307e-07,0.5601672486791178,0.0015938154572573851,0.5630017950316833,0.003769189253452861,0.572692871672541,0.0012676550681930416,0.0003624468910607837,0.0021809296518343043,0.0013837631973643851,0.00022996669678328245,0.0008043004408227385,0.39737836925795744,0.003382134802447415,0.4985764444797999,0.001836877080901748,0.9998241419223161,0.003709675176087668,0.4890793448786923,0.48490437711834466,0.5549644675790204
4.378575072128871e-09,3.1903974214485045e-08,8.464041349978596e-07,0.00011069359098117118,2.419153492791274e-06,2.2103164693486534e-07,0.5848067868912168,0.5799800424568687,0.5796011684499439,5.7473174010415306e-05,3.632964471584134e-05,0.39038464569160936,0.4973654920490038,0.9998746318717647,0.0012951171276634043,0.0136458903406525,0.995175895697817,0.9764926480228776,0.9117119537699061,0.445890113201656,0.5306837034264128,0.5570739394407039
2.420632500143762e-09,2.707215172781376e-11,1.3424390141604708e-07,6.689192522402535e-06,0.9959067357388656,0.0007713790659759943,0.00016176805605677382,0.0001486215360216538,0.002292983916987478,0.0007116858019638138,0.0004505317495639656,0.0014515713643792115,9.408489012387371e-05,0.00010240628790619211,0.0005176004032428022,0.9999955946351677,0.9873467765546688,0.9887784893601306,0.007069370927659968,0.5045750985329175,0.5023389489918135,0.574931980955837
0.44813056470065493,0.00018516624311401818,0.002771287187632341,0.004350592461748111,0.0067485592519145095,6.823643433452031e-05,0.8999886698128509,0.00016308086058774727,0.0013907084086168086,0.004420987564892108,0.002799342366017782,0.0008805937382041145,0.00010326256570236192,0.7058549669905219,0.00010273706348756188,0.009585829760241527,0.006223250646728374,0.004055664120260427,0.0002630604242762919,0.47352502024636944,0.4745502504341067,0.56375802814397
0.0005240416504812964,7.638792158175241e-06,2.035216439105065e-06,0.5656567149344335,3.398239783057584e-05,0.5622679077946799,0.001113956414902723,0.00039323940329938486,0.586316951409366,5.591718292176616e-06,3.4771876357273706e-06,0.3882160116210632,0.00029829957613334234,0.000823272095301105,0.5027469765484354,3.735822599295257e-05,0.9994257998630276,0.0025043490504640387,0.009330928740512114,0.648453786185747,0.5075870073058723,0.4592342839246353
0.001714206867627844,0.5774423855378786,0.00029811597713560366,0.004176206174439342,0.0027047686659317284,0.00013141975506147778,0.0027804100140020223,0.5969171009112954,0.0003760674502114209,0.5753765155046331,0.3857161961576744,0.00028827392383233975,0.5105642944449716,0.0030654106410320115,0.00015358071022051977,0.0029819410705052784,0.004789200526563185,0.00033858325923564006,0.9980967386712715,0.4519392615224055,0.4116645863037649,0.515128851684385
2.1869607383944083e-06,0.00014595444900882787,0.00409260899516428,1.0417212759448783e-06,0.8973468076324891,0.00011354476315464208,0.0009325709346520594,0.4511823688507728,0.0003727195492871914,4.2544284545685765e-05,2.696693999421787e-05,0.00023625035059976653,0.29659850164276563,0.0006616259966329731,8.538681076252538e-05,0.9970072335766197,0.00016352355821808162,0.9779675669086164,0.9903941492740924,0.4439721212389751,0.48616108097564104,0.5320934223835834
0.002248962391316686,9.115747638682023e-05,0.5585610489999594,0.005671491631356528,0.010925240734380932,0.0002386379488621878,0.00012424698545430968,0.5741328592835431,0.0010195345930536209,0.5851440207278795,0.3964323930783266,0.0007964393401186556,0.5008880525982522,0.00014074798518888413,0.0003094900428254424,0.012331854778421417,0.006555085726543841,0.9974347013358754,0.026094649911725443,0.5436848002937391,0.46523737223560657,0.4880103880959624
2.7106617328257063e-05,1.1120393883327076e-05,2.4645871418619432e-05,0.0009312003673926566,2.3435262286625766e-05,0.0006452510927565433,0.45417124304828793,0.0003752101426905205,6.422392856161982e-05,0.9029181867174016,0.7033068962306641,9.002450712919385e-05,0.0005259425903945893,0.998336741345446,0.39108394980397077,0.01570092136415761,0.9743213421476955,0.4500278484600046,0.24409065238609023,0.4018801325111474,0.48120472513732443,0.526955504141107
0.0014835425193965696,3.48141761681194e-05,0.0009344680380521846,0.5599466919440502,0.0037759813089228004,0.0014740113648981565,0.575940648690823,0.0005183587642824634,0.0016706416097969413,0.5808350675401432,0.3920303784760773,0.001295658799813919,0.00040200984195744966,0.4950771657085335,0.001700515088720905,0.004193361800714655,0.9980518937238759,0.36149279947915436,0.015019569999501992,0.4262767662234229,0.5093756075448923,0.5075872779875594
0.5761197215721847,0.5756516881188607,0.001699906167044063,0.0002797191452206879,0.001977648477877347,0.0031083697970083063,0.584574216089093,0.0014584856540117827,0.0019506743412448964,8.034501975850168e-05,5.102227087298508e-05,0.00123875585379551,0.0009261982093173935,0.39633631478767023,0.0025755015769347387,0.0015458681295581996,0.00022016937112270818,0.0013688466458791357,0.4997546199445927,0.5019647873798994,0.4835076384284231,0.45296368155192984
0.0006595959729560416,1.5948890223549421e-06,7.0881587891798205e-06,0.9974817052298958,0.0003403805146772117,0.0009081175070096957,0.00011254772520207938,9.914189834262821e-05,0.0003694415925890221,2.0386511516117912e-05,1.292193153005623e-05,0.00023416941309302436,6.28408073542865e-05,7.133741546838657e-05,0.0006101197297181493,0.0002157392980255895,0.999581914620437,0.0070473746076551436,0.0015393944576280942,0.44661271939291886,0.4644364548293761,0.5161047333075017
0.5873408235487332,0.0038737326321115514,0.0007127924706758627,0.0013019558217088115,0.00011446945647028878,0.5560293398500351,0.5947086047119722,0.0021484757320991764,0.00032927128988938654,5.877460666165614e-05,3.6500348218615285e-05,0.0002044847778844565,0.0013342521255432969,0.39399920901337926,0.4988684695199166,0.00012441215175308673,0.0014575744857896165,0.0007902934644379855,0.00416905813842971,0.4640140708683407,0.4123436028454727,0.627031409824998
0.5686299050337165,0.0008464266190087408,0.566473807540726,0.00010042290573821255,0.5701952237635953,0.0007438133535373835,0.0019108518122710346,0.0007966055848972675,0.003069071277594212,1.5381574540794454e-05,9.687016520338839e-06,0.001932843200232583,0.0005042444277445373,0.0012322592730143187,0.0005491493536659239,0.39037242587259235,8.077742361321891e-05,0.4988023611623331,0.0009588352271555909,0.4770272808619579,0.4779368515975167,0.5992227705285352
2.70077762963854e-17,2.6459133162467192e-18,1.9649551361048147e-18,1.7334232886049034e-18,1.770102074434742e-20,1.8392488972967667e-19,1.208510686434623e-19,1.4937285234607093e-19,0.4484678114663449,0.8961489261378556,0.7046093545003118,1.0,0.00346291483834521,0.002801702603490929,0.004519717972796676,0.0004103626114227379,0.041830359611322754,0.047070840851607135,0.06173586168454902,0.5040579227417885,0.4608429612818228,0.5234758232309454
0.0001391104909960497,0.002245996008036142,0.5654775510480061,0.00025112529119542795,0.0011240552453884362,0.5631691032734679,0.0011939193306760574,0.5847769917786271,0.00019574436925687277,4.274113160869603e-05,2.6800416248304353e-05,0.00012273958127317696,0.38627802868476036,0.0009112960755259109,0.5077937516343729,0.0012534664593838452,0.00028668743184398493,0.9974853521605611,0.9608364956481328,0.5027615395719002,0.37768275523839817,0.5175495805166211
0.5594283506594963,0.5808019197679001,0.0012941310381477907,0.00028196042951992103,0.0015780713044214738,0.00012734796646784636,0.0001146127453567434,0.0031264442521708514,0.5728126422972211,0.0020472585808473808,0.001300475536809895,0.38732369708147135,0.0024203027463683318,8.872595999187229e-05,0.00010449690477681861,0.0012464847916788535,0.00022800360594500343,0.001031984317561468,0.5136909802447899,0.5188316863269571,0.5286517531806815,0.5318819577153682
6.541114630389087e-09,2.433784766747128e-07,0.9050451380971059,0.003971662433803325,0.0005972095363627189,0.00025790406021543365,0.0008475712000287998,0.0013235222606563786,0.4533051923361737,0.00017631805559252978,0.0001108912825453455,0.29560458368628645,0.0009309714003683397,0.0005961858355320906,0.00018141106570343274,0.00042008035524527696,0.002793697792137034,0.9999998287427965,0.982894129558248,0.3955560026515729,0.47679761539495713,0.47200348896169747
4.017646191727035e-08,5.585863063275189e-07,5.301801325042928e-07,1.7133168954661685e-09,0.0017906448730554655,0.9021509675817287,0.00013672427627673441,0.0007110091776681554,0.45192046414471954,0.0007057044777803761,0.00044525149670492006,0.2956436254577448,0.0005017362466934224,9.648193600330312e-05,0.998736398400635,0.9997218846751259,0.0013943243000697492,0.49202926875206776,0.9542907679530075,0.4666930476244923,0.45218741449742805,0.5749643401134289
0.002688381501908427,0.5772434299449465,0.0005046427040298579,0.0017468172157884688,0.5768814495151894,0.0037899310193744815,0.005815229206600955,0.0028601409933038083,0.0004105861830984309,0.5796449251483947,0.3931711685407928,0.00032029611665160274,0.00223118569480721,0.004536451592705909,0.003133882398413563,0.4998060683540635,0.0020039275774632716,0.0005733383281417218,0.9970141096107672,0.48951202936612953,0.4705669521849596,0.503234115295194
0.007640089016622712,0.607233281092059,0.0009842164747642251,0.0008369744504982665,0.0008469749281729246,0.0011308715241025206,0.5998516005639231,0.6085373185335561,0.007411015860728337,0.002194445282576433,0.0013225806594227673,0.004466621671238236,0.3908688066760365,0.48900257517697143,0.0012289546094581645,0.0008860178601534613,0.0008963490715361475,0.0010394345918438388,0.9920347672252762,0.3173833449179403,0.43170006946242284,0.6351884843241731
0.009999210934324541,0.5991723234112251,0.002602551399523612,0.0010356656505215729,0.5948059642112599,0.5716450081673153,0.0005071444686554332,0.0010624169104841124,0.0005292998725111123,0.001211867308648813,0.0007423731049332822,0.00032424181053892815,0.0006508223219673652,0.000310667232254901,0.3962780812931028,0.4976146460627976,0.001107848954023393,0.002848111368626116,0.9893772825339248,0.3912071351210932,0.6632223416588071,0.5274935941633528
0.004649890551411435,0.4545973474658863,0.0004059400554057533,1.147822273819091e-05,0.006462798890390473,0.0014071728098391445,0.0002442468637902527,7.19610855122298e-05,0.903660235269958,0.0007473890358162079,0.00047036192349524624,0.7032702579516814,0.00010077262288221624,0.00034203379194853393,0.0020887279024696358,0.009234680472906903,1.6720395555183025e-05,0.0005856353776049026,0.9933776693339276,0.39666813135897494,0.47052257380108714,0.5045584057461039
0.0016858192414463276,0.5754509133154827,0.001392654711294081,0.5639736900845284,3.615364410467532e-05,0.0006702940078741002,0.00044466610176136786,0.0016363044116353349,0.5712444656125587,0.0006157398509737633,0.0003917048663227004,0.3867535599754187,0.0012677830479159158,0.0003445169515799916,0.0005504724640505974,2.8580673464376986e-05,0.5061486820200298,0.0015872606743186756,0.9981032410949569,0.4911609945203732,0.4790944895155085,0.48522337638577456
2.6277071411033858e-05,1.3857654244340956e-06,2.29227432147252e-07,0.001412461757241384,1.1400402709120795e-07,1.1124986481255389e-06,0.879344004346857,0.00012675758095180326,0.44303702594591465,0.0004284666696032343,0.0002718176910124531,0.29109944662797715,9.354377921012197e-05,0.9989567172983915,0.0005735690531549175,5.017936516865228e-05,0.9881539312270015,0.005474332938483151,0.033500862063294376,0.5288190742677785,0.543910629333792,0.5273154428119409
0.009843132158730205,0.00024297418912117523,0.4350026599136707,0.0006968835771073238,0.000491617435189379,6.823852525768823e-05,0.9237837718508597,0.00017901788958069536,0.0016888582326197925,0.004421141741145308,0.002799342366017782,0.0010693444221686397,0.00011334953635188142,0.7058549669905219,0.00010273706348756188,0.0007124794273078572,0.001033952119657447,0.9857778848033387,0.01579918694462279,0.5243506131493798,0.47398019258128343,0.5646434855889646
0.004483790313491122,0.5834829861944373,0.0005419797447371042,0.574974832879377,0.5888717035654537,0.0008470297123862946,0.0016022685623155706,0.0019586835183990395,0.0014389662702456625,0.001795386783455403,0.0011303938946354009,0.0009059888391542513,0.0012332104406781175,0.0010088000196442786,0.0005652767708343683,0.3957443532576459,0.49751205089463413,0.0006091365529722714,0.9951081795984663,0.40636178223568303,0.4903168293445732,0.45233670919444313
0.0007788944139297319,0.0007247952562613872,0.45795110601182076,0.00010059584225307776,0.00020863043815616016,1.787519799365642e-05,0.0005218759841889028,0.00027623095054258673,4.197659742095644e-05,0.9288609508635853,0.7008414499126567,5.664884294701856e-05,0.00037278307058755236,0.0007042826823002395,2.5569578963013245e-05,0.0002815410433954586,0.0001412046493157624,0.9985588086377148,0.47486574835668677,0.6577442240850461,0.39008662468720556,0.5694271741780959
0.0073817841719783645,4.6765863946012876e-07,0.007930438761244475,0.5652298333311561,0.578413221311801,0.5586130179854484,0.0006433800857739009,0.00322015360316563,6.945264187052808e-06,0.0005165881773054686,0.0003213105568191963,4.3198550303208955e-06,0.001982844509747228,0.0004001707857285372,0.3927225262379813,0.4998123073564295,0.988039229518721,0.526905937088935,4.055541802831797e-05,0.46862624708510137,0.3829983207812572,0.4059042231143609
0.004669003647311154,0.00011537764250758293,0.5936286953432707,0.00036518632032987703,0.0016084561529790225,0.5696043886009794,4.49964589868107e-05,0.00021426534772738933,0.5835855249134455,0.0013936351143511367,0.0008795779736925141,0.3927718559465579,0.0001657982071245355,3.481819378860278e-05,0.4868426609544756,0.0017248839360320294,0.0003916212434836013,0.9949914380393001,0.015728568310062342,0.46530501498280197,0.5857807103598222,0.5110278057231967
4.635069265670463e-05,0.0019688734003619713,0.43391868050977644,0.000656848532229627,0.8790448352994963,0.00037903579271713483,0.0005674614504636134,0.0006581729782189384,0.0030444790163755594,4.1099458029545275e-05,2.611074649234383e-05,0.0019341787033903533,0.00042654656904790307,0.000369154931978393,0.0002822924790531078,0.7056764326426097,0.0009167054844585734,0.9970764325982627,0.9849973055630226,0.5448248640531035,0.507093683128186,0.49720670007189827
0.0005689269603226062,0.000596803448652265,2.064716503952757e-05,4.4873828652350685e-05,1.0487291456920347e-05,0.5516936803121656,0.0002859276991459111,0.5885018114956607,0.5817123581645692,0.0012727052199887066,0.0007996311546496751,0.38929853047276064,0.5020235372342008,0.0003112759535415051,0.999100679111853,0.008081903842816485,0.034841281756163744,0.016418680953441123,0.5152340949563955,0.5232695895333763,0.4054942193350841,0.5614918840003824
1.322811370775079e-07,1.3130612404393886e-06,0.00014481313760428637,4.5587449438025746e-07,0.5764773745957551,0.58177736630615,0.0003719494196262112,0.0004545397879318434,0.5807089308076978,6.497233629797107e-05,4.1197917186469005e-05,0.39264214864379515,0.0003533119253721138,0.000289114808180741,0.5029130416781392,0.9998400714516225,0.002004001242548967,0.9941985326625965,0.9360809583184153,0.5050876045493932,0.48805491982502547,0.4381082829220092
0.0014026124606572518,0.0013489761734450942,0.8700984951494505,0.00019742186357958567,8.510502247163495e-05,0.0015737449380707745,0.002807780253903621,0.0006475459876668669,0.00013507084393594955,0.44794566064453634,0.2950570530304134,9.593968724493384e-05,0.0004599446789486209,0.001994323362590869,0.0011848465136777174,6.167825941756633e-05,0.00014647543530845212,0.9985907071924335,0.48935127934479117,0.4619324151052153,0.48436600788012757,0.5170362613726044
0.0024516638304731934,1.3503421689849207e-05,0.002597847332530546,0.9033434446651188,0.00010580405747293866,0.0013139003175685695,0.0037315343553612117,0.0038346560803681875,0.0001634980130782796,0.45337795696515915,0.2943680324362487,0.00011442943556964512,0.002683818316999556,0.0026116444405950116,0.0009747291014310626,7.404838422666823e-05,0.9974598899663074,0.5278576412616167,0.003506523953886516,0.445208185996508,0.5796751015155295,0.4164161865216159
9.873874822052798e-06,8.185618812928536e-08,4.255272760062312e-07,0.00042221309360429847,0.5746174676544727,0.0023132959242093513,0.5821833342580705,0.5728205389545417,0.000896066979569478,5.7056678063035086e-05,3.6128789803423756e-05,0.0005673973397772405,0.3859208473417397,0.4977524153770473,0.002662439997677137,0.9995230346536379,0.9854327923924534,0.027773783581480777,0.005189240903983966,0.5632534131241866,0.5347876972267103,0.5132533376765317
0.0001669092075911155,0.444178187789363,0.006918069775242299,0.8973151761476673,0.0008878779260391801,0.0010842878465985664,9.456114794536963e-06,0.00187489139639837,3.711029350742372e-05,0.001240312717862232,0.0007886131555128462,2.359539910409067e-05,0.001192090975216158,6.012381667723152e-06,0.0006894109064959372,0.0005645304522017905,0.7073490121054875,0.010213663976110232,0.9997607826019345,0.46690361089409194,0.5101871274426586,0.49211889237736545
0.9014005123977588,0.0006469809127859586,0.0005754208325689561,0.0007309738986919442,5.9973915876479566e-05,0.005292028224049535,6.515548631974895e-05,0.00030145122172279724,0.4476267784148634,0.00043568657707616015,0.0002740512803458963,0.291657717143548,0.00021141740788113838,4.5695182760161756e-05,0.003934025633413968,4.206048571261039e-05,0.0005332350477091722,0.0004157128562337309,0.0004537208055830841,0.5677541054104762,0.414834664399005,0.5159388646789742
0.008866269405906225,0.8781954564872566,0.0017589918633161006,0.00013826049369261193,0.43703503400736066,0.0038075945213342584,0.0007899223689083669,0.0009000317127384486,0.00033516079910450396,0.00040891161665861916,0.00025964150511369855,0.00021281280316031088,0.0005657614953306189,0.0005015617490504528,0.002562628686718818,0.2934195395174271,0.00010238532929845003,0.0012845378133764696,0.9936083332083321,0.4513678286246557,0.4843678199176174,0.49708906970366956
0.0001715531578483244,2.9413701383952724e-06,5.453323024299015e-08,1.0496330844932159e-06,1.8786321802274687e-06,0.00014979948101004678,0.9995799369646493,6.576266571549063e-05,2.3601640636436244e-05,3.42192150715429e-06,2.1283794304668405e-06,1.4679828292476985e-05,4.090295499605611e-05,0.9998481987656935,0.48444512442463905,0.006904104861531316,0.003949374403658945,0.0002023415275137939,0.01104246282626073,0.6503159648106958,0.48187913800398197,0.5246578612694364
0.0004694845776327902,0.007141661827126525,2.992335601877493e-06,0.0002236364565495428,0.5759192525485063,0.5363211810804821,0.5841965798536388,0.0006913846528417792,0.0008833035444132793,0.00016431246876880368,0.00010409570080011486,0.000559592828237641,0.000438007996408513,0.3949498265842741,0.4894337711419508,0.9922432745308685,0.020685333142901125,0.0002742028199460376,0.9579122805442087,0.507611652979366,0.4368438828493118,0.4709859891929488
0.9035534348299753,0.0006549272447516225,0.000576539072481942,0.0007399134521123056,7.987059017125076e-05,0.0007189246720843673,0.45722889613534057,0.00012440957585875147,0.008509683481367427,0.0005298922480962843,0.00032869077428830955,0.005278593296816819,7.717353482037657e-05,0.2939594965976434,0.0005279961856912293,5.646565881009172e-05,0.0005332350477091722,0.000411490749909732,0.0004537208055830841,0.47105202899849685,0.4083061253089835,0.630644971017431
8.877218914150855e-05,0.004164477349619581,0.5651239029025141,0.5757702336015578,0.003202884748534471,0.5497254136596367,0.0007999972802091144,0.002107598017919767,0.0019404588841633093,0.007353329749560627,0.0046474895675936104,0.0012264410037250172,0.0013320820561321754,0.0005056249640868695,0.39271795200533405,0.0024816611042011213,0.4986804482285231,0.9954449248598148,0.986432100506023,0.5441739919131616,0.46575523023305143,0.43554432416490063
0.00022507398766528618,0.0002283054340890136,2.8319158603160596e-06,0.006397111347411334,0.5772472282017176,0.5600612433048415,0.0014057904567539102,0.000536143481381395,0.0015577675837865495,0.5835441932749561,0.39081883952491736,0.0011976640757686303,0.0004122057628829948,0.001080811633549241,0.5089077788387653,0.9928873428959382,0.9683402856103863,0.0057928493304402195,0.5045507241431566,0.6128037873461573,0.4835496945083284,0.5013497225848927
0.002678764804394289,0.9023819652605345,0.0002192653567743898,0.006640313705756105,0.0030167554074759235,0.0007354003603370909,0.004283107380585673,0.4543511305002269,0.0004574684015530354,0.0017963179633366407,0.0011319497904396108,0.00028827392383233975,0.29696247321267955,0.003021830549384431,0.0005499600559924656,0.00214923023852373,0.0048730209034280525,0.00015935954853617197,0.9980967386712715,0.4519392615224055,0.4116645863037649,0.5124324085872046
0.0002558453132125265,0.0035317306391165386,0.5706246017136993,0.5774206104973012,0.008620802115628353,4.539605611342078e-05,0.5900912819981935,0.0016034624605316852,0.0002040126760672951,5.627628487946545e-06,3.483769644019232e-06,0.0001262935002421238,0.0009826837822939157,0.38906073202070207,3.637048092126552e-05,0.006648677931472183,0.5082009463679178,0.9960787980154089,0.9542154224059881,0.5492817771497481,0.3697528329913066,0.594830786000663
0.0020178806440380626,5.022264516495908e-05,0.00015880394476332533,0.5808113326143167,0.010682433184177149,0.545769006229116,0.005890166915340852,0.5907382081709626,0.0003885002537002176,0.0045530954817865005,0.002861892098859914,0.0002441971505219459,0.3964485344565955,0.00455794704119195,0.49647966562439183,0.011626629452326925,0.9977956580177036,0.05148420648209229,0.015842099678974132,0.5446858110424104,0.47504086443025256,0.6010286826926239
0.0005918146269806662,5.503326909105868e-08,3.3238887637475155e-05,0.8964178252327978,0.00032907691358077573,0.0008161079283711115,0.4427229832278578,0.0015039217857451166,4.61714354251938e-05,2.8069441571434584e-05,1.7774624248932185e-05,2.923747638500175e-05,0.0009523400440417497,0.29030362963479495,0.0006101197297181493,0.00023209000539096237,0.999581914620437,0.036793219040808844,5.9202208392404414e-05,0.5346365761429673,0.5572147736726702,0.5294609135286648
2.2618010856340714e-05,0.0008498604874718139,6.608306369334935e-06,4.12349383655258e-06,2.8613843931186336e-06,0.5840920728079135,0.5688611297158169,0.0037777256362630054,0.0004176574688203119,0.5836588104589447,0.395520273313997,0.00032610755873144703,0.0029496644795445337,0.49159016674169814,0.9990733396538546,0.0021425702582329453,0.003087646409999842,0.00494834712986586,0.9830611318129757,0.5308716361637111,0.4825152332558306,0.4618268190567671
1.2585457961966895e-06,3.4668823624566925e-05,3.342701402006329e-06,3.8159334167388203e-05,0.004363242962342213,0.5580532764981235,0.5788137277538381,0.002506880343487473,0.5653708456030224,0.00010710600489467534,6.803032894966168e-05,0.38153929270778986,0.0019283713665220682,0.49308093043048934,0.9953039999738198,0.9924302786264372,0.530913922042618,0.06298325380103514,0.9769005722437254,0.477232878972572,0.4824453432308567,0.4618054910183036
0.0005065312791841315,0.010223565777299836,0.00971164160724741,0.5706122873784973,0.011917735538666485,0.0005860440882661259,0.0034007755965668996,0.5827440182390836,0.00030062181851433947,0.579291236957361,0.39207137916418866,0.0002337990680874591,0.5043318545708313,0.0037660786993032186,0.0006879219372936498,0.013198522076333041,0.9841443762515674,0.49270832419938704,0.9684854672181152,0.519944460937663,0.5484244025375853,0.4914079276936036
0.007970541883371398,0.5612563949004182,0.5558295511856697,0.001067251107723005,0.0016220915401482388,0.00071218418461139,0.0026318989252336806,0.00013376188602572158,0.0010128443653113727,0.5815293119841606,0.39325243214839356,0.0007877672774189575,0.00010403616153034352,0.002096086670409309,0.0006223668484471997,0.0012872069316943128,0.0008670531349640612,0.493159950235955,0.9910648935211679,0.44462460908908075,0.5300880671924695,0.49057985777937463
0.0016447623409076597,0.8961629962364517,0.0002756307552527383,0.0008329101009282808,0.00010163720439355952,0.00291216933639104,0.009675033642923552,0.00045079032620769525,0.4500659723967932,0.0004211217906874707,0.00026732746790338844,0.29628138770434814,0.0003202184478138316,0.0068727229663376466,0.002192820149756471,7.219917357463178e-05,0.0005957831450296085,0.0002017031488295018,0.9988316374903231,0.45462460391025605,0.5063618858983435,0.472255910703585
0.5690318485040899,2.470503326866734e-05,0.551865076337857,0.003469738006725079,0.001081822069417522,0.003358856595105931,0.003219204562993429,0.001254993914025185,0.0014532526603287536,0.5857254983683218,0.38353563239981564,0.0010863015067171028,0.0011312859630957309,0.002592674810323851,0.003000315929770808,0.0008347507829076328,0.0028156077837578784,0.48301746609346397,2.921804629091307e-05,0.6272700299319536,0.45870951235552077,0.6254363390835402
9.495435305632307e-05,0.008520814352740047,0.008192108043491218,0.5800529842917375,0.5882596535238614,7.526550310255902e-05,0.0011357549904289152,0.0007305756309709706,0.5855026474201173,0.0002880763720089418,0.00018110329631862567,0.39247818851280486,0.0005629168653101888,0.000875112721095048,5.799295720386932e-05,0.5044038291567863,0.9868392455586557,0.4969207161591545,0.9929060925928999,0.6092187034036832,0.5207493518158058,0.5171903764291333
1.5315955974706163e-05,0.007802156934379173,0.00020056054165318887,0.00024792724551500297,0.0007554080993126264,0.005384216008699787,0.004706129954995301,0.45208145135809175,0.000124580408660467,0.8962187504194824,0.7025067544902757,0.0001753838320061044,0.9848188214341111,0.2875296592392814,0.4003800397018833,0.06139177065831202,0.020355719450789483,0.016853932600495232,0.9987503430060668,0.4878408977131821,0.5602295253602833,0.5082551133285476
6.384693349558788e-05,5.101898966340219e-07,2.141290271987879e-06,4.695021264848226e-05,0.006030016420884711,0.9061517751790273,0.00032907025258150497,0.46219286675663684,0.0003560875365244595,5.721563567110905e-05,3.580743589585356e-05,0.00022285130088111252,0.30026518129642,0.0002311843849140701,0.9957632862379686,0.9916302731260139,0.4034748832088957,0.02198621548322901,0.005087133060406812,0.47181701828497,0.37687485158014905,0.4641992016257716
0.0029407129872992682,8.623501993071109e-07,1.3331414140779552e-07,2.015835982721144e-07,0.4395195090668115,2.0083921861561466e-05,0.9000056730059888,0.0009434022431712956,0.001377252880574472,6.063507451752888e-05,3.854051567439925e-05,0.0008754014943172157,0.0005996405065512331,0.7107964684109429,3.083538391048489e-05,0.9957406568345818,4.3943907671542375e-05,2.9731340211380623e-05,0.00018669354735872945,0.5218396949500925,0.5116959882141177,0.4688833340708324
0.5790859996305757,0.006171300123402185,0.003729212421664723,0.0002695745541966786,0.0026951384744186326,0.00013754146583779656,0.00035513057885823673,0.5852106207087977,0.00046451277103705797,0.5706750471175788,0.385864288195209,0.0003591834693245921,0.5033390106628268,0.00039039827703170034,0.00016026763704283912,0.0029626902920219618,0.0002983992453041385,0.004223125125144262,0.006784462595283954,0.469285576992649,0.4718820105035981,0.4960106025857914
0.002679931434240532,0.45066087960613627,0.0001243081560082778,0.006156975849847057,0.0034921118991273164,0.8482327278487392,0.00014508503491381846,0.00020687843991028945,0.0011307266300199256,0.0001590780464807571,0.00010069548985617693,0.0007157433481142802,0.00013095290118555106,9.183711543548228e-05,0.7041838244792756,0.004932567099708823,0.00904649807877598,0.00018089761218490538,0.9961874655523375,0.4631643634060528,0.48532184425953245,0.4355387246699148
0.007351625394864222,0.40860942250320864,0.7911805061720316,0.004231494614263461,0.0019795150101642855,0.0005998483235596191,0.0013484262835027506,0.00046586109367204655,0.007122262781136488,0.0007246338202911485,0.0004638570011079743,0.004485894617443059,0.00036899956862819413,0.0009262270549830899,0.00045147766762364673,0.001357572454356636,0.002892943923790684,0.6245007975581678,0.9909602291642843,0.46940893497196323,0.4856893883933906,0.5980657349936245
0.002064627977582542,0.5788430953035406,0.5624537484445066,0.00570434787869479,0.002039048961954591,0.0032213107234645958,0.0033167938585587516,0.5780757662177914,7.297428203424569e-05,0.0016488797381098092,0.0010471449664399427,4.63433992584617e-05,0.3912914789867264,0.0025782272185796906,0.002654188773359122,0.0016005322072930985,0.004612203114970887,0.5003250283317316,0.9977131660914978,0.48810866078293197,0.48856265925422493,0.45333895060183993
0.5825892735218443,0.00690083783867822,0.0007596887792350842,0.0009312743249445471,0.0009092500790879767,0.0013775490478706125,0.002093315439278263,0.004179051300300829,0.5868106464953451,0.5792000561826076,0.38793787244872263,0.5000431478065187,0.00453442672811441,0.002271346251707313,0.001584349061253348,0.0009865509820000471,0.0010510400089681904,0.0008491194306501875,0.007487458229717914,0.4774831226214281,0.3972865178714381,0.5301249110660173
0.6010918421224947,0.0009933612955093864,0.0038720218587899474,0.000271249095833311,0.00013096494350578052,0.00012432943178821218,0.6074643780601287,0.6121380058900152,0.0006052681066406117,0.0018971545915580591,0.001146432660830421,0.0003657580942955091,0.3901799115646867,0.4980281063450716,0.0001372576530394062,0.00013917668711342906,0.0002951021138527033,0.004154206404950717,0.0010579064501742771,0.46834783140418657,0.5417144575543467,0.7252953995494152
0.0012050514622281132,0.990600469968776,0.0001844069837964927,0.001645241642359313,0.002610635737348988,7.870126418150217e-06,0.0013874787421365511,0.0005236169466380169,0.00023971371678560994,0.0015955146735129144,0.0010028239453477319,0.0001506665933305965,0.0003291061972695397,0.0008720584050779911,5.24318076147506e-06,0.001674204747358624,0.0010801543515510889,0.00011939193570494489,0.9992298325940345,0.5161111744193468,0.43564394489220426,0.5920599220074719
0.007006947357289758,0.5805073053791412,0.003572980109260728,0.00024951856517008874,0.007734394142457778,0.0009167691723626967,0.0041423370684310614,0.0003221657056026322,0.580704030667504,0.5786919093064176,0.3908058820594382,0.5000431478065187,0.00035323487437497283,0.004541856878290285,0.0010052063610831454,0.008480765634559892,0.00027361332779638836,0.004036236515269409,0.9923163107673973,0.46714748243718335,0.47956981228737167,0.5557332351660245
3.994554316273799e-17,3.2428856897969706e-18,6.314615565802818e-19,1.5385000192306714e-18,9.48814241759956e-19,3.082413176526175e-19,7.037636558482183e-20,3.7330642209238556e-17,0.8950036267073632,0.4465121293980633,0.2946039003297303,1.0,0.47706312986993693,0.001116647762682227,0.005184152471473302,0.015055999869181469,0.02459378810025082,0.01033248572642044,0.051571545298479515,0.5049759172242295,0.48727035242667316,0.5038972140004919
1.543693404015941e-05,5.820041723242496e-07,1.144492117380808e-06,0.001365375033468852,0.44528993184237997,0.004028848694223554,0.002689064652368837,0.9032970844982251,0.00035866274423443487,0.00022615326877217462,0.00014183988588024047,0.00022494768145076883,0.7089205626162642,0.003911923241405185,0.006710188887126378,0.9979735567547692,0.9928785417537016,0.0470804706831669,0.024274806186869224,0.47198569062413986,0.483041059070041,0.6181990633612595
1.1277019692477764e-11,7.175722359687152e-13,3.0926036441810423e-10,1.5274822761324104e-07,1.2370685623890285e-05,0.0006099539488237953,0.8934260230338029,0.45152608567846725,0.00014192407486085022,0.0005382192006008149,0.0003422869112243198,9.025828045336133e-05,0.2979074642216339,0.9995392194743641,0.9875718597198165,0.9919871828571792,0.9987226988727091,0.97727066625225,0.04016871547137033,0.4761548487911116,0.5113896150013527,0.5183349176322911
0.5415471083784793,0.5852512354554903,0.016973834825536414,0.0015595943390511334,0.0019571264355970784,0.003265309273002266,4.64052470122609e-05,0.56777099729178,0.005960744449193353,5.230200009164136e-05,3.314609421513348e-05,0.0037776076672161297,0.3846390826206141,3.659249887975609e-05,0.0029478248577786414,0.0015376687305274075,0.0012545222553931872,0.013464466608910737,0.5284079339639955,0.444865778513411,0.464816711343025,0.5161132337560291
3.1455295837396e-05,5.314245242033652e-07,1.3212547016775203e-07,4.921869924198538e-08,3.397324258664859e-05,1.3662635168222087e-06,0.4587853412566215,7.473831752149511e-05,0.9123821173164928,0.0003320647197834819,0.00020700326008772743,0.703388475422409,0.00010370931821406123,0.9999357211044874,0.01990580979078104,0.5244429162286419,0.0010029195509470446,0.0027543492694541705,0.010754860754095562,0.5233349511699517,0.3590106747887018,0.5285038523621514
0.0010677650542397033,0.8723270919031098,0.00016552126821875414,0.0013412738075117558,0.00046763155199447886,1.4622700940347453e-05,0.4415883018651881,0.0005248816255599811,0.00024029172354152263,0.0015993615780466113,0.0010028239453477319,0.0001506665933305965,0.0003291061972695397,0.2938400409818058,1.1751159237593546e-05,0.0003341118833650272,0.0009811132902538002,0.00011939193570494489,0.9992298325940345,0.516246430118652,0.5096318945795019,0.3776819669339208
1.7142240296711248e-06,6.996242049257313e-06,5.669321553523602e-07,0.01060930158596648,0.5851639510304003,0.5460632326284038,0.005893349624970563,0.5910568577449543,0.0003606611683626254,0.0006078038147300631,0.00038183763717474504,0.00022657635923463377,0.3964485344565955,0.00455794704119195,0.49647966562439183,0.9879955336885297,0.9995829435175727,0.05148420648209229,0.8459869122615868,0.5446858110424104,0.5340426396029553,0.6010286826926239
3.876990547391101e-05,3.392054101252205e-06,0.5644883580318171,0.0008038958727028871,0.5765515932514054,0.0009826903116337028,0.0005081268881581488,0.00015284877422262432,0.5787358591576971,0.00022295977478042399,0.00014155678942231304,0.3916865770486639,0.00011883493200204434,0.00039504820023716317,0.000809818323020154,0.49727858747245357,0.0009154480559012803,0.9999570950968019,0.055168867111836994,0.4663758534788463,0.5280296043423207,0.5281980128971939
0.5822108814796344,0.016632154359541892,0.5608367435506816,0.009450132790832736,0.010854112202993635,0.5813518838982051,0.0019514144895686986,0.0020934765915011284,0.0021702078373592813,0.00012051592571715817,7.629604928110155e-05,0.0013739128050165722,0.0013253391662440698,0.0012354050240899264,0.3924279670893073,0.008421770163027037,0.007333002709626613,0.49743506743952226,0.018181956520225584,0.46262932178957056,0.444087242656997,0.5327235233396365
0.6036387717561279,0.000600893417620391,0.5972478279665416,0.6021739473881063,0.0018686093986380447,0.003282378119307758,2.6569987654605797e-05,7.19462927521368e-05,0.0019055082546337854,5.97282853195624e-05,3.652601848620704e-05,0.0011652882433213984,4.399784812802559e-05,1.6248540944374246e-05,0.002007300279691002,0.00114273081179109,0.39268638104482045,0.49661187646417543,0.0006337242110435182,0.6660037517132085,0.39161787535112963,0.4586103469481298
4.7154203916945385e-07,2.2646361640676424e-08,0.0006707680648333577,0.5780851335491145,0.00022574985162463623,0.5803094479936546,0.0004980701795935692,0.0005584472989125026,0.0007435948136812465,0.5783225163180736,0.39137229138753205,0.000577928066607569,0.00043403012440464085,0.00038710459607895235,0.5012219850392317,0.00024860825560756104,0.9992390269388183,0.999565082422771,0.030551670877701324,0.5489905932107729,0.48333126951148053,0.5042597974281844
0.9174514184970246,0.0021185168940279263,0.453612967058354,0.0008899478786620576,0.001911648098746461,0.003999460061767317,6.604966864084475e-05,0.0007048606143827139,0.00015786042990160497,2.9697731847345977e-05,1.836338572115223e-05,9.761186471809032e-05,0.0004358456694719763,4.084099591581351e-05,0.002621323229241958,0.00118201033359297,0.0005541010245209195,0.29990878168365237,0.0014700982984294782,0.4480080711926803,0.33863846885011956,0.4714186523268979
0.0035466603822633725,0.6129402471690321,0.006818767811292986,0.0041365490879707026,0.00011993804487686353,0.5722365796937827,0.00034939886317416133,0.6114877925606107,0.00021988988605826376,0.0005477569185338715,0.00032985953517622387,0.0001324177848202004,0.3926667873875752,0.0002579350297054529,0.4966341258804263,0.00012455480277016916,0.004325691528917486,0.007295150229083447,0.996316517827087,0.46435316446637526,0.4233531147623735,0.7236298196657537
0.007072295001767597,5.903866015977337e-05,5.8838122017453085e-06,7.609082523757332e-05,0.6053302881375969,0.00018880790784604453,0.0014580008234647945,0.002100489172399168,0.605431167759278,0.607844913275579,0.393041897994951,0.5000431478065187,0.002208999727668608,0.0015333145920877356,0.00021046836646411405,0.9925618730468351,0.006896611848709211,0.0005455996969057633,0.005314523454714004,0.49346162546251615,0.282939185445867,0.5531720685689892
0.00018615557768302806,4.752577781534592e-07,0.0013704289333349587,0.0014145215939104833,1.871524885069975e-05,0.0004466516986689444,0.9167047432961433,0.010801315489830135,0.00037274418934116123,0.4626313361753494,0.29752422457714833,0.00025884185355396893,0.007500847597859517,0.9985404418007361,0.14464841615115046,0.005875516162315547,0.5103819071035518,0.9159529115125615,0.001613826919514106,0.3759219431210136,0.4441051083330008,0.5914266993628141
0.010517200931493912,0.44618241901714994,0.0007898440505796221,0.0007367711330405246,0.8971737113841659,0.009020791229555769,5.5599640558381213e-05,0.0006713970434771156,0.003094238998890087,4.1099291929462314e-05,2.611074649234383e-05,0.001965800067479771,0.00042654656904790307,3.532280624941983e-05,0.00607472666569947,0.7061204809920268,0.001058221035545382,0.0011605946535047991,0.9849973055630226,0.5448248640531035,0.507093683128186,0.4980627980346621
6.0100885240798665e-05,6.461566635519737e-05,1.3975389380817682e-07,0.001416730463217986,2.6261958811763575e-06,0.8518226812636147,0.4568677137766097,0.0006335779223079761,0.00201078842955305,8.98956122425876e-06,5.655604103178694e-06,0.0012650479997965147,0.0003986036337031849,0.2982140844852266,0.9989591320767488,0.0011555599043301112,0.961800236625964,0.001035246090496462,0.5207788789091465,0.5142302447960846,0.39995730753387393,0.4588458006057503
0.43711611209838863,0.0014640397065325329,0.0003584667253629862,0.00397931296614335,0.8770459464267321,0.0035273842376205198,0.0005762472163285941,6.744588553539439e-05,0.0017179910214441198,0.00013485013191260361,8.570402966230173e-05,0.0010918694433723816,4.308365795579745e-05,0.00036601063247089223,0.002628087997530092,0.7032230172167002,0.00587740461927827,0.0005220913498709184,0.0021575240836818536,0.46928350166164784,0.4734686035397775,0.4940437692737532
0.00037190656091788573,0.006665129646336722,4.088110803276785e-05,3.21547562310439e-05,0.0008356471239216334,0.5316489192974038,0.001062643199929362,6.606825481212723e-05,0.5886748054998859,0.5832305366181458,0.3954434998759238,0.5138702557412935,7.463248051890262e-05,0.0012003803828138926,0.9924000290248673,0.07927569726062345,0.003087646409999842,0.0040161143336620835,0.9645156290819192,0.5224787876607955,0.4825152332558306,0.4634210234934972
2.1791574473480715e-08,1.0533952011838809e-11,3.174854392947147e-10,1.7506447108009617e-10,1.0522743906540993e-06,1.119374195449585e-08,0.00013660132194645574,0.5984896927410582,0.6037047751896446,0.6009523212935859,0.3917514866915086,0.5027616176551427,0.9998546926846593,0.9949949844721264,0.007033442636475984,0.9869883594372231,0.005281854896358157,0.009486960963235964,0.0003055598050558106,0.4730805712448293,0.30638118638384976,0.5532978337733537
0.0030250996936575566,0.5831181095558255,0.00020119179737920737,0.0008008133934848864,0.5753743070520859,0.012492509430015956,0.5784765345531699,0.002810464139584681,0.0017217443477491406,0.00018161295553915967,0.00011527937539729393,0.001092882742112658,0.0017839555822538045,0.39138468582801755,0.009707467915316657,0.4957418275415196,0.0008742811534187934,0.0002262762796729548,0.9966974531912444,0.5447550328049049,0.5272281807130518,0.4859821365741217
0.46866180351810655,4.3811805685424096e-05,0.000130187202916887,0.0010199744049505862,0.003225652669163185,0.8787990461605005,0.00015393830247173695,0.00021479822159036076,0.001187437753535149,0.00016516791604790208,0.00010069548985617693,0.000723927566264222,0.00013095290118555106,9.38483969682675e-05,0.7014471205622552,0.004439565056573534,0.0014310811541173758,0.00018089761218490538,5.909151490757127e-05,0.6984590248648803,0.4737727724726783,0.4355387246699148
0.006352328184832305,0.5808930751991207,0.5584520597274653,0.003048295679739776,0.00015147877291548392,0.0037702257498516936,0.0011237807651021598,0.0007228650810959544,0.579322865588005,0.0002850357819934172,0.00018110329631862567,0.39247818851280486,0.0005629168653101888,0.000875112721095048,0.003112041317924366,0.0001203602963283177,0.0024690498568299968,0.4969207161591545,0.9929200609820253,0.46478137920559964,0.5207493518158058,0.5171903764291333
0.0023417979201210467,5.059444618818893e-06,0.575838942044496,0.5706263631394947,0.00868886478191474,0.000361844375447839,0.00650600251371578,0.5861397884108205,0.0003431081808590039,0.011598925015719751,0.007290780819250331,0.00021567818573668934,0.39292416370591343,0.005014945236232681,0.00029564810295062564,0.006697546847412805,0.48985249008896947,0.9974868612701941,0.0013754697589915543,0.5484459057095092,0.5125156119813712,0.6015814621191455
7.667278009558251e-07,2.355157248704216e-05,0.002831352654215436,0.8616929771943869,0.001650845085890054,0.0001971409960820272,0.001113353207957279,0.4614420962423541,0.00037185394685361836,0.000831609674437813,0.0005228656001315946,0.0002337990680874591,0.30290488437074226,0.0008063465114414028,0.00016346197930313934,0.0011912678177828768,0.9979372578989735,0.9946394576549271,0.9795239086795986,0.4398752895954121,0.5041700297520109,0.5943486893368632
0.5571327126369817,4.0451804010687295e-05,0.004926240504302933,0.5749199895111257,0.00025715916397239477,0.5497751152953347,0.003808960399744212,0.00044234665086567736,0.0037963334416205186,0.0006444960695546224,0.0004066198020129932,0.0023951544155461635,0.0002790832731800617,0.0024031103803987767,0.39195977602160037,0.00020277987344535786,0.5171739531512101,0.005702045526003174,4.5449466147113454e-05,0.5284601808911893,0.4447778899768481,0.5720327099116276
0.44958006927727623,0.001093339706722747,0.0043372935945414125,1.884712213055534e-05,0.0005664074987965924,0.0005183544912524227,0.0007873392133603155,0.8953069572585596,0.0015915579807699925,0.003642427958211383,0.0023112617024451166,0.0010099096970733238,0.7019388650269041,0.0011070753957895122,0.0007725659585313678,0.0007963964920849812,2.756452438815518e-05,0.006282351821073395,0.0015373130961362004,0.5232641826645754,0.44778050138693326,0.4963013029507488
0.0005004424137377899,7.173999496019655e-07,6.13803828265163e-08,7.099638737851592e-07,2.934550153790645e-06,0.4228266215070266,0.0009619953682540386,0.0001367229575210861,0.0003154381777563186,0.8963102850082556,0.7048179081746495,0.0004480644877360225,0.00019420762756278132,0.0013313050690079748,0.9992771589816705,0.0037458159215955807,0.0009277716221888086,7.909954473143358e-05,0.0009177069418384934,0.4550361882142989,0.5056751267348619,0.5079438613984183
0.002067584132325176,0.000774591186817319,0.8738291503482507,0.0007395912176050273,0.00046768949741762453,0.001648213743736062,0.4348314694023369,0.0005899580783862119,5.7485943322689475e-05,2.050669339410167e-05,1.3001092694094906e-05,3.644564285661647e-05,0.00037593422249706523,0.29246507982391556,0.0013666918765181668,0.00033750359646809395,0.0005464297319940879,0.9983891548937892,0.2306663916004693,0.46502062078815204,0.5087538045709823,0.5533254453944306
0.0007862555170427988,5.365986755272352e-06,0.0008325965562226078,8.418213760793188e-06,0.0001306702833736508,0.9038365691024065,0.0009373309369795945,0.0009125490871979673,7.516201869346522e-05,0.45446802987724155,0.296602060674374,5.2940501959519826e-05,0.0006427558238369653,0.0006602113354459566,0.9991752718434939,0.07119377753530756,0.0046057950904748735,0.5276570730296238,0.004344798884144074,0.5663436678801912,0.5718781156830044,0.5457801602191368
0.026960760975185454,0.5845435298174775,0.5634543935042645,0.010905597598085851,0.019816667921696635,0.5385549582948275,0.0019074327513651367,0.0020876815896468553,0.0021641991522764414,0.00012018223401957342,7.629604928110155e-05,0.0013739128050165722,0.0013253391662440698,0.0012108993161369023,0.38553247332434526,0.015614147687120555,0.00876149326153736,0.49743506743952226,0.9701593861718979,0.46262932178957056,0.4815097678544467,0.5327235233396365
2.2727318232748525e-07,1.701386424243068e-05,0.695583851695293,0.0010020047505228471,0.0003177822388888848,0.0020315498645823247,0.7265241886873018,0.7192599381564051,0.0009412860448476931,0.005326376289896261,0.0027160894755591802,0.00047999462663822837,0.3908758429337069,0.5044041813688573,0.0019131967789923956,0.00028232835975344875,0.0008964072080123288,0.9999848825095644,0.9914968203133001,0.012805560750437817,0.4467557525259152,0.5908352785676056
0.926123008449153,0.004893869974074296,0.0004489093610391008,0.4723990658016308,0.0005297115506648435,0.0008056434784256911,0.00015554492972338967,0.008556172656699787,0.001175373310885493,0.0002466888884094405,0.00015084245950131177,0.00071870355585521,0.005231891236983319,9.511322925755388e-05,0.0005221801023147348,0.0003238980927797025,0.30207095008648416,0.0003178884969913731,0.0033641705260781807,0.6712250715841653,0.4790622064152014,0.6066599212991655
0.003944337397554375,0.0003943000609121303,2.5483747397225504e-06,0.5742879858827638,6.0956030977337324e-05,0.0026975146185827387,0.577977467513433,0.0006953463689610022,0.5781136820096834,6.521798238292602e-05,4.1463711590070254e-05,0.3918207681716551,0.0005414331922282976,0.49983248625459237,0.003147737755048812,6.710368432377711e-05,0.9956362372030422,0.0004216194974329837,0.06343230863691923,0.49129500884880944,0.5180931814467749,0.46947698392114756
0.0003326067841398263,0.004845305753368974,0.000123140370732102,0.44786951643309514,0.0034105471080706,1.614504768591965e-05,0.002626748644402324,0.00023123128706201555,7.656105404171113e-05,0.9020651802132408,0.7048451129759945,0.00010806897103798568,0.0003263922648531497,0.0037077495673788464,2.4156189175052255e-05,0.004814028866783171,0.9931418972778272,0.01662388610206056,0.9563694024563753,0.42315208772294677,0.5400953650817772,0.5318827661185679
9.885721557600389e-05,7.933413539591193e-07,8.697592390074702e-05,0.0021791673333675225,0.5700727252219446,0.0018109663160539328,0.579743092631305,0.0008658034515551019,0.0001336633781226731,0.5774852181861014,0.39016118245275444,0.00010361538611257382,0.0006711652613908402,0.4989426209064059,0.0021009061442137824,0.9975043169840884,0.9623835577758768,0.4634300773215395,0.005137173763541114,0.46305630857684166,0.4602225145886035,0.5316894891507213
0.5864838438549824,0.013132650442144147,0.004182667393666112,0.00042002921133516837,0.000722114810211291,0.0006258409653587703,0.0003482609939667658,0.5760256696901705,0.5822682926500267,0.001268450952242256,0.0007996311546496751,0.3912256952937852,0.49196505947375346,0.00037529693249124807,0.0007148701269121576,0.0007781458761515379,0.000470803200603994,0.0046431006414812395,0.014152718815155944,0.5192297044559547,0.4250385337906708,0.5622741040013729
0.9026403068318742,0.0005217716709730165,0.0013371199485076159,0.01249920009730784,0.008331635017924582,5.871588755464266e-06,0.0009002244855447624,0.00047141552238214,0.001870018717538104,0.46267087573861654,0.30151748277814694,0.0013187871946467207,0.0003324554165400731,0.0006348579885714495,4.389083516801231e-06,0.005875516162315547,0.008876360150840354,0.0009715075067560002,0.0003680137254681304,0.5144163107165011,0.3864562550003242,0.5357434612834329
4.878352994481466e-06,0.00014530086316611615,0.010783761414351216,0.5915718163128583,0.605082487224118,0.00018412931121581695,0.0032057816459456615,0.5900560943108809,0.0029107027107553017,0.001294995656553019,0.0007972911106260555,0.0017920375781263764,0.3866111619250942,0.0024034397124734932,0.00014632434667229653,0.5049259252438949,0.9881279820540161,0.9916688446026668,0.9786349509945722,0.4442680126394535,0.34250645104498106,0.578205664951759
0.00021044833001922694,0.010705471180781561,0.5713932681608207,0.5801609979434993,0.5950335724903387,0.0040743727479700285,0.004365965033120005,0.0011123575065146434,0.000401000533780547,0.005191413958499337,0.003237808657387809,0.000250100221987363,0.0006937671791641168,0.0027229974282428687,0.0026935434391245593,0.3961899245640757,0.4975423287572932,0.9884203842390987,0.9874874529711504,0.509984410216098,0.4057486937942082,0.39155574368076096
0.4501398305907625,5.890573967824912e-05,0.0023668094873322914,7.899267902032504e-05,0.0004993024861487355,0.0021187946359085344,0.0010252554389536225,0.0010569080826709292,0.9019577934852119,0.00010306447759300915,6.499789936840726e-05,0.7035205293961895,0.0014843180969410252,0.0014398548643097813,0.003154066652370124,0.0007080826834047487,0.00011539001068635918,0.0034240230323943736,8.272082819366089e-05,0.5164746439935134,0.5538834073965853,0.5792892056592869
0.5783820681552831,0.007403064415390983,0.5646359863472356,0.005312302493811769,0.0013221396090917043,0.0019197398680987365,0.0029695600423942513,0.5774799909266862,0.0003937953682955365,2.792113779746866e-05,1.767732410424454e-05,0.0002493181310406159,0.38945271950289884,0.0022965564085973746,0.0015737022202988488,0.0010224683563017796,0.004273304886504389,0.4995341349014074,0.008090743368974949,0.5343682049709149,0.5591270735966819,0.529269457105664
0.0022809831071323146,0.0001176263563088909,0.556403515563618,0.00033701496396086817,0.0004982232415951009,0.0024150806583516076,0.5785925224750103,0.0013700547395890492,0.5846344977908506,0.001410863213642057,0.0008887913034044555,0.3927399241539586,0.0010668965486226693,0.510572139746593,0.0031449876344070704,0.0005569036308672468,0.0003910433663898323,0.997386738615986,0.033188693474432096,0.5250622990843568,0.5859076709724486,0.5505902209392147
0.0002931886276269947,0.008608716598723667,0.9260787785368644,0.0002045657860747855,0.002735498572098801,7.530439256117687e-05,0.0012036817899034752,0.466733449364158,9.748088680078861e-05,0.0019133057870709467,0.0011744909692705252,5.9839128726739304e-05,0.29718312934744984,0.0008274141515865074,5.1764474429163315e-05,0.0018803929927802845,0.00014061977454898385,0.9940787990614958,0.9783269014661783,0.6568449840151269,0.3898248121757451,0.5186493374774462
0.007265304140372381,0.5770906688089797,0.010162793511583782,0.005690722866119191,0.00026373670160872417,0.5701967674444443,0.0014044489377236166,0.0014590413145101739,0.5886257803524677,0.00016302778396294005,0.00010353682132331296,0.3995461875517907,0.0011447709860678314,0.0011019393138630943,0.49608313308450114,0.0002908587080142815,0.0062760431154063046,0.011547239034477047,0.9919858674597687,0.4748661747861002,0.5261998122392334,0.5330967780033006
