obj_0,obj_1,obj_2,obj_3,obj_4,obj_5,obj_6,obj_7,obj_8,obj_9,var_0,var_1,var_2,var_3,var_4,var_5,var_6,var_7,var_8,var_9,var_10,var_11
2.0799468441109976e-07,2.0120122865639723e-08,1.3753608935009703e-05,9.910720102360128e-06,0.4468762907405881,0.8977758948115142,0.0010446413119746681,3.875306280015065e-06,0.0001413873742752875,1.8789868709905903e-05,1.235005667938299e-05,9.043567018925905e-05,2.4601054261766914e-06,0.0006735028841787154,0.7059741010337688,0.9999752871204686,0.39062680706627706,0.9903243918382646,0.059507515502846664,0.5053446521367473,0.48574701023690026,0.4489186762724654
0.0,0.0,0.0,0.0,0.0,0.0,0.0,0.0,0.0,1.0,0.9999,0.1059977636577909,0.9030852221175594,0.18679089187997902,0.9998324745708266,0.45117730397743555,0.5089928271776795,0.235,0.9643848532574981,0.2266,0.9453598444818863,0.6444114311140416
0.9077116407944048,0.007744638702720959,0.00039137551516663473,7.354859478493427e-05,8.150075381027358e-05,6.24346225121497e-05,0.45024013569212507,0.00011162014030324124,0.00016022776955169587,0.0003145688827684297,0.00019727728406971715,0.0001004845039917747,7.000093793809879e-05,0.2954685596871321,4.378687346105357e-05,5.715848436327961e-05,5.1987465127414424e-05,0.0002771450332575003,0.0054314682583231355,0.4886856183141966,0.41152629779368993,0.415337612580612
1.7489107228034108e-05,0.002482121522047455,0.9043741420316147,0.45416218705985856,0.0002690984637632419,0.0015235434249590088,0.00010479321113105014,5.100860385891258e-05,0.0003021318861143786,0.0034567475338621377,0.0021548113766467524,0.00018830259029439296,3.179092515313286e-05,6.591638376616301e-05,0.0009495416787645356,0.00016771479362190776,0.2958139164286494,0.9982695379572024,0.9955143732535581,0.48879768655276845,0.49045910035328333,0.6457611233765989
0.0001132480350655942,0.0017005185833754842,1.219828347364535e-06,5.074678265384323e-05,3.2252182614149736e-05,0.0008544503585293623,0.8887136258116769,0.4479121333258968,0.0008093985296887717,6.508219433660819e-05,4.174887907033674e-05,0.0005139633184604896,0.2948504368190836,0.9986461783002036,0.2957004937859917,0.012040868474996025,0.019099823028120577,0.00046008607860985285,0.9576655241131198,0.4937470408459517,0.4856282646319642,0.45189789264798436
3.0648488592553675e-06,0.0015007903829123534,7.124323718072901e-06,0.5806174064189362,0.00030908061892990954,0.0006208655526029687,0.589171193509727,7.627466553290545e-05,0.5918536291633276,1.5773113402086976e-05,1.018285651350848e-05,0.3941179625566973,5.801783123161892e-05,0.5070882029752064,0.0006754313559063751,0.00034117547366756577,0.9983673908032793,0.003116170377915786,0.9986585028697585,0.40494925871731435,0.6362805359020002,0.4920495610060801
0.4598384726091365,0.0031445612583959116,0.0001307604087986405,0.001594369296067375,0.00010168196443772505,0.0005298567472801086,5.2224168062232e-05,0.00037186243702328506,0.9127933491888064,2.0190187085137192e-05,1.298977191666574e-05,0.7029091317312455,0.0005148096606636815,7.296868118504442e-05,0.0007335375341764368,0.00014076951919549932,0.0022246397585892197,0.0001827839196795189,0.00435333925066337,0.5049780544828784,0.38176138253546427,0.4101282481648972
0.5681344866883724,0.00036359774562850106,0.5599283715461902,0.0036558535762099614,0.00023205624938130775,0.0012246869028137417,3.66931308902866e-05,0.5738866959532253,0.00023927218681458326,5.8816719728022075e-05,3.774842367497842e-05,0.00015299992754689125,0.38773364476361494,2.8834441717715914e-05,0.000947600298922038,0.00018218637871782024,0.0028509884861031,0.49514954091742175,0.00039484700966380126,0.5394484535566944,0.5398134272503713,0.4995161260291003
0.002754248458919794,0.5823984234866293,8.549206566790723e-05,0.0002956658565278276,0.0012624922549543123,0.0007908800603657532,0.5748983292569018,0.0005468002009976561,0.5826680301097537,3.1073717694641834e-05,2.0052075214475975e-05,0.3925280272454116,0.00042343558779114605,0.4988077991199549,0.0008645139966707365,0.0013800390133246318,0.0003257389543430689,9.435904644548333e-05,0.9969893143935693,0.5200689894654232,0.4888854533346259,0.4156553838452167
0.00014508188059321516,0.0005749818443252638,1.053636043086181e-05,0.44459294227414253,0.0014407470219037406,0.000468577945496889,0.00040438571649329064,0.006128431100696801,0.8908756945636231,0.0007522764523860278,0.00047776996559690697,0.7052179509854462,0.008706260100341576,0.0005798367872623815,0.0006657186813882659,0.0020469060592046657,0.9991573823075528,0.01142009911386178,0.8426481028899498,0.5273909709884044,0.5327420388909844,0.46182329325880744
0.0007145881293602767,0.00010851015981856308,0.9982572512775492,0.0002590389398261375,0.0002904299189620873,0.00010293223094096229,0.00015841627261836466,6.300215877765706e-05,2.191258900762874e-05,2.391832313901814e-05,1.5106852374601725e-05,1.3840026428470607e-05,3.9792263344669504e-05,0.00010098189081274864,6.501205665458389e-05,0.00018343597491605746,0.00016489724945609622,0.9995434940987961,0.09593654203014013,0.49449011219129774,0.5542198055745072,0.4294668322540331
0.002547838050428793,0.6114505590754815,0.0014350378188734525,0.0026422431395215396,0.00010979198954115581,0.6037480577711282,9.483044341127312e-05,0.607765481036665,0.00023955111832927665,5.464089063083259e-06,3.3050004711627915e-06,0.00014489452068732758,0.3918994306258993,7.02558250810191e-05,0.4959582415640457,0.0001143089948309195,0.002750957532038442,0.0014940927401326132,0.9973473003365844,0.5678457616317814,0.2830832080918979,0.47077008871418397
0.00491232218167527,6.26901567625046e-05,0.587620684976739,0.5847342825925993,0.0004928025744228468,0.0006969672941828263,0.0020688386799387285,0.5836098760659493,2.0384169840486432e-05,0.00029077641565846383,0.00018258964101686484,1.2800000809831788e-05,0.3905028307668064,0.0015887389612234868,0.0005352285486971697,0.0003784425561774855,0.4984214865707111,0.9946777516595235,0.008123984022443076,0.43987177300437713,0.5961917599317473,0.46906209554253797
0.0006989510795735975,0.45162137580161993,0.000923012377072888,0.003884154425937917,8.201865295449336e-05,0.00021905570113406764,0.001052084494987363,0.0010814988228637897,0.8982706016830789,7.664645243432015e-06,5.2422977433283715e-06,0.7053470026208493,0.0015166176598360726,0.001496758480638117,0.00030878438133235956,0.00011561477687312073,0.005518347384467227,0.0013137462318734555,0.9989833784634548,0.587919417358261,0.5485106724653259,0.46229084834972367
0.4622110640093473,0.007667497192280341,0.00019168126321983988,0.9155717290606027,0.0006068054194181817,0.00048316004424111327,0.00011923622757239883,0.00035773654955396103,0.00019578075498793003,0.009109266639437088,0.005619081539918858,0.00012167823466197047,0.0002206605980014582,7.422841974166067e-05,0.00029802435789549024,0.00037429207364955854,0.7043465240100322,0.000266537139643421,0.010559625801056186,0.40475486058151805,0.43717429603745894,0.6382508289975413
0.0037263132116020373,0.0009798603342334265,0.577160135677609,0.0005532443395479948,0.0019441393689264921,0.0006049343417629144,0.002879195651485391,0.5822518222895375,0.0004615209838722063,0.578206341041416,0.3895995045135086,0.00035665379661904256,0.4997086610922814,0.003174280067133533,0.0006608224495702876,0.0021237604880439023,0.0006091187670841943,0.9957910090679176,0.16369576142285777,0.5633917221776034,0.5478350583671692,0.5127067033547377
0.00012649511499629638,0.5744152906862505,0.0004991833725373101,0.0002742110007805275,0.0017339423383660288,0.5878145269538037,0.00020106908515430644,3.400578422883358e-05,0.0010225698823451942,0.5833679153493245,0.39001697289935455,0.0007902683813942507,2.6666399241135653e-05,0.00015764365497172124,0.5033189784258719,0.0019184228002329265,0.0003541430342854046,0.00056118855367383,0.9998504446198916,0.4976743087613884,0.5008255595433531,0.3795859807829001
0.0015611405716081494,3.3661550065907065e-06,0.846998510073394,0.0006600003426148895,0.0018071594033895646,0.0005901264308980032,0.003464312948308642,0.43234254903749536,1.0716855876206049e-05,1.585310534367564e-05,1.0806854336495352e-05,6.842965595178752e-06,0.28934363995225487,0.002606520939284825,0.0004161647808298922,0.0013228508359141846,0.0005625550056526127,0.9987110552079883,0.0012027043898288348,0.4398730353412768,0.5768938087424994,0.4483189956036703
0.6150806402426707,0.0024835934638321833,0.002514867640654606,0.00018906833510589336,7.366142341277633e-05,0.6124982466102096,0.6004354784337512,0.00011094105027295285,0.0006042343936957596,2.654222705229024e-05,1.600929340552512e-05,0.0003644519431525917,6.691556498721984e-05,0.3852466813384549,0.49865550548176696,7.623966494598036e-05,0.00019568596625527145,0.002602898526711874,0.0025705509317080415,0.3043576657815682,0.5830393857149774,0.398525173103721
8.19546990624198e-06,0.0008129541169342813,7.531654925518969e-05,8.18744762175057e-07,2.744774621870452e-06,1.4081232662388976e-05,0.5827280931105427,1.4591836145670568e-05,0.581463834011323,0.579498244930263,0.3904849545958308,0.49930834772151284,1.594129816670531e-05,0.9991078766440746,0.010978203973110334,0.0021401350568690525,0.0006383880296031274,0.0588091108812544,0.9935823912533921,0.5695572485402627,0.5083202742557272,0.5426088607186842
0.5785598287992729,0.0049263528341032545,0.5781499804038605,0.00021939677937389852,0.006282123377058182,0.0008200597515040646,9.931664594424222e-05,0.000493839044271653,9.288154827870995e-06,0.5824049146480524,0.3939095585798118,7.2290370600123115e-06,0.00038435845561770893,7.80141974035874e-05,0.0006382585537368483,0.004889471907167764,0.000172107410529489,0.49976265729167924,0.005420586137562744,0.5118639882435184,0.5552097577560099,0.46958453039018944
0.0001173865101683285,1.8551475110672026e-05,1.7722667714182304e-07,2.287790832733015e-06,1.5722626115179447e-06,0.5792129581166486,0.5728177612621603,0.5825417846085017,0.00016102621995352283,0.0011877527272868818,0.000753164637447401,0.00010282509212378472,0.39383234525842026,0.4993985930149676,0.9998693426421682,0.008420273977072845,0.012350243481130146,0.0009585881536223956,0.0997834065835764,0.5426305639498361,0.5245014766947208,0.45413812230664075
0.0004666128064227656,0.0037889694094768605,0.5667409343773905,0.002903421958180623,0.5887186409083786,0.0009943460225454522,0.011341220640370688,1.8581385641108827e-06,0.575200339984968,2.2993029776000965e-05,1.4948258473259538e-05,0.39017154766578066,1.4274926796528105e-06,0.008841816899801042,0.0007681474319315503,0.49817199266359236,0.003187864603317797,0.9958393346900886,0.9195338364600645,0.4791077398217971,0.5151049765207822,0.417086812251424
9.06029196234829e-07,3.12292654944129e-05,0.0019945260634153675,0.5715514847298729,0.0008895807278969084,0.0007755775031530757,0.0006543121840946872,5.080360917738941e-05,0.5825834237155489,0.5791048742947075,0.3905608942016084,0.505991231085896,5.585480091204694e-05,0.0007297949828690697,0.0008571172400029337,0.0009831068907790712,0.9977741535930938,0.9901244259302591,0.9809481072426124,0.42597692787450825,0.5144354395810756,0.513484300002066
3.6070098086851285e-06,0.0011538582515728162,0.0010034582070254764,0.0014639001458069379,0.0018065005500805442,0.5832592724730525,0.00011750806914121195,0.5788730223140585,0.5809434130439909,6.95463976694798e-05,4.422262905818533e-05,0.39321310120083086,0.49933366870424317,0.00013025900489314419,0.99692475088569,0.45094076920736315,0.48436654482222646,0.46537175994229835,0.9978788882898307,0.5218161099631837,0.4016137811101385,0.5242413018467111
8.918836735179338e-05,0.0016570642713398794,0.5824279303946135,0.0034080134237907023,0.005216103311150666,0.5866990642831018,0.0002322370733183119,0.5882055608339165,2.3198822213840385e-05,7.260323426537863e-06,4.956590453991667e-06,1.4619442017612118e-05,0.39223423863985285,0.00017962132393408423,0.49923188510008676,0.005646365417134855,0.0037182916494966933,0.9982036076860428,0.9657677710981807,0.5432826102489787,0.566673029745042,0.39247878732049724
6.253091548071962e-12,6.152912631254445e-08,1.677637723298033e-06,1.6767669335068018e-09,4.388337140491883e-06,4.753783909556269e-06,0.4526455344594353,3.459686676894529e-05,5.726256643269583e-05,0.9021602371303254,0.7015926403155153,7.979803048428258e-05,4.821233000604219e-05,0.9999906857106139,0.5037245865912806,0.7673957530736693,0.0006408690446112223,0.9766617771648921,0.9999353014160958,0.5450057082233454,0.5085944806660292,0.5955661406724306
2.0511595459157087e-07,1.1960069124780696e-08,8.193708275494796e-06,0.00029020443429619283,0.00014848720706314426,1.1751166995902177e-06,0.4491942688380029,6.816511206935763e-05,0.8980199611435105,0.0011379204378745996,0.0007162147879978265,0.7043062585154909,9.572105137941543e-05,0.9995392253699655,0.0022799119450838397,0.2989575448477763,0.9819920732232174,0.9841930250639509,0.03707813361407881,0.5757665491654591,0.49895787268841363,0.5794276745618449
4.997109545984669e-08,9.208408741049175e-06,0.0016922967425584033,1.6270655906019302e-06,0.5775281561885839,0.004795535361789661,0.5830102577257261,1.9489469567405256e-05,0.00013779404433055586,0.5804054070082453,0.390487791275821,0.00010720281634882972,1.5048538824380278e-05,0.5059269401661155,0.005286056522556564,0.9981164232265876,0.0006109604789734588,0.9965692641848413,0.9965452613960498,0.5543025819665077,0.559877526190375,0.5419394513890678
1.68827815525493e-05,0.004240575928520928,1.7630677288614138e-05,0.9001984320301649,0.0002622571172738898,0.0002640711269348419,0.000574677119670528,0.44828957634662203,7.603278316621385e-06,9.019347402714647e-05,5.7096148545407715e-05,4.813185366774227e-06,0.2941396993102131,0.0004064067030090694,0.0001867488516629752,0.00018546600742546748,0.9970010398332212,0.002646782967758358,0.9974654726280974,0.4801182071254755,0.4285498531935656,0.4876218039163845
1.4916320805962477e-05,0.5853843498487699,0.0027309523883469237,0.0030038581344994865,0.5841205861882539,0.0039016727007344467,0.00010298203501953523,0.0001594038489179115,0.5813966760986776,4.7342139488328265e-05,3.0085922164329335e-05,0.3879256334251892,0.0001231789520819849,8.04504895225433e-05,0.002987253968919677,0.5039782718791923,0.0036673188554865706,0.0030625181557635776,0.9999827097483776,0.5403485428683783,0.6135953792215564,0.46402224047105667
0.0007960473964005838,1.5724525437990112e-05,0.000800841588970057,9.318155621731795e-08,5.295053648888709e-05,0.000889173690465658,0.00047447076186730747,0.8960343574573949,9.942432886763654e-06,0.4493221160905354,0.29590855149810424,7.117523872684443e-06,0.9989033789699574,0.2021315744748211,0.4147654117144406,0.02892061559332803,5.1329962849431176e-05,0.5016360368243462,0.012185587158602046,0.48036900433739005,0.5446807781776876,0.4997077332076053
0.5635723235965697,0.009153361747603884,0.02312138109501435,0.5693391413765456,0.002227168385298786,0.0023610958052233707,0.007296175468023856,0.00019120294993630715,0.00011805328784477245,0.5840197296714116,0.3899542984463985,9.111383156180887e-05,0.00014726220790790872,0.005676101180351417,0.001808647334876401,0.0017310789427467358,0.4851830239893699,0.02525177845987387,0.009700348047698926,0.5717888806083912,0.5008342365270866,0.3969121293525373
0.595499508179496,0.5889585442814173,0.006752411775572743,0.003408037745327891,2.1670313243814477e-05,0.5898199968318324,0.00045025097980442864,0.00021226134162260796,0.00045462952261585436,4.575953431204639e-05,2.8850331380183137e-05,0.0002846723349546707,0.0001319098200354828,0.0002823978605875847,0.3905909724347996,1.6471073569566128e-05,0.002610765302491483,0.005182253973504553,0.49648071141901523,0.4115690187549037,0.5358999587240176,0.37630407329025917
0.578791184142251,0.009150846947694956,0.00029675689086107774,0.0005299389610972338,0.00017928468545896567,0.0011680579438359076,0.00037184013412736467,0.5850935293935576,0.5812889119739041,3.099412866967343e-05,1.9951603724711322e-05,0.3937368693508383,0.5034093425389269,0.0004127274257818282,0.0012846077913438725,0.00019717430941113999,0.0005874062472681427,0.0003295359299730307,0.010064177187073864,0.42395906409920114,0.5662652918651578,0.49869888272634866
1.8578933306272802e-06,4.46211595206982e-05,0.4546876952272746,0.006604977104752594,0.9176713814376328,0.003944893141712102,0.0002839723879207284,0.0006244391374358859,0.00028673088416307567,0.005799348323869287,0.0035979079885886667,0.00017788934316925726,0.00038740533355659734,0.00017780834808666247,0.002447434996139092,0.7046591616083498,0.009230359824354661,0.9999380728274999,0.9735079933783947,0.6267793060539825,0.5994808122228776,0.5135016137262767
0.002850507696717227,0.5764108297192767,0.01159237434916231,0.0037086776091433374,0.5768350157874618,0.0065477647515554465,0.000447434122454674,0.5767455793733084,0.00044799705891406156,0.0007180904308798626,0.0004550198385404388,0.00028576299925204814,0.3912943834424237,0.00035212106075490913,0.005073806982875011,0.5048125848112098,0.0041276160384077455,0.013199828106550193,0.996644506901515,0.5706837888477092,0.49816356055445765,0.524749144313542
0.00031372298852701,1.9869988386614628e-05,0.9043289844899458,0.0007051579110475786,0.0001462656999846375,0.007206161796938287,0.00032064307794899113,9.842279556409626e-05,0.001229441171508667,0.45667572345112845,0.2952277039580519,0.0008571427887900578,6.861852325890493e-05,0.00022561503861487554,0.0050240449713923685,0.00010197686407825704,0.000495508114615545,0.9997808344710963,0.04026670561873891,0.5362942017199391,0.48079545488847714,0.36115500763060276
1.925341953180776e-05,0.005175091824021699,0.4478611836150532,9.613215053116316e-05,0.0011804576883712183,0.9143333165871873,0.0003383305308712109,5.932578444940183e-05,6.984716469850194e-06,3.5803146888954444e-06,2.6493135672822483e-06,4.392241283412231e-06,3.7025374065060955e-05,0.00021310697682679113,0.7075878595237441,0.001636291680912155,0.00013639462608971975,0.9927148061165447,0.9975561594737044,0.5409742349239641,0.6103877005018042,0.5786842428106873
1.9660118218711334e-07,3.1133407164635974e-10,1.1030695704921156e-08,4.694712589525143e-06,1.2062268020156557e-06,1.1811523268607332e-06,3.504658712266363e-06,3.1493268008511367e-06,0.9999860559795566,0.0,4.199703837153685e-07,0.9999956358976038,0.30140858793228986,0.39030334221021745,0.15097192583905505,0.15877466030162424,0.9735214557520878,0.03602719456550307,0.0010081269735303724,0.5621834523295856,0.526504328286024,0.5547751124370931
0.0006770749262065845,3.8664324768606594e-05,1.5595176077999973e-06,0.5919927457020967,0.00011604363197754404,0.00012722611635616733,0.0003835106532091357,0.5915676059410337,0.582012756511026,9.330225619093982e-06,6.210076878117177e-06,0.38792628645923966,0.49727607969851817,0.00041558627816664197,0.0001357479514711744,0.0001238168713578092,0.9992534616026686,0.0014630963043646221,0.03519587716680889,0.6030285292371654,0.6127966100796155,0.46423352904102017
0.000450591383098377,0.5886126581489692,0.5704004060700263,0.00046980116632942137,0.00029266471525271815,0.0009222670903598777,0.00026143044170849947,0.0004990262514644977,1.4836826845029042e-06,0.5786200253960921,0.3868321336898748,1.143788053384917e-06,0.0003797300664624022,0.00020187371278713702,0.0007056311144017928,0.00022099935949661264,0.0003622800714024707,0.49976265729167924,0.9994971339118883,0.5117927689313458,0.5536968869801412,0.3977614190925346
6.581692415871868e-09,5.257486329018184e-07,0.00011502857666607783,0.5792101266954469,0.0009014941983097284,0.5792568029057895,0.008463029218539642,0.0005016190741302462,0.0001232210356484517,0.5854355608292172,0.39382826834683415,9.610485773732968e-05,0.00038828724499664663,0.006611700550826521,0.4975290866135654,0.0009831068907790712,0.9998733417163775,0.9971180425281317,0.9917771464230657,0.5223674415033458,0.5902936803173903,0.4705495498148413
0.001250283045914437,0.4426774585932775,0.00038646914549612835,0.8946203490408979,0.000565766567311155,0.00017808399874900296,0.00024649833090043964,0.0001574243608346193,1.6200106843200087e-05,0.0005563992122695873,0.0003530610674423646,1.0345324829301149e-05,9.977385553481576e-05,0.00015767371466641052,0.00011286751663555443,0.00035857644109687104,0.7094589779628078,0.00056118855367383,0.9982019367955479,0.49904810136443345,0.43479574264241433,0.48540452118139593
0.8783573187125736,0.45437757246468446,0.0015952966969600356,0.0014997538226802587,0.00034872231757701957,0.000880601098901303,4.735619165965908e-05,7.607268372866475e-05,0.00015812563840009392,0.00029018016427648864,0.00018263597209810405,0.00010004805453986845,4.752304532483955e-05,3.0012496581676166e-05,0.0005529724213163001,0.00021897978304396848,0.0009491849114870067,0.001011470087693445,0.2958528757885588,0.5074943617508877,0.5507301833270537,0.3942816724257693
0.612577553218514,0.0015651742979348033,0.0003359866876616143,0.000883743145364285,0.6074535226069825,0.0009367766627468572,0.0059948873475711584,0.5965633069668355,3.453771991815777e-06,0.0010153637785416817,0.00061667386559735,2.1121504903225786e-06,0.38515044184968866,0.004464735022478512,0.0006912842692207351,0.49732736722777016,0.0009256616265575137,0.0003525637916295529,0.0016265812255558362,0.4455335516965513,0.5450179762591792,0.2904827425694508
0.0014868887054877127,3.617022131446384e-05,0.001524096448594891,9.833178497981319e-07,0.001716428598834726,0.0008392134890036106,0.5824077430463895,0.5900700070878963,4.937112861138504e-06,0.5909554239612311,0.3936752015591073,3.812737429218524e-06,0.49948632925876646,0.9968612838719377,0.18703063824194321,0.41823517305155156,0.0002872450332753833,0.5075634659522824,0.015005599680175175,0.5415807840663153,0.40594448581917225,0.406149453538415
0.9063558130143626,4.6815177103552945e-05,0.0005017448156644001,0.43902755298536533,0.0011741974086924652,0.004573074984055568,0.0005522804211297858,0.0013920857137057648,3.401708442627188e-05,0.0032631449588026128,0.0020600732657656594,2.1634050449261227e-05,0.0008786692469531826,0.0003518194841581629,0.0028864818964111083,0.000741148239450623,0.28913162792527203,0.0003558461751634778,3.28823628433456e-05,0.503146303745569,0.5653782773176622,0.43423855492188335
9.565156943869405e-08,7.987329762063069e-06,0.0002973907286433071,0.00031444971127193193,0.45410435197297677,1.3232072516148071e-05,0.9002894060131434,2.472819955632578e-06,0.00027005324685777616,4.24453610456316e-07,6.825964645965229e-07,0.00017053475251947617,1.5497961075225578e-06,0.704948548936103,1.855035346604131e-05,0.999387842620139,0.517062431305219,0.9830688354336222,0.9921339688366009,0.5156109750967415,0.40881174294269995,0.4150500468764011
1.8135708360685872e-05,0.00032375920113948345,0.43925538291021154,0.00026404604559188767,0.00029593939923168303,0.0011766312257790335,6.067684863437708e-05,0.0002662615575510707,0.894905240981425,0.0007727122383845748,0.00048793702727036693,0.7036795690015724,0.0003784404186295378,8.718504063371947e-05,0.0016569597040839896,0.0004220955049965129,0.00039485039060623256,0.9995441357090935,0.9620360813484808,0.570326822423073,0.5598309464357455,0.5226251963952333
8.211629960145348e-06,4.182626123088822e-05,1.04709278135221e-06,2.700822304157893e-07,0.0028783670186230555,6.963957739113811e-06,0.578520518053395,0.5829397851491113,0.5771435911691631,0.0005788181473986129,0.00036547220116514567,0.39085337716323554,0.49948632925876646,0.9968612838719377,0.0015400726744580762,0.9905703004256221,0.004064329590732274,0.015787653905125352,0.8765825516694965,0.522897463387769,0.40704777022392713,0.5155580300071938
0.0015765914120138616,0.4453873654304774,0.000439595411636767,0.003710016648065557,0.0010779174173716345,0.8987689895893735,0.0006101031607570618,5.777896541404591e-05,6.878233336931451e-06,7.1414429867447976e-06,4.947251491815158e-06,4.392241283412231e-06,3.7025374065060955e-05,0.0003952410296819563,0.7075878595237441,0.00156349423800108,0.006281738932927494,0.000647927571981656,0.9975561594737044,0.5409742349239641,0.5429040084613967,0.4686375842993408
0.0005177821394965156,0.005630096690579903,1.612699266262885e-05,0.8557094347837696,0.4220587842614439,0.007940143728067707,0.0015157237450614581,0.007594470800258511,0.0016439070385392879,0.0026158863496282907,0.0016556603463474752,0.001048097391773819,0.004858996012272317,0.0009804095753556219,0.00503353217297765,0.2799290798081009,0.9960442375562324,0.0018713805286800778,0.9377957753883344,0.5158608719758674,0.5659156380450915,0.46130983942030457
5.136947868790011e-05,0.5896182272957218,0.0009026895526329195,0.0036900032052323366,0.5889679500933674,0.0026463786832812528,0.5898148375606824,1.694732320246956e-05,0.0035739885361262217,0.0002978394913827149,0.00018513759302367141,0.002221602473380768,1.053455159849599e-05,0.39485980202121035,0.0020215439282217137,0.4996481245285069,0.004015532776897455,0.000984124289714971,0.999944534877544,0.5074954829852268,0.40260216913716246,0.6209026515502579
0.5818534950490006,0.0029991614374440985,0.0020466996583878255,0.0009317223133112504,0.0016477846767742326,0.00035811808120545733,0.5784332445090903,0.581555767435421,0.00012484022777695098,4.779522703679705e-05,3.058292017580886e-05,7.938387600955565e-05,0.39117237013810247,0.5010503173156721,0.00039181849100979895,0.0018028522991889722,0.001027431874078532,0.0022610546172001887,0.003281386759863068,0.4592947079993876,0.5158269703875618,0.4172810624706843
0.0011701696120208997,0.46051012665810503,0.00021058930833706203,0.0006146516518724517,0.0004646414117022745,0.00027429962122885285,2.1782450085487712e-05,0.002011059541544929,0.0003517301748259522,0.9189162747320041,0.7042674391522756,0.0004899608575076453,0.002795558969379074,3.0584798631489056e-05,0.00037922544005564163,0.0006517966606438719,0.0008564574363990579,0.00030018693963191625,0.9982758348815151,0.569510249264831,0.6511046813201853,0.5131209428325173
0.9986777612481571,5.748493532940394e-05,0.0003840139114984164,0.000282786807111512,3.5175867067723435e-05,8.562854869218701e-05,5.852333450479154e-05,9.358049994634163e-05,0.00032255608504425006,2.4887626481022884e-06,1.9482584188295165e-06,0.0002007927321185524,5.781582035374545e-05,3.649142205053128e-05,5.2902860275915624e-05,2.173228159404962e-05,0.00017608626483599774,0.00023954810922531474,3.55141671470957e-05,0.6614709865164129,0.5649703731270093,0.5116588068349859
3.3528772158173164e-05,0.0004230474871489056,0.5769582979298379,0.00017879772505772012,0.5792049424449651,0.5782244602829507,1.1010021152604433e-05,1.81944558446655e-05,2.1240188297414417e-05,6.715666672416018e-05,4.297930708072737e-05,1.3562281050070102e-05,1.153007177023054e-05,7.041765930525251e-06,0.39045023998023887,0.49816260735522755,0.00019692844484820718,0.9995362527033532,0.9496491482183671,0.5226763939559118,0.4371249794578611,0.4891428517662476
0.0005968363492347262,0.5811471936759356,0.0015582047213478919,0.00017331132358642891,2.915758437505914e-05,0.5784004123533731,0.5767379022972643,9.345262933185234e-05,0.00042755837271856866,0.0031021150054568393,0.0019644617762696317,0.00027275382730500525,5.884560458983902e-05,0.39302453763562095,0.4985081632685531,3.152587058080988e-05,0.0001913604381960747,0.0017601238410125397,0.9993253661750642,0.4956367615996716,0.4537976001987737,0.44203672470434885
0.000414597002966031,1.8731538343655262e-05,0.00012454762386970186,2.446922811653984e-07,0.9070922344092884,0.00028518289271964293,0.0005880475991930618,0.0011405104379962545,3.291356886996238e-05,0.4522940643317908,0.294463638624231,2.3099534329121968e-05,0.0008004378418862161,0.00041652548932328453,0.00020014808923389277,0.9996956522881242,0.00036204637053957123,0.1873063899415559,0.02874263515649156,0.5427188016139307,0.4839807432371268,0.39266939638411813
0.001357187933287003,0.5797436658269923,0.5742880736364562,0.5818776399332171,0.00018825574654713942,0.0012465428322787895,0.00015260453670243253,0.00024209132864557546,2.7346446257145734e-05,7.51162207403309e-06,5.163377637787297e-06,1.7400396489642953e-05,0.0001528818916194623,9.726235049404793e-05,0.000787196906964206,0.00011888443909109631,0.3952608915128107,0.5000701434572348,0.998509649703045,0.5607813688619305,0.5436145604220359,0.5500191150629761
2.1536396307304222e-05,0.0040056900831731915,0.44710294781151383,0.8968068513640907,0.0027498972086024854,0.0013320331040417325,0.0005489503932118246,0.00020060010504586756,0.0003713056074588107,7.039938203894438e-06,4.472405219960696e-06,0.0002358868965791262,0.00012743933235511882,0.0003487429681275494,0.000846228306526395,0.0017469874750563053,0.7055615310780357,0.9942964586829524,0.9965772779905181,0.5427063441855987,0.492976119369736,0.5148108781104255
0.00013689297954908326,0.9037638672019768,0.0010221127479309391,0.00017795893740926377,0.0028693532124620166,0.00036998944423447346,0.0009138881771034449,0.0002067504979830197,0.4460258511939559,6.079414566602814e-06,4.25429733997281e-06,0.293814736265345,0.0001472810040015753,0.0006581461434509368,0.00026113897007381333,0.0020511685635832178,0.00014849914689044064,0.0007424345628073894,0.9998954269125603,0.5551806905224567,0.5438140245992761,0.565053843999237
1.148625579275027e-05,0.00018018673689809402,2.4213934269463137e-05,0.9987496199011738,0.00025225465611958665,0.00016427961417805033,0.00024282931461394068,0.00025090094982320015,6.4868057002110715e-06,0.00011774183143077869,7.446446195394796e-05,4.102505108731387e-06,0.0001586793948760434,0.00015499578498983236,0.00010389674214533048,0.00015953551813817677,0.9998847898480048,0.08487088544485888,0.9594725605294511,0.523137008069729,0.5737932760081241,0.52511285335075
0.001140653126076632,0.4379596639054731,0.8855461783696307,0.001111592513725176,0.001526608896305809,0.0028641722282321132,4.897373616931229e-05,0.0043056132168456,0.00025824253255158177,0.00031148589466573247,0.00019623113508141903,0.000163573508145088,0.0026919596905293774,3.107215158877803e-05,0.0018005496100725413,0.0009471843678443749,0.0007043076715738832,0.715295949803556,0.9982891277184981,0.5354533210124539,0.4848425039970298,0.3941593091837505
0.0027302099321655894,0.901437915658957,0.002449722065665628,0.00047703504814175214,0.001702886586057269,3.399578314286668e-05,5.807726176260079e-06,0.44913496880758264,0.0005694281937158437,0.0007524002762354452,0.0004755974006107604,0.0003599395722333896,0.29426908884657216,4.10153103652509e-06,2.400849411192705e-05,0.0012026128869613833,0.0003368921984078614,0.0017300476102426869,0.9980718579940902,0.5611690589369902,0.5524481390476127,0.5254373274771615
2.4456174500045434e-06,8.118238459003542e-05,1.6283073574186248e-07,0.0013303763401300225,0.8985215053959797,0.00014051121984219792,0.00011817610202517921,0.4492900308817273,3.459173511471262e-05,8.229640689296145e-06,5.2152070738476345e-06,2.1921133131019076e-05,0.29518357972784126,8.450479950989091e-05,9.955464556349829e-05,0.9990482425930766,0.9614857451403613,0.001288723628900701,0.980827395551547,0.5182800802670117,0.49308624897422676,0.4351200982203194
1.7649819824468934e-06,0.0003243636656254361,4.787467047382874e-07,4.5601382136173374e-07,1.547631239699163e-07,0.8983951449300182,1.264781025008366e-05,3.7396986702023864e-05,0.0014699968214713693,0.44947683993898807,0.2953260220422377,0.001049568778051485,2.6500256199743638e-05,9.045431657825497e-06,0.9997701501737414,0.0003037501695908268,0.0009020543942524217,0.0009487462605175482,0.9965359116120455,0.5460617282844922,0.5159535735140397,0.5467364990193574
6.046286678840287e-06,0.00015984705321981098,8.762770514373013e-08,7.657717478944542e-07,9.358683705727634e-07,0.8959559006131128,7.816745491127864e-06,0.4497250160824514,8.091026959333877e-06,4.464365560584971e-05,2.8350432814098293e-05,5.1381119513872514e-06,0.2961599664229811,5.605581181892933e-06,0.999886338477304,0.003724586084612763,0.003071668957022461,0.0003521349000689967,0.9759307355437599,0.527042820411422,0.48925174595196974,0.45946038652034366
0.0006356645278933991,0.0025579630093806945,0.5696241746433578,0.0008002030713384651,0.0005258511765367145,0.5743270046054527,0.00011771653926187553,9.49931527953298e-05,0.5729704945147103,0.00018242588043898756,0.00011609062172466037,0.38999266157851514,7.361852618451397e-05,9.265239343041887e-05,0.49287786740482675,0.0005783457092621369,0.0008741943134469303,0.9971319376035911,0.8351666575768044,0.5074866600062804,0.5304827456514288,0.44477950016883544
0.5857416936802907,0.00027999283873424206,0.0023246233371701556,0.0022297427590794593,7.887963508823481e-05,0.006811101758568331,0.00290342943322274,0.5865380095321141,0.0006352059317480864,0.5902685478209254,0.39392196954405584,0.0004878192117476929,0.5004040460868326,0.0031845554368144097,0.007402307512353379,8.573040050871691e-05,0.0024424797528347086,0.0025510634889182593,0.0003043093373524355,0.45591339457644686,0.5957003925082424,0.41912066919714563
0.5974403345830764,0.0011935174711092931,6.762896409945885e-05,0.0005617539968062949,0.6012562915399154,0.5996635223862652,0.004006993082874092,0.0014165752432419982,0.0008598266203296408,0.0002536531097331598,0.00015593257097026576,0.000531193106712592,0.0008685603275213657,0.002479595237546816,0.3919833946708022,0.5020283689521401,0.0006033088600246753,7.276382252240042e-05,0.0012717704653077977,0.6934091451924222,0.5158465224282807,0.5251863553345733
0.0008554497773894527,0.5838909989152943,0.002865111298513252,4.1577874562474556e-05,0.0006573818693538764,0.0007147003215847733,0.5824286450610195,0.58469839463177,4.0616246031509455e-05,0.0011140162743424429,0.0006997850662448235,2.54984636992295e-05,0.39123282011057886,0.5021353305073748,0.0007792444291689904,0.0007167511376792373,4.568970138029226e-05,0.0031541945738661203,0.9990672867504868,0.5197264125834686,0.3963895163248473,0.4457705915569181
8.368353579457e-06,9.829767615044372e-08,6.896384463230253e-07,8.39630991828677e-06,1.1213079177667407e-07,1.8885899415777266e-10,6.257240764658916e-07,0.914404915059988,0.4573862257858624,1.4367185842701001e-05,8.945886838991554e-06,0.2952695894201213,0.9999916877233499,0.0336889737608253,1.0084330146061687e-05,0.005987441815862915,0.5024393569026631,0.05284810896513366,0.007477523437909665,0.5253716533042908,0.4008873905295135,0.3906800960391161
2.5336860584832604e-08,2.3883004614787852e-05,2.3389648990498548e-05,4.050458948469297e-09,2.497795509474056e-08,8.701484475708615e-08,0.0008011744455230747,0.5791334275276291,0.5778769434110987,0.5769620469287199,0.39102502390782634,0.49930834772151284,0.9991103828532311,0.9735708897021036,0.0016492772105016207,0.0004734333330257273,7.737692198909031e-05,0.4964359241906527,0.9993246181337171,0.5212944214757959,0.47707168536014966,0.4885222765254361
5.206489646104048e-07,3.29818820260619e-05,5.830811836642476e-07,0.002470019875225897,0.9063923326964545,0.0009854173168818256,0.0008183703808472516,0.0028546669487571298,0.4507219850747164,0.00012337787724339095,7.789253606206161e-05,0.29569559485426056,0.00200501052981952,0.0005801135395340234,0.0006921214982825441,0.9982513326324117,0.9915639787931458,0.011361305176983878,0.9896314398547329,0.5276799646034702,0.4992204149202518,0.38581214504257405
0.0018446095866687176,0.00010599256107694516,8.280270843971336e-05,0.5974998444052821,0.5902963205423042,0.5980422470298647,0.00017211474321489372,9.123415724224939e-05,0.0001566533961359342,0.0010690082380875304,0.0006582971825070949,9.646746920793016e-05,5.6182171843256284e-05,0.0001069694171971329,0.3927117408591525,0.49364224254241007,0.9980447717408967,0.028787592667971023,0.03653996870763132,0.5005788873687718,0.675414196583391,0.5551000803204462
9.035325523700954e-06,0.00360213887484782,0.0006727702216975508,0.8948853350885531,0.0007358810014628061,0.0027168342289906936,0.006922934858798732,0.00025428371302353193,0.00010972495624387558,0.4426555199670045,0.29044908407427217,7.803300841377254e-05,0.00017947751691005034,0.004962614037882035,0.0019176360097371674,0.0005270281255779656,0.997410939853132,0.12112047264825401,0.998298024365876,0.43527870753026854,0.4806453521486706,0.5128557770794289
0.00015327533704886337,0.004802645414103368,0.5800393191429337,4.0531204810783766e-05,0.00015481436377956916,0.0014907756982129093,0.00031301323183106894,7.030831887226943e-05,0.5803806090441216,0.5801610123263803,0.391795549340482,0.5001752017657275,7.716368954021561e-05,0.0003435334185326708,0.0016361349402526247,0.00016991003464011397,4.448333096748741e-05,0.9947263131108767,0.9796893185901827,0.5604256715390036,0.5204697691363296,0.47055023604990487
0.595050351585185,0.5847972643131844,0.0003457493388277332,0.01126986815890847,0.00442612492142436,0.002674235516805741,0.575260068484145,1.689783466259478e-05,0.003500849185070278,0.0003506125252133848,0.0002195807541707864,0.0021925075281561037,1.0582796606490758e-05,0.38700897381934796,0.0020403722284610885,0.0033770506463383088,0.008666732911239705,0.0002663875658958058,0.4944636979896632,0.5156933605091,0.3793408366936052,0.45866114318106993
0.00029424741284414226,0.0037417124317131244,0.5601476088703015,0.5530801948852405,0.005154314575839658,0.004992770833435773,0.0001930793466457096,0.00026618377864103806,0.001015323932475692,0.5683637010501852,0.38422656080441475,0.0007899110726607768,0.00020781429899659198,0.00015239107749535924,0.003862070084583646,0.004038248391124644,0.5059118739953813,0.9958615284897059,0.946764398943488,0.5170525962207935,0.48631943501161445,0.4694205260092368
0.0005020858016179076,3.855046780181504e-06,1.5192546394166883e-07,4.8456435030408735e-05,0.5825425455009966,0.00022812806874058538,0.0009154077234408829,0.5822487667390778,6.005671039670154e-05,0.5832260243803526,0.39225447738271657,4.677241407970785e-05,0.49983917665740424,0.0010096419076327902,0.00024930479903992765,0.9994487044816325,0.061728500220163574,0.0001944992788574856,0.004887854279504,0.5690863431522564,0.5524610423850013,0.458849588621491
0.0021861113155335634,0.5750566771441438,0.5702099370743074,0.00706886622832725,0.0004627004397529047,0.0012241662400087688,0.0004332617634928379,0.5790558846288629,0.0003242582721199447,0.000286741769219838,0.00018190945219117227,0.00020679080393009832,0.3905437174719479,0.00033848355350154,0.000947600298922038,0.0003581677923771049,0.00551502459572591,0.5070680918856721,0.9975027603596348,0.43248826020092807,0.5354354481685825,0.5028968173682802
0.5844101486826349,0.0016583144335351992,0.5784001265808417,0.0001554733346744714,0.5885825424429281,0.0024685692899296843,0.0006294440899163397,4.88043004150705e-05,6.081670390978859e-06,2.3611361451394675e-05,1.5234992782757953e-05,3.8456399065965575e-06,3.062826461628843e-05,0.0003986777328989948,0.0015492067130412185,0.3940666953642266,0.00012074161096929398,0.49978520405578025,0.0018064379045007685,0.5418364835511335,0.5441135756034897,0.39647082450265947
0.0017598853966128817,0.0005358210310952662,0.8767149600953702,6.497446961994141e-05,0.0005133309271455901,0.43438569572047436,0.0033113583512345388,4.219587012396068e-05,0.00045427049477538933,0.00016071285877800008,0.00010243533764317838,0.0002905378123567346,2.6638216762376228e-05,0.002121358897505865,0.2851705314921988,0.00035679236141314614,4.611801116068794e-05,0.9986667066085612,0.1826604056360112,0.47717319388085094,0.5473922673615307,0.512988117661736
0.9029853005508869,4.6640606616144504e-05,0.0005047347737898199,0.0038144642475350225,0.4489554435498955,0.004572380452778268,0.0010824844323715735,0.0013918773516959297,2.8457802088329286e-05,0.006761072914654253,0.0042680891118265785,1.796493665721995e-05,0.0008786692469531826,0.000689679010254281,0.0028864818964111083,0.29373290642259764,0.002710420499620783,0.0003558461751634778,3.28823628433456e-05,0.503146303745569,0.5653181287550372,0.43519623614596104
2.5705668491067646e-06,0.00277612649565725,0.0011160772092721934,3.92963234991491e-05,0.5724006486328974,0.5726498715783507,0.5701457739446396,8.619432157924568e-05,0.00010117620125099247,0.0031421840625890578,0.0020002527124187664,6.48817486511781e-05,5.5158611282889354e-05,0.39302453763562095,0.495501072487091,0.9967517831417411,0.008508632488400022,0.2539108397466957,0.9993612756461717,0.4956367615996716,0.48736800903530214,0.50978832440892
0.6069313936566394,0.00037514202121564114,0.0007389525932038349,0.0005571070928668719,0.00015866060712555795,0.0006363553711266068,0.5982157592317564,0.0003583609536395831,0.0006547326737606244,0.6130312286765884,0.395622942187265,0.0004905801680933456,0.0002664927001500344,0.49833018063925666,0.0006674865783938777,0.00016642266538656003,0.0005889624705189534,0.0007826270464596405,0.00039348766993040616,0.6915172308073027,0.5881461785825925,0.5921516476362427
0.0017930620836382437,0.5927231219733363,0.0020634113855049056,0.5893616055815575,0.5849749360573686,0.0027289504510992465,0.00011119492444841096,0.001394670650720634,0.00025938592180686863,0.0024219480078941386,0.0015005369869376668,0.00016187928820561885,0.0008685747099883405,6.99476503146565e-05,0.001690276138423248,0.39193294697463343,0.5007055317388801,0.0022852099973381676,0.9979473625972799,0.5211821044894837,0.6276094736134722,0.39469939344049
2.1854844192465113e-05,0.00047851184670893895,0.580514485556329,0.00035651286766883193,0.00037945744364309306,0.5833063105923347,0.5748628117447334,0.0003646395089808438,0.0024624035679154635,0.0021618626103850134,0.0013628523973266888,0.001563611824709384,0.00022980151197490552,0.38948733250508627,0.4984522761796737,0.00041213096206161714,0.00039025903329759136,0.9994797536335439,0.9709438222249174,0.4994071398590132,0.4017442128212634,0.5226251963952333
0.5544415563617359,0.007560663067534528,0.5844966460516354,0.0011364836134268696,6.82117743906981e-05,0.5777621768832472,0.0002571690705280365,8.85020667699881e-06,0.0001241135028256638,0.003093896439542536,0.0019608374491881142,7.864297372184592e-05,5.5485105134276015e-06,0.00016446105959267397,0.39004165617653574,5.283113412491878e-05,0.0008871571961023131,0.5098788168043534,0.008412998882144529,0.5209339008701198,0.46398447500613993,0.44551757774356077
0.9037521881800532,0.012294734906769751,0.0010814572909520754,0.0009846266566527892,0.00048531867995819694,1.0236793301808377e-05,0.00048273966820247316,7.680898673711212e-05,0.00013127676038612995,0.4544236507688677,0.29657720084392525,9.246507581188725e-05,5.410057971633025e-05,0.0003400187701441404,7.210309052719296e-06,0.00034183535182256107,0.0006935243014768444,0.000761727689246797,0.008660104658797317,0.522584690451406,0.575375737813072,0.4261625060269806
0.926367824234626,0.004200976156139289,0.4566039268344795,0.000901462498269177,0.005752064027786861,0.00018727814532585238,0.00030527752480296477,0.0008407155125751629,0.001544854601706646,0.0007837491256956085,0.0004825932355395057,0.00095764654744529,0.0005172322960028089,0.0001895535836540395,0.00011521871458725725,0.003538850801597597,0.0005589799566996061,0.29398432831247856,0.0028869472519280747,0.5421107986315821,0.3220483589606207,0.4635307750556657
0.30360550421938715,0.7668964506251698,0.007185021501681923,0.009222160401540254,0.0002144751133600569,0.003357574093135636,0.004891075429824905,0.003861799693680445,0.0036124217797632117,0.0024933355115232185,0.0014683364394305308,0.0022405685645292004,0.002783320966170644,0.003829540062340773,0.002536492883836776,0.000180884181256765,0.009243785233148337,0.008779927171021298,0.6447422864338631,0.36958768530344877,0.750636600951518,0.4514699417441541
0.5784097037206206,0.0014861066784211858,0.5826721584212577,0.5853908213728536,0.015460663978328005,0.002167560205881223,0.004750334806424317,0.000243464162401726,0.011514723100089826,5.003231703483418e-05,3.1581926746664145e-05,0.007268602863795798,0.0001536920350012413,0.0029987630632359874,0.0013683356705440422,0.009760392973338555,0.39432416363629785,0.5023360376312261,0.001635662070430921,0.45929298360148296,0.5604960618370983,0.5567522584637505
0.5842122282950476,0.5717693354374845,0.0005033059227290037,0.0016476638441899607,0.5876236224369578,0.001193408686146806,2.6311794784810918e-05,7.657377288958535e-05,0.0004533163316236816,0.0005427501987478429,0.0003432114115568827,0.0002866573955163206,4.8421903811476496e-05,1.6638427893797725e-05,0.0007546596189892119,0.39678225173651127,0.0012831782708615535,0.0003919683868341242,0.49314774044932,0.4756469730398347,0.4322931179399473,0.4604369115203501
0.00029422300631395867,3.053227049442418e-07,0.002150084625325555,1.715366498284457e-05,0.45103691194289885,0.00031737799784463324,0.0019470907894305334,3.238868642081982e-05,0.8996470144021157,0.0023923917255112546,0.0015092382930914237,0.7099683886065777,4.642611384189296e-05,0.0028168071950038366,0.00045493500376276403,0.9968577850410774,0.0050209686919879815,0.911549269581184,0.0006402615039874976,0.44997262591573917,0.451234763798267,0.5674332665269161
5.572282158360201e-06,0.0021304974660219848,3.679262804967064e-05,1.4837496122703156e-06,0.5833495012664346,0.5831396122216819,0.0011744187982260736,1.68554574211626e-05,1.3233154884692251e-07,0.5807013710061287,0.39051539046076156,1.0213540605447115e-07,1.300928570767782e-05,0.0009148218872779279,0.49988286517923297,0.9976746427522163,0.0004467922550750084,0.011099849083944568,0.9983349134738398,0.5429764993872552,0.5605485154319613,0.5568501237757942
0.000942991129755848,6.223986799244598e-05,3.427969938539459e-05,0.000687582735402758,0.9061375161509684,0.4522406352985482,3.7947270167707136e-05,3.543923508881715e-05,0.00014278014224837002,8.00556871936385e-06,5.450322726233958e-06,9.043567018925905e-05,2.227793053296972e-05,2.4226771362806902e-05,0.29470052350298337,0.9991592586808915,0.3931915216001241,0.023069424880268696,0.04066592720105753,0.5053446521367473,0.48574701023690026,0.38825022893506905
0.6006888930067951,0.0003033186562802701,0.0009916927780602525,0.0025933130961051116,0.5993418485495203,0.0047967287160504395,0.00012594107622172074,7.38202190817161e-05,0.0002048014084811023,0.60396172070475,0.3937904012438856,0.0001536482122612447,5.5382160735915605e-05,9.535917015927257e-05,0.003598664365599219,0.4992838801945165,0.0027700650509375454,0.00106121719364069,0.00032145783178479494,0.5389913879246954,0.5458755609967475,0.3052473434427454
1.0707893446694072e-05,0.0016602352860010732,9.872354267803733e-06,0.4613404627834938,7.206910675764292e-07,5.5384816152978e-06,0.00024360537689475793,0.00023684879774827494,1.3248769691727755e-07,0.9162642810958778,0.7010406665289469,1.8139534639627624e-07,0.0003242812053268285,0.0003366185274471638,7.582993996330451e-06,9.867332540815108e-07,0.9977268413827137,0.0038222547005122677,0.9958940458198137,0.6629909839705533,0.5244311649295097,0.5181677197588602
7.752347295718397e-05,0.001221118063461278,0.5805465735393044,0.0033225258496334393,0.00036729517768173625,0.00036078213789895894,0.5824437424058376,0.5857345300520873,0.0008366563008208855,4.8808133705613995e-05,3.058292017580886e-05,0.000524244466105775,0.39117237013810247,0.5008904613453455,0.00039181849100979895,0.0003988924728952183,0.0036367762683590654,0.9986711655421187,0.9596374290277032,0.5741237637860556,0.4383453343961193,0.4181245592175582
0.590603888917126,0.0029464243307350704,0.575474115458822,0.0007601177575367347,1.781145683894101e-05,0.0022264965275172136,0.5749002801492509,0.001515741250970004,0.00033762706177957,0.0049407063903897245,0.0031096001897071585,0.00021249865681017454,0.0009539907710796866,0.38893099371746154,0.0017107906535220592,1.3685982070810567e-05,0.0005886574521911509,0.4948118893515155,0.00317592262632721,0.4082506853966634,0.5537479543838747,0.4860615751363805
0.011473682390976653,0.0001178900631495921,1.9395927109993112e-05,0.57694120789882,0.0005206322006609222,0.5760846932508846,0.0002159014757957126,0.00022962188551702286,0.5755813650393755,0.002405819235347349,0.001527076797768116,0.3923944178258467,0.00017954929177674338,0.0001705212167351475,0.49696167277649883,0.0005782307997238439,0.9866136985657888,0.0010411019875657956,0.006136925966174045,0.4958930273392552,0.48260947415355354,0.44601001272975277
1.9141187618416878e-05,0.0010359224460925068,2.7902007603913445e-05,5.6112462565928385e-05,6.090039469366282e-06,2.8084351159262944e-05,0.887505719109478,8.8339433879164e-05,3.319544990212393e-05,0.44764189057762316,0.2950438059179947,2.37721342141639e-05,6.278599612136305e-05,0.9992619714272669,0.01721994709758201,0.0037350491946018345,0.03470252936648571,0.01730654234894935,0.988238102443993,0.4777846048467358,0.4890987723690224,0.4728990179364495
0.00045694896321184675,0.8974091824807036,0.0049435553697775685,0.00021653320872169591,0.00022925609258158067,0.0009612938407508434,0.0010808929945810022,0.0005037831380930381,0.0006747242213455983,0.44741019200068005,0.2944711818130159,0.000482350434204994,0.00036141029004348505,0.0007839147733084224,0.0006832748456465003,0.0001650421052296746,0.00018196319525209167,0.0036162723702854575,0.9996544876557739,0.45018981431325816,0.5042852113801826,0.488420669433012
6.857413233439699e-06,0.0013010083157634364,9.502576160385559e-06,0.5688423007054075,0.5964104041387327,0.006578709557464457,0.0004558825080052264,0.577735586078424,0.000400769663317555,3.1937785185784964e-05,2.0200237296721826e-05,0.00025348165096222803,0.38920663528626426,0.00035212106075490913,0.005081412383588551,0.5150578129623986,0.9985439202221773,0.004649729134907903,0.996644506901515,0.5711282765801482,0.47948915889485255,0.4675335823273794
1.8881796775174214e-06,0.9059417980072154,0.00041139899720440986,0.0012672085179326084,0.0003102521938346901,0.0003593898009153037,0.448335390945936,0.00010065560913376081,0.00014759355272421477,0.0002936484939298432,0.00018460870379353902,9.278798967732964e-05,6.327939940192062e-05,0.29489821765176794,0.0002525531119072309,0.0002180230947778916,0.0008975136562379249,0.0002919077893986387,0.9999986731288812,0.568720818099091,0.41193729338592927,0.5128038022359676
0.001588778250776977,0.5813190068274804,0.5840804330166568,0.004541298694554216,0.004597626688250116,0.5856766241248467,0.003213553464923207,0.0002834885323375546,0.00037054520794909274,1.8321929737145985e-05,1.1537009183548055e-05,0.00023332605378010657,0.00017850794707837179,0.002023523872697608,0.3933464797115851,0.003551737773090667,0.0035082776824837403,0.5015072855944587,0.9982600859113268,0.520704942173527,0.5872876421578678,0.44551757774356077
0.0002438505356536974,0.0019411388908015157,8.473093863451237e-05,0.6066225562403309,0.607715944408264,0.0011483145889115505,0.5995265073612048,0.0032990292543344187,0.00019301808745777107,0.0012203011517386445,0.0007376169819204024,0.00011667076897557108,0.0019941182991758083,0.3896120170937641,0.000848024700697475,0.49807573681490025,0.9979610025492134,0.0275546217733168,0.9204429308029841,0.559639811477699,0.2888579805932109,0.428757877783566
0.0008431168185574531,0.574827999365138,0.5830839211519268,0.0020239823365241407,0.0015382933134733192,0.0003759035424034154,3.920744744446649e-05,0.00012912856892094066,0.5756701031277819,0.0003836449851244033,0.0002436364496472554,0.38864287400001707,9.885085368564322e-05,3.061596850407282e-05,0.0002908404225238765,0.0011901944576029125,0.0015783129260266498,0.5076166993659461,0.9990365309905569,0.5621566822117192,0.48515201888643916,0.510631078039271
0.00029484421245739933,8.55516970676775e-05,0.4448181921550314,0.000522397529754921,0.00029252033836745894,1.5072876887036615e-05,0.0026230579652371192,0.9089865671613857,9.972213158247314e-05,0.00316783210414471,0.001989474573837019,6.308984765611132e-05,0.7078374329636337,0.0037523749074432344,2.136477186632412e-05,0.0004146279551529731,0.000746292864120628,0.9995648441558387,0.17978203064887022,0.5713176685730408,0.4120863784226339,0.46705039752687716
0.00256741587197683,0.5789508530584678,0.00628894310349782,0.0003732239540302031,0.575144177891244,0.5794131795620595,0.0005473746838792859,1.9059012824787556e-05,0.00012610375255866235,4.5790498637422836e-05,2.954925427865233e-05,8.082054384544015e-05,1.2123072837949274e-05,0.0003536075566297236,0.39305103954261233,0.49789706384417765,0.00041362677051215863,0.007130445640565586,0.9970869304369313,0.4918349891604598,0.5126843582817147,0.5248778937011083
6.468987237931247e-05,1.1680896634480638e-07,2.3217990478596952e-06,0.5808323749917627,0.0012238226398356452,0.0015199252324564689,0.5823494725486512,0.5842746451262936,0.00014360618289589378,0.0002846566514095546,0.0001796195548684924,9.061611345445104e-05,0.39320814166297224,0.5008285221461213,0.001665902478377859,0.001341365540463111,0.9999290510697063,0.022839225410791794,0.0011495279556249516,0.5778555170736345,0.48132799755072053,0.4501077081759323
0.5940613261951173,0.0042237046466172485,0.5977913209451374,0.0003088429012081032,0.00031129229233571354,0.0027076432925365206,0.00046568929024965263,0.0005346845974582611,0.5884817078630323,0.0002942103671486865,0.0001822144433197604,0.3880549440035367,0.0004038873244893975,0.00035177006628220287,0.00204528988721223,0.00023514367060975018,0.00023329346774039208,0.5019842991716006,0.0045262138187995345,0.504238308083949,0.5306228927580569,0.33582090549545357
2.1978362828094678e-07,1.2661884786008978e-05,2.4978313403330596e-07,5.00504311885644e-09,2.745702864176084e-08,0.5827774697826718,0.5762852910339092,0.00042307405313054354,0.5956686658052177,3.228672796063839e-05,2.022604089327428e-05,0.3987169955139282,0.00032712294413297645,0.4993667249579682,0.9999861636787503,0.0013800390133246318,0.0002535429414264323,0.01267723987442626,0.9889505900157197,0.5944671045795651,0.4860389116883464,0.4156553838452167
0.0017150669014212921,3.452960448411833e-06,0.0001192448735342219,0.44493712569075744,0.0009459731939067838,0.0003176081343910989,0.0018437166544039122,0.8976576518660551,0.00014650769508491623,8.566304621985197e-05,5.476946272934982e-05,9.365479040876601e-05,0.7050490608856925,0.002641583111843081,0.0004508820950202551,0.0013429225649018222,0.9975592689743427,0.044619428245566195,0.001281695981921906,0.4794642731526647,0.4816419409873588,0.44821333126497304
0.45052847962954257,0.0026959534486056197,0.00027565359786761945,0.0010116743647966353,0.006946393802288166,0.0002438318894689113,1.3530883739621868e-05,0.0003661602677713401,5.452619770185115e-06,0.8991772770505922,0.7042674391522756,7.762249037697119e-06,0.0005173353853320934,1.9294241859934446e-05,0.00034450126759363425,0.009814707047879484,0.0014407842996444799,0.00039328896753781917,0.0038094302599281336,0.5213627789631806,0.5059869563270958,0.4274356889398652
0.5699948083891522,0.000816105996205957,0.0032933391612843007,0.00045053745963565846,0.00037739348457510824,0.0005811508585126328,0.0031406247225418383,6.172013055034915e-05,0.5932543657308665,0.5815637763278497,0.3905494377806409,0.5151223243111789,6.89326359700543e-05,0.0035401105752906393,0.0006490721288265293,0.0004215014098048008,0.0005071555115070546,0.003713969773388473,0.0009114869254863156,0.42686108294777,0.5105554039736209,0.4314020398743115
7.250488938728946e-06,8.616335302856949e-07,9.181974877002228e-06,1.2465249337898447e-05,1.6850409131661946e-05,1.1424043502739033e-06,0.9999405409773423,7.391653529573492e-06,1.7076162485305474e-06,2.6075927136625568e-06,1.6449216626245836e-06,1.0771984248341835e-06,4.662802469847832e-06,0.9999847986870701,0.030191667415846918,0.4936696387260917,0.5217992948013123,0.5723139790181966,0.07530135273212984,0.4518015695805472,0.5605493591165169,0.5566099895835074
1.4840288037841595e-06,5.220147987701545e-05,0.5841763065377291,0.0006609657925479337,0.00502707220614343,0.00043051020099199035,0.0014767898058902881,0.5924837629201369,0.5891946923180351,0.0002299624463529483,0.00014218480965300778,0.3899290028608313,0.4947477608664891,0.0015851880331624493,0.00045500881281366107,0.005391114456904378,0.0007041022338838381,0.9999448048645396,0.9807159753648313,0.6419514138945548,0.4512951544119888,0.3995544789756569
0.00020967184747670273,1.145403205594192e-05,3.7112572880769597e-07,2.3825614973754435e-07,0.5872261891780641,2.227878862443913e-05,0.0005416648799494906,0.5884499346090984,0.5803653140348275,0.00034764361072626683,0.00021948685684494327,0.38957916628593536,0.49727607969851817,0.0005926607830399856,2.415272355851491e-05,0.9997651345876651,0.0007056455818991846,0.0011011464559431438,0.03367324686733998,0.5632220821104759,0.5317106803692029,0.4274603055396419
4.492002823919586e-05,0.0004542445439706619,0.922464098678705,0.0025107705702867742,0.0029652591910314897,0.0010259213003881973,0.00012343647318071514,9.95404045027648e-05,0.4589441235299294,0.0007842177286329975,0.00048050034093442384,0.2933671317943296,6.803489343690137e-05,8.514836388287485e-05,0.0007012060962766007,0.0020267285266668154,0.0017296070680356246,0.9996880173276514,0.9372482660251285,0.5624205507006736,0.6760655918065279,0.4292705746976391
0.001718890192688605,0.5978693828674498,0.005701707011424895,2.2179604769666087e-05,0.0003131177640608009,0.0031378020535983426,0.0003552855504318785,0.5966096262494777,3.2267350594684135e-07,0.5976123168279485,0.3920163919063737,2.4505551222565717e-07,0.49933352910373113,0.0003842222020570833,0.0033412258221003164,0.0003383091966983221,2.3803607473291805e-05,0.006260083705266317,0.9980492056808188,0.5040070668793807,0.34735673565791625,0.39349625372216046
0.002667054463834274,1.0999337813901939e-05,0.5721716590283061,0.0005306897145115002,0.582866932202558,0.0008194961957573252,0.5729268114066616,2.2150580474978607e-05,0.00019499147500834106,0.0002529549095497528,0.00015937234316694329,0.00012346025778153748,1.3919230408785143e-05,0.38948719820478733,0.0006290662202841862,0.49614669552230534,0.0005771635167377298,0.99703050954688,0.002544445928089502,0.5019465395383804,0.4027913169679345,0.5603368416160619
0.0010009838278802212,0.5841191909807462,0.5770980623968291,0.0006698054969912257,0.0011123213402055745,0.0005338588113593507,0.5803371027715771,5.310728777603669e-05,0.00033295532180287207,4.262121536370236e-05,2.7235114670449154e-05,0.00021108148302346357,3.341464725509246e-05,0.39301467970499016,0.00041193466006998053,0.0008582865806269738,0.0005209030385374412,0.49922725600807655,0.9988743265770773,0.5624442925182402,0.5543170230649037,0.42960179981318564
0.45826238855491247,0.0027355847219955767,0.0010226726430908187,4.487981015092191e-05,0.0007593463401944008,0.9191494989469954,0.00011656107129129594,0.0008387300636680453,2.786647884017933e-06,4.21147356031688e-05,2.651679608784344e-05,1.7404023720479192e-06,0.0005198863217963439,7.291893232354708e-05,0.7055566263396909,0.001054872620878754,6.283722915558496e-05,0.0014344721805365475,0.0038001948775850947,0.5064900800658256,0.3620883864652332,0.4105955769023092
7.796800532103358e-06,0.00017021770827943482,2.263346741105472e-05,0.9426059480531356,0.00023818776695410044,0.00015444648365227058,0.0002291794581398118,0.00023959851764335282,0.4665205775101375,0.00012313373111663456,7.446446195394796e-05,0.2905960457189223,0.0001588572242492219,0.00015499578498983236,0.00010349542082884399,0.0001596109603170882,0.9998847898480048,0.08487088544485888,0.969933915911057,0.4535099693573147,0.2721637795973106,0.5657240332574321
9.013123065394172e-10,2.1720734010002846e-07,1.189455408053788e-05,2.106016970869202e-08,3.0961348050796723e-09,0.44792375613029123,0.00011380727488630032,1.4604162731235297e-06,0.00012185299343463214,0.8959894476183549,0.7048737532685209,0.00017449958832757367,2.075646733637926e-06,0.00016324778530095967,0.9999829277453757,0.00016409128289512876,0.0011249500823251363,0.988487762411426,0.9973583000655806,0.47452754021439697,0.5311509604767334,0.4902399138212798
0.0003288812997437118,1.5666083879909683e-05,0.0003307451643342614,3.7528314861164354e-07,1.2072822622952994e-05,2.277326922356038e-07,0.0003295051794764238,0.45930351653551704,5.25830041960325e-06,0.9174573018922542,0.7045137410330204,7.343563340823128e-06,0.9992029639955936,0.3925795488520425,0.0003090411115303504,0.016385060667146206,0.0005134518888071649,0.5045149021165531,0.030301783546100747,0.6586890378592238,0.518705423139634,0.521762580631124
2.2598559596708032e-07,1.6352356443913524e-05,1.6050459000235027e-05,0.002899954129824117,9.203648401701272e-05,2.732154612422511e-06,1.424675640573881e-05,9.800209977981963e-05,0.8940153988763265,0.44879253868406405,0.296182225295012,0.9979164321407424,0.021326650184096418,0.003130170616630845,0.0005947845163604575,0.02003950005930738,0.9949852835220068,0.4971183582814278,0.9912025159805837,0.5118706817477018,0.5095726882736304,0.4894934204963448
0.4480443789581901,0.007926684634745643,0.0022016422958160216,0.00029504734234084485,0.8973711330334287,0.00015935010640942893,0.0005250239053509456,0.00037338438203791735,1.2072648642109199e-05,0.0006590638899037019,0.00041830249775975936,7.66241260505125e-06,0.00023698404924648905,0.0003363121675220203,0.00010113808105024889,0.7051553584114294,0.000422459740699363,0.0031581401320691146,0.011261591491591949,0.521707412814314,0.45427759038993354,0.5218139927053418
0.5798101978163587,0.004552457896038539,0.001630814581094694,0.0038666757883418098,0.0012162692394657242,0.5947588933927069,0.001605980284185552,0.587492797063577,0.0002289259175427453,0.0002842974806966309,0.00017789356561363025,0.00014324590227418258,0.3918994306258993,0.0012308596077609396,0.5080829558536328,0.0013353607259273645,0.0042453205770400125,0.0017905412381762965,0.004998403213121172,0.5131981951826643,0.38228931728229254,0.4419247418555552
3.444885895845909e-07,4.375836691798207e-09,1.6819875742680995e-05,0.00030775381986310885,1.7323629864470686e-08,0.0005777431959793767,0.897984022437024,4.320291194832803e-05,0.44887373529652336,8.854038551432083e-05,5.606760659205269e-05,0.29467879990982127,3.0347577365456035e-05,0.9995392253699655,0.6859325305834256,3.550254452479307e-05,0.9651710483684464,0.9866767367451098,0.007836773467078671,0.5757665491654591,0.49895787268841363,0.5844797166621871
0.0018036821780325904,0.0005259202415578745,0.8884542968370929,6.274842674560739e-05,0.0005027659632255993,0.0009126762265168016,0.4444054409024314,4.0195938311087964e-05,0.0044806335993086656,0.00017621208535059232,0.00011184846886624661,0.002844036740976219,2.5514133070902184e-05,0.29515505876837145,0.0006476876457334935,0.00035679236141314614,4.488050641647222e-05,0.9986667066085612,0.18061673047323284,0.4769877284676752,0.5476102113278077,0.512988117661736
0.0034396300407415915,0.5938532748841099,0.00033700244869728433,6.037137699301454e-05,0.000293759320301587,0.00216446803349279,0.5913159118016355,0.00027264346887676916,7.614103559182571e-07,0.5961319940086206,0.3936152123476738,5.783987700447223e-07,0.0002071112490329389,0.4986294991545004,0.0023202928958200204,0.0003149091136375522,6.471794114241576e-05,0.00036126566879322083,0.9963127053437975,0.4758503147374239,0.4956794299445011,0.6668731553355122
2.6997976191196567e-07,9.59498200822625e-06,0.0006000740463109297,0.5890251316530511,0.0009035201918186892,0.0007993121432883304,0.5855312542250429,7.372275314486101e-05,0.00012151826214431073,0.5905236401404321,0.3899845869324245,9.276452887786813e-05,5.585480091204694e-05,0.5005402754915439,0.0008571504369519799,0.0009831068907790712,0.9993364364720618,0.9901244259302591,0.9809134288711148,0.5216334353852083,0.662401587744469,0.513484300002066
0.5779119205405753,0.0014134071945528046,0.0017838145666441874,0.0002763363571958391,0.009200342736215623,5.039292259653561e-05,0.5692480725066196,0.009236161307785231,0.5780966641190078,0.005914492811094022,0.0037590819331846936,0.3950391595145351,0.007214810432459935,0.4980839406723436,5.550506333509993e-05,0.010134113860690075,0.0003068046976018413,0.0019840998625191173,0.0015569685872957352,0.5400158647273161,0.493764772703435,0.48872100424126397
0.5956853934324431,0.007621487233861094,0.0014371257793645586,0.5653666352066676,0.0007692596030629811,0.009726208939321017,0.00021880231999067974,0.00041569763956964066,0.5840643827291517,4.865178885924116e-05,3.065525632792793e-05,0.3923944178258467,0.000320998857270419,0.0001705212167351475,0.007510686789352433,0.0005940583821106701,0.4858463965134539,0.0015357525483591927,0.008144765547235921,0.4128899297585007,0.46948863823019976,0.5428470316085469
1.6164254789101679e-07,1.1066910771155016e-05,1.7328142933297884e-07,0.000579942601695193,0.5745073402528815,0.00040911412520983325,0.0006818885085126483,5.9000414079882746e-05,0.5718009646549126,0.577187686428584,0.39060650132096564,0.49627121638395244,6.587679609952349e-05,0.000761220521395211,0.0004484229704732227,0.9992497411794409,0.9893972647802033,0.009941287306930058,0.9902461063935536,0.5432474032096988,0.5034440781798233,0.5235669814675542
3.1243639700295345e-05,7.447054107707562e-07,2.629738358320197e-07,2.2349856836535065e-05,0.9994527748361796,0.0003659919738364203,8.789024362158985e-06,4.9443646918414006e-06,9.934612848542565e-05,1.3552496661051753e-05,8.925066108149865e-06,6.283915631540525e-05,3.103905259301562e-06,5.6035482275521345e-06,0.00022975617615017356,0.9999753067894835,0.38817771373080945,0.005353103327844472,0.01470295207128066,0.542612279888378,0.4853882611168946,0.39012237029970614
0.000772919878680639,0.5842431619441565,0.0001817964786879866,0.6078119866569383,0.00027926907440978374,4.651318634304305e-05,0.6118473797885614,9.936789325058348e-05,0.001240151774994547,5.894124401236176e-06,3.976300611799712e-06,0.0007575489545861248,6.0572101430644756e-05,0.4031293980937758,3.4980805328678805e-05,0.0002131073359034172,0.5151022332488322,0.00020426204097804624,0.9991023421426722,0.6553011000776414,0.38244341836970785,0.3897757706155509
0.5922053335134141,4.359697070512663e-06,0.00023993913492032014,0.00014606005263298886,0.001671571161561925,0.6005185017642807,0.0033740278581158877,6.79321205642185e-05,0.0005976244992830758,0.5971049637013184,0.38749793043118774,0.0004474498248649571,5.047888506783005e-05,0.002546296016960046,0.4944735289860169,0.0017670986111663622,0.00015337375834704211,0.0002577564418487243,4.541955542185751e-06,0.43447572290856545,0.5453896476545691,0.3052473434427454
0.001980881588754808,0.8970920893005563,0.0004959178464974611,0.000608385567540778,4.8083532969713265e-05,0.45142291811268626,2.7189247194138395e-05,0.00024471999347718204,6.541969505112133e-06,8.035102118586509e-06,5.093547224243467e-06,4.147032622985232e-06,0.00015513092895214146,1.7235589127008184e-05,0.2967976723872653,3.412229558981812e-05,0.0004317385287067807,0.0003519263055509004,0.9985942732617888,0.48785310944581545,0.4928893355664892,0.4361759958083984
0.002829283311127287,1.4613859550635724e-07,0.9100636426192248,0.0002510583220553288,0.45979193281974,0.004661923416428016,0.00018820868609734263,0.0014182012277897383,2.8707514243359912e-05,2.4512114932651766e-05,1.5186869504715058e-05,1.7786194445488725e-05,0.0008786692469531826,0.00011768686790120884,0.0028883763411402578,0.29535675652198645,0.0001753039655357602,0.9980398632963992,3.28823628433456e-05,0.503146303745569,0.6522452639067609,0.43414357123324054
2.08452701526125e-06,0.00032826343624553457,0.0004345269260951169,2.9923068070995477e-05,1.1348481558395776e-06,0.4553570572842477,0.00023276548151888088,0.9110431736356449,0.0010451052560525372,2.34241568174548e-05,1.5056820988130343e-05,0.0006582015806639104,0.7049249769117343,0.0003284335618182669,0.9992327623346453,0.0013164867381508514,0.03500336667490289,0.5910728756461975,0.9959573666596351,0.4375295114432933,0.3791719614522502,0.5011206695572032
1.734010621554185e-10,3.382489746383733e-08,6.489730837234528e-08,7.072710292815481e-06,2.2728660705718278e-09,1.1781332436899947e-06,5.252400531825657e-06,0.9999566624237142,1.1291268561644558e-06,2.860403688813497e-05,1.853236345411547e-05,7.203626594566622e-07,0.9999943132837398,0.40486214808368415,0.10426839748098964,0.00020595001672629948,0.9933043506834875,0.7020502190427309,0.9965215863368188,0.4942537748597121,0.5220094966057112,0.4298954866217148
0.00024368122297407615,5.376714511415404e-05,0.0004099885414367717,7.457433166389846e-05,9.523278003100063e-06,0.5793407913481134,0.5715617028840999,0.00018965653863125637,0.00012380466937164016,0.5792400916038524,0.3924200386752472,9.713662373034384e-05,0.00014768363341113996,0.4986294991545004,0.9994623622707584,0.012392261230571546,0.09820591596266678,0.6546484034287593,0.13825051136302785,0.4806672040377199,0.5305338747468785,0.4745609952767217
2.4783377314391512e-05,0.0008812112700826269,4.11284974454786e-06,0.5807536327391365,0.5841212432690849,0.0039087542086806305,0.00010365008916932995,0.0001611765985118227,0.5770209591157338,0.006173595541446249,0.003869350421962429,0.3879256334251892,0.0001231789520819849,8.04504895225433e-05,0.002987253968919677,0.5039782718791923,0.999041211886886,0.0030625181557635776,0.9815302958360912,0.5427006368624449,0.6128351248712891,0.46402224047105667
1.9976159362467346e-08,9.55722040313846e-06,2.651368500390653e-08,0.00035153112932168523,0.000594997156317016,0.4562842438764695,7.972070830899036e-05,0.00010062881789609715,0.9098813857872621,2.1449841032531975e-05,1.3415522757602071e-05,0.7040808754954612,0.0001403998054940181,0.00011225761822807024,0.9990337220766279,0.657984889425552,0.9828312665052586,0.0017661063211865428,0.9986693602346448,0.5430451278125822,0.37612616058667564,0.5261234472450838
0.5749593217379153,0.008087324959151106,0.007531024738647567,0.5843704569335835,0.5977695333753765,5.6897146677568895e-05,0.0015221037567452762,0.0005162980375747025,0.0002090542671683652,1.3650500384396697e-05,8.906362317961392e-06,0.0001310520798240262,0.00031947171919565354,0.0009557589293142242,3.539909945856857e-05,0.3912212710939096,0.4976456237771441,0.008331802835693874,0.00867764676343441,0.5414153304651026,0.40227274699025606,0.39058589869272525
0.00035473248088570985,0.9956015514840368,0.0015594174301331713,0.00047551976640578816,0.0003437128699552324,0.0011196802276609158,4.6553071208413325e-05,4.773466945260749e-05,0.0001569750496361036,0.0002941229506251213,0.00018545640990710315,9.950479878597667e-05,3.0364611487610123e-05,2.9937199202119462e-05,0.00070568328972892,0.00021940474579124213,0.00035432589745555936,0.001011470087693445,0.9997580246516105,0.5074943617508877,0.5306295823194704,0.39546215746658203
3.306698544097909e-08,5.260061492213035e-07,0.0001660841059725845,5.026167762322846e-08,2.296209752485494e-06,0.9997807079949992,1.0908515794689032e-05,1.7940670405496153e-05,2.117675702766133e-05,2.7641123527299227e-07,5.98170148022472e-07,1.3562281050070102e-05,1.153007177023054e-05,7.041765930525251e-06,0.9998911480470948,0.008661228814476896,0.00019878211856280085,0.9980402901747055,0.957407761109247,0.5226763939559118,0.46913428621109654,0.4891428517662476
0.006160868485192383,0.5773016939124567,0.0017697624832615025,0.0016964784041315505,0.0051213643503767855,0.0008119510775990714,0.00036612646092146575,0.577070246076809,0.5795819876939231,3.85202923715162e-05,2.476428749214172e-05,0.3936798161990787,0.5034093425389269,0.0004127274257818282,0.0008970469677889505,0.005730748605929925,0.0022160111208093846,0.00201231598559104,0.992632613566853,0.46000842873875253,0.5662652918651578,0.4633428078574249
0.5692098957324042,0.0011914494207650697,0.0013740883101080468,0.0020857653973950533,0.0005401286840293863,0.5743179785567208,0.00021664680964196035,7.941561472903563e-05,0.577568602311317,4.311019372093814e-05,2.7682595167134445e-05,0.3923944178258467,6.154709155166596e-05,0.0001705212167351475,0.49287786740482675,0.0005940583821106701,0.0022786675630965536,0.0015357525483591927,0.0012914019939690435,0.44645768827542276,0.46948863823019976,0.44617272181268686
0.5777984365849741,0.00533254671956817,0.0024454800096572723,0.5818465912719047,0.0012915134116409477,0.5723204457363876,0.0004187751234684348,9.717709235540716e-05,0.00020460482081843058,3.134635897076626e-05,1.9881411120491696e-05,0.00012803969587800616,6.068525311292471e-05,0.0002641511671754658,0.37712839707853685,0.0009810547605325318,0.4844384632174512,0.002606604671869987,0.005512357976665272,0.5074713906133284,0.3789234943811905,0.3984871457269697
0.5660921885582216,8.487403641739039e-07,0.007536634439038757,0.5599720062581958,0.0009487966470515554,0.0003641966179684376,9.308762011301649e-05,0.5944784503390738,3.3577543882960753e-06,6.021240921911871e-05,3.800567639239701e-05,2.1121504903225786e-06,0.39872862578378626,7.284911209405585e-05,0.00028063484369145566,0.0007418238379707509,0.47875382100786656,0.008199217304147199,8.95524877576187e-07,0.5282301476150213,0.5451402442617328,0.6299829581387216
5.683696163004114e-05,3.73249213949078e-06,0.0018478333451544388,0.5952810779154384,0.0013753285121399657,0.5891810977381678,0.5846777251316748,8.548880463066328e-05,9.8773154479056e-05,0.0004965980309094241,0.00030816076938330623,6.167537746686741e-05,5.269011880400373e-05,0.38954345139284346,0.49422061317859894,0.001440296465811234,0.9979773591970744,0.9803717655107907,0.040461670651427695,0.4040480284129523,0.6134783902542866,0.42792475030239024
0.002109489352616625,2.94641456054461e-05,2.9824375302446007e-06,2.4138449556862343e-05,0.4504669102615617,0.00047713833106759895,0.0006103797293750142,0.9005618894229939,0.0010549131858009378,0.0002971860032860202,0.0001883098811450689,0.0006720053084413743,0.7047247346016055,0.0008760664936279487,0.000674302566400675,0.9969235480773708,0.007114873310904572,0.0008993694243900944,0.008616896451956568,0.4796384753838045,0.5328900172033668,0.42619150935998423
0.5822371589145909,0.0002052106902176079,0.008917115702520025,0.000397626026286402,0.5814515983466627,0.00427401337590145,0.006331540837681371,4.258662226369782e-05,0.5932625863099261,0.0007636206066686727,0.0004783679461717259,0.39993205355723005,3.294492185732572e-05,0.004943443281985635,0.003306476535415312,0.4995346195589789,0.00043813902561532165,0.009843918728700022,0.00022437533562646734,0.5749721314359449,0.39979852007798344,0.46177118578497683
0.9271278288816696,0.004204427971010968,0.0038650210787292065,6.0544575605462086e-05,0.000868991932944493,8.548067043562115e-05,0.00027352481996595893,0.0007432512478248448,0.46159651699302273,0.0007851132819398065,0.0004825932355395057,0.2940821406420576,0.0005103525770143401,0.0001895535836540395,5.869512057655741e-05,0.0005966924196663412,4.190012559248844e-05,0.0026796767352739387,0.0028869472519280747,0.5691544853898279,0.32800821971240257,0.4635307750556657
9.493737688937538e-05,0.5971399845253805,0.0004822289411041654,0.5699713988469378,0.00036779586760597255,0.0008852250024412128,0.007360322236792326,0.00019096059941009637,0.0006225910310106226,0.5801034722631286,0.3899542984463985,0.00048012056902482406,0.00014726220790790872,0.005676101180351417,0.0006826821749291524,0.0002836429006046003,0.4851830239893699,0.0005141112905744059,0.9998987858587242,0.5367858295640943,0.4129756374407789,0.5065585481262787
0.0018070495357322656,0.5830300191493151,0.0024048587573976296,0.5777855210738098,0.0012296338241615339,0.5730721109913927,0.010500749997608548,9.56832601085843e-05,0.0002003378765057191,3.063507366934542e-05,1.9851265129107887e-05,0.0001280240897570983,6.068525311292471e-05,0.006721651397215034,0.38685174211978596,0.0009499751635744251,0.4996251345991251,0.002651381808648656,0.9979640601637637,0.535477173792626,0.5222456489528738,0.4551362531448435
4.88540472800328e-06,8.841593630472171e-07,7.461292962558092e-08,0.5826667371285554,0.0002677542158631227,0.002242420442930054,9.780028472370112e-05,0.5865760281512196,0.00023686927201736072,0.5874639413306857,0.3936942674637138,0.00018263718440944288,0.4962429210170585,0.00010700180119502386,0.0024309049182163625,0.0002902615508198112,0.9999944514949154,0.009370762413820288,0.11053675861706147,0.5061648349945951,0.5531084701600982,0.397728576429791
2.6943877495413596e-10,1.1633293528716205e-07,9.103593388158804e-06,6.5034605578115715e-06,0.5801786873866279,0.0009817365410105796,0.5767630577246613,0.00019760218574387697,0.5768655613061984,0.0002375234977262585,0.0001510583162596725,0.3909914291954182,0.00015377054705152088,0.498120062349268,0.0010772410469776905,0.999987722988321,0.39487989116475153,0.9918651886829105,0.9985255272340395,0.49351592723927995,0.48327025795579787,0.4736089298963774
0.00419983230415225,1.907658887263063e-05,0.5757064049869217,0.0013068042234563512,0.004896568797371877,0.0004404323495009317,0.5792240826022749,0.0009249353650183665,0.0009883788563684963,0.5865086712706273,0.390487791275821,0.0007609503600163356,0.0007028968545748338,0.4951034967199571,0.00047231215162324425,0.005182581003071285,0.001412486746090652,0.995352702723034,0.002802380205507826,0.4494215498431616,0.5877471412810505,0.5929407237961453
0.00019814606358369954,0.0009969472948348453,1.6656803552851745e-05,2.3869379891425315e-05,2.463889843310381e-06,8.048972840361412e-07,4.586862866924993e-06,4.134676783609327e-05,0.45020228694020936,0.8991034722735032,0.7044637166155475,0.9985608726851756,0.025871028930906377,0.002871630319740248,0.0005039137706969871,0.0015425440243816676,0.014945077037152532,0.010431527588075029,0.8750977220996625,0.5426871106106907,0.5433325288483681,0.4573389816142582
0.00018661930977605256,0.009168622540926938,0.581165667137982,0.581614795068842,0.016112334480030948,0.0030648314840702987,0.0006392842047923638,0.00013799261693162395,0.5827236641083371,0.0010788534648281075,0.0006778615408179088,0.38981350773700263,0.00010476687491697432,0.0004950892586771949,0.0023517768187252316,0.012364523757516387,0.49963452035361555,0.9900518049553806,0.986631678344581,0.5529508456958593,0.5210424821359272,0.3970819179049689
0.44901549483164377,0.001601058502946967,0.00041881100988124025,0.00012310364696661592,0.00039691594304829664,0.005580507263291317,0.8938351160274688,2.9513190144918647e-05,0.0006352293502032945,0.0013329438446499093,0.0008421005127161292,0.00040131268387066243,1.8645263626279954e-05,0.7059644764631118,0.007911686191777623,0.0005627518954953504,0.00017591166642161316,0.0005995578027845738,0.0022699618544009814,0.5356132775536079,0.5215745260588646,0.5771950190043766
0.570995728092662,0.5738151909770823,0.006542667432505924,0.007097413587853688,8.866778619120752e-05,0.002385247486513138,0.0004998350207127003,0.010841583099146478,0.5885213243191331,2.4845191099590928e-05,1.6182501967907455e-05,0.4024403379556961,0.008525105667884114,0.0003966982006570721,0.001875713152332726,6.972691870332656e-05,0.005625302428516166,0.005195242678381393,0.5015641741833171,0.5064017534699696,0.5572156034614724,0.4844000321293508
0.9383529072749285,0.0027869213632795327,0.0057318666943942855,0.0008225864253508452,0.0019498680193986893,0.0009866514294347736,0.0011176076947485914,0.45909656901198015,1.1228940925853659e-05,8.524401685761259e-06,5.194807942384807e-06,6.842965595178752e-06,0.2896676120041207,0.0007652350299197364,0.0006693731764163794,0.0013228508359141846,0.0005624618381434982,0.0039264461161853115,0.0018907397740465792,0.6730701939379669,0.5786371992405509,0.592313913057586
0.57697452494845,0.004161605489672568,9.56311989787767e-05,0.5668667540376714,0.0032765749577749956,0.0008609097421404736,0.6121673206630612,0.0008229587431479124,0.009870387167148467,0.0002457022925851523,0.00015180405084419044,0.006128061974005783,0.0005071063452058984,0.4110807937967639,0.0006642204411302464,0.0025650642466905713,0.48690289498012984,0.00010544187646783576,0.0044499596782227036,0.5349679330269926,0.3819584026815968,0.3657222731526132
6.554892979926942e-11,5.044472539947136e-08,0.0011206551630695597,0.45423236096121444,0.9072843953401963,0.0028562345916341835,0.0005519498553475355,0.004186151526242096,0.000780581022909947,0.0002331774489186658,0.00014648702172702734,0.0004926923490797487,0.0026223620456313733,0.00034896373804418093,0.0017892618799201603,0.7024977300422599,0.9984265162165205,0.9999716194277498,0.9991727538145898,0.44997198411801065,0.5938973161383619,0.42973440141157604
0.5925049417517366,0.590608491427664,0.0004684467049847864,0.0004484846885771719,0.00043498489044590806,0.01480305101028999,0.005434540918349679,0.5947954032323036,1.651594291816374e-05,0.00011779935679247983,7.305074157567659e-05,1.0242006682831405e-05,0.3934164063694786,0.004173137657798187,0.011263640225009308,0.0003310150023777179,0.0003439745957098924,0.0003599383923744983,0.4989754407683321,0.4635525436559835,0.3687476358375623,0.4103469321443692
0.0025818356551020995,0.5842586131008609,0.5782467415225193,0.00015543210493503887,0.5884264571250809,0.002467914653758099,0.0006292771685862677,4.8791358076157444e-05,6.080057601968707e-06,2.360492372401619e-05,1.5234992782757953e-05,3.8456399065965575e-06,3.062826461628843e-05,0.0003986777328989948,0.0015492067130412185,0.3940666953642266,0.00012074161096929398,0.49978520405578025,0.9971867662550702,0.5418364835511335,0.5441135756034897,0.3977782845854481
0.0028317380001220533,0.5858622622548196,0.003555517617539225,0.0003062805894781371,0.000384872143384821,0.0005982120301363513,0.003228055037108089,6.343832705767322e-05,0.5755739160787882,0.5804382084492797,0.3905494377806409,0.4967572435951775,6.89326359700543e-05,0.0035401105752906393,0.0006500313976695886,0.000418211746138977,0.0003354322424904977,0.0039010366619929822,0.9969229161070561,0.42686108294777,0.5474954473482753,0.4753790917693911
0.0013215219063102094,0.9234497197222493,0.0009572925678080226,0.002104630801110325,0.458889355767897,0.0004695695481391605,0.000579818187299028,0.0006593075206738107,0.0005892223631413234,0.0009959711732017188,0.0006135838020684958,0.000365508560126712,0.00041041842277495845,0.00036488815044383014,0.0002896148442971744,0.2973519146553656,0.0017187799533650247,0.0006805269025840777,0.9990120055696607,0.561201119825472,0.6737003259273971,0.5116173155787213
0.0035654337770949004,0.5820784556627704,0.00017055314590386767,0.5808869336667711,0.0022289573450268,0.001119432631867149,9.485538909937029e-05,0.004514152046762643,0.57969911490882,3.159024455186549e-05,2.0304704136332697e-05,0.39199774201966914,0.0035000887776911738,7.428850889810686e-05,0.0008632390164729216,0.0017440442483309861,0.5018605492391534,0.00019233805757234719,0.9958438140999875,0.48954903334405214,0.4888573092985821,0.3948106637847131
0.002868579019525587,2.2337898994081915e-05,0.5795307208164564,0.0024681886925494905,0.5747889005935383,0.004502729231693321,0.00013014452100432676,0.0005016693024078156,3.737825501131362e-05,0.5838650723609169,0.39382029595879103,2.9230389794043122e-05,0.0003873488787742812,0.00010194373682531112,0.003494713006240253,0.4943096543018569,0.0027064101974164246,0.996779769884423,0.004804410658562045,0.5118639882435184,0.5763362908814847,0.47063719530290987
0.0013663126009901788,0.902811675061322,0.0011255123218262412,0.4362835110221741,0.0018773836628191755,0.00045876527196934985,4.785006465609827e-05,0.0001559248901327536,0.0005521760238792875,0.003282132926634832,0.002081169821694215,0.0003527149881435432,9.885085368564322e-05,3.061596850407282e-05,0.0002908404225238765,0.0011901944576029125,0.2885442403152889,0.0008013746322742543,0.9990365309905569,0.5621566822117192,0.48515201888643916,0.5104450996486972
0.24176290576340745,0.31983324588983214,0.2092440972896995,0.02466483932056989,0.033700113843045845,0.0011136550478380444,0.00067144347985879,0.002476200789855995,0.01784639022708287,0.0032895776428514714,0.002042403396502468,0.01166433535689466,0.002305854417327835,0.0010170629269065515,0.001498019007914327,0.06389818204802794,0.03545333917765996,0.5083978363381976,0.5348880587969155,0.5280972231174321,0.6487861104153757,0.5637196144636188
9.619150549524102e-07,1.596010304229214e-07,0.00046221886046916773,2.576859876345759e-07,0.5806519918489161,2.2827250171045236e-05,0.5695292653972723,0.5785308385642071,0.00026904606339628724,0.0002866232573566975,0.0001822651540852216,0.00017108772391924068,0.39224064016384447,0.49677553841970934,2.502747458891629e-05,0.9994883097526992,0.00035426895849293913,0.9986699484263397,0.10467309154955318,0.4929822263678137,0.5296642327573812,0.51395950203659
0.00033903696921689004,0.6035584371358541,6.663055416406397e-05,0.5960916349376306,2.455567220189905e-05,1.5575849373164243e-05,0.001014731895446353,0.5996888699102626,0.002873979587463173,0.00031851791900779205,0.0001950931971479441,0.0017699807904128,0.3905966990753925,0.0007656140149705443,1.1644152701773425e-05,1.8357327857007745e-05,0.49855374062432656,7.246990441042974e-05,0.9996309981791963,0.698879360707613,0.5326563342538364,0.4696208552773832
0.0005690166531871723,0.0026813461455512002,0.5827528898467503,0.0033079131202774347,0.596832304615938,0.002337128952590015,0.00019688195824663573,0.5979072932704113,0.00047039824638472617,0.0026086457936704724,0.0015617527149170848,0.00028576299925204814,0.39204136883227947,0.0001530882530687604,0.0017259289392342206,0.5003347064106866,0.004147808321243415,0.9970511850631105,0.8565707724708319,0.6893639640567861,0.3883524409172959,0.37516355452295186
0.5934444196347887,0.5803828487885186,0.000414575507399198,0.58969055751306,0.0007837594491339473,0.0043025434177878345,0.00013848073104860513,3.759704990857702e-05,1.3316820011927568e-05,2.439169714140248e-05,1.5250354002992886e-05,8.32603890755733e-06,2.3506700560403242e-05,8.658192857086979e-05,0.0026900754707005255,0.000490032202163063,0.3932255883650669,0.00031795645521014854,0.49291641000644937,0.5087313627448485,0.5792273908213275,0.39105884169986865
0.4481948518026205,0.002437738936225006,0.0006120122236793608,0.005009320543586114,0.0079051292771471,0.00044985596653473293,0.0006169156485284188,0.8962202512634421,0.0009701115402810514,0.00022453484960717587,0.00014264516406633962,0.0006163040792959303,0.7047247346016055,0.0008760664936279487,0.0006388297250908977,0.011226471098912253,0.007114873310904572,0.0008692939597700973,0.003462550935923613,0.47887433724921347,0.5317971053659293,0.5251572234080802
0.0014179088509159448,0.44459903948183943,0.0006432968344374187,0.002422486528660461,0.0024168013552237563,9.008252221808969e-05,0.8802512662136358,0.0005747749650705429,0.0007597951002961235,0.0001378181061805333,8.78442188798683e-05,0.0004856179305550582,0.0003686519929904184,0.7078686449687894,0.00012923888276840509,0.0035118020859200337,0.00410906656430271,0.0009498489085432559,0.9977982307910851,0.5353838641882351,0.522736362737157,0.4571608686633316
0.012259992325032979,0.00011565545626074947,0.5779800071072181,0.5809294483251601,0.00020427294246316388,0.5888623556435463,0.00013304339303058546,2.462564371578059e-05,0.0007751962858575746,0.00016366760750375744,0.00010306750504762078,0.0004898825573574881,1.5444950913345817e-05,8.421563864599525e-05,0.39400333022223294,0.0001572928135588293,0.5009716136528781,0.9866274296637048,0.006005347144957457,0.5386406476760022,0.5939980781289116,0.43139846406694116
0.9008456963384094,0.0018113343137768178,0.0003575917071315361,0.0007900276771569153,0.005036972839403138,0.4377104659703497,0.002036303608985371,9.840883896652736e-05,0.007625662467174446,0.00020082556471584856,0.00012764583491015058,0.004846959614860924,6.25510073053075e-05,0.001306301817537454,0.2879364268644735,0.00355956089203249,0.0005627025566262813,0.00025516042443173817,0.0012800358922050042,0.5155642258304453,0.5326444333431204,0.4830338872144045
1.8949406561494094e-09,1.944527213635709e-07,1.8286121290768102e-07,7.851736448796509e-06,1.0818801579690702e-07,1.9709696963134493e-07,0.4451124283228013,0.8994991533398813,8.028907481793529e-06,3.216009403555924e-05,2.0362998548970512e-05,5.083710884592259e-06,0.7051261589444882,0.9999887745196218,0.015841969300382487,0.008697855253253062,0.9784364235152463,0.4835087162502363,0.9937962603956549,0.43587491480002694,0.5340134860440158,0.4869616058088196
0.5675223428674114,0.0017470534668911689,0.003985449429052303,0.0005254898996131504,0.5785353347553268,0.0005494248335463453,0.5769670395536117,0.001499615002405623,0.0008982589883864115,0.003911224177012244,0.002464664972053693,0.0005702385436264362,0.0009448298403119918,0.3938338959064834,0.00042491035342488633,0.49614669552230534,0.0005757873259880341,0.004467550296709886,0.0018992530245041162,0.44089638353406996,0.5492461856782394,0.5672254230870615
0.0004598816883617457,1.0637166197329194e-05,0.004659727081143394,6.003876822608464e-05,0.5856252341379398,0.5839214920236492,0.0036662187956640474,0.5816606611374295,9.855257268288821e-05,0.0004922020079658774,0.00031032995588772317,6.25235490460471e-05,0.39021846545469496,0.0028483052922082964,0.49906195563273004,0.9948606594097876,0.008148407918804307,0.93795514804886,0.014722361204936064,0.5435821002938386,0.5674965912324148,0.5680076666816627
5.203297665219054e-07,2.66812409356153e-10,5.191279661332444e-07,1.4987266909161476e-06,0.00015998043424762706,0.8963692916669295,0.00044796378479607216,0.00044683439507862895,0.44366514829521686,0.00021177736671633852,0.00013502184720264225,0.2945122000294309,0.00031735254476489413,0.0003231191413758537,0.9998847063152354,0.9933496155678205,0.6996409200201212,0.4887314736627101,0.00030627852311813014,0.5365988858014205,0.5174361795300648,0.502672452586581
0.004468384423630085,0.46262984263439555,0.0028631196048642584,0.00013814223769402652,0.9172117439158879,0.0010780118768263579,0.0017114282954673703,0.0010424615018569,0.0028833498374512307,2.7448284271378032e-05,1.700975307098105e-05,0.0017868196304405546,0.0006460179969353364,0.0010605805281906655,0.0006680500002881797,0.7025854639237344,0.00019008348240950857,0.003939672934391292,0.9938512971749887,0.4208314881488663,0.6008606182285591,0.3957908332209437
1.5360953269928416e-05,0.000788246436668947,5.107082287060948e-06,3.8456348177984165e-05,0.5955809631343524,0.5949542016403796,0.0005969650528128129,8.748663928821089e-05,0.5936679251559674,0.00016630681930374533,0.00010277943363266442,0.3910193816458845,6.615987036114683e-05,0.0004556195514033158,0.49966410678009576,0.9991562598877027,0.03127219628134639,0.0041639449411359775,0.9875952818012339,0.47747631185193906,0.3630784397778978,0.3958077669041802
0.0002777669721619627,8.252333432639106e-05,0.45326040904655795,0.0010333046001364306,0.0004145203442583357,0.0004769390851281869,8.689039050714709e-05,0.00017448903152488985,1.5924832920097514e-06,0.9206047334215959,0.7062960028485978,2.2151915487749613e-06,0.00024271942167481916,0.00012198562716541622,0.0006634355201818986,0.0005766104433621351,0.0014486740885223317,0.9995969277953016,0.18384721355953992,0.5215107530945163,0.6511046813201853,0.5692337771454636
0.0032424089949809587,0.0034485035787018784,4.275941066912362e-05,0.6082297069187295,0.6106687374453098,0.00016419008032302217,0.00036543129777672113,0.0021764858828401084,0.00035776764818740966,0.6105090953183583,0.3911662402127037,0.000265215600711923,0.0016013007244589095,0.00027134648937454924,0.00012079922672165663,0.4987683865288608,0.9950842862769214,0.00580663120691402,0.5195993729331745,0.5427786182581495,0.2785429473812249,0.5900773113612523
0.0027947549264819597,6.861358051255737e-06,0.6039972080279002,0.000839282069019696,0.0001611223572653134,0.0032099026772647115,0.6006463259738283,5.737023721168638e-05,0.5974476458380972,0.00012553504280993897,7.672950098334546e-05,0.3865673436523491,4.20243056674371e-05,0.4980839406723436,0.0033507330241343814,0.00016819300235272584,0.0008830125641673079,0.9969898048431974,0.0015147380543942823,0.6611626686625243,0.3547527552854083,0.5004473881747034
8.450141374084151e-05,0.0012387623782447452,0.5728829026157453,0.5751378531926011,0.006228452432606814,0.003935596444668293,0.5737257398102666,4.3102505921222005e-05,0.0001524204192693135,9.12641754284621e-05,5.8350561210095874e-05,9.748049350895649e-05,2.735871231429425e-05,0.3918042302972322,0.0030594225385421696,0.004841912743119514,0.5006713559559653,0.9986335095380738,0.956640041189052,0.5116741786473765,0.5530593572004843,0.5039311895980569
0.005680753201390589,0.9098170850567502,0.45362491932470606,0.0006890124814916082,0.0005383312399838575,0.005255569160560993,0.0001482377615907716,5.549862773077264e-05,0.0018735200980242188,0.000982076153800571,0.0006142036443443379,0.0011798139047727754,3.468617913425455e-05,9.35047041480315e-05,0.0032846957003151234,0.00033645639300230854,0.0004340224395350295,0.29690756212162334,0.9958985907693394,0.5419947868390587,0.45460252650979405,0.3784180258294496
1.3485491030680904e-05,0.0020118041059186934,2.1624544708750343e-05,0.8879736447193726,0.00018730734613794502,3.087744663571989e-05,0.44512504578619166,0.0005089907544859752,6.608262062503403e-05,0.0009887914985933068,0.0006282380191034463,4.227624615510758e-05,0.0003231749121212511,0.2977743904570108,2.1964214570935206e-05,0.00013519197558460762,0.9985689178732362,0.007055535981787764,0.9954517460367363,0.45539719587209876,0.5158102643787073,0.5204282679127156
2.593866903802441e-05,0.0016749793770975724,0.0002280815499215902,0.0014531478507404019,9.485471549749431e-06,0.5790599133337666,0.0006461332379178598,0.0002884816253831455,0.5781035149374647,0.5737356962774476,0.38763312689240437,0.5007201378639555,0.00032307619099583015,0.0007280922254302739,0.9973133708042561,0.002498200391155485,0.4951934220507526,0.08593657842662222,0.9896585339515782,0.4951705945337789,0.5522214970973215,0.4811322184614726
0.00016150686181908404,0.44823643857195294,0.0006141125947608279,0.004967105535264797,3.339171003270814e-05,0.00023198464354649536,8.580824630470106e-05,0.8960756174017651,0.0010496580258366798,0.0002957022194253837,0.0001883098811450689,0.0006720053084413743,0.7047247346016055,0.0001237754760511523,0.00032948691285519024,4.812153077507855e-05,0.007110432709177383,0.0008993694243900944,0.9997555135357116,0.4796384753838045,0.5328900172033668,0.5207717130650998
2.4092338795756226e-05,1.1520255770633183e-06,0.4486310560612383,0.0024542050399857505,0.00031979915614983666,0.00033104617347119237,0.8975335230068612,0.0006022955185268908,0.0002727608862252896,0.00285886146524805,0.0018138075192151437,0.00017305388776842323,0.0003821280658497806,0.704905830079203,0.000469756365072003,0.0004537969056054546,0.003482549515018585,0.9999657732482233,0.030418136817996322,0.5377666988883739,0.5345257483510254,0.47169188138553125
0.44813184070710427,0.009918502158700758,0.8971072918904006,0.0011800023761670971,0.0019649900744584687,0.00031633060116440605,1.5633939484869997e-05,0.01712108254455685,0.0008665322986293638,0.0009870599849785228,0.0006181850294807433,0.0005464480907801553,0.010716045803400263,9.876729948129412e-06,0.00019800894549540805,0.001229997391762533,0.0007444459464554056,0.6994634263047098,0.013653583831605413,0.503776988826178,0.5499280908374775,0.3788729435890678
0.0005757596397727461,0.5841013629096345,0.000602232006314609,0.0004422395782887552,0.5701177388439084,0.0008576946906157638,0.005878781073636649,1.7467430695631585e-05,4.680600626757376e-06,0.5814256083407331,0.3918988393968612,3.6522291958647593e-06,1.360116018174e-05,0.004623708109360263,0.0006642275599914444,0.4969445757597795,0.00048583258249607357,0.0006768173681379187,0.9993311586356739,0.5118086332751236,0.41867039436075315,0.48801899388765263
0.0010433767164666297,0.0010433395608409905,0.0026997595859684772,0.003076503674841246,8.563543806876505e-05,0.4520238525280759,0.8964582839174068,0.00016817927067814246,0.0006386259189221987,0.00020955998784491533,0.00013190665585492098,0.0004019804120200256,0.00010585974890641941,0.7050200580733698,0.9938242016783538,0.012432942564170315,0.5001071995049479,0.6841569067260386,0.4999845625310658,0.39716917257578777,0.48657775109729334,0.47464369095648923
5.967822945016736e-06,9.556551061066441e-08,5.337691590494513e-09,1.3897325888381101e-09,1.699623202581721e-10,3.6980106066492864e-10,6.405782671698086e-09,0.4571191393492452,0.9112345238044256,7.734622570487953e-06,5.245075088121398e-06,0.7039939166520398,0.9999916877233499,0.0006895783706075131,3.944378296449587e-05,1.8128575996384364e-05,0.00014939892350312664,0.0005748558307477523,0.01019348443164031,0.48914725628257183,0.41112607219916314,0.3930112079679647
1.5351743334730987e-05,3.54621401966846e-07,9.144069421990052e-08,9.328727339690429e-06,0.46420989331963525,0.0001675336746901164,1.0148777755513855e-05,3.4779952926068613e-06,7.630729959085664e-07,0.9278914777915561,0.7046878427765342,1.0464822571007355e-06,4.7697405813502405e-06,1.4046884308967396e-05,0.00022975617615017356,0.9999753067894835,0.3497581512408129,0.003827700345902278,0.01470295207128066,0.6564934803617644,0.4843010346134347,0.3868820818386957
0.003352520332258679,0.0013705724140683077,1.0756740371812149e-05,8.884604853992268e-07,0.00010702179087392,0.57486225236107,0.0005909286868553743,0.5811607889531974,0.0007409080557797505,0.5816468949971983,0.3937027450481404,0.0005770086995839454,0.5034625763062516,0.0006604558848586406,0.9959873553642339,0.018805981885188644,0.0001573959145579113,0.0019090875919888185,0.24705994040059837,0.5432389185918061,0.5116771437680073,0.5354812191326889
1.1450129916294766e-06,2.8283052051380528e-08,0.00040199679271014287,0.5778417511770197,0.0003269358620881612,0.5809877398148684,0.002030791108299622,0.5815416405964576,0.0002332867368364657,6.514632475330848e-06,4.536777066324561e-06,0.0001485374305285213,0.3917495997019011,0.0015861313062409677,0.49923188510008676,0.00035737824741498026,0.9995563049748682,0.9982036076860428,0.015721813063280188,0.5435821002938386,0.5657652131588568,0.46526281657770774
7.032536986125423e-06,0.0034308167282704263,6.13237820533387e-06,0.44844725665642066,7.270390535198258e-05,6.0547410904271513e-05,0.9037343408520981,0.00045604015421219163,0.0007848801083916503,1.227029400711833e-05,8.048803104430155e-06,0.0004920966561450586,0.0002837715431285412,0.7086901681982354,8.527999544235805e-05,0.00010390373007597366,0.9951680603581868,0.0011733497321713138,0.9986091354552693,0.5189780521725801,0.37661244982601083,0.413362298979972
0.0006120011568648153,0.0006354869311648533,4.291442831502325e-06,0.00013036045482419395,0.0001652045054247188,0.9019053671041493,0.4480978780202281,4.8550167445261e-06,0.00044891514276919163,0.00021478987842985203,0.00013577581636154703,0.0002850443204483522,3.059549258113769e-06,0.29750053100695034,0.9993503355949586,0.1148929914161127,0.09270640108593797,0.003144451176893215,0.5020046685198334,0.4413129109791917,0.5308270283695783,0.5762815536348012
1.2414260147342658e-05,0.0003918447531601525,0.5780236260543286,4.118639094470425e-05,3.285448342853769e-05,0.5879927174933193,0.00034102148480414925,0.0005144455474231283,0.00011747080522038258,0.5842182627331249,0.39100698221306096,9.0267900123375e-05,0.0003953145707765425,0.00026447566200105615,0.5023682932791359,3.583725392730108e-05,4.527922670915863e-05,0.9995723744014049,0.979837365317294,0.5040476781036041,0.557213316584548,0.3977627670152069
8.627974229939245e-07,0.000388733433401082,2.0418271442211376e-05,0.4516944924559007,0.002288547544475869,0.9020346605717457,0.0003414797209319658,0.00023182424074509616,7.413706027739606e-05,0.00017323848784837109,0.00010932377355461832,4.678488814697468e-05,0.00014629486585275852,0.00021549399509729233,0.7044471824675742,0.003225457989179185,0.9994513612966969,0.03340774951731433,0.9985870188929352,0.4759899405761153,0.5881309361632876,0.5216253468018288
4.744622425852427e-05,0.0011310465988005817,0.0011200227822509713,0.891434260791211,0.0006074241650239737,0.4454727761646873,0.0014471289454876474,7.589108408732487e-05,0.000769474065349346,4.369971456538816e-05,2.8163590333030175e-05,0.0004921855506200741,4.8177502016528794e-05,0.0009271743288638279,0.2930354882851084,0.00043040430956170495,0.9988661970719457,0.4996831340035415,0.9733098031492047,0.5460033704319449,0.5156003489966566,0.5216376203783714
0.595378086105661,0.6034464982301225,0.0003666417328022239,0.000671264011534,0.002656950941589872,0.009478970207913434,0.001320269625962523,0.0005307504684131865,0.00021424555904416492,0.5728393473758628,0.3783024265603078,0.0001621060472212438,0.0003985624439250193,0.001000620386718559,0.007118295675789615,0.0019953431087376683,0.0005080826709975483,0.0002780174970525494,0.5042808556542508,0.5068744126777902,0.6491314147193422,0.47055263173490847
0.00017159728189259087,3.77488231692652e-06,0.0001677799504818135,0.00023614194002147262,0.9441424961395484,0.0004403947591382859,0.46861351761193815,0.00021355927033467337,0.0002832610143187919,0.0007507748566816409,0.00045262177135449184,0.00017077039161186294,0.0001287490978831786,0.2956411212070871,0.0002969504776303698,0.9997715352652545,0.49580125724094753,0.49583826424966787,0.014002239406886996,0.44758031133935966,0.39735946547169265,0.29337461641779544
1.6197361129022723e-05,0.0008634964425236441,0.5709530753891354,0.5768176413738846,0.5778458696072113,1.82812664906768e-05,0.00034280444701254557,0.0005177177028931065,0.00012695274662510031,4.810001157406235e-05,3.055687406594579e-05,8.065026821798417e-05,0.00032889459512601166,0.00021979140720810252,1.1613666925671792e-05,0.39126345482518676,0.5026740547379565,0.9990462958608788,0.988059610281515,0.49188975498432624,0.5125060236299064,0.5434752019781823
0.0006399023746017767,0.5892308042160264,0.0013457112923338723,0.00015141384779308257,0.00121249398155043,0.5805787161308262,0.0004841221333378642,1.9024385211839846e-05,0.5845426795160726,1.5841861521593163e-05,1.0348472007415144e-05,0.39390492545782474,1.4641391165997121e-05,0.00037603404678206067,0.49529578562912985,0.0013100284636835499,0.00016488185127909536,0.0014680764019647824,0.9993086256194131,0.5781715455945574,0.4165051339384967,0.45131094256560794
