obj_0,obj_1,obj_2,obj_3,obj_4,obj_5,obj_6,obj_7,obj_8,obj_9,var_0,var_1,var_2,var_3,var_4,var_5,var_6,var_7,var_8,var_9,var_10,var_11
8.08269513631727e-06,0.0016896143853438652,0.5804175047527973,0.5797583836461316,0.5753912238947687,0.00019468696287507997,0.0001269139614674941,0.00016140899378692345,0.0007085518719579569,0.00019427588755034105,0.0001234281625844121,0.00045016015697090607,0.00010254705869757255,8.063152677036617e-05,0.00012368936451193587,0.3893894818817927,0.49963697380576605,0.9981467630012996,0.996954592520144,0.5373391899883757,0.4800196066353174,0.48431916457558305
2.4341690122506786e-05,0.00038247517117696324,0.8961796003961615,0.0006794943880804193,0.4505187598648486,5.561886769759276e-05,0.0002495908760813651,0.001024495494285789,0.00022654229057284393,0.0001423311927729016,9.033544034887508e-05,0.00014378294377489272,0.0006502318211608578,0.0001584116171471337,3.5300468913599563e-05,0.29654601097214084,0.0004826927995497982,0.9997277511580768,0.9595384719740498,0.4577747556226318,0.46753532212342375,0.4854453409915359
0.5876077474996033,0.00027291525877316705,0.006390901277602962,0.5790716090243656,5.740520715632672e-05,0.00014642098358605743,0.00015689280766225476,0.5860947999838505,0.0003451545108411905,0.000979702853357047,0.0006162990759882121,0.00021712550489310107,0.39322463325394375,0.00012106593222398169,0.00011298537801623975,4.429658198667981e-05,0.495323326502612,0.006923688944177497,0.00029567894256349314,0.5885267480421912,0.5610871203369311,0.47908864298897086
1.9244113093968737e-05,2.6567829691341947e-07,1.7703641467365366e-07,4.069768958892631e-07,0.44723438266786286,0.89695136031873,0.001252279387528494,0.0004496960473781782,0.0003391085972738542,6.549732587840129e-05,4.1602541089046994e-05,0.0002153947424797605,0.0002856374593225632,0.0008123757081615721,0.7055379313930502,0.9999725970102705,0.013459474325513587,0.005899304397389428,0.00878841303918143,0.5261893094608637,0.46223741454759987,0.48750853277185957
4.5478110863597715e-05,1.9770478543150677e-07,2.2115615652439963e-08,9.257137158410369e-08,0.0024440500087622246,7.444101760216457e-07,0.8957524977393725,0.44878733342771043,0.00301079220171515,3.959543286520691e-05,2.5159507236801655e-05,0.0019131035262680562,0.29568408828940707,0.9982626940773618,0.00019386845432904903,0.9881552093844095,0.0012958348348971335,0.0003095797909864646,0.002767528822982812,0.5078480757261349,0.45783589178718115,0.49240913692371313
4.226910899438007e-07,0.0004358621476861285,0.8967881464461617,7.487404624294377e-05,0.00034077326042402604,0.0026139990920341135,0.4538903979831908,0.0005127969003872465,2.9530037479005075e-06,0.000282324620810091,0.00017910921359048226,1.8734115057283105e-06,0.00032532288441786594,0.29622610429557433,0.0018556340389207227,0.00024190985506210774,5.31519963623162e-05,0.9996905874963273,0.9993826177256881,0.45608203581741147,0.46056041546552784,0.5009452697841961
0.5817511169403259,0.0019395032173443742,0.0012578268742399787,0.00017451287810892703,0.0010726934255821708,0.0002998574383290799,9.23417367175356e-05,0.5773163523778357,0.5789517933313673,0.0003833336126961596,0.00024319769147526128,0.3915214239976362,0.49756109529407944,0.00010105008603834584,0.00032813571214527007,0.0011738553284040545,0.00019097078642574389,0.001376450748635849,0.0021224222630235046,0.449406090610076,0.48016194153758507,0.5223826452986023
0.46178637808686024,0.0001513356442366771,0.000239033057809176,0.0015756636467257339,0.00010141776610124318,7.654482961916716e-05,0.0004049371077302741,3.909731350059741e-05,1.720114785179001e-05,0.9266766621063854,0.7034313338156658,2.3449699656315684e-05,5.329991369401299e-05,0.0005638017041141273,0.00010434986330683645,0.00013966690300580044,0.00214803612806491,0.00033112523179999525,0.00020630405020223954,0.5611281851804099,0.43497840069286187,0.322054339312026
0.5844786478637899,0.0029633325878855163,0.00023007097433842068,0.000943846611210854,0.0001580076764186293,0.0007758997608068485,7.267935816901494e-05,0.5739503658692986,0.00133383894160159,0.5769653548298719,0.3906454717275486,0.0010365939258652392,0.49421091811908274,8.084951273275247e-05,0.0008451086717500816,0.00017210181787279794,0.001028034682136149,0.00025245123085842406,0.003227660866804316,0.4669499464477852,0.4806699261773784,0.4776857173245602
0.4476261682625706,0.004241376002309241,5.402302332028212e-05,0.0009452315623646236,0.0010899686990594988,0.8964612091280435,0.000125585269921895,0.0005121418366800358,0.00023268188387479135,4.295138991259816e-05,2.7288741318109296e-05,0.00014783213796677118,0.00032538428026761246,7.978937357659796e-05,0.7051635035120007,0.0015500915810057001,0.0013442583007516342,7.682879891952612e-05,0.0060319597334607695,0.46102881703043364,0.5008491201208124,0.47775939718410826
3.054894962036708e-06,1.4513764022921122e-07,3.1688052067280126e-06,0.0002733208970782433,3.900376433380882e-08,0.5837282528414521,0.5755086330700319,7.894025575961046e-05,5.424354067930067e-05,0.5778320985347737,0.3908931423675134,4.212694980900711e-05,6.130706367326677e-05,0.4954860604451431,0.9997018748686578,9.083588204666755e-05,0.9897431955832994,0.5112919273983486,0.03022299200388745,0.4518125236719307,0.4916973718670161,0.522895922662856
0.00027565835163788566,0.5899374215942071,0.00010909571147737551,0.0001644105632294625,0.5883403748396145,0.5871062771996844,8.482098975393031e-05,0.002328158413293519,0.00018758858840337573,5.944118759397909e-05,3.712684221634057e-05,0.00011716744318571756,0.0014541633991344903,5.410834268664612e-05,0.39079037747762313,0.4991387124859058,0.0001774209687453891,0.0001186019550741069,0.999702528370547,0.5791797264891854,0.5631798062433018,0.4052042857227806
0.5780184768135441,0.000773495658898341,7.89885085932368e-05,0.5857080466739746,0.00019537426746408504,0.5804011496216592,0.0001907906673715832,0.0012161720490046287,0.0003287148813994922,4.209215260636682e-05,2.661081901159909e-05,0.00020781480237892894,0.0007688680117671124,0.00012318952800977696,0.39106662899319655,0.00015114853049164723,0.5042066290350296,8.84028150950622e-05,0.0008519120278970265,0.4412353247046551,0.5268606022246991,0.5530118847254574
5.154646276909152e-05,0.002284888035992186,0.002285383308346358,0.00041155287181141395,0.5800435450637108,0.00012593887236808605,0.5802060426769159,0.5755943869146513,0.0008940289300167498,9.456026571323874e-05,6.00666365619118e-05,0.0005679057444672828,0.38947444597021513,0.5000841320575391,0.0001382205023462926,0.9964240639273065,0.08062925763304815,0.4999880094227322,0.9856404639875198,0.516335507560006,0.4575950180843917,0.48827416379583055
0.0033596678197164837,0.8940010043916238,0.00045228353706255837,0.0028003367983060624,0.4500170111102859,0.00021574386542377999,5.3570560720407114e-05,0.00029944174793722876,0.001378674477611015,0.0004003770439307329,0.00025473954288502163,0.0008751313142543122,0.00019007421255538387,3.4729415023616764e-05,0.0001369450057629282,0.2994875651578571,0.001994165242335378,0.00032727864512871463,0.9975805929213608,0.548730765381262,0.5030765004694066,0.5232734503103409
0.0020326853530335393,0.5838815354129933,0.002244188289255808,0.0006177075424387897,0.0007176556808271481,0.0018333852263195572,0.5885253674648545,0.0031075452840235046,0.580194252077772,0.00012531865819677675,7.905567357918643e-05,0.3899369532660865,0.00239592274432926,0.499961919458977,0.0019989454732034784,0.00078246477792212,0.0006734914376358735,0.00244687414107031,0.997783723122284,0.4492952169580947,0.43880044471621166,0.5533865131476138
0.0013939226403594297,0.009362872156291988,0.19323588574359288,0.02220810795931604,0.5130772011538088,3.5501606854487304e-06,5.9342639849092284e-05,0.04324829801961987,0.0007493146977189568,0.004821388656963465,0.0034831482669238677,0.0005208648299838293,0.054325486064554424,0.00010882673498442252,5.6809397058887184e-06,0.459465266715595,0.44875246483041187,0.959579800560865,0.46515297719460225,0.588694922564764,0.6223237099099936,0.4859592466591466
0.9110215568589419,0.0013918964859259474,0.0006355000055665119,0.00042481897269139166,8.585264321023876e-05,0.003244491438373861,0.0001835337207605518,0.00015519671242772057,0.4550446056406062,1.3828290555569593e-05,8.644747111299673e-06,0.2949054528589177,0.00010845061845067311,0.000130597392750062,0.0022672367480160126,5.9993741214693945e-05,0.0002968627648785468,0.0004440818495881992,0.0009726544943349147,0.5985794324786057,0.5843759095874294,0.5388723833843726
0.00011107869477621414,3.794900124226659e-06,0.00869258446828473,0.9089660944239103,0.44300850364784505,0.0008323992414530773,0.0005878657703646326,0.0020204781309340774,0.0007198592850077506,0.00017385024532953018,0.00010944918453085331,0.0004531947539153566,0.0012720129757795573,0.00037798591980639507,0.0005240463636502024,0.28869462763929593,0.9938664512275672,0.9919205431864749,0.02174105286417094,0.5379585897014099,0.5726771576611966,0.5670132708785358
1.5152826183881814e-05,0.00011449639633051034,2.860496251658965e-07,5.574869606111909e-08,0.5809042334105293,0.0004507510904481445,7.535435394326226e-05,0.0007040544769202587,0.5777339573621609,0.5796125099364885,0.39267978479071414,0.49825810137223303,0.0007715810424831843,8.434201758550028e-05,0.0004939835158699064,0.9998734285778215,0.0003072931139114589,0.0016022237777911898,0.9162342071646552,0.5507432746499838,0.4806356054203289,0.5376392377704149
4.3405622731048764e-07,0.00011146135061387148,1.1522739940327851e-06,2.377935037557393e-06,0.0036986543258499963,0.8981807490717616,0.0005130383838374883,0.45322052172490335,0.00039552421727182175,6.0478420917161964e-05,3.83598694584292e-05,0.00025028446864967617,0.2975041192880959,0.00037138557313887936,0.9973505586541136,0.9810094397999848,0.013742002715629698,0.006687489718834563,0.9974699820623595,0.5501484173242328,0.45452377175339154,0.4617055379978912
0.0023110950476817214,4.1030001421970145e-05,0.8950165924438996,0.44877721387110053,0.00033873688628952063,0.00011644892457606124,0.00228253503161526,0.00012117666261759333,0.00046552241550190307,0.0032980414203182345,0.002097006138720497,0.00029599595774383776,7.704850246834593e-05,0.0014513195479318175,7.404262865401098e-05,0.00021538172349650766,0.29588803371045297,0.9983558769849854,0.01130103516692485,0.5009622001002273,0.49499145058519756,0.46518676504633233
0.00010589849507728895,0.006406931246056933,0.4464934163547579,1.3102142822947929e-05,0.0008621195570052265,6.200011093369869e-05,0.0002888574032305809,0.9029804073074427,0.000162917388635918,7.4813189466734265e-06,4.7279740242359725e-06,0.0001029590090218935,0.7076335483936971,0.0004193503278873928,8.839275963438834e-05,0.0012291140817304329,1.8679579607576075e-05,0.9908641579005433,0.9894784487477881,0.4431479638196618,0.5641608259819517,0.49721133764574427
6.174914926616642e-05,8.675640762871408e-06,3.8604187689317984e-05,2.023227956413496e-07,7.358496383452864e-09,4.778780130040372e-05,0.9997506108220996,1.002532208713872e-05,7.498702109877849e-05,7.350374403502421e-06,4.596516588563398e-06,4.6892725159035776e-05,6.269279941328545e-06,0.9999452612409513,0.3676511775235902,6.387619965061461e-05,0.0017562845885509047,0.3529036297798165,0.08886234298408102,0.4986808009797017,0.6314079262298261,0.5275795092962313
5.292603772106983e-10,0.0,6.439358227165964e-05,1.4043373906762222e-07,1.2197935592373316e-08,0.8993918840879466,0.00012461375647452496,2.2172000891507185e-05,0.45000083045225164,3.925204707383884e-05,2.4905695500527483e-05,0.295342239568978,1.569424420629394e-05,9.008662239837552e-05,0.9999536840489577,0.00011994971881015755,0.0013663241833211449,0.9999947777762175,0.048160677353273285,0.5387021706187336,0.5582409649070462,0.5281016480137568
0.0,0.12192216959781442,0.0,0.0,0.41432840640669827,0.01674794679320791,0.0002690744132343529,0.044333343657109205,0.0,0.0021904200453628183,0.0016302508260367455,0.0003414514095083608,0.05862082835850635,0.0007924765546058951,0.24509564582503007,1.0,0.5128641791429766,0.6028220113198179,0.4624252649544859,0.588694922564764,0.5790280593861312,0.5563096237370477
0.0004714661870064087,8.40435312350248e-05,0.004534711154038185,0.5889513771023817,0.00014602273463891856,0.5867927134096222,0.00028281605128903446,8.905267957210287e-05,0.00019189916055516428,0.594066319527302,0.39497253289845646,0.0001469427234566346,6.819020722647901e-05,0.00021656041887491473,0.49882161867344066,0.00015783675125216525,0.995071099546246,0.9330166156943611,0.11230416562817458,0.4648277751669182,0.6410402750936465,0.47363762500133094
1.6439385278257217e-05,0.0005227292187261403,1.5895514845555047e-06,8.354458043370177e-06,0.5877965913649374,0.00020774019317209606,0.5729335779763912,7.014435324315293e-05,0.5817836433113752,0.0002148481108498783,0.00013594774255535762,0.3925347952263197,5.440275065706663e-05,0.4918484582782351,0.00022499527653538983,0.9994334975462682,0.010168760594119752,0.0019349152403330197,0.9799854512740933,0.4502703933601242,0.5569255873282116,0.48042945543029536
0.00040683493967388267,0.577874963510672,0.0027345908832335283,5.6466451082398144e-05,0.0006047770828958306,0.004088112649907687,0.00013215339239765325,0.583662179071772,0.00012520705091794034,0.5758754835209943,0.389282145535646,9.704607151767632e-05,0.5031607561652829,0.00014824448210892048,0.004503574835052692,0.0006662502384963785,6.220599424853145e-05,0.0030125294460235804,0.999551808219066,0.45463524394311106,0.47197100722999114,0.5167305852341093
0.001661087513111551,0.8991177804054006,0.0006976575011609068,0.45174878597913015,0.0002594237378978055,3.9168851042808384e-05,0.00014606155134544544,0.004351124642738095,0.00022551187048784897,6.6525607325248275e-06,4.2089378331114195e-06,0.00014267670595026537,0.0027528724708931925,9.43806277169823e-05,2.4781539227830036e-05,0.00016413342965278374,0.29640700675862053,0.0005019615109991628,0.998823865933243,0.44642974509015937,0.4533310045909905,0.4656434064821804
2.4293899815781385e-06,5.52557920574488e-08,0.002327993804412851,0.5759489085135633,0.0010009176496660933,0.0005922380655957083,0.0003681136527213452,0.576415774740902,0.0015569957312877127,0.5803081921765361,0.393968243702463,0.0012164374426626703,0.5002546043793974,0.00040688679551863666,0.0006546182739774342,0.0011063448687543959,0.9974267862995728,0.99933548056475,0.014477241601579593,0.5116629091111539,0.49786848468241895,0.48486807666518494
0.0013853071897135174,7.380204681200952e-05,0.45737626312527957,9.275845763723129e-05,0.0002963710397201765,4.1790672119855795e-05,0.9087269320717948,0.000171769725332438,0.00015001457124577685,0.00016021426584246455,0.00010025715476466113,9.387450103832556e-05,0.00010748820810306103,0.7031452474564247,5.816794996326846e-05,0.00041251542961378207,0.00012910944556651562,0.9980690692702254,0.033883797122594,0.6284322702418771,0.47727018325217846,0.4818873260266757
8.03054656578477e-06,0.00030504071268781064,8.947222208621657e-08,0.0002841342200482302,3.089229464368999e-06,0.5810739561651719,0.00038142898143882827,0.5799008065242172,0.00026703928793371534,0.5797314627647118,0.39143534088582654,0.00020708429461382697,0.4993565538325427,0.000417890238185461,0.9995431815406519,0.0047167108958491785,0.47730943035950657,0.00018666379098353225,0.9832441247117886,0.4943509786658326,0.45369465151125743,0.4468790310335653
2.6631467818192053e-07,4.3403457629499085e-05,6.926549537425638e-07,4.3220348037762406e-07,0.9023054584071084,0.0038028869050563833,0.0001563459037206161,0.4513569087426553,0.0003970289526981443,6.188815257675876e-05,3.914289712578944e-05,0.00025052540304961807,0.29528021507239643,0.00011265983828869544,0.0026831042864311544,0.9999693708900644,0.006338197643674243,0.010322645806924047,0.9960938722209792,0.5383892165729486,0.415619884549442,0.48233960566488343
2.7496558725142785e-08,1.0473409250305078e-06,4.610583551398378e-08,0.002804535819845496,0.5848181243889132,0.5786299702140872,0.0008658479381864669,0.5861358586508163,9.727597601073846e-05,7.141953518638031e-05,4.5116001269351614e-05,6.130604661848068e-05,0.39409058540982495,0.0006842905782334209,0.49661044391830067,0.9969470826250548,0.9997619294744756,0.028448359841391213,0.9832908163905729,0.5888190028580841,0.5256341435519577,0.5399503814409575
3.0504186790210205e-06,1.8808630468584774e-09,3.0046956284416324e-06,0.00025289698651042957,3.2418890570119975e-05,5.836750120937795e-06,0.5798956873934041,0.5799996783447081,0.5803626666312556,4.406326974025921e-05,2.791925236123872e-05,0.39204122667618213,0.5000570456458114,0.9997199805807946,0.014569048816503036,0.08115418982042169,0.9892225814743799,0.49519282218499033,0.00039253446133039396,0.45662184148510365,0.4494760147386956,0.5174412984567412
2.774710122996438e-05,0.0015428355141669234,1.2463652728573935e-06,2.347452317269892e-06,1.5649175358215614e-06,0.5840803508703142,3.112265039119903e-05,0.0002120689728430898,0.582666755527149,0.585683575625595,0.3937171588853253,0.4992305363946108,0.00023114572505785223,3.464545790992175e-05,0.9983181687735042,0.0006522303223074344,0.00096850674381315,0.000522523178594667,0.9883170263646697,0.5718210608729017,0.46347020644737424,0.4220992626014722
4.156725299366737e-05,1.866199483642502e-07,0.00041200778325946536,1.5483521847244561e-06,2.36222999361514e-07,0.8973367957397836,0.00011428478094546486,0.0008622831297471669,6.03326847952484e-05,0.44832604864897607,0.29497275339048684,4.280327971663538e-05,0.0006117505272404842,8.107986146946398e-05,0.9997062131940967,0.00036315719591182606,0.0023803635141717294,0.9359877168238478,0.00285814294344397,0.4507071747488419,0.5023216651109337,0.5257928705339503
9.16314047002072e-05,0.0021301699449515193,1.944802261526103e-07,1.4444451688778377e-06,3.472229412656136e-05,0.00018172318919222415,0.4463675487789799,2.3346466106441695e-05,4.692039376564568e-05,0.8951626326296664,0.7008893159680455,6.571662782035772e-05,3.269901963756888e-05,0.9970025020142915,0.05412149820371517,0.010366575100866277,0.00043128653639303005,5.806787485755452e-05,0.9726320648419924,0.44059186759784613,0.4830598285729632,0.48839792936091786
6.631777606048551e-07,1.326391990509483e-06,0.00023682602296606415,9.550879452301616e-08,0.5796465373483731,0.00029806105867551667,3.438848210839031e-05,0.5792488035555127,0.5789052068553462,0.00039252595293296237,0.00024906294327840697,0.39154549631420155,0.49978144903388183,3.845908197963832e-05,0.0003273571596995916,0.9997398942635622,0.0002567378812186605,0.9960136687519417,0.7048400758597454,0.540013897958545,0.4610226822044592,0.4858761288643698
0.00021338779984289992,2.1175171365957767e-06,0.004587050581686439,0.6401086067626924,0.637271117686752,0.0014664958990857424,2.0031484273842058e-05,0.00032446451633547346,0.00018871020632747816,0.6287734821056531,0.38713810565051365,0.00013300362839509407,0.00022868373709026153,1.4376406215444717e-05,0.0010335914942769643,0.4985780090867325,0.9954331412606422,0.9704043443913216,0.006317187163213242,0.44281617840277593,0.19050609194490536,0.5387729470143479
5.086890422669304e-06,3.019843864348511e-08,5.072039699336398e-05,1.9521298789947975e-06,0.9065832468730556,4.3805684985711854e-05,6.316721240207165e-05,0.0001937139029102938,0.0012793514010524434,0.4490132058956304,0.2927590539701844,0.000898384372844803,0.00013566128648708563,4.530265755297337e-05,3.0761172841245845e-05,0.9999636062103758,0.023700901160938596,0.9373692690830884,0.0037792653917874813,0.3923699251433255,0.5027142487778535,0.509674737699798
4.8405072018462606e-05,0.002660854930812272,0.44909239547859114,0.8946258951417555,0.0017946858532304464,0.00022220626379109747,1.2995448603631464e-05,0.0024191451961385353,0.0013699883344605098,0.00022722401151614236,0.0001445071768361144,0.0008712688874242857,0.001538501495160374,8.415835218877072e-06,0.00014131651737632315,0.001141367511920629,0.703818679852717,0.9962274383961884,0.9884201917573537,0.5240128756058887,0.4945214853845102,0.5204545521578331
0.0002016533783445982,0.00015143462116195842,9.626403988317795e-07,0.45382490923925206,9.440916322598665e-05,9.768691102585294e-05,0.9097615300460913,0.00026115107401830954,7.943295636497833e-05,0.0015836677439748158,0.0009916598015211311,4.973930537701785e-05,0.000163527505255168,0.7054240695993526,0.00013703392186412773,0.00013243594309647703,0.9996462376411219,0.0024301069582639743,0.41005850732074317,0.5928775395290626,0.4748743166067694,0.586118121937499
0.0012585951941973628,1.803395655789017e-06,1.3673491378152547e-06,1.2807003925268593e-05,0.00029733672010266406,0.5802462521715398,0.5689556124076078,0.5774544390470051,3.917157772430551e-05,0.00019147179675672578,0.0001214223191408089,2.4840754361905122e-05,0.3901639002288634,0.5004576986499361,0.998581053552192,0.1476834665850182,0.006477783264674944,0.0007028085295948186,0.0009121862102201375,0.45731628020892745,0.4647161836504703,0.5287021754102234
0.5817875676702231,0.00011020490592838263,0.5764702371329381,0.0036819910631085565,0.001304725563739462,0.0006247049185875015,0.5772840217807359,0.004592657667334217,0.00038437599375510246,3.0516108035482663e-05,1.919380973978155e-05,0.00024119729901363917,0.0028819158441107883,0.3947951781610286,0.0004817037706412125,0.0010060611429150458,0.0028391464282898314,0.5021811797085072,0.0001205911303729379,0.3907822712639888,0.4617618081952485,0.4662787622574678
0.0001106317369766726,1.2709517060072505e-06,5.817594784481173e-05,3.471180413650678e-08,8.490639568789092e-08,1.2479136638977468e-07,5.512007724833542e-06,0.9998072067068859,1.5032032151260345e-06,1.545503608047982e-05,1.0766223759575828e-05,9.632806947684378e-07,0.9999174224672844,0.028015575849096294,0.0006076017802199972,0.000427929936623923,0.00017951017047141435,0.2986101136717595,0.007124706853985918,0.47435702757480946,0.41870821533228764,0.5419399285114543
0.00015387440316236653,0.000322405039751395,0.5816072794061471,0.002353702526270705,0.5800341543532694,0.00017322354049616496,0.5520137423177289,0.0013967345026522453,0.001018723831209067,0.005570054377095252,0.0035358439984529574,0.000645176883806288,0.0008845766847416595,0.37905583731981124,0.0001325076423578797,0.4972645975381913,0.0025353908170338297,0.9996143813934651,0.7137274793318609,0.5275109614164613,0.48152745022783466,0.4357358625763001
0.5808237406512926,0.0019502885999031474,0.001317549280856051,0.0003923439551631853,0.0018155352021382806,0.0009372954821238588,0.5688316272111579,0.0003030999175722873,0.5780070651824537,0.0009502040284733049,0.0006036358157536148,0.3903335761342207,0.00023488489123709203,0.500069611684499,0.0010273266483859943,0.0019899291302920563,0.00043003064557374504,0.0014674487483150242,0.0021376254886943486,0.5545734798597933,0.5140479192249893,0.5360082647195513
0.004363871907586213,0.5947416105701436,0.0011839677402046024,0.0004343485305489605,0.5906216345381751,3.0659099944503986e-05,0.0017965674350092966,2.848182438739805e-05,0.006079842540390343,0.5922833887533228,0.39161095967339754,0.004617635868236131,2.1632291861782354e-05,0.0013935997443460212,2.328601197441386e-05,0.4977796555336679,0.00046492043132556474,0.0012767017079509026,0.9953289313413902,0.5754935509028934,0.3958209798481202,0.40098492639400823
0.00466574013870526,0.5831093004614517,0.0012993979378848036,0.5744462537630098,5.1045342649878364e-05,0.0034772202281766144,0.5643620638126331,0.0004441562628810151,0.00027434370997598076,6.446775234227644e-05,4.109117195691045e-05,0.00017445569221750403,0.00027894393266866114,0.39057271826348994,0.0027043444783907645,4.010449003060318e-05,0.495225124362177,0.0014415079155601258,0.9948488111533695,0.47575943595390574,0.48033255096267646,0.4875713280578423
0.9092771797047625,0.004190569787391817,0.0003865930718713732,0.00016828105291825642,2.8778897704894207e-05,0.0002383699527974051,1.6076521253517986e-05,0.4554542538846328,0.000704446363320121,0.0004096331382915533,0.0002564280432357328,0.0004409795249432905,0.29562187457881883,1.1495611502933831e-05,0.0001668921698214176,1.9932323925753474e-05,0.0001178186857676844,0.00027504579177076746,0.0029339780079243464,0.5361483891557598,0.5704054797640261,0.6034891748571344
0.0004827153409578249,1.5642953257646834e-07,0.46697600084799745,0.0015756432753786524,0.000563504490672742,0.000261780964668975,0.0016200555076526272,5.6333718975152306e-05,1.746847636400697e-05,0.9288468093457012,0.7034313338156658,2.381413890691761e-05,7.679771176043941e-05,0.0022085672373026444,0.00035687864332269,0.0007682101265952257,0.00214803612806491,0.999341923275286,0.00020630405020223954,0.5611281851804099,0.43497840069286187,0.322054339312026
0.002533638192782825,1.6886977625246477e-05,3.1151102279880482e-06,0.00010322118987830873,0.000623045995198647,0.4482557308784866,0.8970042240969083,0.0040875529418672365,8.10313888350813e-06,1.8828581614889124e-05,1.1953383696855442e-05,5.144302965408935e-06,0.002595002906153403,0.7049683497997611,0.9962915497764733,0.1533793232682849,0.02592115323549296,0.0007827067506800587,0.004243078073688844,0.5004824983801881,0.45314438327155226,0.524230127576899
1.3855503323479446e-06,0.0004084219122335701,0.8999470667493634,0.0006102361328421425,0.00015726905287953194,0.45058107300876626,7.149226180947877e-05,0.001125756921068951,7.008380381841663e-05,0.00016325287451352864,0.00010326455255461279,4.433105838731401e-05,0.0007120904341103582,4.5221997812405556e-05,0.29551087105058166,0.00011125160356284522,0.00043167904289665403,0.9997110819594462,0.997840308448293,0.5430635885887718,0.5038460812931684,0.4323618571610926
0.0035067814929680367,0.5772300675893547,0.5693542334352023,0.0003898578385352345,0.0012934657007661653,3.5928514099890005e-06,6.366321151658691e-05,0.001481530526691281,0.577513639125801,7.612972998275098e-05,4.8430553288345365e-05,0.3916274926437496,0.0011540514325185111,5.0648111259067775e-05,2.7986878248176467e-06,0.0010075582924988311,0.00030368273892167287,0.5007263669865551,0.9961324510953772,0.48524451197341156,0.4828234447029058,0.5145869100505109
1.0102310908769417e-05,0.00019510706031261162,1.9110790822524136e-08,3.761653269266015e-08,1.2938324333859368e-05,5.857396965301668e-06,1.2070536920817736e-05,0.8960475129315999,0.0002921561780293284,0.4457677826599227,0.2938836735987401,0.00020756978376324422,0.9998605652678825,0.039179510763863556,0.019039283829800368,0.042098833877405484,0.0001225757335776938,6.227366185350414e-05,0.9670663243042739,0.5263121156385778,0.51059812192122,0.4996518105867875
3.1581145063951367e-07,3.2779126479391616e-05,1.544646666397907e-05,5.215038837146125e-08,2.930921305545047e-09,7.669524938061749e-07,2.2758436993417415e-09,0.4550207889684134,0.00010396512350164549,0.9084079692208611,0.7043752528439233,0.0001454577976602564,0.9999491390726045,4.0704913763093045e-05,0.013432151584090751,5.1338788103883046e-05,0.000913476427530046,0.2842919715464407,0.9938666400145494,0.5797738443986434,0.46634976568767433,0.40780390480953016
0.0003229651881257165,1.1120690026747684e-05,0.5787610795044742,0.5850244784437489,3.084174627257641e-05,0.5772756988124266,0.001422135618803564,6.755604741275249e-05,0.004014032868872559,0.00020801326768304606,0.000131338285714213,0.0025285206880627797,4.255509066256746e-05,0.0009149299885211282,0.3870468822207877,2.3669286354797547e-05,0.49832320557070203,0.9996462588565818,0.021668129868302688,0.5160700951955032,0.4663664728069668,0.40382991514521477
0.0007616749765966451,3.297012984082908e-05,1.3112217414391565e-06,4.041169280081586e-08,0.44685543683576157,0.00040171734975596595,1.6078295205375127e-06,0.8972173076628834,0.00022643363520540613,2.2302432325732875e-05,1.4165065552753205e-05,0.0001438160316775156,0.7058282648492733,2.2906158807561774e-06,0.0005723120847831789,0.9989138508267879,3.374507093740391e-05,0.0010949131171766999,0.027539754564151364,0.5245830757364028,0.4861844259807401,0.5392658629991173
2.428094689237494e-06,0.000263803638454793,0.58130573654154,0.005955110296410848,0.5827282109197268,0.5843767769733781,0.004038939671926444,0.0007317772174538991,3.2638542602459207e-06,0.0023766446916059854,0.001498816884041781,2.0583341414414714e-06,0.00046149185669411047,0.0025471455293007983,0.3930335890610288,0.5007612278900881,0.0065215388700320025,0.9997110819594462,0.9941406060635654,0.5389534742537563,0.44182617555376624,0.4323618571610926
0.003449381788577897,0.5818237908507429,0.5857808229197096,0.003682117446742295,0.0011494885213962805,0.0006247292416467212,0.5896115285719555,0.0006263195207123895,0.00038438736789729746,3.02382330168687e-05,1.897403651390602e-05,0.00024119729901363917,0.0003930061343201312,0.3947951781610286,0.0004817037706412125,0.0008863251512891475,0.0028391464282898314,0.5021519133331424,0.9962258007381257,0.3907822712639888,0.4617618081952485,0.4658365226641897
0.0011653916006564699,0.5795408743984527,0.5749951014075956,6.766077317919526e-05,0.006062819862672071,0.0023265915980261852,0.00010599256657006919,5.6535511160860086e-05,0.0018277806686776998,0.5828076188372316,0.3946843258306094,0.001425257879198736,4.4085058347175584e-05,8.265050419211292e-05,0.0018142237347987887,0.004727706651173498,5.276194502335169e-05,0.49749279617677833,0.9987198308725216,0.4608010822921182,0.46055822709572075,0.5015178687661691
0.004918801570016672,0.5765058340175085,8.00581385972774e-05,0.5841967142453219,0.0005258501505816144,0.5789061798886072,0.0001943553765584006,0.0012130390298052773,0.00032690856455415125,4.198376204775255e-05,2.661081901159909e-05,0.00020720641455284575,0.0007688680117671124,0.00012318952800977696,0.39106662899319655,0.0004078672094522676,0.5042066290350296,8.84028150950622e-05,0.9945684324960584,0.4412353247046551,0.4763206992889627,0.4805583439162099
0.005274606008012862,6.632083571964694e-05,0.5837191846688236,0.00041160574717365747,0.0003792277186639643,2.4038701555082456e-05,0.00013770457861026698,0.00018063173609404008,0.579619980034591,0.5842108491120073,0.39312765369727876,0.49774361417481094,0.00019699366179994662,0.00015017809655740478,2.6216169045886814e-05,0.0004135788558103717,0.0004488898454343853,0.9942470753435526,0.008004186567158011,0.46434391787018886,0.5877069576516045,0.5022072377420616
0.44165426590031365,0.008498021662295756,0.0008532253710983552,0.0002177845117208954,0.00011024142068854207,0.0005888914035876957,0.00010835673067749291,0.0009531555165863717,0.8987587048611116,2.7088271158276167e-05,1.721997717432953e-05,0.7091772835917065,0.001369939803674646,0.00015948913674913075,0.0008486937663206631,0.00015887694459603536,0.0003101513251385587,0.0012495287419396345,0.01224791608691184,0.5239811388281089,0.5260936844560465,0.5138935409570109
1.115035742141876e-06,1.5208657013784937e-05,0.00037346403229051233,9.813511474332446e-07,0.4472092278707095,3.3230108074166154e-06,0.00030399374777817224,0.0002295003826720914,0.0003349845908175909,0.8976163240739466,0.7057404995066758,0.0004768634342767269,0.0003267025078742374,0.00044197045362498325,4.730433001100135e-06,0.9994639765799868,0.0016591644087439184,0.9742107568794651,0.9534090075686383,0.5013103158124922,0.4787055381393732,0.5489534632724126
0.005397203775129296,0.00026670835940709794,0.5904597561460708,0.5976185718938566,0.0015424572225349981,0.0006341843875941326,0.0011504193101044462,0.00017528893569010404,0.5938359224678446,0.00020712777439519037,0.00012816869874310625,0.39171318994913945,0.00013282782535937622,0.0008876872517765409,0.0004805630408119127,0.001168822259699084,0.5038258474512008,0.9941738782652522,0.03143368729842144,0.6072975718765066,0.5932132163223953,0.5927989048318154
3.478240193858317e-06,1.6990503872732312e-07,0.00022943676675366107,0.9992153736522635,8.007351780747911e-05,7.092102115618675e-05,6.5653082455793e-05,8.030497300981947e-05,4.4690590388453526e-05,0.00020989825093241864,0.00013245851189886684,2.813657832885297e-05,5.0558774364470955e-05,4.221524784246275e-05,4.4650483965509704e-05,5.092646240598684e-05,0.9998532032841525,0.9902972833605226,0.030456133216162362,0.5371184148635114,0.4657673719160335,0.4071445584324753
0.00017085000789797156,0.0033077691766272995,0.5958576666498391,0.0018608268397153594,0.6066422495280468,0.0006388235299366801,0.00014150690863166135,0.0008929013560479117,0.6108163651600407,7.357420521935741e-05,4.4502753821501506e-05,0.39417042653882733,0.0006632008888682087,0.00010734432640483967,0.0004744854395390385,0.5006008053948074,0.0019564647743257994,0.9965175767214589,0.9671469694359849,0.47104577270255216,0.7204668479791128,0.5552091846022953
0.0002164363445146139,0.00016878997055832655,1.092600892387099e-05,0.8916808973725364,0.001376633095056224,0.00032115972818458246,0.00011244144809797586,0.4550755042697647,7.159699701823132e-05,0.00021059080418155303,0.00013423406593706007,4.553048620312982e-05,0.30042054389726874,8.19894780987463e-05,0.00022929254800990164,0.0009928661161107133,0.9998013793223938,0.025413072504238965,0.41540152808880526,0.5234210717560903,0.4790478918084444,0.5100685888223836
4.414193929033493e-12,3.1177844470922853e-09,1.9302204645578806e-07,2.469225210910569e-09,2.0049384756180283e-06,2.1637111900969177e-09,4.018970674331512e-06,0.4480578721942858,0.8950585779803275,0.00014047439479530227,8.934457712741497e-05,0.704532067475564,0.9999936126550069,0.7042338712508425,0.000683870673678366,0.9388859320881161,0.008142421499089812,0.9897178966839546,0.9990986672413376,0.5273799405459405,0.5066205856967252,0.5122036847845164
0.0005604309544029813,0.5814104865539476,0.0004643180386962612,0.5771439791122616,0.5784322176913134,0.001950709000712781,0.0006074726288834813,0.0010531295048377275,0.00022485804052456044,0.0015248810709926452,0.0009680026943087792,0.00014274120308590933,0.0006685329211410214,0.00038562743077169326,0.0012383232276430129,0.3913864108613113,0.49765533713627946,0.0005084081742133173,0.9993863521137447,0.45021810149860625,0.484639183986487,0.5120164499137421
0.0019425792673956072,0.5702072745738029,0.008259277118197466,0.0006109075548583962,0.0006950690030181674,0.57907533490116,0.575102221046721,0.0012382004308791091,0.001408895010242703,0.00015675910365015123,9.975551621983433e-05,0.0008944726344685288,0.0007861017852897873,0.3984004068393189,0.5048842606736572,0.0007838641142546948,0.0006820032679745564,0.009369651054312395,0.9978067053343663,0.470164627007075,0.4585705750318029,0.4881027657025088
4.923336213700816e-06,2.6280829203732536e-07,5.001310830324056e-05,1.597679910880036e-06,0.9992241687396803,9.456436701000391e-05,6.631459233759996e-06,0.0001687216638292335,0.00037132330146316477,7.779353606355327e-05,4.917871044693279e-05,0.00023419087528490587,0.00010641131149244964,4.271607063973797e-06,5.964050279616594e-05,0.9999677784984473,0.01991177273830569,0.9377445631424508,0.03357771671336629,0.5873658158891096,0.47266811069191433,0.46809367842087546
0.15666595123397645,0.03893037551890206,0.009702527557027427,0.007494895151313152,0.3954005736667995,0.06096394316950187,0.020910898222307767,0.048360138971182715,0.01612284918051125,0.020369736717544867,0.013987005712648881,0.015530925692925697,0.058283475044442395,0.027726303333820784,0.057039865687098755,0.32673007581594105,0.03152513599656592,0.014615220963173059,0.03296607193292872,0.45171029596802686,0.31220891498395087,0.32244463041978644
0.5815374442946865,0.003122452983353195,0.0020182641402783645,0.00038702689651240593,0.579283410324084,0.0026349804648006406,0.0036463923479654694,0.5797955611713997,0.00030710201441876774,0.00038143379109969154,0.00024219535517647987,0.00019454204212816112,0.3915009839836021,0.0028883086014124776,0.0020436277293359832,0.4987588770393149,0.0004236770181921801,0.0022451011410811557,0.00341816305711945,0.5260563339657098,0.5193664912284783,0.43749121584442063
2.306021974888528e-09,6.650625989790409e-05,3.4925785461484537e-06,0.4553900550257045,0.0016141008073484147,0.9003970526304761,0.00013910571602031207,0.0002778425103466921,4.39699030753061e-05,0.00012746064619003123,8.060856338381715e-05,2.7742443355796205e-05,0.00017530186891616815,8.963815862110313e-05,0.7019006512604772,0.0022794368840320864,0.999906898241484,0.03394100724785665,0.9999774729239247,0.526909679889166,0.5873990381118144,0.5252333300331815
0.0018591361248174924,0.5705118520446628,0.000676533205197046,0.0005483112073944346,0.0006039103191936687,0.5833478113525037,0.0011003962453878153,0.0008787186969592068,0.5750640234902135,0.0002016821042972905,0.00012925624343657164,0.3955357000647242,0.0006856393395689944,0.0008969027529225151,0.5071076360585421,0.0006976269906021683,0.0006266755674188653,0.0007671372798889048,0.9978482377173657,0.5161651011523707,0.460593562856064,0.5399155209597317
0.5839830618685528,0.0030394884249159604,0.0003503951941179262,0.0019567060867374947,0.5904770278987675,0.00021561015114043286,9.696437337080639e-05,8.156896179584662e-05,0.0003769051422738474,0.5918249868054918,0.3941611685762495,0.0002889203146894818,6.252748801637494e-05,7.432899222627994e-05,0.00016527808043053857,0.5035138837610756,0.002133034512873738,0.00038197248374647805,0.0033134196573844357,0.3687949113557777,0.45434760509869965,0.5221371894026502
0.0005802377398462104,2.963391914462393e-06,2.0984808535662038e-05,0.8999575545664339,0.0006151655000603297,0.45145778549251353,0.0002061366005695523,0.0021731081090790934,0.0003717688518223767,0.000680512617210117,0.0004302815211256152,0.00023506587683233603,0.0013740363924516497,0.00013272166004137898,0.2960037176885116,0.00043516141211508185,0.9995892737130413,0.023013402679843892,0.0032513220828866724,0.4983769206848234,0.4186711898845051,0.48482218182312553
0.00020951067788339863,9.953817520155533e-06,2.169062493701657e-05,4.0057980738353053e-07,3.020722238208322e-08,0.4503634931816115,5.2770163109356416e-05,3.618627693696153e-05,2.98137004962847e-05,0.9017431268100203,0.7051198830293848,4.214373287381173e-05,5.10133129087919e-05,7.618419540644447e-05,0.9997018748686578,9.118203072749974e-05,0.0011948635836678764,0.06665475566953688,0.03022299200388745,0.506618871313859,0.4139265737663574,0.5223568307674373
0.0009945073059248084,0.5911349677446618,0.5860389322561425,0.0011011082162705472,0.001159015114665958,0.5918370931278402,9.241299954498336e-05,0.0006144779956739062,0.0009020090446405968,0.0004879934231696996,0.00030417326703890523,0.000562235230066559,0.00038301307013321935,5.865560157860953e-05,0.3934789519461305,0.0008864238956994034,0.0008421361253682508,0.4972407138021394,0.998928972768812,0.39891463755724926,0.5708315810124012,0.5781731727979436
0.00021022931533817867,0.001850998738503604,0.0017717579230591128,0.5875923844325577,0.5857422120159004,0.00014944294773681991,0.5862872154875718,0.0005223720460469214,0.0003387372070193555,3.8937044449489676e-06,2.439959059303262e-06,0.00021226699252444202,0.00032734033903141977,0.3916302630989106,0.00011466900398556575,0.4989931003635927,0.9972146093367995,0.4840397434705569,0.9280036909237737,0.6063961692413941,0.45939218683665656,0.5543445672371643
0.5914787237018126,0.00229145463661444,0.001449731672310059,0.0001982472334293047,0.5942463202885745,0.00837975084855261,0.5996122010831365,4.293878691732576e-07,0.0004015357732861251,0.0038302553734328826,0.002371895172646521,0.0002486531838098839,2.65900768858969e-07,0.39279971841106276,0.0063624455094249965,0.5014820970119521,0.00021337479422931828,0.0015603642510779124,0.0024663224521884186,0.5348899154555644,0.6592139873834661,0.5384907741399191
0.0001970493680597068,0.5930142792004726,0.001171487019191552,0.0004007943728615604,0.5888904088520264,0.0005015047748577594,0.0017913016713934256,0.0008694704330653263,0.5955491881568307,4.702543959523841e-05,2.9172274169316317e-05,0.3941527603093599,0.000662314378101405,0.0013935997443460212,0.0003820195650111348,0.4977796555336679,0.0004302657288513655,0.0012669570714853372,0.9997884610938108,0.5754935509028934,0.3958209798481202,0.40165003248044734
5.6096071311237e-09,1.101475604633692e-08,3.256993985921106e-07,3.3162868892876086e-10,0.00042940968754371294,0.9011430841644957,0.45031885646626874,0.0008775552995295375,2.4650058773636595e-05,0.00016140594520950498,0.00010199981522401816,1.5577502171150654e-05,0.000554567493768976,0.2950243809551845,0.9996966400115623,0.9995167877604969,0.0006477427597476704,0.9758506267646232,0.7001235057803493,0.5204619872037836,0.4626708760068606,0.5747258207732576
5.474444594859119e-06,0.00014292054228166558,1.4239258467946825e-06,0.8980499081420251,0.0005772382937903053,4.0581486516964854e-05,0.0002604108373505395,7.991717968084376e-05,0.0012622999619344762,0.4494599601887092,0.2954134323213205,0.0008948321731344778,5.6652551713263724e-05,0.00018312808404004674,2.8767848846512466e-05,0.00040919895376763545,0.9998986055004936,0.0063378485151325825,0.975626746918827,0.5508648304272495,0.4669757024915018,0.47615615474014517
0.0026593640961078235,6.869104423006014e-07,0.0025370497763486464,0.584516868135704,7.688211378383103e-05,0.0008269709771015733,0.5843624406688405,0.0010059906758349878,4.98144389253583e-05,0.5865676189469418,0.39291457224156634,3.836859124185701e-05,0.0007748447125679622,0.4999092784580483,0.0009006674408854332,8.37336073309671e-05,0.9959969928074516,0.48501786127889357,0.00016443809267374567,0.6086898967449177,0.47796122102011623,0.46510651672016257
0.5794057647307745,0.5871041092296052,0.003895667644105643,0.0010370904037890897,0.0020852804044967986,2.6721146193073178e-05,0.000518241808265556,5.562969487664484e-05,0.0006009030860898555,0.5785164333305027,0.38937284576108533,0.00046376520271972896,4.293386842709433e-05,0.0004084938241950118,2.0622849927388973e-05,0.0016093792763038908,0.0008004049963802658,0.003055206887372708,0.5042003576772531,0.42155876767567363,0.4707913018036183,0.47735270246027894
7.796036612312335e-08,1.0452812159612224e-05,0.0011009861618218578,5.066653475744701e-07,0.5708415489119386,0.00033663636457775435,0.00034034744425663627,0.5764608177405415,0.00015936908818628659,0.5797736518686699,0.39420137158871227,0.00012443056555744118,0.4998918374454828,0.00038430657776742207,0.00037163899421431177,0.9987648794597707,0.00029526270928837035,0.994052094489461,0.9951545384885614,0.47157541391112245,0.4825127283428946,0.4873475157666794
0.5843422624106233,0.0010655836749096203,0.00047712856727239524,0.0003777609416982551,0.00017326938915500877,0.5941060697972469,0.5843298486952645,0.0006461443102422163,0.002254740072980084,9.387898824789629e-05,5.8309016255559494e-05,0.0014004388460177849,0.00040132615113594943,0.39565094619851676,0.505275540087267,0.00018877132204536554,0.0004115564964946028,0.0005282160514549661,0.0011609102053670014,0.5491195165270686,0.35180972547024236,0.5245116860954474
3.027754567324749e-08,1.0784357672284204e-06,1.889948006277138e-05,2.6610210147011994e-07,1.3896559107854417e-07,2.0839566423129295e-06,1.8943670514592366e-09,1.8361049712744096e-05,0.8945783497254219,0.4475121588461044,0.2952941703952322,0.9999811728525125,0.488328034334669,6.33166931459567e-05,0.06979319532319089,0.004672834465306399,0.008948361532219062,0.9636984993799762,0.9821313213419377,0.5070437485808238,0.5131258137425495,0.4931559577329355
0.5925020140729605,0.5827253467602708,0.00203662488673107,0.0002696088917909538,0.0004542055720081773,0.0006171361633217831,0.5833288805339801,0.00013854902273091596,0.00033028634077253796,0.002075147002641293,0.00129197086710446,0.00020563406988572346,8.602614254160651e-05,0.3959571634044045,0.0004727561592718292,0.0003479435395106877,0.00020408971904170342,0.0015853821072097725,0.49470430141467914,0.5249859794076531,0.647999614279089,0.4982640034678696
0.0027013079742687503,3.2692434554982016e-05,5.65481436038618e-05,0.5903048583525707,0.00134613830561909,2.430910311141469e-05,0.0005262355973376094,6.287650989628666e-05,0.5853988006353686,0.594363442003288,0.395839489196824,0.49734090796219743,6.78091230279787e-05,0.0005796147213678932,2.6216169045886814e-05,0.001451743795214615,0.9970531240874705,0.01338849455369373,0.00761841352377305,0.46248943553270305,0.3985257540285255,0.6052486328485269
0.0008396380751463096,0.006737923396149228,7.082980826996234e-05,0.5770187397664669,0.5819021119082075,0.5735719449841585,0.002376275311507656,9.391832750744393e-05,0.0007003574269747233,4.2355589195449954e-05,2.6926529277022257e-05,0.0004441948885198292,5.9566638436346804e-05,0.0015392513777328246,0.38721802233978053,0.5058866935869117,0.9925064891012099,0.0067459495225018345,0.919472308696406,0.521484208786259,0.4738376238527891,0.5510467065070496
0.0009425859209956706,0.0018432770079580291,0.5841203086291479,0.000763269108288313,0.00015175658582083402,0.00015708773090014727,7.418271451758219e-05,0.5846766318117594,0.0013457196770452588,0.5821044856072595,0.3906454717275486,0.0010365939258652392,0.5003007219580279,8.084951273275247e-05,0.00017120520330822812,0.00016539495413529358,0.0008318643783427134,0.9977436363693758,0.6990713593574558,0.5611488865697652,0.43356703254158147,0.552307037043851
0.0005168265620116195,0.4652155374377531,0.00022371037659544402,1.3650222073095749e-05,0.0008981803427271626,6.45934079583378e-05,0.0008584226065880536,0.9284661964688381,0.0001327826009863503,0.0001584744835822512,9.714830204986538e-05,8.139862059173381e-05,0.7042950565150541,0.0011997441344985401,8.839275963438834e-05,0.0012291140817304329,1.8679579607576075e-05,0.00031108364744765016,0.9992927518300427,0.443480870570052,0.5648913507808739,0.3236783301619306
0.9951380097439138,0.0015893987380857261,0.00013752046340681368,0.0002790469868410646,0.0002389272498782876,0.000840574226056197,0.000190667295837608,0.0012153865058659836,0.00032850215700370273,4.196663311082579e-05,2.661081901159909e-05,0.00020781480237892894,0.0007688680117671124,0.00012318952800977696,0.0005317584524633773,0.00015114853049164723,0.00017652802009976117,8.84028150950622e-05,0.0010054506805873859,0.4412353247046551,0.4916434520989102,0.5530118847254574
0.00010587884116067775,8.256619439603952e-05,1.1916736463653259e-07,0.4531380577271329,1.910215813557431e-05,0.00012467080341238923,0.0008504063700800184,0.9042446946082733,6.234098773986905e-05,0.00012596472996521306,7.92853840531134e-05,3.923899320987451e-05,0.7042611071793274,0.0012202142390282957,0.00017515210706287585,2.6836948064218194e-05,0.9998113674648474,0.0005692190317189283,0.42164133493422784,0.44525615589225337,0.4660516397290778,0.5853281722461624
0.00020618287256476988,3.6321969327461467e-06,0.581159580849538,0.005267060169730108,0.0014015210348770092,0.5791035183067508,0.00018093093617778264,0.00042667491312802603,0.0001893737590725401,0.5863646169329728,0.3950322363810558,0.0001469427234566346,0.00033107426294020953,0.00014039161989789296,0.49885785140126815,0.0015352023864756694,0.0057695385980931525,0.9997741060148219,0.011213779301412874,0.4653971982191874,0.5812743135729939,0.47466467822041625
3.6147928596829914e-08,8.811709548456066e-06,8.688828955672768e-06,0.001612177155537153,0.5833012975593588,0.5830005132895242,2.745848937966467e-06,1.2970820626562117e-05,0.5812769544253502,8.758955914737494e-06,5.526564822124096e-06,0.39086054925290126,1.0012690224234753e-05,2.1196295602468005e-06,0.49983460261545376,0.9982404094063634,0.995113388604414,0.4955273492357327,0.9973884344620338,0.5002647649097728,0.407224178252953,0.48102322081246923
0.004318092466211706,0.9059782761435294,0.0008989088865321959,0.0006228266954840274,0.000879107446513492,0.00104607992755403,4.047492786558514e-05,0.45400670858708314,0.000427472049398379,0.00014508562953634402,9.1144790689654e-05,0.00026854383865778113,0.2957356334012198,2.8440857004094662e-05,0.0007350579194010828,0.0006177303111426038,0.0004376473899386449,0.0006316448176618139,0.9969657526019288,0.40504973114426535,0.5648496621675164,0.5126398664333356
0.0001984846337764423,9.447318574287978e-07,0.5751927463853891,0.0003827928777317604,0.5851704451336944,0.002634001452691613,0.0036558824275406436,0.5795796508338071,4.678308399931568e-05,0.0003821850430512667,0.00024219535517647987,2.9647016287074942e-05,0.3915009839836021,0.0028883086014124776,0.0020436277293359832,0.5054775105374052,0.0004236770181921801,0.9997803142219905,0.003030114512705351,0.5260563339657098,0.501332349896187,0.43749121584442063
0.5814659895199997,0.005144173431690137,0.0008867169555722052,0.0001714286196186959,0.5793508230875891,0.0013449983435967268,0.0017802570256876009,0.00029069001280510287,0.5820517662565675,8.699660605759717e-05,5.4776654799488264e-05,0.38947196360795544,0.00022305954193261525,0.0013951904854761724,0.00103207331967981,0.49849247111898043,0.0001855935095957965,0.0009754819228249998,0.005569135059149728,0.4323606572935115,0.41273155428963393,0.46450028179461406
0.0003638338861394666,0.5759036729053564,0.0014115641799097535,0.0001930250963201444,0.5785920617965565,0.00815900803643364,0.573637642424219,0.0036373380312012737,0.00039208782283328144,0.0037401312414544713,0.002371895172646521,0.0002486531838098839,0.0023067220255849064,0.3953723722286047,0.0063624455094249965,0.5014820970119521,0.00021337479422931828,0.0015603642510779124,0.9995978085497796,0.5387701763593511,0.47044019075255206,0.5384907741399191
0.001020999916383289,0.5762558305673317,0.0022391721367624076,0.00025247175469226136,0.0003702669969634024,0.5816511157368451,2.3616152550713866e-06,2.4557868745886463e-05,0.0009652605195416875,0.5795742122993862,0.39285275457456464,0.0007505317388650052,1.9094820044116593e-05,1.8754625082219117e-06,0.5029721056786454,0.0004132293776934275,0.00027892462068608283,0.002513722106416987,0.9988593231855194,0.5537295435516908,0.47926163461476756,0.5244673267124829
1.0769245188667562e-07,2.6046140396609148e-05,2.9767641314306584e-07,2.7188227629705066e-07,0.0008458693707833334,0.9986296827524176,3.154647048968694e-05,5.807686343544546e-05,0.00038628707444721464,2.1814076888806535e-05,1.7828454143868893e-05,0.0002504126425348339,4.962838861898543e-05,2.4564618237224263e-05,0.9993794396339648,0.9810094397999848,0.006906708402201191,0.006687489718834563,0.9971982425387291,0.528827245965879,0.42041025757299955,0.46391890219454773
0.569256106169442,0.0013845416112856811,0.5658057008231446,0.00039689030847283723,9.655290052614098e-05,0.00032191536812722704,4.009510673906506e-06,0.0001493382683922677,0.0006089967593208286,0.5795625159506197,0.39337541554605676,0.000474355013069481,0.00011632108491971271,3.1896842864849104e-06,0.0002507415309198919,7.597196651933609e-05,0.0003091408046925696,0.49670720237705385,0.0015172375301785446,0.4618946224311091,0.48227265116912565,0.46886917277037726
0.00015510409288427336,0.8975764997004285,0.00036021142683555804,0.0030429353963269713,0.00019492296565573272,0.00014895811934659815,0.00010776231892297179,0.00031718063987772163,0.0007877535406099232,0.44692314015368934,0.29471569054594116,0.0005587548813555786,0.00022497610272080392,7.817886332763614e-05,0.00010565528727257505,0.00013966690300580044,0.002210429619805989,0.0002596181678079855,0.9998877319249053,0.5507293675144272,0.5042490331755825,0.4771400578938974
0.5917188317943861,0.00039471094995963395,0.5837675684338394,0.0005363031746785713,1.9828014151811795e-06,5.909992476232523e-05,3.778136447465241e-05,0.0011973525607291969,0.5907455851813047,3.488825566056081e-05,2.166501128876894e-05,0.3909578045881269,0.0009097636264294081,2.931866096606006e-05,4.4904918376670395e-05,1.5065587970084166e-06,0.0004074885932003299,0.5007979072644895,0.0004246611864791375,0.5732038298456408,0.39718734097815167,0.4038150421837999
0.0001874186173747863,0.005798536194666002,0.006030063450310907,0.5819381331367,0.0001268009110548174,0.00010829493947911401,0.5761991245552239,1.3896368185743628e-05,0.5785765521656199,0.00021191796844876579,0.00013454313658733903,0.39155210781669514,1.0802104854695967e-05,0.4968124188596482,0.00011845859062758378,0.00013870137956847374,0.9908465702949264,0.5122932390904904,0.9794305199492219,0.45184980767371913,0.48374187418357734,0.4876443646865231
0.45071140529894194,0.00019367725909182588,0.00018344341829788568,0.0035358382260216883,0.0008750017462229731,0.0003303934800531359,8.10760898587254e-05,0.9060118625846988,0.0001389041035844753,0.0004886708903391169,0.00031057383384077916,8.807398315213353e-05,0.7041775803274972,0.00011715955466129566,0.0004674765356144496,0.0012260107617573551,0.0050028883807449465,0.00026376274477391513,0.00027404972536202734,0.442437354125347,0.4732360182788893,0.4984608757841696
0.0008328033878310921,0.5858158778950382,0.00023287649943486903,0.00018944992616062753,0.0006883355112267182,0.00011003865085733404,7.578283345758805e-05,0.5850385971259101,0.5836582860406849,0.00017023741244760537,0.00010708006342278293,0.3935348803145834,0.4995965266158869,8.430728818920563e-05,0.00011958764835601565,0.0007556920161350066,0.000210859400952167,0.00025716710930592476,0.999076392350781,0.5501339104669615,0.5628108326695188,0.402900032362277
3.2201197576875386e-06,0.00018779519228105508,0.8963266182558786,0.0008681861788619929,0.000163724720568894,0.0005648111202988572,0.00025996027838290885,7.661205454430919e-05,4.484426309610224e-05,0.4511411488037074,0.29497275339048684,3.161642923210436e-05,5.401355960610874e-05,0.0001871854763011985,0.0003982070290701295,0.00011543036544493551,0.000612093302223572,0.9998675804571461,0.9890849590226771,0.5704400768672484,0.433811677465675,0.5075066899771581
2.1232252241108872e-05,9.143207109384455e-07,0.0010531009244640493,1.9185148797416623e-06,6.122843443027152e-06,6.905559894572718e-07,0.5864922801203704,0.000261649281172482,0.5868826395954898,0.5867335757472936,0.391849867473978,0.5002112462154831,0.0002840119670309353,0.9988566375756179,0.0004173616024319088,0.0037005754016452286,0.0011595417925990747,0.9871545431125415,0.02739771716287892,0.422441129880353,0.5999901703888859,0.5136498693708506
0.5893702456098926,0.005794525607648568,0.0006817695612923678,0.001984620328892691,1.8367936129504774e-05,6.500112518192765e-05,0.5847365995646322,0.5850522131833784,8.101073452430854e-05,0.0002968776176536099,0.00018476706131763642,5.04184717835402e-05,0.3876289064288905,0.5041851389181093,7.02087885165951e-05,1.9839505748114812e-05,0.002143615741323046,0.0007482944184325814,0.0062588499062597265,0.539267864729162,0.46339672011458916,0.6414846060486855
0.8828569851674527,0.44716652373772614,0.0005572640222600898,0.002900684891416134,0.0005147313787952268,2.841963385921122e-05,0.0015484615503824144,0.0005272605085697634,0.0019243438058829975,7.067757143235205e-05,4.484033886828758e-05,0.0012180197519040536,0.0003337306185401981,0.0010024526230315578,1.7988184690190944e-05,0.0003291188999411707,0.0018802950267767927,0.00035840958365233096,0.2932860526209374,0.4646645635365604,0.49768820565052,0.5673745306617509
0.00018480272179770025,0.0001614363370324338,3.03113204493798e-06,0.44621530267208037,9.75086441048066e-05,1.7062106911116692e-05,4.094151089927263e-05,0.0027925915191370763,0.8978195953142347,0.00021090728321694515,0.00013423406593706007,0.7063597034092582,0.0039841776509463,5.96570312315684e-05,2.4342616034101692e-05,0.00014053384520606072,0.9996458015658296,0.007898398990053512,0.45070238090820264,0.5380842931730928,0.4938847715707041,0.5332499026731562
0.00023415033386887918,0.0008870426320265822,0.007556784314833386,0.5814739374312453,0.0004108572271876438,0.5801466763944085,0.00014397703381403482,0.0009198875118812286,0.5847712261339205,4.1565131468331e-05,2.619982645568362e-05,0.3920545578021123,0.0007086673556123992,0.00011344719689505796,0.49545602241853925,0.00044899017099214733,0.9916337804770952,0.9241998331256838,0.8324804206766335,0.4055212916249122,0.5537348578345581,0.47704078778665043
0.9240804187649581,0.00029945862177643736,0.0003822771315042826,6.298747625406754e-05,0.0003324555667060642,0.00026307752358614597,0.00010435692070992814,0.0006959299441594161,0.00021926913012504956,0.4647670275100859,0.296669172832167,0.00015105994179315173,0.00047944339879373943,7.336973306614272e-05,0.00018124057150678595,0.00022903693903727094,4.339359415109667e-05,0.0002633569467283942,0.00020630405020223954,0.4752703830807495,0.325932468064939,0.5588372944735452
0.8957156922796045,0.0009254362524754648,0.0018697184478623534,0.003650538521437621,0.0029276329318271917,0.001168745082318336,0.44602565621462764,0.005736476363925174,0.0014309822764915583,9.195407093495266e-06,5.828840237887838e-06,0.0009070800031428918,0.0036362954177438546,0.29874881102247874,0.0008306606808687975,0.0020807586033556175,0.0025945634238682385,0.001328868059835231,0.0006577438890691045,0.5351741684360197,0.477004670302796,0.5504642459447212
5.61167184629992e-06,0.0004042862737543274,0.44416917052302674,0.00013341901175792674,0.0004353414955760201,0.8969150720505668,0.00026761234898588015,0.0005213071060717055,0.00023058075319433435,0.00014976399186934357,9.512047075527233e-05,0.00014645009039488297,0.0003311006434041457,0.0001735929296532219,0.705398003471007,0.0006193749568825923,0.00018981927694296577,0.9994247556274876,0.9911639990041595,0.46867930473137986,0.4632422672230173,0.4979088387463023
0.004433470162683595,0.6091609089577573,0.002387424553492336,0.002631847710217794,0.0015644348965138785,0.0040422012130896905,0.6093721546514645,0.6068560148525687,0.0022816697355048762,0.002265342685264802,0.0013683801906800217,0.0013782457441445257,0.3906273287968494,0.5000884628668201,0.004224149976985864,0.0016348794955685498,0.0027503712109418874,0.00249496253025002,0.995366766166712,0.41005879390089095,0.36759614262336027,0.33177498648570336
0.4477869629464944,0.0007714754166399342,0.8854815022526302,0.0006938802330581241,0.001795428421047173,0.0007642057857373718,0.0013747537397438,0.00021182885014210722,0.002894642634522316,0.00020338227075525307,0.00012917164766269943,0.0018486439627702182,0.00013319406184200667,0.0009029730523885948,0.0004805035030854424,0.0011685694299651272,0.0004634315357344747,0.6966477129074976,0.0010574969017967673,0.49652258011886974,0.5625598183604211,0.5923989723344645
1.2420523690612595e-05,0.452329451687097,0.0003841262900086273,0.0013107760807967283,0.00016904437730610823,0.8952037893519705,0.00032200556097537845,0.0025245996014467737,0.0003362065075326906,0.00024318960096663135,0.00015471970556083132,0.00021339826986606185,0.00158259090220636,0.00020874156969211648,0.7021474092732976,0.000240341041204579,0.0018448170879364915,0.0005493622888126681,0.9999823220698812,0.4537821122988072,0.47093407909384066,0.502493992533119
1.1560882060453676e-11,2.8170458836020966e-07,0.0009675048233216783,5.109047534355286e-05,1.3505946789627316e-07,0.5849482233013964,0.00011756470449142348,0.5776851709514409,0.5799629776905137,3.611124682760365e-05,2.287008968849245e-05,0.3915221332854121,0.4951598084647607,0.0001306768287816805,0.9989285956837058,8.73401779104851e-05,0.03266254953141118,0.9998175871524444,0.9999738737601259,0.5662141956948182,0.4724871928189327,0.5079971695280486
5.992242124512268e-09,5.48696229382626e-09,9.396715553798002e-12,7.803093803979724e-09,0.0,0.0,0.0,3.7446920363572565e-11,4.514672993591946e-12,0.9999999806663434,0.9999999928321166,0.00025467115941269825,0.0059101347457380105,0.004924806996256109,0.0005579631194396535,0.00036253076006002253,0.48606806878148257,0.0007456554365192606,0.47433142008414386,0.5483249957167685,0.49755756041649857,0.49924489084132573
0.0021067504114207214,0.44781516100933383,7.009315296671015e-05,0.0009592356086538857,0.0023576493449909753,0.0007662207019299922,5.603129868225519e-05,3.463992026028428e-05,2.9645656573598338e-05,0.8945655333030937,0.7051198830293848,4.214373287381173e-05,4.863406350516644e-05,8.135094354085675e-05,0.0010892367381011847,0.003385746775997677,0.0013636470066239778,0.00010125387923974258,0.9969712921057444,0.5385226709516135,0.502357339614821,0.5279540383246761
3.800539161983379e-05,0.0027709423415506135,1.3139787525735797e-05,0.5841250525039251,0.5818569585748069,0.005904938435213263,0.0004488846259974694,0.5792839340507132,0.0010016819466524387,0.0003914165784839657,0.00024729029202671775,0.0006328456380535329,0.38990461455205694,0.0003539839339625232,0.004559407804968793,0.4987588770393149,0.9969797478432474,0.0030409331426555775,0.9912688617112665,0.42786857657431016,0.5201475064340391,0.5452449650621801
0.9030472544288751,0.0013258531035148348,0.0006282502270069117,0.00266721284803764,0.4394550389260501,2.837722631178083e-05,0.0030533732196296706,0.0005269957218302339,0.001925974755808207,7.073822378090494e-05,4.484033886828758e-05,0.0012208592351027918,0.0003340582373201526,0.001976766629294969,1.7988184690190944e-05,0.2883244542595239,0.0018802950267767927,0.0004500553524546321,0.0009346811208502392,0.4576171156457961,0.47351394547409353,0.4574955047995768
9.053532873868935e-07,5.659824110293525e-05,5.600957770091006e-05,4.453842190296856e-06,1.3535117762430202e-05,9.590390156330314e-07,0.4478147764815555,0.9071498898131508,0.000984203287845328,0.0001454848699056548,9.155087914758614e-05,0.0006193406307821688,0.7080748646497275,0.9998849879179212,0.007546834101894372,0.10701836056385217,0.03556928659169603,0.4966313498305631,0.9898174105667,0.40443348110145444,0.4511695787666612,0.48797395100927277
8.096863285874883e-06,0.00016140348256829247,0.5783998387538024,0.006291837415748879,0.0012044049622344547,0.00018358020728525157,0.5796172283958066,0.0002028032844284998,0.5753150112406453,5.187068322300057e-05,3.299665314262487e-05,0.3898987401124189,0.00015766728403828292,0.5006497093145063,0.0002020464149910343,0.0013255562373647965,0.006924880848747815,0.999822126755095,0.9680904914867754,0.5157383915104069,0.47726607445056346,0.49917346964041487
0.002030803856751658,0.9043456266393767,0.002312867671038378,0.00040415171376529773,0.0021530583098556036,0.00021049097849352503,6.689346949787115e-05,0.0008247886545001226,0.4517771685552267,3.163018270772904e-05,1.9918891544636573e-05,0.2949420487859026,0.0005806098986420465,4.708966489414305e-05,0.0001481751480746236,0.0015156470994703085,0.00028450346543449083,0.0016281500392571365,0.9985704052988588,0.5779014518755086,0.5696472892748188,0.49944182256302216
0.5732963896611664,0.0017906889093544352,0.0007307754496183631,0.0003526495369604227,0.000540131807798122,0.0007024804111238788,0.00010596003212159799,0.001037286652150214,0.5806715846619247,0.5812296888407993,0.3940220076314104,0.5040659059806172,0.001151850597560622,0.00011766300081267727,0.0007800674759604474,0.0005997882966214817,0.0003915991207067244,0.0008114887646261722,0.0019884727675032188,0.46350455626038134,0.5079550598766748,0.5210730217235697
0.0013981559640684202,0.993022200316692,0.00040392540713325443,0.0003075745888963174,0.0011495510124679637,0.0001887934112272298,0.00012447152455241788,0.0023817169940985776,0.0008547058436415454,0.00016890493722225515,0.00010708006342278293,0.0005440118286801778,0.0015203654897185392,8.189102810366106e-05,0.00011830420039219596,0.0007556920161350066,0.00020675445335377983,0.00025716710930592476,0.999076392350781,0.5501339104669615,0.5628108326695188,0.402900032362277
8.802211899245716e-07,1.1137456839006078e-08,0.003957666043216751,2.1506055423291675e-05,0.5847067704259705,0.00035240435024981646,0.588068380330163,0.0043330026847188076,4.701075152522357e-05,0.586457574402048,0.39185360040791284,3.608817015198377e-05,0.0033262784517666343,0.5018174347919324,0.00038368362104017367,0.9956909559345242,0.0034593734948177544,0.9998583985982087,0.00805473325410161,0.4757596230828469,0.3777568263292844,0.5135017162237735
0.0017484672683934245,5.611650779984878e-06,3.803996988593549e-05,5.295974375909582e-06,2.2668812832951235e-06,0.0016445869761798865,0.9089085116869541,0.00020722309262076054,0.4516092952030077,7.606062830247301e-05,4.770966387149226e-05,0.29357020966995717,0.00014514316226741847,0.9983185066572778,0.4804370757649156,0.0008251713951395096,0.0019278008613999285,0.013848158863393328,0.0020432041482578434,0.4266328157992276,0.596605295114725,0.5144578736618071
0.0008987427293422717,0.5802431602314343,0.0014201058347311428,0.5903913989038971,0.0052368473367343515,0.0013402445600906446,0.00162742813143987,0.00201870046481227,0.5849261031633202,3.0419323588141394e-05,1.9105387178709508e-05,0.3916066792493409,0.0015524519491961753,0.001274436990748412,0.0010306994646441792,0.0040273686544471795,0.505517732413557,0.0015580646035270084,0.9990139371251436,0.4057480257902668,0.5676419515856391,0.4874298987457098
0.0029760511450956256,0.002485939146140416,4.184773254550424e-05,0.5914524647233824,0.0005128306478673737,0.5837900336313228,0.588520519150436,0.0007710211050239216,0.0022297757088242678,3.971737215681853e-05,2.489588266046503e-05,0.001397682576063281,0.00048329732983048946,0.3898706840051512,0.49584233179342285,0.0005519815992002317,0.9958259560501481,0.006870042971960033,0.44302763565237474,0.5386446070583323,0.568002086467361,0.5975020608754144
0.0002172504844182556,0.00018357367156609933,0.585205789262958,4.7477675806547286e-05,0.00037648907704755625,0.5775860122621473,0.5776651731884392,0.00022618611971021008,0.0015282060980569415,0.0002938010924328945,0.00018613243227277165,0.0009681680671830006,0.000143296345496981,0.3898902206362045,0.4958281845644106,0.00040956588735410927,5.1648879903199406e-05,0.9996905874963273,0.44663722432041636,0.45608203581741147,0.4605573890999007,0.5372719744835863
9.666045714052449e-05,0.00019368394393197669,0.4575306139164305,0.00016597671686551101,0.00029368991358143053,9.706732932397729e-05,0.001209127564122738,0.0010791047733996549,0.9096476048838076,0.0004173529091985982,0.0002609377565101703,0.7033173657669227,0.001501485283186566,0.001682406349516224,0.00013506190532136742,0.00040864751196267103,0.00023094420358870358,0.9996988063253986,0.7053102404767115,0.561197971223904,0.3825510276746786,0.47368750897349693
4.347544333608143e-06,1.8071607550964974e-07,4.502309438709716e-07,5.53180119968865e-05,5.3101269540827184e-05,0.4465696791287031,0.00010133250788957882,0.8956043540374411,0.0008155203671801397,0.00021121833277126028,0.00013436299281328543,0.0005187796416574067,0.7055339174808269,0.00014753639859981486,0.9998905091238103,0.48599516201038906,0.9497523016805121,0.06669111434118603,0.02644732024614216,0.5058161296255572,0.5152707103106335,0.5223133244299609
3.1147363418425624e-09,1.6060176658505555e-07,1.368288029553202e-08,1.1656738885387735e-07,2.33520947165138e-09,8.79184068847802e-11,6.533940674088516e-09,9.409895905606225e-11,0.447682686771153,0.8952318359132838,0.7047947811753241,0.9999997169210637,0.00030093117693907726,0.021281762397452976,0.00028132266623679623,0.007472414548696581,0.3985474539717373,0.05409717973018163,0.9876548569942238,0.5125508589623021,0.5275424541886276,0.49634333232039
1.2284825970170118e-08,5.083110012155242e-07,5.040242582426331e-05,0.6010230960169086,0.004556247136407712,0.004508200963485512,0.0005721411605146889,0.6002457579588896,0.5939485738176026,0.0007721278398065393,0.00047149664681156445,0.3848628667972059,0.49198291979665343,0.0006052116908049346,0.004662472417836627,0.00476031331170973,0.9999470271082244,0.9936796425676673,0.9843028318308644,0.28943955807182586,0.47561972027449345,0.4931687680292394
0.45265268004369485,0.002486217465323973,9.556450860540349e-05,9.180154530894153e-05,0.0002912090539614549,0.00028144093751165787,0.8997890674658436,0.00017563211100075695,0.00014733779608226658,1.1210441045212629e-05,7.130951412146733e-06,9.372143920517706e-05,0.00011171943365517235,0.7012142725987276,0.0003958175318918151,0.00040955537536230225,0.00012910944556651562,0.0001344022682666147,0.003496628894144725,0.5028462285001765,0.478544940515009,0.48128835204486586
0.0013023419272920529,6.641977881191271e-05,2.325684459886297e-06,0.9024933462388186,0.0001440724011440826,0.000736799071451007,0.4399519891311844,0.00016387072559036157,0.0003063222642655008,7.726503846012212e-05,4.8991548570964443e-05,0.00019423018029457743,0.00010390574051686021,0.28876120938097716,0.000519738188939796,0.00010162871901233674,0.9990801318167516,0.0011353803107255803,0.03243966884631716,0.5394877881159682,0.47022304979862756,0.539663118323486
0.5875843224236004,0.5942812464225756,0.5943403869103588,2.007603199222328e-05,0.0025883449489071176,0.0005882683084130616,0.00020416012781617222,0.0032129031515475224,0.0008783273975276906,0.0004959463366615659,0.00030787335075667464,0.0005452478082602187,0.0019945087682088952,0.00012673911438392427,0.0003651869260651896,0.0016068022520090292,1.2462899093599258e-05,0.3935489530019794,0.5036073041767393,0.4714562872158382,0.6227816663985515,0.5981152280805541
0.5735862178065368,0.007948345346548721,0.005982103016050823,0.004295674665899077,0.584398557471957,0.5888643536473701,0.0002558673958177486,0.000528652363962043,0.0007064431206047245,4.266253609477454e-05,2.6926529277022257e-05,0.0004458727655868393,0.00033275648152816307,0.00016493322813079922,0.3968745354915286,0.5058866935869117,0.0047105216365972424,0.0067459495225018345,0.008821259752058018,0.46970223774262054,0.5841308045366277,0.4741580854090327
0.5837987523182592,0.003118533188491701,0.000423212494750551,0.00024093649784672297,0.0006161736323703082,0.580483928483556,0.0001059243859752935,0.0009092468397819324,0.5820800332954575,0.002173952434363412,0.0013726288276992814,0.3917923046726686,0.0007030954553770535,8.365430566388892e-05,0.4981844449723145,0.0006719173894516995,0.0002627324593540533,0.0004689573401611626,0.0034006499283046224,0.4300110981477453,0.5400893312754002,0.542019561519883
0.002857311488813871,0.577353135567253,0.0001297028973057132,0.0007696276280499837,0.00015776673055832122,0.00048305683244108616,0.5807783962695298,0.0006166283757130799,0.0006531255083074513,0.5775167640671507,0.39101954280051343,0.0005077253428706544,0.00047935342512715827,0.5018785330428486,0.0005326365817006531,0.00017395955730404927,0.0008486207705083945,0.0001430154463759367,0.996849404589677,0.5309875133874346,0.5026789489995347,0.46655987070068644
0.8918374670161612,0.0014318920736321587,0.4391031745784314,0.00014215342374091218,0.000658499002238674,5.080317008969928e-06,0.00162574299325156,0.0006251682639150875,6.87689418097629e-05,0.004726926646915165,0.002975835529886281,4.319263495711475e-05,0.0003926565956004842,0.0010428648129795028,3.190844346578198e-06,0.0004178039667132944,8.928379192084824e-05,0.290189005610639,0.0010015676691358388,0.4413027469414501,0.47697489297686163,0.5981152280805541
7.904042115604434e-05,0.001832559998309819,2.7462006369024834e-06,0.5797456559374454,0.0014169020470888509,0.5805298518160336,0.00019471991400113613,0.5768806570458453,5.140853667316459e-05,0.0004827127420358682,0.0003063993617259328,3.263129947765771e-05,0.39013722753224034,0.00015109236693132072,0.5004277285644594,0.001555891861743753,0.997985796052618,0.000953125912244711,0.9725588645425658,0.5456405235748109,0.480508656397431,0.4778391524127101
0.0036242841521495375,2.3198042067441185e-05,0.5788048999471325,0.00024160199970376674,0.002358693338710574,0.0002976364501642606,1.5046267444959851e-05,0.5784238991703601,0.578080849438122,1.6675417695035266e-05,1.059586352871208e-05,0.39154549631420155,0.49978144903388183,1.6548722960421202e-05,0.0003273571596995916,0.0025942298282572995,0.0002657295848744084,0.9960136687519417,0.004074771723946935,0.5038183624172556,0.4780573785255578,0.5373493081822301
0.8999631661491776,0.0011732691671845503,0.0007222280426888798,0.4470358413917574,0.00023038470617150014,3.8855674761196746e-05,0.00031851668280735555,0.0010406905811438864,6.676551544893633e-05,4.2004038333052796e-05,2.661081901159909e-05,4.229795802209005e-05,0.0006593088385939082,0.00020178999081456593,2.4616250704952332e-05,0.00014595571362660347,0.2934977394405782,0.0005108922009269983,0.0008299516636636778,0.46030641212892964,0.4797499045377299,0.5537717732303616
0.43896654690642645,0.8950346144071614,0.0007625266126298138,0.0019221323317283596,0.0005145913690154362,0.0006071967834264194,0.0005451228195049117,0.005215742304905814,0.0006812475535238685,3.761408868374096e-05,2.4818290270444337e-05,0.00043723677903308286,0.0033262784517666343,0.00035983351853087703,0.00038368362104017367,0.0003365933403345041,0.001290146546068981,0.000489572512230585,0.6961737986255686,0.4485152259205072,0.5676857414457637,0.4850930775277997
2.945865443524541e-05,0.0021231891206729596,0.5715620167077934,0.0015909870246478164,4.257696671268663e-05,0.576501559671364,0.00020861312126293694,0.5754780290366528,0.0001622369005302478,5.711416827967167e-06,3.6429906498426605e-06,0.00010323999488521434,0.3901789962532317,0.00016574928656592965,0.49763804894967945,4.7144956782653425e-05,0.0017439155311698214,0.9976725836542251,0.9909863773988097,0.49618651326513286,0.4800875687338953,0.4972378380212416
0.5862225491785997,0.0025771284253400025,0.5835336955334073,0.0007572957315602711,0.00019703121815843044,0.0027135444735593684,0.005053171750596649,0.5885474275750403,0.0005635350782836773,7.530827958858002e-05,4.722570094021442e-05,0.00035339195952083046,0.3936957476139954,0.003889131418054831,0.0020884865592456503,0.00015164613478596534,0.0005828568176675703,0.4985335642982197,0.0027986646790129077,0.5992074429512384,0.4276739968555266,0.5104913048542008
0.002387566539943751,0.5808823224575885,0.00042323296769852787,0.5861088551891795,6.599251964841181e-05,0.00014645174301401888,0.00015365083675254984,0.5862189071203044,0.00034522679104872,0.0009633739803751141,0.0006073191704410452,0.00021712550489310107,0.39322463325394375,0.00012106593222398169,0.00011298537801623975,5.091224258724165e-05,0.5028546457949772,0.0004713447510662635,0.9973538558712371,0.5897156586738693,0.5610871203369311,0.47908864298897086
0.004516925268749823,0.00014576021378017286,1.0429684377731814e-05,9.90285910232833e-06,0.45372301474178056,0.00028418753890509414,3.2114624224390726e-06,8.875025862917927e-05,0.9067284968377537,1.4521834873713826e-05,9.117931095033757e-06,0.7046187211898717,0.0001245194783703286,4.601823672325243e-06,0.0003987242734342421,0.9936591995026467,0.00139498908303273,0.001480101121455357,0.020536445700709227,0.554554991744896,0.39637695856929045,0.4855153985374986
0.0036549293622904415,0.00018028849188078889,0.5796713091782091,0.5813625856239744,9.959710597159709e-05,0.0003714072135904255,0.5752704643366817,0.0011833764429788182,0.000213417671258808,0.00013835157213430864,8.786005653618539e-05,0.00013553072534011593,0.0007515024711540854,0.38910281634738436,0.00028800216262143453,7.723108999566617e-05,0.5009210199882752,0.9959811734985418,0.03137742280625527,0.5274597965764146,0.48014391163925507,0.5363982689741611
2.4822490899836047e-05,3.4269146364160815e-07,2.3004873944257072e-07,5.249501701261291e-07,0.5768788738152765,0.5776537376987976,0.581936359412088,0.00044982612389981707,0.0003392068718713782,6.582016713873984e-05,4.179549070379512e-05,0.0002153947424797605,0.0002856374593225632,0.3942477800386559,0.5004272666269453,0.9999725970102705,0.013459474325513587,0.005899304397389428,0.00878841303918143,0.5261893094608637,0.45856966228091817,0.48750853277185957
0.0013266116817781998,0.4483487816226259,0.00010400118619521609,0.0001350734362368678,0.0010893880999707343,0.003275193381858695,0.8865572565532632,0.00046276301009265765,0.00021111068305329562,0.0024588773274317145,0.001550240978703904,0.00013309858020318466,0.0002917573610241351,0.707096349620348,0.004650407048646971,0.0015468386756916053,0.0001917929677513054,0.00014767129127201024,0.9981163245125632,0.5717461189074232,0.44194564616502013,0.535245954203349
0.0015178648616950147,0.8983733827774313,0.0036127293228073766,0.0019504121374888674,0.0005764772878030222,0.0011789356036765763,0.4439806076796439,0.00017599977011436215,5.656496324756401e-06,7.252138426963913e-05,4.60715664884681e-05,3.5934731472469453e-06,0.00011180957518132375,0.2922057532996162,0.0008354257105964713,0.00040850768762033357,0.0013821170483327009,0.0025600928106715116,0.9989243872516942,0.5355985766165495,0.4786776282039853,0.48042708793229855
5.289532906887264e-07,7.710550061077448e-08,0.0002901751784650365,0.9000900269689619,0.0006371052835409888,0.0005462784833601626,0.00010397836257734974,0.00028159018679851363,0.4553703277781344,0.0002131260570487648,0.00013450730586372347,0.29817447981179923,0.0001991650915518341,7.511010497173809e-05,0.00038637588091639636,0.00045061650103265594,0.9997914458738809,0.9988459136356101,0.09215072903937166,0.5383641013815518,0.42393292447475106,0.46175875953028733
1.2904339399844653e-05,0.0007463037194529719,1.862372490460118e-05,1.564919651731678e-07,2.3428498575609434e-05,2.289801177606173e-06,0.9419856545536047,0.0007095115785826663,0.00019685674533791584,0.47324403660435926,0.29638305636231027,0.0001330411126958226,0.000479507166608161,0.9994951444316801,0.0019514039048186913,0.019969465281006765,0.0001334309259543023,0.015880934464031493,0.988993302827275,0.5269684997583696,0.2696379421918231,0.48032216267291156
1.4996752113973991e-09,9.013461910790444e-08,2.3160320888358598e-10,9.656388575959942e-08,1.7078787292123158e-09,1.7971101558726127e-09,9.22033972176407e-10,0.0,0.9999998071431939,0.0,1.4966174727715497e-07,0.9999999130564367,0.0003111125914042335,0.0047660070111781305,0.008350849583639484,0.008003875106008303,0.5098828395102619,0.0015627434255171546,0.9898371680903773,0.5838130008175054,0.45936454135556537,0.49356007467340357
0.0025472855622323634,7.093095484733136e-05,0.0004144482912956905,0.3827782810998619,0.6634811150963748,0.00010177822881061916,0.00018585975869410943,0.01581003524777962,0.006465875622151756,0.017419084292757417,0.011565682635169165,0.004196055045521214,0.01862344892552898,0.00015077688297394226,7.147793281270449e-05,0.6212789550437994,0.9954637123291403,0.06831231177091199,0.014814616963780875,0.3887874640908092,0.48747490037190333,0.5251584425870405
0.5919521575052022,0.00413599877907096,0.5946674053551411,0.5934316701032338,0.00024312296776233096,0.004150255206398698,0.0001424907460036082,0.0012382089094072673,4.157629602022235e-05,0.00013331220151462247,8.257907163012929e-05,2.5754071332965357e-05,0.0007669978175672764,8.826470525907868e-05,0.0025708480080842006,0.00015060172682655875,0.3918837691662731,0.5014489547235276,0.004448021215027631,0.5377002386258364,0.49193946019681084,0.3379936019496268
5.065854723416015e-06,2.116050102812593e-08,0.004064005901827187,9.659027409327409e-06,1.8195123289160322e-05,0.590257014932754,0.590178510745496,0.00014909656591961944,0.5864413838877465,5.287384243095218e-05,3.299665314262487e-05,0.3898987401124189,0.00011371436665515605,0.4999501171625512,0.9956167892784447,0.0028502065246437135,0.0015130665711180782,0.9992064357622972,0.002659198839173371,0.6163465832773157,0.4383872766133579,0.5527917932937912
1.430934900885957e-06,0.0004620057318266764,0.0003952814565186552,0.4560479349848184,6.645773140405659e-05,1.2568346367933547e-05,0.0008997401920402398,0.00010382950988661005,1.4068445019782826e-05,0.9126293666299861,0.704982187149132,1.9638877329640893e-05,0.00014494088493473273,0.0012827652975944213,1.7544835458939965e-05,9.277192197933341e-05,0.9991454003214808,0.4555986575437795,0.9980282469548114,0.46603413714173714,0.636321744168845,0.47778174150580405
9.665870340480958e-06,0.00326673371245643,7.577598542433995e-07,1.3209820802054315e-06,0.45434747765623756,0.0031944676794521732,0.9047412245542582,0.0033573013958081823,0.00021167012856688908,0.0024653933780602036,0.001550240978703904,0.00013309858020318466,0.002111081415183874,0.7037080135871641,0.004475814913525907,0.9954227967169959,0.0002574313168702835,0.00014767129127201024,0.9981163245125632,0.5717461189074232,0.44194564616502013,0.5625951442750774
0.5761329717578345,0.0018931091255958684,0.0004049847108065944,0.5830955424735272,0.0008511377966442228,0.00045776688778669265,0.004278685472257807,0.00015481112207649546,0.5794680913065534,0.0050414329627262895,0.0031971065079522375,0.39174031463891135,0.00012023003022980258,0.0033229448815915996,0.0003555176093730654,0.0006610232601180677,0.5038218296073409,0.0004475005818702684,0.0020918545235245646,0.5450456156813038,0.5131970559813639,0.5408642250632462
0.001477119673203747,0.0011437945274539697,0.5750360871759118,0.5792301558022205,0.00028803905114820077,0.00016867280915355522,0.0008799526611955884,0.5830535688771916,0.00022168907337533745,0.002132890856878033,0.0013496738167641277,0.0001399552725975369,0.39248331992668367,0.000695386108371365,0.00013051158823756146,0.0002251431966997508,0.49721432214607353,0.9979502710534783,0.41601502021677533,0.45689951756610975,0.5599712340146399,0.5543455270365435
0.5784131049539705,0.005335348216120659,0.00012994495690066616,0.0009915976028822527,0.00013930620457980542,0.00048395862017209216,0.5818626141027453,0.0006153757976215907,0.0006604237977608001,0.5785948951299795,0.39101954280051343,0.0005124422255424149,0.0004774883067828849,0.5018785330428486,0.0005326365817006531,0.00015331806389013672,0.00109133618629401,0.0001430154463759367,0.0058720865945083855,0.5309875133874346,0.47751802297797524,0.5499070407074903
0.5800811636229953,0.00600948907373933,0.00022109351911201174,0.00020108800790299343,0.0002094774271480195,0.578568828029737,0.0008774814140873499,0.5788573274382048,0.0002563996445600287,6.859039383555399e-05,4.352815720414284e-05,0.00016271380801388222,0.3915764180736677,0.0006963526767542066,0.4991536937930866,0.00022988335796048353,0.00022067579184738571,0.0002465518226619992,0.00659495900699239,0.4475130309777428,0.48045532242232447,0.5054676728047731
0.0017690885095301926,4.951053584329124e-05,0.5942742159762731,0.00015159318175441905,0.6008660844687796,0.002675932554989728,1.1926211260314307e-05,0.0006365403966325726,0.00017661058749532672,0.5882909562982529,0.38713741038540267,0.0001330411126958226,0.000479507166608161,9.168440957878194e-06,0.002015788068015386,0.5035138837610756,0.00016239622761648944,0.9981041002313352,0.017812112636453215,0.4577144412719311,0.3340830248012637,0.48032216267291156
0.00106811836505049,0.5961256783469914,0.001305238685529025,0.5934614666341606,0.0005453975252828654,0.0006853684746034085,0.00024233320080258483,8.80309861296223e-05,0.0009907391252900256,0.5976425134520863,0.3939656039827493,0.0007498234987339258,6.66247141191419e-05,0.0001873148569473038,0.0005187090398463899,0.0004127744483364886,0.4985742045493915,0.00141643205877795,0.9988593231855194,0.3631453000175072,0.3836714917960292,0.5202152353671177
0.0004157724964383228,1.0970361428556126e-06,0.9962770522752917,0.0007609916147659693,0.00023013289927985132,0.00024390854497187872,0.0006207374033940582,0.0010089386481137092,0.00022668117437709152,0.00021468790722455427,0.0001361756601352042,0.00014378294377489272,0.0006399654346125244,0.0004021233649754924,0.00015471020341227933,0.00014597239496194335,0.0004826927995497982,0.9997362773400914,0.0016797476498864317,0.45632480630810335,0.46257679840539045,0.4811403318958471
0.5826890466182347,0.00254307351135982,7.311359074414984e-05,0.5852828312907541,0.5845698172166767,0.00059265034803819,0.0001435381486892036,6.752574184840409e-05,0.00023375061730640954,0.004256351582536256,0.002677966241171143,0.0001470696082469665,4.248538334874954e-05,9.031034883597704e-05,0.00037287970882428877,0.39212433749977665,0.501410743105378,7.987985055528061e-05,0.0027784297820049493,0.5947341365404926,0.4624024881849018,0.5381631785771128
1.2944305647181947e-05,0.0008092249711005305,0.8991543781332172,0.0001674281088955195,0.0008919552580027494,0.001043404452532303,0.0005150014213219338,0.45057684119648495,0.0004242426000873859,0.00014398954222953522,9.1144790689654e-05,0.00026854383865778113,0.2957356334012198,0.000371302237496067,0.0007387587689659018,0.0006315292901003457,0.00011854369949291267,0.9994269737357733,0.989817555733348,0.5446175794706738,0.560916811300191,0.5048334329649088
0.5791253580092715,0.006651745506767745,0.5679133067329603,0.0034751075637646637,0.5651213148087934,0.0006140905295522441,3.368293277602535e-05,0.006149749472079414,0.0011049790303473592,7.068121910789982e-05,4.4917229992158656e-05,0.0007005629904588696,0.0038989890155970435,2.1842555559547847e-05,0.00038934071780936653,0.3849845739542387,0.002710313429166833,0.4923991788453912,0.0071647434165993396,0.5553376154099833,0.47962832795740024,0.5254179336249903
0.5857964886445524,0.0034062702650764,0.5808035817184283,0.0005100366485104369,0.0013037730552311504,0.5865288520648161,0.0005989537405428133,0.006805436093060659,2.2921630331168954e-05,0.000483296615468229,0.00030396510842518355,1.4416356655433274e-05,0.004280251084959152,0.0003767151939414737,0.3934789519461305,0.0010061598873253017,0.0003936105863841259,0.49726998017750423,0.0037017541129466536,0.5318765437103038,0.5706940700525858,0.5787092802573344
0.0012685058392802187,0.8836638609951666,0.4377147253940154,0.0025382507449406536,0.0006473769065419769,0.0006292242140953152,0.0005380328476227521,0.000900138141273198,0.0006839061801989225,3.7617803595882324e-05,2.4818290270444337e-05,0.00043723677903308286,0.0005793560447660694,0.00035690583611082177,0.00038571127414097826,0.0004290949616555114,0.0017389467985594194,0.29101947937609657,0.9990583879932727,0.4472213254870976,0.5690230285372331,0.49994830235987603
0.0007960405387109449,4.270897269975119e-06,3.45951122095667e-05,0.0009348925035458923,0.5791361815257106,0.5815005804556751,4.1516120582333954e-05,0.00036755190892537385,8.039558645278243e-05,0.5833894116741033,0.3934110155191636,6.236339144018987e-05,0.00028511244380135864,3.279316985932434e-05,0.5012960310330439,0.9986496979355166,0.5506589579036986,0.027648834198129964,0.003415548245135458,0.5714839715365679,0.5321598722123811,0.5278363387307657
1.2402556519695418e-08,1.0546246207481223e-05,0.000780003739188553,0.5835824336705913,9.973682487472885e-05,0.00020190706846015267,0.583449214623701,0.5811874753079104,0.0022904587715067465,0.003237324273704072,0.002041867549540841,0.0014446601868473574,0.3906273287968494,0.49992702048023435,0.00022025664705915306,0.00010880104290666516,0.9991490304277413,0.9913929330317403,0.9992513251717198,0.42588531809430313,0.4789121832363777,0.558369609451795
1.5654856525366993e-06,0.0001026071834506243,1.5209244329156873e-08,1.9161436193163012e-07,0.9016944398530197,0.45143472905806614,0.00024268306514359792,2.6528246044101425e-05,0.00020192172841237095,8.522997461663654e-06,5.380779761087669e-06,0.00012747819786583032,1.6747922553594134e-05,0.0001564773773524153,0.29549905411733834,0.9999275486964945,0.0011887243301832938,9.587930833833544e-05,0.9902877684810014,0.5893110389689713,0.4836105982461929,0.4880840617681786
0.0024345766242599765,0.5713277510854665,0.5685438758506673,0.0006938766960417767,0.0023131683237946473,0.002626993855062027,2.7055394193914297e-05,0.5739901266573455,0.0008968761094885312,7.307097212744678e-05,4.722570094021442e-05,0.0005750154160407716,0.3936957476139954,2.2005208782245036e-05,0.002035060573216339,0.0018798829077085301,0.0005828568176675703,0.49623735868691626,0.9972047166894522,0.5565919857468219,0.4276739968555266,0.4900430546380652
1.6411410248568751e-09,1.9783343628424852e-07,0.00040421492946633383,7.045523583267883e-06,0.8992240197634203,1.3458186048347794e-06,4.207359097075711e-05,0.0009265554854196918,0.44970075807304916,0.001231210121063509,0.0007796000409107384,0.29521736736458426,0.000655969227423985,3.0331290178661635e-05,9.527928937794287e-07,0.999713789432175,0.011095361171463394,0.9996884079766671,0.9947190039751416,0.47638195809339956,0.4317281147127477,0.5136019793279872
8.685862715998113e-05,0.4501673510862822,0.8903126630625048,0.002367339924178505,0.0010110961246358908,0.0002435361085809482,0.0002305872999609077,0.00030608918937797636,0.001520290658973898,0.0005415718697978248,0.00034118852294599854,0.0009577786414676451,0.00019283523320910581,0.00014836568731097242,0.000153427056344618,0.000636987630040055,0.001491412952466314,0.7060646456379601,0.999877165501361,0.45494460832827793,0.588077892394822,0.5269280156227955
9.816680493523612e-05,0.007224694973307873,0.5908752029714786,0.5927440089336967,0.00140252741680112,0.0061218834274539445,0.000566364946994813,5.220043656699619e-05,0.0008951525174557151,0.585902542260191,0.38709639168479876,0.0006753944570455469,3.889790530286005e-05,0.0004364318101876387,0.004618977387284784,0.0010690163842946485,0.4958819164554966,0.9923393742403168,0.9912528982471496,0.4276258101974724,0.6509340004175087,0.4990485511144775
0.0013444130843282126,0.8971537994393939,0.00022618635348594957,0.00026732174668207527,0.0009289798987488696,0.45008926644015984,0.00019687354416969238,0.0006053333755771092,6.762250793021506e-05,0.0004884753617824651,0.0003105577658122908,4.2891888701310655e-05,0.0003839521765904219,0.00012753517786375375,0.29603611302355104,0.0006659500214764725,0.00019197125759249837,0.00016309859202336968,0.9990264240301986,0.4421025714715544,0.48212258613119363,0.5032578699553676
7.294762574320936e-05,3.6449558668351677e-06,5.5248111087311725e-08,5.1016211594825334e-05,1.830122801645274e-07,0.4457287335784133,5.1980415735706935e-05,0.0002756999629553238,0.896652354106294,8.00534954141392e-05,5.089600730277588e-05,0.7063099299476698,0.00039377302965881017,7.582435763859457e-05,0.9998727538964238,0.0013077524277996765,0.3881516915848926,0.0004893380801766246,0.03178329540140736,0.5050012827215195,0.4804698455932409,0.530370437562015
0.5874444849826643,0.5887677741992062,0.0003776834898397406,0.0025083309039243473,0.0021209079771141778,0.00039296274653361846,0.0008873744312146454,0.5849390129211516,7.093013350679966e-05,0.00014946111155313453,9.357732183977479e-05,4.4409224013999666e-05,0.39020673822571894,0.0006937052658873193,0.000300787745570604,0.00162342028447303,0.0019199670005419413,0.0002937662658757615,0.500715291055629,0.4722481587138552,0.420091078325475,0.5982319242288647
0.5928219294503556,0.5919183670191921,0.0045093109357512845,0.0018583381707185445,6.63354115551828e-06,0.0006474324709665243,0.0015811150261529747,0.004147067316614705,0.5949498263438137,0.00013929353382361386,8.630170381601594e-05,0.393124247359303,0.003151401825042914,0.0012271274043564747,0.0004919961866090455,5.040953084130707e-06,0.0014121815213494946,0.0034821100485723597,0.4995135379669348,0.44740279011417056,0.5278745231494945,0.34514548584722177
0.9014364048846442,0.0014729479964314905,0.0005037620148835601,0.0026624533861908193,0.00047238566936588105,0.4464202696270044,0.0015394115443440636,0.0005273284583870324,0.0019749181165983876,7.085241564297431e-05,4.484033886828758e-05,0.0012498664133906248,0.0003337306185401981,0.000995014152047034,0.2927339526683262,0.000333611607002764,0.0018802950267767927,0.00035840958365233096,0.0010402358222198205,0.464547593908716,0.49959933165392906,0.5683275568313205
0.5865693053833831,0.5839617260368779,0.0014539326093778616,7.430654355703376e-05,0.0023055578572699423,0.5815021412986151,0.0005950967204364348,0.0006719042286732331,0.00022163871338929734,2.9367886532427603e-05,1.848282226862529e-05,0.0001394894037316161,0.00042286600475296184,0.0003825097444594579,0.3898917105875107,0.0017733213719625942,5.715292766760725e-05,0.0011265873057637599,0.49858162674211415,0.5794417937934474,0.4855983274706192,0.4291126749949934
1.0489336582976428e-05,0.00043908100905958936,5.279381656666007e-06,5.2319956941412286e-05,1.556224728333778e-06,2.9064980810756576e-06,7.540043531882055e-06,0.5899616120557135,0.5852574697641603,0.5904054462500914,0.39324978494490687,0.49745170758085167,0.9995225893932462,0.0110486474807494,0.004182950389310186,0.002239712786162526,0.0754756014503643,0.007651908496150413,0.984794511877177,0.40100997824592227,0.4052148088343644,0.4753304884711046
0.0002846261569399631,0.00025730902451225074,4.6337301610323346e-05,0.006544595666293838,0.9046591627220633,0.0005447707742947724,0.44631411959776535,0.0007731423602570522,0.0015358902084176723,0.00021148695028000195,0.00013292563384004191,0.0009653515755719085,0.0004859427793044946,0.29692871144999033,0.00038335158073545873,0.9953865505510331,0.9624491449277394,0.07651124929444525,0.4679377044350751,0.5831966828594441,0.5301625096799192,0.42899678366233884
2.4812078561574018e-06,0.0004057008163678794,0.5718560223055229,0.0012220697553601016,2.4174019013977702e-05,0.00010978097828251028,0.5750722637080206,0.5801668032300561,0.0003440429344855914,0.0006281262268742016,0.00039701940666788836,0.00021695099614204238,0.3897414694697766,0.5034019860005209,0.00012027175642873335,2.6754014501210652e-05,0.0013388567104325622,0.9995555328814475,0.9960626466627167,0.5451901521063905,0.41552488053499315,0.48051525680393486
0.5800949945008708,0.0011919853333269038,0.00046647083073281026,0.5830158278408283,0.0001085484808612496,0.00035641370533200193,0.5762957175826435,0.0006226748537552056,0.00021382471223478587,0.00013859807387856595,8.786005653618539e-05,0.00013554771030557794,0.0003947259252339852,0.38910281634738436,0.00027588398694012776,8.402255353788651e-05,0.501597917434228,0.0005119228160181123,0.0013081312039565198,0.5062578173028752,0.55400906445003,0.5360986308540564
0.0012450038440798563,0.4499331739495532,0.001653441865324583,0.0009280451887755392,0.0010346893509325787,0.00027911867580077625,0.0001790207274927523,0.0005027966404792868,0.8935694096517878,1.2904768918489876e-05,9.117931095033757e-06,0.7070435750604912,0.0007180974688950105,0.0002646399654819305,0.0003949820903804982,0.0015156470994703085,0.00139498908303273,0.002377376374230176,0.9981426201842074,0.5442526896490836,0.396192281205388,0.4852058799793971
0.5998715342862194,0.005159807983090354,0.0014162050672616962,0.00039486951216584956,0.003807003461947483,0.597755557226879,0.0006072201732284682,0.0006336397198277761,0.0001954731319588192,0.6000289556922126,0.39312934172808484,0.0001469427234566346,0.0004763246163118263,0.0004661939627315226,0.49885785140126815,0.0040400262662427106,0.00041904285463985233,0.001527195524265015,0.005475746058301503,0.464341525122006,0.5815457925062821,0.3245311449022287
1.3392114004312423e-06,8.48502459193176e-05,0.8837835516962292,7.016381813883862e-05,0.0008893314148210819,0.0002015269850706632,0.0002021574789304354,0.0007123094803272825,0.44412991813423464,0.0007007386436637908,0.0004452613836934127,0.29237834409095026,0.0005035693013742456,0.00014635826430141736,0.0001428568606542038,0.0006304223836416326,4.914868404759732e-05,0.9999398444185581,0.9899529206072545,0.5377199758544967,0.4952690914574626,0.5211537753218372
0.5792119981897929,0.002435251768466276,0.0012956282652418348,0.573771094330472,0.0008062674087148374,0.0006706842924448575,0.000541760515651471,5.556869913705732e-05,0.01021096508306658,0.5842598759760654,0.39582335539703006,0.007972756308439452,4.339049802732183e-05,0.0004230306038662053,0.0005237001346509974,0.0006295697086314073,0.49699221692901857,0.0014240276583351006,0.0026766025156547135,0.5376008919052389,0.49590693982055245,0.5406326406081107
0.0006317601122120389,0.5753965145962506,0.0008692027786122676,7.652009112016513e-05,0.0014090372368019718,0.5778234630666859,0.00015546969382794381,0.5806389075003037,9.804055086461173e-05,8.72487062907836e-05,5.548598682946731e-05,6.234908192513961e-05,0.3939179852961337,0.0001239616372045437,0.5013398371789107,0.001558963592031325,8.466203931418526e-05,0.0009688207891951334,0.9993010193140429,0.48104455640476307,0.48198222524571827,0.5191345740591555
0.002968554005552387,0.0024735752552710174,0.5664409453295968,0.0015082449585966373,0.0003430755990259733,0.5726232135670988,0.000703258126153267,0.0006315095292648474,0.5684154070700451,0.00026996533121036295,0.00018075951314547745,0.3955384439547923,0.0005837547784320401,0.0006768251233665243,0.4955984048991895,0.0004207060776371303,0.001896132909792958,0.9951690062108869,0.4349127536344516,0.4704745965939867,0.4775182949691852,0.5371365434189969
0.0010217635886031265,0.5819582267079251,0.001274207084444772,0.00024937967205400694,0.0003735096491625316,1.0565311320856435e-05,0.0001672679447865052,1.7886576058403762e-05,0.5894081486975495,0.5884856512256692,0.3939656039827493,0.5040659059806172,1.9567662517212326e-05,0.0001873148569473038,1.1558199657549235e-05,0.0004127744483364886,0.00027939888981038253,0.00141643205877795,0.9988593231855194,0.4488132224784668,0.3824768872390782,0.5204054029011052
0.45651454377514533,0.00023384719091725336,3.811788499826605e-05,0.9096832857791061,2.7924200120026503e-05,7.163713725437889e-05,0.003523506648458642,0.001943083506785651,0.002827737013080494,2.0314767365953474e-05,1.2706380432768644e-05,0.0017686812667631058,0.0012153557109654432,0.002203882472783636,4.480776617707757e-05,1.7466094819509176e-05,0.703896828177498,5.315623863798476e-05,0.0003261051251475912,0.5752916362461334,0.4288338090330023,0.4158303405040047
0.004330674772994432,0.593783777705552,0.5860860318677082,0.5953070230470633,0.000585686962826386,0.0038877796305401054,2.415347752341301e-05,0.0006204477247795599,0.002422630050498892,8.592798199568789e-06,5.337210673843828e-06,0.0015047599983546228,0.00038537735199696674,1.4882547463774127e-05,0.0024148147351375792,0.0003637891599832379,0.39453991780488074,0.4958394046570783,0.9953569870494361,0.3797803327958196,0.39924661933439776,0.481545104901039
0.0034704194630169136,0.5794129287242502,0.0013454015834803471,5.199895381317809e-06,0.5773254924473862,0.0002758011760771045,0.0002944088950387918,0.5824147037680634,0.001964961724995766,7.589356311434023e-05,4.8117294640712646e-05,0.0012458066129072461,0.3939171549477894,0.000229142496276492,0.00021465986576490656,0.498844597263562,5.713175783151128e-06,0.001478207173199464,0.9961869832033841,0.5403634083168175,0.4736314473619237,0.45767456283180236
0.0017068812318667083,0.461030760932203,0.0001824102702416887,0.9261408838586813,0.0012786998008908921,0.007517743682487562,0.0003418695747832833,0.002477026915965864,0.0014033950676069634,3.084697701523491e-05,1.9162912284348627e-05,0.0008718243284996726,0.0015346274582313665,0.00021690539843820993,0.004670267768484376,0.0007943845459490943,0.7029193783727972,0.00025595403297508726,0.9976430450825176,0.43086517502645205,0.6409227123884984,0.4880612226566358
0.0019503068165724693,0.5749643759000059,0.5694426154775816,7.39096044135862e-05,0.5792139963396647,9.680999803648256e-05,0.0009711632524965329,0.000615752926153072,0.0013913948270088525,1.4901377079174497e-05,9.472284324815231e-06,0.0008823948722556211,0.000390497237262888,0.0006304534316587465,6.139447987265706e-05,0.39614037120310225,5.907551492419596e-05,0.5020340770042702,0.9977962377491064,0.4726349020989544,0.512199222104444,0.5543108067008421
0.587584018955362,0.5759623263869245,0.0008428950917507892,0.009398722924941863,0.5744398892902508,1.6013803877831032e-05,0.00028306560583682427,0.0011136083399503212,0.0007904574968230569,1.459715954910596e-05,9.26021045049319e-06,0.0005014539647637307,0.00070645613408237,0.0001795725760606629,1.0158917339178435e-05,0.3879932348012492,0.007271759426985479,0.0006521734956904668,0.493641548284494,0.5047454137117067,0.45895149574503197,0.5426165789179536
0.00010994675200918563,0.005754539210289275,0.0041252271159815754,0.6005608221600018,0.6045466784363278,0.0006565571878210803,0.0018433362503349202,0.00044161801786659174,0.6040247738155806,0.0022643970311994506,0.0013800995320154357,0.3925465242170785,0.0003299120687787832,0.0014064232924645478,0.0004904844980436208,0.5020845472867244,0.9924525401671329,0.4007408807932202,0.987838128527288,0.46612321003450485,0.706607812650707,0.473548233820719
0.5773895427887901,0.5865334227900043,0.0005776541055141495,0.5772003430170825,0.001036444273348677,9.730106382707804e-05,0.006969853919105151,0.0005925124242080648,5.874001722811828e-05,0.009829554212701035,0.0062160704645150555,3.7060742027263636e-05,0.0003738320754234041,0.004491239362736432,6.139096996636026e-05,0.0006605966409908344,0.3877042056876089,0.00045152472982649223,0.501430149543971,0.5806410830817094,0.4543625306648743,0.4780215252234976
0.00046174927631806615,0.00045595835962689853,3.239186915861776e-07,2.1174635654041735e-06,1.3203744387529624e-07,1.9797996959280898e-07,0.4507215842739764,0.00016095837840610243,0.893329289027708,5.5684628219817046e-05,3.542890364869816e-05,0.7025237857346588,0.0002273447272891204,0.9990834168780404,0.00019422315015661055,0.00012953193857651577,0.0020772868887940776,0.00031777381111350875,0.49598285664126773,0.5054302241292414,0.5179255108341696,0.48441731177196873
0.00013118426358575377,1.6598781507792878e-06,0.5854897205149527,0.003205160758324337,0.00030840029590666843,0.00035548953341036954,0.5808364639940496,0.004370936132129248,4.742228305286221e-05,0.5802593966775067,0.38606807721293146,3.608817015198377e-05,0.0033262784517666343,0.5018174347919324,0.00038368362104017367,0.00033285981751884404,0.0034593734948177544,0.9998583985982087,0.00805473325410161,0.4485152259205072,0.3777568263292844,0.4774200141576732
0.0026222969847090253,0.0014333313651575812,7.438167031587148e-06,0.0029193861242565473,4.466850813306794e-07,6.447671424748848e-05,0.5798174734976866,0.5822641761739942,0.0015127347231409832,0.578143449393994,0.3915149418683068,0.0011766343352444951,0.5038850117893212,0.9953755388971832,0.009824350301333365,6.80670268775887e-05,0.49255601533466065,0.0015845267294165998,0.3184525709526942,0.46314147163208613,0.47563997712561135,0.4892463224939833
0.00010143769682728477,1.4219280503982362e-05,5.164815648872396e-05,4.027173258539781e-07,3.4923017623847525e-08,1.8940739522671057e-08,5.717525903992423e-08,0.8950507721104572,0.4485408332616916,7.095133706092936e-07,4.5222803941881825e-07,0.29574536997093726,0.9999174224672844,0.0003206767230523582,0.0001039133469957269,0.00019348300408801697,0.00220825971037354,0.2986101136717595,0.08768562976167504,0.47435702757480946,0.5036575141487062,0.47811586986817206
