obj_0,obj_1,obj_2,obj_3,obj_4,obj_5,obj_6,obj_7,obj_8,obj_9,var_0,var_1,var_2,var_3,var_4,var_5,var_6,var_7,var_8,var_9,var_10,var_11
0.5786393279470192,0.0008984195996720771,0.5893864905163156,0.0017179903545190601,0.00011769417940868637,0.0001573497409623651,0.0003841091934407134,1.2235089034519492e-05,0.5791343292438264,7.989285502268788e-07,5.195190317986597e-07,0.3893027002057252,9.430519869700602e-06,0.0002960620653907032,0.00012335080119260918,9.083015280188404e-05,0.00132418421839436,0.5058595058044384,0.0009884535820429306,0.5245179952335565,0.533883189572751,0.4163073510882584
0.0001837122955911283,0.0036838469053797752,0.584581372816843,0.5847192593054261,0.00021555027420473946,0.0009238961730717281,0.0002254420245707353,0.0022695398038548613,0.5906470514201272,0.0009954704230465134,0.0006426301588422128,0.39489255165706394,0.001747447196848147,0.00017722621749247103,0.0007234992691022625,0.00016763558187579686,0.5000692270521182,0.9959832769213725,0.9678847309530055,0.42482431625238076,0.5130792063030362,0.3985118890734906
7.918446177170352e-06,0.0005759591969015395,0.5860673198312618,0.001619248201169825,0.5831727357219204,0.0003554813299908616,0.007124035682701676,2.3918943612083314e-05,0.5772066599643152,9.055758240254886e-05,5.986835579259968e-05,0.3900319599170473,1.8291495471689425e-05,0.005667901209064718,0.00027649528580906053,0.5004475658170797,0.0017286839627080886,0.9993766073786527,0.9911393960688315,0.596295138940292,0.477353336957023,0.41191154032629623
1.5941561596579847e-06,0.004722369966480621,0.00017357063905409464,1.1901234188075282e-05,2.6882973754477734e-05,0.8807288851268459,0.00017175895065603327,0.0007058982454187958,0.00012408531951633417,0.4339657147463373,0.29475041259130463,8.731779533953084e-05,0.000501679564461269,0.00012463214238213007,0.9966415883035824,0.0036581638928611104,0.001587015581235269,0.023389058808624907,0.9997824227694113,0.49537025879039825,0.4961003808073279,0.5336751532035856
0.574691127158811,0.5839371431467031,0.0005862586071485909,0.5793183887709118,0.00026089731422425903,0.0030843764368059003,0.0027915567221981938,0.00017788732367282343,0.00405695788151047,8.261042307622223e-05,5.5319955874371656e-05,0.002600093984747448,0.00011246269600218126,0.0018360908806669962,0.001983260071897768,0.00016660517155975708,0.38753969892155504,0.00045345576184945956,0.5025221361376107,0.4891056720875606,0.41829158529473304,0.513366881341761
0.0003769300887877144,0.5781476535130133,0.00023903618512954863,0.5841210651509351,0.005729610393657688,0.004691705721327159,0.0018562529558378209,0.00048086323016195535,0.5734638164134727,0.001966090482636572,0.0012826111274316168,0.3919260059901008,0.00037247519729718183,0.0014958804562311412,0.003696213439093432,0.004482926036546409,0.5032811058540567,0.000264185643763419,0.9995797912499742,0.4288359562873886,0.4665901696918569,0.5226249548913731
0.5867602916959956,0.5766390762738011,0.0002067252316613769,9.318880255107509e-05,0.577921075758727,0.00019204248082637724,6.63366922624483e-05,0.0007881172437544948,0.000348541801287206,0.003315322115441163,0.0020992926242284693,0.00022070069633725077,0.0004990450173605583,4.2005174749171204e-05,0.0001216035613476607,0.3898615585980758,7.2113002598099e-05,0.00015997176678351317,0.49446174418832667,0.4840660591393219,0.526891607762048,0.43358564551983186
0.001491567635924972,0.0005083811805049807,0.5917265816745605,0.5929164093837664,0.00036926886567535135,0.5865457524171849,0.0006101183886966939,0.0004965829427558711,0.0009986114586854828,0.0005629880893120009,0.0003591087510788048,0.0006181948011167846,0.00030741107022255835,0.00038562698043195266,0.3939669965447019,0.00028346687401222827,0.500638743158581,0.9982857842144147,0.20673316612476053,0.36131940450619837,0.4447763167171269,0.42193638596028055
6.511721340987412e-05,1.7132706797012754e-05,0.0001265155853463683,0.4545844576190478,0.00019700266932193072,4.371572436758944e-05,0.000584245268531665,0.0013887648329360658,0.901630819752965,0.00029776508722527645,0.00019487968336271845,0.70031351022594,0.0019448994021451782,0.0008512352906202417,6.226646012153177e-05,0.000278670677174726,0.9998000128246416,0.6929825843667929,0.16658467878667932,0.5384161015318809,0.49599182350049453,0.5279418591739945
9.749335767182845e-08,4.6911665728726975e-07,0.00011339582353630445,0.6189946512365667,0.0006272828129661756,0.6194882965330917,5.55430631014523e-05,0.001536330551686508,0.6199195837608718,0.0001415512026864172,8.653922223653522e-05,0.3921550675865111,0.0011168365586445744,4.037722156611167e-05,0.5002528970179838,0.0006451439732068824,0.9998833750809835,0.9973100343054094,0.8695543548265885,0.4134291939171802,0.5254423197885962,0.7545732454720806
0.0023934635527005856,0.5885868258455201,0.0009472760279873398,0.0020920498875254276,0.5916125486608177,0.0019110721482072874,0.00013232345483258205,1.4558125838390862e-05,0.5918898040028933,0.000339921529535791,0.00021150926527677654,0.39273187500436313,1.1105527904081813e-05,0.00010094169006556419,0.001457844513948434,0.5016270685994749,0.0022627451378782193,0.001024571254648867,0.9974112267613784,0.5299216731802784,0.6482197855136937,0.48380552788638786
0.5740967910923521,0.0010713908001084805,0.0005398867563568946,0.5881694998949826,0.001541440538154013,8.487800593810039e-05,0.0011828911464623136,0.5723668908889555,0.00024388782208480727,0.0003799491298873916,0.0002415042975262921,0.0001550206486135831,0.3872536956983374,0.0009162223864604079,6.574331540360303e-05,0.0011939426068221487,0.507707114667072,0.0005986828169591632,0.0011880710467287343,0.5281756925797312,0.4827790309444104,0.47813169283980617
0.001028317417240831,0.5811600726610788,1.008649058622546e-05,0.0004161103133564587,0.5776543755871381,0.00275005623334388,0.5657682984241377,1.0838716056015738e-05,5.874642715874378e-05,0.0005663306543792529,0.0003703940510029477,3.7289301224268715e-05,6.879757909377822e-06,0.39072898777242804,0.002171709186161941,0.4984845760893616,0.0004558317575142634,1.1049343551543939e-05,0.9988595535345729,0.4796983882194827,0.4496042611729792,0.49672750813335464
7.446634971473283e-05,0.0014676250434192371,0.8957247054072646,0.0008992291303626936,3.686490658778467e-05,0.00021554193111160928,0.4377908511060329,0.0002268828731099143,0.0008190351191407392,0.0024145459115519855,0.0015821809220587196,0.0005208661618582479,0.00014428597359682227,0.29466886234625306,0.0001558069413364884,2.6234161216918484e-05,0.0006391102703920757,0.9989555661290279,0.9673256228216397,0.4997551066002595,0.5319804117244532,0.4942299658714032
1.2027696568265997e-05,0.5835937383951216,0.004445194710589602,0.0007748719072529768,0.5883900900241326,4.3241307735434095e-05,0.0008060677955686051,0.0008947501381865829,0.003216166178484652,0.5881014105414435,0.3928960475805549,0.002470581974942503,0.0006873292509839882,0.0006192055783051259,3.321714304650311e-05,0.5025958422688248,0.0008452531571186422,0.004848996710998005,0.9999868794523543,0.6111520438320421,0.43941609304470847,0.5135440229404328
0.5851326154299156,0.00021740371000706363,0.003506619614002309,0.5842114543552516,1.3653389343071287e-05,0.5850988722653252,0.00015139626292247588,0.00026363310320848325,0.00023106315492385867,0.0005072068713835662,0.00031877469213785156,0.00014522100749376053,0.0001656909167351145,9.515112458103876e-05,0.3920427863748871,1.0512093684650868e-05,0.49949275969659146,0.0038151291573315918,0.00023653354884378176,0.457933425030142,0.6056085235067818,0.49654903150642277
0.0030470042724610935,2.134170086086528e-05,0.578134463019628,0.5779330624171617,0.0004995169315963031,0.0010970308945643919,0.5832369933773364,0.00016028810478925745,0.004265977893393179,0.00011695992565955122,7.639981353577347e-05,0.0027044359597451634,0.00010161587635487503,0.3945188006550764,0.0008689151471344204,0.00038950060624829325,0.49988650957456077,0.9966447286990036,0.004458966843789436,0.47519569526333355,0.5053718311693917,0.5596935634580916
0.00011727432649484966,3.548254166180179e-07,0.0019101332999437038,0.003433348391928471,0.5786666496171207,0.0005847727813406325,0.000127525272826097,4.3414633084905584e-06,0.5895047877115355,0.5805702348143124,0.3921713993582689,0.5013401128797598,4.776136576103355e-06,0.00014029346542046383,0.0006433211341372157,0.9956757274593144,0.6762775049512277,0.9609629108922912,0.00192615072973909,0.46392688174918606,0.49340877894557866,0.44115412977904633
4.3714604352722145e-05,2.040224398657342e-08,0.8978444235096387,0.0004396315050642991,0.0009722853372575787,0.44545934463070774,0.0009778267386313176,0.005468279571033218,0.0017651121962345632,8.864164747979254e-05,5.781667957884039e-05,0.0011069715752082148,0.0034615494852225596,0.000643977296763687,0.29751133564511556,0.0006963464853960485,0.0003117220524244109,0.9999695476822954,0.0003024495157334661,0.4592940379859768,0.47146858132848696,0.5567194773618789
1.3087957971363712e-06,0.00046362342016807517,0.0012880827734807056,0.00010760960511879632,4.399867729032589e-07,0.8996850575333261,0.004724320956276127,0.44884322343814564,0.0002699659172901118,4.42567362275844e-05,2.8022149997836143e-05,0.00016850460912203456,0.29459750295741227,0.0033429132455648327,0.9990283167489864,0.00020397885343025922,0.0499393210364709,0.7800492168607966,0.998202843919334,0.47511142693353176,0.4911438427104957,0.4311050674309162
2.7321259283614883e-06,9.552460000906338e-05,4.545324141926922e-05,2.4359151625393567e-06,0.0025282627421510276,8.787551003688632e-06,0.5718975100560066,0.5806156049158163,0.5757713023598569,0.0012657142968835891,0.0008263120418368628,0.38846703029348334,0.4981976516347244,0.9972133572875358,0.002226121786492896,0.9736279872769256,0.014655248795184726,0.28264113372381894,0.9815707492614153,0.47594055000121566,0.480723232387338,0.43812807264299414
0.0007896602356678872,0.0007301760413213316,4.772244016085061e-05,0.9136615409449307,0.00078911989893854,0.0001714842973551987,0.44785051972599355,0.0006656058876540839,0.002220213721312639,4.3222202701988075e-05,2.7750192528305795e-05,0.001383425891484047,0.00041474195271736793,0.2954050061830454,0.00012152590138717794,0.00055537975870394,0.9992448636237543,0.02804219244658457,0.4711793103181172,0.38263333279050626,0.5377761868484253,0.41944591486453286
0.0008513928661558452,3.6341280647808274e-06,1.9440566509511115e-06,8.396746250543975e-07,0.4561455444023458,0.0002828491978719951,0.8977100470642349,8.304865498376785e-05,6.94997892871907e-05,0.0026823689422948755,0.0017469287978155788,4.3928759709279186e-05,5.2491812073536884e-05,0.700385579143003,0.00040098830936641103,0.9988132538348599,0.0006282742178579936,0.0014536619981216914,0.002717396863493839,0.4930129424678065,0.4674288414537822,0.42185893144855136
0.5782621395515388,0.00036877004411289637,0.0005095459724062727,0.0003461807500410934,0.5790499848928146,9.533972922623944e-05,0.5804640442501867,1.0460057888706486e-05,0.00014591486434458253,0.00043389058132157126,0.0002836789251416843,9.258717715612038e-05,6.6371677740115425e-06,0.3927648062825423,7.416857554013931e-05,0.5004372160377974,0.00038112202559660016,0.000560971809506274,0.00040599097804927455,0.5013382754201781,0.4947972550520267,0.44278597824380783
0.9048520393351465,0.0067143685873894575,0.0001461954020877805,0.45807105781455987,3.63212419866883e-05,0.00036189883251461723,9.78206120084649e-05,0.00015899550381535382,0.0011875336079393214,0.00013288586659718207,8.510637607624864e-05,0.0007381271045064649,9.882551921399979e-05,6.325565073391398e-05,0.000228780084660937,2.280311252654771e-05,0.295179915252635,0.00010159539283075697,0.004665897535649777,0.6063790728353284,0.44571367151745256,0.4001931165841276
0.8860984066722344,0.0021038362073044943,0.0019702263112934605,0.0017956031199201758,0.0017741905215054655,0.4407675536265237,0.000595561262381984,8.913706171790532e-06,0.00030114991046407605,0.002737892048523409,0.001790827875080567,0.00019117201663464264,5.658463081918141e-06,0.0003860035994959432,0.2950217019972016,0.0012606421214226304,0.0012742479540645986,0.0013981706699300323,0.001492950724067743,0.5451552394901867,0.49596275476160384,0.4715764386636141
8.153811408240554e-05,1.1733085313431119e-05,2.5803872905941103e-06,5.598837751462554e-05,1.2808726590972353e-07,0.4434874159350915,0.00019214249049300943,0.00012833311552580648,0.9082276866994421,9.147726812846438e-06,5.761846043059593e-06,0.7108194195493938,0.00018422030444958422,0.0002758177423392535,0.999856972740147,0.00081840108074753,0.3798779849543984,0.019934804049546673,0.09098309382575892,0.5426206849384805,0.4088964391634221,0.4753934877448373
1.006224287937755e-05,0.007331515281655313,7.858447605755856e-05,0.5852050135330557,0.0005955538061973313,0.580192779628819,0.5791487017575115,0.0026629051660372045,0.0005378243032817297,0.001477109805280569,0.0009499400434040128,0.0003356807652312454,0.0016620367941317976,0.39367928672477326,0.5026239916918829,0.0006543521663630594,0.9920245372058673,0.006823672019499044,0.9991154053453145,0.5004394202229493,0.48905157834518675,0.6409564233665274
0.0014061092547752374,2.247487185816347e-06,1.9127349320259342e-05,1.4808030797725618e-05,0.8779768372074812,4.015059199453892e-06,0.0006586008770009138,0.44220948945556593,0.001243106627869171,0.0005820839291416378,0.0004203067088754945,0.0008130157891630754,0.29249435463504697,0.000506846434285287,3.378411305639972e-06,0.9989082094469985,0.006748438499738885,0.008252876439840462,0.0009784848724287403,0.4782611151644503,0.5276866034061206,0.5032235403882757
2.370016289029288e-05,0.5797371765815201,0.00030921198141503853,0.0002621650771741802,0.0016688944134539807,0.5663035430040065,0.0027561387258584953,0.0002506604208235794,0.0009254948199080196,0.5702798942955181,0.3968668938068788,0.0007209864963747697,0.00019527102094200413,0.002233767795027394,0.49793345922529153,0.0018511565520454255,0.0002878971821193497,0.000339562229244084,0.9999736509439928,0.5665528148176331,0.49116878614190995,0.45506901163353364
0.5782760979666215,0.002238535639963487,0.0002009088525556733,0.5838789919575529,0.000215549937965463,0.0009239011893042326,0.0007028462267667607,0.002269547006506412,0.5826434044167298,0.0009931608092471594,0.0006426301588422128,0.39489255165706394,0.001747447196848147,0.000563002146993257,0.0007234992691022625,0.00016763558187579686,0.4991443653355574,0.00021927199521080444,0.0024446486589436503,0.42482431625238076,0.5130792063030362,0.3985118890734906
0.002338493049346907,0.5789494307277031,0.00034327949105600385,0.5794234861999912,0.0017232024395714982,0.0022802037736800495,0.003348295301412996,5.932192255012381e-05,1.4614834809523768e-05,0.5615401010732114,0.39152417017522356,1.1359822055553604e-05,4.610655470452317e-05,0.002657038188142641,0.0018024898354891442,0.0013528182686265572,0.5002670361257832,0.0003774814473254018,0.9973966259609989,0.5022149848309766,0.45925322960963516,0.5342803243504439
7.719077307221719e-05,0.0015921143899482685,1.4028614073299858e-05,0.9115163761868186,0.0010821422264979594,9.13766841783499e-05,3.754230658993683e-06,7.003421015687689e-06,0.46125908082433403,1.9954361178602403e-05,1.2812878642441707e-05,0.298234729486067,4.891346749175757e-06,2.677208188987522e-06,6.490826967572726e-05,0.0007567424214847684,0.9988866879195515,0.005602724435583054,0.9687761368575704,0.41730384598471276,0.37918797591111847,0.5118167725801624
0.8844160142168056,0.0030281248846754315,0.4499621355105626,0.0005376638890902116,0.0015739079698736435,0.0005980312375913892,0.001025461407380214,0.0006169807328315366,0.00036172293481244173,2.7253888881922936e-05,1.8937601652101446e-05,0.00022794973777786167,0.00038353502019939777,0.0006755938685537085,0.00039792876594449005,0.0009882328851048053,0.000337726599222777,0.29073247663673085,0.0021159050906334187,0.5189924834838975,0.6417251254898603,0.56046192787314
0.0023808005710481235,0.44973561376201354,0.0008543042653402918,0.003464336664483193,0.00015974385146600616,1.5967232895818734e-05,0.00028370382783641054,0.001567993823532446,0.00043803453182913695,0.8962185348287254,0.7038958823778896,0.0006200240681915823,0.0022194510147235647,0.0004015764169162619,2.26012637019214e-05,0.00022611388039039642,0.004903740445886085,0.0012092854015458598,0.9966299076322207,0.5098436825007204,0.47522110133316836,0.4549353792932649
0.5752370021236353,0.0015162900074131213,0.5787550661806755,0.0009125218437605965,0.0009305561235224008,0.0003327122235025594,9.059455633176785e-05,0.0002534408074129805,0.00021504068291746284,0.5640183557616262,0.3921326594133542,0.00016673965768829277,0.0001965133394308344,7.172057790613611e-05,0.00026238059819706463,0.0007224447787575795,0.0007075496775412514,0.4980169176705119,0.0016574894693830878,0.5312096664380188,0.5233017929004017,0.566246244671394
0.0003325484927163946,6.40549640544084e-06,0.5750859528900335,1.5561727810624192e-05,9.566965119984807e-05,0.5736316573651382,4.097819066623898e-05,0.0002908294707291037,0.0004307774049047875,0.5834646501494541,0.39655897314899535,0.0003376247695718954,0.00022793963477512317,3.211694534910293e-05,0.49919397149278644,0.00010590622235251348,1.722681958631837e-05,0.9996318007925266,0.012260953045390821,0.49373037787118984,0.5042660019026567,0.49316272588733606
2.5034802599914423e-10,2.6920943293739828e-08,7.295103485061033e-06,7.577221575930392e-06,0.00730942283341025,1.4940991418867872e-05,0.5883114044518487,0.00010291628347644962,0.5849417108141955,0.5781357455705327,0.38744902241984713,0.4981470021518424,0.00011135851427011465,0.9920907563818273,0.0013012939157358051,0.9990839057550833,0.5120726384576488,0.9976506065945921,0.9940800027839386,0.45223548438810635,0.5071569691254364,0.5942611017456684
1.0835656440976016e-07,2.3789365955300218e-05,5.932876532249239e-05,0.5859110935434256,0.5781061595871944,0.005482473741832997,8.276382949724465e-05,4.521114717516376e-05,0.0010707887020343144,0.5851568357902748,0.39343327712129583,0.0008281706557193601,3.496727829778872e-05,6.401133454090935e-05,0.004240295053880155,0.49573141806298826,0.9999305472403095,0.7572247937049662,0.9971003239657495,0.42482990858764896,0.5653376019056414,0.5006268773033365
0.578045101057222,0.000712498472536534,0.00033093017316714995,4.884426396692254e-05,0.0006460694610611658,6.363684232410563e-05,0.00016564491947002074,0.5814294576077801,0.5842508127812981,2.4271036981112617e-06,1.5749528707105671e-06,0.39230429129053646,0.4979369640806472,0.00018398071043185103,7.040839468935267e-05,0.0007037106318076389,5.313548301423158e-05,0.0003599997697121271,0.0007750653093998657,0.460533998855698,0.5029307924959089,0.5965059787347942
8.940725161382202e-06,8.349912773339913e-09,1.4118536544718321e-07,6.858684093745425e-08,0.44815906676676714,0.0010401634224841791,4.8173545352629606e-05,7.579690240563247e-05,0.9014235718635378,0.00042374498357367014,0.00027604627374485286,0.705956979864472,0.00010753548595869209,6.978076722747955e-05,0.001500892887509815,0.9999871563250787,0.004862297228092033,0.00993091541934607,0.0005873289767273498,0.518539962060204,0.4907441876367967,0.41934410002369
0.0005719138923723342,0.5874163947100559,0.0014163884366539337,0.5954333382230633,0.0008586352863519721,0.00017035489159841237,0.5950972759170093,0.002695050805280102,0.0001680059824580914,0.0019858250922914302,0.0012689699286048959,0.00010419327755631557,0.0016713964091450476,0.39367928672477326,0.00013187371087178262,0.0006543521663630594,0.5043140762488143,0.0015350180066961844,0.9993801889230529,0.41916062759605976,0.4890879118356412,0.6409564233665274
0.00019625948412196315,5.018241084356254e-06,0.4496857969765407,1.2167782748698581e-05,5.723336903862686e-05,0.8933031732146274,5.045411560965817e-05,4.770689841033522e-05,0.00048195663862827246,1.813509577561075e-05,1.1894740910256614e-05,0.0003067930289256754,3.0368101112509673e-05,3.211694534910293e-05,0.703106365366535,8.102579621368285e-05,1.722681958631837e-05,0.9997220664171107,0.016274659228454336,0.49392282104060337,0.5042660019026567,0.4932870310172012
0.5752530018859733,0.0008803193127232759,0.000936426809068576,0.0020699939081244385,0.5846360169241837,0.0018841896252245977,0.0001280570341756379,1.440454848547772e-05,0.5856453876748803,0.00032641793856849524,0.00021150926527677654,0.39273187500436313,1.1105527904081813e-05,0.00010080183965939323,0.0014774456435931158,0.5016270685994749,0.0022627451378782193,0.0010236276348667417,0.0009622707969217732,0.5253685489637283,0.4453346652304225,0.40672160977228916
0.5748055123997393,0.0011565512473471916,0.5852044393980004,1.2056593061374896e-05,0.5744420485020911,0.00019842587281280986,0.0002430949298773299,0.00020520390939237536,0.0002636160567265027,0.00010884160972685929,7.129490364044823e-05,0.00016758629764680136,0.00013045187673663312,0.00015453996679492838,0.00012614268493367996,0.3889296259765902,9.357595646341046e-06,0.5057080068622016,0.00128094043518192,0.4992572450254649,0.5319579525643177,0.48011287977318684
5.980833560072925e-06,2.1619382028345547e-05,0.0041425634391767515,0.00021991577413857605,0.0041970092925430495,1.9749827051650016e-06,0.8994146446825092,0.00014904318489560134,0.45309084306496517,0.0014673217721240773,0.0009301900118136451,0.29342702366297835,0.00010549268909141461,0.9958230707122929,0.00021305888394579755,0.5037037426580924,0.033764021120117116,0.9965528212508484,0.8281811015400493,0.49511061596062683,0.5551810187137989,0.5341019612459045
0.00020916159633511573,0.5827738597537869,0.0029190978305759585,0.0005939471524692176,0.0008636059268204861,1.729509606460914e-05,0.00026822396172318725,5.570489818931777e-05,0.5827360502967641,0.5602849762908599,0.3890157995356369,0.49998595533636747,6.085296811188115e-05,0.00029916551270312594,1.921581557662541e-05,0.0009446056663156717,0.0006488354640383884,0.0031888689212221256,0.9997686732741173,0.4610204908712574,0.5382037931307218,0.44307706371158734
0.8983483586401373,0.0070541033062156465,0.005574349054541149,0.0030031210471014296,0.0019196748862554142,0.0025009745712462907,0.4455998346610159,0.004754946310863273,2.2563141109482325e-05,0.0017612596301301194,0.0011520477092937798,1.4324110851844445e-05,0.003018532759843013,0.293125726781329,0.0018024898354891442,0.0013620462100551395,0.002128093565472111,0.003950152483340075,0.004998888718477368,0.5022149848309766,0.45925322960963516,0.5342803243504439
0.0012657046149983215,0.001207301901116524,0.5764794737532204,0.5869785371133242,0.00013637101053525072,0.0011974415089020802,0.00431081644750105,0.5882379603785762,7.759120914378451e-06,6.868599340646807e-05,4.4547998123075516e-05,4.79350918137329e-06,0.3951560009554733,0.0034703070661983174,0.0009423867077332782,0.00010658612781970999,0.5057428967289894,0.9980558155010728,0.48104322762793217,0.5378001274324781,0.4012150516485438,0.5142351881606525
5.448532532183772e-06,0.001921805659422089,0.5756106865895106,6.170681164030323e-05,0.5727390415537688,0.5686922588254034,0.00027544081721385,0.0002810927630487698,0.0006381498014543773,0.0006217705869786393,0.00040876996220089916,0.00041123307677235236,0.00017868457503954487,0.00018215854664652796,0.3919733207463286,0.5004313819724695,6.799730552363502e-05,0.9978731923403501,0.9981805533375309,0.5348516802813774,0.49637024285887915,0.5157666723003262
0.5738768232859225,0.003971300858991189,0.0002292368350902238,0.0006612323333074066,0.00017159597341972165,0.5738297858400412,0.0009036477963715084,0.006815829803584213,0.5812893674993129,0.0012664976598673802,0.000826862165654192,0.38832011652824205,0.005268870085302052,0.0007132370831978832,0.501431480828742,0.00018991559884205353,0.0007171102246478269,0.00025117998501391356,0.0043513596356346,0.5351582529463431,0.46230460239520627,0.4544533182667529
2.5383244939486804e-06,0.00028506116226626285,3.073690712985667e-08,1.2528307069274422e-07,0.0002789593946237989,1.1312867279489952e-05,1.5791703796055444e-06,0.5803062242665058,0.5879886602721918,0.577471028712526,0.39053282530906047,0.49962783516594966,0.9995622601836809,0.0025195187599375024,0.018051827446404628,0.49310013012788856,0.00027978043026236765,6.864113782241964e-05,0.9943313709760647,0.5488035640297945,0.525823271807714,0.49325967255568254
8.766676730500012e-05,0.002058509339783289,0.5823070481392144,0.0002746872699844791,0.00033018337177962375,0.00021205715876729844,0.5805514552013418,0.5820884956954172,0.00027416232014535765,0.000488953413465295,0.00031836437099433065,0.00017324784132797405,0.3921663769785886,0.4990388654530875,0.00023183560484632375,0.0003609803392304928,0.00030030851029323334,0.9977474442905325,0.9729046674399224,0.5766856019829606,0.47474113634680115,0.5304483050376763
0.5875081141845202,0.0016352609058864712,1.0975435264125499e-05,0.010711932839452369,0.5923278480206003,4.245942100311246e-05,1.7477716855551924e-05,0.0003210126226582235,6.1869897463985e-05,0.5835187779244142,0.3885316018271058,4.720767372578543e-05,0.0002449375250067926,1.33357650691124e-05,3.239718942469738e-05,0.5025465024698014,0.011606046659558888,1.189286048055473e-05,0.0017719529521705861,0.42013404431674845,0.5280635962276974,0.39519528944818016
0.0052866451649307405,0.9097281833546094,0.0013582446350817198,0.0011502674692201477,0.00024979296873638027,0.0010278144841297096,0.44841654263832553,6.195906384781678e-05,0.0007822596876885841,6.311742527031872e-07,4.0653555686781073e-07,0.0004889925937144473,3.873066971586639e-05,0.2968305300775248,0.0007315374037493243,0.00017502545627101542,0.0008049543014247937,0.0009504959183249944,0.9962545203023248,0.3715381307045165,0.491445146458536,0.5430132540621165
0.000641625348105776,1.3485492456907921e-06,0.005719780783752108,2.776684521789676e-06,0.0008988899637084052,0.00042570911091182456,0.00020320682246231296,2.2916647284373757e-05,0.4512452532816062,0.8942726431597081,0.7024755218697405,0.9917549471568031,0.0024962154454033214,0.02213905282588341,0.04644019830996221,0.09862741038483269,0.0003071226113793273,0.9288833320711942,0.001338026703921246,0.5378493698860479,0.4904749510059854,0.5128558070538851
0.0015767149038309186,5.247973265344637e-05,1.388418884204767e-05,0.9021268251266458,0.4490313167771084,0.00010916481738885945,0.00014632498484469942,5.5051077020438935e-06,0.000981050790827495,0.00016765580791176394,0.00010910791664431577,0.0006196281523976032,3.477011703150541e-06,9.241828451155514e-05,6.894785721196838e-05,0.2943388048676,0.9988866879195515,0.005602724435583054,0.021181847077660187,0.4178982235251694,0.4902827886907878,0.5334590823955878
0.4498914544650947,0.0017762125859504126,0.0005679972193015748,0.9055422098649759,0.0003877498450300491,0.000208254537418332,0.00014754409606796665,0.0003655350997522234,0.00023503688486941598,0.0002517420336900497,0.00015849760014086253,0.00014797998870313685,0.00023014209924705553,9.289425180594962e-05,0.00013111774871583156,0.00024412860022378683,0.70645222019146,0.0008037388720964714,0.002513419994314925,0.5253849372045406,0.45767732700594155,0.4066791681527896
3.9848568545115415e-05,0.0003362556080941091,8.609129352251307e-06,3.385357684708027e-07,5.911858037680164e-07,0.9993791227172361,8.548617294674498e-05,2.8891495688610595e-05,2.352780224094076e-05,9.732878432402424e-05,6.281205572764558e-05,1.4736788263968655e-05,1.809558559031224e-05,5.4666904302958126e-05,0.9997878210866066,0.001112374346170061,0.0006372294310120407,0.016180265698940648,0.9239820562805977,0.5314924795505604,0.6100413145611636,0.44231226393308104
0.5687463917343956,3.7322417387258415e-05,0.0004731854572096027,0.5799458611689114,4.985295760889427e-05,0.0002548447954965073,0.5694501882013635,0.00013560533376108617,0.0002453695712301453,3.77856285276125e-05,2.471309837846281e-05,0.00015574872017229798,8.607519780912939e-05,0.393659410380249,0.00020190958016467624,3.9226052257461006e-05,0.5022851400969107,0.0005231681280241523,4.126366798695713e-05,0.5097508635394135,0.44864530869545516,0.48534121914511436
1.691641484176458e-05,0.0004312935053914354,3.533420292930406e-05,0.5892269179963171,0.00021949596623519515,0.5819135777758878,4.263797652005242e-06,2.460191022134042e-05,0.00022350942446736782,0.590711386764574,0.39444775734376114,0.00017181987937077208,1.8912389756513574e-05,3.2777374738877277e-06,0.4960244880699133,0.00023715044847203378,0.9995320983645697,0.05199976160043507,0.9750429658825426,0.4174726982181236,0.480797372527487,0.39975974268372233
0.44579086378141375,0.9012796359875724,0.0035123244544160615,0.0005164368997814587,0.0060740247018971445,0.0013438941411485843,0.0006071341474202989,0.00011315827156646811,0.00028959013423874593,0.0003114988818193576,0.0002032087401743429,0.00018334650596111678,7.164294182159889e-05,0.00038438974603406987,0.0008508468384500796,0.003845624708978146,0.00032697398065565904,0.002223761011366827,0.7075818774849664,0.493445928671043,0.4937267227967887,0.4262271626677026
0.4478222432486063,0.0019608042211967805,0.00022921017017246315,0.00011496359865415601,0.0002568538816766312,0.8867619492255103,0.0002760775495819223,0.0014712237356714552,1.2621084292137132e-05,0.001982721395827751,0.0012884331015500358,7.960365782779335e-06,0.0009278553928173981,0.00017777007607707834,0.7034623397650606,0.00036429924637888876,0.0001614291470430439,0.00032184946553192456,0.002753230501217449,0.5024888398034847,0.4889729051591016,0.4035212829011311
0.001185286424659908,0.5816724253711266,7.540568691851503e-05,1.5591067697789852e-05,0.0003288166061501519,0.5801226900813735,2.4391727383149873e-06,0.5827618359168916,0.0005798176118275994,0.0012216215920369147,0.0007955914192026212,0.00036647745488888137,0.39278834072402635,1.8903241026832463e-06,0.49914936208047456,0.0003598773906734668,1.7064439449459347e-05,8.252813488765493e-05,0.9987027642308991,0.5338730563061325,0.47474882332113394,0.4262614336233688
0.5669162856166161,0.0023390671838691103,0.0021957717420685524,0.0003749532581563596,0.0015478190886187265,0.00030396771339548736,0.0036766837534752883,0.5775208724263231,6.842205765621107e-05,0.5626824905857105,0.39196552696300224,5.3880440110816896e-05,0.4978137902956701,0.0041876717938965505,0.00033846443146608494,0.0017116270462562639,0.00041049719501073945,0.0024127554382912253,0.0025717437224464564,0.5345046777368014,0.47867501610220237,0.4525458526691724
0.00972557934335105,0.00017868677014540633,3.7900914549454714e-06,0.5964364534425703,0.003573546143898571,5.1032043873699286e-05,0.5851800494742045,0.00035858507659310065,0.0002181602793745357,0.5911531614612231,0.3919649775468076,0.00016620385788489693,0.0002731855059213297,0.49388753777466465,5.446197207970463e-05,0.0038137515198199004,0.9896183532747092,0.0002480510221652141,0.011695214203163273,0.6363822625174476,0.475492850340768,0.4337289354688445
0.003954408960650494,0.004248676404870725,8.466924590455177e-05,9.55664112079453e-07,0.5752128904649262,0.001799060144918567,0.5778842096923371,0.00026611338344303975,0.5808303770441269,0.00019534417420021783,0.00012704879041610512,0.3906899578966265,0.00020546406448293184,0.5076706508573854,0.00202243425590395,0.9935468888377261,0.00010426932258397354,0.009232926783929452,0.5189046622186033,0.5631289615950535,0.4612900195192217,0.4443928999507586
1.5183156358128827e-05,0.5822265878060892,0.5736515468120331,1.8192320867106427e-06,0.00025243113867620605,0.00016345825940603437,0.001140417310460796,0.000994121810704201,0.00020024747559663238,0.5610829279102248,0.3907352616505131,0.00015748998726444042,0.0007712508857391086,0.0009204579458424993,0.00012897637160997716,0.00019781160354044648,1.3956905788262836e-06,0.49509026864938793,0.9999830439290636,0.5361099978662783,0.547258276315896,0.5158130022047511
0.0004375112631171361,0.00010401866401960413,0.8965691051116619,0.0005018872300500525,0.44415573510793055,9.941803527634417e-05,3.464915133956283e-05,0.00012813713293676618,1.9952788865069e-07,3.064635736324103e-06,2.0051913830596604e-06,1.2733102096911232e-07,8.136781811794676e-05,2.2464546867023705e-05,6.420816754791337e-05,0.2953635528420106,0.0003563719792317989,0.9996769323885466,0.1468385381740855,0.49981060226017493,0.5036930324764659,0.44973818003744676
5.744220577567733e-07,0.44925846407438147,0.0012874067766731833,0.0006310099265085263,0.00041329870053912756,0.00019168299155904596,7.933708496013282e-05,0.8948868527542749,0.00022655229132061304,0.00017570026434185091,0.0001117059043246661,0.00014403637438583248,0.7037991980292784,0.00011242364321220197,0.0002716220475933688,0.0005856599966962712,0.000894166245864036,0.0018243092367171629,0.999999186017696,0.5320695388937914,0.4830157446796387,0.5033461283624977
8.321654056528615e-06,0.00017997478608481352,0.00017688859482746847,0.00016463866121917055,1.563342042658096e-06,0.44268025285716234,0.8860434329642126,7.791668117703487e-05,0.00015475531888311714,0.000282647497632706,0.00018348062671645496,9.749782472110683e-05,4.908810528243975e-05,0.7060112834160005,0.9995737920964467,0.0033350859767196928,0.36785781326267775,0.4941550216511626,0.9702200071074794,0.4298118166658775,0.48582227691604574,0.4267453546233268
1.835622269259323e-07,4.215290431631435e-09,0.00010356876940374976,0.571493244485203,0.00020804058531728945,0.00011914932849528897,0.0035803881667371023,0.00026636518674580997,0.5827756419926752,0.5637247637213231,0.39373939725784296,0.5062184593922976,0.0002967155182709291,0.004072127124654683,0.00013499285164843408,0.00023408293367679437,0.9998846286508848,0.9988573918995415,0.014441005294250603,0.490331326692814,0.4603019166473877,0.4880148404060932
0.005228515419458609,0.905791634585562,5.9996848864533765e-05,4.937467704575382e-05,0.0002117116319449815,6.11373467826525e-05,1.4847973981850347e-05,0.4561209787251935,0.0001207528911662886,0.002057655051565389,0.0013309332432886712,7.580309095648252e-05,0.29698395266345723,1.0857198139493183e-05,4.370340282121722e-05,0.0001502988847179675,3.470294505152174e-05,4.21684002459761e-05,0.9962795966682128,0.5003157504404389,0.6115682967999292,0.5410636051340868
0.0003291813007702917,1.9638163470955308e-06,0.5712584939700022,6.408374587474088e-05,2.4225037544406114e-05,0.5654313059643324,0.5750195039522418,5.847430337913971e-06,0.00013075658846613335,0.00023721062193870633,0.00015546726239999302,8.317124038449334e-05,3.719390679486872e-06,0.39905857564188724,0.5021239984833417,2.7268747725810952e-05,7.141668780398656e-05,0.9996286002528786,0.003751264034062604,0.49062521847778773,0.47497804866774596,0.4878689631070232
3.660142409032049e-07,3.556957704382107e-10,1.91326531504539e-08,8.297046527501906e-05,0.9996513665498414,3.894968016274434e-05,4.0251376006500666e-05,1.5008776440104542e-05,0.00015844486815589167,1.2622781528359007e-05,8.272525933742544e-06,0.00010077793265960623,9.54618780461527e-06,2.560157064838191e-05,2.4773490513244146e-05,0.9999472266282765,0.997187855628757,0.03329296294852979,0.000620555014739075,0.5291780391318264,0.5028090944159347,0.4927883901861989
0.5847314691137986,0.0010938337312416271,0.00034671243442044054,0.5840772366072938,0.00011941096885121917,8.435679152384383e-05,0.00021144042272247348,0.00010946002338601245,0.00020456852472990078,0.5727212426652383,0.39475556533077294,0.0001575781884241855,8.431608097605244e-05,0.0001628707646726737,6.608804202487447e-05,9.209714340272514e-05,0.49964731189192363,0.0003774814473254018,0.00119091206828148,0.5406655536864313,0.4089137531752811,0.42534048906702815
6.330391345129441e-05,8.600839544536762e-08,0.9560331712196092,7.540574985761091e-05,0.0008431425292353234,2.3142589166078798e-05,0.0004317553425917223,0.005124087389775063,0.0002705583145456074,0.460870840524674,0.2925633575880259,0.00018197191025553518,0.0033996423604832626,0.0002980178374173647,1.5616355283015282e-05,0.000565030169725908,4.934981328036023e-05,0.9999574796823952,0.000854343651480443,0.23606422297687704,0.46965527684727815,0.5059849231138164
0.5783923175108212,0.0011750344579693824,0.5797531659446739,0.0018283281711136022,0.00011018666111980867,0.002575334608800422,0.5543975102616595,0.00028379110343715644,7.682633218973132e-05,0.0001052618178340692,7.007122679623048e-05,4.923530299294276e-05,0.00017940413590374172,0.3882398486915628,0.002019950168277884,8.583127371816074e-05,0.0014099712468608181,0.49799252321259035,0.0012774521306759823,0.44917658200910515,0.436048530716356,0.48097762806751276
0.5723755571037196,0.002775045284771172,0.5772640706176331,0.0007176976030997299,0.0021421292606424256,0.00046829186639085193,0.0008445254983316119,0.582070632914216,0.001238407944899714,0.0005289320659551463,0.0003456085178954549,0.0007853264906578341,0.393741676647336,0.0006711140349646347,0.00037069976544753364,0.0016693635416965185,0.00055859774295196,0.4987805894495738,0.0030486107446393573,0.5069584262419682,0.48997767030877654,0.43868426756330325
2.9657310690320225e-07,0.0003790282832434184,0.4533523076267546,1.2798556270814862e-05,5.751277964522135e-05,3.843642361880392e-05,0.00013001168930191852,0.00035610897607446333,0.902869936639373,0.001691345963543828,0.0010981502367539697,0.7037540924940553,0.0005000688146471323,0.00018640402832445594,5.489558425601413e-05,8.086447563109385e-05,1.797315465872052e-05,0.9994677638954576,0.9994956825418865,0.47511564870355266,0.49249468466195273,0.4019052683972641
0.5795026860798449,0.5793951822905147,0.000519487944126507,0.000135048543966809,0.0039443614780010775,0.002557630360257579,0.0001019426704844807,0.0002661175690674963,0.5808394525703683,0.0001930352395981629,0.00012704879041610512,0.3906899578966265,0.00020546406448293184,8.188474768761124e-05,0.0020083879813309283,0.003076041974074198,0.00010426932258397354,0.00040256059488317646,0.4960112728625768,0.5631289615950535,0.4612900195192217,0.44427294850019183
3.728697827048668e-07,0.0002700741411998934,5.446515588702581e-06,7.324535013246238e-06,0.8988203948453326,0.4447646285400511,6.700046521713084e-05,0.0002126405180326117,6.71936854951448e-05,2.216014913044648e-05,1.4331023734366302e-05,4.217362014712674e-05,0.00013346002769519646,4.374899095469372e-05,0.2942797940899877,0.999810516279869,0.017259482524616315,0.01283727191343087,0.9991101459473807,0.5053609916073625,0.4384423082188805,0.3975312034882572
8.87874195019155e-06,0.004059778392036482,0.00032534679565385103,0.000972363215461372,5.127893550064358e-08,0.5785933504814663,0.579423334010597,8.842372653391112e-05,0.5754809374802273,0.001933858774720061,0.001267462433184351,0.389991140400926,6.874543992625655e-05,0.5004485881921551,0.9953928650695646,7.796297687105074e-06,0.14919725220043747,0.050908844302724354,0.9986077311845013,0.4752011286671817,0.4887656938542721,0.5103865096432623
0.4525175172916614,0.0004039096559793094,3.450675570054208e-05,2.09531937052631e-05,0.0002576930911779781,0.00028389513075506855,0.0001434565589510096,0.9117036636033887,0.0009780879248501833,0.0012264490032491214,0.000789959801080506,0.0006186484412108242,0.7035665741185959,0.00020739799343667923,0.0004012407123422869,0.0003617048057620045,2.911763451870559e-05,4.8127167550494985e-05,0.0005612622841711379,0.3830989020114214,0.5012301324399062,0.4183824875030362
0.0010747324361967418,2.888548114544657e-05,5.643501293543091e-05,0.0041613373374700825,0.8937658592037757,0.0001176091699671153,9.343268273632643e-05,1.519494681887986e-05,0.451169760012506,1.2642878859356997e-05,8.283356993084388e-06,0.29760244965563654,1.0823078553026711e-05,6.655039782649822e-05,8.377055943799676e-05,0.9969383598642156,0.8388326443329092,0.033386881317310976,0.01710646551725314,0.5290556931580754,0.487911071301931,0.5142700788119671
0.8902418070847932,0.0005747898116000994,0.0008025657816341348,5.5944785759822305e-05,0.4498713748234135,3.469488071459871e-05,0.00013905722760029386,1.5780056964423838e-05,0.0002774730373995322,0.00044354236572062984,0.00028825496009656176,0.00017501107469055418,9.952939796086142e-06,9.124738549107708e-05,2.225638289918832e-05,0.2972904016834958,3.95169869531165e-05,0.0005668940842944448,0.00040599097804927455,0.50190109587144,0.4947972550520267,0.4035212829011311
0.003676602007538597,1.601821303847951e-05,1.2898275289507583e-06,0.5836650544969015,0.5833479575776916,0.0019374928569974132,0.00013609456763306215,0.0002517759430155598,0.5881225289630988,5.078431743942234e-05,3.36102627235494e-05,0.3926806059801208,0.00019326181943045211,0.00010868187967958635,0.0015125827481644095,0.5030116100258848,0.9959401200209492,0.00022060694697298227,0.0027395558505736717,0.4591946930619991,0.5900297724193054,0.4165839471704966
0.5729880954230262,0.005420146159386962,0.0007373896678032351,0.0011857025021409081,0.006472256786621968,0.00011323273519322657,0.5844170568608518,0.5828496262270119,0.00018036206094602177,4.133615856924953e-05,2.6189412611370394e-05,0.0001142722648905369,0.39394090290383804,0.506250699403389,0.00012579346953383176,0.007190367314395658,0.0013173156493714875,0.000819241421706879,0.006021886540165895,0.5359623127693915,0.5489084714368275,0.5335544666795493
0.9018714393362365,0.0011389274346744313,0.00037190830892371767,0.0008124396156519984,0.00013446121178064163,0.0021481800923438695,0.0012261073530054037,0.00032687382364656354,0.0021345726174097214,0.45154173574539797,0.29550635955648197,0.0014853283248092665,0.00023073414182234355,0.0008654877879410911,0.0015163631423895096,9.491420395930017e-05,0.0005734900649990622,0.0002625246895264113,0.0008039536488293102,0.5037852617294171,0.4103477772730355,0.4765105715736772
1.4396360552041347e-11,3.0053764215670577e-09,1.8331498598788896e-07,6.292327803299001e-10,3.694443363746536e-10,6.42550339465891e-06,0.4507571697176319,0.0004632895798173619,0.8992960705495511,0.00011525531651209502,7.515667089430522e-05,0.7042050486771714,0.000654319591254461,0.9999909213608501,0.9818372866751353,0.0012826398014316037,0.004115079588839998,0.98956135143882,0.9969515582478692,0.5662114995788328,0.5376033377355082,0.48808237077138844
0.0008135087903831385,0.5854534126613742,0.0005732713526217397,0.0005514036173918045,0.0006017617944290054,0.5903023836380654,0.5915199430147551,0.00266384850909568,0.0005380154158041915,0.0014369299898445724,0.000923771891766722,0.0003356807652312454,0.0016620367941317976,0.39367928672477326,0.5026239916918829,0.0006543521663630594,0.0005995936345687403,0.0006233680224773152,0.9991154053453145,0.5004394202229493,0.5219602902026383,0.6409564233665274
0.00013851108761043024,0.002129320689650259,7.031595351217192e-05,9.489449569931824e-05,0.5733667442100039,0.5726770502048046,0.0001337968292963846,0.002235845090120171,0.5776579766293638,0.001775591485510886,0.0011634561349174945,0.38740954816356615,0.0017329338546081606,0.00010788773620862585,0.5018115441546842,0.9976509275577782,0.028278872643851705,0.02097189688433046,0.9593711124391057,0.5092329596324084,0.46906714609564976,0.49328042822326823
0.0029431555769712796,0.5961739957110759,0.5960879525077639,0.00032608354048294265,0.5941558029350347,0.0030013689345115644,0.0008420887691608611,7.881422974412109e-05,0.0032082165207021553,0.0002827429062830465,0.0001841294848072172,0.001979249449132018,4.7298719018987884e-05,0.00054839639103958,0.001972928455328038,0.38897217177899646,0.00024995140858106134,0.494198991032998,0.9968152256906532,0.31777943468094605,0.48776949310847606,0.3871050025591927
0.0013045680962122923,0.0001954094859227636,0.5912460648619724,0.5819341939414334,0.5769734734844952,0.0005593017967215385,0.0019802967816286822,0.0004729103019137769,0.0011805920886379891,0.0020041871015327784,0.0013004721044656716,0.0007434729813710208,0.0002978126452239325,0.001273269718800818,0.00035822752195258063,0.38724725307208085,0.49494649498990284,0.9985624201067571,0.09350957069771382,0.5505398396335999,0.4182076685972164,0.5409181703228497
1.988532144278223e-06,1.6026615291740594e-05,0.002641178305723014,1.955894854098666e-05,0.5797334209635666,7.691763273423017e-05,4.194099623759603e-05,0.5804612768979159,0.5745455232360407,0.00043553110933683675,0.00028524506367909915,0.3889437903348977,0.5003959368739886,4.605612936305916e-05,8.446408567009105e-05,0.9970995629439559,0.00471440721140347,0.9961074049091936,0.9214128432224613,0.46493228426659305,0.4828540390454775,0.5065247267620624
0.00019023093852373174,0.00097974120376178,0.9069962258162071,0.0005094035205080702,1.9491036707707586e-05,0.00018651313702604304,0.001599308831855063,0.0001075826808841693,0.4552998126701233,1.0066873591308972e-05,6.506835053420111e-06,0.296179970712775,7.551258889333163e-05,0.0011678674990197677,0.00013314777068986175,1.3818528593319664e-05,0.00035754888537953896,0.9992991826226948,0.8764302839681959,0.4997794966795317,0.37875274158844807,0.5123615502670138
1.6637670561698053e-06,2.606554577519694e-09,1.7958841614142748e-06,6.549354813101388e-10,6.552359095787931e-09,5.931619837574308e-11,1.687269265511344e-08,0.44838462240009785,0.8987337090940052,0.00022895208350211732,0.00014952957473205884,0.7053901052977487,0.9999965040533519,0.0044965446237236195,1.6448348117268023e-05,0.0016962905913309539,0.00031310556466555,0.5203904902558087,0.0009855298997248907,0.5472058746296212,0.45366351960541557,0.49963961000648865
4.333060144991969e-06,0.0003126214252312906,0.5974309834298972,0.0008899367519025481,0.5922006348352965,3.2709565376335824e-05,0.003387000058289281,0.5967316866064369,0.0005814474235451479,0.00015632046776916438,9.64896918468866e-05,0.00035890172877022257,0.39278661408959215,0.0025632502524209214,2.475442968988945e-05,0.49720065120780466,0.0009483117740895497,0.9996668400467207,0.9911767559284461,0.6768259044430487,0.491009298952341,0.5048050270841646
0.5670395246938601,0.5788916054648786,0.5727535357672674,7.165849313702282e-05,0.004926925068433419,0.0010041616596751693,0.0010768183285904892,0.001255156174562394,0.002325534167252524,0.002399580091137415,0.0015678509626133024,0.001493492838205046,0.0007951533710905851,0.0007163128960793996,0.0006580839316836548,0.003152677280887195,4.539598642390484e-05,0.3876999436200108,0.5013348764864947,0.5412263419646162,0.5491957136365015,0.4719067639592428
1.1594738128698019e-10,8.772100511070861e-08,9.321445682740905e-10,0.00013856431955609698,0.45214847670332137,0.9022500515207588,6.132964550209434e-05,0.0002324888958636293,5.32502034000924e-05,0.0005306783777567341,0.00034493076352347705,3.359165581632708e-05,0.0001466573878862343,3.868773024232053e-05,0.7042546479282348,0.9998049023246048,0.9995969469743373,0.00695285390237998,0.9991585516091044,0.4103909034983966,0.4881907507748191,0.532137423243907
0.582483201189683,0.0015280776119874083,0.0003107362570542726,0.0002598082670618886,0.0006495312902493223,0.577514294734799,1.7506190355679263e-05,4.720218273292993e-05,0.004152285010676496,0.5678167553894593,0.394437309674753,0.0032227025184170628,3.66351982403783e-05,1.3587260292321623e-05,0.49727491442665894,0.0007099055678257793,0.0002839581964952364,0.00033961716112555686,0.001670115766406217,0.49882099398461077,0.5527017002030663,0.5689542034100379
0.0059402800500883346,0.00016813540191375846,2.00259188110459e-05,0.5776766749439572,0.573416650138122,0.00030482771842921296,0.0037991689701600264,0.5809565903645759,0.000540416908035363,0.00010406306145885521,6.88902897200721e-05,0.0003428904595690201,0.3931240186441016,0.003075898837680175,0.00024127040413651296,0.5008177994912941,0.9933700454453649,0.0021190650975904113,0.017793218287068424,0.46770053200980427,0.4815845620360847,0.5443949483311562
0.0003967080254395808,0.5716162463878629,0.5776054300779849,0.0017461123804803432,0.0008064165445416565,0.5627684388288197,0.000417084433886144,0.0004916680163747218,0.0005567414150163232,0.001989856972123591,0.0013018413253551586,0.00035794354923939534,0.00031182054548404723,0.00027775621944945155,0.3938720924768059,0.0006341271247920937,0.0013593512693461768,0.501647630546175,0.9995577393791876,0.47472750379572726,0.49588039126957223,0.44394979155307573
0.0002697010972360302,0.001943677899977735,0.8956215887891823,0.44940500213883045,0.00043553869573596354,5.397730342187603e-05,7.863218910112492e-06,0.000280372336912126,0.00014781451667140265,0.00275578645044418,0.0017507880792718145,9.257356204038465e-05,0.00017812482451907516,4.995629732409436e-06,3.429260415351533e-05,0.0002767049166889017,0.2960729146934588,0.9986051712391362,0.9122242504411595,0.4750393123162481,0.4694792167813364,0.5224268174900263
0.4478557859702317,0.0001271831036403827,0.0002468769709779938,0.00043295476506272003,0.8937396481371895,2.9242220968006678e-05,0.0010791328451084305,0.00025583842802490614,7.624787986079507e-05,9.705076690864843e-05,6.452031829955221e-05,4.871178224820113e-05,0.00016122750883981306,0.0007075088560805076,1.8742642947630403e-05,0.7036859566027047,0.0006079034135413658,0.0003479074978034757,0.00017856993995250055,0.4945520000727199,0.46646691062172296,0.4049225555864305
0.568660022475976,0.005755351311411594,0.0008081676704268985,0.0010095241512196387,0.00018107366427813512,0.5680078817110212,0.5632450657574974,7.685135106183516e-05,0.0002060548741892297,0.00012613467142806635,8.238714819897414e-05,0.00013062053343259995,4.871662783198897e-05,0.39661966582417063,0.5010835298794389,0.00020223754955957387,0.001116271459914103,0.0008936269657099618,0.006363851537668087,0.5285197770090421,0.558770430665923,0.5031594010679643
0.005602013358492276,0.5803218738556605,0.0007992381873208079,0.00023347210173612848,0.0006758551532129969,0.00033129794565617737,0.5767643972238126,0.00011893510042476342,0.5783658648319959,0.004896240622440157,0.0032053651684863203,0.3917260938283944,9.253943241868245e-05,0.4980271980228717,0.00036341923887119607,0.0007413854530798822,0.00025610996706784163,0.0008767261330805105,0.9938547947568566,0.536385801434787,0.5229827700284335,0.48803143042898656
0.00010703102790417683,6.702868518320896e-07,0.5764680151863381,3.569570979044672e-05,0.57150390345351,9.344979063392807e-05,0.5685139354411938,7.745238200580981e-05,0.00014654694675359328,0.000435770119891086,0.0002836789251416843,9.258717715612038e-05,4.8933372275234105e-05,0.3993580476123321,7.416857554013931e-05,0.5004372160377974,3.9420884472913657e-05,0.9998803332299065,0.003937871393279724,0.45400309215406276,0.454188014842563,0.44139981806298245
1.0747802122460589e-05,0.00010209672818661545,0.0047530415201240276,6.730318942079575e-06,0.5751720212756406,0.5774925039564105,0.00011743841686263532,0.5798683722902861,0.00022804884566130965,4.276272875797614e-05,2.7215565194671097e-05,0.00014513756405342532,0.39365836983032654,9.172634964980958e-05,0.5012707341174343,0.9947380610712843,0.0009013016417958139,0.9862517951516576,0.9332284685518268,0.49245373002879556,0.5014573745918515,0.48463418191039886
0.0013941481739530648,1.4540286549977568e-05,1.4924910135381985e-05,0.4493528547145739,0.8935471471272556,9.372217021915021e-05,4.035054512311648e-05,0.00012743417367104242,0.0002387354431069743,1.3693676538126111e-05,8.971984506021607e-06,0.00015180589386890937,8.103172387407775e-05,2.6196645418647568e-05,6.061204439919578e-05,0.7036859566027047,0.998000141221359,0.006731195964090608,0.006557903197812354,0.4945520000727199,0.4669020974085824,0.4929073033440804
0.002780280897018031,0.00036683832156594165,0.580231980503534,0.0006449727111414149,8.059953154453388e-05,2.1054622306135004e-05,4.085322004707992e-05,0.5807605964463805,2.5566259552503878e-05,0.5911003577473014,0.39727309374608216,1.954386300648985e-05,0.5002854243522132,4.4822830296661204e-05,2.3100418363215625e-05,8.843124578246073e-05,0.0007076446272482626,0.996923107182433,0.08351499461268999,0.5097016800462861,0.4524679635364989,0.40377151623894564
0.0003197791062073168,1.2287149236745548e-06,0.00021803983464389851,0.5827594340206317,0.0087820656552773,0.5646234002109061,0.0008569698647368863,0.5856081172156862,0.0022768730463201777,0.010878905023730259,0.00712587779360388,0.001467054154725055,0.3975486376442924,0.0006984931994187208,0.4996392169534094,0.009823020798406716,0.9995672362968201,0.3784146910756981,0.002416108720185828,0.5037836022607972,0.5330980125433249,0.47627714566329327
0.5651851967313382,0.5618614168954223,0.0004162226249927116,0.00037482677945856863,0.00032709738259495646,0.0032063812438252997,0.00024071019890246477,0.5741407458646538,0.0073687751601746315,0.003042341270496166,0.002109553253815141,0.004712342712094884,0.38611801624897835,0.00019998700430024332,0.0026890653937582665,0.0002540499245436492,0.0002999122927012118,0.00032532754979302733,0.4889445462135591,0.5355883893986452,0.41129891188267426,0.513920382033133
0.0036593176693260304,3.151418236971352e-05,0.8927417340944878,0.00011414284172273226,0.0037904312553763276,0.00035306431352864927,0.0002643149265354087,0.45048569247501447,0.00022370508629695197,2.2033148014726215e-05,1.9091259227453465e-05,0.00014438333376801186,0.2913658296355838,0.00019919579910800215,0.00028184034516081106,0.002691485686595152,8.377461075737306e-05,0.9972685118053711,0.005367410163209407,0.5346061208851763,0.6426519643066071,0.5046180184060602
0.004062866977355634,1.9274909282950027e-05,1.778847832793009e-05,0.5904332528061443,0.004916541036099432,8.7744029196573e-06,0.5813979649082773,4.544525743770492e-05,0.5897446739088811,0.0003451019481579291,0.00021600690097017816,0.3937656776587929,3.491345683813874e-05,0.4950729351702442,9.460226832267576e-06,0.0053008884281273705,0.9956192939498845,0.0027872675353988186,0.0030202062656273926,0.5493895570610295,0.4493243111957838,0.3900732448807502
1.3677114943016005e-05,0.000997896308792865,2.0017351866106347e-06,1.8473207291713608e-07,0.4488683658953252,2.1417767136700147e-05,0.0016083414148945925,0.8977430268645399,0.000423045797763371,0.0005170418771616382,0.0003379071637201736,0.0002683252935694738,0.704832171170488,0.0022810575096472658,3.0376182233887087e-05,0.9985845733538852,0.00011819539156548986,0.0012769168852159209,0.9912751780976694,0.5020401640526923,0.4393147468865386,0.4955039751230038
0.0008624770257174415,1.6988496220881657e-05,6.68936668885312e-06,0.5814070964349388,0.00018702776863624662,0.0001203393726091219,0.00015293170443766825,0.5800096457575754,0.5805007459647237,8.934957206669306e-05,5.8277951461393896e-05,0.3917193591493257,0.49923414359584967,0.0001674549352244704,0.00013401572263069757,0.0002050469073773167,0.9990554205763973,0.004936619477787119,0.012538241471030664,0.4946479392462663,0.48881789731749037,0.4255513654284031
3.0711771123493356e-07,0.0005959051747378023,0.4503639463411711,0.0033318007655313625,7.492442401143831e-05,0.0012239001176892594,0.00011167667566456671,0.8997077910541339,3.873670821870382e-05,0.0002904247619313492,0.0001907131411443273,2.45593773811443e-05,0.7036054076379143,0.00016515358137109007,0.001783164816986105,0.00010658612781970999,0.004692515312637979,0.9991728697909149,0.9996585239938581,0.5378001274324781,0.448387854266625,0.4472810610569866
9.24111844821625e-06,0.0012135128206733157,0.4493399970481178,0.9014683314839473,0.00044412205568112266,0.00016990169790382986,0.0001548662238945758,0.0015536426800260908,0.000969303084579517,5.4915056486046226e-05,3.724184479262857e-05,0.0006206084764519119,0.0009812549289139778,0.00010175873004267927,0.00010913790105772099,0.00028332405365348953,0.704687513343493,0.998287001464062,0.9950918855884187,0.4691850899123625,0.4695602643105939,0.4219349174382872
0.0040615510307912585,0.5986445915989026,0.0019933047126122695,1.604698215333112e-05,0.000613357169599075,0.597020945174601,0.004388841055906932,0.0002821600552054378,0.610255539107161,0.00013445222149006532,8.208827405805714e-05,0.3980107818134767,0.00021245567713262803,0.003304643599609668,0.49912624935563843,0.0006522467912036536,1.7064439449459347e-05,0.0021196939153554917,0.9956808696563354,0.5338730563061325,0.47474882332113394,0.7023197005994797
3.0693763413326965e-10,4.82887907167351e-11,9.93264332302796e-07,0.0,0.0001325926112854183,0.0008974853357381501,0.5847027319876946,0.5787350297008124,0.0009969178691694547,0.5809423055147408,0.391421394196887,0.0007714453328450737,0.4967341873894141,0.9990122185792791,0.9066199981479758,0.9952311070070008,0.00027386386010566687,0.9998008425837319,0.09954511242635866,0.5382135541360387,0.5736240470458451,0.5157310818660947
3.2376319259211824e-07,7.2923681458506276e-06,0.0033985960460276216,0.8995846903243059,0.004747431278410238,0.45092687839831985,0.0003180500548643133,0.00018604748118211068,0.0001856199919104376,0.00012821603169565197,8.111455479425643e-05,0.00011743058159318055,0.00011770103034018295,0.00020121110995544473,0.29580385068402715,0.0033596158602448405,0.9975948811043709,0.9986326613019022,0.9717541988657151,0.4383868284685605,0.4879235353989504,0.4515319014982668
0.0011618461054541142,0.5728466618354017,0.0020311868355607126,0.5833257102639885,0.5775267699995544,0.00019615214434571792,0.00042199523862400417,0.00022561083315975622,0.004133413131700775,2.0608388054954967e-05,1.3106687416484305e-05,0.002591431318468138,0.00014348702528728938,0.0002683866006837608,0.00012475149936852547,0.39152215126852763,0.5057673223718413,0.0022572951702790516,0.9987088103104476,0.47643703008197946,0.5186404465059025,0.490476431915354
0.9969836682814402,0.0006437069302615058,0.0008685428377177338,6.265273392004179e-05,0.000444442433664913,0.00012863188980449916,0.00014169421903442584,1.578005572617983e-05,0.000277473038676445,0.00043340757975403863,0.0002816684359510711,0.00017501107469055418,9.952939796086142e-06,9.124738549107708e-05,8.25160643543306e-05,0.00028067542501017395,3.95169869531165e-05,0.000547811231344739,0.00040599097804927455,0.50190109587144,0.4947972550520267,0.4035212829011311
6.142148911437683e-05,5.6254050980014935e-05,1.3516510532763577e-05,1.1051900039621395e-07,2.9456725890055593e-07,7.190792573681433e-07,0.9997061408025152,1.0781139877910711e-05,0.00011956130112661255,3.120054033629585e-05,2.005135819940652e-05,7.457227467824843e-05,6.724309614900184e-06,0.999947023864135,0.005481680563939564,0.0022107014738912837,0.0008325590145459236,0.10174528968080389,0.4681483428919195,0.4855320204722532,0.45571272021074793,0.3638875013390438
7.641779743950245e-06,1.4295353460985768e-08,0.00023959430008489336,0.00023945031085016393,0.5883320479160493,6.107537973501949e-05,0.5911452221485296,0.00011046045751250517,0.0011579525691220646,0.5955098083102666,0.39475204856017293,0.0008713139768452291,8.431608097605244e-05,0.501518169963423,6.608804202487447e-05,0.9996333689347292,0.49964731189192363,0.979702032085318,0.00119091206828148,0.6048356542567992,0.40925317622737123,0.42531016492778984
0.4521912088393661,0.0017398333640156747,0.0001492170231287917,8.153870921007483e-05,0.00013440750064470437,1.6053628175763414e-05,6.90521378292619e-05,0.001518001156063065,0.00044040216004567615,0.8744952755961634,0.7038958823778896,0.0006200240681915823,0.0021371294406671206,9.721615616035095e-05,2.26012637019214e-05,0.00018946597730494193,0.00011479610407046266,0.00021007572127542274,0.002449452820276698,0.47473671343296825,0.47565400749274045,0.4167356301382478
4.661148670470757e-08,1.0146318477614683e-05,0.0006011403304047817,0.4434278727838224,0.0001306331004579549,1.7038316962200002e-05,2.5854920158710586e-06,3.8201457679947376e-05,0.00015856023686077093,0.8778926145165864,0.7098376904143094,0.00022764286814861388,5.484497386762557e-05,3.712161620650776e-06,2.4461470385857244e-05,0.00018754700913277766,0.9991368392074652,0.9892556763401013,0.9970754702156754,0.41766519591410034,0.48073582094316675,0.5159940290253378
0.0001324601610382049,3.1548822394766616e-05,0.4550324318477448,0.0023376980404461187,2.3160958367334536e-05,0.00025543848327771985,0.8926858521247779,2.4194488934008307e-05,0.0002350371754491521,0.0004937728591917478,0.00032325941234469225,0.00014933577967409203,1.5372407489021192e-05,0.6998927828386293,0.00035737179752577626,3.240347850681693e-05,0.0032705843123577993,0.9998094967396163,0.14885594801837554,0.4584951204514153,0.5111303844318286,0.48889075330228354
0.003599463861902097,0.45462619096414764,0.9126537396985702,0.001092767273788511,0.001426933766243273,3.100139454880527e-05,8.115085334270228e-06,1.8819889280147958e-06,0.0001057925625293468,0.0009378038381100677,0.0006033260955195679,6.605427318154581e-05,1.1750662703162624e-06,5.06690780193342e-06,1.9356271490624167e-05,0.0008909339413926834,0.0006822912023894301,0.705772819754293,0.9949597860295647,0.44716768616699415,0.4898065564183659,0.3706730848971861
9.283086355299791e-08,1.4901937658015824e-08,1.2297210097134153e-05,1.2745991911073403e-05,3.840712522402039e-07,0.004806870902498255,0.43847904618673383,5.847938533826509e-05,0.0027785847544306774,0.8700387545010446,0.7051254996394012,0.003950927053657016,8.315394839165745e-05,0.9930481344344295,0.9976930907445606,0.013941657137915835,0.5114113723486904,0.9950739330880586,0.10011462906381058,0.4592649814930702,0.4814625795600474,0.5073354629650655
0.569627928824585,0.0071436016086446315,0.5776044091220238,0.0017461062620517085,0.0012574367777886213,0.5724096548356803,0.000420966064481401,0.0004916678739047676,0.0005558108829174772,0.001989856943932903,0.0013018413253551586,0.00035734528566637897,0.00031182054548404723,0.00027775621944945155,0.3938720924768059,0.0009887902018119496,0.0013593512693461768,0.501647630546175,0.007919419778648906,0.47472750379572726,0.49588039126957223,0.44394979155307573
0.5801637260051837,0.001613503482043828,0.00014469036628215733,0.000554880477604983,0.5750863357831162,0.0003373082507895542,0.00022443739810438712,0.5794818161309196,0.0005660233839818455,0.0016632206375967586,0.0010571919060353707,0.000359781443643198,0.39278661408959215,0.00017490778866025952,0.00026286993355327667,0.49720065120780466,0.000608874106952421,0.0001587696468799013,0.0017705098150492705,0.49347451833760714,0.4621570736248647,0.4908394096273916
7.617778935641534e-05,7.975704885330122e-05,5.7683556261457704e-06,3.5620737396409235e-06,2.294086039111032e-06,3.345854004552602e-06,3.2979228857811885e-06,0.9997719705751151,2.6334835035312966e-05,2.749145934463711e-05,2.066854792630215e-05,1.7655963268069577e-05,0.9999269018299664,0.01975768515940718,0.020015482994358347,0.012865656851282659,0.020772467094656466,0.03262472442921904,0.5054313825380548,0.5058093366703363,0.5286719805928999,0.46930278499245137
0.5788981675321405,0.002589854710127923,0.5823976989809306,0.5805933162119049,0.0007409835115064339,0.0003707992331827701,0.0003121767396829095,0.00028677416493640297,0.0002520576186406484,0.00012357908740949445,8.027424436434405e-05,0.00015890379239913568,0.0001807889835975277,0.00020093617263476412,0.00023774875590511658,0.00046772117909239146,0.38994819413264875,0.49799252321259035,0.002813109904918133,0.5420290956186776,0.41021430306903167,0.4997298249752363
2.5752380597887537e-06,7.438600416655892e-08,8.749411235320372e-06,0.0007575855075078543,0.5715095623719098,0.5699746756409716,0.5707551708120672,0.001023451388363262,0.0005702098468440825,0.0007675685890541125,0.0005012777822579558,0.00036140846403642725,0.0006486782922176125,0.3940300630387875,0.501340665089272,0.999164460099349,0.9923282649306401,0.8155617282313095,0.01815846146268346,0.4995368461619817,0.4621634035894544,0.4452918793104158
0.00220648803351949,0.4483078664251759,0.002121685739288618,8.517925946841334e-05,0.0010336333495630148,7.718631047048588e-06,0.00033883944887368774,0.00010805266272625331,0.9049885047950045,0.001266372427478417,0.0008290765121904171,0.7046767454661829,0.00015344117851106862,0.0004912770681687266,1.1147935017918458e-05,0.0014826009968595495,0.00011972175539666106,0.003012922664112459,0.9968277731941916,0.5411341608428117,0.4978930514233679,0.4841094588834934
4.058937710937426e-07,2.211973518153319e-05,0.0009731290851396906,1.844332392029679e-08,7.405458986667227e-06,0.586216659472714,0.5872899200199232,0.5830831560535806,0.0002558240730034329,0.00045725105102246093,0.00029574817220659477,0.00016058758303880684,0.38994548313273814,0.5005824380856083,0.9989429030096499,0.004843330915689625,1.2426232254258637e-05,0.9855292559466609,0.9883195819130436,0.49479347607812396,0.6179944890768096,0.4851183503486075
0.005628799788890063,0.5830970012059993,0.0021508521604416187,7.109897058474704e-06,0.0006555418459616189,0.00038715993620981934,0.5754242346986579,0.0007097761778189134,0.0007140637965448181,0.5617711804072185,0.3915938820870605,0.0005548914967857261,0.0005515585966118311,0.4957674648893262,0.00042988817391729865,0.0007165801627924185,7.76272125122099e-06,0.0023481495828414634,0.9938547947568566,0.5499686929687313,0.5229192001340449,0.491318194218744
0.576183907550211,0.582629331368265,0.00021870873883541453,0.00025727865098571846,0.004347234787981161,0.5747825697413952,1.7714942286685793e-06,0.00016079793843989796,0.0009776722142219652,2.5626135315666998e-05,1.8028062614503545e-05,0.0006206879302243578,0.00010070069136856305,1.1542895587931309e-06,0.3900516494055459,0.00336130913150795,0.00019470012022045568,0.00016803550248640012,0.4968162897940591,0.45936985785610646,0.5964626675785718,0.4252526253661128
3.363465230940107e-06,0.0010160088175683703,0.5778375438766936,0.01095521552379466,0.00020381689713973227,0.00012045786391738062,0.0003660068975657484,0.0002652395870610267,0.5753576840286709,0.5632203619845576,0.39373939725784296,0.4985758447776898,0.00029217070866251345,0.00041163590902268995,0.0001349525395656054,0.00022479420134130005,0.012068212207558562,0.9988806594910611,0.9978663077257806,0.48912770957682317,0.47441042689862845,0.4880148404060932
0.0007063917991263356,2.5469048549448065e-06,0.0007315218547356122,0.903017795354404,0.000560355323603815,0.0026741020090144383,0.0002610195077535989,0.45132833210387974,6.610714366965524e-06,0.0005262778282100017,0.000343472294027905,4.226823758287463e-06,0.29507203229693146,0.00019502986709933357,0.0019502817621349226,0.0003990335254941669,0.9992727785773666,0.5042155647937702,0.0022577812638393904,0.4776272172039428,0.46180655022461453,0.4131843909917184
1.3706405251687988e-06,1.5393885090286927e-05,1.1501245328904596e-08,0.0014334033168496478,1.438031023820663e-05,0.0013105132293400907,3.273065993217343e-05,0.44330822007000886,0.00023371964823396148,0.8759348262864494,0.7093413593003655,0.00033563524290062353,0.9972103509665483,0.010727030419401817,0.47147196494402344,0.0063861656772199096,0.9931363072480478,0.00047482999489862135,0.9434664483013421,0.514747258629802,0.48881051589074753,0.5721196618380222
0.5945119895097211,0.5843382079201415,0.0007411015972000034,0.007661665127627403,4.8684708574241514e-05,0.005702165692431001,0.5931389427750315,3.524179136346217e-05,0.0002722882287047977,1.0887341819883727e-05,6.774384701618968e-06,0.00016942475613686292,2.1928351768718088e-05,0.3936824307936159,0.004354465684950814,3.717871603042236e-05,0.005851013735376193,0.000565975930620756,0.4945059433845997,0.36215207202568644,0.4547025449305028,0.45440211783671103
0.000512354640157067,0.0031080585778317854,0.5795083565303158,0.0011363406401814571,0.5811492475109556,0.00027467093971633006,3.739669709457224e-05,0.0025835135981233932,0.00077053245272239,0.5748010362384298,0.38895447277024353,0.0005976894379249888,0.002003993198116656,2.9008159364093872e-05,0.00021305888394579755,0.5008947125136306,0.0012483086697198582,0.996539590693269,0.8959904435388942,0.5326568310090581,0.4941703479485677,0.529785196276813
0.0020718613589395495,0.574993075400409,0.00014380279994862107,3.6443491240411e-05,0.578182890491446,8.734729490137256e-05,0.00027388960704178374,0.5787954194665172,0.00027179943546524267,0.00036686086369204724,0.00024055802969999472,0.00017296973110704928,0.39278661408959215,0.00021818751239240775,6.931474223011668e-05,0.5021699203998675,4.0350892212604136e-05,0.00015921854294216576,0.9976775835696414,0.5013976295250591,0.48345301648532585,0.49034890384975727
0.6662318267260962,0.3343768276553894,0.001366161670844744,0.006563785926776276,0.0002606751308317636,0.003064021014319451,0.002354609501488616,9.85272155842138e-05,0.014483131615806156,0.00816471373874502,0.00604847367219446,0.009851226925197892,9.192337026764884e-05,0.0017536862026059918,0.0025686669376256133,0.0001814543259420012,0.005350338901099868,0.0009479464528086186,0.27023850938929606,0.5502825989146853,0.5645021486099713,0.42487913308044756
6.702994051691252e-06,2.576558791866915e-07,0.003702800957290737,0.44645422846677546,0.0002502071802883271,0.8894798126805622,0.00028369026691210523,0.0052206235009123894,0.0005550525669955218,0.0002072310848879917,0.00013624858286718762,0.0003550759679264458,0.003294450104705582,0.00018624847783821897,0.7081436389417342,0.00036036935148545677,0.9947007201622028,0.998821431282122,0.023948284122227825,0.5151028642326778,0.5020106239586297,0.5927363835276915
0.0016041890571434879,0.5779596628720759,0.007010302140035817,0.0002812789104664777,1.5988302575444538e-05,0.00012088849480270285,0.0010580393941147538,0.5797062115674313,0.5770472913308118,0.0012963938823216867,0.0008240196296157791,0.39088762117552495,0.5009352381213892,0.0011653335993657887,0.00013314777068986175,1.7609672675248308e-05,0.00030980382323504143,0.007721405499952039,0.9982329980525978,0.49662942015193456,0.5356291450453486,0.48310614776089117
0.0007757420243507567,0.8995994690892737,0.0010007130544136763,0.0007312754633908106,0.0004454788702951338,0.0001604049748579888,0.0012188847060339266,0.00013863849882102283,0.45125752023797094,0.00013286743986159487,8.660107281766605e-05,0.2960008581206909,9.811356744068388e-05,0.0008807110099108284,0.00011545450983268594,0.0003184363957229242,0.0005175166371659015,0.0007081937275856182,0.9994442089399621,0.5004342730437081,0.5679421197824299,0.5423244281916747
0.5805126119929535,0.006695926562853054,0.0003154016868618608,4.7033616018771165e-05,0.5816024996843426,0.5738884917130949,0.00026503071104971035,0.003081130034421309,0.0009874635219856325,0.0002082336147051853,0.00013621911524446708,0.0006269173199279859,0.001956136970247574,0.0001682623772805695,0.3879110682174133,0.5009811276003946,5.157729996048665e-05,0.00034586468305078486,0.007342863323147153,0.44984658344165657,0.49450539023813445,0.514197971104979
1.893462871081348e-07,2.159607216823667e-06,3.5245634000965865e-09,0.00014158714990828653,1.6616890557034406e-07,8.793795783247275e-08,0.0001342618863115205,1.0559506479349041e-07,0.9011270752577504,0.44367876508328047,0.29126423888569847,0.9998621424061788,0.0003444983519743615,0.48306078569666044,0.000395349690021282,0.0007470590681253495,0.9902532338212572,0.0010350169022811835,0.9443259249825763,0.5344842779645594,0.4935011982658753,0.44343826274348347
1.8756325544845545e-05,0.4491426115800384,0.00023802297128380683,6.211658746223276e-05,0.0012846325678674579,1.7347418900172022e-05,0.8803290420581079,0.0003964618169242896,0.00026186430213784003,5.118998620451456e-05,3.3418955703317826e-05,0.0001659156245826157,0.000251194377932702,0.7049908264462368,2.5008733315905424e-05,0.0018392416312845185,8.804807322695344e-05,0.0003373856860309438,0.9999730842156369,0.5666056674542853,0.48159408721458136,0.5021088694273749
0.9052569522964815,0.004338981313926528,5.996270195521891e-05,0.0008790097445142291,0.00021372097168781187,2.870053848680111e-05,0.0002405391016914658,0.4558970370328675,0.00012068636556497889,0.0020565214544753974,0.0013309332432886712,7.580309095648252e-05,0.2970035516473294,0.00016915869797964658,2.0183551617137892e-05,0.0001502988847179675,0.0006181622396600568,4.21684002459761e-05,0.003051393024643856,0.5003157504404389,0.6159315287861582,0.5116138612677507
7.0051505428741e-09,3.1583740695357534e-06,6.551442244653024e-09,0.00010348435487526994,0.575881816396741,5.060484554795819e-05,0.5794417522448774,0.5804945248790225,0.00016071839937995168,0.004714839804976283,0.002995006309419984,0.00010209385544497248,0.3932943762413694,0.5019616244967114,5.5942114573941684e-05,0.9998855474643791,0.9805761899489251,0.001320540634275311,0.9985880045214316,0.49825024250106453,0.4889712217604052,0.4545325606512861
1.5542829280876382e-05,9.573136284917139e-05,2.8620953653530303e-06,0.5803957922231351,0.00011440269950082901,5.677122494006859e-05,8.767074784786138e-05,0.5815070362523307,0.00019996272130289028,0.5587215641611549,0.38910414356565376,0.00015494467033965928,0.5006088396248654,9.616372911205829e-05,6.227062272962131e-05,0.00012548514413719824,0.9998935736915202,0.018781709867387197,0.8975345506905493,0.46241889089235655,0.5055311354020177,0.5420684049220255
0.0005209550808700881,0.5782074585838426,0.0003112957541628519,0.0009440106838967715,0.5670991261351696,0.5754062421397667,0.0005377539479966091,0.00027400597620626596,0.000631828641189467,9.861944812774948e-05,6.521612674043574e-05,0.00040125566549959737,0.00017401250118247622,0.0003552942483712185,0.3968670561297382,0.4970251400892294,0.0010394072527561693,0.00034275479559838905,0.9994192872664797,0.5361866601864268,0.5169342670524348,0.47094814286899667
0.0005267724275267578,3.789535002048897e-05,5.338353312467846e-06,2.7243584780967468e-05,0.5911178580919594,0.5954907121276605,0.0002541600172053658,9.387675923914557e-06,0.00035493192445658686,0.5861768081352899,0.38820474337232636,0.00026929582653659277,7.12266759505132e-06,0.0001928376466670545,0.5023459139305304,0.9994304274626401,0.03280955524274647,0.006434706351620967,0.045718871524196236,0.49436559143005776,0.38833207275493486,0.6050623012800007
0.4453784920005992,0.001240960209971589,0.0012796844862188585,0.0033240146071794353,6.369428311761485e-05,8.810363146122651e-05,0.899398338116981,0.00012973461600082896,5.635456598685176e-05,0.0005137747382148572,0.00032589281667174373,3.5746307651251066e-05,8.229206335212059e-05,0.7072750156777851,0.00012592997251625329,9.104073602154605e-05,0.004751188535476265,0.0018291566763801725,0.0017738121084655816,0.5362287853635871,0.545916935307788,0.514813213203369
0.0,0.0,0.0,2.5966855699772025e-10,5.778471467819581e-10,0.0,0.0,0.0,0.0,0.9999999991624842,0.9999999991243393,0.4930879422429491,0.010743371627786104,0.10153529421577381,0.0020579854541607277,0.39222175488925903,0.9797297660454805,0.973582031152883,0.9998350374815935,0.3892698650633461,0.611099993661104,0.4239852528975079
0.5804265407646673,0.0005418983701580215,0.0002870444913058525,0.589799477426692,0.5771081852145863,0.00014757937508243094,0.0002880627091139701,0.0002924973786466245,0.0014977481893228724,1.5565321991334086e-05,1.0116398707022756e-05,0.0009447318463902789,0.00018449789063882782,0.0001817007309213366,9.467669731332516e-05,0.38807129382670613,0.5051029932719564,0.00031483659599769833,0.0005943685405637653,0.5355872739751354,0.4118068851485639,0.5152821412245332
0.0005930454301515456,4.880566183216599e-05,0.5788908905572862,0.004663321975027717,0.0005597606692308993,0.0003461860200498094,0.5770941650745072,1.0873714799681398e-06,0.0008283341274778736,0.567784521193097,0.3954641454866755,0.0006451234315700941,8.468788625402368e-07,0.49900189697331016,0.0003806977690404021,0.0006155657100483757,0.00512828484618727,0.9993456132449202,0.05227453792537502,0.5346564953725875,0.43910217780489313,0.5171738474456644
6.511204761520434e-05,1.981520991622838e-06,0.004307945098991818,2.885284915412405e-07,0.9013302870258183,2.7114427220317643e-05,5.1102599183030794e-05,0.0006641444412165779,0.0004592193452531426,0.4482359709220196,0.29379015233254985,0.0003243479932744809,0.0004690872828715197,3.6093931168329626e-05,1.9151009822443443e-05,0.996956924987193,4.2696443351462556e-05,0.9903741468331315,0.019367940903940117,0.41914764215902367,0.4941935367356752,0.5085210424178322
0.00052002780126604,0.0024836733534009054,0.5958842135826544,0.0035209908272592293,0.0006031144495424693,0.5932259753404865,0.004450910920510684,0.0015386071489832576,0.598881540983641,0.00013696312980488397,8.653922223653522e-05,0.391445588297557,0.0011550489074141673,0.0033413654910786073,0.5039561039176825,0.0006451439732068824,0.0037616355771809516,0.9972890055550211,0.8686052106458173,0.5393499567689437,0.4929771966640589,0.6912441008732748
0.0014018757384701146,0.8988719407836799,0.0005719116712736665,4.7162065787113875e-05,0.4479753045374762,0.00024978420970709546,1.5340530227339322e-05,3.4253148644503816e-06,0.0009754215501172999,1.9617304215883162e-05,1.2812878642441707e-05,0.0006183035199024992,2.1712577020467985e-06,9.724193249683146e-06,0.00015833348611354718,0.2943388048676,3.340254536237676e-05,0.00040504915384190123,0.9990071445457026,0.5566454795570276,0.49110449973050246,0.5320965647952278
0.5870140336140728,0.00903181124481819,0.0029407689623983514,0.00048816003731702953,0.0008736572621141803,2.266827944797953e-05,0.0006604356523474599,5.6226301613710936e-05,0.5877376001102343,0.5778047712120439,0.3890157995356369,0.4957903530833267,6.096938976574821e-05,0.0007161491963581848,2.4580524562699523e-05,0.0009473591944487944,0.0005293424622579599,0.0031888689212221256,0.009794266639276239,0.41960197098938734,0.4802759486320817,0.5152412605496828
0.0010334115311145253,0.4529106015909784,0.000575452622802248,0.9102070308143182,0.00038988714056310033,0.0001679090005740159,0.00014160439851604388,0.00037124817587615996,0.00023802409483358837,0.00024582428388553553,0.00015849760014086253,0.00014797998870313685,0.00023014209924705553,9.303410221212058e-05,0.00011141755147809684,0.00024412860022378683,0.70645222019146,0.0008046824918785968,0.9985036312456091,0.5299380614210906,0.6605624472892129,0.48376308626688824
6.725521979231082e-07,1.937624711634477e-05,0.0006455257108325333,3.2549320574985176e-07,6.884548477976182e-07,1.2198886907532378e-07,0.0006580331905707586,0.8961732585536942,0.44805717061967937,0.00025381669798167677,0.00016617207709285206,0.29515085981596456,0.9993314389101977,0.5185515389942251,0.00012230728832698527,0.000685485963444532,0.0003214049938360321,0.9808856462495994,0.9776373889626102,0.4732128682192639,0.49463141889478535,0.5345180651203404
0.0085940612572287,0.5789114065152373,0.000879881864259027,0.5780385695508338,9.391836057388727e-06,0.5659951757724011,0.0004263036187125584,4.88387938058371e-05,6.076757088756294e-05,4.995417723861602e-05,3.4273046428700215e-05,3.920475643979593e-05,3.1081188095511845e-05,0.000282250809980371,0.3903506727181434,7.383170363234283e-06,0.49949275969659146,0.0009710627476782264,0.9904325377901182,0.5089725291688669,0.4899866881893796,0.48757521465563286
0.001274051188765882,0.5738160630642047,0.5732222378442464,0.00019215307159573761,0.0023969088651375854,0.00014959008174637988,0.0025112174968297827,0.00025239158070520357,0.5697428012539755,0.0009899327134030324,0.0006668813868328729,0.38958242782416036,0.0001952453985760202,0.002078843654802104,0.000124568356851782,0.0018728579209437237,0.0001533675351436617,0.492816829394683,0.9985676257482556,0.5672373197308157,0.489783810459006,0.47220305238489185
6.93235900829002e-06,0.0010530218804615965,9.35207178933011e-06,0.464906196642091,2.8958406336298694e-05,4.8286987719948974e-05,4.7535569820020614e-05,0.9238262745110168,0.002166737758720963,0.0004133416337677136,0.00025443616762049314,0.001333756000320062,0.7031842024253849,6.50927130960014e-05,6.612166565857543e-05,3.965412133394193e-05,0.9985579577735016,0.005653660570427821,0.9958090015597321,0.4166885710905339,0.3377321286632039,0.46930128455349296
0.0017959467774067192,0.9010705588895974,7.649991960912458e-05,0.0008366865746532783,0.0005108615589539096,0.00015410879496551957,0.00023773611762109928,8.113771563045461e-05,0.0002359943960699321,0.4289189196844753,0.2903047555159872,0.00016673965768829277,5.732676602193917e-05,0.0001714965825378508,0.00011074126817039918,0.0003613968156513323,0.000591146792620089,5.404968646461254e-05,0.9987153701223453,0.4999440438606918,0.5576149467918177,0.5164928133982823
8.394550801364384e-05,0.8950968072948166,0.00015656267013989633,0.44938174122330643,0.0005877022994015437,1.7965916693166784e-05,0.00022548880447106578,4.7629998850041e-05,3.6506733829077805e-05,0.00012848357106689598,8.415084519163878e-05,2.3205831448074607e-05,3.027556482443953e-05,0.00014633973268486416,1.1614712671163783e-05,0.00037732791326213746,0.29621691086917157,0.00011135515111186482,0.9999395535234435,0.5391335937486743,0.49729595335204824,0.5001157561886813
0.001438348322166478,9.503788892707903e-05,1.0279517766083525e-06,8.167782241834515e-05,0.001451226479564345,0.9183037602665812,0.4578188237929782,7.016139749868521e-05,0.00026153015499226246,0.0002492943509485145,0.00015721583802160149,0.00016006956519390797,4.294210268534246e-05,0.29014785684906846,0.998603774597706,0.5020394483168147,0.03603451908204944,0.0004540012196391288,0.04200366956128987,0.5470488686814216,0.3296970643760373,0.5945012396136342
0.4483522788407155,0.002236416346262861,0.005579744304706549,0.0014357909995930211,0.003720425501237284,0.0018201795410328746,0.0001879243112557499,7.063922295207594e-07,0.9025227826073846,1.8312342561413918e-05,1.3245909395656624e-05,0.7067831437430239,9.906379218732038e-07,0.00027417350834278844,0.0025960935525797257,0.005269974512184292,0.0020135412494738936,0.007853984996561036,0.003150065231058397,0.38838236894696077,0.488474182080436,0.4063987955612285
0.003133955613826235,0.913821530160547,0.45348318629729845,0.0008745383997789352,0.00044482318626204334,3.9686552374514936e-05,0.0032782022930431236,0.0007351184309693062,0.00043525807228577345,3.1086593552858665e-05,2.180948350745771e-05,0.0002714749751115584,0.00045225497372364254,0.0021374315518804437,2.628288153357902e-05,0.0002764157017055937,0.0005495385611014529,0.2899239499496874,0.9977689927090206,0.3849084951985428,0.6339863404965154,0.5598924688008383
9.34800781906715e-06,0.0014771782348160039,1.3187228937529681e-05,0.9978252716956594,6.217407453640325e-05,9.75201098488502e-05,0.00023754157157861343,2.7413241728864614e-06,0.00024833700683951003,2.6700745791719968e-05,1.8876032944995365e-05,0.0001572581190160396,1.7309497448098142e-06,0.00015896242196755575,6.591184117746786e-05,3.965412133394193e-05,0.9990589482823516,0.005653660570427821,0.9958498993559811,0.4166885710905339,0.4958117684564173,0.5355265239913599
0.00046952709375325783,1.1147816222245513e-06,0.6050052931860681,0.0012109684850531977,0.00042306874899991805,0.5949839123769586,8.152145128869303e-05,0.6001329976656027,0.0012314809201189791,0.0005146192367388627,0.00032298252717312143,0.0007501060411207119,0.38937176884982755,6.192392980557758e-05,0.5000702069486616,0.00044965991967860436,0.0012742479540645986,0.9994998109092447,0.001492950724067743,0.6844332593167097,0.48956534760285864,0.3949171700651058
1.723622540549734e-05,0.0008865452380898881,1.6363989682189037e-05,1.0493350774437277e-07,8.653035439357001e-07,0.5666814068810412,0.00015055847196287174,0.5730768763612683,0.00045125869377059616,0.5581524274513922,0.3894532153641512,0.00035524307552139544,0.492780807301692,0.00017168374656596985,0.9990283167489864,0.0006230346290869098,7.505319112695384e-05,0.011686126281548283,0.9874186431285475,0.5164455929046501,0.49603861334083676,0.5335098544203026
1.3369245751519399e-06,2.1338691561670294e-07,0.004379989508502047,1.8836441907291375e-06,0.5788608743102394,0.0004143086985023831,0.00014035256165822395,0.5787361501232804,0.0009908785956286468,0.5638122164014197,0.391421394196887,0.0007667727216723477,0.4967341873894141,0.00015602346342855875,0.00045879134204102057,0.9952311070070008,0.00027386386010566687,0.9998008425837319,0.09954511242635866,0.5382135541360387,0.5736240470458451,0.5157310818660947
0.8966554328232217,0.00021550272913700144,0.0010671659652448627,0.0004569323408552644,0.0001279916057477257,0.0001776062119068086,0.000304122263167757,0.00012816727741579725,0.4515623722811163,1.7607249592012442e-05,1.1165101760329078e-05,0.2970016046354284,9.099788119992371e-05,0.00021592471066772534,0.00012609919195210792,9.08731634667928e-05,0.00032441884872381165,0.0007576808087080278,0.00015300559245397987,0.5319802521948475,0.45991531325814866,0.5362388586333113
0.5821851588436123,0.584583089385775,0.0012529718165204327,0.0005037432017436271,0.00023138810870563945,0.0009292228636971423,0.0008413135171281166,0.00040370309025572975,0.0010869715820380444,0.5829373159468707,0.3915938820870605,0.0008268097723284114,0.0003115079527090005,0.0006491807258850892,0.0007170134237420024,0.00017854572608413488,0.0003887032885305508,0.0009668294615948525,0.5013081513989603,0.5014534301683123,0.4914332060745944,0.39938316164927473
0.00010313179069654916,0.5811943783116083,0.0008959462456538636,0.5880998474938447,0.00013911393743852848,0.00018338554570434987,9.988700045486901e-05,0.5821976646392305,6.768020420831476e-06,0.00024225847163876656,0.00015714870686167972,4.261461656138399e-06,0.3905682094071763,7.852491852176076e-05,0.00014361009795788656,0.00010819147179447515,0.503768462166988,0.0009814139914002006,0.9998856293241554,0.5378755566561209,0.40187217186305296,0.48738758470887855
0.4505497663547814,0.000749928115259453,0.9110227444543282,0.000586299484655696,0.001545216117039785,0.00021019940098746006,0.001764662816747881,0.00023006443792197986,0.00022856772145969862,0.00010166180678898677,6.674702871243247e-05,0.00014436188765387965,0.00014333686015127303,0.001143810259338509,0.0001331946843146112,0.0009724057360745374,0.00036527578963437316,0.7054176776045452,0.0010511538564504101,0.45660570000156453,0.6411578692307324,0.500115696345395
4.3399168710140173e-05,1.9691317439080803e-06,5.1427689425683944e-08,1.985518903960679e-06,0.005633642417949805,0.4498398483325944,0.0007326769410802409,5.605846184209665e-05,0.00010509754860751651,0.8937574824002777,0.7031272573975035,0.00014872368606091234,7.932840845599915e-05,0.0010368126356123525,0.9920273681304166,0.995085675816128,0.02908151800919506,0.0007536139807171596,0.02886527837394487,0.5095304892401891,0.48057136895053554,0.4887381525361684
6.814529696679292e-08,2.602639901439126e-06,0.00031858258997171046,4.742309797261553e-07,0.0004629312451524219,5.779610890907585e-07,0.8826796195445978,0.45090842925590424,0.00023346965155977796,0.0008143735550969875,0.0005301038287979956,0.00014603772883821793,0.29533688797485436,0.9996003097641956,0.0006613878575520149,0.6192402399122533,0.0009390163571579128,0.9947976042308869,0.9831281564387646,0.42945876922339965,0.5505742158378378,0.4862248879881643
2.2980520779126166e-05,0.004721868925512409,0.585191147727061,0.0001409818399842,0.0017194461570858945,0.00011391946911537826,0.5691011311504641,0.00025292054834975645,0.5718137927385288,0.000482892985825848,0.00031564723631918016,0.3859634122668505,0.0001952453985760202,0.49773077411568223,0.00012604179321149412,0.0018728579209437237,0.0001533675351436617,0.9948633433808267,0.996863203317046,0.5502354445012393,0.489783810459006,0.5299262427893636
0.0020663367200913075,0.9966918994962741,8.743179089159225e-05,5.364650837751572e-05,0.00023063609676315773,0.00017224311496469047,0.00025990784843877196,0.0001859636790451806,0.00022893260049114772,2.3002144662819207e-05,1.658930108841602e-05,0.0001476054183318078,0.00011827515839362268,0.00017197632047115654,0.00011141755147809684,0.0001481645633476191,3.411950522196755e-05,5.581108083422962e-05,0.9986695150585592,0.5290948158811214,0.49097312604194837,0.49526745688854734
6.036415792574948e-06,0.002209881726726227,0.5767406871033046,0.0002730427750799633,1.7264836867994048e-05,0.00011246389663496186,0.0009997729514690055,0.5787199913338924,0.5691493164050094,0.0012188950697390602,0.0008240196296157791,0.39088762117552495,0.4999319300018301,0.0011653335993657887,0.00013314777068986175,1.918087310644622e-05,0.00030980382323504143,0.997528309797556,0.9982230334694506,0.4974513780350366,0.5356137672842298,0.5123615502670138
0.0012108196936648286,0.00037491573993235906,0.5883418251872422,0.5926559788454172,7.652779895330755e-05,0.0033063388101318867,8.913948527725729e-05,0.00039190425220031884,0.0012374491630192934,0.5764156885457844,0.39356352327209837,0.000943343611218181,0.0002987594834871002,6.938060343043847e-05,0.002563526043374814,5.8413194781798165e-05,0.5023250248467244,0.9986129311391081,0.18895092972243777,0.35692108355865276,0.44523299545958017,0.5359635107456974
1.4053142778282865e-09,1.5211645436473955e-06,5.591199766038904e-08,2.6098762676889646e-07,8.874608827409714e-09,0.0007437032921762086,0.8970287101412858,9.579398733534617e-05,0.00010278852115745711,0.44567229978991685,0.29355106823520355,7.191148810785486e-05,6.798471850644712e-05,0.9994721947239964,0.9986779459769721,0.0036581638928611104,0.10810063273117157,0.023389058808624907,0.9994118642673033,0.5213522319402526,0.4962468631342197,0.5342411203019316
0.0008384376181455486,1.2705110872982984e-05,1.5348486741330444e-05,0.45250529511730314,0.00031967286586080874,0.0028835389916882052,0.9055929073335983,0.0004259077984836287,0.0012015884845239689,0.0003049578051780593,0.0001975988125418358,0.0007556179844963785,0.00026783148803594115,0.7049908264462368,0.0040567161475800195,0.00044974008641965053,0.9988201034454046,0.011651445049752074,0.009646284480545275,0.496881698362647,0.4632715425009845,0.3951229600376705
0.0008913824467595693,0.447822933557374,0.0002561279103034428,4.46234819059581e-05,0.8865195587525828,0.0001916825756684992,2.607056592620679e-07,0.0003197474025705481,0.001394353327879916,2.0468710347260896e-05,1.4912910869787537e-05,0.0008980415229467296,0.00020314362402452913,1.7242415613699593e-07,0.00012385830937870217,0.7036859566027047,6.316554252292752e-05,0.00036388361968001364,0.9987225979899609,0.4593746998471115,0.4813641521501415,0.4940255009832343
5.473934991166464e-07,6.439584644047683e-09,7.286929111133973e-05,2.641090865357676e-07,4.467357690979684e-07,0.4399823907717027,0.0004138752033036128,0.8947850152612964,1.5543382870700178e-05,5.299007471324733e-05,3.62600636790764e-05,1.0027396745352518e-05,0.7047778728721654,0.000612563221160654,0.9998959476637,0.0039420490355755455,0.002303701869746544,0.9951759168602655,0.007398241184775186,0.5025056201245347,0.5202454848617638,0.49527989439655795
0.0006298602447967458,4.664349703543364e-06,0.45270579671605965,0.0014324300868050934,0.9002127212513649,0.000362866747610085,0.00036465663377084005,0.00031591785621930436,0.0008508226281015986,0.0001351347970187389,8.788331085075472e-05,0.00053700741846726,0.0001993951962877777,0.00023015731370861826,0.0002290270613981939,0.7036859887585537,0.002014367716960147,0.9991142375719672,0.004714381774354914,0.5145702447916909,0.5915931104896078,0.4932219406326553
0.578281124469567,0.0011673293142411504,0.00025769023540371186,0.0005893393103203817,0.0002768169836318387,0.0018299906187863332,0.575090962167122,6.0709610693681244e-05,0.5932557311921671,0.0002865701060971309,0.00018437562243473838,0.39536795676438924,4.661169382385444e-05,0.5009309600003677,0.002023882959257611,0.0003013906335945055,0.0006408464573110374,0.00028021153760241803,0.0012693170100323064,0.5507428506689831,0.43584011358047814,0.38662972219549463
0.0034226425619204707,5.438302988843751e-05,3.907521478649434e-05,0.0023171427994017418,2.4472163392510966e-05,0.885058612179782,0.00013232792314409907,0.004882578764260885,0.44729841824556454,8.860284944869167e-05,5.782007946756655e-05,0.2935851526172075,0.0034530313140035012,9.358527345583868e-05,0.99707647302913,0.0037735671432760076,0.3788159055689869,0.007266911572635383,0.010114645703244995,0.5347662474930537,0.47076452192353446,0.4440945746433547
1.472200642332324e-07,2.9922650564689086e-09,1.6054485184573858e-10,3.6818358197077766e-06,0.0,1.3775671947632138e-08,2.366158404906953e-09,3.6883676808829624e-07,0.9999957828127077,0.0,1.4960275924481023e-06,0.9999976740417315,0.06350497078228888,0.0004541386121994552,0.0024208056319937107,0.00028657998903872697,0.9742416426819895,0.000799382754339592,0.012783454218865176,0.44428839971104583,0.4337887824050266,0.4209759530120215
0.0029649934723184855,0.577636644502766,0.0008802321821740802,0.0011767960544935912,1.6934802774422266e-05,0.000838268323858476,0.5589641916124392,0.5743770183182305,0.0003249283699212064,5.096874625518604e-07,1.8493200586438695e-06,0.00020951825658577092,0.38912638323061277,0.5021429152370929,0.0009396507433369339,1.88541775751424e-05,0.0012969779575748015,0.0009736900241111604,0.9966916746655134,0.49749455104498164,0.4729037869699719,0.5108358306039227
0.5708729263793302,0.0054888910372152535,0.0005966539564591879,0.00204472922382979,0.004444054256202325,0.00525302238690009,0.5671705979461211,0.007026887857736721,0.0007846267057291582,0.562515143743166,0.39236295303848334,0.0006104809269650354,0.005467340651130154,0.500583659313417,0.005884373314872654,0.004901014492215758,0.0022521799323090286,0.0006571904954609372,0.006045725250978724,0.5452773967974872,0.49136065010739766,0.5242403715659882
6.134709034477197e-11,2.1929341933290604e-09,3.773484882416974e-05,4.176528715668801e-06,3.0370820071278167e-05,0.5718215372469339,0.00023330484928766755,0.5809652165486708,0.5778094265574346,5.3139790269316573e-05,3.5831313936140325e-05,0.39155724213921456,0.4942585231827451,0.00026610488535484713,0.99994735256986,0.431527719495035,0.07027669533014194,0.999962776682752,0.9819081149365272,0.45879385080796675,0.49046126122691813,0.6155912605157716
0.00035445409944408977,1.3483307730432788e-05,0.45172078182948233,0.00010653398424590909,0.00015786826740003384,5.750965062411609e-05,0.0006551400122975906,5.935191332164397e-05,0.00045488389616513814,0.8778035123808501,0.7051249713784422,0.0006410831823631749,8.364635979918322e-05,0.0009426967679845674,8.243296010518975e-05,0.00022276861572239782,0.00015014147003083816,0.999493909128242,0.023908291207313137,0.5343545131643974,0.48136846278810586,0.40267165578513625
0.003889939478382514,0.5913345783268329,0.5782191692949518,0.0008435967015911616,0.0005422958546228103,1.2849574829038546e-05,0.5731227800312925,0.0010493348404759055,0.002828397027837607,3.104079515027705e-06,2.009783884620945e-06,0.0017772932299897626,0.0006593758564523767,0.3920056146029741,1.0059756305311977e-05,0.00041795922919184945,0.0006493576692528527,0.4928626805541001,0.9957601831743629,0.5311186296336473,0.6090749167812181,0.4839633836030853
2.420235159334844e-08,1.8469273304911369e-09,4.1902676576607754e-05,1.8574632134376853e-06,1.67172452715504e-08,0.0047805742785642855,0.44909140827462446,0.8975728443940154,0.0017352853239680406,4.76790348520288e-05,3.1161413359312886e-05,0.0011006836808665546,0.7046453285727979,0.9932231966361168,0.9944145839714609,0.0002540542812608723,0.028210240455247483,0.9996312301869998,0.04851649007076336,0.4857223855423019,0.44895395893709367,0.4707450319432252
0.0017491257449367154,0.8976422902157706,0.0019598143924436508,0.00044293557364271204,0.00017106824865403467,0.4448511565373868,0.00017719787286007033,0.0005004139392728448,0.0011677726216444357,0.0018310407760055456,0.0011988992208712412,0.0007420709127349257,0.0003179918702168321,0.00011260184101460522,0.2929090993122229,0.00012132336150305921,0.00031413474123456785,0.0013899119515025753,0.998759514022374,0.5015590286887588,0.48793354733444694,0.5410176522694808
6.406467202643445e-06,2.590115635767601e-07,4.3216218134992234e-08,8.854337172847777e-10,0.00018462017013491433,0.5968067200960385,0.0006334150717383993,0.00488033900011695,0.596800705780944,0.5912415437675029,0.3890157995356369,0.49998595533636747,0.005205787819532792,0.0006756699857354087,0.9998029450677794,0.9778991188781123,0.00013033746554723527,0.0042908867006315465,0.025724348134167574,0.3377220999517781,0.5200815718199647,0.5613793236775406
5.26938603914356e-05,0.0005173633230767218,9.312997399765858e-06,0.5773618966043137,0.5791090411999917,0.5776234252803407,0.000276428660798848,0.003055594376199789,0.0023418009250017724,0.004822582382504101,0.0030664836237788706,0.0014890686573469925,0.0019429513106277811,0.00017577238241772665,0.3915083849622671,0.5009616468000284,0.9994264937643527,0.011399519757547438,0.9353825998922606,0.49827507141643756,0.5073548628472442,0.5338061312743962
0.5803945272541642,0.001378011591449021,8.995243933401242e-05,0.0006970590633772167,0.00041089143210145643,0.5757968913486893,5.120924446554485e-05,0.5818202557230405,0.0011870966882538939,0.008294631647252845,0.005369557878949446,0.0007458298383465265,0.38937176884982755,4.012306968053457e-05,0.498932658881416,0.00044965991967860436,0.0007552217729710361,9.745793008799307e-05,0.001492950724067743,0.4533143768635696,0.49061119391918057,0.3949171700651058
0.00403044379371565,0.00013529038362089909,1.7569016146740227e-07,2.700932396748509e-07,0.4473464229261249,0.002407523020948456,0.0003151225484145817,0.00012681860950634368,0.0006407813360103247,0.8952673628507423,0.7049818366661941,0.0009118463221184704,0.00018046587312189964,0.00044842686958473043,0.003425979533128487,0.9942611906962372,4.263796155635478e-05,2.7735127221494222e-05,0.021361470597221266,0.4958407047816197,0.5262711175626268,0.4892892736750031
0.007734738281577775,0.5845218854141604,0.5826266803972324,0.5794966784258925,0.0006018166624738589,0.00018537866240647512,0.00028826680858993147,0.0009029270248735524,0.0010482910409785108,0.0025936292428158595,0.0017154166787983535,0.0006616174262407595,0.0005621306992625225,0.00019019943566548248,0.00012423545257251822,0.0003784385580688219,0.3929643145990931,0.4947409753130273,0.9913922490653719,0.553879290289717,0.3902237263011591,0.4127236235624925
0.0034138010905836215,0.00015209642956101458,3.127415036052372e-05,0.5863561860373232,0.001123527871464759,0.0002973762784931341,0.5726007532946465,0.5865346882593543,0.000987565784986842,9.47146620813012e-05,6.232888727631015e-05,0.0006241552108306169,0.38952710250914135,0.5050381571321497,0.0003283760782487641,0.0012321177488269774,0.9962438303301762,0.005776097274072886,0.028118236958726436,0.45822670114008235,0.637098092155791,0.5241857569001788
2.2766587932551188e-06,0.00029708510002514446,0.9989275870874493,0.00011218005377954115,0.00015310207637558894,3.735955182239467e-05,9.019360428222097e-07,8.219843053031186e-05,0.00014092026471584877,0.0002463888404657977,0.0001627186628024356,9.071192232011876e-05,5.2194436588959086e-05,5.959327568083594e-07,2.4127321409618194e-05,9.8196219256869e-05,7.123154810733218e-05,0.9998113591411757,0.9950608584129996,0.537864842919143,0.47458456598130544,0.5222870009333664
0.0005457664616881877,0.448347872244525,0.0005300842071206585,0.0002625465616665131,0.0006597678216750873,0.8834205429250156,0.00028285457053315395,0.00023130232087861227,0.00010509017120586064,0.00015852344675301784,0.00010497726823630846,6.748503085155741e-05,0.000146518972194125,0.00018640644036830228,0.7042546479282348,0.0009422191734854013,0.000371201826120431,0.0007522151093651647,0.9992188005228576,0.459427505019041,0.4421448916735294,0.5014388796892676
0.004285322867460262,2.171998573885825e-05,0.0028796600415998677,2.851478275921587e-05,3.0219806564634233e-06,0.591851654777808,0.5890610049846506,7.533012356408999e-05,2.1362388692205477e-05,0.5907416674616133,0.3919649775468076,1.628612032721404e-05,5.7429694654966804e-05,0.4984834762503203,0.9944464868224994,0.0003726149377856475,0.0035159882389586006,0.37666723900329135,0.0032266539687467663,0.6319714008994686,0.47550390488467653,0.4302607950663512
7.362019334793715e-07,2.9079465214946536e-05,0.0010978856265273695,0.9770237598850473,0.00029088234333691105,0.0003623653481600262,0.00010398656859333182,0.00014133065321241155,0.0002397942785842607,0.4793746858727008,0.29038627167285785,0.00015624764310478024,9.208969506930195e-05,6.775664907474532e-05,0.00023611378779507248,0.00018953615690266309,0.9992843769877193,0.9831365285580318,0.9838862025897811,0.23741976376213114,0.6389207239032542,0.5065974461765418
0.003069869326294784,0.5798941271206315,0.006049544053733969,0.00010457387659285847,0.00020598017633161647,2.05888450076372e-05,4.757682236214715e-05,0.5808129295886846,0.0007993745413375248,0.5673123488529989,0.39398042991065874,0.0006200240681915823,0.5004820834727441,5.2227404409561137e-05,2.26012637019214e-05,0.00022611388039039642,0.00011479610407046266,0.006640935420708316,0.9966299076322207,0.44209720220366444,0.4523651265386774,0.4549353792932649
5.5777706400975905e-08,1.5078679328505637e-06,7.286610189209965e-05,7.497954311024936e-05,0.9036428422734133,0.00019393670685697903,0.45557885218476996,8.239483811611207e-05,0.0003045471661865838,3.391085366360138e-05,2.19807043135371e-05,0.00019158448748902475,5.183273333443834e-05,0.2972812587409966,0.00013662878502607826,0.9999263340873775,0.5090359727674757,0.9868187722524042,0.97646177254721,0.5486909910200316,0.5019350406269876,0.5980529318848506
0.0007214277259348141,2.5212255589401867e-07,1.3834819301177124e-06,0.5847896527742135,0.5876124632742605,0.000818595511662089,0.5843819788620982,0.00010331673677015034,0.0003288951366622467,2.6477811387182415e-05,1.711662886924584e-05,0.00020634616192341878,6.481984902410561e-05,0.39070356292545905,0.0006389393312359386,0.5019340716385055,0.9992146413095981,0.0012208763802620815,0.0002224877319895478,0.5810990085699217,0.5579369873564828,0.43088015961768894
2.5952067225875764e-05,6.211784748918593e-06,0.005181307833480065,1.9537534703674722e-05,0.0011643129943149904,2.8830563480575513e-06,4.977916388758284e-07,0.8974066431908986,0.00011941033848250527,0.4478816744143187,0.29469621255656947,8.350371039773398e-05,0.9962326873766819,5.967362348005697e-05,0.00034561085276651386,0.14071716760309405,0.002400508985072844,0.9967212597702846,0.1495648214091316,0.5180170924147813,0.44965110952064086,0.48910565957742824
0.007396128345753,0.5892129434149392,0.5925791677653466,6.806499052089505e-05,0.0003012899878201637,0.0004407025532661159,0.0011863672754159754,0.595358144371725,0.00012375364772382926,1.7337386263665276e-05,1.0756839396873328e-05,7.678193797218337e-05,0.39407369785916635,0.0009037619229459802,0.0003357227405580669,0.00022951968676359355,5.1851228482856064e-05,0.5017882718683447,0.9920092144650381,0.42083593612114695,0.4902859379366808,0.35959491840892566
