obj_0,obj_1,obj_2,obj_3,obj_4,obj_5,obj_6,obj_7,obj_8,obj_9,var_0,var_1,var_2,var_3,var_4,var_5,var_6,var_7,var_8,var_9,var_10,var_11
0.006181054895876024,0.0005911963856051229,0.8983092058013881,0.0009831362790732848,0.0012862177954077768,0.0013971392212422664,0.00024437308083461156,0.00017159581334215908,0.0011579604754097714,0.44738945719912665,0.294158688363701,0.0008206087453239827,0.0001216044130393433,0.00017317931717942495,0.0009881637773657506,0.0009115024810735272,0.0006967186677503731,0.9955996477425826,0.06070579730827812,0.5339195403976214,0.5035653141846873,0.4508978761260658
2.0840007511469666e-09,3.929966139653344e-11,1.1483370975760021e-09,3.9872747893290003e-08,3.294155039190867e-10,1.0824017165473568e-06,3.4407049688452053e-09,6.60409081872881e-09,0.8952551801166853,0.4475685520752863,0.2951336486857501,0.9999992187988787,0.004162848666007539,0.002052841103481808,0.9766025770424953,0.005227574936358004,0.9613822287056399,0.35101419824983054,0.012018826302600816,0.4719741076493433,0.4991346006730007,0.48936424794914457
2.476326076719837e-06,2.812728160960876e-05,0.4474741635398297,0.001511761132111689,0.9019206777970054,3.919680291074064e-05,0.0024651982841491253,0.001952834679567398,0.0017697094318200402,0.0011813144067014825,0.0007469450613287605,0.0011189883064361343,0.0012347805532813005,0.0015816957408521892,2.5054894449711882e-05,0.7068029303690059,0.0021507685643381113,0.9999598286388921,0.9440961310507168,0.4181894867576045,0.4995947858989841,0.5117897365720483
1.911682082627362e-07,3.5078985180213184e-06,7.919608487847503e-08,7.113011999103032e-06,0.5796470611376224,0.57560139857881,6.220757128437348e-06,0.0006992140619685732,1.72638731239179e-05,0.57956227338591,0.3904521165507855,1.3347893333359034e-05,0.0005513198066416254,4.880493013750017e-06,0.5006688781315605,0.9999913159639582,0.7078805304243331,0.014705391562042577,0.9653407315804703,0.5086250674536315,0.5016728316372897,0.41735148318518883
0.0032194128036995484,0.00016584091109383742,0.6157572396358063,0.004345992093663449,0.004590882057657087,0.6029111716658149,1.226702434282365e-05,2.500307250232627e-05,0.591957725376057,0.0006867315812246781,0.0004164027638812909,0.3813344029661997,1.8356600219833672e-05,9.13868886285053e-06,0.49724371039790727,0.004762246972968509,0.004493102907330229,0.9966671271385046,0.03276509480598811,0.3393384693089182,0.6515276454038108,0.533776728099578
0.577376830021301,0.5790526163958782,0.0004148530342935466,0.0022794855776273955,0.0001906078431001297,1.7846388995372732e-06,0.0008743945435161216,5.463541232173812e-05,0.0032448196192800495,0.5815724576299031,0.3935618440489313,0.00252616549370277,4.253512800157929e-05,0.0006807396411026025,1.3893898538269652e-06,0.00014839338407922868,0.0017746437792796883,0.000322975632054274,0.5009225275237273,0.4941974284164562,0.49746682924224983,0.5583827633542978
0.583234147767761,0.0009351397868269772,0.00012526863985975998,0.5808197024515908,0.00021503796205616494,0.5759547832817528,0.0009828736759476917,0.001306290098229407,0.001259535094799859,0.0005233812202088197,0.0003302953294123409,0.0007948674663885858,0.0008646840048756343,0.0006294027620540876,0.39242692089232284,0.00016734600307222614,0.4986791250786788,0.00015263563062461864,0.001022011873513463,0.4113823672409537,0.5008617304038628,0.5304094877300235
0.0034571653339727586,0.5827127593337914,0.000660810078674226,0.0017039514710886358,0.0002521228540438219,0.0017063857071700304,0.5674308659863885,0.0012480842970335625,0.00396656802905796,0.5820553515384765,0.3864354411089158,0.0030129494733591774,0.0010434041421661577,0.4910046127306561,0.0018374789777983731,0.00027097135253126726,0.0018239906584897603,0.0008396033122391932,0.9963375502418177,0.5726878944755658,0.5911707011245146,0.41747315110675526
0.5795369261539265,0.0009899788824030745,3.5322847428992476e-05,0.0014448216569906839,0.000481640872643378,0.0007747066430497737,0.0001353024746214476,0.0008148025925323066,0.5780564006652856,0.5808055529963655,0.392865677721934,0.4991836047125171,0.0008950526488920388,0.000150816203736925,0.000860299430783485,0.000530872600927843,0.0015871271415977052,3.8801997315156874e-05,0.0010874881121520352,0.5397666399764405,0.4974042966048782,0.45438076056055143
0.8989241121849083,0.001039428554101127,0.0017441916809986743,0.0010076938140326887,0.000534362931450723,0.4490563105009237,0.0003317631017043714,0.00042212130887563044,0.001288324148390198,0.0004061666221058101,0.00025732568006550964,0.0008162142787369376,0.0002674339676183334,0.0002101877530550129,0.29493648253499144,0.00037843563422200097,0.0007136486270988254,0.0012056317316809497,0.0007361249582917284,0.5657755782140945,0.5074419100622487,0.4783622775041729
0.0008822254506946245,0.0008683281776608956,1.941631620843878e-05,3.5174622846911955e-07,0.0006280340405934068,1.1970192628302834e-06,4.5227635937585266e-07,0.9008778627765585,0.44216525284962005,0.0021931278265168333,0.0013912609531621786,0.29047239324337504,0.9990190014507219,0.00020740991676889325,0.00054894247748758,0.2988687747830258,0.0001808764541686775,0.00998475101192306,0.4949461171629733,0.5552632970670439,0.5069200740219795,0.4790073530189341
0.00025993197096077535,0.5780903988266937,2.9714741335844407e-05,0.0004405679399897925,0.5771188922538673,0.00040557212482497906,0.00024121867046988276,8.583481384335372e-05,0.5762385356434331,0.00015646467054515582,9.939615249284335e-05,0.3900037612655074,7.181079173394298e-05,0.00019005488171575937,0.00031887090602852886,0.5010306195444033,0.00048456777446958393,3.648300714588753e-05,0.9997141083723667,0.5437294288755903,0.5066407439015642,0.4865818479930742
0.0009117135778134953,0.0004858373694655422,2.529826887760027e-07,0.4502521689101915,0.0003467165606464637,0.8971979254972222,0.002146513760832696,0.0003000838323273085,0.00010538900226425189,0.0005649228000748595,0.00035516404006691543,6.625752716779419e-05,0.00018866117534735338,0.0013495033071877108,0.7066564293350803,0.0004902274958802094,0.9985393081899739,0.00015223514969327613,0.31169365966372853,0.5688736455911931,0.5066481841806941,0.4115823897743439
0.8995566693676044,0.007677408999228396,0.008023033115580652,0.00044655926493844327,0.0015386441414497474,0.00024313212433863053,0.0002944514238194181,0.4495057511171893,0.000524863465140183,0.0020153453468444464,0.001270695428906181,0.00033093212671533206,0.3000148532709225,0.00021143474998019674,0.00017421427209470648,0.0010925099413314281,0.0003160070028508347,0.005818663517883271,0.005433200452778675,0.5353315905310477,0.5908652984696247,0.4863608512153777
0.001397912440182836,0.45429514299450385,0.0012951079599330686,0.00029930990897227423,0.9048765757427943,0.000513318341393721,0.00019587832772939665,4.377860260733017e-06,0.000763012691436134,0.0005643260552856395,0.00035481987196886097,0.0004797441418973404,2.752579655983928e-06,0.00012497127078346768,0.0003262725636976893,0.7037862192821986,0.0004194297586301237,0.0018148668557917004,0.998041062282116,0.538795016572234,0.47157228031411424,0.6010137936258467
0.0,0.0,6.433673797529409e-19,0.0,0.0,0.0,0.0,8.854062305360673e-18,1.0,0.0,0.0,1.0,1.0,0.0,1.0,0.7159190129127899,0.20847328805780413,0.39681908009348227,0.0,0.7564218571615847,0.46540281802816563,0.7387848273827575
0.0010775045485485334,4.387265424525851e-05,0.45428496096455906,0.893230611528383,0.0011683081371707837,0.00015024413424080194,0.0013603649626567767,0.00027264963921447245,0.00011113025657449971,0.00018728672871448355,0.00011897845151926978,7.059820050235398e-05,0.00017320732270274908,0.0008642052560231509,9.54463355826796e-05,0.0007421970726775406,0.7004740471094615,0.9984887727966519,0.025906878706938197,0.5389175193821786,0.5072603160931246,0.5234650533736716
7.411776317026205e-05,1.1651568127965015e-08,0.0026375572728543537,2.6428632321504434e-06,6.73255156530309e-07,0.5743397995474655,0.580920944401417,0.5823259573548408,3.370240375616818e-05,4.5371155200565476e-05,2.8791530828764682e-05,2.1386799461107427e-05,0.3942530671920867,0.5036232177358053,0.9970752975345293,0.00016243749376405948,0.0006376485300195581,0.9821151106532943,0.00010007882417076112,0.5420565469665147,0.5027625621398863,0.4620348096127101
7.210747950693582e-05,0.001021816278249403,2.8050379451967545e-05,1.646123343609284e-06,0.5755985826744228,0.5688140263987644,0.0030580818674764954,0.0003854730933783791,0.5755898047697436,0.00026511909361954627,0.0001680993783365742,0.38864960393823883,0.0003290445139576035,0.00247453531862187,0.4975436909942577,0.9988335541168386,0.000989672724442569,0.01964073605371721,0.9570435489871005,0.4611838628083995,0.4984863751962242,0.5504013065350926
0.005234590474692306,0.45499696565104847,0.0031626801776336064,0.0004278505493323492,0.00035773069289551663,0.00010627216599383638,0.915361227892455,0.0007985413793241092,0.0011160758844583566,0.004043564115044408,0.0025182268300071317,0.0006950668701726443,0.0004973137955535385,0.7063045453603543,0.00014838773066920124,0.0005004818306671332,0.000598582973448105,0.004424774744416604,0.9926762219639306,0.6392882572268429,0.5084471238527398,0.5525587097369548
0.5770941141517731,0.004538848531773187,2.177157177429541e-05,0.009581000002085014,0.0006342966912938713,0.000641529289871186,0.0006383336258294505,0.5782793144520468,0.5767883417785802,0.0002232967981428927,0.0001421378863174175,0.3913339245589426,0.5005987667300041,0.0007040560264583318,0.0007075811480811242,0.0006996043100266951,0.010567955883005437,2.344088504077082e-05,0.0050069149384268825,0.5076724018087468,0.5074034868902706,0.5027993038954357
6.500429760988335e-18,5.4655790594961086e-17,5.83832498535272e-19,1.4701099786829864e-19,2.3110611302172884e-19,0.8989469504929456,2.7250189029583017e-05,4.064885503400526e-05,0.0008631283510828277,0.4508171402102955,0.29592791163761273,0.0006112534276007689,2.878686533730804e-05,1.9298145593752824e-05,1.0,0.0026728704678814523,0.0017002757978569097,0.006590688402990874,0.924638294868968,0.5436061252231064,0.46305788157425354,0.4511223424452789
0.002632205339309678,0.5676037084603102,0.5871381753560946,0.0006219778349503675,0.005912675554051573,0.5797015416456741,7.327302157629455e-06,6.75539347564042e-05,0.0005525114204789692,0.00017399954579529705,0.00011013992232986828,0.00034973406584386593,4.276095259739591e-05,4.706375969894857e-06,0.39674459558989705,0.0046247913831039,0.000484864778465758,0.5107650825810772,0.9970477607408631,0.42910920841422817,0.5163414389182459,0.4789703956919307
0.451948186851159,0.001061104287700942,0.00012949957273338352,0.9042416817345656,0.0007697833960534329,0.0010946903370412475,0.0009781750074902317,0.00011468206905963705,0.0005903658579858664,0.0005646599816458459,0.0003555984045628314,0.0003717869121214365,7.835595376180966e-05,0.0006250796258774963,0.0006991988126083112,0.00048777704737748605,0.7049292995303882,0.00020362708640170654,0.0014965503884154518,0.5110078340272909,0.463207364924669,0.40292702492652405
9.893183228659984e-06,0.0002332940256286823,0.0025788145828543356,0.5805684048301321,0.0017202649115273287,0.001022876332781816,0.002418028855922496,0.5817348909494731,0.00046079513370723025,0.579341598759696,0.3908870016138255,0.000356925803464971,0.5006310884951549,0.0026514215887818993,0.001126356386374286,0.0018863247638717553,0.9971606623629594,0.9425128105628888,0.9730193487207718,0.5534975271127982,0.469063057284342,0.4584087003391905
0.0016213790755821918,0.5846503726900142,0.5790781325788055,0.005699666886357434,0.00012881854246019466,3.7530279168099633e-06,0.0022537388933541787,0.5790731419826605,0.0015487445692178728,0.003600092480395318,0.0022776710971728446,0.000979849047066255,0.3903723601715424,0.0017435311775561612,2.903414216613899e-06,9.965649000299254e-05,0.004409406685135856,0.4969504953364725,0.9982345015413275,0.4278108400261979,0.5072917484973042,0.468687636081607
0.4414618525556951,0.005448725024428853,0.0001354396267980481,0.0012213202704314467,0.0009780682888290277,0.00026560999154661113,0.0006470159347509634,0.9050936309031831,0.0005634442685105121,0.00014272652602654456,9.022793037505762e-05,0.0003561945675945129,0.7110797669533236,0.0009329657568949302,0.00038299708839245605,0.0014103296953808784,0.0017610930436126756,0.00019529881107527866,0.007857054785351245,0.4298209728553679,0.5050814653273135,0.45436706869004323
0.0016424824771293471,1.0,1.7049889594456566e-05,0.0005773659438470724,0.00013717977450004016,0.00018218851330644348,0.0008032812858252897,6.986362834215389e-06,0.0013686736157007876,0.0002407617906527461,0.0001530819062106406,0.0008702345783047349,4.530089088496494e-06,0.0005182629980029559,0.00011729575656036444,8.776196509317085e-05,0.0003671031015099846,1.1110138767768645e-05,0.9989556697008054,0.5346275710430606,0.5001613150283992,0.507342022121736
0.0024335878451587204,3.614245797012044e-06,0.5723432933045627,0.003289380225220978,0.0009165201333438555,0.5736320799914264,0.5792098431550516,0.0001838158527707883,0.0026570443568452464,0.0011103817343204112,0.0007036221536174185,0.0016837076436143324,0.00011648013284664934,0.39782647802290994,0.5041636319181022,0.001019422148768254,0.0036587176438286993,0.9972931236720165,0.0009454758945625086,0.538250541203795,0.5557023658944621,0.5089465763265283
0.0006053255703496096,2.7577118287550298e-05,0.880867576315737,0.006723679344458724,0.001771604193715272,0.4336255632532452,5.8287703148708414e-05,0.0007824668341388186,0.0010971049194643554,0.0006730755550291679,0.0004268294211581371,0.0006957269768655815,0.0004962000873349466,3.750712043642683e-05,0.2881808211693564,0.0012535237644770263,0.004741408679814096,0.9995726854325852,0.028982763806986334,0.5063695792918033,0.4718994349858786,0.5553883759978846
0.01568733674280202,0.0005560059527578827,0.8990582609148653,0.45357786453137916,0.011881045398952354,0.0014083890063576123,0.0013635410845293653,0.00030366470411341464,0.0013108005533744522,0.0035440735304264567,0.002240111381736545,0.0008285246232852483,0.00019193906333857686,0.0008618613981763428,0.0008939739938669092,0.007509908109208908,0.29741760246705573,0.9888860102322472,0.02255426037219428,0.5356547895556074,0.49937481594350197,0.4230281533854515
1.1651064533043628e-05,8.68581511601466e-05,9.474565299542509e-06,1.6119997835775695e-07,0.9135265987779954,0.4532684375668918,4.810756449993794e-07,8.525991742624828e-06,6.807185150013596e-05,0.0006356563743998043,0.0003964843509751035,4.245914688845285e-05,5.3180033792688485e-06,3.000661955910623e-07,0.29428682495265884,0.999938572045319,0.0011642284654122363,0.06856031943875439,0.9151111898903015,0.5655626074439061,0.5054622366068104,0.37224662087429894
0.00012850620128212898,2.6630879030704827e-06,0.01292765570547288,7.34635140180108e-05,0.6018444417298475,0.0010346240503827436,0.0002884318888796675,0.6044056621642411,0.5974154471308509,0.00032842718353784237,0.00020053555126204256,0.3884348587288424,0.5001971631131532,0.00030846769576737783,0.0011041495335742581,0.9860342583095945,0.003529768177277237,0.9938240599821664,0.013191050406065219,0.6862879105624481,0.58828971619714,0.5112275532126308
0.5830504574488076,0.5725952000348189,0.001185026963828285,0.5772365558907967,0.001069762332930742,0.001829577948470856,0.0023215376599424577,4.569309410131001e-05,0.0005769173830070787,0.0009737094791663312,0.0006195645246038222,0.00036708862801616376,2.907420989965064e-05,0.0014771801988249606,0.001161866108253894,0.0006806857074812648,0.39150936235747735,0.0009231676644189549,0.4942405858044274,0.5062284537498649,0.518857276236994,0.48907637760638933
8.926089460583923e-05,0.0023438801376938065,3.273867961197653e-08,0.0023530919884809484,2.758516273962172e-06,0.5803323151298148,1.3069658794291385e-05,0.579410918571306,0.5784020811931505,0.00017624287854749374,0.00011180557486605621,0.3910628136433436,0.4994889997730683,1.4337073144160425e-05,0.9963553201854402,0.0005285608174388692,0.5010179068169034,8.885690619510019e-06,0.9757676160390205,0.5085235122164844,0.508649635671303,0.44188250357812814
0.589102135894197,0.0016864191587025817,0.0017786572245932512,0.0006316576899894143,0.0004934395968999081,0.00022020591633500344,3.9010686283806985e-05,0.5822519197017539,0.0009631920483579277,0.5740778759443607,0.3858369820000074,0.0007403039739182602,0.4962739422108031,4.2777432860828155e-05,0.00024056368737498588,0.0005332359394628922,0.0006826017351780295,0.0019221119871271845,0.001822442633941027,0.4658271233670118,0.5674510138896348,0.4545236478590819
0.6004599621919424,0.00039378220967546006,0.602739138733355,0.0013662061741456007,0.0014495825726376043,0.0017121916335938751,0.006592488030662679,0.0005870238292812669,0.5872878929628303,0.011545332038455746,0.007109177330180568,0.384619492088835,0.00043923541701312575,0.004932821326345329,0.0012811718577630078,0.0010846728642058745,0.0010222865966992142,0.5012058559200874,0.0004174957874500951,0.4225882253582121,0.6666058273130553,0.5120177468947953
0.0009345025830734709,1.4896307913641125e-05,0.0004657290432044525,0.9004990981591275,0.44803717144115396,0.000764882992935097,3.1790246194376015e-05,0.00019938613832459344,0.00017908327721771842,0.0005149404754722152,0.00032593020966285944,0.00011335029635277643,0.0001262009418506548,2.012155457910736e-05,0.0004841307702821093,0.29391457959422573,0.9992617666617919,0.2943047990365998,0.010147089188033198,0.42402959017770525,0.49967206939682657,0.4944746043569794
0.0021427006429862666,0.5791595967935884,0.00032697824508264744,0.00041124097679809044,0.0002794843955529651,0.5738849997989871,0.0006545435327333655,0.00020640084133265106,0.5800295433828263,0.0003608211168892931,0.0002292477142043907,0.39301438063667277,0.00016082157213291706,0.0005100014747155016,0.49842863935659554,0.00030721063515469515,0.00045203819646815174,0.00035941624795005067,0.9976447262904412,0.4604272576295662,0.4985972733461248,0.5207488593335002
1.4861584476856532e-18,1.1286110021437723e-20,6.147255705657397e-17,1.6055293624781995e-19,2.5919859552500507e-19,1.0,3.044164415326976e-05,5.6965894424472855e-05,5.871107281093633e-05,0.000375408772777474,0.00023798625183098717,3.721923895039789e-05,3.611290236490796e-05,1.9298145593752824e-05,1.0,0.002683493500510888,0.0016622227498824362,0.9846116559984532,0.004834493042898588,0.5429475683606211,0.5002961172778775,0.4511713254209089
0.008507283058793733,0.0002998656773185524,0.4488527091754058,0.0002013726989420682,0.0002665045543179672,0.0006566766356052955,0.0005813384695336504,0.0013038448982011191,0.0007242196159082718,0.8867968897677536,0.6840669517989382,0.000960188240794187,0.0018132009168807632,0.0007821015687950229,0.0008815859753263618,0.0003555273229344854,0.0002669866864990518,0.9887131443125491,0.0224583779458305,0.5350665333404542,0.5362824062905741,0.4231640790761275
1.1916177744994613e-05,0.0015333872936127307,1.0486857135388276e-05,0.8920204813845302,0.00021925102374107657,0.0009526773258115448,0.0017981827140743927,1.9155380308258737e-05,0.0006811903941442593,0.4463550866671031,0.29272099611781355,0.00048112075880563104,1.4890342968995043e-05,0.0013075764936600629,0.0006839619492072031,0.0001562498042760671,0.9989155509173129,0.005215030172909884,0.9950590106811319,0.5074986884608393,0.561600506253265,0.5443470952138882
0.0006709193907715706,1.6296742451201906e-05,8.466134030813833e-07,0.4451650672884879,1.452690155658991e-05,0.00012751422931087813,5.700959589795485e-06,0.0003880711827634756,0.00034550423326082277,0.894769443110331,0.7034475543846875,0.0004889830377406701,0.0006058515107587592,8.436954872301141e-06,0.00018384946257374204,2.0858253213852334e-05,0.9990335777408179,0.0009466468480222312,0.015867180024855265,0.5367108594214772,0.5048863442908602,0.48985102596554075
8.7252471880939e-06,0.007705453695102079,0.5811632528880334,0.000309933490011937,0.0005451897707023434,0.0021299518980111664,0.586050906295129,0.5805439719366053,0.0014125994241577914,0.0001874827129795682,0.00011827763272774202,0.0008911700162442995,0.3902319024834273,0.5026355017931478,0.002332982097442135,0.0005971608355450806,0.0003394784987888567,0.9915597555746614,0.9992791258341885,0.5367396826662733,0.5879209135374756,0.4944662313506536
0.4549928886086729,0.0002572408497007828,0.0023645903364092227,0.00024436204204846,0.00025183440713795436,0.0006746723973687584,8.353649288597225e-05,0.0011774771008626554,0.0007089488907148601,0.9050809747716156,0.7034475543846875,0.0009919258081921658,0.0018132009168807632,0.00012033443798594197,0.0009595308439266124,0.0003555273229344854,0.0003454765189417926,0.00396802442747602,0.0003603777779887047,0.5350665333404542,0.5035884411966612,0.3914953783096759
1.1320455501767747e-06,0.0015783480239559356,0.00022362293738367302,0.9115292798961517,0.00018706586661411382,0.0010612050858122327,0.0012121590790134576,3.527922376438276e-05,0.45535223125892693,0.001085233894570869,0.0006780397526791706,0.2949359671067618,2.463923108841836e-05,0.0008590405710411034,0.0007492447238143284,0.00013064818460997577,0.9988866602640347,0.08960094641572386,0.9995433944567701,0.538294102986694,0.49622232532855803,0.3678682879415149
8.99201708095072e-05,0.004090936567319593,6.052752090373632e-05,1.6116262161767843e-05,0.896978495624479,0.00028405448463030605,0.0002496047062081675,3.723149684147896e-05,0.0013313323448808892,0.4484600974924819,0.2951477303349034,0.0009448866156151568,2.6424332754193916e-05,0.000177152101373973,0.0002012063158196244,0.997095485261107,0.0025070734782112526,0.0094161573206656,0.9860091347343423,0.4862343609134373,0.4556142884283476,0.4737487016249634
1.0758652840885358e-23,3.2100462860063463e-19,0.0,7.042755644884629e-21,3.768773659957077e-21,2.2320233620439224e-19,1.6743045443515328e-17,0.0,0.0,1.0,1.0,0.2807251793603883,0.019146994824517483,0.9832456401597712,0.3199139580071136,0.00838100775810946,0.012902397621158163,0.7173665131358178,0.9999455908800378,0.7937330002953294,0.5192765752540933,0.46647256787220426
3.7096319655051288e-06,3.0618335450895272e-06,0.0004136221398072149,0.45059132792521983,0.9030003930501105,0.000261946872171621,0.00032382168624908226,2.3636730842592942e-05,0.0007536082258855144,0.00025092100880397733,0.00015828827246231505,0.000475398047784595,1.4910741950981913e-05,0.00020427620544001375,0.00016594254181095963,0.7053454693830132,0.999415572945062,0.9925970855867954,0.4392819690771321,0.43002609708315975,0.49790171515769654,0.4345879653536547
0.00040355321754006866,0.89521292922494,0.0017616361377270464,0.0002616977071235335,0.45454531106243273,0.0009354285464893518,0.0008626226547779668,0.00029166032542794214,0.0011782327324107945,0.001089770374959988,0.0006890427079163307,0.0007449763670043727,0.00020223225266606743,0.0005615389242464575,0.0006012041008587529,0.30108776516170743,0.00018781391075470407,0.0014365667842331587,0.9997137382359731,0.44830184318836364,0.5612332353054741,0.5209221701047843
0.0036867060040419587,0.583750737968127,0.0006854303263019946,0.5863711456577808,0.0009594181213421463,0.583464657681257,0.0010097359389428784,0.0016140498095897746,0.0005446968215809683,0.00026146984236944683,0.0001644106893702469,0.00034250216175408745,0.0010149055668424607,0.0006349170003543716,0.3910029648366049,0.0007381866597107433,0.5014190966208198,0.0007474930091366299,0.9959794505077081,0.5366719789114737,0.5071200755438257,0.3948808484211313
1.654739870531017e-06,0.013536523581535521,0.0014327765767507266,0.00797558825317812,0.577254353221548,0.5754574155752333,0.0004263787355881015,0.5785336628521932,0.00041264613196015105,5.333561044612741e-06,3.3843100295455407e-06,0.0002618367861079572,0.3912694655321104,0.00033115065324375585,0.5023451116515718,0.9826086042213131,0.3374800619404698,0.06556786860719632,0.9999221779426518,0.46362060625642953,0.4839229219904087,0.45864975571014355
0.00291306293637885,2.550377887108713e-05,1.5023640170608296e-05,8.206561495184814e-06,0.5789883411106016,0.0008463305798834565,0.00017449453329093778,3.263350364461524e-05,0.5834642967640581,0.5790429530498825,0.3906935255209541,0.5024468629347096,3.5881287302750794e-05,0.00019468475263831363,0.0009407197654991034,0.9967968251270931,0.0017933618052949907,0.0032831062279082353,0.005573444666533811,0.5446657607317298,0.5398999022136236,0.4566747403187459
0.00022149452940719972,0.011967071729216208,0.5787948598640729,0.009341379096898353,3.730311692705878e-05,0.0010423975153798005,0.0018030790807368655,0.5793564575457267,0.5777044130236902,0.0002928524536204668,0.0001860051215785905,0.3910628136433436,0.5001971631131532,0.0019825253643423277,0.0011461434681151648,4.101580193599519e-05,0.010271548625152588,0.9868369711929644,0.9882183627141619,0.463666776593864,0.5166767360062934,0.526766943579919
3.070237019502199e-05,0.001076655553038859,0.8973472995312753,0.0016309092774894581,0.0005430548611849631,0.009033589011537314,0.004264044058049178,0.00012312424673331445,0.4462293830475082,0.0005846238809703326,0.00037135647714852895,0.2937620871913128,8.734441268296034e-05,0.0030249267513784168,0.0064086139518490706,0.0003852673318882732,0.0011570405375763986,0.9992358605026204,0.9818507968100156,0.5367888076136416,0.5012912318376899,0.4704875006356202
0.0008828020368314763,0.0004570570612079302,0.0005102447419966248,0.5907038217760022,0.5873471657634011,0.004682628792363583,0.0011493647028823302,0.00024725241876136494,0.5876427004901326,0.0011325191655319426,0.0007072357330000777,0.3911149537953806,0.0001889566341797571,0.0008783742625250663,0.0035786072717919016,0.49818550122250305,0.9988017023312594,0.29566085481233323,0.3041351224584167,0.5388386457891055,0.5166939584623429,0.3671367108098392
0.9170210869429178,0.003598636125821546,0.00024674311950559054,0.0010520824903141202,0.45647801139167615,0.0008684872717402143,0.003209335092948239,0.00010785424425810788,0.001197066177063425,0.0031285073174967975,0.0019442881764206252,0.0007439488370480812,6.702893941601482e-05,0.001994531431831842,0.0005397476382751265,0.2940352742818957,0.0007303769246949387,0.00016718860464562217,0.0024982535121614857,0.3632694453689442,0.5062544840218489,0.4249214713264991
0.001078243057574146,0.000678533453716952,0.0013040240489846301,4.512050306032901e-06,3.3675598004785134e-05,0.5753767116859472,0.0007636968414477642,9.081235390196909e-05,0.5815597582763806,0.5799766105698995,0.3926032390197351,0.5034003891798022,0.00010047782122572969,0.0008449799457486967,0.9979825662539168,0.011758373212797659,0.0015756352552989297,0.5074197403102356,0.35757800653163363,0.5364004465711235,0.49314472709777535,0.46195414776210897
0.0001918173954443468,1.0001940708152528e-07,3.2647536060950923e-06,1.8188390017110587e-05,0.45985495505180757,0.0006947074169325229,8.027934899318604e-05,0.00035829811060797585,6.888016976333313e-05,0.9215336653534245,0.7053365280785481,9.535704576962259e-05,0.0004960245185554401,0.00011113799519364107,0.0009598585160651704,0.9997332199949938,0.06017654663220595,0.010834292433528158,0.00033195282549991836,0.4058128531910699,0.5069780115962385,0.35515909961391734
0.576719550152441,0.0006812404941552388,0.00038708399786670537,0.5778574573941746,0.5782538470812814,0.0007871488193653439,8.831595738825386e-05,9.661678073521834e-05,0.0008485501839224701,0.0021019375091843894,0.0013347632046666683,0.0005388434968804842,6.435329129488425e-05,5.6907590342629736e-05,0.000506135229412512,0.39418224061944185,0.5006271160948382,0.0004769767762478616,0.0007529364152498169,0.48450355132968154,0.5067590844438671,0.45266047309797014
0.5790639546632733,0.0022044012737074204,2.4299377921673653e-05,0.5765824487020509,8.337948714303055e-06,0.0008933051521963144,0.0008428531498463105,7.945713017195288e-05,0.5768467192560156,4.814381072336525e-05,3.064132153197426e-05,0.39131697285709127,6.669662703248954e-05,0.0006662923814757563,0.000704679562693298,6.535911658049905e-06,0.49863068337950406,2.9821023390289893e-05,0.0024265248378046445,0.5073579423732177,0.5088061217714924,0.511347045388728
0.0002674194645193279,0.5810121564544724,0.0013056747179695748,0.0013930596629110146,0.5822326591770188,0.00026520724052489145,0.0002477723294941611,0.0005003847281441047,0.0001387452902304123,0.5847146967622852,0.3934182043448624,0.00010738427420065207,0.00038728128780073556,0.00019176764345348995,0.0002052617016013535,0.5006662032099771,0.001526379926809204,0.001430635908771491,0.99970698632599,0.539524243499298,0.47079995213048736,0.4176856379492395
9.758891314952033e-07,0.00019910074143416023,0.0003370194128037503,1.0,0.00010550507550055264,6.615780661227911e-06,4.570514944666295e-05,0.00014031430729502393,4.3454167970739214e-05,4.023371493741739e-05,2.53485071213635e-05,2.737749394740684e-05,9.615860564110695e-05,2.964658738299552e-05,4.227460331423898e-06,6.6882885706652e-05,0.9997317543627219,0.6897906928899665,0.9968835392774065,0.4295193713535048,0.4995518066867009,0.42590979370334625
0.0012552704490987033,0.8953692155158562,0.0005641252101423191,0.4506576782613666,0.0003134350655707135,0.001482005384297153,7.615224043614021e-05,0.0029180307296100723,0.0015320345601988028,0.0001763306773132018,0.00011198751043902584,0.0009729946455302589,0.0018532444175967965,4.9076382934492366e-05,0.0009515021100761094,0.00019906373174338724,0.29685580126324324,0.00040110030162796636,0.9991074861072311,0.5350578553279589,0.500647303595054,0.4658764322349719
0.000990484217510406,0.4553658180095381,0.0012942840303224324,0.0004522010846576359,6.282237833092813e-05,6.622777970291205e-05,0.000999845829561389,0.9067418683568107,0.004005563848838714,0.00010824846171212613,6.791665471193615e-05,0.002513155385010902,0.7037108894275993,0.0013978128635966603,9.258846589393865e-05,8.782761129882597e-05,0.0006321910906093317,0.0018094521024100219,0.99861526531482,0.5475622049345806,0.5893345347780825,0.4334497791782653
3.9245043001605573e-05,0.003108460065632861,0.9196839810794296,0.005134154946435153,0.0017977304287020665,7.888140488584396e-05,0.46180465342972055,8.78203216465443e-05,0.0013115439227697671,0.006402215222366697,0.0039603316755678075,0.0008113156417198811,5.432531693007331e-05,0.29624725115105066,5.460168671738265e-05,0.001244389302656367,0.0035538858951995296,0.997848111577443,0.991962951919018,0.3431560801154914,0.5012175650628584,0.432505501728778
0.0005272620067533625,0.008156053173535469,0.5850654516183391,0.0008565239031354072,0.0001307522524972149,0.0002580065816636979,0.0002117855672516576,0.00015197756903864026,0.5836940482587188,0.5904690621983402,0.3949277124919307,0.4992215327272707,0.00016535305871656286,0.00023381637028190307,0.00028377839149295046,0.00014225973802299671,0.000931906787746177,0.9911073114972364,0.9589018148073987,0.44021248112997985,0.46661204620642516,0.39489180507308475
1.7075652780673517e-07,2.314529172861837e-06,1.1681557750518396e-08,0.5778221957428793,5.563880781681272e-05,0.00030441186907509367,0.00010951322002245163,0.5821483854575744,0.5764722978264624,0.00024282518377277711,0.00015419494761467073,0.39000302266052,0.5023742546601837,0.00012065696140098185,0.00033538794008852735,6.130045768118367e-05,0.9999974429880002,0.003204319802144154,0.953117723411246,0.47236284383704613,0.4585154127492533,0.507735232162339
1.4979451493314923e-06,1.329771286065554e-07,0.0008778467369641961,3.625814581374645e-06,7.188164800516103e-06,4.5075230173573347e-07,0.8952017763330782,6.597853355079756e-05,0.0014652497649574655,0.44583035483312344,0.294158688363701,0.0010420060732810044,4.6920392527928176e-05,0.9993756951743824,0.00032687405582478577,0.0052127322151686185,0.002629443974502068,0.9989211641180223,0.056982665599441686,0.504135407020327,0.49858463237658257,0.5076036833971669
0.8914090687791117,0.006661488633290262,0.45801662227986156,0.010027641725394922,0.0016676357412709858,0.0018612223898998546,0.00040223411649976384,0.0002046055041150772,0.0001201225101884794,0.0001720177081781235,0.00010926208913031305,7.629933402827937e-05,0.0001299611859690961,0.0002554908049665607,0.0011798894362630707,0.0010592501522800502,0.006369477325348066,0.3021554411888522,0.004757362903986863,0.5429157004314071,0.518495147518462,0.5091641651656078
2.082209514387384e-05,3.883584474218214e-07,3.7154745186961477e-07,7.257000302348115e-06,4.416619535161564e-05,0.89419937023483,0.0002913095453862232,0.00012890123243363297,0.44604596403827024,3.5659560724574394e-06,2.2641362280999175e-06,0.2934950976728753,9.1383998630261e-05,0.00020652270923813822,0.9999650010017608,0.7051334319308442,0.21343048876884912,0.0113566014874741,0.011872388534878986,0.4539757725555169,0.5055106110767373,0.5226075225537283
0.0014104550016509941,3.253538680416541e-05,0.5997510088141741,0.001175596384908489,0.0003639136042161486,0.000776837601885872,0.0028530533642235675,0.5927813342269027,0.0014537039153128368,0.5779371075339309,0.38249848350419435,0.0010974615838947644,0.4962739422108031,0.00302840025887427,0.0008245880107440557,0.00038628277066174834,0.0012478592995822588,0.9985024439590586,0.014682494620647326,0.4690304283311951,0.5685408689003753,0.37095542987968017
1.262913190817463e-09,1.6474070942063369e-07,5.737222909789317e-06,0.00021036085653750185,0.00010149886074968515,0.5815074261374965,9.500987425972216e-05,0.5867767806751115,0.0006299915514470894,0.5800282602092355,0.3890778348670242,0.00048446993028255174,0.5015281392522349,0.00010357642409577475,0.9997452962068449,0.28609900639617813,0.9826344653121966,0.9817243527530832,0.9951197262561766,0.42467683010012874,0.5612295484865143,0.5373813357047454
5.7682188557985694e-08,4.400200779322389e-06,5.433020760108051e-09,6.266625805705979e-08,4.6919082800766596e-08,0.00010144996525919867,1.0108978414976561e-05,6.190458211940171e-08,0.44845283019716137,0.8981224346637938,0.7051778478568543,0.9998535503944649,0.0003820129497451037,0.063405458205195,0.9726960852662129,0.006786705688876085,0.009065137465662287,0.0007859799375048396,0.9916550356848375,0.545216936793785,0.48468043542068656,0.46024800170231256
0.0035677535876202726,0.0009618606236336368,8.132723311215191e-07,0.5866736213990301,0.0016065657278004008,0.5761735639440707,0.5813910851706655,6.0178626924441585e-05,0.0008441463147014905,0.0003864184350317603,0.0002444310430850382,0.0005339693447453308,3.8066326869520204e-05,0.39208327616584765,0.49361870271938557,0.0017433009220935648,0.9959903317763484,0.00014011528144670417,0.16764584328999602,0.5425332973567422,0.5327391760952023,0.44046418236480667
0.0030101329853541386,0.5838750091957855,0.0037201197217826567,0.0038933545255513554,0.0004969547462255118,0.5793505046399353,0.5815286843208071,0.0008002878477501157,9.661709521388624e-05,0.0012437185436584006,0.0007865019896359043,6.109869213063142e-05,0.0005060858641790658,0.3920647597163604,0.49688031415488637,0.0005418171321933994,0.004244857988089332,0.004056070589819026,0.9967179735929296,0.4262258275483858,0.507890631045691,0.5346523584970807
1.1349527101356054e-06,1.8521415578176614e-08,4.1385811672196324e-05,1.851302104848045e-08,0.4529029944354228,0.0008419448237021548,0.9048376438349105,2.132219593529277e-05,0.003312928870744259,0.0003499987077823328,0.0002202041077971831,0.002084355920261266,1.341507948837364e-05,0.7045598609162061,0.0011834721980470493,0.9999418049274504,0.0002846729147356619,0.9827330587776868,0.010502210503785137,0.5061856499197896,0.5914760837779335,0.44121598464562356
0.4343063111482855,0.8939527975738539,0.0009800616827789663,0.009638467726068418,0.0011890021653012555,0.0002725714064938548,0.0013456768092883443,0.0007308005904181876,0.0009665873800299375,0.007931466956896598,0.004954455110544181,0.0006037989206172938,0.000502433438558228,0.00086544544488446,0.00017307391926684942,0.000751734436343124,0.006083935889246467,0.0007343010378695189,0.71972130538828,0.5085027345630588,0.5414393183775635,0.3682050117809416
0.0017754257870316761,0.5767921947175781,1.2183002849844374e-05,0.5793516125294456,0.003054959893443339,0.0009176475257401233,0.5824684101799741,0.0007869360863635199,0.00026341689430420256,6.988570211223162e-05,4.432205110903027e-05,0.00016706102753959683,0.0004990810024812352,0.39409947407990603,0.0007176067351409539,0.0023789464528184406,0.5014078091766212,1.3446617045939592e-05,0.9980404249552953,0.5524179836218744,0.5049035763939045,0.5321182075358901
0.0013854341550347201,0.44521238056679846,0.8970881027366359,0.0030371413306866566,0.003680970845831141,0.0004697291058603026,0.0026119017664211026,3.4978810514849006e-05,0.0008157865876752765,0.0001080854810381773,6.870590968904356e-05,0.0005185651717122548,2.2234732919609325e-05,0.0016602909930556547,0.0002985904027513313,0.002339870169613251,0.0019306209127675777,0.7067258319543785,0.9980404613978906,0.5375966545201654,0.505751430701955,0.4923169327994496
0.5760363030653304,0.5742243355055499,7.057121957024656e-06,0.0030066013412030812,0.5832919569855488,0.0036458592423726966,0.0008747173274394845,0.00161682123110153,0.00010419696013038068,0.003513865959625518,0.0022302718771527183,6.613470851307777e-05,0.0010465391766597942,0.0005633633163844378,0.0023431521123978283,0.39792466892300654,0.0023532723498481487,5.660918725516028e-06,0.4989971547468342,0.537386609155442,0.5349563092598876,0.4800618667169155
0.0013296107036279566,1.830689011250353e-06,0.9008212274106548,0.0009649919285052335,0.44279584247561976,0.0028994328073322618,0.0012575403643827407,0.00770456228523451,0.000561996953091141,0.0009833800200512942,0.0006236674853481929,0.00035642310175029506,0.004886345419648247,0.000797566253675086,0.0018389025537911352,0.29084712553715747,0.0006819688735048011,0.9990603500168869,0.0008765363289956474,0.5414762554615058,0.5043920556512101,0.5454244973238433
0.5766845239855356,0.002856727130782679,0.000853355176550995,0.0007511673794417677,0.0003542788230396894,0.0006101691158763299,0.5734089141143148,0.0001808208330010812,0.5761959146868791,7.62201247218772e-05,4.844759466382406e-05,0.39022756772367023,0.0001473874081004971,0.5028329808937106,0.0006820401599916359,0.00039351387706411004,0.0008292249599046878,0.0010515813338991542,0.003157545550017793,0.509458792388187,0.5172024618697286,0.5342922774904272
4.925684512044358e-09,3.270980783156874e-07,7.765941395028724e-05,5.058906246673416e-08,0.8929125154094019,0.00017017379000471434,0.4422744830488724,0.00011758458417958543,0.0008966281262339813,0.00045338762118444923,0.0002874023535183038,0.0005683725655714466,7.818154263965064e-05,0.29492066708178744,0.00012209810888448087,0.999938572045319,0.0003715031871764895,0.9975946587381889,0.9904260009560849,0.5101566689823003,0.5567124953162269,0.4688340622616809
4.065834241892549e-06,0.0002685952925580604,2.2389476292164124e-06,2.911639068677292e-06,0.45268959668028036,0.9051879277720037,0.0013813401019744445,0.0005823893086165021,6.881642104034759e-05,0.00025924923901587304,0.0001633305962911734,4.335529539493054e-05,0.00036691332628345795,0.0008702637531598305,0.7042780505462524,0.9996221944799746,0.006899814621486389,0.005305982989001312,0.9903639681467377,0.4294806309112561,0.5487275900334967,0.5560187853494187
0.005150605395941956,0.00046054692362388,0.5742140840107108,0.5729157600621679,0.5963065463525093,0.0013172895277911009,0.00041569859698291123,0.0007966812858563188,0.0061821626472314045,0.00098747079787133,0.0006236678978166308,0.003904562845644749,0.0005031785243390451,0.00026641700278282054,0.0008410749928265367,0.4045916006128688,0.49926656562030736,0.9942669984350858,0.056773058566017054,0.4233803970448823,0.5072286628360994,0.454665613251569
6.649284436824775e-05,0.0008605654918003117,1.5342991818514934e-05,0.0007823107914292959,0.8954042862253279,0.00010478273497280453,0.0005998090043836173,0.00010217843530924626,0.44789180777302023,0.0011871650514727985,0.0007548830370158659,0.29527482739207334,7.264734199315732e-05,0.0004327322794676044,7.531232572450424e-05,0.9991716974287701,0.46870599483507397,0.011315349550906795,0.950908186738783,0.5057742245292542,0.5151044056428447,0.4697121573454039
3.484059020594891e-05,0.0002061668461277224,2.841933069751205e-07,0.4483686780706505,0.00011087522669800721,0.0007107243982461191,0.00012207559015990554,5.890864317235856e-05,0.8990302740311193,3.2595655439066705e-05,2.065531149334716e-05,0.7054821835434297,8.773163424592777e-05,0.00017588097026918705,0.0010218098833392674,0.0001584012892483858,0.9997027607380194,0.0009647387827393782,0.893553764784205,0.5359755396524667,0.557330664800229,0.5073120330753415
6.972705093339071e-07,0.0003784266304794082,0.0020070954458876102,0.0004690488995166039,3.1777430076481275e-05,0.5785480592569944,0.5757129539504449,0.001239645151076262,0.00013640130831457284,0.5801792107432221,0.39340682659120274,0.00010639136548424175,0.0009669085575706491,0.49843424384749646,0.997693771263686,0.009652769563069236,0.14370742219630106,0.8813614432247585,0.9988269966888229,0.4639430434514179,0.5030137862128304,0.4911448519197684
0.00029282573490142945,0.5916636787346481,0.5779693416103178,0.0007964443875155385,0.5885469381385197,0.0017958913203936628,0.002052760437853146,0.00025847723155942253,0.0009092777299303367,0.00010882630604526707,6.824764153357614e-05,0.0005702304098851319,0.00016209746907558387,0.0013062861389570527,0.0011385468134833992,0.39371602784208726,0.0006130148989578022,0.49254660831022556,0.9996849246553816,0.5721181150224899,0.5908368656243496,0.5410929459284824
7.467273554681405e-07,0.0005642629127394347,8.765864299575605e-05,2.3279760444637045e-05,0.4477181794122947,0.00011894070865032673,0.00021928617557435257,1.1287073793120307e-06,0.8966296911752546,0.0001756077518526689,0.0001115504046442413,0.7051715212510303,1.6049308939642418e-06,0.00031180727469410393,0.00016912412065696886,0.9991873641114292,0.025939282819273046,0.09811496652787222,0.9991575183999973,0.5305185280096116,0.5001999924536168,0.4644392947177
0.5762330160812191,0.004966998359942898,0.5860632687581238,0.00010076707224556423,0.0037536466081068164,0.001041099513546636,0.00029178668051845955,0.5901289775032725,0.0005004042164972643,0.005788217043878474,0.0036704487929956646,0.0003173219778009151,0.40002914063792594,0.00022871860841005816,0.0008249814158645171,0.0029423297919843596,7.898774220491428e-05,0.4978080163001013,0.005487382648269568,0.5358871758749928,0.4593355430155085,0.46838579175328615
1.4643513774024354e-05,0.000261567430671349,7.467418854017267e-08,3.4205803000831744e-05,0.0002223229998778188,0.4606330919822478,8.901204340442259e-05,0.9492794638757969,0.001519440747574232,0.00016555472904744123,9.988777341981303e-05,0.0009167579065433096,0.7123916208232919,0.0001230194077890491,0.9995227820289339,0.4453374913171206,0.08265455861253879,0.00017711348134673158,0.9643968312018989,0.547691457623773,0.5002743808641938,0.7299211576455981
0.001307664677521863,0.5757917542177554,0.000797828760441048,0.0014000787953639285,0.0015562566789997158,0.0009712077147222988,0.013756322527950051,0.5914024762947339,0.5872962444811681,3.537739943021288e-06,2.22302871125162e-06,0.3936531657501332,0.5084168424332425,0.015430241784644671,0.0010855197323441327,0.0017206479913323136,0.0015479779392762578,0.0008821104596272982,0.9985541929838557,0.42520722561204727,0.4993212357977812,0.4132489925191062
1.0,0.0012440239300910182,0.0009785122406326028,0.0006233393084726569,0.0011842443828804735,0.00027152501324568016,0.0013227693678556974,0.0007279574978198541,0.0009650153565304406,0.0013950967934348248,0.0008728952116221564,0.0006037989206172938,0.000502433438558228,0.00086544544488446,0.00017307391926684942,0.000751734436343124,0.00039409548518897896,0.0007343010378695189,0.0008128075557143282,0.5066995661290281,0.5075662398439716,0.3682050117809416
0.5763382511298647,0.5854937931872236,0.0009764116285628055,0.0009319148904183569,0.00023819441361290052,2.357686094190727e-05,0.5636205313310434,0.00018080653349227506,0.0036776742664954894,0.0016266269447721604,0.0010340279442882126,0.002337862326283552,0.0001238413521052403,0.38695401863807055,1.8487249206344987e-05,0.0001850910281949822,0.0007216692897400552,0.0008440577884318702,0.5054142648315139,0.5382012073597711,0.4982772874204757,0.4982061760389423
1.1006319156734356e-07,5.807335225763784e-10,5.144296960220392e-07,4.1316766973796655e-10,3.2592824886397545e-09,5.500592697323815e-09,5.15120263150206e-07,1.0,1.5724534977961199e-06,6.27761924817187e-06,3.918827969431947e-06,9.816101461822995e-07,0.9999995314649287,0.4904530863347072,0.0065832422625279885,0.003865592787235722,0.0004883776247045779,0.8689768679178563,0.0033590068292839413,0.3699662185747151,0.5019105578225446,0.4461790551952296
0.5744111086910558,0.5805216867361759,0.0001951088123671466,0.008216057097937017,0.0013115721754897133,0.5841321646586721,0.0002994075009982956,0.00031834177179509656,0.0012834238351439522,0.002178932637413946,0.0013863833158530847,0.0008166019740122864,0.00020255091038597853,0.00019050363548924712,0.396877480927626,0.0010278640215066574,0.0064389447812314825,0.00015291248673631895,0.5068445072681922,0.5149070354881018,0.5165358022394148,0.5077008072552351
0.45073647828746616,0.00025607546836499016,0.0026440221221012417,0.0005459323715880578,0.8981570654470232,0.0012238659992613516,0.00010495092791939357,9.497401779951422e-06,0.0014368338570437248,0.0011660440336034173,0.0007386933761724145,0.0009102404885650704,6.016649374646034e-06,6.648691406679278e-05,0.0007753251500147878,0.7038887094376707,0.0007710605938763087,0.003734370889911905,0.00036168070855797756,0.5350670866758521,0.4845610000135375,0.44125711289245545
0.5705017115565106,0.5833940974891632,0.5773079725365702,0.002609940684419094,0.0002505600895669338,0.001853738967110572,0.009489636239036186,0.0008886027129771667,0.0016379306560306147,0.00041647939913254573,0.00026293503397754403,0.00103407171509936,0.0005721133976019088,0.006079357256558699,0.0011850830565936442,0.00015917232161615522,0.0016478109922610784,0.39919957889735813,0.5075101919533769,0.41218684173791953,0.5003928128354771,0.5259030924949443
1.3145904688964038e-06,5.766272765444622e-05,0.0032791828073072734,0.580707803576135,0.576417322053522,0.00013301213047135055,0.0007054702500769264,0.577512196981438,0.00344397774034587,0.0005895043751290906,0.0003747243252829694,0.002189203307121799,0.3912768018230927,0.0005488920156598498,0.00010349028156264194,0.49763442452008083,0.9964045716285362,0.9888036174616985,0.9854889046413756,0.46690833097647794,0.5068857491064793,0.5191712789836109
1.618640510550663e-06,0.0002980753482395822,2.5273655738560816e-05,0.5765922101724132,6.057643494336878e-05,0.00014201367067234372,0.5806553760952281,0.5850999565693246,0.0003562764180035417,0.0002588894678714983,0.00016383719864073148,0.0002254681631366292,0.3951710413553784,0.5022351468990864,0.00015679833096323792,6.6882885706652e-05,0.9996697070733663,0.05384907311137488,0.9965429934718272,0.42898820065653037,0.5048433610218453,0.47005267612285034
0.005373319508990672,0.00048046114568659517,0.5990433168075553,0.5960330052919095,0.00031872738729147936,0.0009946059171669843,0.006415285523488075,0.0006680453094475369,0.5879689877323793,0.0010085642253487312,0.0006236678978166308,0.38697865543854393,0.0005032477671268849,0.004903905674063708,0.0007574531902466259,0.00024092322335253578,0.49838349688814565,0.9942669984350858,0.056773058566017054,0.3344144251222302,0.5056280499314301,0.4546210418240824
0.009071370524762323,0.5741281270196301,0.0025355866512374926,0.0001597765487197504,0.002650177633013483,0.0024912491768848367,0.586458165764433,0.5773381792361963,0.0013353993271714994,4.137724380928461e-05,2.6250125514190093e-05,0.0008471905590849158,0.3902561781881337,0.5067139590283866,0.0027619935634024726,0.0029382229389249004,0.0001771437711104002,0.0028112063774166952,0.9899420824984643,0.4947636743253426,0.4586189659343618,0.4582407797185296
0.5805610303040557,0.00037650810335297376,0.004929834885790518,0.5780562086208118,0.0018191510947791435,7.695635570865222e-05,0.0008652281507432596,0.001385135777847512,0.0009604817309789199,0.5760241552878512,0.39011414333679983,0.0007463339048097956,0.001076308613176008,0.0006822152155526902,6.045126185445066e-05,0.0014183529511237,0.49861214759808375,0.005405726718657444,0.000412863518107602,0.4956663251264638,0.5093298674654375,0.5375590096087889
0.0002040146696379198,6.195157715457911e-07,0.0011027083211861853,0.46136123157963554,0.0020780249412680222,0.0013901354577471974,0.002635448660975676,0.9297218552282724,0.0005726775589705123,0.0001482852826515448,9.095353355652132e-05,0.0003512624425216301,0.7067441549725606,0.0036364799938389814,0.0019181790513817072,0.002867382044079936,0.9984525829985563,0.883533886926644,0.0019331687172963149,0.6112292645708101,0.6576678864860187,0.5260050513958971
0.0013472604297945338,0.5754565160013563,0.5961698541763096,0.0005020068989411807,0.004436671107319027,0.0009344022381897985,0.008119281864176377,2.0667257438502892e-05,0.5780187114942144,0.0009491684504739654,0.0005980815926940656,0.38774942672818713,1.587787376557229e-05,0.006329655364269493,0.0007257393497960228,0.0034087139269868647,0.00038569781812436833,0.5112528413147991,0.9985095467038411,0.5910031579398688,0.5043922519727321,0.5450406358897718
0.5776212914408769,0.00170408268069318,0.0013046739822336264,0.0013929575567072782,0.5788371630402157,0.001039113495016576,0.0001519572252997727,0.00017578595595782684,5.913278106341201e-05,0.5813050582247167,0.3934182043448624,4.6035264987963635e-05,0.00013685054202731132,0.00012004097264644686,0.000817788898432597,0.5006662032099771,0.001535221252631701,0.0014379252270982769,0.0018781329515102363,0.4468224855062066,0.5067926176640063,0.5207749139889105
0.0005542257355762257,0.006346097836077163,0.0005079976060136256,0.5830991234340491,9.544766290435775e-05,0.5739540444219589,0.0003713762891138369,0.5844978913486731,6.90880413205437e-05,0.0006022283246636629,0.00038075357411095605,4.368031316529693e-05,0.3942684728528459,0.00028835362462687223,0.49629237904189105,0.00010420221464973057,0.9930232434921041,0.05066021480569724,0.9445425950345776,0.4283823117180769,0.4724641869914246,0.4677791581110103
1.0669579569589306e-05,9.618138045424089e-05,3.0034114091760834e-06,3.881755743961358e-08,1.0,0.0005005942310553096,8.089016779336792e-05,3.3968007113116297e-06,0.00012164833849537882,4.503455147406559e-05,2.8573000628712833e-05,7.718202911737493e-05,2.1551627908287727e-06,5.2077669858875816e-05,0.0003216031726229709,0.999938572045319,0.00025524212626123945,0.019751890909730285,0.9296661495145055,0.5436981401399836,0.5360661785379287,0.48656490190808904
0.5954363352331317,0.0018928288860773918,0.6016299455881673,0.0031105777384238266,0.007673134324503258,0.5738255058640428,4.5033037407075485e-05,0.00013992373009676798,0.0013048273683681532,0.00035028376371392186,0.0002173046886736341,0.0008094728384380259,8.680421878277337e-05,2.834826584718483e-05,0.38246506541672787,0.005770693362979751,0.0023394250124755536,0.503292227457849,0.0020237398429978713,0.339372317314594,0.5199065396350987,0.4995653789191896
0.0015108975190707976,0.5827808299300926,0.005007809432892518,0.0013435607048628757,0.00014416424241131073,9.421608485722427e-05,0.0012319082753709002,0.5863006795039254,0.0006031761969863956,0.5905679586274879,0.39490209690341405,0.00046449677711516725,0.5019023047633245,0.0013654622592735588,0.00010403919893532936,0.00015747577842926226,0.0014676209304714354,0.005470292020316955,0.9983495251898465,0.6197381517510769,0.5066117669581137,0.5397924389724547
5.0305514737928535e-06,0.00010245353751658204,0.00941274401873956,0.0001849166837491517,0.456048962560242,6.556748411468449e-05,0.0010015522618683952,0.9084987643495765,0.00017665873715554936,0.0001084523259978442,6.791665471193615e-05,0.0001106299053409308,0.7037697305964804,0.0013978128635966603,9.189614325803218e-05,0.9868588680575062,0.012504269632126336,0.9930626032935977,0.9687665388154787,0.5314808865253399,0.516937292148097,0.3762875625852827
0.0023711001634070784,0.5834855631163612,0.0008458637176820924,0.5787129372131516,0.5740356492619101,0.0001900554645798892,0.00020990335295185367,0.0027343341411642744,0.0003625768922103217,0.00017521547224166875,0.00011127362214863798,0.0002302607462571863,0.0017364885671957717,0.00013330326888916992,0.00012120888127394575,0.38815987212379977,0.4973827414072071,0.0009228827207958757,0.9974129935120979,0.48582922743402585,0.5024227331138998,0.45269401254560454
0.0058700768870888365,0.0002699491687814461,0.46860907330937435,0.0007900328940104307,2.44946976167397e-05,0.9221425919384927,2.7777155616478425e-05,5.791414793374972e-05,0.0013226478325773256,0.00019109095655918116,0.00011659412989103047,0.0008070136807865694,3.533634093776524e-05,1.7197704109830626e-05,0.7034457735216062,3.32741332596922e-05,0.0010731984807893292,0.9920173111304539,0.0292558320600515,0.33974890447194644,0.506248995948843,0.3670974104266954
0.00011429539948525259,0.004464803640368451,3.691600119636248e-05,0.8820085067583013,0.0014637820424439837,0.43876481648261056,0.0002045964087658673,0.00026295288263698623,0.0005361803821338348,0.0001603743187402686,0.00010161686477278025,0.00033973626738956295,0.0001856206134915295,0.0001355583021085999,0.3002305287531964,0.0010683467351426364,0.9965471832489577,0.005806426796794606,0.9844126979146881,0.5355595211498955,0.557271938262448,0.4864001737328715
0.00012411409288012426,0.0018969704757582997,9.536730524499219e-05,0.5781282304424525,0.0009644797288838845,0.5733000533741937,0.00016794243833832646,0.00037462088110330765,0.576564034559563,0.00023507701531901752,0.0001493823078504191,0.39039650817178184,0.00030533137364338977,0.0001324197470240721,0.5013040969226599,0.0010686258416965837,0.9979007651503409,0.03556934849056137,0.9584586092066933,0.5081350847502947,0.45849301655366004,0.5058562522261596
0.5845725741236875,0.0003288758354663222,0.5730483490336946,0.003167683217627866,0.00085840693606781,0.0002107750878906293,0.0005380580373348676,0.009660977743897538,0.00016889483034189122,0.578743979934463,0.3917537979269763,0.00013133779134042378,0.00751284658356019,0.0004184395774106675,0.00016391661542306609,0.0006675702993194347,0.002463467147571472,0.49366254931690434,0.0003581571334175858,0.46361064363680854,0.5320838413760659,0.48508485500182014
0.0013021787552843704,0.8953129316457774,0.001540790271080434,7.887571286669373e-05,0.000356636753366077,0.00020326025985975383,0.0002254147911850972,0.0007211760550367248,0.0008572772856326481,0.44844804696762663,0.2956164814485386,0.0006095721889843652,0.0005127967995503899,0.00016264185199037348,0.00014610744317136042,0.0002535888977803287,5.608509493906249e-05,0.0010955896101995932,0.9990740755227351,0.5013224430617643,0.5355755173105601,0.5089415110085661
0.010127621189786828,0.5733046733286414,0.586697736120265,0.00014897355792488614,0.002041189931826885,0.00018883429311461036,0.0010337703164258118,0.001179648996884753,0.0008725625387078971,0.5767071027424169,0.3900744289518706,0.0006771243323953857,0.0009154296460458741,0.0008140338046432845,0.000148139010784199,0.001584005560816339,0.00011560679814818587,0.507300261273534,0.9887550657620352,0.53669560379597,0.5361707489357246,0.5117479857688527
7.83698337573617e-05,0.002966236989619122,0.0001572638213013147,0.5816257746090374,0.5773268375252874,0.0002443156816305708,0.0007185145978138881,0.0018945062582583136,0.0027644957111252625,0.5765368528815166,0.39029499675485924,0.002147516582105162,0.001471697946227403,0.0005581604560558032,0.00019059327790811823,0.49763442452008083,0.9967476357940949,0.0337089660924422,0.9831840200953647,0.4651035182824562,0.4785436585757499,0.5180264916443722
0.0008353146535255968,0.5822889880908952,0.00011238826579747601,7.963965478090112e-05,0.0007383260539408118,2.323248434141723e-05,0.5736766456694605,9.908783115819457e-05,0.5752750095375972,0.0001464540223387611,9.28248735265608e-05,0.38824002640063054,7.661419826486191e-05,0.4999073418457065,2.5677464391320745e-05,0.0008072146740167664,8.70703834466302e-05,0.0001228745848608309,0.999086746494132,0.5061906386465391,0.4407114710039462,0.4704957216032303
5.006392487823629e-07,0.00044737179665478187,0.5896352988169142,0.006317622901560559,0.5807370276937472,0.0017270174780894582,0.0003324638448547835,0.5904651702568905,0.0014353001623960047,0.0011041263826290365,0.0006848586084646942,0.0008902770434633696,0.3902319686578478,0.00025582997550965825,0.0013261197198754316,0.4884084514370832,0.00665538881812866,0.9995286923721189,0.9992875797850087,0.44359647611065256,0.3682206610088308,0.5762165672586484
4.677831089956689e-06,5.7799359432011315e-05,1.4679638637703423e-07,0.0010446863268818603,7.841868438239711e-07,0.4451350169841847,0.00010917583455490115,0.0003313082280312706,0.9003733302648048,1.826950061414067e-05,1.1554892817370373e-05,0.7049405318947237,0.0004687093038204793,0.00015672697476272718,0.998519781247133,0.00047713980542640755,0.9646986865663437,0.0016115873605346033,0.9485889941527774,0.546800756157641,0.5363969788629911,0.44479353383387965
0.5856359666085698,0.00032947409153815136,0.5755547497767904,0.5727278417386641,0.011713866931575431,0.00025500276454282287,0.002846599978734155,0.011815827713191703,0.00022950205205390535,0.01230309488530354,0.007822089779498026,0.00014592068355798925,0.00751284658356019,0.0018366794684548814,0.00016391661542306609,0.007448563918282809,0.38773021368686583,0.4944730877367167,0.0003581571334175858,0.5095192112075764,0.5320838413760659,0.48508485500182014
0.0016569428619248475,0.595485681164514,0.0001441636704508496,7.002309399814723e-05,4.360601695827437e-05,0.5908880920063343,0.0010818858912245203,0.0001668215438182059,0.0029447708886017015,0.5918911914453716,0.3911656102578751,0.002234697917705003,0.00012659636499716645,0.0008210142275818255,0.4975316564601989,4.661798754865916e-05,7.48597548041437e-05,0.00015412139853548945,0.9982286058277393,0.3404489470172918,0.5056063809761597,0.5347222600711836
0.0021679347273091945,0.00025766772656747323,0.5827859232085945,0.007443996243286295,3.801461798552486e-05,0.00024110315516997049,0.5802051965724694,0.0005401685556432686,0.5810360588046662,0.00015846588324339435,0.0001001865834551344,0.39157517952083043,0.0004181456166106689,0.4985590908473603,0.00026335129955961213,4.1522474560080035e-05,0.008131123380391014,0.9976151489591889,0.075311512462794,0.4468961850304295,0.5571373671456319,0.4706459515380869
0.002600350487410248,0.593527749218275,0.0024020597621481343,0.589106242470955,0.0029707275675828816,0.0004382861096927139,0.00025489134222928244,0.0013556035988941887,0.0008539914764086785,0.5829790475906561,0.3873792808793999,0.0006497014096916662,0.00108174856618809,0.00019677138239858281,0.0003376317272293767,0.0022740723271879593,0.4972159195563349,0.0028724346039520586,0.9972143560166528,0.49578144603826024,0.6397546198827927,0.5173331045080926
2.194308034837655e-06,1.2663598340639734e-07,2.5492015837477407e-07,4.589479522225028e-05,2.2322902569984647e-05,1.5981784249896495e-06,0.8906874703955483,8.083905025856624e-06,0.44333857868149606,0.0009877015980386474,0.0006246194427851409,0.29032527006226944,5.694166828422431e-06,0.9999639995375548,0.02012771122218837,0.28790896552679746,0.9693308583677354,0.07350699129990812,0.0366993355558039,0.48807971727344646,0.5034350130029148,0.4192298760691862
0.9151944831260724,0.0005929890043679518,0.0023542105790514915,0.0005686983785264849,0.0003883181897574556,0.0009881684259573495,0.0008651684156926276,0.0004254971901924247,0.0008634097640896577,0.4583083692685868,0.2955612569259894,0.0006005940702129592,0.0003104516048462633,0.0006106759021857468,0.0006960172061243956,0.0002717889917793843,0.0003955913454032252,0.0018280484556727206,0.00041300557016021866,0.4327708589581947,0.4637653633374656,0.36692422723752904
0.0005387097813430221,0.008601748608177865,0.458173933491831,0.0004324967379587067,7.710965327074011e-05,0.0002149725177636598,0.9120004512625128,0.001551755202531183,0.0011146038876266797,0.0001364053778197567,8.508061520844882e-05,0.0006952160200861718,0.0009678827899985164,0.7035747236491741,0.00029864526989583295,0.00010712269293814726,0.0006008355712575687,0.9880266138750078,0.960613259782572,0.6308978928275686,0.4770629229841619,0.5547667641667233
0.000829022653778249,1.5797524303155028e-05,4.5368160955956974e-05,1.1981907321491511e-05,2.18107726610058e-07,1.757599433337076e-05,0.5734794165784735,0.583016727883889,0.5785528768647762,7.005150596239885e-05,4.430332083510906e-05,0.3898042461300415,0.5005987667300041,0.9990912276047177,0.013617894473002688,0.00016719050864180966,0.009185051621862417,0.03479791634018889,0.012129703884014797,0.5541208480502605,0.5553230084688183,0.524909431743918
0.0012776071637283304,1.2703975017967781e-06,6.36120274014074e-05,3.030933998194797e-06,1.278069447676055e-05,9.132336643675855e-05,0.45426963390735065,0.899187351998801,7.040705013160403e-05,3.7661398155843315e-05,2.379933599740093e-05,4.4492268658713894e-05,0.7021888139938361,0.9982026726686899,0.04536989865500181,0.006360389372786407,0.0015084141097636006,0.031671112183308925,0.0006330270562177609,0.4222037880904646,0.5349802989248069,0.5121162205478641
0.013864786739435735,0.0002040272287354293,0.5858989783993334,0.00036392969768890175,7.186686094920568e-06,0.5957210032282293,0.007356542084060153,0.5977233512542418,0.00023588211052705672,0.003367825771261417,0.002079049396944757,0.00014561688777182263,0.39359120569034173,0.005655113769375617,0.5086580092343791,7.806644117425154e-06,0.00039532404488346236,0.9849361310615933,0.00936750027393679,0.4343125277467258,0.5020421436761344,0.3358807738497414
0.0013037188348301568,0.8963718132528612,0.0015426125551341462,7.896899873205773e-05,0.0003274206189940579,0.0002057223847851526,0.0018934471754385803,0.000722030564091857,0.4462701186746252,0.002199298074901502,0.0013982644581966852,0.29407648424816685,0.0005127967995503899,0.0013447555159378007,0.00014610744317136042,0.0002325395529343824,5.608509493906249e-05,0.0010955896101995932,0.9990740755227351,0.5013224430617643,0.5352352949905481,0.509064170781581
0.00045102970945053194,0.897967568002369,0.44521765993329865,0.0007299405061443377,0.0013573517094593642,0.0035012947382495455,0.012320423941877748,0.0002031027552923529,0.0012343019084487782,0.00023543756129184445,0.00014953042345938427,0.000783926473209684,0.0001289941359808855,0.00794029917049538,0.002248191280369894,0.0008621506805013041,0.0004636374935639984,0.2930276080193516,0.9996802396689518,0.5419290077271255,0.47603405086995804,0.49420670588983556
2.6178942227180663e-05,0.0003008706832411006,0.0003104079160584619,3.896687234215651e-06,8.949310596636528e-07,0.46585011798862114,2.553477072748466e-05,9.344002498207633e-05,0.0004943315928193394,0.9373369061972621,0.706365671456734,0.00067554132330244,0.00012769287490076191,3.489519967604472e-05,0.9994081328526556,0.0013154658156050878,0.005727854956445566,0.5087319198120098,0.9447464823444727,0.2844485275563102,0.5096998165731336,0.48731754109203473
0.8992354677620417,0.005031753177998172,0.002537462032451372,0.0008903254368982244,0.0009312854328767401,0.0017398648464674927,0.45178188756852083,0.0007809929518264805,0.0008955068581766406,0.003716738345262578,0.00234417975595619,0.0005648067247075987,0.0005023392483024494,0.3001336656010367,0.0012472026463844353,0.0006633762111666458,0.0006302991226231936,0.0018410229175453985,0.0035666794580642702,0.41518441117294164,0.46617068055678634,0.4678122600663146
0.023464825298486827,0.5744541476978618,0.0008335575924368211,0.0003759828000467735,0.006454353427245682,0.5742249415457534,0.00019833664466164847,0.5827587067649964,0.001008202222369042,0.0001772003915283499,0.0001124068556624108,0.0006395519837804178,0.394426625314454,0.00015681312275587665,0.503043473816732,0.007146554287391527,0.0004163228104345502,0.0009229922500345294,0.9740103330473366,0.5466447592628911,0.4992225527009655,0.5374656317526084
3.5223704613704523e-08,1.7852296861296473e-06,0.00011403265739492906,2.297080008554456e-05,3.5856357904389987e-08,0.00023116275871508894,0.45319363863219836,3.308378115015976e-05,0.9052765110947772,4.07557098821525e-05,2.5628648077595623e-05,0.7045203484505151,4.647414252587e-05,0.9996364718129553,0.7031701974021227,0.00019621332530412325,0.12653236991250372,0.990032321871735,0.9874407210555246,0.463357554432221,0.395114375148626,0.5058971754099616
0.0010700301932349838,6.589269957043014e-06,9.439926502236214e-05,0.0011257353927288537,2.5832109446751195e-05,4.661010630500237e-06,0.45457084744165005,1.833533427674219e-05,0.0005774235559996376,0.9014520801426146,0.7026625551300083,0.0008086680062869762,2.567821495834914e-05,0.9978207047579474,0.0019068724384425008,0.010568726713845567,0.5149669242334229,0.05468129356657264,0.003920269299959145,0.5919082990010829,0.4904535704104628,0.4677127473990141
0.9028491151076182,0.0011720779079756106,0.0010046034006077958,0.0008798381526152233,0.001222698376688073,0.0003556872537505664,0.001884042108083036,0.0007269372403797193,0.45123005510682085,0.0005842809846850835,0.00036852518697689916,0.2950561241034718,0.0005125775152724402,0.0013284758000470433,0.00025186315296933605,0.0008621506805013041,0.0006203931077933822,0.0007083681809576005,0.0008264587507586952,0.515542758742301,0.5623744273629249,0.42787899919246436
0.0045823694819064386,0.8974064729997142,0.0034176404478581455,0.002068852425806779,0.0009305564579088417,0.0018372110007058306,0.4393681391161918,0.002211448634811781,0.0017909905280934064,0.0001765592476123387,0.00011205573210570201,0.001136677156473828,0.001472158363271984,0.29321393541892127,0.0013180156437333367,0.0006633762111666458,0.0014657767516808497,0.002589915681191401,0.9967533560452267,0.5359533942706516,0.5065572965120553,0.5417916298348684
0.0018703375959377496,2.3244368996048075e-05,7.59144624810573e-06,0.5736642446358752,0.5826918427915683,4.713240162373432e-06,0.5857437497092016,0.0016272925997392624,0.001976321362072808,0.001202697330135782,0.0007612104740337578,0.001250853534051228,0.0010299479860682273,0.39572648321309933,3.6850329723643843e-06,0.5049682570977292,0.9979242362718526,0.002583739469573373,0.007911439703258638,0.4248903871683226,0.5046302173227921,0.4864405285970244
0.0002584129806416237,0.5747121544492647,0.0013885581580305895,0.0007979834456799727,0.573748802843503,0.5741989310645179,0.0002828800308230169,0.00010388568148261826,0.0004997394538525427,0.00015640821371069202,9.939615249284335e-05,0.00031758038946415584,7.181079173394298e-05,0.00018508008577306555,0.39494098969277014,0.5010306195444033,0.0008920659088483123,0.0017148536929237567,0.9997141083723667,0.5415518957005488,0.5066407439015642,0.5020373606540046
0.0013604372104319075,3.5942027946665853e-06,0.581041215433463,0.5711482072332054,0.0002529451355669952,0.002443052197963405,0.002089836683310692,3.168414910496967e-05,0.001038439417383189,0.5823415677605972,0.3950548585614285,0.0008113946697533783,2.4756729373086957e-05,0.0016329167555871882,0.0019089126090315353,0.0001976427740495979,0.49453307340416625,0.9985094298921607,0.0016819116853090121,0.46360553063255344,0.49053509923623745,0.5078656901563056
0.575085286670743,0.0004109614418397358,0.0003452320555050648,0.0007252508915764893,0.5701746721059914,4.087688217958693e-05,0.0006408650162829774,0.5618768044337752,0.0015367575564728354,0.0002573428909853881,0.00016324320469156687,0.0009748290730955758,0.3995729449161368,0.0005096437478842241,3.2438192665660176e-05,0.4992337178665099,0.0008028523796078065,0.0004266146413329925,0.00045550323823885844,0.475274992823284,0.45533628011759064,0.4686021127625236
0.5733292775395996,0.0007074690643309282,0.0008276871007130182,0.0005713914236327597,0.000150774329920298,0.5822260581560353,7.427300783117154e-05,0.5825933812737246,0.0015216918375177645,0.00017719509032384904,0.0001124068556624108,0.0009653126492001456,0.39431168911915915,5.7865806935104066e-05,0.5049005839413314,0.0001674180970185211,0.0006344666422262273,0.0009190551173108604,0.000785567009635689,0.546321809416795,0.4992225527009655,0.5374656317526084
0.5749437157658246,0.00037742049879090284,0.00012166992252149496,0.00035201289718025133,0.5723658872590484,0.0004232594488096243,0.5647007769690856,0.0007207591638025641,0.00033455156004009854,0.0005339223750278996,0.0003398642214674787,0.00021295627179917424,0.0004990471215303393,0.3949248276213433,0.0003358290800215193,0.5005332928248617,0.0003938501627835161,0.00015038858499404322,0.00041842999888666105,0.5077899536296391,0.5076612346238022,0.4985014118822256
0.5760476617233243,0.0003346301687444625,0.0052312718386105265,0.0019323883990806413,0.5743941574532443,0.5757876344604875,0.0004900082447458478,0.00025126620101573627,0.0005003016169306849,0.000162085122181308,0.0001028880417403686,0.00031758038946415584,0.000167297275116392,0.0003156247282315827,0.39494098969277014,0.5010306195444033,0.002135463288939876,0.006453435821081294,0.0003702792269143053,0.5519941534940288,0.5066407439015642,0.5124188806518937
0.00782938776955067,0.0006556105370901011,0.5920649847963464,0.5907144074446928,1.4282590330080795e-05,0.00110279709703157,0.0007674333670948624,0.5989214976778527,0.003079322954845041,0.00017194074375106937,0.00010640494472269617,0.0019056314053683132,0.3956185314006867,0.0005927313357811485,0.000848560922890388,1.0871235545488128e-05,0.4992450407534349,0.991552457969577,0.053184641760091356,0.33291498195410074,0.5087894013445543,0.4730707841020706
0.5743455699312737,9.01763702806311e-05,3.38450662183858e-05,0.0005584760710888642,0.00014564657050516867,0.00041418835978835467,0.5724945564333199,0.5710148145316041,3.4452773733577135e-05,4.5371167908097226e-05,2.8791530828764682e-05,2.186296151704284e-05,0.3942530671920867,0.5036232177358053,0.0004648671798681296,0.00016243749376405948,0.0006190293975746097,3.844706424039685e-05,0.00010007882417076112,0.5420565469665147,0.5028129575766831,0.4620348096127101
0.006286212511561061,1.8244730318071585e-05,0.580023096002103,0.5832436613770121,0.002967606914880044,0.5738033178131232,0.000492110035910928,0.006077938271179418,0.0008536252295053445,0.0004932354044483244,0.0003119566576449277,0.0005398925630856369,0.0038441394256017265,0.0003158320207589624,0.39100620827301613,0.00229670886672706,0.5017438179053906,0.9931006413673008,0.0018476822773054822,0.42912366634076715,0.5327693250014524,0.478464564345482
1.6135675413744834e-07,4.197986732583718e-05,8.65588720755039e-08,1.414233290739463e-06,9.675907093833999e-07,0.44437025109784123,0.8863244110521566,3.8299398739962205e-05,0.0014369133903360271,0.00024632325953867696,0.00015593348034487762,0.0009096298378427638,2.612343583716924e-05,0.7046797468283037,0.99994048030173,0.014734654319489227,0.0214116122042438,0.001463460607163786,0.997556110998373,0.4964548397400854,0.5035310082689641,0.42501073894706026
8.947251563688314e-10,5.4110288602456245e-08,4.992605478130689e-06,1.4216740476349185e-07,5.023427492889607e-06,0.0017155087864595363,0.5840448006119425,0.586856306041977,0.001258685135480664,0.5812113571640274,0.3896464087009286,0.0009678086091398602,0.5015272298074127,0.9981221453710916,0.9973822086120239,0.5018113620197745,0.018122164494956572,0.9930995870950459,0.9894743155772852,0.42500426043559814,0.5615356489666754,0.4532909988366679
4.526403010125009e-06,0.0008121752726072247,5.9957370222507804e-05,0.8908448966143562,9.271098491561826e-05,0.00021593523508809954,0.43688044743095816,0.00013865595620786143,0.00035959784870665483,0.0002600390013714948,0.0001639962870497491,0.00022678411415094998,9.646023678083429e-05,0.2989775495613518,0.00015679833096323792,6.6882885706652e-05,0.9993980351253829,0.05384907311137488,0.9965429934718272,0.43031445228746096,0.5006402115586702,0.43222813934204385
4.608421598491548e-06,0.0004928978973060458,0.5851752839546205,0.0033780155843390644,0.5693754526207121,0.003673638747655719,0.5798003889707979,0.0016066144426749517,0.0017315800209763272,0.001114193241071725,0.0007048251727884034,0.0010953775730755601,0.0010163272225317563,0.3975051289968821,0.002895655131087388,0.4912830955836246,0.0036749447923022927,0.9994637466818497,0.9940480029591647,0.5357173837456043,0.45262127725328155,0.5534165904461067
8.17933413019376e-06,5.612793880998129e-08,0.0020941454991089724,0.0051482833134865675,9.099126740376299e-05,0.8576569006400032,0.4234075766283462,0.0005458359049048228,0.0001443882793074632,0.00029508227640484455,0.00018729023453293236,9.164398451291908e-05,0.0003906218119141577,0.3019853090670726,0.9956731495288935,0.009987547943392072,0.70143264058773,0.9980244096220691,0.0046308786848300735,0.5109767046859215,0.5034376945809841,0.44629437002922034
0.019694469320911095,0.5623605358428121,0.5962150339433875,0.5732626924514489,0.01164867251790545,0.007721419025414057,0.002854409027362831,0.013142751462362412,0.0011643461116552269,0.0013042113666747951,0.0008298221906858727,0.0007408316098607351,0.008362504957107577,0.001843052390932106,0.004967000063697753,0.00741269892759651,0.3884804577808927,0.5184024926809447,0.9777140006431712,0.5095804752798672,0.501746483775971,0.4784298914108104
1.0139867743490333e-19,2.2590024298720632e-18,9.339286444701795e-21,3.895619212717595e-17,3.839547255706956e-17,1.1507322126794195e-19,0.8940401094058479,0.44991818847327514,0.0004887097700007329,5.0159592887141595e-05,3.1904933684799355e-05,0.0003108528705708835,0.29681603462967,1.0,0.0013381871470141797,0.4948499421390415,0.9630874521516459,0.002629284517290279,0.9714435446773779,0.5084594634619637,0.4785978444653731,0.5183623800681368
0.0003473121440142932,0.010192142071440988,0.5855423624850509,0.0008206184601071752,0.589649312676128,0.5714912447590457,0.0009157399927136139,0.00012508314167930024,0.0004938444114059412,0.0012539792936724764,0.000790433685274539,0.0003112902072409388,7.884499530452216e-05,0.0005772282716802088,0.38475687122319524,0.5021762094930597,0.0008920659088483123,0.9889134767700227,0.9783146415123923,0.4291416652341177,0.5578789176494706,0.4601073848990296
0.0023543174931154923,0.5698760753393898,0.0024227549909836064,0.006664614072473951,0.5760514860636908,4.642135237504589e-06,0.5676325292246003,0.0014697942306213093,0.0021054714403042603,0.00010434633733131156,6.632549007860888e-05,0.001338298325137377,0.0010189576382178599,0.39663265963222205,3.6850329723643843e-06,0.5049682570977292,0.007513134941797783,0.0030174257904765286,0.9973732444216769,0.46328294126819003,0.5052682091324164,0.4864405285970244
9.141991869125447e-07,0.00026822659574382443,1.990257542043695e-07,0.00023592232583163157,0.0024388751992829778,0.5810460827864957,0.5793212635850975,0.001295974437159928,0.5827844417193515,0.0002762989189940299,0.0001732968113608162,0.38934899554239366,0.0009928038174392816,0.500245619612748,0.9973285315230842,0.9074133303104043,0.45926118809077016,0.00047237288609512824,0.9978302113440011,0.4452603540395899,0.5070651221957126,0.6093616272644722
4.395047964406203e-11,1.68305315197159e-11,7.000841007870632e-09,9.2496306321559e-12,2.738451072039574e-10,2.1296329163210015e-12,2.8545478762676258e-12,0.8999773305124964,3.111976406036856e-05,0.45004020526506894,0.2951964008939745,2.2013284593587473e-05,0.9999999950438915,0.00025937326469659995,0.00019350520822321475,0.024888776307002147,0.0008410937731238928,0.9957609302789026,0.235153854027968,0.43205666875540016,0.502718738587745,0.4599424445691132
0.8780376111062875,0.4341132544072563,0.001218422673377726,0.0015794016663456228,0.0020116718152122276,0.00012071160900017188,0.002767503535735619,0.00010887173976034239,0.004785529025877779,0.0037768676371358286,0.002400035813830511,0.0030410224149974106,7.631718845853112e-05,0.0018389876874165753,7.875928208889106e-05,0.0013039952930286019,0.0010141595821037078,0.000928630583767466,0.2989358447566839,0.5067133004850479,0.48515359434591543,0.4604121782322927
0.0013400485716448102,0.4549909844896301,0.002835988811397963,0.0002469173263401025,0.0002541008278179034,0.0006725482038423063,0.00013505938121491248,0.0012959275682066793,0.0007089488907148601,0.9050809747716156,0.7034475543846875,0.0009919258081921658,0.0018132009168807632,0.00019175068878985206,0.0009512742020469876,0.0003555273229344854,0.0003454765189417926,0.00396802442747602,0.9981250201013985,0.5350665333404542,0.5035884411966612,0.3914953783096759
1.6111201430638545e-18,5.662236448588398e-17,2.1345779661250726e-19,2.552384159562543e-17,1.2664082447923774e-20,6.150109736789433e-19,1.0,3.59806933428824e-05,3.134527671476249e-05,5.085381267545652e-05,3.1904933684799355e-05,1.9665565339118817e-05,2.257375752951473e-05,1.0,0.0063702918499314795,0.00012976242332245295,0.2695081769915405,0.0023989784865379726,0.9818906490029249,0.5124357693023209,0.44333830692414533,0.39344573069322053
9.076013557581433e-07,0.001803776202291266,1.1492485540148663e-05,3.1610879470053343e-06,0.5826648301193826,0.582430162488471,0.5768717790339155,0.0001528411869433966,0.0026317318044413386,0.0012371381136905973,0.0007830906614083236,0.001665851183385093,9.674665701642778e-05,0.3888924178767817,0.49987024988431356,0.9980291565865704,0.0011156416894670903,0.004056070589819026,0.9996796737206048,0.5379356020142183,0.5556921219668247,0.5346523584970807
0.0006263701473019149,3.5697985238105757e-06,0.004430587429378159,0.0008403224602165492,3.156746971777654e-05,1.5914348604538408e-05,5.087243970840136e-07,0.450568351812906,0.0007638963360645832,0.9044009232514238,0.7007253939449625,0.0010583083833605822,0.9935435735282094,7.051831545333722e-05,0.002201343190752917,0.004327024307262473,0.11542885033416657,0.9127302828252494,0.003628173738227042,0.5364124424634882,0.43605191344547334,0.4049770688669566
0.9078231558754064,0.0011924165229828811,0.0005581020016070074,0.4392049663105945,0.00029696600720659276,0.001296193293710816,0.00048790870709959915,0.0005056414118990181,0.0002034165637741836,0.00023156482856117358,0.00014617799059136772,0.00012840907427295292,0.000325514963018324,0.0003125315348464805,0.0008285216486342852,0.00018809908451498575,0.286863106832679,0.00040110030162796636,0.0008361931439618275,0.49461432804678396,0.5914281103620542,0.509994882832792
0.0016403956486675008,2.7303248113434852e-06,3.3279716451379716e-06,0.5779563890487818,0.0004774206004434117,2.5005800649094856e-05,0.003923386326210413,0.00010787925428395442,0.5744321544461548,0.5802935378763163,0.3923697600813191,0.4947327784989707,0.00012923100681577776,0.004472149319984522,2.7987492747779254e-05,0.000530872600927843,0.9981805637823188,0.0015224322426778767,0.0010874881121520352,0.53845281921613,0.49765432240591406,0.45098225007223564
0.001304651640658631,0.5952878706870687,2.0712200181141738e-05,0.592733956744981,4.033320100622247e-05,0.0009183288517027691,0.000866699122394721,0.00016661100313292566,0.5930056394164025,4.9492439341205e-05,3.064132153197426e-05,0.39131697285709127,0.0001262619064095692,0.0006664735213960432,0.000704679562693298,3.0669162413712146e-05,0.49863068337950406,2.270070028042746e-05,0.9986047662961222,0.3369802127694318,0.5088061217714924,0.45966091392922115
0.5999045448375885,0.0003891442375869769,0.5956400691629304,0.001350114979705855,0.6039209544035378,0.0020747872977940076,0.0004773737439446758,0.0007103201853228062,0.0010924497403021645,0.003900195314400002,0.0023985183308814456,0.0006718313829983039,0.0004368307204212724,0.0002935740260590243,0.0012759480782737966,0.3965491861030557,0.0010222865966992142,0.5012058559200874,0.0004174957874500951,0.42169703626174093,0.6701591931519549,0.5107226315342758
0.0038114591265104737,7.759867907198637e-05,0.0003235192494419665,0.8938263292847062,0.0002616943402687419,0.001336812475406655,0.0002449439401060614,0.4538496978001345,0.0012995302021053322,0.0034894198605271887,0.0022159764475721405,0.000825277803490462,0.2991046783461533,0.00017445731546476104,0.0009521232018198032,0.00018638772982425012,0.9972750168699891,0.053896389533990896,0.012959349133272291,0.5078600992500039,0.5399877449755452,0.47164689750785
8.320259824018434e-06,1.0876952311830095e-06,0.002450874654704415,8.128454145529361e-05,0.5798442083794441,0.0004921586262119691,0.5811584163052707,0.00017662704847799235,0.5747441160255595,0.001481200897764021,0.0009409396673067861,0.388838841730054,0.00013696730754179657,0.500717795746982,0.0005462429382478217,0.9973708250540417,0.021613164497227777,0.997767997084287,0.08275506191562623,0.46408433117437603,0.4774471644095299,0.48126946560090494
0.5842548861107374,0.000932664288996129,0.00016914060981360437,0.0006524205209568766,0.0008122413997654114,0.5797434236574914,0.001061480573175125,0.00016367514299468766,0.002889229923466731,0.574352060716829,0.38786128843043566,0.002234697917705003,0.00012659636499716645,0.0008210142275818255,0.4975316564601989,0.0008850376989905766,0.0007108936441811798,0.00017988264819929212,0.0010162551261855138,0.535137174364257,0.5055957209649476,0.4509965946282278
0.0007779173273420634,0.5830302209255848,4.000719141054338e-05,0.0003792181110569673,0.00026600424597640767,0.00021442514518472424,0.0005339186297659569,6.767812960137772e-05,0.5868570610663021,0.5846136114846973,0.3916553373503913,0.5020819049950768,7.3898676347196e-05,0.0005915742281656765,0.00023707659202058936,0.0002914386637369484,0.00041407372957341377,4.368443600976518e-05,0.9991505804670251,0.5072495747971174,0.5395675022700126,0.3934746706657167
0.0021628794391512027,0.5873805461674131,0.0016606562734459741,0.00042857627346490866,0.5846597342422042,0.0001480267032595849,0.0006506482369728707,0.5880997129474625,0.0010117223923842714,9.729035817875052e-05,6.094808184121687e-05,0.0006337991831929876,0.39288768167789034,0.000507155286896897,0.00011494889776877525,0.49851861830116767,0.00046449808888702636,0.0017998495893464905,0.9976558202310174,0.4616120137405639,0.43023976393929053,0.4005771990339384
3.4526599442739145e-09,4.486290655589888e-06,4.299726452756088e-06,1.32800889734827e-08,1.571227346652768e-08,6.398502576373234e-06,3.440728492949983e-09,0.5934007121277047,0.5913664802328181,0.5908339153684239,0.3910403467243814,0.4989069320751836,0.9999903770683903,0.00024779982374987814,0.5127619081861241,0.0016096899524933434,0.0013605216115069579,0.4864838139635917,0.9995100560078309,0.49613747480309384,0.6442782476956848,0.56568436434846
0.576261698084904,0.0007972148319239794,0.571179475758933,0.0007835306669186213,0.0001739717418085498,0.00043688678851009065,0.5680284572017265,0.0007976010213200006,0.006497496236938674,0.00628022528832661,0.003984124610103168,0.004122042175375207,0.0005060089642854832,0.38952292430586055,0.00034285039064696965,0.00013528825456739777,0.0006072498302587704,0.504993576365691,0.0008807151381705937,0.5368228875204174,0.4670016243878261,0.4672369735304747
0.00010412747107167744,2.845433195527582e-07,7.188522454440106e-08,0.4476481146443448,0.000430904558723551,0.00027294349474788024,0.8950108369117294,0.00035873578984437236,0.0005628301052130446,0.0002553167615625363,0.00016242328347115193,0.0003580521700523647,0.0002282147723338069,0.7047513981730311,0.0003874023458259357,0.0006128078304427066,0.999851915227907,0.00043949379236603997,0.001739650935215816,0.4901165985355993,0.4763425971062939,0.5077068707606387
0.5814937814759215,0.00014266399407323127,0.0026973794058147075,0.5790878586971501,5.352694045788542e-05,0.0035360456523826672,0.0017480849100764513,0.5777596142796715,0.001189364205728765,0.009221625384394406,0.005849168224921486,0.0007544210940275949,0.3905097891141802,0.0013760038869989814,0.0027729816775212135,4.152298427118715e-05,0.49867683463899243,0.002953071468324462,0.0001561886309070443,0.5480484324888191,0.5347655179667862,0.48685823149646607
0.00014040763764236653,0.007157426037957312,0.4582781016638304,0.00020450273526152876,0.0006761147665075106,0.0007811242050559417,0.01024411321932072,0.0006155515780205022,0.9157764043023209,4.310171171154548e-05,2.6793136452305834e-05,0.7045203484505151,0.000854776606651092,0.01422652911930461,0.0010849686650852841,0.0009391135330087846,0.0002840515270693091,0.9900561145364264,0.9875129949865995,0.3597378530457077,0.4336659148638136,0.5068468415043783
7.244555083676273e-05,0.0008202379817415108,0.5960469342692155,0.0035103953113960313,0.004674939540518551,0.5737160890075411,0.00018801587094132563,0.00044656285835385144,5.5393905387491924e-05,0.5865134938230518,0.391990077591349,4.253884803530621e-05,0.0003429306957833522,0.00014438375028997998,0.48917510120523333,0.004992968337541925,0.003749300541976459,0.9991205186571488,0.9439176153009604,0.42751978110141337,0.5218432401494184,0.40114757974357984
0.0009728740964766374,0.44645723593942954,0.006174787475305075,0.002219148235704388,6.877627831990129e-05,0.0008234830354671875,0.000665110841886432,0.00010771078937039031,0.8972224801918501,9.657173768382618e-05,6.132984356742918e-05,0.7057045210866144,0.00016819726026395484,0.000975078964544622,0.0011860503665823401,9.881644521742236e-05,0.003193048381773796,0.009815697776175613,0.9986144774094086,0.5409349035908813,0.47236802081872975,0.5007962927821584
0.5843478468558376,0.0012840088503540956,0.0037230918858902214,0.004030796636695321,0.0003395247007726836,0.5786756689288832,0.5819940875357826,0.0008009283261087778,0.00032281149771205695,0.003594551297896704,0.0022712938687828588,0.00020397619570101336,0.0005060858641790658,0.3920647597163604,0.49688031415488637,0.0003698791121216502,0.0043911958921850625,0.004056070589819026,0.0013988656086337814,0.4236955316663542,0.5072837524736936,0.45948310706877094
0.4557901215100886,0.002435047438096589,0.9137245206010063,0.0011363699732607712,0.0012813949087616208,0.0020166939950710385,0.005673897984424308,0.0008057369638238502,0.00010700192278510526,0.00012352473082109347,7.701187376381118e-05,6.671067866744471e-05,0.0005023392483024494,0.0035894964878966096,0.0012710623533625219,0.0007989043593164949,0.0007084869646286564,0.7054270096760402,0.003401093012379952,0.5948555122172499,0.39488436221091905,0.46725679622142996
0.5893024502748617,0.003468861743689852,0.00012360099001243149,0.0020910633084015927,7.418299396944042e-05,0.5901707025580869,8.088689108327492e-06,7.264591652271851e-07,0.5930833378951333,0.0002800056551656783,0.00017393670811032138,0.3928863855055581,5.533417473795497e-07,6.161130011874988e-06,0.5018043149156026,8.013753203625152e-05,0.002258914023551943,0.00013352306568505074,0.0037473464892000072,0.5355047656581787,0.5087649820004526,0.34669741511131985
1.9828338841678776e-05,0.0002457964427146887,7.021994261239994e-07,0.5811398256079283,0.0003555591215850969,0.0007061158832913877,0.5801184136707134,0.00020995589980184317,0.5807408562544983,0.0006935000211875377,0.00043897416815865265,0.39188402225257657,0.00016277735864143325,0.499439723080348,0.0007735263825501862,0.00038950336640066114,0.9997298622094107,0.001812822549719786,0.9487550074112379,0.49977717184707626,0.5045776973920136,0.424346135544241
0.015224645796695767,0.0002221731077773526,0.0047737674519499965,0.0007173008023149128,0.90579054986996,0.0014062188439991714,0.011299912741658558,0.45742821235198555,0.0012507123869381056,0.0021495444481728766,0.0013483098155891715,0.0007845154062570357,0.297650794743391,0.00794029917049538,0.0009881830152640065,0.9887746783587031,0.02859802526011619,0.1934149814906198,0.009289526754826416,0.437629952969556,0.6049497839404693,0.49470180857195056
0.4505367084325884,0.0003255285169394978,0.0008742289188432684,0.003680735521723222,0.0011164904641867849,0.0007720060736534705,0.9008215734806035,0.0012793759372572847,0.000283367586806856,0.00045415609910651487,0.00028705382216984545,0.00017910528035989577,0.0008086424286348473,0.7047513981730311,0.0010908210621344786,0.0015775701693382382,0.0052008460635794,0.0012056983111164675,0.0004599799537108873,0.5657701498361429,0.5032735676144874,0.44635265883533076
0.0008525540627266189,5.36605998019031e-05,0.4649187646921138,0.0008269898980037296,0.0008487922691451214,0.0005412856325549426,0.00206494267319505,0.899788737640546,0.0006533372899051395,0.0010501375259722278,0.0006600849106737086,0.00041066837479427753,0.6963816001211671,0.0028275204474162673,0.0007397306431741674,0.0011622580434865958,0.001132405737584663,0.9988302769941708,0.040016693763928635,0.5081483143582115,0.4852269516392552,0.3880978961618506
5.57368620929137e-06,3.701664634303456e-05,3.6931724103556096e-05,1.1752556059268296e-05,0.5829855013000173,1.2216912289195833e-05,0.5843230977470589,0.0001580962236418026,0.0007340254213817563,0.5805223432519976,0.390212948128255,0.0005661351610349243,0.00012193563405907638,0.5007294886183518,1.3486509662005036e-05,0.9999418049274504,0.14155764926282638,0.4881389903857104,0.904857347224263,0.537765026584474,0.5586842580224258,0.5651505175317981
0.4488788871569039,0.0002544170225003684,8.407066074598679e-05,0.0014106121528367533,3.549499375533689e-05,1.0989558580577941e-05,3.5493276881268323e-06,3.2919148123734374e-07,0.8989290093766814,4.7484541649913074e-05,3.0086013968928068e-05,0.7051633343432517,4.897002094522029e-07,5.107879122677179e-06,1.5781686770095467e-05,5.06518386644419e-05,0.002000585223765519,0.00012753057022408002,0.0003612764585046559,0.5355287295184221,0.5087375921185208,0.4414012068995277
0.00018871186404946654,0.0013517848126972738,0.5829424700002518,0.573017090383784,8.990813946497082e-05,0.0024392048360265027,0.5782010005813694,0.0011194620830227901,0.0012756886967732058,0.00022702186130177225,0.00014434645520119803,0.0008111165737053465,0.0007117840990422137,0.3919285820845182,0.0018996904809542368,7.002205861374411e-05,0.49453307340416625,0.9985094298921607,0.9116972906664095,0.5349804371078664,0.5048272343925413,0.5010571551980905
0.0008727575473582609,0.0002294624543155667,1.0,0.00011037918304731908,0.0012606738129085431,0.00027562764015473583,0.001721614313022113,0.00034055659160732335,0.0012180213015097912,0.00040380727555039387,0.00025083710908997003,0.0007566110080607571,0.00021154719693211666,0.0010851752253883823,0.00017336676891639078,0.0007857629386878924,6.856558008101494e-05,0.9994394337821747,0.1636736973558019,0.35085754964223187,0.4600067405605245,0.46818465100163953
0.581428187721573,0.5777642173833927,0.007312075252756003,0.0009042172998694342,0.0011356029679821884,0.001283996229435988,0.0031382112384806737,0.5821964179289949,0.001294056129973259,0.00014782749071128577,9.360140555777051e-05,0.0008193706486363293,0.3931537084428122,0.002473112250193731,0.0010097327144654468,0.0008849430071732889,0.0007022502638182075,0.005820053152834742,0.49798778167927293,0.5365881432796609,0.5428834532489591,0.45251411337549696
0.0013470991510260901,0.5753876288610966,0.5816437236958885,0.0005019468043576682,0.004404198686285036,0.0022711273452519242,0.576871136711223,2.5300947932743397e-05,0.0031273448561016303,0.0009576567934443196,0.0006009844747058198,0.0019625916652173405,1.587787376557229e-05,0.39157857323833056,0.0017670470226636783,0.0033956451370061925,0.00038569781812436833,0.5112528413147991,0.9985095467038411,0.5910031579398688,0.5044014239615289,0.42164099238803315
1.7282288698205232e-06,0.0008589196154115564,0.0005436121378567456,0.5820159615969126,0.0013057058962715978,0.00013423848617656256,0.577311057575676,0.0002120135744523424,0.0008215727457579298,0.5804885010653111,0.3900611192808514,0.0006333740274235323,0.0001634474098538572,0.5020661371285908,0.00014843497906703667,0.0014282005701696243,0.9988881412836468,0.35921953776741555,0.9987190615219376,0.5363872203033458,0.4421033686305804,0.5687172950242454
0.5907360847079373,0.004156192216264773,0.00207673726647242,0.002905839631163528,0.589711535122834,0.0012376922209090067,0.004369114087330406,3.470390941445823e-05,0.5797312357177693,0.000566959148050071,0.00035474255264431043,0.38594413351837253,2.6422610604209893e-05,0.0033755033140007162,0.0009526469841768754,0.5005112138186955,0.003131420069633576,0.0022379771162425177,0.004478938319387171,0.5329737739902025,0.5078001017570254,0.3722702447994074
0.5866957262157511,0.57917075291695,0.0002320690823051702,0.0008015223550971482,0.0014065928052012142,0.0008956802542490418,0.0008025455503406309,0.0003908627863510966,0.5799446222557424,0.0035187922904578056,0.002222425064156419,0.39027813702259206,0.0003018284883866868,0.0006197345339280725,0.0006992057252086494,0.0010861880179294492,0.0006189459784933472,0.00017499820230597405,0.4958910558350364,0.5117125696293549,0.4584433272438156,0.4218614309159755
5.278150867545277e-07,9.86216410654646e-05,0.5820954235303568,0.0010008806298038712,0.58331812310869,0.0012671249608794113,0.0002560659975362239,4.087120969958661e-07,0.0010648208987924291,0.5828740737305452,0.3919116952216927,0.000822602987084449,3.15741341423714e-07,0.00019781803242538242,0.000983028811065307,0.5006674375359107,0.001094631113512892,0.9998921390158559,0.9965928947377192,0.43728248346530474,0.5066337471904936,0.5734786468950235
0.4686862707964117,0.002963108729915024,2.3759433288325067e-05,0.0013475935150174204,2.4497362896286652e-05,0.9323115829383548,1.0851847246527681e-05,5.8913697288435e-05,0.0013227917501682739,0.00019111174920665892,0.00011659412989103047,0.0008070136807865694,3.594230549418918e-05,6.62053864015406e-06,0.7034457735216062,3.32741332596922e-05,0.0018304038769124697,3.22719560288741e-05,0.004024757264493275,0.33974890447194644,0.499702966815219,0.3665249434740315
0.0008933525961159612,0.5796722324231264,0.0037056625034262375,0.5826350302459113,0.00572159500295679,0.0009111476654744562,0.0008477390998647328,0.5701393885070033,0.0009440640857648405,0.00023961556814779716,0.00015249879174550132,0.0006008318142634901,0.3860908821447857,0.0006662923814757563,0.0007146120027459638,0.004446803789678496,0.5016155731088063,0.0041707843297675296,0.9990188843896363,0.5073579423732177,0.5090610267783187,0.5126599120683396
0.005563999803197004,6.138429825295028e-06,2.1387735768379295e-05,1.868547594732203e-05,7.261463254000508e-05,0.8800639193012475,0.00016828647652725501,0.4478085671849144,0.0003900776218999623,0.0011445022567985752,0.0007276340719118998,0.00024799767538661053,0.30148386918157055,0.00012199105725548574,0.9960247317460433,0.008359215232142198,0.002137922283307431,0.0025079350737489126,0.0007032224642432097,0.5345181871288279,0.5032402282677647,0.5119687117828355
2.8511509697288626e-05,0.014329133243056447,0.5833030655035526,0.0013467368324682689,0.5834776712514704,0.0012020507541238312,0.000752434471862834,8.47505449159835e-05,0.5734397801776864,0.00042392262070419277,0.0002682668869658559,0.3861271880660059,6.527477320445032e-05,0.0005880542788891403,0.0009374550930559816,0.5010758560241909,0.0014693891523503977,0.9843642287873857,0.9987332822892058,0.5376586883029927,0.5059140484529165,0.43254089094812287
6.439594405831602e-06,0.0015758049746772262,0.9062124772402474,0.0006609376152730301,0.0014168243927746304,0.0004437830423724415,0.004427055253482827,0.449591762739016,0.0017403923376895177,4.09767475000464e-05,2.578688081835002e-05,0.0010952385118501561,0.29318520535408243,0.0031099987771272676,0.00031114716815824325,0.0009953251655077948,0.0004643119069665854,0.9988929793014066,0.9973984405620236,0.5229282281627,0.39490819772035934,0.4927034423864854
0.0013567302542245752,0.44716790128090117,0.00015279578628681656,0.8998910264822922,0.0006377562345353877,0.001302640917207872,0.00022403337323752173,0.00015205907625134702,9.170927252541625e-05,0.0006383730383439696,0.00040443058946165733,5.810088766254482e-05,9.633450492312244e-05,0.00014402173611470276,0.0008342767129418853,0.00040541022974122646,0.7064055194048251,0.0002175298515447754,0.998068469018393,0.5480053040884327,0.5401726479515158,0.4691207757483043
5.515591895311671e-06,9.66668871880103e-09,7.189821464453089e-05,0.5765135282849547,0.582432162938819,0.5739150441374823,1.1392208250646378e-05,2.7533447143018963e-05,0.002541536288385404,7.704545168131466e-05,4.8720332609128697e-05,0.0016071633350840477,1.8262414423219248e-05,7.310016109407073e-06,0.3917407284538012,0.5052147744911564,0.9999111640410363,0.9563186990381094,0.0011171407305674728,0.5363735970953228,0.5052498941710489,0.5734055863508182
0.5784695157310389,0.001528285711480832,0.00011713149518551672,0.5770702852889645,8.987227737180366e-05,0.0024379193068901433,0.5788937529073352,0.00027111770550628406,0.0012758588944831483,0.00022705214972636842,0.00014434645520119803,0.0008111165737053465,0.0001723608989936264,0.39240782709023647,0.0019074791661631602,7.002205861374411e-05,0.49922800709175075,0.0001289056078458352,0.0016819116853090121,0.5356223669960983,0.5071282173164939,0.5078656901563056
0.006183901822292381,0.9080738062857154,0.0012948384682042716,0.00012202260169393794,0.00031138814115988717,0.0025684194195701644,0.0011354008411106442,0.4427380296248716,0.0010617795142589114,0.0002319761198463794,0.00014617799059136772,0.0006690724340446597,0.28879145872643175,0.0007959681347407865,0.0018005833108435266,0.0002182983791326849,8.55438398915968e-05,0.0009077457067152572,0.9956647430101336,0.5425380640732951,0.5914281103620542,0.5105181251970706
0.5774364119499571,0.0031112397798628085,0.0005095057905441468,0.0010383405787837416,4.728500132135642e-05,0.00017134522900480055,0.5768693565976286,3.73395097477148e-06,0.0008098163045391959,0.5801969009275046,0.39340390829004246,0.0006316216021684368,2.9123208037979976e-06,0.49968198518485485,0.00018890383896986887,5.213053552363831e-05,0.001144745230124154,0.0005617184184781004,0.003430087803472452,0.5365313375958266,0.505892875654455,0.5074382310569197
0.0009699768427994392,0.44600860788526797,0.002962616794477018,0.0003487193890060014,5.312650464501136e-05,0.8930846001157592,0.002217270977350099,0.00012963463527180128,0.001519086418579942,0.00023806419643417686,0.00015050264474977002,0.000960356987719028,8.195427270689826e-05,0.0014223794899790778,0.7078849881953848,7.582935866412083e-05,0.0004977396991929636,0.004228681234229497,0.998615485323816,0.5383122083033575,0.5011056922403857,0.5743798719234927
0.00015897755674002808,1.8292358762168964e-07,0.005447981766791992,6.17362223434969e-05,0.5949594285674157,0.005898142657446393,0.592393461555149,0.5985184140315307,0.001298646100981787,0.0002278413410704944,0.00014067137411022558,0.0008017964690654602,0.3942530671920867,0.49859521806740464,0.006310671797584398,0.9941678463733639,0.007210761428592805,0.981428056368774,0.0007325104480675502,0.43669268649968274,0.6625444184649187,0.5261929231382749
0.002303693679482763,8.390276416880388e-05,9.375377659824672e-08,6.5881447360055186e-06,0.5767837935124963,0.001244398170248494,0.0006585384851347622,0.5827403913131474,0.0005968709708569849,0.5776427628361555,0.3907225136004386,0.0004634336905585463,0.5032668636752231,0.0007268479437693774,0.0013734798593901683,0.9974556367250728,0.0018194054402540984,2.589144629857546e-05,0.023176067264405742,0.5361302991278099,0.506631535822994,0.5402315907843676
8.457419260455257e-05,8.710507815158408e-06,0.0013029082425756056,1.964526157400764e-07,0.001187786153047232,2.3533033764628264e-06,0.5975580214447916,1.2693049947631805e-06,0.5954495226253355,0.5986793303477204,0.3929186342926384,0.49887346282439887,1.3522722522261717e-06,0.9981195039801729,0.0008470926846659747,0.469922465271298,9.578585961102443e-05,0.9585160510295385,0.0653366952034099,0.3269126720978309,0.5360448828956212,0.44363912557936597
9.701412219369608e-05,0.0019724764637438614,0.5809467717528066,0.004661444076537683,8.814719913703436e-05,0.0002709965411185861,0.5743723279045079,0.001287325825461485,0.0007295011562027337,0.5722548899496438,0.3868250228491128,0.0005643431576353543,0.0009958778017952767,0.5010161531824475,0.000300687554566206,9.691831533201233e-05,0.005108018121549068,0.9978358936739667,0.9687137563116315,0.5339983025252397,0.5335168254956613,0.4920800074038962
0.0001993171812327624,0.0024715365477657853,1.1757361699984165e-05,0.5978706053021751,0.005498927335805287,0.6006042459745358,0.00030451528690372457,4.054868580320223e-05,0.0010824293568201825,0.6033972592983413,0.39325774580632494,0.0008113924674540431,3.0395439523314347e-05,0.0002282657503942759,0.5027790676707224,0.005855108152817423,0.9973597197811549,0.0030186449774644505,0.9487706353702948,0.46389254815319475,0.49004496510278356,0.29899684053184433
0.0019707756468831574,0.9050581042129574,0.0001644483831873467,0.006679401856995572,0.00010697896414532764,0.44272102379717426,0.002138439967640481,0.00023938057051258574,0.0015201647539094163,0.0002341632729668315,0.00014793149594053608,0.000960356987719028,0.00016584131001707244,0.0013908718316114344,0.2881808211693564,7.582935866412083e-05,0.004741408679814096,0.00013856011710652833,0.998615485323816,0.5467391342003015,0.5009479230389107,0.5743693137569522
3.560196114179616e-24,3.0800180553556544e-22,9.158541996847946e-21,3.1129107336529374e-21,2.0229206820069548e-20,0.000366950085350393,0.0,0.4540671098097917,0.9134055529389467,0.0,0.0,0.7063039702885587,0.9994865320054981,0.0,1.0,0.7159190129127899,0.20847328805780413,0.978597111549421,0.9926416330533151,0.3623972873434347,0.4667176207950393,0.4994393886613191
