obj_0,obj_1,obj_2,obj_3,obj_4,obj_5,obj_6,obj_7,obj_8,obj_9,var_0,var_1,var_2,var_3,var_4,var_5,var_6,var_7,var_8,var_9,var_10,var_11
0.00016604997115450995,0.45016652988807077,0.001114022099249916,0.0004930634151146919,0.0001220817584778916,5.3756181736928436e-05,0.00044211444766389376,2.1240407503801786e-06,0.0005461126613427613,0.9032945325011069,0.7056682025669072,0.000772305827390574,3.0037938541661174e-06,0.000625233225615137,7.602140702146139e-05,0.00017264669243310525,0.000699216794509928,0.0015754391395871004,0.9997632556694755,0.4928338214366156,0.4411072533551136,0.4242839532310575
0.0025387790378449252,0.5715090859467136,0.009695354889227669,0.0006259777130184253,0.018212770251226126,0.0004642750350178617,0.0004278539532514995,0.5795478456787599,0.5737302117296146,0.00034669543873523645,0.00022081258440263254,0.39068134185675335,0.5078830282216156,0.00047855873037853155,0.0005168298445628922,0.02041865713585231,0.000699118423994912,0.01079881828725926,0.9971228846741026,0.4922124404021649,0.5160344741019173,0.5379172293324842
0.0008324945225634009,4.143255610434504e-05,1.5289368813409604e-05,0.4490303556901605,0.8949301812566306,0.00015585521367094036,2.3970853918350763e-05,0.0012716965583252217,8.210988498118744e-05,7.420675322627797e-05,4.764190738715723e-05,5.2237548083017144e-05,0.000814430376058578,1.5305325080504416e-05,9.90402012644039e-05,0.7032371285971944,0.998800908522078,0.011477448148120128,0.031118288223064172,0.5367558100667621,0.4802264717564805,0.4911140259217087
0.574540014741703,0.0011739368943583645,0.0008601607974056398,0.0003706060045064,0.5823901309029105,0.00012215248997500544,0.00024756192420166207,8.639691250620851e-05,0.00032191907486152523,0.5843888982250954,0.39366998858677393,0.00024950249339253524,6.696169299723548e-05,0.00019187219879970093,9.467396135509254e-05,0.5017301693754657,0.0004084516911219138,0.0009453796435765927,0.001290238953905508,0.5080798069214678,0.48039211744385857,0.41272106040446016
2.0143015911788085e-05,0.006716300312435205,0.6021731735191536,0.6019526207575999,0.00021749561752281677,0.0025498771712377986,0.0026803893225296836,0.0015042343800370575,0.5985163382626041,7.591154258437531e-05,4.65658290485695e-05,0.39132533168505956,0.0011294820009707218,0.002012624997964377,0.0019146368265001434,0.00016331230628276313,0.5025987171873461,0.9928384858090767,0.9980907042590739,0.5244025847202088,0.536092472409258,0.6895215495699031
0.004321587082465561,0.10665551918885544,0.0032764286426327535,0.33845944932041844,0.042221177673742984,0.019900042495402486,0.0051344089952423295,0.028292688224186843,0.0005968844562240361,0.0056668864250408665,0.0040010948478576835,0.0008410162157637575,0.019787255016240124,0.003353304283535554,0.02114472913962548,0.04099821676308868,0.8933349004652935,0.04775977582071173,0.9530503671791839,0.4642811943474262,0.307520411300619,0.7521997146439003
0.4512640736089523,0.0009365312086124713,0.0012874582632227403,0.0004260258842007788,4.1048006586562144e-05,0.913770381133885,0.000950855026329992,7.215556994214599e-06,0.001372708845043187,3.831620754147758e-05,2.3896653760677426e-05,0.0008561170365674136,4.5001276305646465e-06,0.0005930199872204736,0.705911343151082,5.743900807297323e-05,0.0005977951661091851,0.00180155868532772,0.0013105003913772006,0.5174711418174459,0.3817945081727733,0.4194599881452973
0.0023334803922057342,0.5830293260315246,0.0009591914172734263,0.5800317347748004,0.0018968771917589628,0.5890722706592024,3.9985165036241046e-05,0.00482892269102797,0.0012142673208036438,5.542479619194146e-06,3.484710149004369e-06,0.0007634436182224995,0.003039013686214769,2.5260072830229083e-05,0.39528440792073344,0.001466326945282771,0.49923820660066526,0.0010473529160459848,0.997431251116482,0.4924196043430026,0.3935279065167623,0.46595939299809963
0.0001526940597623477,1.8108737779345867e-06,0.004426018737924767,0.5728169072359387,0.0011179675081797935,0.5807121543709434,0.5800562093764257,0.0006178961341519549,0.00040721938843949965,0.0007385784561343323,0.0004693371569833522,0.00025877173881438064,0.00039426749367528133,0.3931136269894361,0.503466641788298,0.001239020774663756,0.9950917225652103,0.9778653057677209,0.00748850699614334,0.5137052360143406,0.5404564462860625,0.500648608607232
0.004425712620331223,0.0002885217453200874,0.5790836911716304,0.00011111265051941838,0.00046439907535131926,0.0011290581070668745,5.368871854738697e-05,0.5760236540534577,0.5765828245985386,2.7809213148654845e-05,1.768312330738641e-05,0.3907014240472596,0.49961386434264377,5.930302341831762e-05,0.0012412019619821623,0.0005105266765411589,0.00012248736960476054,0.99508475039366,0.04110962914027311,0.5265444653792064,0.5181934337290132,0.5117915150385699
0.0006990600440051961,8.334280614663346e-05,0.898748178295551,0.00035108983791082673,0.0003784542914824144,0.4479445841797425,0.00023180157848258306,0.00025250801187639497,1.4301063838758121e-05,0.0001689532911000268,0.00010759547227963677,9.076753964443754e-06,0.0001613320967391864,0.000147655265497625,0.29435764658328134,0.0002680760890118293,0.00024937971819541106,0.9994927799227317,0.07426386533642121,0.4958141045951205,0.5005575374255287,0.5645805080983035
1.8763292770101886e-08,4.83236267740891e-07,4.213734287765568e-08,6.659717961458661e-06,7.125034232113155e-08,1.3633225958520652e-05,0.99995802404386,1.144111209384015e-05,3.360156023727128e-06,6.266356856815434e-06,3.970503673326934e-06,2.1290699267722103e-06,7.279235466006837e-06,0.9999903759604758,0.7093484975801891,0.006774069377808223,0.9538043325352255,0.05533094684969936,0.9747495044946557,0.5612760064153369,0.47180577967557935,0.5134522356209742
0.897573691013641,0.0020619813849104625,0.0016803672369627824,0.45067667310305143,6.130096625897518e-05,0.000453496637912686,0.0007169807051818976,0.001331355408632316,0.0003549034317412486,1.2706655266775044e-05,7.997486122818904e-06,0.0002233739157525239,0.0008379467278052723,0.0004512634403119273,0.0002854281798844505,3.8582477802641315e-05,0.2948700141405306,0.0011821716982058788,0.001450641668006819,0.5566807392771735,0.4813394879004398,0.41100329742147196
9.302823541794044e-05,0.007363702865168778,0.5883842233089963,0.5860252151945625,1.5979164709951194e-05,0.00010773333173579943,0.5849848073527877,0.00016833153771512018,0.0002574746651299228,0.0015807238552632177,0.00099065064730941,0.00016136129750872328,0.00010549463586886833,0.39067818899033124,8.258624573278237e-05,1.224931234895002e-05,0.49869630882612004,0.9920324034019533,0.9919577874453863,0.5668335885037039,0.5235893147929308,0.3961033171201677
0.00021503113873826845,0.0020266317525883606,0.582429334836266,5.1290501514699674e-05,0.5818354560939031,6.34331743470407e-05,0.001996472989042882,0.000553801892221689,8.592069753632684e-05,0.5836763781864217,0.39262003738086954,6.644137084376447e-05,0.00042824791816931877,0.001543848738045593,4.905221382123606e-05,0.49967359373904685,5.621769468511494e-05,0.9977721870168003,0.9321590072046846,0.49512880676537807,0.5638913665439905,0.42877343318275996
1.808771904262852e-06,0.00021367013148608347,5.6644276785824895e-06,1.105804236345172e-07,0.00021019060590801998,1.0047549891690804e-08,0.9012884268166296,0.0009105928312632832,4.666431463180403e-05,0.450121384780578,0.2948715880315912,3.296104571658831e-05,0.0006431916411082201,0.9997882498995265,2.133698193081433e-05,0.4946522133687834,0.00033025533365253534,0.016872391523099023,0.9945669161425905,0.5145047514408626,0.5693442036562566,0.5491815192189295
5.473087874081596e-07,3.590781489707881e-10,1.09728236138698e-09,6.91743312504244e-07,2.722587112358691e-09,4.422436081433413e-08,7.738992506682317e-10,5.704846843684047e-07,0.0,0.9999981412860081,0.9999993215935445,0.0006828722707943285,0.3647754068922463,0.0006018848162780031,0.03154699323463428,0.0027167176739973375,0.5650220437431475,0.0013989432296000635,0.0006739200002029983,0.4893806125735443,0.5084589041848954,0.4924517396945665
1.6774845839515338e-08,8.860835808415927e-07,0.0029541066396689356,0.00039551080032605094,0.5853419921091307,0.0001820419533629855,0.5840820497268875,0.0003382004930915735,0.5821104769582535,1.5984503591573347e-05,1.0046762436017605e-05,0.38977391271497375,0.00026082375054310524,0.5008255983033084,0.00019798685498736328,0.996758313529194,0.08496204711072217,0.9998089895093983,0.9876653222734617,0.3901287005088525,0.5260125772448303,0.48903109549608753
0.5732874136526714,0.00030717494272505905,0.5844592230334595,0.0024466767616486847,0.5848263013651483,5.8903895086708184e-05,0.00036107102827195365,0.007598026840932055,0.00022947835883755686,0.0020689283483112603,0.001305602189301501,0.0001448130732938,0.00481457605548982,0.00022786157057593984,3.717255898234868e-05,0.39368338794895863,0.0019002084813411952,0.5035564147472021,0.0003383473117260019,0.5181471459962309,0.41295903062393274,0.469707781895244
0.5740172124217638,0.0010753679779705832,0.003971400374139856,0.0005174713805690839,0.0027684658973521916,8.918796024980144e-05,0.5808588338441473,0.0008899486109700544,0.5866213620677382,0.00030195177700135313,0.00019066703307099803,0.39534683603449466,0.0006909661606361817,0.5011711624768027,9.811009026258153e-05,0.0030454275393344194,0.0005708214528146135,0.004368771028063325,0.001182981515191417,0.46014112178316385,0.4191368648911345,0.5078599432469604
0.5510589670566763,0.0009290580537497354,0.5606293058551066,0.5522331155902407,0.0013901882513438323,0.00041108117622096175,0.0009747645662570014,0.0014701118785307931,0.0002268053969770602,0.0010120543899290989,0.0006421991470343056,0.00014603185455631094,0.0009527088802736589,0.0006353753964306404,0.00026038745426915083,0.0009217580595873117,0.3788844125577031,0.5053260820395649,0.0011149385128702428,0.5551747994468627,0.4561053493528601,0.4907924135139776
2.5669422000135315e-07,4.7882879618050035e-08,7.6174338235052065e-06,1.550099335338647e-07,1.0139727831268758e-07,1.0386520363208255e-09,8.650037924793962e-08,7.606322681250974e-07,0.4482792900057104,0.8968530580940361,0.7049163808782746,0.9999891176404415,0.06355825979644769,0.007222437745504541,8.672703309078669e-05,0.008466882723786484,0.012981172225923321,0.9780089942131305,0.11644933969854765,0.5330332035548763,0.5231746805110286,0.4680923589376664
0.0005020804178172938,1.9928915865627834e-05,0.4534072623263357,0.0005288869111852539,0.0010156096286853223,0.0002002261096775267,0.00047547158737489995,0.9042379885994423,5.5772587204416257e-05,0.0014973091028109965,0.0009423353730456108,3.510064845507636e-05,0.7041066741760296,0.0006675975631621738,0.0002811325053358715,0.0014259934926929008,0.0007446562965888748,0.9992887322509123,0.025051424035082863,0.5628316858615551,0.5215575361057189,0.4155317862989768
0.00031708195127131447,0.0016457288669630963,0.5735412601174091,0.007847091800758122,0.000358017088289068,0.0010780299317731026,0.0028697188708361443,0.5810012291853636,0.0003904777601644677,0.5785457211966797,0.39183908682176655,0.00030383786926529174,0.5053878619720626,0.0032001954451382885,0.001196475939059931,0.0003973542648731676,0.008733672939137484,0.9981391429906021,0.8778631381093551,0.46863507476282484,0.48299137060835046,0.47225797153821597
0.0012676328940477595,0.5731870401585623,0.5918682132686025,0.002193010855731537,0.006805544285139543,0.5933472300131034,0.00021822138342432565,7.271250049586438e-05,1.487778611746222e-05,2.3609350163445363e-05,1.5244772307965388e-05,9.405797362753063e-06,4.6032154662633716e-05,0.00013786518626166823,0.39607074810861,0.005311613346717703,0.0016921153644459978,0.5127544088100071,0.9985478739540616,0.5715220364720479,0.44473755299340756,0.5998004597140731
2.0684125415272408e-06,0.00017746651409003642,0.5833653001237411,0.0025099152484417404,0.0005059050554592196,0.5801422716861112,0.0005029330003751636,0.5798075955840003,0.0013127127777837002,0.0006192228278328262,0.00039165923902255765,0.0008302928731293332,0.39081892655121053,0.00038916375311629566,0.4982336941388665,0.0005520834854356481,0.002746614683903984,0.9998063203036008,0.9925197738349762,0.4777290562247786,0.48058593004639394,0.4249095668886129
3.7089998215539677e-06,0.002856154861532307,0.9098284937146998,0.0015095086773339803,0.0015227270739360712,0.0007198276912620579,0.00015414366526226347,0.4529879775529744,0.0002516904311767994,0.00022025218867060943,0.0001378462658036779,0.0001575220997307781,0.29513308048392445,0.00010837065755299599,0.0005036707399248141,0.0010654685550784177,0.0010591452097929444,0.9980015206305495,0.9991664860411225,0.4118257895453217,0.5057932785892205,0.4031010884426428
0.0023162534915818884,0.5840010625027279,0.005186027278293139,0.5800344147067215,5.204910956766435e-06,0.0005931339124259278,0.5759211982796961,0.0018400535163437186,7.790316408850438e-05,3.233276318520893e-06,2.527646295665553e-06,4.9570394900365095e-05,0.001172252433704851,0.3896798619738209,0.00045811768813650586,4.048554329378175e-06,0.49869630882612004,0.005653122791202086,0.9974311935851272,0.4828718820419211,0.4252073749298313,0.4652639034714603
5.41823986503345e-05,9.970370591395032e-07,1.4084743685508859e-07,0.0012761217174430404,0.8967881360258301,0.00014656694350765972,0.0018776418680636693,0.4479722131017387,0.00040168798657631464,0.00015414804467877354,9.789349287662044e-05,0.0002550965968844435,0.2949268000733895,0.001332913447615581,0.00010404611392872453,0.9990907589849934,0.9728364225313754,0.0016412134736315993,0.011618516463509424,0.4681993079356362,0.48624648831974665,0.5354011852246214
0.001896387683069496,1.8707974601551132e-06,0.8955410918551012,0.4479287683762577,0.0005044629699699319,5.7117877690430184e-05,0.00037101887414066933,9.432453732368713e-05,0.0002200233222377629,1.9584688652308678e-05,1.244470238191823e-05,0.00013980946307598073,6.0183797382191745e-05,0.0002357565914601842,3.629442376758052e-05,0.0003205510343179473,0.2959623862179569,0.9986409023847957,0.0006229438269228344,0.4577845240805214,0.49426995925114786,0.5075568017412524
0.8813631330214439,0.4436889632052047,0.0016606701507377952,0.00037039802784429683,0.0005153913287936647,0.0003087326037290162,3.6772084267606225e-05,0.0001753118329728019,9.7133944093245e-05,0.00019916497985638808,0.00012586071795867105,6.180585524335377e-05,0.00011170991612460043,2.3383280126016563e-05,0.00019430699373567062,0.0003290171127768079,0.0002337567612742586,0.0010451592096738134,0.28906950677605325,0.5652600924925281,0.41525178627359965,0.4912118689557412
0.0024984147130716907,0.00034305512846398277,0.5791160596644293,0.5785117469582328,0.5858622160821556,0.00014513039015635196,0.0010927711159485908,0.003182327854735071,0.0006883765488340669,0.00014886521174237193,9.414634590681052e-05,0.0004353477984932519,0.0020125931827061107,0.0006911014695646029,9.178487992567852e-05,0.39546470150024776,0.49966464942249456,0.9972277510250035,0.08687047347143448,0.5071558807997991,0.4244269092142938,0.47054637615843553
0.00037030958915219966,6.925807760244163e-06,0.4597819581807629,0.00016998311928999985,0.00013053758348970942,4.7532329221388066e-07,0.9233515303280082,0.00024593238740139214,0.000169429823837758,6.290604414322056e-05,3.882455031019663e-05,0.00010456923330238812,0.00015241118647326915,0.7058786400701784,6.581396239705066e-07,0.00018074427272646298,0.00023601316233627737,0.9994829920715007,0.01180877879881645,0.35287913739410576,0.4081004529233271,0.5374485237843217
0.002537912520397095,0.5810753077752028,0.0005158470097382187,0.00016429797666511013,0.5764909540723214,0.0007113357804450916,0.0006079633144434262,0.0008088609100663221,0.576017941453479,0.00016379315178907924,0.00010382049254262912,0.3915378217953205,0.0006324286586973345,0.00047437497096177903,0.00054933658821954,0.5020086996990474,0.00018049933025435317,0.0005651550958015981,0.9971321873780551,0.5252019059441912,0.46262202486810133,0.41471831547323385
0.005653796181748525,0.0002650039670626117,0.00021860432033909467,0.5842613504679484,0.00023105619344912815,0.0013912492063045717,5.642192653870804e-05,0.5835108821174915,0.004073204610225839,0.5841543964956175,0.3919532068661112,0.0031402103316821453,0.499574987535542,6.147509351322085e-05,0.0015158516139325774,0.0002517503872763076,0.9938284483473614,0.024365630192407395,0.029817732490452165,0.468343299357207,0.5783820819646557,0.5659895802933534
0.0026801084235522493,7.38744634480715e-07,4.606225891649233e-05,0.45045284580485234,0.00017264961355137632,0.00013922178453682174,1.4436022305629974e-05,9.366170482162236e-06,1.2774836454516194e-05,0.9014794514286432,0.7034422320567103,1.7758560663539567e-05,1.331770821240698e-05,2.0566337405644893e-05,0.00019551844943595278,0.0002495665114038817,0.9960655306580697,0.010711668700662591,0.00017609278495897153,0.5195365510830063,0.4150903763680882,0.5405352300585109
0.006093799404235965,0.0003566501544157168,0.44536675323044106,6.85910185974461e-05,0.00022647555920045012,2.5097336274080366e-05,0.00016493796277067157,4.3679797803962745e-05,0.8980153410793481,0.0001519456605721747,9.649932232027992e-05,0.7068773756836553,6.268873444150759e-05,0.0002368701561716305,3.5871552727609554e-05,0.00032370086902581014,9.830829518364503e-05,0.9912041152872,0.036916427326282475,0.4578265136254722,0.49469593668735024,0.5245034787851591
0.00019437522137985972,0.581521890966883,0.0006273390042615285,0.0006346323897502857,0.0026289505734121764,0.5758874012898437,3.599514049189738e-05,6.106278964783066e-06,9.593116852612003e-05,0.5792142209659904,0.3920862038645925,7.462104816476214e-05,4.749832055351124e-06,2.799919067426815e-05,0.4968988099159187,0.0028780290779124884,0.0006966899128925444,0.0006867805259879387,0.9997854696265772,0.48444687557380517,0.46572553934037,0.5351221847010234
4.475274356990182e-06,1.6826173485573414e-07,0.0009766669165861119,3.435408082658048e-06,0.0011284888512628696,0.44974727821057026,0.899133723261278,5.767529699456784e-05,1.906103983433604e-06,0.00039871114553668123,0.00025151752431636966,1.2024208223631697e-06,3.653312178989499e-05,0.705940267676507,0.9978874429351812,0.5458285093343676,0.0022454705898512207,0.9970569127843841,0.02372967850116564,0.5261444755557142,0.41053269791863056,0.5222673921372304
1.8590439015623107e-05,0.585358256213681,0.0004447725121350416,0.002305390358060475,0.001257588441163517,0.5837186424008933,0.0001360670092580856,0.0014743178749244447,0.5858813207588692,0.0023310972881358397,0.0014646433554687532,0.39251394706255993,0.0011400614477483674,0.00010478602369284006,0.49910553243886424,0.0013677132873232932,0.002514225522801697,0.00048372396430240846,0.9999796164389568,0.39470356645986915,0.4698969949912404,0.535195830581983
3.2039912694904657e-06,0.0003990159784405986,2.0371507268412224e-08,0.9000287216169482,0.0007392325285907398,0.0005293396009795747,0.0007588946890039494,0.00012057328410157371,3.421594870942541e-07,0.4546334771838364,0.2971380247560937,2.44818889896437e-07,8.611158962562024e-05,0.0005419154503045857,0.0003733962641735372,0.0005289218217558281,0.9997048726062951,3.404251653084744e-05,0.9949715601936556,0.5246195132431888,0.4229060555958949,0.5635434747773813
0.0021760584878684876,1.8180232311652878e-06,1.4220141415731712e-05,5.3033866648582446e-05,5.8273324434849194e-05,0.5783834043455588,0.000195048272793478,0.5760205128142789,0.0002254364007596563,0.5791837191685499,0.39285401522569674,0.0001758161910304514,0.49869462614365395,0.0002146857686537813,0.9975836807632277,0.016900860810155044,0.015429021046815733,0.004126436950114732,0.0005275638617809216,0.49203088848513094,0.48014970805205787,0.5208542449044951
4.6310876055306466e-05,0.0005219936246314814,0.5851425753743291,0.5733622565967019,0.0023211433201214644,8.81241663744025e-05,1.8375256810260174e-05,0.0002695258667198436,0.00016514819980921507,0.5801497198356471,0.3918714004793743,0.00012957187529118405,0.00021157552085067783,1.4328202724692043e-05,6.838874631153076e-05,0.0018138284155657857,0.4944057550704314,0.9994297783059449,0.9426935829875469,0.4672325045879249,0.49107584961063994,0.5599656492138528
0.0009458344673596103,0.582635512273088,0.582069221738839,0.0025259049995988636,0.0021624873452374977,0.0003675427259365293,0.0006666747278770392,0.0020103262310469756,0.00010095255863724137,0.5842469720290553,0.39280142997539236,7.889381859149235e-05,0.0015603864999707002,0.0005177991793117523,0.0002841106053126569,0.0016716052670214094,0.001957923931144922,0.4996928369411623,0.9989485660415953,0.45934163401574063,0.43718967541401715,0.5645147161222049
3.295084592590142e-07,4.812331678311394e-05,0.4505618831785136,0.0005476420524761477,0.0003234026291256629,0.00014894965729317952,0.0013315041054328576,0.0005044640996562933,3.949505788378342e-06,0.9002861301789273,0.704594944585748,5.580419343610008e-06,0.0007157172469964949,0.0018903201971504845,0.00021045819983702145,0.0004569517170080184,0.0007759327934251331,0.999932002780219,0.9956020409016103,0.47448837880376843,0.4254820691412512,0.5231264150821097
0.5805826487500892,0.00032148370196335296,0.001601017309292547,0.5800621684733469,0.00128879589176308,0.00010758090551401029,0.5751619266992635,6.492180859431382e-05,7.515946493572358e-06,0.001888566701610904,0.0011934324611901717,4.749519881058631e-06,4.1194922103180866e-05,0.38894289136427473,8.299704290905464e-05,0.0009942869053299903,0.498009774645026,0.001741345234633547,0.0003496611902195079,0.457994544031369,0.4944449694580634,0.4249358515672822
0.5775022814863526,0.0005126776667563053,0.00022348415024845642,0.00016859479836042323,3.3155169085601515e-05,0.00037262442131377787,0.5815394539692286,0.0005924728996376257,0.0001362371137938316,0.5720298469023573,0.3867181152200786,0.00010539691042822129,0.0004583539494872335,0.49962878540816047,0.00040744201774526104,3.625315392373485e-05,0.00018485883558344443,0.00024436608307615293,0.0005605790410452283,0.4967512133733799,0.5458867519641445,0.508584304754252
3.685390204928828e-05,0.0005037650066043818,7.275026901792292e-08,1.5386108814786032e-06,0.893529186955479,0.0001856640343350295,0.44958573364791593,0.0009315105379670923,8.259190277797626e-06,8.15059201150606e-05,5.187472116324649e-05,5.256589904387686e-06,0.0005953077086286182,0.296773151071831,0.00013228148431220085,0.9996401039859909,0.0019444882655209545,9.168943713989012e-05,0.9531314660648308,0.4920936984795933,0.4919817778214426,0.5116005764959989
7.529010378874574e-09,0.00044306549562462936,0.585715534934263,0.0029436866560066614,1.5718036620308078e-05,0.5844479420724816,0.000199517803766194,0.0011983037345571711,0.00037271897316394745,0.5814807322453303,0.38997360176258794,0.0002867656042285652,0.0009257627433667452,0.00015423948905602885,0.4993069721046535,1.7084279348279264e-05,0.003208359292833555,0.9995184297996123,0.999988719363154,0.486455706494273,0.4061968036677669,0.4516391260781191
0.0019925206106001635,0.5812988395397934,0.5772047783243488,0.5912225422279417,0.00012580416329646853,0.0006446861421244379,0.0033385319455147113,0.0004087977795233995,4.96034577443207e-05,4.02249159644592e-05,2.5805923076244294e-05,3.1571743670663624e-05,0.00026032930405111475,0.0021118489263751983,0.0004058726015292306,7.975242100223475e-05,0.39881862512349775,0.4977496994430719,0.9977799633255323,0.39848774192223757,0.5228131423548863,0.48042224777833437
0.0021609662881586214,0.4538489719259363,0.0018129052800901668,4.532137825754375e-05,0.0002156057264047798,0.00016827208893061227,0.8944717403983126,0.006832712036437511,0.002022718202887706,6.05765580337442e-05,3.8446852159974994e-05,0.001283783754147355,0.00435452342763299,0.7010748499122019,0.0002360340296829863,0.00030242862170685027,6.374808938125346e-05,0.0025429506942944574,0.9969440646311026,0.4649386168322489,0.5285680464600758,0.5317437681697319
0.00928017440594832,0.586964956546454,0.0013147259049800504,0.0006040298440209104,0.00037484272719115014,0.00012870579774043128,0.012400128765511342,0.5862297619983237,0.010381403181900868,0.5879397059970092,0.39181885464100574,0.007948561521203268,0.5007996594538271,0.01350961318705568,0.00013957648110786877,0.0004065028056100371,0.0006568609151305347,0.0014257681344850281,0.989853529097245,0.4683941080734408,0.5780918905053799,0.6061205464639144
0.0001779042860287918,0.4486781303122154,0.00019403965879028493,4.9811011945218836e-05,0.8938266341759125,0.0002491406939936719,0.0001430027412784621,0.0006776264461047672,5.244302767220435e-05,0.00012851228060306667,8.135930999854821e-05,3.336716363849042e-05,0.0004313697670202507,9.093039586527949e-05,0.00015679371972217922,0.7074458876417828,7.087132689122402e-05,0.0002753195054415586,0.9997431928977224,0.48911242359037715,0.5134050735888138,0.3938332426154384
1.9605344869071354e-11,8.39906278210446e-10,0.0,4.621377595138416e-08,3.189095866822799e-06,5.258545724107951e-10,7.065011400282927e-08,0.9999927564019202,1.4541983839712467e-06,2.4820545729465795e-06,1.5736478259155518e-06,9.21976562200165e-07,0.9999979773712636,0.014099656020260722,0.00010496205092145434,0.9907481887694268,0.9884157596881381,0.001165784006026604,0.9424163669069878,0.532805081987297,0.5549295310886501,0.5047540004599658
9.958712014850356e-06,3.3065754562273016e-07,2.0935856600451448e-05,7.015404820550253e-09,3.5200140748083587e-08,3.077789927043488e-08,0.5618377098754839,0.5630806428450854,0.564152303794064,0.00024238759316856615,0.00016550495525236584,0.3895014881735108,0.5011029459589188,0.9999726450439457,0.0009209091214018171,0.0013253454717596755,0.000400111124541447,0.7018582123974606,0.02070250807404326,0.4991743638928726,0.49575289653035803,0.47689385651640115
0.007328355071702782,0.00027974722867630955,0.598287703262957,0.0029210664863969778,0.5988616736217867,0.00021160637327965706,0.5966787561482622,0.0014478667795673112,0.0007003403794624101,5.364268187944045e-05,3.2920648417153e-05,0.0004298006837050774,0.0008922237759182909,0.39229063099389905,0.00015913176201476364,0.5002778607266146,0.0031165686978283412,0.9921333173258401,0.024093754928477484,0.409793324582696,0.3291062745202539,0.49915839122478284
0.7372634908711936,0.0002841714106240837,0.36522076458298697,0.0027925514496517923,0.0036241627446231463,0.003374320959153556,0.0003372868903282832,0.006921726868484653,0.011659229978092767,0.0018750068522466767,0.001305602189301501,0.007405901993932096,0.004845727428140164,0.0002280408364547697,0.0021895871794583607,0.0025264085996648273,0.0019002084813411952,0.26032251271413626,0.00023560303295260215,0.48035748467516076,0.42036956306244405,0.5246598630262482
0.0022617520091403253,0.5808436152656997,0.00017358424803106445,0.0010366561664689926,0.5811304661951504,0.5813939901434123,0.00038341690095691544,0.0018227464470402927,0.00028678605853000954,2.3934736303059655e-05,1.5138364515962719e-05,0.00018138791791563378,0.0011576142855708013,0.00024250588670406874,0.3920360856477445,0.5001558940026782,0.0011393458534541844,0.00019025200042190575,0.99750083805993,0.4890975553589042,0.5734126761896788,0.532075904012455
0.5818256730515631,0.0008466355406400501,0.003212865740280328,0.0017861610457838859,0.5789278416210587,8.891084259746079e-05,0.586290610066033,0.001022077462246699,0.011787555582009413,0.000534019515479116,0.0003360478553058751,0.007407226904486397,0.000644944797587707,0.3950707455209611,6.867929718924953e-05,0.4958205709776796,0.0019439062750276556,0.003486975988003074,0.0009188738001420782,0.4938082826970143,0.4556781804515347,0.3945963667743099
9.236034096300572e-05,0.0014049991316942643,2.0747843384383673e-06,1.7605328088772755e-05,0.4515491805807649,1.4295330641080565e-05,0.0002768236103732428,0.8954995880633301,0.0013308485954686383,1.4024582769153892e-05,9.243690971077548e-06,0.0008407201342513454,0.6984319966343554,0.0003846496122782673,1.9580933345375287e-05,0.997977828289466,0.007640035235124909,0.0009168332936329293,0.9588935529836222,0.524045934892992,0.36574594126481097,0.48466060930519467
0.908972973926435,0.0007246258692358056,4.8766791876339255e-05,0.0003080127661920553,5.574078037808338e-06,1.9078864142946598e-05,0.00018286937799200922,0.4549083743765068,1.5478169112139382e-05,1.7502282045174995e-05,1.0890785021792809e-05,9.631281953569612e-06,0.2933366065026067,0.0001270393680616885,1.3254088493406158e-05,3.872312375343507e-06,0.00021456928410767961,3.3878265971716646e-05,0.0005033951729720987,0.38039525341526204,0.41451767965311787,0.4615077319396802
0.0049650006281458155,0.5837494394198827,0.004123414368625485,0.0011551077239937955,0.5808833776236982,0.000272223070591712,0.0006207442682314241,2.058766618466985e-05,0.0023100120234729425,0.5722757306162928,0.3866113500783438,0.0017856864385162041,1.598034909419422e-05,0.00048213951870902357,0.00021043460986189393,0.49841500894352403,0.0012631421703972745,0.00449664974852046,0.9945412899922826,0.5093738437951865,0.5501162771852589,0.5162194909624702
0.0036665613061698955,5.288735612756806e-06,0.5840492298663583,0.0008484909655913862,0.0011737876881484043,0.5802107645750546,0.0009108280833398137,3.7654097850595115e-05,0.5852458914789946,2.51244669892794e-05,1.5880216760078965e-05,0.3947203820451779,2.9242878229772504e-05,0.0007073663096112082,0.5006292701258965,0.0012904544817096543,0.0009328270144103048,0.9959689641758915,0.0009182749425996062,0.5271042024351987,0.573836671939102,0.532011335583664
0.0004915965351050532,0.9978634213557741,4.299679225161507e-05,0.00038329627227348445,0.00014360690453798117,0.0003228263164086342,0.0001576873359099903,8.120416812317463e-05,0.0003112814781744559,0.00020208284144156242,0.00012345715384075217,0.00019148819292801581,5.002570374804149e-05,9.712942203159852e-05,0.00019643021710245593,8.863227530010796e-05,0.0002338632337368495,2.677289536604996e-05,0.9996915076568685,0.5660657352576949,0.41565130219138113,0.686499201942415
0.004363491653006413,0.5783125167836002,3.10448186923663e-05,0.5853564726329149,0.0009177029082186916,0.0005640434342990867,0.0006699055799765356,0.0011337211819232862,0.004508812887778033,0.580687642466029,0.39088027784970175,0.00352174833358796,0.0008868153339087412,0.0005229346412760206,0.00043577856852739254,0.0007191685760962265,0.5047233704867272,3.417424642577476e-05,0.9950458146120675,0.48148613981502336,0.41395142738930585,0.48002925221433096
3.0189973412295432e-05,0.0018336636314444865,6.032758739745586e-05,0.5897655152544642,3.361020687059864e-05,0.00016561384316638188,0.5919514415989316,0.0011028341802541142,0.5864381310601133,8.796603366585712e-05,5.4806177773549615e-05,0.3891613058859302,0.0008425148519191992,0.5002954880868404,0.0001782763858679694,3.617998735919192e-05,0.998024805212465,0.020934442167910294,0.9894338970631908,0.4097369400749286,0.588566265120557,0.5762097757154973
1.0179350157175745e-07,0.0,1.4561046548250052e-07,1.764896008807569e-07,1.5524960910584127e-08,1.0787157809080005e-07,0.0,0.0,0.9999994527098931,0.0,4.819148034903423e-07,0.9999998272539172,0.0006506284292469629,0.0001496889444313374,0.2574900774845821,0.04097269595022457,0.49672283060070266,0.6057663469774215,0.0014640793026906712,0.4672812768650626,0.5002359423352758,0.5995974931446094
0.001731397747369957,5.352462699135898e-05,1.3558636321826745e-06,1.8495929142587692e-07,0.5850550022933236,0.0004869881706041984,0.0004944041231587733,2.2015752487078482e-05,0.577512325113624,0.5781302261122981,0.3901884627649129,0.49586806745936873,2.3956023528584272e-05,0.0005379765243282876,0.0005299071919514613,0.9980997319725247,6.761219557530193e-05,0.0004942686647569406,0.01951493011899095,0.49259931337586277,0.5585637018770341,0.4609241800022829
9.738089931435629e-06,0.0010734126985427394,2.6495858721160118e-06,1.2080976048539248e-05,0.0007633755391937627,1.0132390334620735e-06,1.7872769162821377e-05,0.4432568699006501,0.8906688201429789,0.0002033417837806209,0.00012926899331226776,0.7068192458062585,0.9981182222140697,0.008658223917734242,0.0004885882508583102,0.39560053785559324,0.0071842419755501485,0.0015713837010726166,0.9941241941360617,0.534291412667614,0.4368448745937818,0.5038454079090321
0.002399216871803809,0.00015196287894962178,0.591073100302644,0.0006402204707995388,0.0012166072039200176,0.001089275774418251,0.001474181011166593,0.00040988015685580433,0.5834578710928617,0.5943786736442559,0.3954384544942857,0.49586806745936873,0.0004432787626366119,0.0015953361063853785,0.001173201119148404,0.0013103458608918273,0.0006914591365354136,0.9973897173518936,0.039943888275476944,0.4914192491601796,0.35817655134265136,0.4664090333127662
3.576338032198622e-05,1.0003199842588315e-06,4.636473861690394e-06,3.266342119216352e-06,2.6981275561441375e-06,0.5814445170874143,0.5828775757411336,0.000922562946143947,2.7291451940692152e-05,0.5823815114511718,0.39193979321357364,2.110318742317326e-05,0.0007163158480444707,0.5007835692566383,0.9999599131200699,0.04695762201392384,0.05718465724196553,0.08138742800937684,0.01765784515880553,0.5271013962160691,0.41481700019799495,0.5216808246823303
0.5831903431886446,0.5761569000595468,0.005207728874054649,0.0003092180270914454,0.0013979156338679317,0.00026197000952746236,0.5841393623240315,0.0001764638137635381,0.004315133428492901,2.181908994287147e-05,1.3789492187829155e-05,0.002663037200820906,0.00010906063291884832,0.38471916288293073,0.00019433458916963186,0.0010763375759068163,0.00023083191800790485,0.003953006210483291,0.4971468670338803,0.402834966389907,0.317155838594951,0.4941562177798159
7.958361075657702e-08,6.181847828965698e-06,8.792425990056862e-06,0.0004741928152825479,0.5808794633744686,0.5821505971742513,0.5816383668836596,2.4884756946481533e-05,0.0003287855146539913,0.0018040276923634421,0.0011362205125190262,0.0002092646652454204,1.5847075338322968e-05,0.3922794898137159,0.49849374924884726,0.999482332766819,0.985611872750781,0.6098495401144286,0.9916356934221031,0.5675098730863504,0.4184213674719061,0.4976914234667708
2.3879508608502765e-06,4.8952741942740164e-05,0.0004414959169811792,1.7585810724269041e-06,0.46024169607118626,0.002370104157683842,9.769604001917155e-06,0.0004644605982426798,0.9273160026228727,6.941821039703664e-05,4.278115334787616e-05,0.7094704411650747,0.0006450959467451721,1.3578004846851847e-05,0.003278367165997839,0.9993855566944149,0.0025273712831234687,0.9296136725269044,0.9684280736280069,0.5373225791581997,0.4330662114863225,0.3037443820764464
1.6163935184304376e-05,0.0018301859754202184,7.020813277011374e-05,0.5748327176826727,0.5829444993820461,0.00010150174719707146,0.0014975787169776893,0.0003415847528229064,0.0029226361435640397,0.576690490707278,0.3902660147516144,0.002269539391223402,0.0002663485575767489,0.00116848361410399,7.882054034919202e-05,0.5035786505012347,0.9979771415820459,0.024408653709827248,0.9943316700127689,0.5423430612247235,0.4840026471351159,0.48308507452243016
5.059884801253259e-07,1.3349560256847671e-05,3.6730518121236036e-08,0.0004182438446442039,0.573812296110913,9.871733544406571e-05,0.5712343153575077,0.0011753190392484237,0.00026329169917904005,0.5758772008103723,0.38996858326414274,0.0002067398013322331,0.0009242029786745555,0.49732517403124166,0.00010797659152450811,0.9995410396695985,0.9797272839263933,0.001835967932412752,0.9751129069348293,0.5143979585149839,0.5012144213212121,0.4597249299303655
0.45589989845716516,0.0012677282249021625,0.0010938453796580263,0.00012205145339880541,0.0024104097956914633,3.266534637814179e-05,8.445623576301634e-06,0.9098205881156559,0.00043445300030665857,0.00015550306506255672,9.711894975260748e-05,0.0002713362653539292,0.7021953050768361,1.169773637500933e-05,4.524362400256437e-05,0.003338589174423085,0.00016951983715750578,0.0015150677821043597,0.0017559083194842607,0.47982875735010255,0.37686398276465094,0.5613296645617191
0.00010753570142210764,1.1600855272976731e-05,0.00015258795610931464,0.0001325208706425413,1.4160605781172655e-07,2.920481408973692e-07,0.8952574297377643,0.00017819005465952737,0.44554840625196146,7.829716367012663e-05,4.965550001178827e-05,0.29277530851159955,0.00012662947444187734,0.9998373309715783,0.0008090162815752722,0.0003931752917450789,0.39245499506722015,0.605026090570449,0.06786397456975808,0.4493747125272209,0.49595188122011546,0.46468001481933024
2.8574092252083145e-06,7.147668503134228e-05,8.619504128738238e-05,0.0008048942141889928,1.164046205118176e-06,5.999847052230874e-05,0.5793518021272605,0.0009345763733129497,0.5774659431734351,0.5797884949010168,0.39182226655218744,0.4974458572011408,0.0010262919643860002,0.9991064349773896,0.046790218276782335,0.0009096987775676104,0.9122109637530778,0.5590026304729347,0.9743539857577238,0.4879149002227654,0.4828371298262274,0.4384202320015706
0.5760957998065537,0.0008332741898478166,0.004018452915303453,0.00011025271606263956,0.0026918222739413947,0.5798876111531147,2.4136374460699977e-05,4.0356206387029386e-05,0.5859684670871396,0.0004083750469620646,0.00025779997382666326,0.3947203820451779,3.130273842855526e-05,1.8721645832414213e-05,0.4994883872733218,0.0029504359155637858,0.00012118076787076505,0.004404583952082779,0.0009133541299515814,0.5250329239904259,0.41187025225273766,0.5078328765178343
0.00022513057860352532,7.100196277217137e-06,0.000295758646823867,0.0002702910018567923,0.9082990648804083,0.45719987577306503,0.000573165523852923,0.0006648504976539203,0.0002535928772841494,7.671177701335187e-05,4.802567994492831e-05,0.00015876272294257344,0.0004179483082294204,0.00035883239579894045,0.2968752570229757,0.9996769047200497,0.40014374746474657,0.5831501065424394,0.019908712758544445,0.3879120910914119,0.49707334025358574,0.43438566501968506
0.5725198981676333,0.0012946132256446046,0.0021508715362105304,0.004461338729375416,0.5783003740377806,0.0003941947548135771,0.00013024195787790052,0.5772836099632247,0.0003566869291001323,0.00025350245193466586,0.00016109403174139535,0.0002266650200269074,0.39281713928512074,0.00010196247621675473,0.00030713721199690785,0.5006015149911486,0.00493421085472805,0.002372328572910337,0.0014279112086662549,0.46779200612216526,0.4827834686013744,0.47831105623151127
0.8938752596227934,0.0023405493717634633,7.144985982324727e-05,0.0008417467379313447,0.4553375184570748,0.003160143626387771,9.430096670462506e-06,1.2050346954690538e-05,0.0003100424156383989,1.4512962632947764e-05,9.15061994097506e-06,0.00019548595569308924,7.5979077344104536e-06,5.945804164728238e-06,0.0019925168104139206,0.2978453841880694,0.0005962836351705886,5.047439149732659e-05,0.0016534314214990409,0.4741054212998231,0.41338963649405597,0.46110793540418177
0.0,1.185071406584066e-07,1.9748591009154957e-05,0.0006211872801585284,4.6020406570593206e-07,0.8995878283657202,0.4512895559063767,0.00031800753049693987,6.4054242510541285e-06,3.696599041484637e-05,2.3382701098834777e-05,4.05172754252744e-06,0.00020115449696039844,0.29601335425008407,0.9995589591749451,0.0004700978809312,0.9798231117422382,0.9961798400845154,0.9996969430666341,0.5153487806328058,0.5706016652021986,0.5349225898627568
2.276781940931542e-07,3.096750505438332e-06,0.00028902292295906063,0.00030896980669286396,0.5748756968596413,0.5797530786542588,8.954607211552067e-05,0.0011114412715567735,0.5785912011888723,0.00024087165110272656,0.00015323911886410712,0.39248681738325447,0.0008702061478636147,7.015574895379489e-05,0.5026890851633063,0.9995307752316075,0.5220880031566714,0.9931601507711858,0.9528477944389386,0.5071595807752609,0.4793239165301383,0.5142625798633936
0.0076793690948476255,0.9028855498411004,0.006377687066106021,0.0017866056837093284,5.131484904220614e-05,0.0002984178601892046,0.0006805852325298503,2.2572357562738976e-05,0.4497918547497076,8.665325210480837e-05,5.46857835744886e-05,0.2942206110847668,1.598034909419422e-05,0.00048213951870902357,0.00021040073126458124,3.617998735919192e-05,0.0012631421703972745,0.00449664974852046,0.9945412899922826,0.5882068514786932,0.526883745404462,0.5162194909624702
0.4382118736404851,0.0009740267086867401,0.8770191705175923,0.0002468359982557619,0.0025415464036149353,0.004181543383537737,0.0005962260676686449,0.0024567751738670067,0.0013310622435567545,2.6761964167290166e-05,1.739791384343953e-05,0.000841193196644435,0.0015716955038108564,0.0003821789703916241,0.0026422113429580008,0.0016810828437893444,0.00015857558043755164,0.6995839016266594,0.001489500133286908,0.5700392613524355,0.5237791810414334,0.5452081720360425
0.0004151485376383842,0.5876301704297586,0.5806896788958735,0.0008082553008784848,0.003008532910084182,0.0002675257731255186,0.011647099205375364,0.5859201670263073,0.00019185965399032246,4.109806079281924e-05,2.583073140803989e-05,0.00012058659525571023,0.39269260831708186,0.00897452644252894,0.00020615229438479817,0.002318346181846439,0.0006228365216518328,0.49621807763677217,0.9995502413986567,0.40776651178066725,0.4369318552571481,0.479723295288706
8.36554648435924e-09,3.825156833330668e-06,0.001166412787822,3.8688451449920426e-07,5.435899758126244e-05,0.5846501932243915,0.5850675434034562,0.5826756875061869,5.239613480417269e-05,3.5168316172464545e-05,2.2128895009086092e-05,3.296912388798123e-05,0.39070459906991045,0.5002265027377891,0.9987285221589652,0.029647166546929393,0.0002117428290318267,0.9979122678674935,0.9985963515866056,0.5200393724780139,0.49654867498084465,0.39354057357970507
0.5706674550916725,0.00021945701175594135,0.5814685973773395,0.002796951276234247,0.0004069467551787112,0.0020034926818172562,0.00046701419205108405,0.0009582402629619157,0.5802075961912769,0.0011389598206215763,0.0007230086358342425,0.3927600325423839,0.000748847620425955,0.0003651994944056003,0.0015592666904463148,0.00031671683282486016,0.0021828311987805733,0.5033839440266417,0.00024283918537408404,0.5250727710569292,0.5471902114026275,0.5039465046980579
0.5760061661520682,0.0004708517963615956,0.000152193676496573,0.0010363955937503352,0.5809860782801123,0.5816824810746324,0.0005839937540033358,0.00017290060606348954,0.0008267233410700793,2.3481222741222132e-05,1.4851542046184461e-05,0.0005228909103052433,0.00010980814471115623,0.0003711308832800685,0.3922596152794759,0.5001558940026782,0.0011393409816745658,0.00016684891332724439,0.0005161899659603977,0.4890975553589042,0.5734126761896788,0.532056754721837
0.4489305041768545,0.9033263645227819,0.0030502119155672185,0.00011156176482690759,0.0022888101482781598,0.00012258896536509502,0.0004880924341580445,0.00044302614237448146,0.0017152789359075385,0.008113304951353973,0.0051119787057364394,0.0010807756136070226,0.00028029646024667614,0.00030900905497610533,7.724186754508116e-05,0.0014421534515166655,7.0488568789943e-05,0.0019219055037560705,0.7043093514323517,0.5897982931610953,0.4912626972120207,0.45245612557980275
0.447010734640679,0.0002787381678203557,0.003240103052897136,0.00016652610026269104,6.311621248552013e-05,2.6879497947640333e-05,0.00022497634958077952,0.0002852880655939357,0.00013636768983280842,0.8962644815421397,0.7033947923451429,0.00019263586324227007,0.0004046656606859683,0.0003193232320464297,3.797055194254675e-05,8.915931380182622e-05,0.00023588966912862597,0.0045770679494636715,0.00039375933761737203,0.5148112674004762,0.4546847388839138,0.46972064862737484
0.00782915969343277,0.5839723734333695,0.0008626058681995762,0.0011398169844172848,0.001105103914755921,0.00027108400479298106,0.5731176247335196,0.0011799025061388863,5.506821979747847e-06,0.5791372578968038,0.3914052161802046,4.302606947899899e-06,0.0009229966198665876,0.49551636628822093,0.00029549849611919623,0.0012129957597901307,0.0012459004725353016,0.0009402895871346657,0.9913172525353989,0.4933996951279916,0.5487458135748506,0.4598011556830474
0.0008494213251755284,4.377712740753779e-06,0.4504142421969854,0.00015578680366638321,0.8979801637705931,1.9967658591228483e-05,9.154390870096295e-05,0.0002551290703660906,0.0004748531126683608,8.117607156387185e-05,5.1441118903851355e-05,0.00030091350718002555,0.00016167481657375729,5.801120572069575e-05,1.2653468373986841e-05,0.7040250856341692,0.00022019014914818118,0.9987994053018742,0.003280955788916129,0.5204260469430643,0.49427075856016417,0.5645021829340043
0.5845089554752283,0.0014583887545734674,0.5804019433000354,0.0003016451094578622,0.00041531775707262286,0.5831287449293489,0.0014519534847813802,8.668725547200038e-05,0.00044073809729354224,0.0001956188571728205,0.000123057030808502,0.00027725304740885146,5.453194873838855e-05,0.0009133739263776636,0.3909376657706955,0.0003196643481293575,0.0002328153038078569,0.4951659838045146,0.0015755330738509176,0.3978371339539919,0.531318166300826,0.5243104785345251
3.8862239721419346e-05,0.003999966680104554,0.9021171372455984,0.0024586836953670445,0.0001831515249213989,0.00013876341818866913,0.44875337282566835,0.001084656328311493,0.0006849141346863646,4.364242493243745e-05,2.7574598631013267e-05,0.00043274941427314635,0.0006853188304160938,0.2938610462012446,9.792335495578779e-05,0.00012924740745314623,0.0017350600344889643,0.9971771278206905,0.9938150255290138,0.5136303912722504,0.41991347692787906,0.5313203018013347
0.008864634551582068,0.599049814333839,0.0001842482325061803,0.0037211397178854725,0.5993770003143682,0.00035492002212575945,0.000312962196112428,0.5991227200840828,0.00035659106972266884,0.00165926154748752,0.0010177851278676273,0.00021873188481688868,0.3917622360558547,0.00023509757029994337,0.00026661636317547793,0.500133808404028,0.003964997210106458,0.00019578255732945063,0.990503148355993,0.5653986831377142,0.5753774711891126,0.33296133290956337
8.607709971362996e-06,0.00020912409476955428,2.850540551876574e-08,2.205714996317794e-06,0.000190657076459369,0.44670402996918573,0.00016694144467386716,0.8929348645749925,0.00017134262348209064,8.54449120463849e-05,5.430189372893369e-05,0.00010889155182725071,0.7057446685540507,0.0002390519233276473,0.9995964974074667,0.4703252014101047,0.00672727393988462,8.670712802279733e-05,0.9735968772899506,0.5266019808868645,0.5283743346011754,0.5147911859834674
0.5791259975308664,0.0018297210430453935,0.0010442416393503429,0.5702551073647136,3.603405154072178e-05,0.5776653639389036,0.0003273151740005052,0.0033913871397521222,2.1255569594069836e-05,8.188301691247344e-05,5.208683320986252e-05,1.3520939483360078e-05,0.002157308836167281,0.00020821056116264067,0.3917161525875118,2.8069980304401e-05,0.49337703485294804,0.0011386059358263587,0.001995063271600624,0.48720668115273486,0.47644406924345045,0.5088581221002185
2.42579973704992e-06,0.0017999726745366337,7.332830601091077e-05,0.4451532818249171,0.0021072427404335947,0.00027331288042564526,0.00011773435309305595,0.8927631109174439,0.004915363869427372,4.406549021519734e-05,2.8012310932228995e-05,0.003124695863949426,0.705871938302226,0.0001687067156733276,0.0003897817584945625,0.0030052297650693597,0.9974308399441156,0.025920715002213067,0.9991349468181441,0.49171468702208365,0.4694182597968525,0.47885054641993946
7.851052474189297e-06,0.0009461874700059484,1.9939943774430267e-05,0.5752696843136256,3.796273234451499e-05,0.00018074499686548205,0.579572013204358,0.0017341021399345288,0.0005349079774007227,0.5799271230534903,0.39199403571754887,0.00042001047193780607,0.0013623345960919742,0.5030107785654812,0.00019947089091161053,4.2187649373997664e-05,0.9989555303785048,0.013413774326762752,0.9946258096793925,0.4478749416803249,0.47695840586958016,0.5290223968947269
4.2701334464060295e-08,2.1678118494771752e-07,1.150980016022531e-05,8.606225970248134e-05,0.5980681312514855,0.5989340328392234,0.0007831983574107923,0.0002688999547638173,0.0006550022180983586,0.5910972377632946,0.3880984262904802,0.000492654629088536,0.0002024456754989196,0.0005918881201009141,0.5004605226683624,0.9999073227220959,0.9155776597078564,0.98776704670843,0.8745379610960164,0.5242113026759074,0.4903386457568396,0.6780407992892038
0.001342881040377011,0.0005329406426935932,0.0001642096612002216,4.186733551161666e-05,3.8545090453410133e-07,0.5827662042995924,0.0012920098337081342,0.5803483989085539,0.579739624981201,3.495422660334329e-05,2.2084186407174107e-05,0.39027082710874883,0.49998467215232234,0.0014181345032240748,0.9983998578926037,0.00016767445015730513,0.018249140385630386,0.07154795834311561,0.23874697476218087,0.451021096569259,0.43695615849593933,0.5353600021451026
0.0005901155059701305,9.144058600604225e-07,0.0005282429395962523,3.964921061179674e-06,3.461648396646231e-05,0.45016882725605195,2.071973524556588e-05,1.866389736400883e-05,0.90249140261977,0.0004373999072671283,0.0002761008170840858,0.7054403304526026,2.6394066757430277e-05,2.9301386805993007e-05,0.9988831240538097,0.027912677321922597,0.0031991406618469276,0.462097263775005,0.0009864651693713333,0.47299034727276024,0.41240265848071994,0.5115129786174963
0.5791209871580221,0.0042598192108489474,0.5857446322187292,0.0025365303228781434,0.002171606282575363,0.0003690926183370815,0.0006580298749805538,0.0020188034077890725,0.0029396729347521454,0.5867150392634007,0.39280142997539236,0.00226280880286861,0.0015603864999707002,0.0005065211780869318,0.0002841106053126569,0.0016716052670214094,0.001957923931144922,0.5010247122155127,0.004644762904480515,0.5999709673043078,0.43718967541401715,0.5092789550144861
0.5718551876637109,0.009317454173429598,0.0008739195870429741,0.005064280551902014,0.0026301258382941052,0.001385518673865093,2.777923438229906e-05,0.5686210301597961,0.0012822849963073485,0.5787818582936077,0.3919532068661112,0.0010087073593801356,0.49630755122403164,3.053744707905679e-05,0.0015158516139325774,0.002897527466230389,0.005556072085067365,0.0009561655593922046,0.010194732717756061,0.48481816581769094,0.4720580827491099,0.46554815569986285
2.4629162783406777e-05,0.003923963457559478,0.589051783389323,5.3000487650246356e-05,0.5834505486845972,0.0007242784745165093,0.0006151408134605912,0.0005507973019696312,0.5831766644052347,0.0032607099782055774,0.0020537677694046907,0.3915378217953205,0.0004247554143147499,0.00047437497096177903,0.0005585383537105378,0.4996870458351723,5.7773536211365576e-05,0.9957225393904898,0.9960042426327899,0.5252259306473123,0.4639818064317382,0.4061298480760102
0.45690847401457,0.0004566782737797842,0.004728726324164441,0.00016659113656296976,3.638967478464623e-05,0.0003889102890373782,0.9205714427001885,0.0006699857253103437,0.00016979609380756572,0.0002948498863321581,0.0001816532141844739,0.00010460918871081037,0.0004144715915721756,0.7058388381278655,0.0005374673546067212,5.029039698736478e-05,0.00023086363935468165,0.006535119803237898,0.0006311514056260574,0.3907351684670257,0.35743229056495096,0.46739354179182657
2.7922241139812057e-07,8.628225533346874e-06,7.925744388628664e-05,7.986481344505222e-05,0.5839681115737364,0.0021365710949015574,0.00048762713887848274,0.5792652835455415,0.00010173618868871208,0.5846343919660162,0.39276286717363434,7.857972599041302e-05,0.4987337664896777,0.0005341260298500004,0.0023291978099342693,0.9998768068721506,0.5014338682868269,0.9309302911274495,0.9792183973334457,0.4859281210581123,0.41526680896893486,0.5560176910816921
2.4839920068122075e-09,5.713690353488854e-07,6.625140483922504e-05,3.32600665109579e-05,1.3030208861912937e-06,0.5822695857495279,0.5789535022225272,0.001081137236969813,0.5776116037936609,6.197942887784738e-06,3.930314584943718e-06,0.39027181699465924,0.0008416767703529007,0.4981820315625973,0.9999188888813325,0.011182257376815441,0.2968971002085702,0.9945097269476615,0.9971469048766939,0.5147079395109492,0.4501151298752303,0.46509854177226373
0.002629197506448456,0.580348086426736,0.5818206440722339,0.0013790130116363233,0.0001447222070772693,0.0006109008174193592,0.00026587368411081777,0.0009206929348778863,0.5771001083709922,0.0005707829880270776,0.0003618607944123331,0.38976291706680183,0.0007161864501016716,0.00020695106216286896,0.0004732549861323548,0.00011211450541985708,0.0010712576718524367,0.5008045150491236,0.9970923676594221,0.49061294685189055,0.5638428595700142,0.5033902471770244
0.5717855405952252,0.0002457034047940014,0.002115458248708641,0.004014175021153184,0.001937874953123627,0.003611493369694294,0.0015739842251062536,0.5851694604097181,0.5804336403465395,0.012053816652118582,0.007618332956533724,0.39098729253872566,0.5060690751198309,0.0017381742674204802,0.003988261860104869,0.002140075624375062,0.004445353192088225,0.0023362540378941707,0.0002713484666700002,0.46479819924071064,0.5373131910818871,0.43173627061372843
0.5673728581510715,0.001846242463009313,0.002420852185632256,6.246224770053655e-05,0.5727557680210651,1.4754052015416467e-05,0.00011392282096403201,0.001364189359191135,0.5729620306444188,0.0002534387314819408,0.0001617219393977583,0.393010917993924,0.0010766007042776486,8.930659945486014e-05,1.1511152602973768e-05,0.49972691812194076,6.907912721519565e-05,0.002669922293185689,0.002036200375760812,0.49569003716091786,0.5031865363362286,0.47456696537476556
0.00481675771344781,0.5774903866688467,0.0001694578860967072,0.00037741639747776836,1.1464699796633858e-06,0.0003373366307563527,0.5776745555808622,0.5781911684177241,0.00015279928243115565,9.899615900233686e-05,6.288813370317073e-05,9.70670169414065e-05,0.39337431274729157,0.5000918107453508,0.00037186530353939054,1.263819116790717e-06,0.00041720015499489295,0.00018680270375920322,0.9946468345639787,0.4824280593173588,0.47975447246927594,0.5377423527842177
9.086865501692138e-10,9.111768403531506e-06,0.0002571618393980797,0.9138991671437531,0.45717358096233857,0.00010583925712256261,0.0005103244043878683,0.0001579341318345581,0.000256875131305956,9.803136730397688e-05,6.0938003104692954e-05,0.00015967805284512992,9.826911817028091e-05,0.0003187406276852755,6.579158424224068e-05,0.29458830202513403,0.999821244515549,0.9774524715720219,0.9999177929988928,0.3702060773951979,0.5291393123984911,0.5802424812230922
0.006536004700850068,1.541435676491912e-05,0.581104358508102,0.0001659733593577109,0.5813047598737112,0.5835708643077322,0.00025439912621632986,0.0016574564080428624,0.0005032030691194356,0.0006819014777020495,0.0004306383338519064,0.00031778575354188265,0.0010510431263700912,0.00016142666021287666,0.39303740633455553,0.5000900305211157,0.0001823217007992288,0.9927814992409519,0.0014892435427971565,0.5677241572818964,0.5259983013889548,0.44704881113881534
2.9709434297324083e-06,0.0016671862227976494,0.0018496575216534045,0.8924771978928513,0.0007234043466727244,0.4501107126277805,0.0009285857338306758,0.00020150278833151614,0.0004022698651928003,3.8866848542462596e-05,2.5418447767777317e-05,0.0002570055370350761,0.00012835084101622035,0.0005920650093209634,0.293156714799205,0.0005312914047609215,0.998138941196552,0.5139671273216504,0.9989220727311947,0.5194612866683144,0.5779238032247838,0.41983216618459057
7.049713009654552e-05,1.3095741142805703e-07,9.00441430117149e-06,2.996826293207241e-06,3.282913494256087e-07,1.7219575451120458e-08,0.9086827263282542,0.4542706465552938,7.116985595846654e-05,9.264895882576363e-05,5.805864589627798e-05,4.459872547718331e-05,0.29512759825026247,0.9999501638551728,0.00015410828144184115,0.002938086156833654,0.02682861779722573,0.08087572927801917,0.0011826010710213608,0.3770555235378298,0.527012526516887,0.5078446090838327
0.894130798011846,0.0015093450449106401,7.712590894701664e-05,5.0559997977113385e-05,0.0010121735776926128,0.00018441100810643243,5.065482901195288e-06,0.0012341052015883342,0.4533389889592503,1.5319927229343884e-05,9.665885874341443e-06,0.29664685690516734,0.0008715623195164788,3.577398991496617e-06,0.0001302366987301804,0.0007148281052480299,3.580596159553738e-05,5.446866423030526e-05,0.0010659414413524068,0.49145888382059105,0.41395096144016175,0.4608606355347479
0.0004577375937160283,0.8962550004339561,0.0074322509304968025,0.0003313914401281283,0.00024982755579553567,0.00017477741172647505,0.0006662557431275875,0.4456537302915333,6.558267106229816e-06,0.00032885091089779,0.00020946687161610904,4.167694628595626e-06,0.2947982942175476,0.0004754939141355445,0.0001241428249105046,0.00017745069140814992,0.0002360360565228726,0.0052791074945094975,0.9996722120303327,0.48955665954503375,0.5321682795504505,0.5252522348210411
1.4801609382852093e-05,1.5110821912169181e-05,9.89832851675149e-09,0.0030423068331728808,4.490510913241765e-05,0.002330829416771416,0.45020137873014604,3.4168580035267615e-05,0.9006361247630019,9.781109752459554e-05,6.17828948600268e-05,0.703675516888496,4.828405794608868e-05,0.9945964900824495,0.41530010543107176,0.009369869229076566,0.9955683362132876,0.0002967639939358852,0.5039926826943713,0.47408041939235934,0.4977220297294477,0.5847496092172436
5.108279935455239e-06,0.0018747563738155185,0.4452657633541507,0.003514820682988185,0.00045689926392068503,0.8949219140656741,0.00015437105776744894,0.0009648068585456381,0.00036004550575180743,5.871092443644772e-05,3.7713259354764156e-05,0.00023075508538093032,0.0006192404703786459,9.927442954667992e-05,0.7001977791175149,0.0006626075871542724,0.004963425155113388,0.997118214749151,0.998351919752187,0.5621335704122262,0.48285824640934843,0.5089010156537519
0.00044889696233693096,1.3641549271976462e-05,0.5912228687766284,0.0012036673804885617,0.0011337675276201894,3.380283241886516e-05,0.5904477894359895,0.0013818556146455566,0.5882087391370652,0.00041463939854408766,0.0002579129595218469,0.389775661953862,0.0010513397154041592,0.5010971538737519,3.6398361151492886e-05,0.0012208215616622258,0.0012996790269237937,0.9995124703205862,0.019184016267278226,0.3528783815162215,0.47968424224066564,0.5376588742259736
1.27771267666412e-07,1.0766457254099177e-06,1.2959980474184688e-05,0.0018470492577423916,0.8963985503467818,3.9707529052733186e-05,0.00027832974038232035,0.00021955551165507524,0.00020132744167344853,0.4530597778461174,0.2979222052671795,0.00014298187713961152,0.00015592737786260312,0.00019766858520343486,2.82001178550928e-05,0.9986845660991527,0.9955299562639083,0.9468595117426928,0.9241591543689496,0.48529167545586216,0.5639769596170169,0.49108255107488885
0.0015537163869523867,0.5859291945412838,0.0033710402404423696,0.0020607459444190665,0.5793060990667507,0.0019203415464504503,0.574711307189471,0.0032158498453555354,4.320711440254694e-05,0.0006627246852462383,0.00041704778403502574,2.7457076223967085e-05,0.0020446698039400927,0.38869646972755956,0.0014732483047407425,0.500904155131404,0.0022451655601941354,0.003662634366926487,0.9982825640845887,0.448454191961493,0.41324197757887493,0.4487458150878818
0.5749057077055121,0.0020143528809315704,0.0014055463222978342,0.5789312060016407,0.580170172691569,0.002414398097020793,3.404403597101351e-05,0.004662816580423505,0.0015397985873797267,4.877664814280689e-05,3.0904512267830424e-05,0.0009756050315438344,0.002966520841513917,2.1673252055134652e-05,0.0015297639315348442,0.3918807627806927,0.500514671775103,0.001543828749209533,0.0022125324001572235,0.49610519565806194,0.4358807673503834,0.47447169200992756
2.344628376611048e-07,2.3752084458195722e-05,8.798242630272126e-07,0.00214439793246662,0.5828543410714468,0.0020508500969337496,0.0003441394959933712,0.586371257359687,0.5905089505917206,9.197799144029591e-05,5.763276450825063e-05,0.3948397920773515,0.5019107002735514,0.00037587973711962865,0.0022400064448526436,0.997651170379704,0.9929632143305844,0.02356981350379772,0.9936646308820212,0.39031807159449555,0.4973287009613023,0.4370333224113338
0.5741349393944519,0.5781860667182167,0.0018811809196737498,0.0006812092094211984,7.4037876966977785e-06,0.5832088899351027,0.003228802746239619,0.00017771312660970167,0.000402591403751664,0.00010504583883581814,6.673832326024168e-05,0.00025577668185291374,0.0001129057303504352,0.002051345187472242,0.39548008160141396,5.78457519480631e-06,0.0005322284390278089,0.001457190629845022,0.5022381108548628,0.49486946616010796,0.5242643246723946,0.4622938474199295
0.001557985143755618,0.0014898383461343558,0.00256184314574997,0.5784658150762055,0.002258537958091985,0.5782768740869834,0.0019943217322066485,0.0005359944610411605,0.0008492916956121624,0.5742220750551117,0.3881400829439252,0.0006641735486619029,0.00042011450574067966,0.0015662290243056622,0.4965082302885061,0.00255258979499011,0.9961951919607505,0.5401017738526249,0.5020851879570969,0.44581368697140544,0.5058709759020118,0.5091997671203128
0.44876910089239247,0.00043791832747176865,0.00018141293080509215,0.00017690235620497247,0.907573639639153,0.0010868377183453526,0.0009314258616206218,2.3150968777185518e-05,0.0016176341530847653,0.00016577868507482957,0.00010407132110983256,0.0010155068937261064,1.4593489550673898e-05,0.0005875152743659616,0.0006822882077966441,0.7055964499204673,0.00024961252847045617,0.0002552696158405627,0.0006162012888290752,0.598040873524443,0.48007191215022144,0.5639043202912818
1.6633280896516266e-10,1.6188209090919633e-08,1.4553792864454191e-10,0.0,0.0,0.0,1.926913692514854e-06,1.5743068293637672e-08,0.897671931828883,0.44865798121024847,0.29506624545582155,0.9999986268361756,0.005197583751658075,0.994661839924073,0.001666640653797867,0.01362792487462599,0.0012808749681315242,0.0057689326974153035,0.9832022302803963,0.48277114111278596,0.4535122816582898,0.46698180938278894
6.997177547038048e-05,0.03487153396836068,0.19864537582043246,0.502081747551359,0.03260445866152227,0.0394542180304413,0.0071320639580404275,0.0012793867553381462,2.3757425305326804e-05,0.02664538382125467,0.020512964020403757,3.857719915211149e-05,0.0010362820494331515,0.005131815613950271,0.037820652323297364,0.03531567750964036,0.5922952300294744,0.9329337992597264,0.9975910788753719,0.5147618181577781,0.4832294263747213,0.4678912768841534
0.00021350024240914109,4.6886860414730605e-06,1.8112825116846708e-06,0.4483832673275688,0.0002857840381592986,2.9046535492301532e-05,0.893492119693004,2.6069817284807615e-06,0.0002214848388930521,3.3067974350075673e-06,2.104655753960822e-06,0.0001409670102328059,1.6660902610592544e-06,0.7031935571432035,4.112666251329153e-05,0.00040463845513216185,0.9996951581944593,0.005355815184626883,0.01386543122371564,0.48861084228302937,0.49543472686092055,0.49025198931029984
0.0007391730240796853,4.313836320468833e-05,0.8941943139824453,0.0005768971366450762,0.0001413412381617846,5.042007961882357e-05,0.00033175141662333466,4.2144832845632976e-05,0.44936100120734246,0.00015452244961226404,9.829804498715849e-05,0.29645573327232466,3.0128693715446124e-05,0.00023619009969002208,3.589652708202932e-05,0.00010062776522487115,0.00041185921341905965,0.9994685651126163,0.03681141485917283,0.48716643431711126,0.4761674067593417,0.50448689242758
9.430770655903483e-08,0.00025611643078262726,1.9886301037918214e-07,0.5814965901278166,0.00158602042366368,0.001374419359454183,7.931988095307623e-05,0.0003965984968957106,0.5767934780467101,0.580206024554971,0.391953274121912,0.4965323545332321,0.0004329917411668797,8.65985584897885e-05,0.0015005424475665636,0.001731566303766371,0.9997203808962309,0.0004943088594173105,0.9997636673662537,0.5261755273874055,0.4376555221763425,0.5095664106968362
0.0010708360583646906,0.8951545250605791,0.001667646367859873,0.4477719880764834,5.785133426217245e-05,0.002744052094358325,0.00010701372775290292,0.00011576966245156905,0.0004728464241565813,8.211467908612278e-05,5.2199739720454066e-05,0.00030058525029686366,7.359399139322614e-05,6.802790210331516e-05,0.0017443775552173414,3.677583938600985e-05,0.2959839354684333,0.001186006516349278,0.999232216557594,0.4866604968976114,0.4823895657487023,0.531137887202252
9.530580991544381e-09,1.457775925602819e-07,2.0864496069571318e-06,1.1947196999754537e-07,1.4659106968159989e-08,2.1310038187802473e-05,2.4469258363689203e-09,0.45132400731877226,0.0001902731520219784,0.9024959826228419,0.7047898443387517,0.000268391756933735,0.9999697959883929,7.274915965025516e-05,0.9376130179138686,0.004454507765316472,0.03642535518496556,0.955496491869652,0.9580999205583345,0.4992779453339515,0.4109638164330145,0.5335742550898257
7.71180918099899e-05,1.8002601121029754e-06,0.00010631212858915955,9.161068192048246e-05,2.7153777387646986e-06,2.0370711628425368e-07,0.4427544611623079,0.8875350663959302,0.00021641980923344447,0.0002496762700038459,0.00015912754127899218,0.00013902198051113368,0.7071135307242467,0.9997696655665664,0.0008060432896922001,0.010818668705353529,0.38674512019608415,0.5951756259255694,0.014606987744847144,0.4680721833204982,0.49718039523515806,0.4698219813890827
0.005024497246101246,0.5907487403047512,0.0033084795959525863,0.005315477394271825,1.2379572239959102e-05,0.00014770361028074936,0.5941574199065158,0.0011047412463967507,0.5873509357768135,8.789783371985119e-05,5.46857835744886e-05,0.3892201035490263,0.0008428257466099051,0.5018034371704952,0.00015915866079526758,1.3339662465951902e-05,0.005743661033205116,0.003565222558690468,0.9945412899922826,0.4033300634681872,0.590783410627042,0.5752877205235919
0.582165355444171,0.006131676727721798,0.0002776576999282984,0.0020413351081405642,0.0033939511027946223,0.5935681189221154,0.004895940935942496,0.5864564898035856,0.00014006821736068287,0.002596660820322925,0.001602382361656878,8.733913561745677e-05,0.3901812678280392,0.0037448784258645694,0.4963342079616035,0.003703855660478803,0.0021780664789260717,0.00030124793837423393,0.006816697065756543,0.5258937040466674,0.6774786471587168,0.5053426253623946
0.0002149208019540282,2.3533220969459564e-05,0.0004481267515865082,0.572811302155438,0.001058311981855483,3.275238147879727e-05,0.0014928673747526687,0.5798801019684316,0.5831265208409089,9.22166406647385e-05,5.857780193629229e-05,0.3953370419401248,0.5039022327320781,0.0016591585235357005,3.640076598870998e-05,0.001176201149777092,0.9994470183337533,0.7138258643396711,0.06943146330097305,0.5178547165883473,0.4780690613092497,0.537479940464632
2.307859592908294e-06,0.0004837328359856576,1.3597853652612008e-05,2.7548852708857925e-08,0.0004447760373835506,6.506235402614677e-06,2.0814350537554735e-07,0.9324738178774767,0.46586899999432646,0.00021562783156592194,0.00013169270392023144,0.29496619662021395,0.9995512420472608,0.00020159243608725008,0.006301562605303313,0.4731781136653884,3.6341698046366e-05,0.017890701219544614,0.9969378605279482,0.46822560388849643,0.3214671265871061,0.40258557582980714
0.19971798201783333,0.0033583084644510995,0.02376146811418383,0.5171851432744018,0.01782555475722637,0.016387739388799904,0.02371302042370942,0.0005735394862365475,0.008081025873486239,0.0007337318442087155,0.0005662324603021539,0.01002046946682461,0.00045943174364238216,0.015926145214443767,0.011497905294455765,0.01914499868418773,0.5160353641670015,0.05333005144290963,0.0056209731489150205,0.6132473902731856,0.4862697362272443,0.47039807041383236
0.5685260104385186,0.5732805286850632,0.5998805637782264,0.00028222802531310066,0.00036124451970219896,0.0051944154254345495,0.006227253691902326,0.0006452538003624229,0.0001378234167573128,0.0011230112504515422,0.000710751329683105,8.722817130183173e-05,0.0004083799006569244,0.0039412427116111304,0.0032876136898279153,0.00022863843459681576,0.00017862742272526364,0.40680014642754536,0.5026508893811091,0.5206655516690526,0.5664013439686026,0.532324550190779
1.3372379630869365e-07,3.9861271456484285e-08,1.6796424031771375e-05,3.567696722627839e-08,1.8598343349416438e-05,0.9998585329955801,6.463492862450845e-06,2.5301093243562733e-05,1.8305315235447533e-06,7.226785737412023e-05,4.6912541483453644e-05,1.1792141907583474e-06,1.638421940886202e-05,4.209330784117897e-06,0.9999833095209294,0.5289512811512922,0.0014218661348034372,0.9943798160505196,0.18339997147291132,0.5100007670722286,0.4238942473612972,0.4921867558202913
1.7071809179043367e-06,6.740582311088045e-05,6.382457373090057e-05,0.44911921130206756,0.0021509263593634904,8.4768962035863e-05,0.0014046920554561092,0.000474504458906047,0.8983395462710746,0.0031309291859289486,0.0019834629484219075,0.7041525053581684,0.0006735002949638739,0.001995080010684702,0.00011982564314685451,0.003040464815766836,0.9998687583499,0.48252850838440475,0.9837459700832011,0.513461913403702,0.43142753316380783,0.4942478370124698
0.00021093432638930257,0.0025881154639781265,0.5776257115470557,0.5745641976177308,0.00042892834209181275,0.5813130209950539,0.0007895309242684331,0.0015857803246413966,0.0017196606598521612,0.00016417131926785422,0.00010433008959877554,0.0010928366938488723,0.0010119130404311779,0.0005041392948564342,0.3941199168671495,0.0003346993325795526,0.49918606851416525,0.9971379725623987,0.9478087783120144,0.5082515390770104,0.48333550459404606,0.46226723887108667
0.00021181089590258616,0.002025842463007074,0.0002547730261100196,4.1871967400058775e-06,0.5801032746859592,0.00155939072902226,0.5792262547037733,0.5806849556275819,0.00044553192371493835,6.974741418788399e-05,4.4497161240282794e-05,0.00028147596439785454,0.3939762186069527,0.501030897734454,0.0017112992662792186,0.9977468626747177,0.0013019514385314516,0.07920249570248211,0.9325356611360863,0.5267435674463563,0.4101136979073837,0.5053129179679214
0.5898350044366049,0.6023920004552035,0.0028097197762487853,0.0002570721436214589,0.5603053261886304,0.003321980301253889,0.0034829775633573663,0.000419375848293311,0.01132258627887215,1.1922576510922536e-05,7.47669639557648e-06,0.007100587345602316,0.00026409313928171184,0.0021843296622634945,0.0020833729522976444,0.37224810704143424,0.00019388004104700998,0.002113194678098204,0.5041174605879383,0.4786107792285927,0.4045551163322678,0.574878485642988
0.5723791790590731,0.0014621563916558723,0.004569931996900913,0.5819857808492123,0.0007015958110112912,1.6215161461058085e-05,0.0003515792103326701,0.5761886908956804,0.00432989611547429,0.00043884047427672376,0.0002782161251067156,0.0027450766476606824,0.3909074937400985,0.00027401461922448034,1.2577810877320203e-05,0.0005442142737357763,0.5035834665803466,0.005041612841003351,0.001613100931760321,0.541366587266819,0.4918077489336729,0.451159686450446
2.547498825852169e-08,2.100468527856336e-09,2.871462986014944e-06,9.693791474916068e-05,9.70872722006555e-07,0.8989920680785239,8.525492890670676e-05,3.140116177602118e-05,5.5377101691145064e-06,0.4507439669639667,0.29593662168782386,3.965438939766052e-06,2.25137685863681e-05,6.124509271086836e-05,0.9999308838686355,0.006525265879375242,0.9808109346930827,0.9941124767391283,0.054776954278144885,0.5392281681480696,0.511425197644855,0.5635657390117266
0.0008831909856890244,0.5805873213419636,0.5788430543211169,0.0025865142213485365,0.5847840501387718,0.00014505670050230735,0.0003336120283043118,6.758938349978382e-05,8.904648846939808e-05,2.1901573053356018e-05,1.3845588310462548e-05,5.629280713682222e-05,4.272819975899983e-05,0.00021090059811319214,9.17009701653323e-05,0.3944418169412228,0.0020140298293973204,0.49904321857517225,0.9990236607711961,0.49918965094692763,0.4168145435649635,0.5106417849650062
3.0642869957377343e-06,6.601666787855708e-05,6.421399155915012e-09,2.2940546888193471e-07,3.0133768103783064e-07,1.0035602893273353e-06,5.293654124521095e-07,0.5991693614446029,0.5918615611402869,0.5957119152251453,0.3919198904768576,0.4960939431069533,0.9999297691254635,0.005098504028523437,0.009666219504225547,0.0029026956162168842,0.0022159359138796725,6.185616423342818e-05,0.9702298506841631,0.493815943611402,0.3227077720377066,0.510892006547093
0.001240689308304011,0.0010155872431292954,0.0021317219141329235,0.6192049231496444,0.0004834486257703388,0.6212401700113568,0.00034171934172481634,0.6141038833787807,0.00037831048785402836,7.26453824534331e-05,4.338762287917934e-05,0.00022599463920362637,0.3916162864587762,0.0002508080522300943,0.49903259818917917,0.0005083817664854275,0.99719662492681,0.5850143996625946,0.44186095652327073,0.3063676453378045,0.43405248897456084,0.3114208912558759
1.3766252396272929e-05,0.000517338684416542,2.4647558181059097e-06,0.9134577763573729,0.0007643382791220145,2.1680343625600805e-05,0.0013248400569703322,0.45820200245227466,0.0005954667192093373,0.000283621958725126,0.00017629295960122366,0.0003701286031394802,0.29528238060067435,0.0009207740874588147,1.5068017291999428e-05,0.0005312214443444629,0.9996403135993235,0.003031945438336958,0.9829253979139548,0.5479779886336031,0.3757907809892081,0.4195590740258233
0.0023250008195518346,1.0542462265508502e-05,0.00030106576475770393,0.5759559794086331,0.0014305453115051204,0.000317982904775927,0.5750763453687577,0.5791003752077165,0.00033657105045278515,0.00020762291460806468,0.0001318097250104883,0.00021367265499656294,0.3937957631045556,0.5001453203466956,0.0003505006380260449,0.0015768385277141195,0.9973950863684813,0.08132358934487191,0.002863310204662759,0.45014131456123685,0.5132639545954489,0.5111113245032889
6.826531724671432e-09,1.1245819950075172e-06,9.486063435804437e-05,9.621471706967592e-05,1.1431745951869279e-06,0.4460092553805479,0.0009012302060109442,0.0007469493419925631,2.4016131327390557e-05,0.8975675309964715,0.7064084499076038,3.465656318046812e-05,0.0010784538504795284,0.001292525105367552,0.9998068599267071,0.005420203999369162,0.5053681534060779,0.9924514480046001,0.9959205123298529,0.5185473413311938,0.520587623869335,0.5388064085418692
1.3827646858209605e-06,1.5376044464939604e-05,0.0006256155760710247,0.5763087358013494,0.5757998080636444,0.002977597359701358,0.00021790697004163095,0.5772232221801288,0.00016536119240636796,0.0006770872400300466,0.0004307309843043812,0.00010519501281472258,0.39325298781163714,0.00017085823214453837,0.002323613056548498,0.4988384826917742,0.9993106136538208,0.9842924155910637,0.9424291354939085,0.48836249920508035,0.506117985871174,0.5236889837284137
0.0001305404445612491,4.7499640119751366e-07,1.1072244072669694e-06,0.9988590050143733,0.000636638311321733,6.47066777243533e-05,6.278760266663848e-05,1.963776797647554e-05,0.00022179059811570258,3.3113624521681927e-06,2.104655753960822e-06,0.0001409670102328059,1.2481491603021696e-05,3.990692437821908e-05,4.112666251329153e-05,0.00040463845513216185,0.9999163493383184,0.005355815184626883,0.0022976804012189156,0.4956837677461088,0.49543472686092055,0.4601635450260899
1.7110133151970143e-05,0.002600797410880433,0.5764558409471316,0.0020675265887583213,4.1714714573881865e-05,0.5779313686866835,0.5782083577074589,5.7412640129711484e-05,1.891379239832704e-05,0.0003993261483633658,0.00025151752431636966,1.2018644510313777e-05,3.653312178989499e-05,0.393171743170666,0.4934852497772836,4.633964914461231e-05,0.0022454705898512207,0.9970569127843841,0.9958804020930235,0.5662253726982598,0.41053269791863056,0.5230818365126334
0.0017376074345472302,0.5841002985325594,0.0002176893235151867,0.5807187704761531,0.0037593519718556517,0.0006178367594228465,0.0025852226786504846,0.0014619459561151806,0.5852068843500788,0.00044041374451370374,0.00027723788759149027,0.39284581633951904,0.0011294820009707218,0.0020049203780151126,0.0004768771818072829,0.002901665802106934,0.4990324138175777,0.00023726289218814868,0.9980907042590739,0.48922090477205343,0.47968114615256185,0.39612249324731647
0.5882210618332476,0.5920755440535439,0.0001522665019616415,0.0003212259184325277,6.739135545591251e-06,5.452204057563458e-05,4.839163638730975e-05,8.430019659812549e-05,0.0005085350807091268,0.5813621766070339,0.386125294303966,0.0003863332642145367,6.404272871780799e-05,3.676305063752221e-05,4.142030992860949e-05,5.11971073261354e-06,0.00024471089748216214,0.00011567653197036302,0.49948892618317964,0.39152444459389674,0.41644033239475675,0.5340222194838681
0.004828053100630936,0.5807387860136513,0.0040697212406000105,0.001198886830188433,3.145949163742079e-05,0.5716519360678238,0.5766613130889428,2.483675294488731e-05,0.00016402762548398735,8.526590727534405e-05,5.46857835744886e-05,0.00010538536196325055,1.598034909419422e-05,0.39515612210969486,0.49496766492859845,3.498025413559044e-05,0.0013178023455039994,0.0044611242840216225,0.9945412899922826,0.526441405046348,0.5283804004985442,0.5162194909624702
2.3177513136301603e-06,0.0006615011377294291,0.0009614099065434847,9.107949184981099e-05,3.933412086809567e-06,0.901526924470229,0.0007446191839045775,0.45098643670225,0.00012070948220953287,0.00026044697607246093,0.00016448349893724142,7.623324669748891e-05,0.29529288552428834,0.000525817662050566,0.9991733894601001,0.0021391961878139965,0.04972176246174892,0.616332286081202,0.9977512004660322,0.56621730558828,0.48279167348541735,0.4420550538954119
0.00016147376214923674,8.5596216841527e-06,5.07742595800103e-07,0.8989316978093082,0.0006063338138833867,2.741792335188195e-05,0.4503191732564257,0.0024195286683896407,2.4716534125793906e-05,0.00015967179453335654,0.00010087867001914918,1.5615601596923067e-05,0.0015349328730039878,0.29494576553284957,1.9363614193597644e-05,0.00042821681036199466,0.999884871162211,0.0019828627442844138,0.03344275903651983,0.5144575462049051,0.5703952951982316,0.5498376204687287
0.5740859412920165,0.0003260169923720487,0.0008359438600936881,0.0011715631497119451,0.0008260418055780481,0.00023993362796096484,0.5790358935867911,0.5803178491546841,0.00033044795343751393,0.00020805941105675647,0.0001318097250104883,0.00020934527970627203,0.3937957631045556,0.5001453203466956,0.00026391496972069065,0.0009086050188323579,0.001292233013884237,0.0009194975884512743,0.0003586019700435977,0.5692592015063409,0.4981961174470402,0.4903356516604793
5.0695558972371694e-05,0.0007230748718921613,0.9018298206917272,8.352942633302203e-05,0.4507353815219833,6.601865012503729e-05,5.3304320384766875e-06,0.0002508075522851344,0.00010565867474164752,0.0001514235157766193,9.561549867305021e-05,6.671755649840123e-05,0.00015837097440959746,3.3658704679525122e-06,4.168709465702657e-05,0.29506575750117797,5.896507947442337e-05,0.9994883140491108,0.955438820251708,0.45522880977202124,0.4943412751661653,0.4215146489772764
0.5779037583301893,0.003309703695875994,0.5784761646874376,0.0002971329025166625,0.0014104127698865967,0.0006843614587373005,0.5777268986054578,0.0007550376160302737,0.0003568841002314709,7.296109500123935e-05,4.626687657118893e-05,0.00022631120154968515,0.0004787926766655041,0.3903604250498963,0.0005306457746168251,0.0010936181308755827,0.00023103200108369644,0.49772125947504053,0.0036163894884480197,0.5166727344694126,0.49398048090207575,0.5600900570377008
0.0021153100791776987,0.0001507137914859218,0.5867056965129083,0.002177315895876232,0.0016716346971006554,6.285309266518049e-05,0.5900111362716506,0.003567473914929028,0.0001749294285595167,0.5898710624891474,0.3918714004793743,0.00013366968140152374,0.0027441960794084286,0.5032996479369605,6.819950885885382e-05,0.0018138284155657857,0.0023690661302072646,0.9976591560034372,0.04451128803442189,0.4010647909298077,0.4094387227877419,0.5599656492138528
0.5631710407154138,0.0022756546203143223,0.0014844431134370094,0.003224349826501829,0.0012862494535553787,0.5790008886449299,0.5741000621503151,0.00011815147714307918,6.249387953878405e-05,4.436877435519514e-05,2.8759063929821886e-05,3.9764409797804164e-05,7.504197629950465e-05,0.39093701343342624,0.4905683919552433,0.0014371836159639082,0.0035117768446413823,0.0016629238714036473,0.0026721362981785785,0.6272791734136666,0.5251856160162257,0.5145133176399372
0.0003451284026138878,1.0312783614480183e-05,1.3128816540692715e-06,0.5778468282954652,0.5848873604555549,0.002495473612602634,0.0025811679917131275,0.00026155630405720305,0.5809019512717766,2.4988114848156283e-05,1.5801933715995655e-05,0.3915779741483157,0.00020251990356478028,0.001998570713533866,0.0019322280655533763,0.5038547243524835,0.9996195960013038,0.002399919935752188,0.019017180390197286,0.5427687519715664,0.43049421162278567,0.49311112844032384
0.006884351244034102,0.8310038735186392,0.4130397207737821,0.0029745687956411328,0.003850950739177704,0.0034641880628831345,0.0003556527421845536,0.007572396629701671,0.011590503587687902,0.0020586559575853,0.0013018726244669343,0.007405901993932096,0.004845727428140164,0.0002280408364547697,0.0021895871794583607,0.0025264085996648273,0.0019002084813411952,0.27567555534064736,0.9949897195434689,0.481050282391485,0.42036956306244405,0.5246598630262482
0.5767939142319388,0.002031359369534647,0.001118177927412428,0.0064029252461181895,0.0021395088187682806,0.575900355836775,0.0001060035131674619,8.27368512261232e-05,0.0003426958736274415,0.5890436643373107,0.39714537153500606,0.00026656353927963363,6.46218514761313e-05,8.284766887455106e-05,0.4968988099159187,0.0023421610202951637,0.00702898400443383,0.0012241682631814119,0.002223907959901439,0.4991851197351226,0.4110203583781502,0.478622931613189
0.004893412280946966,0.5814824288363794,0.5789909085423975,0.0009928687854412822,0.00023266324972410848,0.00035806493179662234,0.5773268636377434,0.0019177065762895117,0.00013860384364238566,0.0001311299071438993,8.342177037273473e-05,8.860762604970806e-05,0.0012277248205533609,0.39341481148146873,0.0002777928444824331,0.0001830895646235673,0.0007723972668415846,0.4986237110523102,0.9944744722178452,0.5534372572411508,0.4489259736767617,0.5362896868346896
5.146223631315189e-09,5.028791368484928e-07,2.3030989492316247e-05,0.0004368557671477562,0.45182701477197795,0.9010172018204565,0.00044674334396383673,2.668550253181293e-05,4.511064539599034e-06,0.00025612573376012114,0.00016176731504833944,2.849158532360734e-06,1.6923882664683647e-05,0.00028216013296749514,0.7040878370669343,0.9993819167716694,0.966553094172731,0.9861009190113151,0.9931210101325847,0.4677505571405176,0.4238711666224723,0.5335062142077136
3.92114079778785e-06,6.968209351621294e-07,5.232862453670567e-05,2.940528565536044e-07,0.8796932703454635,0.00019172599879567611,5.4442252186534e-06,1.7801222083090644e-05,0.4384530529645042,7.990922308109773e-05,5.1259509216947314e-05,0.29167898794584146,1.2765448990478274e-05,3.9035580043556055e-06,0.0001357958529918221,0.9999619602470935,0.0034962681375804786,0.9512365748303608,0.1138205199614358,0.5367238696715226,0.5030465906649315,0.5287388410354064
0.5758943063446208,0.0015238533099684467,0.00424210328610292,0.5738656214466114,0.0006827108814522856,0.0027458986943026077,0.00031906499157312274,0.003920008611524673,0.5837300175250608,0.001156815296125224,0.0007287022197956062,0.3966739846270814,0.0030512491965279543,0.0002485158122534307,0.0021285909852634265,0.000529232621461853,0.4942641661702202,0.004609240592729602,0.0016557532682247487,0.47321012283347086,0.41328245370092453,0.5553601605367813
0.0016824705829444307,0.8682510306359644,0.0027977454415716615,0.0007337765794583545,0.4350429569681087,0.00036012173688511323,0.0034575579316003845,0.0006784232875997374,0.0002758954174191206,0.0002686239919697326,0.00016908177460896634,0.00017135249383770407,0.0004310083187199394,0.002200939586980032,0.0002259761030903626,0.29101485622198536,0.000516380295085243,0.0020019828842952033,0.9987702900888411,0.3950885341214577,0.5028242095905402,0.44062804185046517
0.00021148319747792292,0.44963370650401413,0.0012825469849860023,6.152132819609103e-05,0.0004539917750738381,0.0001536758321009767,0.00021174116899096387,9.377766308365216e-06,0.9014812788311206,0.00021409821294169018,0.00013529900666543255,0.7054584933533137,1.3277636136595997e-05,0.0002997965780909373,0.00021758401506996247,0.0006427905417239895,8.73471687067828e-05,0.001815913427469229,0.9996981223413943,0.4889216677986222,0.4218167000645095,0.5340114871143828
0.0027739302114393625,0.007063696241846452,0.5734436997667982,0.5781093114577197,0.0008157636557625159,0.00042729096741993033,0.004926449718927139,0.5767481430218097,0.004276423187782876,0.0017046850405739986,0.0010828382392942537,0.0027450766476606824,0.39534095421187654,0.003864416517799999,0.0003335887840210835,0.000641293559803252,0.5034305842147608,0.9915559342047695,0.7580238822432926,0.45028221840994614,0.5137963507434632,0.5013981584910765
0.8889834899166279,0.006827452689466009,0.0007030817250381285,0.00012808004165128337,4.535796831541688e-05,0.0004092281580324157,0.003835857764999645,0.0005808323945202833,0.0001513724717961257,0.4414532300431093,0.2890748157452143,0.00010771910241150272,0.0004135466432209822,0.0027128737806220125,0.0002880499118257245,3.214910340940097e-05,9.040217031849548e-05,0.0004948839485309359,0.004805720721947161,0.4917867910782623,0.5275388773976248,0.5748549654338033
0.5773314049308487,0.005507338203343041,0.0005066728629956819,0.577696327265696,0.0015545955269839502,0.00037111253438955224,7.656041963135393e-05,0.0015637725222992882,4.485841338172426e-05,0.5824966828061776,0.39276286717363434,3.4775217702187384e-05,0.001217269770557611,5.963468370555501e-05,0.00028769503953600655,0.0012051595023091738,0.49848325822671025,0.0005541622884380655,0.006023598892707038,0.5156977015250414,0.41946985693795463,0.5094473223056631
0.5661659610864358,0.5805286184516191,0.005038446909053555,0.0007214486349561993,0.0009138126286014613,0.001667942392728627,0.0002576177902827398,0.0031784845396837934,0.5774155279422523,0.0005145047711652154,0.00032507074170533723,0.39260899124990734,0.0024880321051494562,0.00020124293169134053,0.0012895713500745624,0.0007166339175302454,0.0005593199028914877,0.0038954509315125203,0.4981314380883721,0.45209833309838815,0.4188644183668693,0.47822907767802336
6.512807969859784e-06,0.0007944017300451014,6.604513883727242e-05,0.4530949696550549,0.0010166713643682134,0.9060327491513006,0.00038420425501812486,0.00011527564831115648,0.00026982111616570987,8.255432780696588e-05,5.185192471891634e-05,0.00016947318056565304,7.270255534223748e-05,0.00024246837998855616,0.7040827891661607,0.0014245228502110913,0.9988830399101997,0.05280439031383592,0.9947380920511577,0.49266364070217444,0.4187237012786826,0.5831472050635734
0.4380000765417359,0.00110936687724602,0.0010888830411291163,6.862261964862547e-05,0.00022657772103389486,2.4728521543627968e-05,0.00016521090546067988,4.369928449649258e-05,0.8886539856905524,0.00015124910452223546,9.649932232027992e-05,0.7068773756836553,6.268873444150759e-05,0.00023715490664364823,3.532848213274833e-05,0.00032370086902581014,9.830829518364503e-05,0.0015556247125503853,0.0015848799050165452,0.4550186285583463,0.515369418154788,0.5245034787851591
0.008372218386993526,0.9110422127698516,0.007465824998882534,0.005847034097766306,1.753042435007522e-05,0.0005747315285121752,0.4456330646851099,0.0001675391724246833,4.2192172267575833e-05,0.0015486200743804828,0.000971116891483398,2.645811193569221e-05,0.00010549463586886833,0.2907908130639118,0.00040157536219178323,1.224931234895002e-05,0.004096769193835836,0.005216661923810753,0.9941020993980151,0.4505940191256332,0.5237916611701882,0.38955631238686245
6.966225946678929e-08,5.925653165643327e-10,1.8513947507286973e-11,1.998085758845924e-05,9.680207414645017e-10,0.9104167846135872,0.0018490266204427815,0.00018161510403405388,0.45151820213405847,4.499960199008087e-05,2.8190011599906216e-05,0.29309906412206327,0.00012751991802255753,0.001299123257636006,0.9999859893518884,4.1798688068803006e-05,0.9977601741086138,0.00018114305780350475,0.00624861610741187,0.4923557293615165,0.490654128976613,0.37316235055156743
0.5722020867020274,0.5890146067014462,0.00528204895165236,0.004476074046762063,3.2529344581514445e-05,9.384438576652969e-05,0.00046096633462142426,0.5784148729659961,0.011576550914384299,7.82422017435962e-05,4.966100389154207e-05,0.0073247590794172455,0.390457706080626,0.000356040487784483,7.213919491582408e-05,2.517975786553244e-05,0.0034503079410948866,0.004060415635098319,0.5037345981984552,0.49209625134557944,0.43699032332514076,0.5937456987896553
0.0019899254461323034,0.4618301395334731,0.0007886945404844694,0.0001593034862438836,3.824547394950756e-05,0.9359078069477548,0.00014620306876409275,4.34763970885485e-05,0.00031400964880146836,0.00037304030308709524,0.00022755135403587878,0.00019154317819487036,2.652022818474013e-05,8.918261281712906e-05,0.7081723827850752,5.271999227016779e-05,0.00022020241005623405,0.0010871863366785773,0.9972345502161809,0.47607769477639206,0.4118435770905788,0.6879094807999788
3.190136461375968e-06,3.7958267091464e-05,6.830566715439037e-07,2.0172435238442261e-07,0.999677846210702,0.0002117801819110634,6.142890024560771e-06,3.677261799332021e-06,1.0322901483189216e-05,4.819736950330266e-05,3.0965716539298875e-05,6.600324229199381e-06,2.3439807072500665e-06,3.9035580043556055e-06,0.00013393722389869146,0.999975902260627,0.0033807669818066667,0.011413863156211013,0.9456947963762116,0.5364664630311791,0.427715770904463,0.4921781326504185
0.5808956846028528,0.002319714475194261,0.00036540373561406666,0.0022450626680309608,0.0011116118116806172,0.009065199641320383,0.00010426621455285212,0.0010483757587616595,0.5842904235994362,0.5842209346352666,0.3914238350531464,0.499222188184492,0.0011394816302573495,0.00011332726883157059,0.009853387013032738,0.0012083597543026208,0.0024472292015165964,0.0003972093503218745,0.0025216243223525705,0.6016647341151314,0.4513180360923619,0.5100476427739077
9.679841902008074e-09,2.774216383844666e-06,1.0182351449467589e-06,0.00029116256150988,0.5710674329290968,0.5765117028311287,0.00012095060403414132,0.5715182763327347,6.479837176730192e-05,0.0006182633613903941,0.00039367414792357584,4.1661778472302916e-05,0.39194261380185824,9.519551785027227e-05,0.4984945220516792,0.9996791012758465,0.9935559825435621,0.223953960078895,0.9976800139557889,0.5245895851303567,0.5187154404088332,0.5095006588167506
0.5689212124044107,0.5789297405538405,1.2601150911244713e-05,0.5817559231697533,0.0011586927130725433,2.002123160901789e-05,0.0021668183015922486,0.0017836320107776557,0.0005829129562861159,2.531801834814844e-05,1.6518793998099345e-05,0.0003695870296858445,0.0011384174181167724,0.0013788175333379407,1.267971969739809e-05,0.0007338135019470549,0.3941548649638237,9.79942145967542e-06,0.5000679278898821,0.44569038185277177,0.4642342100228251,0.5316068510835336
7.850932040942751e-05,0.0008971227392906247,0.9976339749827082,9.288904641285226e-05,0.0005147070477500717,6.635607939034998e-05,3.6485781560284915e-05,0.00033010393763261315,0.00019811860791906774,0.0001517324569263546,9.656275021145474e-05,0.00012679899752233742,0.00021157552085067783,2.3337020058244627e-05,4.200701942997076e-05,0.00033050331980277736,5.896507947442337e-05,0.9994297783059449,0.9426935829875469,0.45522880977202124,0.4943412751661653,0.5599656492138528
0.5751626905813171,0.0011002772234595408,0.5780795149682993,0.0011401781201542628,0.002978242439823434,0.0005835407818105996,0.00017192616734845595,0.5782829170785205,0.0011674151889983744,0.00024448639391413176,0.00015280066835414026,0.0007351585347153958,0.3883255258240536,0.0001322605805366368,0.00044345073909029934,0.0023124851699188043,0.0008688318462848078,0.49911997735807256,0.0012381261725865067,0.40976515497646876,0.4051534807715499,0.429915332619835
0.00023997524679683727,0.004039070939611318,0.8949281536561297,0.0019478309183163557,0.0004484202334505127,0.00011133695068833888,0.00070362917852278,0.0005852877091666451,1.55361348218256e-05,0.44937902762515974,0.29625571441580534,1.1173290637435887e-05,0.0004196051187100825,0.0005029235877496932,7.920093538970779e-05,0.0003212039960384502,0.0013894321383864086,0.9971215403552584,0.9615657326548601,0.47038787081627864,0.4831481432328327,0.48390136298639574
0.0023998763444814343,3.936648423652966e-06,0.002333486085515049,0.5750711127913528,0.002270910987485481,0.5770730530596861,0.000212077255375815,0.0019696498200184923,0.5782151612995172,0.0007977218300192326,0.0005066162425504395,0.39581574123214014,0.0015561509129712468,0.00016753214251680366,0.5002272200394325,0.002542933742219944,0.9962031971501255,0.4885868761818438,0.0010617381395510697,0.5141155901074917,0.5582687239655207,0.49392457604396295
0.0005983279016030577,0.4479724247029669,5.625220285007946e-05,0.0013645359518439184,9.65890115529853e-05,0.0003970488081999753,0.00011724391733833125,0.8893558408545665,0.0002645659273786993,4.345489991154676e-05,2.8012310932228995e-05,0.00016943751755197538,0.705871938302226,0.00016834679588316644,0.0005642580036735691,0.0001392325850453624,0.0019445162977881755,7.994109264278671e-05,0.9991349468181441,0.4916236112839824,0.4332978704663979,0.47885054641993946
0.8989002771077208,0.0006000842790204863,0.001559758833909338,0.001578129281569813,0.00013371816387023198,0.44172371183927983,0.001608469634963283,0.0018056096809588775,0.0015979122430516666,0.00020253995716994682,0.00012873796175156836,0.0010156615930380477,0.0011476793922435085,0.0010223750274221443,0.29077371658278295,9.470162903247323e-05,0.0011176603677460156,0.0010951992698828852,0.00042499204341215485,0.49595509691499245,0.5242709260717299,0.5311649859135334
2.5870584340820227e-08,3.7371033308326283e-07,1.5480154375747134e-08,0.0013797224689462715,0.45201449343509814,0.0009937262479429421,0.001722864857288307,0.0010966987704368525,0.00015952218898861617,0.9098121582425068,0.7064490627523037,0.00022466805101827784,0.0015509402504403909,0.002438044731722888,0.0013995607726920594,0.9980514167360475,0.9998274691452076,0.026293111160446914,0.9552000316434079,0.5681102568831716,0.49752871329889414,0.39384243610327246
0.8937629137846991,0.0007331376375448117,3.798391011401867e-05,0.0016081505293855675,0.0001335917837509998,1.7734409714163407e-05,0.4507361385180223,0.0006359917151523461,0.00012420953238824885,0.00021454358811685048,0.00013556457518838753,7.848481058240171e-05,0.0004018668451879658,0.2952830858794586,1.2529739607215805e-05,9.43854492555459e-05,0.0011393409816745658,2.683646382656539e-05,0.0005179756734419498,0.4718864610480382,0.5685249207692991,0.5449905585634919
0.005242931781319916,0.5779003323855673,0.0014014879526547056,0.5737355550930254,0.58664427458299,0.0007727973707819969,0.010647158620081797,0.004838241321031469,5.760184714133412e-05,4.769797745058812e-05,3.0638021985931346e-05,3.6815592514043355e-05,0.0030939425747816517,0.006763356226148815,0.0004885882508583102,0.39910429524457824,0.49856393859747206,0.001543828749209533,0.9941241941360617,0.4451716470416831,0.4368448745937818,0.5033143389900356
0.00028642216218164294,0.5958996553011872,0.00017549855379907843,0.00011769653463622725,0.003485249305788465,0.6050659221434931,0.0001295690989451794,0.5976102166188801,0.0001417210799880916,0.000201655003404886,0.00012345715384075217,8.676443074739131e-05,0.3916118963337851,9.712942203159852e-05,0.504855041379335,0.003723386697781698,0.0001260881743021934,0.0001874916119630754,0.9996915076568685,0.5662588650492816,0.5261342586878154,0.686499201942415
0.00044021322728651264,0.5803355901585712,0.0014070218338905801,0.5852841646243013,0.0007055656955689428,0.006336861326396124,0.00011396215415882873,0.5794662255620058,0.004307183062300514,0.0003585044853940002,0.00022648161411868597,0.0027450766476606824,0.3909074937400985,8.831775633348105e-05,0.004887622895087512,0.0005442142737357763,0.5035834665803466,0.0015434928134920203,0.9995086984406412,0.5413587628415406,0.41003852652461753,0.5084389859364342
0.0003299812223541933,3.67679014027665e-05,0.0007001484390221252,0.8924879117851949,0.002335730851864724,5.1171162209059405e-05,0.0005346303123628468,0.0001262127933701604,0.44608939183165586,2.1687578941652296e-05,1.4266652752154373e-05,0.29716758740316124,9.089968882909031e-05,0.0003842539318706087,3.640076598870998e-05,0.001685319624688169,0.9994470183337533,0.7138258643396711,0.06943146330097305,0.5178547165883473,0.4791935398164285,0.537479940464632
5.151608147121232e-05,0.0022435569192286427,0.5817821999873122,0.0005727224615113872,0.0005936627113168966,8.956905183808956e-05,0.5817162893591917,0.5805680688485951,7.79255341522861e-05,3.1777238537049824e-05,2.0063054641602835e-05,4.9199500501469785e-05,0.3924507782784036,0.49996194189070975,9.801102555707507e-05,0.0006496161816608222,0.0006284387158623706,0.9975443323116818,0.9852653074524336,0.4588103621878929,0.4191235103973843,0.5091840904788213
0.0009387757857063328,4.703679334930553e-07,5.588955326915114e-05,1.5570174497538565e-05,7.095704397031693e-07,0.5950701904019685,0.0001727407675964288,0.0010781658101406528,0.5886235558116643,0.5893956923897989,0.39057701428796177,0.4965318959916807,0.0011534436570867753,0.0001848017825490933,0.9989937904163639,0.0004802846820882514,0.01053941785613638,0.037532962192564856,0.00031897446690786965,0.48217953401283187,0.6494834282060691,0.5323105330057161
0.0002169467113365509,0.5891737016864873,0.00045746715896201925,0.004822750798958385,0.001623246729527326,0.0014258639879260106,8.014739403376852e-05,0.0003994229537173889,0.5828109363717711,0.5862590846286256,0.391953274121912,0.4965323545332321,0.0004315729496915015,8.65985584897885e-05,0.0015406351121442954,0.0017539112502618199,0.005225470037041824,0.0004943088594173105,0.9997636673662537,0.4825585554570628,0.4376408255470283,0.39534869843332904
6.861869324148259e-06,0.001762259860495869,5.266469267195185e-07,0.5797713394226564,0.5816640789135052,0.5819278460619971,0.0003816899071441435,0.0018244200996751908,0.00028566651105236,9.642310249356947e-05,6.093023086514041e-05,0.00018051407218978887,0.0011576142855708013,0.00024234330175727716,0.3920360856477445,0.5001558940026782,0.9980702904728262,0.00019025200042190575,0.99750083805993,0.4876669250217024,0.5283820220081407,0.5806456014368289
3.7204019509672965e-06,5.304090787904435e-05,1.6259734375009902e-06,0.000515956325030354,1.038039407901488e-05,0.000498785238489859,0.449383680685998,0.0005090810544180514,4.8670055263495824e-06,0.8986176178020835,0.7047898443387517,6.8948343344406256e-06,0.0007211888848463559,0.9989790167029242,0.48661251720389975,0.01270393412184943,0.934771543927052,0.019461034790780457,0.9550554492114478,0.4506015074249617,0.4571404567349126,0.5210179097597767
3.927388932244463e-06,0.0031084757750894022,0.0029528150137115546,0.5822723582369838,0.5836037301936676,0.0003560288253513558,0.5844220160796352,0.0009338729170460224,0.00020302833224188576,5.684416736416909e-05,3.5777534367286646e-05,0.00012778537502470836,0.0005902002635989911,0.3921706085202428,0.00027455004386088403,0.4998378348535817,0.9953254856138216,0.48365522781521214,0.9991890889260779,0.4938238640046755,0.5683011411396606,0.5822976302197752
0.9934662714145786,0.0006686328618386073,4.122225271134159e-05,0.0017535314640504812,0.0001489919743575899,3.95516677936605e-06,0.0016084813508462708,0.0018226010906869671,0.0002837712376671716,0.00020254118648386932,0.00012873796175156836,0.0001803689044532603,0.0011584710110312867,0.0010223750274221443,2.513965915203881e-06,9.470162903247323e-05,0.0011176603677460156,2.6201526308512995e-05,0.00042499204341215485,0.49595509691499245,0.5242709260717299,0.5312622616049861
0.00010546370745566197,0.010785523510010987,0.5847334832440672,0.0009934841297193579,0.5819247430967047,0.00011288881205717332,0.0008646689283851787,0.5743995691915854,0.0028002149172197325,0.0027877871820378613,0.0017630394654807036,0.001770905780539405,0.38841192299338023,0.0006672106098265234,8.710922236729202e-05,0.4984134356735678,0.0010844541514020123,0.988258221877931,0.9937243484650932,0.554221236015582,0.5534224041941256,0.529249723558766
1.448717072632516e-07,3.6630127867003594e-06,0.0008145015185899654,2.2264093650446477e-05,2.3414906856715077e-06,1.326755088969799e-06,0.5777570933629431,0.5767255998539902,3.301163817696183e-05,0.579800770801452,0.39182226655218744,2.5911596627831168e-05,0.4992250635948401,0.9991064349773896,0.0010366672430956142,0.0018299662895241548,0.017445389770806896,0.9971344982363718,0.9743539857577238,0.562065289511798,0.4828243928822375,0.510363085363757
0.0010773471791477734,0.9026481514280196,0.0015131505346579264,0.003210235288150801,7.369350300511647e-05,0.44965847419309696,0.00013982007563968768,4.153069098729261e-05,0.0003001161817566751,0.0003581981371295035,0.00022661060704253966,0.00019154330173112491,2.652022818474013e-05,8.918261281712906e-05,0.2942289321711922,5.271999227016779e-05,0.0022703625757807236,0.001067195716885119,0.9992269777648124,0.47607769477639206,0.4118435770905788,0.5097733724027506
0.00043024546814763285,0.9032971268622847,0.009776019981008903,0.0003332982966983097,0.00012489751997477416,0.000414289894927165,0.00012169651173847758,0.00057724813126721,0.00027829357727355235,0.4569070880902318,0.29811447663635804,0.00019828111779542556,0.00041149879552656394,8.617404771259576e-05,0.0002919678280316583,8.863227530010796e-05,0.00023553681056031033,0.006889639039750179,0.9996915076568685,0.493386078363204,0.416270970969406,0.5725241804803216
1.548356010380758e-09,3.924916883218981e-08,8.97729376952116e-05,1.953617614629788e-07,8.722113793696012e-10,5.863965782959458e-08,4.4425999634447114e-05,0.9079560444241048,4.103738692963823e-05,0.45451343944225486,0.2954674902969662,2.8773652511312652e-05,0.9999297691254635,0.29254910721010186,0.0004158391404879573,6.185228328036839e-06,0.0013892339318071559,0.9997214478518279,0.9746938835770296,0.550654431666771,0.5240448998722788,0.38945022630307946
0.006931967001261063,0.4584353895433696,0.9020476427727534,0.0027563337864418814,0.0004894531314957029,0.0001172390108506813,0.0016597409710850746,0.0010714333592870783,0.0020434005922325763,0.0007328986792568349,0.0004610975607889106,0.001285590856675567,0.0006768651310419498,0.0010492004751249278,7.376034359543022e-05,0.0003079371565058713,0.0017389370949712022,0.7006330494310089,0.9902959608145878,0.47401709165477424,0.4785076096305856,0.6036736660997517
9.206209875295498e-05,2.283622614053973e-05,1.5246185352634951e-05,7.329457343130649e-05,0.44328308368920843,8.762564834976622e-05,0.8971572438520949,0.0006618834809601758,7.248782220494905e-06,0.0019078782014239442,0.0012091067776637137,4.593879373224959e-06,0.0004211949490491113,0.7090481046140111,0.00012584337840400376,0.9998254622661245,0.41346124534464945,0.10069934762251445,0.1535865859713405,0.49082135549895456,0.4803028632753492,0.5637634374468807
