obj_0,obj_1,obj_2,obj_3,obj_4,obj_5,obj_6,obj_7,obj_8,obj_9,var_0,var_1,var_2,var_3,var_4,var_5,var_6,var_7,var_8,var_9,var_10,var_11
6.685805851670707e-05,6.903403239444339e-05,3.016652898042305e-06,2.467840732139076e-06,3.2374962842638995e-06,9.171943660386263e-07,2.18826987244545e-06,0.4490073525853398,5.310694298666947e-06,0.8955783353838213,0.7041404329476879,7.576950603717944e-06,0.9998618159865665,0.014493120957819683,0.0059927850309489505,0.02115668881444802,0.016134503157394092,0.020173462823664612,0.5021616669267168,0.5411471616436861,0.5113378590480429,0.4967247366111645
0.5750482127267114,0.5837294523161335,0.0022058472403223154,0.009812489146796624,0.5837381301992636,0.01399704605179242,0.007403004291640641,0.005140316036046766,1.98943136557525e-05,4.705324145241205e-05,2.952527150351398e-05,1.2640551926934366e-05,0.0032254904868019834,0.005026636889983324,0.008919430601244782,0.3902437868880445,0.00752779886308112,0.0017303596615527576,0.49681734812548106,0.5948108279606303,0.5482967697952958,0.4431340451639551
0.574951550533193,0.0006451451067958495,0.002543788658595558,0.003456044488265728,0.5787550136734918,0.0006845455780723854,0.00010741890821444493,0.0023751465602666277,0.5813098685467722,0.007038077816783714,0.004434767027116685,0.39028831665019714,0.0018298703170139127,8.163962310311153e-05,0.0005273922976217587,0.4940074425175244,0.003730650088083677,0.0027459079750897075,0.0006964098691943366,0.48208949581374116,0.4160431182930819,0.5544878564241086
0.0009750175411341676,0.0021628025257888627,0.5853607731070636,0.0008862268569052617,0.004226449173979277,0.0004844511945126468,5.5387998646833166e-05,0.5782764561561785,0.5729139407616802,0.008553226257038065,0.005430633689957906,0.3871993057049983,0.4961131368422261,5.9432936453066455e-05,0.0005268556966043013,0.004596561502345446,0.0009638380476547082,0.9974085062027377,0.724258243036798,0.5365162968634988,0.5347563270858955,0.5120126476230809
0.0051779320277748455,0.00010280704848687719,0.88004220271335,0.45216322418533467,0.00018865769020805145,0.0007668829731520238,0.0008089626808888562,0.000409481584624197,0.0030372259816443753,2.6865535667662765e-05,1.698796215389084e-05,0.0019447159186994048,0.00025892963780993483,0.0005915330132915416,0.0005000507322316134,0.00011924708512594888,0.29643991425218663,0.9960401306853092,0.011696965304076101,0.5229383877706263,0.5768098045222373,0.5188025224052206
2.921732086898007e-05,0.0014838720913733817,0.57938483080285,0.006255482584177058,0.5874542749351853,0.002732765586774548,0.5692697466289771,0.0026538505201443613,0.0021089881686789176,0.002949174718886598,0.0018388226942052666,0.0013232171045916181,0.0016546963786997903,0.391212646416606,0.002117678800847382,0.4973039552161256,0.006722015691687788,0.9984049306156819,0.9871474486904759,0.5351375872963314,0.6400926965557465,0.5132716638995676
0.8814100035316232,0.0014744577968489418,0.0024742856561194506,0.005853469146509031,8.427760125993621e-05,0.0032952433959851568,0.005057006360500773,0.0008572171462555659,0.4354178789839464,0.0007914873571965051,0.000501141896797891,0.2889844736878011,0.0006039194702143087,0.00396588550184853,0.002357480144565712,5.935916508729424e-05,0.004123162127902452,0.001782067017005392,0.0010388010734278912,0.5697978994052183,0.47647509669858323,0.5056287358265835
0.0018572458190160561,2.5207948565682817e-05,5.611578254797156e-05,1.3604238353215026e-07,0.9000401198667229,0.00030618081197273734,0.0007014325515734854,0.0026753014408271427,0.0022676925565030476,0.4509181219888712,0.2956726948623235,0.0016039787009687867,0.0018922943939669006,0.0004961388412447199,0.00021656854515232312,0.9986518656445853,4.544006370132969e-05,0.018745810866553123,0.008423693859444964,0.4796375636710897,0.5746360690487833,0.47353955945735027
4.897552820594871e-07,7.968830295303327e-05,0.0027892761733399702,2.6363399631475212e-06,9.733460408711706e-06,0.9164585893040298,0.4587269603457374,0.002835875700494382,0.005266301093571027,0.00011267431114741216,6.998964808252158e-05,0.0032712707341900696,0.0017615799919276079,0.2954425572274435,0.9980616633098476,0.0022206741848683764,0.0006014796847266662,0.9818163387569396,0.9959869068867755,0.5723113741431327,0.39955553819255085,0.40223627925639655
0.002768023157303813,0.5901723202793986,0.5845919097166862,0.5841644570640143,0.003951669977231299,0.002750857471648087,0.0037601429981492696,0.00024474919937275116,0.000867653907343013,0.006178100855587542,0.0038443599293721655,0.0005467057890509725,0.00015229847531628702,0.0024678766653886868,0.0017382409007369163,0.002458616078982346,0.38683033401791017,0.5040110735208597,0.9969383210455751,0.54432298397735,0.4757832249440664,0.3566866178763149
3.3668217999303014e-05,0.001656630462335271,4.3647598103926125e-05,0.0003069366212677019,0.45020252456987686,0.00028869798463350963,0.8750720847382016,0.0001795283206194889,0.0006380611082119795,0.0011973667709078064,0.0007423097601134965,0.0003980489868659504,0.00011129894668797767,0.7111275290163641,0.0004146167146541896,0.9976158811231846,0.11655002299831452,0.017140483715951876,0.9867350935762799,0.467686608493605,0.44246239397217757,0.3498956569348925
0.0025457658573789896,0.4674359439249352,0.9339019927299274,0.014113742694161161,0.006493538210834651,0.0026331775016914176,0.0010208077438124286,0.0032098720511160245,0.001259390214098333,0.0001652804348905059,0.00010074149269788651,0.0007676218873783954,0.0019564810633314897,0.0006222047597349446,0.0016049817851172847,0.003957992305814983,0.008603094673892975,0.7045598958934132,0.9964437500791313,0.48175745924054353,0.4860572836373238,0.29039054428660943
2.320232246750137e-05,1.0777464209156658e-06,0.002514068865202667,4.7901458472371405e-06,0.5922492456121979,0.01606184695765846,0.5924161238461914,0.00022654935113839542,0.5709675892693735,0.000618467252112682,0.0003883323521452518,0.38081552092498416,0.00017213949489747974,0.49996990211121983,0.017260798536266053,0.9972975208817068,0.0012129416823261489,0.9939675427853263,0.02881033536350014,0.5288241166865881,0.4707621766783076,0.6104990018817424
0.003907091618881348,0.00040269364463763166,0.6082481626161315,0.00651534554581703,0.0037929643622155187,0.0001244944051233725,0.0022105209112670307,0.6070184537756408,0.002526125624606426,0.6185292808153032,0.3971613737791459,0.001871363827071696,0.49932832040101854,0.002313435508225714,0.00013029103059700956,0.003969594292696055,0.006818971797410216,0.9957844318590616,0.06375666942607416,0.6645412259923896,0.3349527666733743,0.43292491611847045
5.263632798849679e-06,0.5998304214575549,0.5744719325207905,0.005046954904028457,0.59010840059054,0.0021400829864177645,0.0016423218046383,0.0009686402658142537,0.00677322895343131,0.004158975882836579,0.002598579696230941,0.004232053949480935,0.0006052352945998263,0.0010123005232252858,0.001337191497193622,0.39326871150628806,0.003868518743155528,0.486254804215434,0.9999942696861344,0.5565753144357622,0.4656595101704187,0.3794999393988779
0.0033689036583974315,0.575444881407839,0.5708093896762411,0.01117288532943946,0.0001777843860631593,0.0075115254302661845,0.00039032171542765023,0.0017406467474256886,0.5619973739903503,0.0004084847655226601,0.0002576570062434874,0.38135005367522523,0.0013293918811773525,0.00034472430671950854,0.006031844837325995,0.0001357282769732205,0.008531252264367684,0.49369384295161217,0.9961064928284511,0.561318512564436,0.4555184485705298,0.44044371020690126
0.00013131278736634993,2.9301558627253568e-06,0.4981665751122423,0.003770503065030637,0.872949572962242,0.015523312015739582,0.0015632304480857218,0.00011249502626182747,0.004859110683724287,5.5069653990995206e-05,3.46848385464256e-05,0.003079656081205834,7.085420746287649e-05,0.0009982286837355026,0.009777632054253999,0.6637375223179296,0.0047124410647083,0.9998316370614071,0.013849534401055519,0.5159999473959844,0.45321026009466914,0.40875434328029153
0.005130520880901647,0.00032460526136650575,5.638870862824093e-05,0.451089819895567,0.004445251156329675,0.0018649983867995593,0.0033897535126940124,0.9046725532585643,7.987002372012627e-05,0.0007893676522052871,0.0004913274730316956,5.0924448721800964e-05,0.7092696918954939,0.005610912211542668,0.002767869682607876,0.006271948137593382,0.9921279200169826,0.006580083882885941,0.03834836923196744,0.6069476880193286,0.5197528571702569,0.3952782032177363
3.3338309718995523e-06,2.0110809234397403e-05,2.0038921269356033e-05,5.850638453560639e-06,0.0019122852142220213,0.5878885511080238,0.5867038528487697,0.0017580193265181398,1.6272971871342138e-05,0.5746115370173197,0.3873077478841351,1.2557460458844924e-05,0.0013566216546486987,0.4950239622512804,0.9979289103215391,0.9902841119927719,0.12848154541600465,0.494324040458413,0.8927737478312604,0.4663702783533516,0.47035913843059984,0.4419975621649167
0.00011854882506330318,1.5179628190800991e-05,0.003949930570769685,0.42342878290575076,0.8561490518095051,0.011990726237735897,0.0017694830515295622,2.1143518157691606e-05,0.000417816340739783,0.002862191831211491,0.001791344824102419,0.0002840479695485291,1.508893236878251e-05,0.0014187429846385102,0.008579310945776682,0.6360201565497379,0.9949996955680906,0.9709783831820364,0.05340753174951032,0.46461693711499,0.4691288848034763,0.3776043274061308
5.128693322242946e-07,6.382071334684925e-09,7.296623971973742e-05,1.7145166859131495e-07,0.0020266966863933355,3.440257730455162e-07,0.915346827137706,0.00010941199182144122,0.00013389331072087877,0.46021919728321764,0.30002482947411785,9.43804871799867e-05,7.712374163146415e-05,0.9985704289580077,0.00010799139654175081,0.9770899665970916,0.0014958717720067714,0.9954098158481499,0.007722765288457278,0.5297684409858908,0.5316582428208956,0.39158463449287073
2.772037003744256e-07,1.4207624928808473e-05,0.02248050815261853,0.5970276678569134,0.5924221088064467,0.006999308981092947,0.5806551030208684,0.002669042129057262,0.0021210594424373023,0.002966057138998277,0.0018388226942052666,0.0013232171045916181,0.0016546963786997903,0.3886685219406766,0.005296069389425981,0.4973039552161256,0.9755021265462694,0.9996064015384181,0.9872632142751047,0.5351375872963314,0.6386882762891196,0.41992164845070945
0.0003244801858023927,0.9056894690505382,8.10384337504859e-05,0.0015444680117516856,0.45401285334013447,0.0037120712226913514,2.9478347554696846e-05,0.0028310337581327525,0.0005217830988714333,0.0010631522509340304,0.0006680867207265553,0.0003299465698167445,0.0017790290520733898,1.953827014012716e-05,0.0023687561529057693,0.2957874100921655,0.0010855017905361474,5.823704092650095e-05,0.9997661262901544,0.537098245360067,0.5487060179192015,0.40341165532355194
6.645014162509841e-05,2.8116614112546463e-05,7.122156869197072e-07,9.492388863676213e-06,1.0680671242293051e-07,6.051896452168926e-07,0.5838962960561516,0.5861662146562407,0.0013550197186146702,0.5817106630359518,0.38805498216296774,0.0010419592457204835,0.4968561405312689,0.9999200609047523,0.005183062129912765,0.0009147060372620741,0.08151543139784634,0.006288056694130873,0.2491112112548225,0.45029701225320445,0.3965330202498213,0.4460789944455366
3.0272255270848473e-05,0.005080005774814616,0.00498043950912457,9.534098385514695e-05,0.901228578041939,0.00853971593733172,0.00043032624862357293,0.001882605628541095,0.4592558301864588,0.00040941499309378926,0.0002576570062434874,0.3000046417872006,0.0013297152518504602,0.0002998941272908544,0.006031844837325995,0.9949743743594177,0.008531252264367684,0.49369384295161217,0.9961086867602309,0.5735161851783369,0.4492184119661078,0.4399955812360178
0.5559872571378628,0.011469589369096062,0.5759326438925984,0.0016921360412447135,0.0005383357136671125,0.5704390276884413,0.003830006081809434,0.0006730994345388139,0.0017719149062894787,1.2539023037541113e-05,7.953282099215078e-06,0.0011380426673593639,0.0004269356523641271,0.0025622860793643666,0.39166106857632216,0.00041805712900612035,0.001314103802010103,0.5102086366056353,0.012805972950907879,0.5412525884702202,0.46980662018983327,0.467264853190167
0.5235740548574783,0.5680419275608435,0.5390042298473059,0.01222725544401509,0.012737053689648233,7.753231208412065e-05,0.002464935453989433,0.00021612622164320043,0.002135373210977301,0.0040287450004631445,0.0025164000942099604,0.0013662686695430208,0.00013981380034306864,0.0018054791614552264,5.343651332479166e-05,0.007951599549208155,0.0076209285355215445,0.3635948214590128,0.48055317602449277,0.5967723853044132,0.48412038352679765,0.401964645225211
0.0027259568811793798,0.5866998122600426,0.0037876379277401663,0.000935269483127346,0.5878920738600908,0.0008835936179898154,3.334706712439842e-05,0.0042648144983047295,0.002111442939951708,0.5843023317944306,0.39030452119179515,0.0016286169669659008,0.003269086328967379,2.6433421500621918e-05,0.0006877759580307605,0.5006042095708668,0.0010147215356427985,0.004201833967900415,0.9969667781281074,0.4692659443292633,0.40142717011314427,0.43059918173300454
0.0038008471468978407,0.0003207375439430213,0.4465256993491474,0.0011904598393597818,0.0008378557637602855,0.001858310411748829,0.9011516448683925,1.9440886563339882e-05,0.0004570632267631267,3.347785513953796e-05,2.086703450636287e-05,0.00028667895229036316,1.2117670233635918e-05,0.7049804597026069,0.0025912449285203643,0.0011682624969922006,0.0016598946863677947,0.9945461919522037,0.052265140835197926,0.44931833847300057,0.43909654908594176,0.37720817033209075
0.0,0.0,0.0,0.0,0.0,0.0,0.0,0.0,0.0,1.0,1.0,0.14236348816800626,0.10750759672790283,0.7954056322384386,0.009413537990354937,0.2838162298613325,1.0,0.5041987767371856,0.0,0.5355193219823944,0.0,0.47539611899357337
0.0027403900566421173,0.5843241263248337,0.579218818986341,0.008824211409029321,0.0004620631351438694,0.5859022369370674,0.0038342376389308304,0.0006764864088510739,0.0008504039886010436,6.972905838952421e-06,4.340016126800229e-06,0.0005326218410618426,0.00042105291040143696,0.0024678766653886868,0.39521519308400577,0.00035352551221010196,0.006751597935696241,0.5042518646098879,0.9969383210455751,0.5412644664011554,0.4757832249440664,0.3566866178763149
0.0005738014728221461,0.0006762436008491043,0.4424391327864672,0.005449105092247659,0.00865202206005346,0.9001995779784213,0.00797527494550476,0.01138363534450226,0.0007730656664392527,0.0003927186253972034,0.0002450952903636426,0.00048549639121388613,0.007104662905607129,0.005147502954683593,0.707404237445789,0.012173040876650332,0.007667841431460591,0.9987384263826045,0.5441397713169878,0.6357012296229475,0.4697405081905125,0.4729487906823272
0.0010341163495941703,0.0121519777959203,0.0001623828736162457,0.5873703946929608,0.0008441139273509623,0.004782925959621144,0.004750592121521461,0.581752136235081,0.0004175593118907725,0.592231423806399,0.39571056587456055,0.00032353184448880745,0.4968715210571533,0.005219162157925757,0.0051830579630758695,0.0009147060372620741,0.9867790553415151,0.008664187676411415,0.9445803616140938,0.5482348839105414,0.4104968560465899,0.41825937059043783
0.003797427226409511,0.00018806134070126535,0.5888988513952796,0.0034060093520221334,0.003672155078687067,0.00021579209569766526,0.5932429835626015,0.0050285469078642465,0.002433693924290756,0.6012485933483871,0.3969498373035334,0.001853407970787105,0.003829582402236651,0.5023269744470367,0.00023326949705644476,0.003969594292696055,0.0036819606425236625,0.9957844318590616,0.030713742579734915,0.6504464992202199,0.42226657493668934,0.5321055614526473
0.00011115144126704929,0.9114713885815235,0.0019111057221478675,0.01181593197541978,0.0008105370043918603,0.002625555527942379,0.0015880138087352863,0.001058312743380471,0.4548275804488172,0.006698718645806779,0.004186090135592309,0.29463638043894086,0.0007391138825394346,0.0010940600961937635,0.0018336660474007386,0.0005660896445972386,0.008252519516596342,0.0013348159195397122,0.9999203669464178,0.4618934144706197,0.46010638546859783,0.3746861712859246
0.0006940876252169584,3.148281690931396e-05,4.01321483390464e-05,5.076572163727675e-06,1.2046086019866163e-05,0.45375244767879763,0.00032300504632345296,0.003272053984229104,8.517817000754597e-05,0.9054705632749747,0.7003231168121249,0.00011842120156456114,0.004520735094597906,0.000452459323846123,0.9990137802800525,0.010743279734994856,0.004527934296491252,0.036620661946337646,0.028138494395766545,0.45898212564533447,0.5317138418969557,0.38475015202212537
0.0041037266207945965,0.5846326181512552,0.0004050665255447779,0.00024248148669323846,0.5953818873486482,0.0005025704552888341,4.005029156877638e-05,0.5798958026014962,0.005709662030887249,8.800451660451673e-05,5.5133907949116054e-05,0.003599506476777748,0.3866384927770432,3.055560154314463e-05,0.00038342655721444914,0.505792057558679,0.00026403731284585464,0.00044106309986947933,0.9954165988217123,0.5167933969977502,0.4914841219475685,0.3742410265901622
5.060067268415357e-06,0.00044534863584100976,0.0008871527509489326,0.0009458165262091299,1.2844404180641037e-06,0.9281202974719858,0.0009230773973899462,0.46429297491472926,2.2619622124538532e-05,8.063730883593535e-05,4.946665170123699e-05,1.387592752536001e-05,0.2952944292840861,0.0006247169264444019,0.9990595108415904,0.000596386488501674,0.4846192563004836,0.7037988930849398,0.9925807922643765,0.48079011963431206,0.48609350349657177,0.3070916892445524
0.8777220005525036,0.0015402622900938879,0.004543055471496112,0.009100537486713528,0.0011151115065269374,0.0008471498881603422,0.0006267488622839595,0.004496708090508312,0.0016075029231394304,0.4568081127604103,0.29889562631086813,0.0011365787916495602,0.0031793955695513516,0.00043715578403019564,0.0005989825481543124,0.00078846880742095,0.00643479649591686,0.0032123724166392103,0.0010891211880897514,0.5281109864862826,0.5280818131327382,0.4101863187318837
0.0004029014836070488,4.921534991527029e-05,0.4485789865002336,0.002605188981336057,0.004280708429731794,0.002373557367512888,0.0006125164975762582,3.9908063883900975e-05,0.9097851831238869,0.0002821642341896956,0.0001745583395762344,0.7059640676291421,5.540269238645698e-05,0.0009696512356404054,0.003397910803145505,0.005940721581386971,0.003616005216656417,0.9993917335302706,0.07166271474848492,0.6106891348372115,0.41452443238340675,0.4025129699202095
0.5798125707639398,0.006873696088647173,0.009997970395741525,0.00148311953952612,0.004056702081026493,0.00013100395341523433,0.565999625914112,0.00016354161755398447,0.5827635648688059,0.0004204774105066498,0.00026585370533093453,0.39294077071544586,0.0001267980166251739,0.4841802303458258,0.0001402023762293366,0.004341575079165391,0.0015872951433350017,0.010700559172840338,0.007357718518625253,0.47934732458859886,0.49268694311164785,0.419965715703485
0.5721685012529546,0.0019924896514316756,0.00782180944950763,0.004092069566097065,0.0009001341883499775,0.008068558033422931,1.9876551022003088e-07,0.0018257142178557551,0.5694653230748257,0.5841566688881431,0.393963050376083,0.49238503389454097,0.0019803373272670815,2.1858650245355424e-07,0.008752190351514255,0.0009764138793454019,0.004438816452122421,0.008675666478306459,0.002161675257539126,0.5478876191503022,0.557179417175163,0.5381129729810361
0.0007388744536673009,2.929989265131342e-05,0.0007015344880729029,3.1949311941085333e-06,0.5863846651565466,0.576934135340049,0.000735368586200474,0.5830183105984684,0.0029584984931337183,4.407720254370244e-05,2.7691880240339212e-05,0.001882101676187221,0.3902785428347534,0.0006287840356695201,0.49980210176953677,0.9988510704353867,0.001922137743609316,0.47418354950291397,0.023986475415387978,0.5288290013154757,0.47061174445132253,0.6077671393556883
0.00028883626969561415,0.0004132590811108644,0.5716278423028848,0.5837107536733894,0.0007381458757051772,0.004674969607489816,0.0021045267228924206,0.006465385553176055,2.8855251258398006e-05,0.5781465688967218,0.38879517855407186,2.2521144993804706e-05,0.00498346577867223,0.0017553198244479266,0.0036592500649998807,0.0005688550092244844,0.4995842799162336,0.9994461493062937,0.6041608260834286,0.5876013125080661,0.4787907122274581,0.49252251611474407
1.4483037523331633e-06,0.00017018084844868967,0.002157736359055451,0.992720604346335,0.0010958741385601611,0.0014667767595002799,0.0010680480025697335,6.896094275267445e-05,0.00041888398897063026,0.000831486310055143,0.0005224039883669994,0.0002695846835309624,4.465981758233642e-05,0.000786894007899025,0.001016849995374261,0.0006881325847591037,0.998610082530867,0.9493008964985761,0.9937524438584242,0.5620758891113768,0.413477908319547,0.4559667657211801
0.0007915742102924734,1.9286708980708094e-06,0.4480706503497573,0.905020135475713,0.0010188997327770033,0.0005215259599784023,0.005429664534499156,0.0011751606680034526,5.1803694574459565e-05,0.004707252473221273,0.002954774975629674,3.292709735435064e-05,0.0007376613990973989,0.0037939458155457906,0.0003324348007252987,0.0006394037773277635,0.7016727651018768,0.9988721475835771,0.0015130179397300162,0.480701560973438,0.47103771088574176,0.38601993255977113
1.3774617982688508e-05,2.8170822965249904e-06,0.003951796449372835,0.5936274851883259,0.00043724212187785065,0.0004912859839943115,0.00010001320701128503,0.5870338243556448,0.5776653325059431,0.008678269155719828,0.005430633689957906,0.3871993057049983,0.49643823233036766,0.00010725426036946968,0.0005268556966043013,0.0004688988804280261,0.9957621580773803,0.9976790802510463,0.12529154982332175,0.6260643671445928,0.5347563270858955,0.5156258401012268
0.5468683644461825,0.012561708325401783,0.5836754049260273,0.00720095302790849,0.007060581380916958,0.003556115385990222,0.5717079745188162,0.002150414296907174,0.000755152270246091,0.000587325813477983,0.0003726235768553019,0.00048210539221978056,0.0013643123063197984,0.3920561026144919,0.0028066650637051035,0.00548739817224317,0.005596623302315423,0.5196678185389257,0.014256660729215387,0.4974187820312621,0.5188140337196099,0.5554399343922686
0.0007342769801736631,0.00013394255834374533,0.9930612420210257,0.0006870936393285705,0.0005030834516073547,0.0005773171231228437,0.0013544127874657438,0.000413954411940454,0.0019290408572111835,0.0006056361697810734,0.0003797480607546469,0.0012171430590487385,0.0002595595683626611,0.0008610136348349076,0.0003675902845067053,0.00031542256460069887,0.00043078687284963703,0.9995204257806893,0.11206364814414155,0.5799617658674008,0.4957454865059317,0.40569891099858363
0.0027670961894668,1.3043974214387769e-05,0.0003856319976897791,0.00012794716159399732,2.3196874774157485e-05,0.5949300092379438,0.5983259836993027,0.624604954141481,0.02054108202537165,0.0008416402238996978,0.0005054942022024737,0.012415286809210564,0.401258163843379,0.5013022621395036,0.996977816839813,0.005148818866904245,0.028409013177707436,0.08788701548194106,0.0029262210885613107,0.6785468483122276,0.6398980186141439,0.40773950141175336
0.004100690736389083,0.0001076153320136286,9.024767243311167e-05,7.607537879978899e-06,0.5903182657518101,0.003358838021382813,0.00014652052258763302,0.5923439306825207,0.5878580543880881,0.0004987538404112315,0.0003106118340597784,0.39005389587731965,0.5010772501945239,0.00015800630976414996,0.003622157952761667,0.99546156512668,0.0011508138145743777,0.013652823087910548,0.016284791405415538,0.6074144579787539,0.39896449112455623,0.4780130687777628
0.0050222726389579685,1.3040810496208483e-05,0.5864319245848627,0.5906879878824235,0.007775705375304476,0.0007536524945515722,0.5827462054204134,0.0012137818194319918,0.000317023863583131,0.011315654152343405,0.00712068255254817,0.00019950428242928897,0.0007638372612631943,0.3847682833454481,0.000576384880509312,0.005947024670768584,0.502294315249811,0.9944076545300338,0.0016115445040899784,0.5540912799074134,0.5096231497279627,0.4068819376953868
4.042810232268442e-07,6.237509186470783e-05,0.002063819744556918,0.9456974197184658,0.004589390304313432,0.0009076922012342373,0.4633474954726334,4.915460265055095e-07,0.0004582665005470333,0.0001776125463033101,0.0001073682974359945,0.0002770260097970771,2.971437847961001e-07,0.2900262388557281,0.0006110267710876212,0.003089429728049203,0.998610082530867,0.98076444998311,0.995767799845421,0.4686838452089849,0.41463332778323037,0.28821841920379226
0.8800122266127374,0.0,0.00040368943234134793,0.004755782732775914,0.0004759352408787679,0.00023682144920000663,0.0021055568575678116,0.45789329330812156,0.00045708411313897835,0.00122252170255472,0.0007689451874501761,0.0002874982131741578,0.29886456822435964,0.001485018095214106,0.00016702696897753734,0.0003356706073053477,0.0033542053951518547,0.0002847153008903704,0.0,0.4779074170901893,0.45213680757903674,0.40323752231881177
0.0008677314743911165,3.800750151750546e-05,2.3254471781655556e-06,0.0008375277374911971,0.592354637929507,0.0004577113948539135,0.5808805444094386,0.0012181545725863335,4.967937795035404e-05,0.5869715912844364,0.3899677844295697,3.810198696034515e-05,0.0009284484910889734,0.49817543320720115,0.0004995580537677266,0.9986859786116029,0.480392387307433,0.0016993239950363415,0.027173440446203567,0.532141717503665,0.39794202880397406,0.40286389665941297
2.2647573677181163e-05,0.5848568113934851,0.00027064212443618475,0.0014724560015220874,0.5854142961229022,0.5761233440972173,0.0018682805974745752,0.004167965370565985,0.0007391643530091811,0.003710568070760714,0.002331135972628462,0.00047022192251193365,0.002618510159963644,0.0013065636435919802,0.39181858716934576,0.50021909310209,0.0016024959221515073,0.00030116285831810485,0.999974727164495,0.41543326253014656,0.532874860291452,0.42855290436341115
0.580230282706341,0.012336343998497269,0.004191873386097524,0.00014097617206932966,0.0009528401955680792,0.002898691044406175,0.5977275333170657,0.005980879586100543,0.016349264319995355,0.5602519664103139,0.3731502666749158,0.01241356456802889,0.0045134179416038206,0.5013011202002644,0.003099957806824449,0.001019007310619133,0.0001507656962828688,0.004482870263293307,0.013194232730160224,0.4780131997727866,0.3984420570015139,0.45485561726373264
3.344346298083435e-05,0.00023990011918839115,0.5764244125678588,0.001044601078160912,0.5914179810800719,0.0011917855914638,0.001216248138219745,6.154419968409996e-05,0.000740451074037892,0.5831345073482734,0.3881873055322792,0.000571806365718191,4.693599797161351e-05,0.0010325170091796728,0.0009229551871290948,0.5010655423242713,0.00109383760705094,0.9997379026234359,0.9048054939253825,0.5733881447900655,0.5606092748764613,0.40404201174951443
0.4269761264332886,0.010552834900635936,0.003617042071663253,0.0028408040344420626,0.00026350827658502693,0.0015420115482150162,0.0008325441026028085,0.905276842954033,0.005372713746601834,7.850899407125856e-05,4.969794216370482e-05,0.003422400874924297,0.713121540391846,0.0012513525311756073,0.0022759364756876716,0.00038295996237691643,0.004128635341732673,0.005375103794576619,0.015340421583065901,0.5746829816965792,0.4918515536578656,0.5062532939120782
2.662560112268702e-05,7.867953107647181e-07,2.0880441323200245e-06,7.669895839467119e-08,6.406445392603811e-09,4.995923645830958e-07,2.866512884680943e-05,0.5817990302482082,0.5851912023064435,0.5867414379935164,0.3934917773859059,0.5018506273144923,0.9999569056004245,0.5100144328554055,0.011605446788906439,0.00014884121986873848,0.0017819280102059354,0.04855747507324859,0.018335022864106362,0.4773735565559138,0.4958068877915923,0.39048113240865767
0.5710029291526147,0.5972371736347263,0.011695130260021204,0.0007841715110728896,0.0338235922036431,0.0005947367211773487,0.5731740808883341,0.012651606653317278,0.0014514018915153162,9.650091848613613e-05,6.054247970767269e-05,0.0009105768053894168,0.007937543652790924,0.3821683253330186,0.00045221908515500714,0.025725391409580307,0.0005967466801224657,0.008900000567658828,0.5062208930356105,0.5567367254707358,0.5112061641446205,0.3932882954004398
0.00461585917009765,0.8928626082843559,0.4476285062722127,0.0006901749724884588,0.0024036301987646084,0.0005348641897795903,0.0009467104616986768,0.01160809438240261,0.006573754304511507,0.0005994034197748936,0.00038031428465915354,0.004223502531562399,0.007365517237584995,0.0006850248753851379,0.00034998139374153186,0.0015246509463715634,0.0004378387244376048,0.3014924270858998,0.9964437500791313,0.5266386609629455,0.44999740512441133,0.5122471468203552
5.3524203397798446e-05,0.001924663718889363,1.3910137291680619e-05,1.37635446820828e-05,0.9093749161415237,0.00048210009243068654,0.0006852523333442114,0.4548779885028964,0.002545644156228918,0.0018929064415466991,0.001185258284949281,0.0016039787009687867,0.2953031603835905,0.0004961388412447199,0.00034275881015652116,0.9986518656445853,0.004550095232656121,0.004702077100062964,0.9818497716777568,0.6047242348926904,0.5746360690487833,0.5130749020311898
0.0015845679078512317,0.45200301659067094,1.41754294957267e-05,0.00039435118352484705,0.00117716787430088,4.8449388420211125e-05,0.0008178489551593759,0.00029935562458425287,0.9001880815617801,0.0022686024770958192,0.001419491594628302,0.7069402871230726,0.00042163298072923585,0.0013320596130204758,7.036777095179633e-05,0.0016573437065164898,0.0005552864449460686,2.0408745850173694e-05,0.99758858387151,0.5723834964575262,0.4500762579079135,0.4015022265875594
0.00012336497671548526,1.4837068778909094e-05,2.5975293200385685e-06,1.9376424291071642e-07,0.015251403358618973,0.6026330004519528,0.001649522599024299,0.5966405974703463,0.5848179347857276,0.002089067420421792,0.001290902795697546,0.3842964196158931,0.4967157661939541,0.0017184395905970444,0.9838908902002627,0.9946809249414108,0.0009679924141940584,0.01297724877556645,0.07430477692851861,0.5967809007072516,0.4220855432624319,0.6216757795402648
0.4973686355231397,0.5618291597805766,0.005142528303374875,0.5338334572261104,0.000753035148713133,0.0033115025413678564,0.0012362543530718725,0.020007268407737748,0.0007953042961414021,0.00908538298747608,0.005749908307670834,0.0005156000022990368,0.012982119558889515,0.0009177037971228228,0.0023130643672443062,0.00047642824524007243,0.36447589987668894,0.003958191018908834,0.4824310253048018,0.5336142315581687,0.45304725060244244,0.5509596266401278
0.005416820671359704,0.5842223133946893,0.009587768106217092,0.5937100927720341,0.5635431663463624,0.0006624903179085432,0.0023762215093481483,0.00040944104320630585,0.0017098437343710433,0.0010487158827260981,0.0006638206664421331,0.0010823050950908623,0.0002591702128895637,0.0015041150973796693,0.0004193479492874087,0.3786494725571638,0.5050708154867758,0.010446077429233092,0.9939458432070378,0.5203059955589726,0.5477640931175703,0.4447744713945859
0.0014004124197687388,0.0001029745947277262,0.5823247940575953,0.0070333269736903336,0.574797308307933,0.00089861285840836,0.000146439251144786,0.5826115904285183,0.010111170388088387,2.4910709518688906e-05,1.578720225496903e-05,0.006408078595417201,0.3939075165177863,0.00011393351825637714,0.0006991441540630673,0.495840376955224,0.007688851227354621,0.9984256147683511,0.04556082719767496,0.5294124434203196,0.5114690634615353,0.559405874336398
0.006123991386112617,0.9135228838244304,0.005052388088131088,0.005388122435607453,0.00036575442514201896,0.0003565295244515736,0.4280199897597598,7.172520393064734e-06,0.007318237388519921,0.00021389975700285757,0.00013216061117798375,0.004578620677848269,4.43174181876684e-06,0.30604174192302874,0.0002522928125885777,0.0002548074305915378,0.0037540574855156918,0.0035992995291204907,0.995624878232253,0.6499054114107526,0.5054816809256105,0.4113610245220026
3.841830278651203e-05,0.0030687471492132253,0.00018597128898468205,1.7203590011516828e-05,0.0002919891479091019,0.8900367464471043,0.0024352983400167576,0.0007588867209084515,0.0038207138174278688,0.4530253063776122,0.29579733490869664,0.002725087717515562,0.0005345422914362873,0.0019560747917232594,0.9978243571041516,0.06025136637333006,0.0034873101860863343,0.03938515974911777,0.9913882718367018,0.5285389293083544,0.4563696481563944,0.40902463112530646
0.0016992733407158209,0.0001276920084787432,1.5624127832827387e-05,1.816678195028837e-05,0.0012291856432206823,1.6055108394441463e-06,0.0013965018709943835,0.896521240113964,0.0004809014236581639,0.4492399452551099,0.2957223108128301,0.00034362913744000065,0.9981689178297966,0.3784271614500321,0.000485839827367324,0.39023727953756204,0.006618119013578061,0.005820105326446058,0.046567266170316424,0.5296126109208776,0.5313336536276996,0.5303983358851423
5.472711102641374e-05,0.0009459450441904442,1.5489676605369385e-05,2.4177019027981478e-06,3.537460214224033e-05,0.5708555020356564,0.5524218983644055,0.00016160367632767628,0.5696052662761317,0.0009571138627519235,0.0006068364756712937,0.3895501568260945,0.0001251730763208069,0.5016300733578021,0.9989584682761778,0.023747585951314654,0.00162384366276318,0.01063792915066233,0.9622775375548525,0.48628234812090576,0.5286573412847616,0.5554920838778666
0.0001434367633118696,5.345843926948986e-06,0.5736900214933172,0.004408766006641124,0.0006650894597063762,0.5710964129634811,0.0011618117984431655,0.0001105482308661017,0.5777591510472904,6.000078422291092e-05,3.777435512550254e-05,0.39276167051499644,8.429876165803982e-05,0.0009982286837355026,0.496421394282392,0.0007217416486909388,0.0047124410647083,0.9998316370614071,0.021946509268516157,0.5462557622571796,0.5094523021111773,0.40524831988052273
0.4462387350721978,0.0008061683044801324,0.004424865661981917,0.0005835281998607119,7.125478417652885e-05,0.00032735359507260226,0.001735320747619134,1.7753360387583082e-05,0.8896074704629222,0.0018455582192274894,0.0011629140149145413,0.7008368978445874,2.47045039190809e-05,0.00268801797503195,0.0004625720694512495,9.912643445659993e-05,0.0008118501018296777,0.006294654233565039,0.00112185417360928,0.5977775566678751,0.47633111654676913,0.48575354185987585
3.7277908598685646e-06,6.749022539450725e-05,5.021113812012883e-06,0.005080649657870889,0.45631831912611015,0.0026008778607088056,0.0008205972610229708,6.85596800903269e-05,0.9031823625913398,0.0001662007978034709,0.0001025759428445309,0.7084127959201947,9.910936854653e-05,0.0013431362657017522,0.004005721622653367,0.9929235482037033,0.9911941827760717,0.04663212053406594,0.9594999159643902,0.5958997733669621,0.5544128940228833,0.3609357764701452
0.0070035159907705915,0.0002892117935434888,6.389493941256036e-05,0.5769276510528805,0.000558966074361944,0.5853807384437565,0.0004829534207976237,0.0001775619273845241,0.5746908155321113,0.004200573479011695,0.002666367204949379,0.3884549604847802,0.00013752831948023381,0.00036907764598669707,0.5046006402681106,0.0006167601976045892,0.9920666716634792,0.005657526258898627,0.025615605524163365,0.5387136602487574,0.537175743727643,0.506915563517554
0.009690121965154385,0.5823878081126832,0.003285612146687261,0.003534321191643087,0.5775937729928006,0.002693554000327578,0.5748739052262011,0.004687388244478588,0.004221497533469435,0.002883741665893931,0.001832694118853368,0.0026828886636812987,0.0029790047202800096,0.3891400708208474,0.002090380886613127,0.49731202681686576,0.0038627713048075864,0.0035909441927962638,0.9891363629136815,0.5276871121601302,0.4745131301496943,0.517480269941257
0.00344719453906579,0.5818804784524625,0.0024909136603559106,0.5915304382092853,0.0009522128289242677,0.001247975081163969,0.0002941001319157943,0.00010262633402462995,0.5913226532008455,0.005469538782851579,0.003410149133275076,0.39605225912793374,7.873793124961592e-05,0.00022564219068610833,0.0009574833647872628,0.0007305661283874992,0.5052273073678071,0.0027251032063201897,0.9961316420198989,0.6042766703960938,0.4400624475698087,0.4186777301577994
4.249528496485383e-07,0.0007481549752958991,0.8859236903530552,0.002254185295209497,0.44980277183769435,0.002319980540539631,0.0019713875286500177,0.004154199342174231,0.008462473340537643,0.005289599044328745,0.003329890866661204,0.005394441445627433,0.002615261603072144,0.0013090199856244493,0.0014831316052972064,0.29340635244466007,0.001584237350121133,0.9994741383087257,0.9996292157797443,0.603608793448179,0.48007647047629803,0.5125010741385203
0.5753289056024166,0.0032692613754306673,0.0029781246334788414,0.00027991952521170887,5.327892391736926e-05,0.5819237582749711,0.004530025278803857,0.0003902886566134956,0.5885527038708265,0.0018768516562480413,0.0011754264194574482,0.39310611963796854,0.0002997892894158687,0.0034796295707963743,0.4955423870812574,5.74760976904111e-05,0.00030197096506595026,0.0032126875091243903,0.0035268648145094558,0.4204742292820801,0.5848309282881704,0.44525615134730273
0.5779243413288238,0.008220034484353182,0.004012788680305432,0.5737004462179182,0.01335783790710358,0.0038945139483133047,0.01515391049333795,0.002004681903709044,0.0031413378490402323,0.5896648627215104,0.39500303164259376,0.0024388242477572097,0.001546670010619897,0.011854334124099563,0.003051742493739054,0.010307567024789882,0.4895768654809682,0.004406344422358605,0.008828752222017384,0.5555093228359037,0.4095720902568109,0.4458963839824744
7.363416662246003e-05,0.88720385763589,0.002436755901219914,0.009021734825571082,0.008026529139022538,0.0032270836528520085,0.0006500768121651796,0.4372707904605551,0.0021331009715200356,5.1117913439286895e-05,3.192881600991727e-05,0.0013648093807460953,0.28673903921665117,0.0005289066546621536,0.0023687561529057693,0.005566273485639678,0.006257617308201793,0.0017281511025721721,0.9999409360160835,0.5948692171205255,0.4743485395347705,0.4021854930536762
0.0030383434506687968,0.5667624842257901,0.00842584434040539,0.005516100144779516,0.00029018220388967006,0.0003045985420561698,0.5594061666131691,0.0002947406890424597,0.5738569834630161,0.00018409136708787466,0.00011702616459202003,0.3912567791937225,0.00022932982185833173,0.5127506921463569,0.00034737790393205633,0.0003258451364049831,0.006194296922164319,0.009675199889003533,0.9965005164600224,0.5306358208459392,0.48139506616572436,0.5129735768027828
0.008712890825747669,0.00034975512211542285,1.7720973367201496e-05,0.5765096210762085,6.9803747545502095e-06,0.008306137754951905,0.5818938746594302,0.004408750478366151,0.583804932029836,0.007977552720132534,0.005048460198438971,0.39416430213355713,0.003426049840243378,0.5028876602940279,0.009170444706901398,7.70725807844666e-06,0.9901246180732765,0.0012613759669088953,0.024902332901388546,0.4854717614291871,0.562806228508336,0.45712367899909107
4.429694809167391e-06,4.0540687816154545e-05,2.2605550667961808e-06,0.001448648577987285,0.0009864498730134945,0.8948256680908823,0.004058084259200048,9.13992983758181e-06,0.44759636170666905,0.004243207385009482,0.002660240586153405,0.2945474040316887,6.40347271996922e-06,0.003164835207157173,0.9987720363030717,0.3804416369526843,0.9820455738425562,0.03602532310093616,0.9289837310826481,0.6007676992729304,0.47457832372648057,0.4318773762794087
2.3862818441601532e-05,3.5957762059281707e-07,0.580610973737406,0.0014644811757240626,0.000665858941472438,0.5734382288396065,0.0061846367774768376,0.5885403987481468,0.0028311097998706502,0.014579086323141095,0.009223819607704242,0.0017913001414207688,0.3977612132219911,0.004759450847459799,0.4960424603818109,0.0007301097845473122,0.0016057736019988362,0.9999731586444698,0.009351442581621837,0.5713032600172393,0.5342944509944897,0.4967705738438183
7.628945018809326e-07,2.2142758753733084e-05,1.8768046560665417e-07,1.4848176683708462e-06,2.161650612074133e-05,3.755629400406428e-05,3.379752048264008e-05,4.320090660759726e-05,0.9998025981853392,3.665243605592313e-05,2.3192751682207693e-05,0.9999535891198449,0.40096403919106693,0.38627675729283345,0.5607917177246347,0.4914227812769598,0.04259779525489821,0.005392307912886304,0.9775119362724476,0.4961053923296976,0.5485379622624714,0.43913401517744993
0.8754518874990631,0.012440467130981027,0.006146164575104068,0.0007054436776921175,0.006021425668640253,0.45134285042714495,0.0178149905625701,0.007167404949171606,0.004260944434524282,0.0006007989731069544,0.0003793597060743727,0.0027073556123199116,0.004525759066720434,0.011865646302573557,0.3004903226391689,0.004269082086116451,0.0005001687965667941,0.0044557240098829515,0.0088219438650054,0.4779507457801086,0.5349980329971818,0.41928123320597227
2.1539839338619327e-05,0.0015925276275394308,0.8989714938925473,0.0014745797278397123,0.00046202076051984567,0.003344281468924446,0.0006987461729773817,0.44942600321034054,0.0008589023723703597,0.00016722756285692786,0.00010592417447421844,0.0005440405566805862,0.2951309437240757,0.0004881335739301148,0.0023682865616237686,0.00032719526548453785,0.0010442583317596564,0.9988721215615278,0.9911682059003379,0.47099553268921934,0.5492856513061489,0.4576707212516526
0.5642044636455035,0.006029390059485412,0.566415384512343,0.005142501702234191,0.589328789180149,0.002104056204958915,0.005171365982226138,0.0009649521354541336,0.0022600765583568796,0.004250444361923541,0.002660094234855891,0.0014322584912151697,0.0006039094329314091,0.0036027101154522114,0.001337191497193622,0.39326871150628806,0.0039473770384197224,0.49211738390320336,0.006466935999097478,0.45449049474948405,0.4767782145121324,0.37909277281599163
0.5688182494460429,0.0075910708794916125,0.5749989527098401,0.0005494968292613306,0.00023227971352249508,0.0007785371074391362,0.0010951536960926034,0.0058958280752112275,0.5713644026386423,0.0006008055738288336,0.0003793597060743727,0.3863085485339306,0.004531833174331886,0.0008534654448771146,0.00060768823078311,0.00017853197218077165,0.0004223414359178111,0.5024395369933636,0.00828379861184697,0.47598616353896817,0.5349980329971818,0.4197746826892965
0.5886325990003538,0.5821436874884013,9.76108746826956e-05,0.0014685336898333748,0.006862096007973243,0.5717635553789462,0.0007863686912708645,0.0003247107358073551,0.013037857135367053,0.00794060528023514,0.004955562827485022,0.008188086685814402,0.00020266586183303125,0.000507546577124947,0.3855141082018918,0.005208674866048308,0.0011147239390516415,7.575980694337313e-05,0.48846727047162775,0.5034672601016829,0.641710556369909,0.5034195848130151
0.0018626814021655276,0.585782280056143,0.00026510311158525816,0.0014932780996706264,0.0004473977510177087,0.5594332746509858,0.004075216666415475,0.5933814855393148,0.00010530336784157788,0.0008922344089224523,0.0005629788421068142,6.728033660300661e-05,0.4002643124118375,0.0035391159907994163,0.4902404226512858,0.000486094576782345,0.0016225825522396438,0.0002945287348572298,0.9978704671897769,0.5025926636825101,0.5063375488085564,0.4056753423046809
0.0009379389801874745,0.5728199063643156,0.0025465980301423133,0.0018587106877373128,0.0014962579153033576,0.5872833381502351,0.5719526168327674,0.002688272182969314,0.00013652087277977396,0.005461857914009013,0.0034201002386991253,8.602362941656744e-05,0.0016833570209818917,0.39527744773804907,0.5128182473583804,0.001662714809877691,0.002065512805351853,0.0028935854366756164,0.998931042330144,0.4982924458686278,0.4158379599292642,0.40205790911594413
0.5613503985355305,0.014973923224626937,0.001500750807914921,0.0005826041785510936,0.011327143612086714,0.5839905728672927,0.0034384762224775383,8.557778109087748e-05,0.0005553277371823309,0.579467829954738,0.39151484020494576,0.000430957273254083,6.641187827238253e-05,0.002632335052525559,0.504323399094777,0.012517963293137091,0.0006439273179238685,0.001658692654456021,0.016551700809788905,0.5247585500808158,0.5607051443017023,0.5080755064425906
0.0017193516263028447,0.00012386609164457993,0.5689830992648925,0.0019095088809640106,0.5834467177264484,0.5733446070077357,0.003793375242793513,0.0015660578061020734,0.0001559721583788112,0.004917447936885341,0.0031034354072361266,9.967511727816431e-05,0.0009764414200591326,0.0026649588250601763,0.39169130311729694,0.5008856155694793,0.0020579399759121284,0.9979618697201033,0.04237672285375564,0.5560346991177147,0.45140376292148676,0.4430989483762959
0.0013614696607528354,1.1242468160981438e-05,0.5707208147843401,0.0008262406032770088,0.582586892442215,0.00030439883359074477,0.000729443787313304,0.0006530947273629111,0.5795268303422609,0.00022253787586826697,0.00014000476108319597,0.39382915100346266,0.0005043472195653594,0.000627048305798941,0.00023870393203544648,0.4994509554662989,0.0009013958630000251,0.9984371800169444,0.004997138855272004,0.5686052845383616,0.47326820243192136,0.41945645054765585
0.2256678141391125,0.6726359311422255,0.0006426092488846742,0.003081748233069695,0.0007647596416289352,0.017053676101657457,0.0008143068701657225,0.0012211646310811043,0.00032694813944404624,0.10845923020052019,0.06840834568047671,0.00022484020115708103,0.0008815513110909212,0.0006931780503627999,0.013836856807726183,0.0004836238144114909,0.0024033696350114248,0.0004656382888758026,0.5796848229881459,0.46562450845298586,0.46890930403102354,0.4039148674358326
0.005627164615101381,0.003996179705818906,0.5821262225337687,0.0066032630826842464,0.002780294954431851,0.0006123736904431912,0.0005359280914946576,0.0020640520098127034,0.5846610686682538,0.5808022679487918,0.3904676315457053,0.5013338352225719,0.002256925259740498,0.0005780881973476387,0.0006695999431816091,0.003040210370956621,0.007220676948415569,0.9923227793848186,0.38551202521444505,0.5329195765535316,0.4517551213384853,0.4250594861272202
0.004868726012638887,0.9378911843710487,0.0028809729586772516,0.47286094701095516,0.005013630358152632,0.0005642068252177258,0.0008875748853654041,0.0008765310084426219,0.0006089852719716365,0.00017709487218773418,0.0001073431131413925,0.00037377274116748294,0.000531294333134192,0.0006221227735690362,0.0003526500036543242,0.003037720108247875,0.2972246323356366,0.0019989549628303682,0.9964292204177053,0.5689960414052574,0.4707184223693325,0.2886267483170786
0.44485240692023786,0.018803936541617244,0.004179515916772451,0.8955121110746477,0.001859057940027342,0.004168844857181667,0.003117370768988658,0.0023444859778068224,0.001624777567136062,8.479621237003069e-05,5.370609759520464e-05,0.00103551733522931,0.001484894715092436,0.0020017612750098277,0.0026812208392781277,0.0011773773283421296,0.6997913128341656,0.00595772716234019,0.026224764611767537,0.5206835527802793,0.5474874997841211,0.5497191792236285
0.004772073679152652,0.00010056561726161638,0.5813237587062451,0.578231252405599,0.0005077636336230606,0.004491246510110873,0.00036033160112129665,0.0004002018411213126,0.5737595092018174,4.172248995791745e-05,2.6287500275945508e-05,0.387204114564724,0.00030724940754485203,0.00028047161009728825,0.003448104616779719,0.00038981427158553926,0.4912189347025749,0.9947569715691236,0.013079804719314636,0.49362119486277384,0.46978008368342866,0.40271683211737286
0.0009490688925740971,0.0047901751650708735,0.5765950185431687,0.5908652742261483,0.000677336287140006,0.5842976931166779,0.001105590368832297,0.01210278833480643,0.008835726014570219,0.0074146284732061465,0.004632441634015863,0.005555106413861061,0.007562063552859535,0.0007003968473249147,0.3888249418204283,0.0005166097516759394,0.5006975309006464,0.9947215436370129,0.8723813925972369,0.38751040517139124,0.4406897900236899,0.5529440590076236
0.0018440941548162274,0.0025115882186773253,0.003486649490008332,0.00010620496002913055,4.2337720236039583e-07,2.8170715908245625e-05,0.0034449550940332417,0.47454872797863007,0.952111770774368,0.0010791712996035404,0.0006457962904547695,0.7056206074094863,0.9922232072817376,0.3988437293505642,0.0038188131732047326,5.7395138681943765e-05,0.014398706887569696,0.5328467381741429,0.5890571546206982,0.47856215876849234,0.28874600724454325,0.3630728643114117
0.007922790803749132,0.5846910085460489,0.00026462163422783273,0.5833556413785421,0.0006434310085816316,0.000374262377028425,0.0006968393588648477,0.5681158064813233,0.004508345765307357,0.0018054990654304682,0.0011466199213631947,0.002899172959051337,0.38359099710740013,0.0005812221247834971,0.00029295017731381743,0.0004958620895451142,0.4991968744625189,0.0002945287348572298,0.9911558986249269,0.5275528903285125,0.538796071744971,0.5132339523514692
0.550460156930735,0.014592340771123459,0.002857711031886758,0.007366676779488019,0.593015996652304,0.0022011790560774133,0.5669915326495333,1.3182394830216056e-06,0.0002766889690706535,0.014838008760804424,0.009378777711873827,0.00017599891103125078,8.33290141305401e-07,0.39560731804057947,0.0017378129512522458,0.5155218479150314,0.008303988268996032,0.0032939483795369918,0.016453495371786628,0.4715344310996817,0.5624905033965993,0.5500666710192339
0.005480866883046756,0.0004272036157067053,0.5814014703044034,0.004882789836442814,0.00023267776643026098,0.5809252213814714,0.003025928615682649,0.002996742449482102,0.0007022894659855899,0.5928772771509823,0.39218462988655983,0.000540590083120629,0.0022780778611046605,0.002560570595891282,0.4975794714643411,0.00024912983564389637,0.005068812928698541,0.993639499897111,0.04583630180134695,0.4770540895133037,0.6058282633267865,0.38020266882838655
0.002784611332077282,7.740293165910421e-05,0.4317725539028714,0.001055802830627997,0.0003556586392405155,0.00029587373770749187,0.001558129180630133,0.8814727858119886,0.0005926004425410065,0.00282081496128176,0.0017709841179718022,0.0003811123275407407,0.7133428777562947,0.0026358013608356245,0.0004709615372203756,0.0005127803336865192,0.001519643620538496,0.9952075657377188,0.015340421583065901,0.46494349387884104,0.5597072701870311,0.4040193040538207
6.42259203195262e-06,1.4895716825645596e-06,0.0002593270555028971,0.5869146895794757,0.0015932067870347494,0.002541910846080576,0.0003302271076196755,6.975813044045343e-06,0.5739861284490294,0.5779371898126529,0.3838826260154285,0.4940784886262213,7.600496289117788e-06,0.00041156307409386406,0.002980933707884693,0.001692331791013451,0.9997181895961267,0.9806056329505877,0.1221645901866299,0.6020074220682503,0.535496698097829,0.4138978914857997
0.010577437509773135,0.0006379576655323658,0.0017920774022382629,7.93214991923758e-05,0.8935275861404877,0.011019042797972474,0.4607341262363284,0.0006604472249397957,0.007194735349230828,7.55222201168711e-05,4.7950029738519535e-05,0.0045680712650124355,0.0004193372858457913,0.2995664881672989,0.007849628735518699,0.9921522623970283,0.004584315477284633,0.10403415960715456,0.037389603239132874,0.543942331963444,0.47637103809402603,0.5141118451400468
1.5691335059510992e-05,6.540169698525458e-06,0.0006090158226909913,9.823615013398204e-06,2.1987558231319857e-05,0.5818138160490508,0.00793739761415772,8.370612828566273e-05,0.5681135519091662,0.5864638744500782,0.3977533039059613,0.4923858600423106,9.158254013055117e-05,0.008684544580431984,0.9993328370767455,0.0229622892680559,0.010264005372546002,0.9818444988008294,0.2457195455770303,0.5408231589280408,0.5040376532679872,0.4692510601149752
0.009534647194684118,0.5800416356839433,0.5856114036248552,0.021782628921885438,7.46613521050629e-05,0.00043110117300789586,0.5886620253443813,5.2420274863148446e-05,0.003967755428258858,1.1693874633442806e-05,7.381373272595107e-06,0.002504522506586799,3.308882950046432e-05,0.39060366180902906,0.00033282698671825207,5.7643094675496626e-05,0.01681923322841633,0.5029968216874969,0.9892668889785389,0.5551624430288014,0.552766695000554,0.4477317959306063
0.00023782614552411257,0.004466135259604892,0.8968386273000718,0.00312901048096191,0.0005161163937005516,0.45557321249564725,0.0015411415474363914,0.00012142823042432777,1.3970474230968124e-06,0.0006692751361297078,0.00042356760899010804,8.84156724852565e-07,7.684892050429858e-05,0.0009753507342298686,0.29921688862015106,0.0003663645856683286,0.0022211297353880153,0.9968249645104099,0.9652626371291394,0.5235491743962454,0.5664498333806616,0.4692305963134536
1.3058007246655064e-05,0.00014822131263017083,0.0016544541030632123,0.5953910170477952,0.0003055845346990085,0.5881162304328634,0.0024997036943697187,0.5750222608846496,0.000858924280338287,0.00012962128823577982,8.0849670015126e-05,0.0005391044812686951,0.3810036228553826,0.0019515294063289779,0.501005070380419,0.00032674155361091175,0.998184222250811,0.9441315334033221,0.9426420907638385,0.4717750083860631,0.6034007392418675,0.40426679247360425
5.731695367561417e-07,5.9529470902595847e-05,1.2148327976909272e-06,1.7518020363173655e-06,0.0012205391151286402,0.4434382138626601,0.0008629852481286042,0.8975637407171337,9.468969858564357e-05,8.168059489089354e-05,5.178274108111711e-05,6.040668503301625e-05,0.7039729873558623,0.0012369664485437078,0.9982725024714797,0.968951315191459,0.01872242812342559,0.013280295932314381,0.9937140244109349,0.5207075050935677,0.5600023663738489,0.5125097272211749
5.114180744622733e-06,0.0035863686319521065,0.0002591500081599093,0.9148271839150364,0.00017855303511966596,0.0030012801443226964,0.0015934639810780825,0.00017437337184713072,0.45647343050779743,0.0067229587489976836,0.004186090135592309,0.29463638043894086,0.00012134131440358722,0.0010940600961937635,0.0020885109263085993,0.00012425415416382696,0.9974978208768215,0.045922116296124534,0.9990688023631155,0.4618934144706197,0.46010638546859783,0.36075197522581764
0.003067761081074407,0.5860276712576988,0.0015643461830309525,0.013438513711780752,0.0007899337962770274,0.00045997597166213546,0.5729610366614736,0.005127848215325409,0.004062103646852302,0.576598161244688,0.39025317158973033,0.0031745501861269797,0.00398250477450901,0.4927346504500718,0.0004995474485742137,0.000857891319321331,0.014595882130630934,0.0016993239950363415,0.9965817861206617,0.5180703391188682,0.49390028831219707,0.45711063449173694
0.0008963785903330423,0.00014473979496723753,0.006844609097803465,1.1317621097044826e-05,0.5772369968123482,0.00019586942638328495,0.5863917838739562,0.574966984881244,0.0012087687171893956,0.0005994024046667893,0.00038013183444403093,0.0007665828881666492,0.3882609729656651,0.5049857700604425,0.0002160039295127511,0.9923822787221597,0.0010430755657140282,0.9139578745476675,0.09940461449604615,0.4441543748374156,0.49597611876938824,0.47345149636189154
1.2449216442347917e-05,4.093492436369715e-07,6.0762350035892855e-05,6.661795046534058e-07,0.00829252954999123,1.7812566182903155e-05,0.588136054538095,6.298187692378176e-05,0.5837243791820458,0.5892998787088546,0.3935319558766817,0.49757169849589283,6.816708765747442e-05,0.9910241910379398,0.0013674356201035904,0.9952331632603562,0.006830218073981955,0.8680656226267773,0.02040154578493586,0.5870080275983325,0.5055524914943313,0.4038362251763398
0.0005780259957446506,0.005861954475422196,2.2316562050065517e-05,0.44954854235264535,0.00023074479763651192,0.00016993472873604222,0.8952183386553199,0.0029584064358363095,0.0011339051648131602,2.8679702366667882e-05,1.802635245969301e-05,0.0007171766938568027,0.001859481491519995,0.7072287295231157,0.00024437201996486404,0.00032674155361091175,0.991656202470793,0.002465362419622216,0.9358396449836283,0.4439780003127682,0.47962988404183876,0.4035597226711116
4.999911098179162e-05,4.998503764572343e-07,5.038094576521527e-05,0.0014557086510272206,9.805995508843605e-06,0.4480154147050703,0.8996869205517554,0.005177351393232081,8.322068888574716e-06,0.004375690986441519,0.002771557753059078,5.271222280544357e-06,0.003279363698178994,0.7058670829630754,0.9979289103215391,0.004283134120902025,0.9685853074481923,0.494324040458413,0.006204742983651146,0.5025851429442685,0.5058683238472583,0.4289566738544404
0.0038606921321174157,0.5878612896191951,0.0025614542650497546,0.0026758267706435157,0.003816043897312013,0.5734657183734378,0.001406907513742963,0.002290543660247921,0.5904090791099376,0.0010644810923980564,0.0006699827004448005,0.3968008452957076,0.001775538272449884,0.0010760402690228614,0.4920893209968605,0.004132441575412649,0.002897697029458024,0.0027738270478666963,0.9957115063856998,0.544523452810348,0.5010952109725332,0.40258287982395896
9.24775036079176e-08,1.8448708706719765e-05,0.0021379340639356213,0.9144952673865264,0.002462895308916254,0.4669557300474527,0.006115255357940536,0.006079217554377745,0.0005366420287288963,5.490194761204361e-05,3.403753204381802e-05,0.0003327016897371471,0.003768951806963799,0.0037913610658262607,0.30054918617873966,0.001714518707904266,0.9985116670651241,0.9945064333795698,0.9967268437637615,0.5959003057161701,0.530102234275043,0.3705642411149388
7.116809855153657e-05,3.139843089446541e-05,0.0035611752063305314,4.1416834639588405e-05,0.5759146885931854,0.5550897986811483,0.005869824998668836,5.254750483310782e-05,0.5687871960909966,0.0007014488780238304,0.0004440034480350391,0.39335589404383653,4.097536328538304e-05,0.005271095839785023,0.504364589260166,0.9959732364555212,0.007239068448933824,0.984936899614863,0.24606195752239685,0.5342422421767818,0.5304874629258997,0.43960531368774336
5.193998507634609e-05,0.004003453542881748,2.967208431132015e-05,0.004164172015936034,0.9095019129916843,0.4550669501103125,7.990688733665006e-06,0.000153250817546094,0.0021584319919324855,0.0006867181674082723,0.0004298823885042992,0.0013596473666564524,9.593451519406741e-05,5.071434709266301e-06,0.2953517330225195,0.9959564370892446,0.5124720788633452,0.004823647840086515,0.9915300342307877,0.47874406198120056,0.40444291064396026,0.4140399471886736
0.0009124968323134016,0.000388656707973078,6.11274913038877e-05,0.0007376989739565522,0.0018069299527384095,2.4610975471860344e-06,0.44842976512860994,0.9083720812190952,0.0003421327173913469,0.0007564015732294682,0.0004740516043368156,0.00021576663902947776,0.7045745343782357,0.9969196004435155,0.0007122117336280489,0.6135399287515324,0.40001859886494645,0.03921487877620122,0.25059674638507057,0.46466511070666805,0.43830256609406865,0.3963565449285998
0.006835568326187627,0.9199090956399442,0.006298827928594622,0.0007229491457837758,6.79209559286479e-05,0.4531307153940631,5.408009237427584e-05,0.007335226988655262,0.0037631133168745446,0.0006148647110597838,0.0003793597060743727,0.0023509996985807834,0.004525759066720434,3.858563387365132e-05,0.29919396394746195,4.6984421552260895e-05,0.0005001687965667941,0.0044557240098829515,0.9948887738185774,0.4824360512827823,0.5349980329971818,0.3259381851715429
0.00016863382157706236,3.552997571631706e-05,0.005994362376730853,3.3629375424503205e-05,0.0002668974428820149,0.006085758875760894,0.8989616790491491,0.00516868906828481,0.4491168617618394,0.009285770622789836,0.0058821811494328006,0.2949452775127203,0.003660116619717894,0.9939466129411582,0.504364589260166,0.028314439582310058,0.0035700251749861186,0.9812518393900099,0.12897649863361801,0.5026515431134646,0.5366739931562552,0.43960531368774336
0.5468275368906803,0.01722605385833789,0.000958303029987403,0.00483576843979019,0.6071461072032791,0.586883793717928,0.0008485848269862076,0.0037314040693488594,0.0008920497492092582,0.0006020053747140202,0.00037798702170022895,0.0005601004083078465,0.0023428798379975524,0.0005257087251452779,0.39298214402247633,0.5250355174626654,0.0054858627835295826,0.001087143026327112,0.019545111797347692,0.5284109133607909,0.44951244197371115,0.3972202166660239
0.004612311512660073,0.5764908999422405,0.02485141791516912,0.001698870948668141,0.0005315046055404922,0.00016770168794812842,0.5892717127437505,0.5926635946161404,0.0015071716040581462,0.009234793782289832,0.00578849247416513,0.000944741718811472,0.3966743591865541,0.5066721022159968,0.00018501455483371006,0.0005863749675108316,0.0018742593105585494,0.02742507332397899,0.9947758352384363,0.4701647127662783,0.4003268495667753,0.4304736063915989
3.305464921037414e-12,2.4203539728706525e-10,1.126864506378451e-08,3.7722791362209243e-10,4.9321930670396605e-11,7.609595587627696e-09,3.261953003774625e-11,4.911438110158677e-07,0.8964355170423123,0.44916902470052084,0.29570734311083396,0.9999996510717541,0.982369897879276,0.0015060312479260596,0.3778835712088987,0.0027842934605254365,0.021298870496621228,0.9863270250519047,0.9910824348622178,0.4890780032070729,0.4938255259442037,0.44985931989831296
0.0028685362243889324,0.5084860501121329,0.0022417775457410213,0.004085758878184974,0.8622748344906417,0.0008653217962727583,0.001475826897706225,0.002804389710548372,0.0051014349051812045,0.0010626091013929092,0.0006699827004448005,0.0032948482912744047,0.001775538272449884,0.0010760402690228614,0.000573646782859958,0.6512175805449589,0.00494441498602799,0.0027738270478666963,0.995985392753506,0.5142676379491526,0.5010952109725332,0.40258287982395896
0.5825558307186635,0.01145627844573441,0.005267515902639665,0.5843930790015046,0.5844862811113243,0.0074861995489289655,0.002593627078369526,0.002926923523674316,0.0005432578729794645,0.00011912489977100923,7.437508774904371e-05,0.00034345011777959394,0.001827412763091308,0.0018025616785319056,0.004746313804635097,0.3884981626930266,0.4929594514628216,0.005738924770856157,0.012210435423900823,0.5967196078588186,0.46915215028452995,0.40328777742552285
0.001724793177907071,0.5830447484753777,0.009504639809229774,0.00171301575706745,0.0007554881738669005,0.005978723761838616,0.0002987019240346195,0.5839597587190156,0.5843480307140878,0.00036182610415888886,0.00022779214978156025,0.3922322685205433,0.5004373610186004,0.00032167782752097127,0.006526950883413735,0.0008248157305520256,0.0018701886928856374,0.010377043924669982,0.9980682313288355,0.5437640295894006,0.5336968947430076,0.4096725893637556
0.003411086730399484,8.369956586683898e-05,0.4649149729388035,0.004382316132184092,0.0003838039338100064,0.00028737412534190696,0.001894339715849347,0.00048126592099735074,0.0002492116068761474,0.9327959876097902,0.7056223606717666,0.00034122418937738714,0.0006589562814948467,0.00255918016121076,0.00039348040364627686,0.0005255292283168066,0.006000558964780494,0.9952075657377188,0.015226035570049746,0.4665650656831969,0.5113423104864833,0.2975017827839986
5.456934456574826e-05,0.9978380691102988,0.0004609168829946234,0.0005224164223359264,7.61958172102393e-05,0.00027641356079439994,2.0635438060351548e-05,0.00014470673846669687,0.0005691709000931251,3.690578518019781e-05,2.2767037866716633e-05,0.00035553909791117335,8.926831547242031e-05,1.4720699299307013e-05,0.00017928352645344217,4.6984421552260895e-05,0.0003221790605107287,0.00029064231900955556,0.9999636294220944,0.4788537578186086,0.535037507682604,0.3259381851715429
0.0004302794012676791,0.0024752102277916977,0.0002981753892757588,0.002530238261350933,0.00018456008535984997,0.5787808396258439,8.819723618927237e-05,0.5847651993396077,3.8048816825329576e-05,0.5819371081203201,0.3896111193151663,2.958373036156659e-05,0.4983845867267928,0.00010337246696178802,0.9961174745982915,0.032786680299830194,0.49965469127143713,0.07681127051529077,0.8877124267416123,0.5871157991866024,0.4283716747827261,0.5147003235317166
0.0010389267215265884,2.919688631788414e-05,2.741520449309315e-06,1.1541286831285915e-06,0.5761446281667386,0.5749684746146015,0.0030852327597013394,8.555824814602007e-05,0.0005482989066632976,0.5793350833765586,0.39151484020494576,0.000430957273254083,6.641187827238253e-05,0.0026658066295242836,0.504323399094777,0.9987586763494308,0.0006540880140970592,0.0015886009163003823,0.016551700809788905,0.5232932218856123,0.5320455415203569,0.44936661113997023
0.002114232885428098,0.4503704595783789,0.0045978006244864105,0.0011279624764267335,0.00044264797357282214,0.001226871944779663,0.9192417687160447,0.004314664544577495,0.0052905357746184664,0.006066316609141325,0.003814089376421468,0.003326387272104603,0.0027128468881983682,0.7065231545242286,0.001734123108586,0.0006256801599420387,0.0015943478723378162,0.0064989090850789966,0.9969345030810762,0.5275837203180351,0.47731976467972054,0.39381245297629686
8.321512837060153e-08,8.311969587621994e-07,8.360676160466036e-09,1.2586454913694716e-05,1.1609193378387496e-05,3.5820201561442225e-05,0.9996563776045057,0.00015183154766604595,6.052645239323417e-05,7.03257728184585e-05,4.4174276098756394e-05,3.825749696675549e-05,9.537111514525831e-05,0.9999750562201437,0.7158435633812159,0.4736078896705669,0.9577948345797003,0.006512597469938394,0.9348642477472089,0.5307506368792541,0.5348381215292675,0.3934914572623577
0.4598863326747282,0.0010809864328859152,3.036256489114529e-05,0.0014037807097615612,0.0008886924336864527,0.00012113451838888124,0.002827320744763287,0.0015556930431425717,0.0007791994181695112,0.906141547066469,0.6944247069709429,0.0010515345249195167,0.002099422436502102,0.0037639536751302646,0.00016347572663641147,0.001199358943143962,0.0018944888653404566,4.097566084224153e-05,0.0014588408383551243,0.5298976333058251,0.4054314726967574,0.3916162608697086
9.248797722118904e-07,0.0002106176670635407,6.00669101710314e-07,3.3214199898730886e-07,2.2873937498636574e-07,2.1350600804811775e-07,4.346881526260849e-06,0.9996530390489898,1.7753786825937373e-05,0.00011194267933821895,7.099559898385093e-05,1.153394099718576e-05,0.9998618159865665,0.014688233376663569,0.0006560732880856639,0.0006682280361300381,0.0009704298233204622,0.0017943916812672711,0.9969695179545652,0.5565697510968969,0.475878578598288,0.49660087335040065
0.00037264284563165846,0.0005147038733374912,1.0683402965536572e-05,1.6695998024444966e-06,0.0004665856475069886,0.4514570202064273,0.0020473821339014476,0.00013676336365631812,0.8986991454490698,0.0009712951733908906,0.0006068364756712937,0.7029122909682487,0.0001899173338604271,0.003164835207157173,0.9988849323542496,0.39460358220299757,0.0016259154351848104,0.01063792915066233,0.5773390828438778,0.478028684298354,0.45213319038211575,0.37275164265793165
0.5731806330020158,9.569275487556451e-05,0.5836461672586938,0.0014308389845504841,0.0013044706301682896,0.003573880211611122,0.0005689061588697861,0.0026037130041356004,4.88481344018705e-07,0.5822007209770823,0.3899756042827114,3.7536969330368916e-07,0.0020008055176591565,0.0004312638181441838,0.0027463437646455396,0.0010024533101803193,0.0010995503594786193,0.4976672010471495,0.0001036159177959517,0.6006697375895007,0.5300260902222359,0.5391534604302233
0.580861651414743,0.5903904974202301,0.014442773649028292,0.0014992051478066345,0.0007253581383125199,5.730818453112197e-05,0.00011517015926910134,0.00012205778793368745,0.006514534344052179,0.581525749547274,0.3859441623305204,0.005006978130722373,9.264751556584269e-05,9.459400096407293e-05,4.4172123118029535e-05,0.0005504595583649887,0.0011377804700823154,0.011207848896427916,0.4972272647808015,0.5790935291405541,0.5485968770844915,0.3904791665280556
6.244036173353583e-05,0.005634830569092713,0.5816402592122087,0.0041429488371694245,0.003897516556175724,0.01588309739639971,0.5867551338760998,0.00022749253005744513,0.5697699780203563,0.0006331668349306033,0.00039591393062540125,0.38081552092498416,0.00017213949489747974,0.49996990211121983,0.017260798536266053,0.004171826852575127,0.004434568244898821,0.9939675427853263,0.9927656156138942,0.5300673196101658,0.46551671554450264,0.3734161227083975
0.5865760542326417,0.5964081988997133,0.01580659484361999,0.0014529555935590599,0.00035217042371003734,0.004637750150002748,0.005504612231952044,1.8718852573225458e-05,0.6009181156073011,0.011935264159111504,0.007153581708534882,0.3883627496290722,1.352400235411842e-05,0.0044810626396732615,0.003444109416221944,0.00025747810675712186,0.0010463163595805574,0.01181790046150516,0.48060453503470735,0.5849160225250973,0.2870502318728052,0.4019144474723638
0.007639550566112099,0.5744285330347833,0.004971561666404028,0.5840990559772916,0.005024617081502808,0.5935450440014476,0.000356232279432384,0.0023840731258168786,0.0027033229059288005,0.007874528916532206,0.00492889574567937,0.001713424211510389,0.0014922960986563216,0.00024128195714369013,0.4038094055966329,0.003903811975003002,0.5052273073678071,0.0056321706465046195,0.9913196993094474,0.48480149560650815,0.4400624475698087,0.38481944878498603
0.012314090136738766,0.5780069932379465,0.0015063683567946226,0.0005847826757282885,0.00038875968481697805,0.5860529687794392,0.0004164975978836669,0.0001762874700622397,0.0005572841201260829,0.581508991539432,0.39151484020494576,0.000430957273254083,0.0001363261154448042,0.0003220847408690042,0.504323399094777,0.0004280783722653862,0.0006439273179238685,0.001658692654456021,0.9860908509141625,0.5247585500808158,0.5607051443017023,0.4399745089212247
1.3489323585547757e-05,9.86930251642317e-07,0.0015166245173583541,0.5809489184476511,0.005877566394749642,0.002589567006410592,0.5732975539028963,0.010745117444640157,0.0004083972004025916,0.5875113615952385,0.3951066119686221,0.0003183361185403713,0.008323586987581457,0.5001662247769049,0.0028816801617529766,0.006440648782246539,0.9983006064883092,0.9943060806429364,0.04534043018544076,0.4772901302354815,0.4870399169474757,0.4021832962525202
0.002700864361599596,0.5822186472135679,5.600972926182234e-05,0.003587636892559758,0.5744864994992493,0.007124112441144716,5.2892018534733896e-05,0.0038738103778741166,0.5717845337881151,0.006943276009509512,0.0044110752318836655,0.39217210599812113,0.0029790047202800096,4.5830102516832005e-05,0.00563122828831367,0.4956498155870003,0.0038627713048075864,6.260734919444257e-05,0.9968085244063325,0.5276871121601302,0.46821068972511715,0.517480269941257
8.423542866816114e-05,0.005053182618908843,0.005297059065347873,0.591478509989533,0.00509875184977959,0.5692955703343386,0.5857431104356925,0.0021809981911651423,0.0006866838286456082,0.0001530332540708504,9.568241617327524e-05,0.0004320353678125317,0.0013636470302431254,0.3964320356156119,0.492709267555027,0.00548739817224317,0.9920268925577143,0.5219952328272143,0.9891176367173974,0.47711858116713135,0.5582213972271152,0.3804659985818091
0.00013596361847855704,0.9042231667782673,0.0004038405973127342,0.00045334968431388987,0.00014318183708629317,0.0002469360835094012,1.8080353576448813e-05,0.0007163432028582203,0.00043409548660028465,0.45249498980174657,0.2953915066345712,0.00030948288298688655,0.0005043587391802641,1.4720699299307013e-05,0.00017928352645344217,0.00010077016480562295,0.00031910681788305614,0.00029064231900955556,0.999896568744526,0.5687774366733055,0.535037507682604,0.4283113066880657
1.2900785637367454e-05,1.5269520600939008e-05,0.0008601778920273812,1.036357652373715e-05,0.4604750255594004,0.930326841626077,0.00010866850554765982,0.00012360107401599056,0.005372557648960923,0.00041172564867895473,0.00025250173889862596,0.003315552799866084,7.580267833363543e-05,6.664474276753024e-05,0.707404237445789,0.9988104028514481,0.007667841431460591,0.9850483941095773,0.5454258230160878,0.6155835259320969,0.4697405081905125,0.6542327606733027
0.5558457985583738,0.012123018453003507,0.002651157148996999,0.00656055932937879,0.0003577519665012024,0.5937441640708154,0.5888614560892037,0.002676459327999079,0.0001237783606734231,0.003914158611457246,0.0024617919262532105,7.785021325486848e-05,0.0016833570209818917,0.39527744773804907,0.5128182473583804,0.0003993524236396898,0.007323605552661844,0.0029595931840128917,0.013534767663161695,0.4982924458686278,0.45469430129511257,0.39925764508259776
1.3646791299773164e-05,9.501018864695277e-05,0.00094258048495645,5.6366461392449816e-05,0.9951111067336278,0.0014836905642028556,0.002119389499531901,9.977797636616384e-05,7.843129997569364e-05,0.0,4.460450364283464e-05,6.028204870536574e-05,7.04334293297592e-05,0.00524423802963434,0.018315899235768825,0.9938768145616698,0.006125134372697252,0.14946400106749602,0.9911851854802913,0.571875659116985,0.48140653106379316,0.20265625232037998
0.0007664905828648424,7.42293135957891e-05,0.5737850485584488,0.5843394518922266,0.5842943746180832,0.0033716274954620432,0.006691644141826236,0.008103671298019116,0.0016075318481533888,0.002234960392653543,0.001404473080586484,0.0010347943246826813,0.0052492264081675155,0.004931404732496852,0.0023035565595416387,0.3911615451930203,0.49873532574329277,0.9990040304895846,0.05332658702508242,0.46614887207884914,0.4428430739809922,0.4069881906471465
0.5596048861753296,0.0009162089129952253,0.5665579765998296,0.0027104894636276406,0.00021031737638082737,0.0014734654069786096,0.004567411682878009,0.5826752699487973,2.127464996941011e-05,2.9992572957734704e-05,1.905168664304577e-05,1.3598735709976421e-05,0.39498031144050005,0.0036152771649135777,0.001150379469573446,0.000164193188985966,0.0021160315926857685,0.5029545203787702,0.0010163250672347024,0.5299652269743349,0.4703549424129118,0.4790919817859801
0.5664026310707694,0.0010234683900035458,0.004173906569514875,0.0008268819199139691,0.00933248207069683,0.0032834468041901834,0.0017593353893993512,0.5820764325097832,0.5867735170118674,0.001849280344186905,0.0011629140149145413,0.3964352717855167,0.5006544060393076,0.002033696745547672,0.003654192984496261,0.010226997383378178,0.0009062426622382752,0.004677396051544314,0.00112185417360928,0.6077296220408522,0.4764921804355246,0.48575354185987585
0.0010076753573244953,0.0015069681761464091,0.0018670192435510534,9.858037582386295e-07,2.13801994394979e-06,4.2500138008538614e-05,0.45678438184059733,0.00046642770864522437,0.0034439416900195487,0.9040626411297196,0.7056223606717666,0.004865412772200475,0.0006589562814948467,0.9963086413557625,0.010355676795718461,0.0005210151175721822,0.00024022770170207012,0.5068300551907912,0.6172662421902084,0.4708028869100569,0.5112710637641851,0.404252469170489
0.7814974783072073,0.39039354191031533,0.005069736561007192,0.004808706178312777,8.937883650614564e-05,0.007853145129552415,0.007738306573680082,0.0004579448342958335,0.002592018933893641,0.006457191514706042,0.004046282223677509,0.0016638224650334873,0.00029579900955713744,0.005686504999507998,0.005350219855644569,5.598313902271945e-05,0.0030124313662028557,0.003247284823845132,0.26019337901713097,0.45008729415320026,0.3975292668393459,0.44564670876647133
0.5494226836531754,0.0014304127461714207,0.003916930358281252,0.5772122050197596,0.0005059882623126403,0.002901131156374574,0.5893456136667324,0.00631995707573939,0.0026340076572476737,0.003786816985989196,0.002401548556516366,0.0016809421888481597,0.00400809066558309,0.4058874135654388,0.002325150004172133,0.0003993273811034176,0.5076444410708634,0.004524622903922194,0.0016161377386636798,0.538154905117485,0.5107268306052715,0.45237421999493144
3.830258313119079e-08,1.529418105062827e-06,3.2743262973270724e-05,1.6827398838129344e-07,1.705654224270848e-07,0.9997622225997483,4.7804215239143456e-05,1.1930246569485535e-05,4.123721377106246e-05,0.00010215590159973122,6.40593218585658e-05,2.6021019937033673e-05,7.481147318003057e-06,3.0391999966292205e-05,0.9999789852764535,0.0032399311867384872,0.0031963997797717107,0.9709264410575685,0.9836528481611507,0.5257123546412571,0.5366183487789298,0.38501955253056874
0.5586837607244858,0.014317318904154637,0.002227987276474708,0.003860677295127187,0.00022322951652534913,0.002116292111543742,0.5756220480604834,0.5907820487520227,0.002152005633141062,0.00012675536856529925,8.033530416780387e-05,0.0013639040212198653,0.40028721286130853,0.5013193025816218,0.0023502785307213305,0.0002479117882168277,0.00428758273127497,0.0024743499576746677,0.01590248939188188,0.472255499957142,0.5595861257601131,0.5125237984155827
0.00023248983629191747,5.665799231484785e-07,0.8817059352502066,0.0006879895209099304,0.0010221025413395283,0.00046184786193027405,0.0009224338681259657,0.00011936150036307672,0.4388775800513543,4.9045210215842796e-05,3.110547859594393e-05,0.2900193786720404,8.429876165803982e-05,0.0006871255615937777,0.0003312226811111362,0.0007217416486909388,0.0004858272481991664,0.9998316370614071,0.0015130179397300162,0.5462690297982008,0.5100941105468785,0.46075354354855763
0.018603037306216576,0.5870796727431367,0.012679799623542503,0.5899809712248126,0.0007531593055563567,0.0036084030732393604,0.5792102371315109,5.248690989467134e-05,0.0009184082492527374,0.004031497844212358,0.002541524666943545,0.0005789835568776481,3.308882950046432e-05,0.38287794545382303,0.0027589257076770434,0.0005758729186796743,0.5013319527218835,0.01374038683371298,0.9793150127311424,0.5442388678153093,0.5056896903243181,0.4113860406504094
0.8702764747162977,0.02737565664377815,0.4475554220854206,0.0006485378917074116,0.0024004438255011517,0.0005431483177171132,0.0010439473884999173,0.011608087123123988,0.00661500246344091,0.0005994034197748936,0.00038031428465915354,0.004223502531562399,0.007365517237584995,0.0006850248753851379,0.00034998139374153186,0.0015230117277574744,0.0004114821084325866,0.3014924270858998,0.019522118915623388,0.5266386609629455,0.44999740512441133,0.5122471468203552
0.5625968511124263,0.010109938695007177,0.010560575214614062,0.5867565657426483,0.00046584356960413563,0.0016127017694136392,0.0003102531991779106,0.0019291861362983227,0.5737891107112926,0.011201444944069178,0.0070928987955598734,0.3894690536094541,0.0014922960986563216,0.00024331688347500478,0.0012667784307930086,0.00036032166364186264,0.5052273073678071,0.011910356970672855,0.011154016994230277,0.4867819726326806,0.5097273140856523,0.42836306971591437
0.5696656178739458,0.0026206696125231233,0.00039752617520120423,0.00037217732169259396,0.5948982578399807,0.001924806282333072,3.5786923254433895e-05,0.5820393858827142,0.0056767166368856935,8.804567423810738e-05,5.5133907949116054e-05,0.003599506476777748,0.38806716342022407,3.042571453034759e-05,0.0014928326084718713,0.505792057558679,0.0004056287857086069,0.00044299126381373236,0.002856720514722959,0.5182981835971605,0.4914841219475685,0.3725725591107885
0.00546293762556733,2.3163776277418128e-05,0.9008481327644132,0.0024231116590008503,0.002605425676316294,0.0007076021658079165,0.45193939937144906,0.00040992433891533757,0.003078785776020056,2.6894610195997057e-05,1.698796215389084e-05,0.0019447159186994048,0.00025892963780993483,0.29602119728264775,0.0005000507322316134,0.00184121350862054,0.0017123824680902733,0.9960401306853092,0.002631724679672283,0.5638918803808414,0.47027107326375434,0.4461202263742283
5.463589504763632e-05,0.003986363184709813,0.0034544171612617314,1.6345582511345624e-05,0.45376685261131255,0.0009024985897158995,3.670591357064508e-05,0.9048681427262794,0.0005234052162925854,0.001085175645353215,0.0006824705716482201,0.00033123654604576286,0.7040839492993693,5.2210661934688285e-05,0.001285761161241128,0.9925274465395726,0.00195358954619949,0.46152864938071286,0.9910523636052463,0.4582297987353289,0.5305850774915069,0.40207306418184097
1.2783405653428001e-05,0.00014514327465053252,0.001656373844400136,0.5734324395224957,0.00028899726862500585,0.0004658717953621338,0.597072792168732,0.6038357361091639,0.0019228532899426252,0.00012954523368213284,8.0849670015126e-05,0.0012000612402969747,0.40329555758833535,0.5085794323781965,0.0005171974593001694,0.0003208453278899224,0.9981540372509652,0.9441315334033221,0.9426420907638385,0.4717750083860631,0.3986795008899108,0.40517461366732654
2.7299484006878654e-05,7.678921765385688e-07,0.00527340760569882,0.5951051067066211,0.5922806627388565,0.005397444672598972,0.001661299462109651,3.0188399943871506e-06,0.6007555138415841,0.004411540703501835,0.0027201986167055925,0.3953625832047213,2.2888350388388932e-06,0.0012425439505043415,0.004092292622015897,0.49847761756722314,0.9943588715478779,0.9966182357095839,0.01745323398980986,0.6309230157612735,0.4523740091150501,0.38578134952027643
0.011188333994635745,0.610329918466502,0.5920352460407352,0.006406157614049417,0.0013670804786535587,0.003944996956211311,0.0005363410170021173,0.0019380206158098213,0.003843793968461045,0.6041132245050793,0.3899580680852797,0.0028642944109912305,0.0014351689423134344,0.0004107258985439899,0.0029665930821396415,0.0010122631804747927,0.004743560071531466,0.497305521040501,0.988033860947239,0.28501867053670177,0.5355406089829753,0.44307491062175286
0.00012190583542088817,0.004381543229815259,0.89117528760312,0.002151465469571564,0.000725936257252708,0.0006801338675032581,0.001941202753797525,0.0006136621040065812,0.0005386115718454776,0.452297184822242,0.293364178895242,0.0003811123275407407,0.00042881869011738563,0.001509980445545003,0.0004826173654641107,0.0005071311028127803,0.001503124861348285,0.9969370362754068,0.9818464527362805,0.43396343896409106,0.5597072701870311,0.4040466010481517
0.5841718245095343,0.013933284082453892,0.0003884152129901926,0.01900841581001587,0.5914124622434205,0.0038165595590402028,0.00070500928026539,0.003805289872045161,0.003784225880550768,0.6036403542380772,0.39587932011440347,0.002878284614352234,0.0028762880778425448,0.0005328958865116382,0.002884836601181301,0.49559959929984637,0.020183829081485014,0.00041255992636372515,0.014801130016822652,0.6258690754740183,0.6421516566543823,0.5133252189485373
0.0005133363273464627,0.005328647753140759,0.00018900371541006588,1.362795663990784e-05,9.06639924479873e-05,0.0006975118911441491,1.2698634760310177e-05,0.00018264837344511377,0.4483130967068743,0.8994380849166635,0.7056107673721609,0.9923222261701716,0.021509024495103668,0.0014760388897373342,0.08240178173295201,0.01077177658187932,0.0016192696597846312,0.02246173207826505,0.9372955446483899,0.5696091638733868,0.5115538416395642,0.4968246229714063
0.5586277312121648,0.0009997609962892878,0.0014153129314527933,0.0005479330439138923,0.0009544502726684135,0.5590800822901081,0.0031088095235911077,0.5918761276389026,0.00010530340901501004,5.938221483359681e-06,3.746877037838893e-06,6.728033660300661e-05,0.39909049101665395,0.002696223725947969,0.48902240933542307,0.0010336940022722687,0.0005934787847395491,0.0015673880488003594,0.0010830535201731828,0.5025926636825101,0.5063375488085564,0.4056753423046809
0.4340023926535864,0.003122936723643773,0.003993036922779095,0.00042577705420689967,0.00373698284918336,0.004617176001769616,0.909599360236843,0.006791034923521427,0.005149972464104057,0.0001522143086101432,9.568241617327524e-05,0.0032373035811298348,0.004268954058851554,0.7102166893596322,0.006602151629962921,0.005343806135969827,0.0006088667473321285,0.0057100647190531095,0.004466051673596483,0.6070107358225865,0.46629125694375134,0.5128555273578443
1.354936742238871e-06,1.2197256313944235e-05,0.0009932072491311648,9.821140377069387e-06,0.584771494875193,0.5827025066354321,0.5848646435428206,0.0009705889906115479,0.0029665021880424117,5.16873443254846e-05,3.2209706561663306e-05,0.0018602185244177235,0.0006048389346397053,0.3942354162393088,0.5037796320761487,0.9988943020194478,0.006156012918832105,0.992304195347781,0.9277855267862689,0.4978069598287442,0.4161027656296394,0.3793821853220674
3.158136443848662e-07,0.0029417957806802063,2.821775121093517e-05,0.8986399277603637,4.475236185248528e-05,0.0005030668627263511,0.00537789273319782,0.0010359395733505704,0.001454509400140413,0.44412395196643456,0.2922582014814211,0.001043558767813846,0.0007340105071299693,0.004241690231761021,0.000361964720988951,3.170074524615215e-05,0.9979155060827309,0.006242341086150377,0.999928104456025,0.4758502778863086,0.5408617459669726,0.49707524778451867
2.6172944111054414e-09,9.255910402758718e-05,0.002360288617570231,0.9024100032437501,0.44193532905874006,0.004334582169811889,0.0005095922175903502,0.00021396184445765363,0.002628248036558922,0.0009607846893466408,0.0006089166425885231,0.001706278239788632,0.00013544945207205616,0.0003734669695689629,0.0028883566628755105,0.2898806777712074,0.9982962071735213,0.9747530426557441,0.9999798766308039,0.47807711709476153,0.4644555848744387,0.44753610035297625
8.225548026401548e-08,2.750846584451144e-06,6.134662897654921e-05,0.004811269394408841,0.00010800719211150688,8.108918497220305e-05,3.3168081470481327e-05,0.9076306529168754,0.4566768455406897,0.000127687015806603,8.000352332368857e-05,0.2967672906350242,0.9966236824871479,0.004386594960646598,0.010725005822206354,0.014287777568453813,0.9918751392652376,0.9714585198089793,0.9804807651132396,0.4975602218412379,0.47099620951537324,0.3766749485283473
2.8019539318690097e-05,0.003117675278272375,3.923531485593357e-05,0.003107172102557951,9.792090740776502e-07,6.200561655706845e-05,0.9158731932837558,0.4598527046363597,4.7964342233354866e-05,0.0008253810747806171,0.0005183032405804548,3.0119530395571675e-05,0.2997173692886532,0.9968980201193244,0.008966830882342625,0.00014161986363878587,0.4988920759460368,0.008010972308829911,0.9941313376590567,0.42940262041105987,0.43811433040676306,0.4294125059743941
0.559791085398613,0.021822095027154917,0.005083635252060415,0.5841285684092065,0.0011832743371355918,0.6028406409594136,0.00038554415026025306,0.0031645328344732148,0.0027378984669228293,0.007876100787232363,0.00492889574567937,0.001713424211510389,0.0019804273456610084,0.00024128195714369013,0.4038094055966329,0.0009193450886230083,0.5052273073678071,0.0056321706465046195,0.02418361932988633,0.48375052329985585,0.5620244606957017,0.38518706134305314
0.0011021985046530019,5.504708545010393e-05,2.581782648457e-05,0.001083978709978548,0.5901963573281622,0.00045602505319003396,0.001334390461438643,0.5813754087450217,0.000492778053267081,0.5884255489203346,0.3931852824958598,0.00038107097708965756,0.49524216563203793,0.0014886093681294858,0.0004995580430098919,0.9983093911182752,0.4861993066677424,0.014847043211757338,0.030980420412941023,0.44159770835281753,0.5596127269360651,0.4043246723585512
0.561004067077683,0.00918592777021469,0.5874373202664995,0.5872413216434272,0.001364688988736801,0.0006362497898252438,0.011099111740442827,0.0020991855840833498,0.008495715990099389,0.0042698970399989876,0.002689782426217015,0.005385473903472066,0.001322418640191852,0.006992228295553092,0.0004008414034524432,0.0008597626156741645,0.39478633957990605,0.5065292171012563,0.010162027774310987,0.49881621856644637,0.4731929901851652,0.4005741304768468
0.00028507883007670824,0.002910911336890852,0.00018221926416587425,0.8989800542922014,0.000971714213908158,0.003936499476583512,0.0011262352742716182,0.4456793839070435,0.00045392091052657446,0.000823394056414878,0.0005224039883669994,0.00028799121830569646,0.2929970220698126,0.000786894007899025,0.0027875906718229653,0.0006881325847591037,0.9979242648523863,0.03960085242386252,0.9362614056976497,0.4590344891002428,0.5259264634873112,0.46734184557072017
0.0006419093714849901,0.44442114079179396,0.008446566533407822,0.00078793536888166,8.000193984411784e-05,0.8685905193546983,0.0005119488604196894,0.0030819915361647294,1.7963677862497322e-05,7.75342049045821e-05,4.827754341501546e-05,1.145771462427254e-05,0.0019269879851778991,0.00036861719788186043,0.7031157884115864,0.00011074248593924245,0.0010908398789739038,0.011956695038274468,0.9989721111516505,0.5948404212451921,0.5479049806162737,0.3945108401809592
3.5302813465277953e-07,5.545205923309705e-05,1.1323772045218767e-06,0.00018311579932710133,0.005232938642220987,8.498290346071567e-05,0.5816511289300539,0.57987882788694,0.5778555187011657,0.0028882125028793747,0.0018270999823702433,0.39219013620702015,0.49901580190232164,0.9942681007298975,0.010330897790068762,0.9767337356780992,0.8127639554456895,0.012997881304991271,0.9958429479412763,0.5731260710859795,0.46897928331962857,0.4939325773600234
0.5685338953996912,0.008863777504435998,0.008037161106840619,0.0013922906909701578,0.0008252962785716021,0.0004347937191014174,0.004791972396900014,0.5777545689746265,0.00044004617702729986,0.5907692148079399,0.39708942095094857,0.00034122418937738714,0.4969652975885339,0.005230165093288718,0.00047456331592584213,0.0009007844267829757,0.001519643620538496,0.008772448365911845,0.009675843790677374,0.5470677429718589,0.5083059197757662,0.404252469170489
0.0015795994544195978,1.0577633854040736e-05,0.0032159431709230294,0.4492639115987094,0.0004352206995194279,0.0003436194793692341,0.0018305217749610752,0.0004650526727395123,0.0028371123854202354,0.9044055279864728,0.7064706586192052,0.0040199932077269055,0.0006589562814948467,0.00255918016121076,0.000486895993759103,0.0006167086272800819,0.994897372337746,0.7028824233136522,0.004155991030189499,0.49628368831479047,0.5355690692693978,0.40736409609726093
6.423708760056768e-05,0.005927795096554737,0.5325027047475508,0.5143406014806619,3.812883384130687e-05,0.0005857656137438572,0.0037690533300588592,0.5294521931266404,0.00027979027299330356,0.008614300885758168,0.005474405948020791,0.00018214033280628623,0.4118440714549939,0.0036407248864082,0.0005334676674289898,3.0345527885664036e-05,0.5096661627826742,0.9929888214014879,0.9902115814226855,0.47706522424917513,0.5348159588276891,0.5057427722512259
0.0037378657784172113,4.9890509524391115e-05,0.00386382021733989,0.4485311676129867,6.27771411683947e-05,0.00042817908195257834,0.000601354950162866,0.0031934284921241504,0.896609638622245,0.0005974232452368109,0.0003793597060743727,0.7046786404239442,0.004532155176352881,0.0008534654448771146,0.00060768823078311,8.909573220784294e-05,0.9922744044440459,0.5024395369933636,0.00828379861184697,0.47598616353896817,0.5349980329971818,0.4724306200330591
0.005040394749700531,0.4627459120320551,0.0016714226457015503,0.9045087962006191,0.00025132914442832244,0.0005656529325115048,0.0018958696696610448,0.0008476396417826482,0.0002863870300133526,0.0047515869035109235,0.002977226678356048,0.0001794443275515619,0.0005311139495299132,0.001187914790481484,0.0003544274753371785,0.0001574780742481291,0.6989353945170234,0.002299255200759631,0.9928877939571226,0.5653882095833114,0.4011038617061323,0.4555197094662763
0.0010262322082062033,0.46224919587033997,2.881033931429473e-05,0.0013758323100982943,0.0008776335716378628,0.0013373152969170174,0.002290701977190734,6.964707577254668e-05,0.0007540299760945756,0.9110202515625712,0.7010753927079703,0.0010515345249195167,9.591912486483383e-05,0.003511791052658668,0.0018702780738365909,0.0012083707235551024,0.0018944888653404566,4.0562684064403276e-05,0.9985510594442331,0.5298976333058251,0.4054314726967574,0.3916162608697086
0.8753738212724286,0.003957766441663566,0.0018470986481872603,0.0021863554185391617,0.002620450621442023,0.006784593582196418,0.46467240768474005,0.0009532978848138762,0.007152864187789461,3.2048451761070266e-05,2.023642227592438e-05,0.004516588159172164,0.0006019581778888276,0.300483679827927,0.004810092748823039,0.0018579180076997983,0.0015501257327491236,0.0013095764571073865,0.002806032694591787,0.5642666339451121,0.4682388585518996,0.44453198318326803
0.4169496091403406,0.006440408682311996,0.002096395192574827,0.002033913761474536,0.9189421274275487,0.00839694716554219,0.008646095192964576,0.006660722572927582,0.002644458511483407,0.007796218745061238,0.0048964632630873126,0.0016713231514440233,0.004183434037272358,0.00550576356984562,0.005355810837968044,0.7226925055433611,0.0030275090399801844,0.0031907187889015512,0.009587856766152397,0.5282745608720654,0.43342179844708123,0.4082776971386388
9.29760180782751e-05,0.0019013436419703588,0.5720724060052206,0.0044556856481086935,0.00020457727905994055,7.327769791379527e-05,0.5594656411242966,0.5764050905968717,0.009257938803768006,0.0001312475413346103,8.262572464020333e-05,0.005864899990016742,0.38612907590714907,0.5028237029874126,8.099370075604229e-05,0.00022263983500480766,0.004849274321147316,0.9979278270853884,0.9681052421350557,0.6003155904074035,0.5316924684952061,0.513285819332202
0.0030955095838833195,0.5960728247728317,0.0005712053228131555,0.5973340497912589,0.0035929164511991954,0.0002287557988747711,0.0007310751325695533,0.00012943103958773478,0.0004368786126912088,0.5859900392577758,0.3864343945313701,0.00033376541130514855,9.765309272664305e-05,0.0006139955227204038,0.00017525996517040506,0.0027100157541380854,0.5006136158899156,0.0006236388030371519,0.9964272745780681,0.535453177726506,0.6481033544260302,0.43585061750107296
0.002901162336233549,0.5811705683105576,0.0017912663346586924,0.003262155587711238,0.0011732074428232831,0.00013451623403501112,0.00017867432600370884,1.733642470140678e-05,0.5678398830075523,0.5854192641624375,0.3887568898519171,0.48956017630803206,1.843790032078586e-05,0.00021883368257733416,0.00014979595412698379,0.0012420576396247123,0.003454065291696715,0.0019392404994640843,0.9965550042431857,0.628849580549407,0.5342388669722555,0.44365136522868287
5.281754559120436e-06,0.0011247634765769782,0.0011049127723265287,0.5849132155403622,0.5859753880360715,0.0008594542994589967,0.0005256466053389512,0.0001700906802456575,3.855261871181806e-05,0.5808258314632551,0.38952445203560604,3.0024100462154386e-05,0.000130816836428844,0.00045002079341056964,0.0006712262327360121,0.5005481656536702,0.9982647405925317,0.5013465704331088,0.9969352468699945,0.4648415791316815,0.41779569094726254,0.44339582361946245
0.007072988710051007,0.0010811244308449037,3.450733716488819e-05,0.5896123431662335,0.574202394880564,0.01739619251540466,0.0048992815135842456,0.5957269132630365,0.00040849715102449664,0.0015795498656344324,0.0009883680945171132,0.00026183383230609855,0.4001377006348472,0.004382555055628653,0.014150284073742478,0.49150050030705256,0.9913512899560644,0.002803942980687723,0.08917738998767072,0.46279429741937733,0.49054344826556046,0.3737709356477861
0.5860428235772115,0.00571734050799998,0.008624082150643636,0.5975165158240864,0.00568162673565175,0.003980307575134318,0.0001273931015833408,0.5859862944064936,0.00020382861833867757,0.00509817453041158,0.0031495773676716576,0.00012592335330003008,0.3850716802255834,9.567770515198819e-05,0.002989393404581806,0.004267223957496589,0.4980478557798034,0.009132428039462182,0.006054961938714361,0.6414489443831647,0.5315665995234021,0.40259873918315564
0.5662668061840619,0.5677552562467841,0.0031492214473623267,0.005470337124151849,0.0003163021972844939,0.005770526778175802,0.013350727705433357,0.5907825499345841,0.002152007458768123,0.0001267554760966307,8.033530416780387e-05,0.0013639040212198653,0.40028721286130853,0.010462849444756311,0.004522757029210444,0.0002479117882168277,0.00428758273127497,0.002468317499999153,0.4927590327064228,0.47224014736675923,0.5595861257601131,0.5125237984155827
3.963496691782369e-07,5.285576770605856e-05,0.0023613978001140383,0.0004830433400447755,0.5855641397654736,0.0001454864112726854,0.000375697643297548,6.477986203108929e-05,0.5740293713136916,0.5746807683198395,0.3873537281954083,0.49773739425925745,7.044755832067383e-05,0.0004547995126815119,0.00016066130820342224,0.9973221960382233,0.1256763697133372,0.9860627830585995,0.9949781849471576,0.4656630946121179,0.4700534029674258,0.44242501882548735
0.0015295032435014052,0.00014832535458875163,1.6128977496312106e-05,1.2560981991525723e-05,0.46687377667470503,0.0006624708493673604,0.0005727637468956608,2.6326799312896628e-06,0.0006757503404938561,0.9249784164636699,0.7024773810860493,0.0009332364725652148,3.590631314446193e-06,0.0008452861249673149,0.000917494331008771,0.9978514985372917,0.005075464532637309,0.0066638855229615435,0.06003510609788559,0.5713927204019952,0.4024935871898316,0.646549087847082
0.0006333267183274478,0.004992873476719568,0.5592207807948844,0.000423456528730857,0.0015397618066843278,0.5861546655040158,0.5397937569742641,0.002673552966307427,0.002919435222939819,0.0006295106683428647,0.00039635869107504135,0.0018613049498140712,0.0016833570209818917,0.3920880326567605,0.5128182473583804,0.0017141817141574796,0.00047145188753159456,0.994393552314968,0.9176665534896282,0.4982924458686278,0.4158379599292642,0.4366313920135599
0.8966413233219335,0.0013494686592007451,0.0005345935230129479,0.01043702019815278,0.4578012603308862,0.0010676147211920624,0.0007967752713163329,0.0008560533724498434,0.0005524373953423567,3.3476804660706e-05,2.0753928902331664e-05,0.00034679441273083913,0.0005307096176684345,0.0005498543528944847,0.0006720998922167929,0.2940806972180995,0.00722673250558775,0.00037849339557431043,0.000934592183689742,0.6455776187206632,0.49345933293335875,0.4248064243861145
0.43858854975767614,0.0011077498599108126,0.003395576258450953,0.003878073714977332,0.0022225944030551015,0.8983125056304709,0.004446612093239787,6.640696182674847e-05,0.0027336005982456476,6.53991654212029e-05,4.143970284847115e-05,0.0017321289110853837,4.207844295729983e-05,0.002780013174846735,0.7044015244675883,0.003145005900519321,0.005487572117551964,0.004804917853143981,0.0015675548754802667,0.5374564789970511,0.5320233605225747,0.4523566917803418
0.43161246542124915,0.0007176419206811606,0.8832762532159181,0.01050228032357006,0.006043684646077231,0.0007719446883249186,0.0009255090169115863,0.00040840487951834933,0.006338354329988724,0.00016006116000648912,0.00010131101108420669,0.0040370696459140765,0.0002585057868629162,0.0005939288038835604,0.0004961698834772619,0.0038251792218472625,0.006647226147425134,0.7098706462811807,0.0010321384555919315,0.4955932354384459,0.5738045473818556,0.5181213462094838
0.00558585725308474,0.4507770357950272,0.0031765000411360968,0.0013833677259575442,0.0003250734879495742,0.0019083716989959192,0.0006550058666882081,0.8989981228812459,0.0005987288005445191,0.001211323800808412,0.0007667802731147025,0.0003837723427347736,0.7040839492993693,0.0010696059121193431,0.0027789303528090075,0.0004588674344178315,0.0019530024449984106,0.00458527289187571,0.9914767188278956,0.4582297987353289,0.5305850774915069,0.5549758489325893
0.9865022495809026,0.0,0.0004525531421952244,0.0052982731876388516,0.0008118705442498514,0.00025877818638077077,0.0023913354794328624,0.002605696996634558,0.0004569851956497106,0.0012222576869154885,0.0007689451874501761,0.0002874982131741578,0.0016392955829040712,0.0014843810306156614,0.0001628033840008732,0.0005107807329339073,0.0033333289065426747,0.0002847153008903704,0.0,0.47928317307175183,0.45213680757903674,0.4040662190020403
0.006052373147072988,3.3519741961238077e-06,0.012674895395835623,0.5742149627043215,0.5888349666720357,0.5839112301802529,0.0029618136414311207,0.0018117376529162026,0.0008832232798832784,0.0003313537520129483,0.00020910976061232483,0.0005573823058996145,0.0011433472538441678,0.0018442161667866076,0.39298214402247633,0.5079104368689374,0.9843558964588606,0.7100467863238209,0.00034372739381394526,0.5558110096922402,0.43848837000003227,0.5434092857059711
2.132907533501359e-06,3.455478625657275e-05,1.322871173512773e-06,0.0029317448391885156,0.00024689677979948673,1.851382898522045e-05,0.4543224749938581,0.002656961738951534,0.9158531063700696,0.00011564890095092919,7.165342169480811e-05,0.7084127959201947,0.003722950405067829,0.9958770472780636,0.004005721622653367,0.05348308090089349,0.9924763891533821,0.02431074325868348,0.9597482701987385,0.5958997733669621,0.5544128940228833,0.37610787703479975
0.8817144593979318,0.0011703261781294669,0.0024868854875554377,0.45535525943590743,0.009761648067918058,0.003496105466803458,0.0057697533424024994,2.3305719582777148e-05,0.00048750820724185984,0.0008434599780874489,0.0005304661513415628,0.00031046165548612647,1.465735472851847e-05,0.003926525504969494,0.00223280137389408,0.006138163781471176,0.29701221450057813,0.001790388341409559,0.0008241553482324065,0.5547486340355988,0.507084922500014,0.5959192641245872
0.008742641822237284,6.67885038350801e-05,6.76464770717493e-05,0.4478089283721976,0.002209029536678993,0.8957623305655533,6.262855445942026e-05,0.002088922663659827,2.6199909755677094e-05,1.1172260264657364e-05,7.101767944668074e-06,1.6654262980686334e-05,0.0013278472703293438,3.927244516847795e-05,0.70481616469624,0.003139817213264978,0.9872523297895938,0.004801991328589744,0.004741218074027901,0.5101021668617207,0.4709279151819073,0.4763066193912625
0.00018576611321219,0.5909204258151829,0.005484255770199354,0.001456188556540457,4.8395925420365454e-05,0.00043375419357451255,0.0010032763805331664,0.5938936794784629,0.0005081207283672321,0.586371066477977,0.3887538274806278,0.00039096499108434447,0.5015894341261008,0.0012031406822420381,0.00047451214301828847,5.212254469160978e-05,0.001568459428195004,0.006039920839865504,0.9997948274202202,0.6208791773167497,0.49586420832432115,0.41062584582693124
0.0016611668689372285,2.3864050143372748e-05,0.00020141354749429489,0.5929444175695583,0.00021608614387343272,0.5963386872658505,0.0001879046609783204,0.0030427252898540397,0.000683574306501828,0.5866864738120404,0.38779034620600045,0.0005207233023212122,0.002303395878244116,0.0001422476777928689,0.5018163337136734,0.00023200214566623106,0.9981577344539696,0.07489820907062099,0.008915849854103871,0.5059444584652462,0.605190151941646,0.3804808558169658
0.005931924501433731,0.5832935258053512,0.5707688741137255,0.0024911002318914388,0.0008719694123357416,0.001433344106112732,0.003949144457517912,0.5817966306916332,0.0008580958591787841,0.0018821300177336402,0.0011677785186832157,0.0005453781867572616,0.39028011838764387,0.003513131117245863,0.001150379469573446,0.0006611675692776045,0.0018891498818970343,0.48934445994063086,0.9927630339586342,0.5299652269743349,0.6572167651783019,0.47908848621242905
