obj_0,obj_1,obj_2,obj_3,obj_4,obj_5,obj_6,obj_7,obj_8,obj_9,var_0,var_1,var_2,var_3,var_4,var_5,var_6,var_7,var_8,var_9,var_10,var_11
1.864034219246667e-07,7.657852564619527e-06,0.5909252015879782,0.0016349865875898448,0.00017388428334249128,0.005013239270579127,2.0998205680124433e-07,0.5857258053811991,4.056693053157745e-05,0.5888713936602632,0.38969299066349794,3.079111870846196e-05,0.49666899401498155,2.2422772951076215e-07,0.005353421363837359,0.00018568646753638847,0.0017459601187634344,0.9999918198792989,0.9844320352516371,0.6448731050895962,0.5048517879278575,0.56169580172039
4.887720365771173e-06,0.0010448705382707579,0.44436734111849935,0.00044792256618194796,0.00010621466459669714,5.148497910164758e-05,0.0014440812627359093,0.8889361094906445,1.2736744073596526e-05,6.955200488254456e-05,4.4219283180887205e-05,8.097675487692637e-06,0.7044827222426165,0.0020506965991865375,7.31126579084905e-05,0.0001508318983837884,0.0006360794878780118,0.9985161884247854,0.9970220294050584,0.535515570787957,0.5077108762973825,0.49666116075973066
6.930594754126828e-05,4.231361432642345e-06,0.0008165653518858682,6.722030039792735e-08,0.587617753163306,0.00018300290765069487,0.5847964454774659,0.00010427290728113016,0.5875533198767562,0.0009330018645382213,0.0005845532523114204,0.3925203747936875,8.523069981284932e-05,0.4984720535226815,0.0002018792558422562,0.9990958756092456,5.127919627904813e-05,0.9463193606627842,0.039665331750315724,0.4955236159947896,0.621348288066755,0.46312710950455516
0.0003026672818847558,1.9558182954987613e-06,0.0003153281382563507,2.5919283856492004e-06,0.0006824111574022107,0.0007912917170574641,0.8895246618897118,0.00018690998919767713,0.00033461726116379653,0.44291553263751804,0.29108298209746386,0.00023663401935897032,0.00014069039046986885,0.9991883331156786,0.4954091353642082,0.6288452412099715,0.0037305576627948978,0.5119525608408211,0.004124950857286459,0.525308842018063,0.5499847065489705,0.5119978793627419
4.261178706913656e-06,1.1331306363378647e-07,0.0009384685023251076,0.8991533655241836,0.0004401528334079193,0.0004699958632052705,0.00022840488812890717,0.4488281098011397,7.9786555271808e-06,0.0004430384382433263,0.00028045720566081316,5.0507385595216465e-06,0.2956633424709598,0.00016171661191587898,0.0003327696251449181,0.00031163788882647555,0.9993296541392157,0.9971337461596667,0.016924979226551173,0.4282315808174154,0.5032816838480584,0.5225220743278041
2.927886192107114e-09,1.932347755996823e-08,1.2133268818931827e-05,0.0008033178790000973,0.0015614489611858607,6.585168707923046e-05,2.6239601261827392e-05,0.5874832608475129,0.5878677563915548,0.5852923680987843,0.3906072331998804,0.5002068347600023,0.9980955692101056,0.009505426924158575,0.023862463540778943,0.6974766969181359,0.9903852487830307,0.9989745460590216,0.9042677879190169,0.6109425899772017,0.5273499818582628,0.5587798490140581
0.009961256049593303,0.5828094538243613,0.001801030017869134,0.0016913699147488553,0.0001609007299956429,0.00066818262354443,0.00010028449064576579,0.5751897779443974,0.0024223862629299923,0.5774780630230554,0.39100624599615214,0.0018831548042881193,0.4957615206633574,0.00010952679833722834,0.0007297630899239364,0.0001757285611135032,0.0018472367160943248,0.0019844304706068405,0.9891200845167722,0.482285083315634,0.5047768019888504,0.4586293001934425
0.00016139656023469315,3.8300507707217083e-07,0.0007040551667643586,3.1554288774362065e-05,8.411879734975574e-07,0.5760108612195262,2.367159102414092e-05,4.216420522011086e-05,0.5815355169676356,0.5788941964689215,0.39188572812394595,0.5030381873487301,4.635014441427011e-05,2.6162371772990375e-05,0.9991942105935379,0.0007345120442616885,0.027561232233491426,0.8577571605339327,0.0015107373336923358,0.4980849800527119,0.4524747245262485,0.48326514795449993
1.8308888785338635e-07,2.8465893354289136e-09,1.2436326139008746e-05,3.138873567128013e-08,9.311936610046124e-06,3.8205892189640165e-08,0.0,1.9304971064370224e-07,0.894243133824075,0.44771320931802794,0.29550461962931013,0.9999887389904212,0.008270118362723317,0.00015055578746201196,0.0015657836976880612,0.40073764908443954,0.0015629174697580073,0.9907711720377573,0.010120694850039524,0.49581420777377916,0.506289917864406,0.5004822769394361
0.0018021590999296702,0.00022188812073579446,6.995688358325332e-05,2.529286504983173e-06,0.5771831930710609,0.5815446546640142,0.001744461473906632,0.5795244828014586,0.0016914987473932517,4.670243072685039e-05,2.9625416422102274e-05,0.0010729929417327986,0.39190656472479635,0.0013554126603925005,0.5023965397534043,0.9979957334667924,0.0008861083290609436,0.024731920208814817,0.07799030454195297,0.45282689262362674,0.4631772644928341,0.4975392236576771
0.013865344587040135,0.5755840020059478,0.0018547196041203452,0.5779322184060738,0.0006392098813922853,0.0020810142356995085,0.00031789470918707445,0.0004369896233966146,0.00029712783087970873,0.5881597062610777,0.3976754585877601,0.00023187315995539524,0.0003410182386980069,0.0002480793073547387,0.001623987874494733,0.0004988266227268669,0.5011998837550267,0.0020689424163795045,0.9846673133834226,0.4779491056748178,0.5265611868424735,0.5671293182779007
1.2099604854073378e-05,0.00034583732064847765,0.00016941473743361146,0.00024184498570749003,0.5756965968422143,0.00012454614006046378,0.001971203183065936,0.5781897695191954,0.0033946767606730798,0.5788290415488293,0.39280334412703505,0.002648666526934681,0.5013749238396549,0.0021798097233975758,0.00013772702423051953,0.9994963317800715,0.3563519077897975,0.2920534803362514,0.9777360347772857,0.502101537789829,0.5106108769298255,0.5165753907592201
0.001207250846272623,1.5827856934600886e-06,0.4502331304767059,3.417707679008187e-05,0.0006448383622435932,0.00013919965211054425,0.9043107940237908,0.0002390150475308298,6.708837865553654e-05,8.22220405563219e-05,5.162655617091394e-05,4.21242193238251e-05,0.00015377068169864118,0.7012661595612232,0.00019399823597967368,0.0008953244511806664,4.74531418701958e-05,0.9983157635557491,0.0008591774065019547,0.5121064427476872,0.40332586527782327,0.5663910144710396
7.153245218871107e-05,0.44540617426840073,0.0003560499636261621,0.0012759277851812018,0.0013185345075703988,0.8998192246302669,0.0003562136353437116,0.00018142929740646503,7.39238941839242e-05,0.00018572752926539535,0.00011776400231078994,4.6872813068497656e-05,0.00011587153123506075,0.0002258635131046165,0.7073857563927443,0.0018845641249817802,0.001823673218790801,0.0005134043017939879,0.9998972650017396,0.5160446714311765,0.5276281662612633,0.5547967845046347
0.00418504058997486,0.5879674215586881,0.5827503631647172,0.0013329785658138236,0.5904374334761531,0.0010474590894973645,0.015330176564253643,0.00010430534146669186,9.677298210169846e-05,0.00019569581056424378,0.00012215284190924088,6.0405443570589413e-05,6.557852546327809e-05,0.00956940222256053,0.0006538953545389692,0.3930962945186215,0.0010205879636049145,0.4999581856833706,0.9954468647856973,0.5225844554129033,0.3727738019278815,0.556609012966011
1.2750408373534162e-05,0.0002521319900355239,6.754185045631325e-07,0.00025561840607278655,9.035504664946264e-06,4.865679426591687e-06,0.4481815508463026,0.00011294814624230892,0.8957059791505697,7.143347716495222e-06,4.540439547302963e-06,0.7046462698867084,0.00016159908910229998,0.999489467199549,0.008618665570167938,0.01600729450986854,0.503958470912447,0.0017182599326913811,0.9676782919592029,0.4751650916106953,0.4987142597249899,0.46905132866103055
1.0218669958925624e-06,0.0021227179417498813,0.5928719736620189,0.0009472222641175522,0.0005198147598649505,0.0019779290532016495,0.5986774407740545,0.00043676558688317556,0.0013481207016722019,0.59168547048098,0.3884456573102323,0.0010141476844550924,0.0003297519266934352,0.5002937356163649,0.00210523154959387,0.0005532691533255121,0.0010081829777938683,0.9977406487140956,0.9996935341785436,0.6772170906165212,0.5060391255499302,0.5340109949837205
0.5810494695157871,0.000602186623524573,0.0023810084118804082,0.001598579717408071,0.6041708806653093,0.0009210392997219998,0.0001848878032482655,0.5870460406900189,0.001288377167070762,0.00014112131577952503,8.83921950253814e-05,0.0008069830104385778,0.3936359640344691,0.00014211850462831667,0.0007079800152762229,0.5049513279707439,0.0017514355557454349,0.0026317940073751515,0.0006597834341057762,0.5243775606064911,0.6203907275520878,0.5360299096046298
0.000750783925243257,0.5781156943789422,0.0025207045497570605,0.0007712756002425356,0.5830500066067429,0.5826031990607217,0.00028572114211630105,0.0002256469691789515,0.0003358607855720411,6.315610347618704e-05,3.993595474099281e-05,0.00021237723024825382,0.00014371805133804615,0.0001806718135998547,0.392867109178986,0.5027006988819445,0.000849314418775648,0.0028003280152899546,0.9991692477984078,0.4891668357116591,0.5673442538636987,0.5460431907625907
0.16598954223889567,0.07300054408424408,0.005975869219607577,0.008825748470452184,0.01090755125419785,0.010257186047249558,0.011649461626201143,0.01816714607560435,0.013643876577233956,0.013504436163823217,0.012275750876529518,0.017904524642107802,0.011543382038657072,0.009470960627459356,0.009290019818030907,0.010416187406785187,0.006976641932622256,0.027726378945485936,0.5111034080247576,0.8156281887479239,0.7670780411962246,0.5528891775677327
4.0855838968469266e-06,0.0008736928626469522,0.9971210996389375,0.0006706138065634703,9.014894422610783e-05,1.1363203316151585e-05,0.0006573380874910126,0.00031935082377849126,0.0002159866096375005,3.632043950601979e-05,2.2985684777887522e-05,0.00013668887913471375,0.0002021034392499228,0.00041600180158879885,7.191297424295092e-06,5.7051168721957866e-05,0.00042440004014094625,0.9994470709461589,0.9970230436253563,0.4937837263467138,0.42601644896223934,0.5207777734986461
0.5765301004459504,0.0035168219274239803,0.0004307887247342802,0.000585092637925416,0.0005947891778849754,0.0015272796620610259,0.5753691518236403,0.5732110548209913,1.532479514664194e-05,3.865998581301268e-05,2.4470520805111583e-05,9.700092223573713e-06,0.3969910673481653,0.4978360677569139,0.00168907903243432,0.0006536423092330279,0.0006429869619802829,0.00048211752018067317,0.0039974592282863534,0.47254653603524605,0.570241895015231,0.509066637911036
8.066211371861464e-05,0.0009863204576892183,0.44544629643339373,0.0006025463525633698,0.00013612024798078615,0.0006084207843473869,6.853419741051802e-05,0.00023607829689859092,0.00015657984750345525,0.8987880466404933,0.7048354083462227,0.00022181617597043314,0.00033443578682403486,9.708782204520652e-05,0.0008619093710180467,0.0001928315050510332,0.0008535812298288631,0.9985980796293779,0.9480522861758488,0.559629160339652,0.49706303093475324,0.5361833642755808
0.00012418663829161125,0.0018767818760191213,0.00030577104963932145,1.3223143895067201e-05,7.213722162370767e-05,2.322953355821808e-05,0.00014371736412815565,0.44698745656202726,0.8992598951737641,9.733756365656355e-07,6.161761801583076e-07,0.7044942075128225,0.9972950166053092,0.047872103160296386,0.007752555866704758,0.024081612253091744,0.004416428594098649,0.10348574910379615,0.9577337369268447,0.5252813154611538,0.5398039287353994,0.5587107487565646
0.0001311251747179402,6.478274851110514e-06,2.1299354783921143e-06,0.004132212783837333,0.8974761735445475,0.001020149160253048,0.0012205231753352835,9.215562170149855e-05,0.00016234485777085313,0.44839374052859726,0.29497042191261746,0.000115157794451967,6.560587875177381e-05,0.0008657662335876583,0.0007236341000711134,0.9970673835776936,0.9797778406409937,0.010418817071315879,0.03142682856667062,0.5215828728336663,0.5487130767925538,0.5205053872856765
0.4504399887510981,0.0001590425908930875,8.332819114145226e-05,0.00028891437444908267,0.0005941662783592718,1.4765498163478146e-05,0.897332579538593,0.00045805046625098714,0.0016889377387366764,1.3915156735445868e-05,8.822978869192652e-06,0.0010708804285854288,0.0002904297464790728,0.7038265739300933,2.0868478494114683e-05,0.0008397515386731071,0.0004083308943562871,0.00011777011697275863,0.00022477945194058807,0.493203690444729,0.5140977121710518,0.5616410746768832
2.3497227772870045e-07,6.399542502617397e-06,0.00018371009650775856,0.0001902251845523578,1.1572844689526411e-06,3.9461497329601096e-07,1.2908329201826535e-06,0.9994869329858734,4.897633275079442e-05,8.067815317288874e-05,5.120270047295653e-05,3.1083014639905824e-05,0.9998313941451469,0.003093255255576152,0.0009456343454960308,0.002773246974007538,0.5080960512986668,0.9780117903128487,0.97663570676836,0.5428084443345814,0.46450099201181433,0.5022110810746332
0.00017147487451626113,7.043262955805893e-07,2.8999333968371405e-05,0.00036987781374018164,0.4795264247498923,7.338662300502516e-05,0.00025118710898257144,0.0009665031816900216,0.0006139188883774476,0.9582566539694256,0.7046263432245649,0.0008150548252572887,0.0013399267678341391,0.0003334804109319919,9.804868065488217e-05,0.9994568684646997,0.7189343189363694,0.10806945922199993,0.0026916875072709456,0.4829181686839758,0.3651233286685467,0.2696659418746241
2.1433295632321537e-05,5.405582014499393e-07,0.0027452982760844515,0.000140639057993825,0.584093116204843,0.00017318717104195368,0.5815255177744234,0.5795986346618247,0.002004844629130358,0.0006846670632298176,0.0004315445448607022,0.0012636510680400794,0.3923328231601514,0.49859595317991867,0.00018876095187440433,0.9969773861741124,0.03229863366202218,0.9950480735399638,0.015975374126383945,0.46000030686191673,0.43343505598629534,0.4367670439998067
3.101395896786577e-05,4.895027136361187e-07,0.0027511620744594787,4.246702492230201e-06,0.000254658077053227,0.5720616101908174,0.0018814810971666627,0.5678240576213132,0.5789353553865888,1.539177360586541e-05,9.773841887667979e-06,0.39191662156854723,0.5033565597246483,0.0020805619985175185,0.996888860735436,0.0577020699297513,0.0009648898076654042,0.9929185619386222,0.010342393203271412,0.4644867111738958,0.5035502463719451,0.5356411072742482
4.663188238080128e-08,9.195469465777552e-07,0.0013300921176307426,0.002748783785486796,0.581058725849893,0.5776777010936497,0.5793793516875981,0.000850612201131529,0.0002840128153031358,0.0005035351623634589,0.0003181463995888058,0.00017944621669196053,0.0005720462020316867,0.39000175156264616,0.5020254593577377,0.9966425805455009,0.7085239365566729,0.999552466066397,0.9686623968705494,0.48270978934927006,0.5852137674490164,0.4947530513152746
2.751953313251162e-10,0.0,4.771340920252273e-11,1.1519809606618417e-11,1.5965440302662235e-08,1.3022347060482934e-05,0.9997146776134724,0.00024128188106657962,2.378603546340107e-05,7.2158230680756475e-06,4.540439547302963e-06,1.496694618043853e-05,0.00016159908910229998,0.9999916500416225,0.9992088238386753,0.9888708577222239,0.025889174067415588,0.10892390755072118,0.004871440045248643,0.4089994331418384,0.4978024645985824,0.5587548619848435
1.2677406264307668e-08,6.194754082331555e-06,0.0006695057271588759,3.977149239196815e-05,0.9984889301410864,8.105794351039691e-05,0.00010779067102926732,0.00023993033066932692,0.00027080162303449,9.600463963069598e-05,6.170074303990265e-05,0.0001691213470072348,0.0001625341755319272,6.812250446073794e-05,5.233316307119522e-05,0.9995442457951522,0.03664358375602572,0.994190573850338,0.998748371687348,0.4253356017362702,0.5162146249656467,0.6169129828863416
0.002053315840810048,0.5767981559976202,0.004694473353060463,0.0009937407840163528,0.5831230699668485,0.0001862828893887469,0.008042153365802817,0.578546782980167,0.00047676883714899826,0.00015894348990007213,0.00010080767307162064,0.00030238394353858795,0.39106999179357715,0.006241821536677563,0.00014458587903850878,0.5034568254148875,0.0010967527286509257,0.005227052471492353,0.9977337367797814,0.452785144040697,0.4611573606970093,0.5045394555580657
1.5102097007589094e-08,3.849642740471512e-07,0.001663154774422126,1.6764598363984754e-06,0.0016924159775980763,0.4488399618224297,0.0014458406345792272,0.8948035888521215,5.5702708044012265e-05,6.953362889499358e-05,4.4219283180887205e-05,3.542363407976004e-05,0.7040093954410976,0.0020506965991865375,0.9966198259691426,0.502745665186668,0.0006360794878780118,0.9998538241688134,0.9750382817613505,0.5191850396134747,0.4737666105150111,0.49666116075973066
4.120037397203704e-06,4.03469137316912e-06,0.0008346047003465358,0.9018040094756286,4.047433064971529e-05,9.890519269054184e-05,0.44767710295247537,0.0010651114533067455,0.0003513443602961261,3.3048989997575225e-07,2.0897727524577664e-07,0.0002221636413454643,0.0007168663912798736,0.2933444385001886,7.109382850466065e-05,2.8572190901806445e-05,0.999399985474855,0.9955812390392099,0.5002147550804865,0.5754177252010708,0.5220153737729141,0.47513402768991625
1.2072253486451404e-05,1.3503653671900243e-08,0.0011584652284785998,0.5780321481486372,0.5813293462477701,9.426291766217074e-05,0.578709024606838,0.0017651363084544337,0.0018145962893722717,1.8333462771879654e-05,1.163101069280169e-05,0.0011512061732997978,0.0011279378821803876,0.3913235803488141,7.320123657168284e-05,0.5018101379778077,0.9987127576176238,0.9933925057921971,0.0007086821111949027,0.5552273171887148,0.520449189494652,0.4971385774581798
0.0,4.690644472779692e-09,4.843232015764386e-09,9.545300778734725e-07,7.553853219630393e-08,0.0,5.294523080224143e-08,3.159415815100138e-05,0.9999673132941314,0.0,3.302367649422023e-05,0.9999781870954799,0.9774929173856928,0.03902746310674887,0.007113738234140965,0.04847431746044584,0.9959175416737214,0.5165805451254821,0.9603958999413214,0.5060215908501007,0.5184957877417163,0.5211073747783628
3.640571317189423e-05,1.4982992796837275e-06,0.5769563239086998,0.0018201798728366724,0.003454197985500871,5.9983529500540214e-05,0.585737603529365,0.5808415696395839,5.964053368819316e-06,0.0001125058539402722,7.077316475551394e-05,3.751758883190851e-06,0.3924124199126436,0.5019987273672799,6.560497991901657e-05,0.0037779065690201896,0.0019907822321731023,0.9999599555749086,0.026495367530352254,0.4589446358733787,0.5069730959421558,0.6013907444941844
0.00011356105262800598,0.0013175653992696268,5.737787810429102e-06,0.5804694346573417,0.0020079751260521908,0.00010406365204619004,0.5788692877496737,0.0003181062783593202,4.9442241133702075e-05,0.5771332141750214,0.39051156093402634,3.8395712705009444e-05,0.0002488226520499974,0.49912072908168015,0.00011412998503759807,0.0022021989053829963,0.9985255054326614,0.00274100029223532,0.945902326251266,0.525366160644471,0.5016506923495737,0.5436881913784611
0.0002602183767201941,0.9014365933519227,0.4555701300610557,0.010639148666049902,0.0027904888226102406,6.338619364198892e-05,0.00024077425697745667,0.0002514429040074136,5.121979403539619e-05,9.729859396727452e-05,6.12138745651996e-05,3.2224121362143285e-05,0.00015876280456898992,0.0001514791979563457,3.9878425256490625e-05,0.0017555823995804084,0.006693545699165582,0.3001661292782903,0.9998162265511226,0.5253199490731318,0.5032793537072322,0.6060487407602473
0.5744059917227775,0.0038174662639439403,0.5791836987578011,0.0002568271834196503,0.0005303220916072478,0.5858180968691373,0.0006710123105485364,0.006237900483510935,3.68553045790917e-05,0.005316362591392047,0.00336004223855757,2.329346686837726e-05,0.003956776153119722,0.00042410432970619357,0.39514715120780847,0.00041203656783001094,0.00019954296469161786,0.5054336189732638,0.004230874077674529,0.42528643627285384,0.46044961986478194,0.5117384295424535
0.4431980290608427,0.0034515530661439657,0.0011676588432762197,0.0006293142457232971,0.002311386940529829,0.0001232113109461843,0.0036783830176382996,0.0011744989245183201,0.8976448094810993,1.161130568301984e-06,7.383780095833403e-07,0.7080103457109158,0.0016869327551028764,0.0052833429696013835,0.00017697519811185657,0.0033199679412122553,0.0009039239067348409,0.0016920381406868626,0.004957787519592638,0.5036940677935607,0.5211480247380101,0.4744938721934482
0.5825551104405372,0.5832670627992638,0.0004609247555572455,0.002876053703793752,0.0012850189741290328,0.0010244156852124372,0.00025800541842016907,0.0001622666708199806,0.576977666387701,0.0018537642648453832,0.001164404679281843,0.38555874079928787,0.0001248722158715131,0.0001971204105102233,0.0007826720937150887,0.0009817710164670582,0.002197346367104261,0.000355270895180842,0.5041351693769829,0.46712774185329026,0.388511306671374,0.4974638060007459
2.3787298941035495e-07,0.0008781878214071595,9.76421581774098e-07,0.4457487041266036,9.351604491466677e-05,0.8988171809937086,0.002017316886753458,0.00010576435857408834,0.0005132344894237773,0.0001855880695693729,0.00011776304895687481,0.0003256677806364475,6.73541649976689e-05,0.0012800681418954052,0.7069115561432727,0.00013355987185326894,0.9987457622938549,0.0007140947563508485,0.9998275601214196,0.5250007716367514,0.5075061687175731,0.5509536169630963
0.5783367508874737,0.0030171979390385298,0.5790154889081902,0.5790228908128856,0.0011877585165694007,2.9906373678461327e-05,0.00017792506189492774,0.0006127934710315633,0.002154134872918244,0.005903025623614249,0.003737499938097766,0.001363906939697118,0.00038799485162173284,0.00011265480515188419,1.8935481481921154e-05,0.000752035388718225,0.3906736188231705,0.5031732257052554,0.003321230570273605,0.5447767490668125,0.48155404600381446,0.5560440692015235
0.0008014947632167642,0.899852977611101,0.002358554406742445,0.0011988654291051404,0.0031316908129916726,0.00010670491295221543,0.44832026161744515,0.00045411973805478293,6.764470500334577e-05,2.547095604312507e-06,1.6128930628635262e-06,4.283453784794159e-05,0.00028860030735086944,0.29425507793987915,7.548996370351401e-05,0.0022155502797840615,0.0008481533318334268,0.0016833686641683906,0.999432966111872,0.5011136923837386,0.5269286996647884,0.5680398586317484
0.587555504645443,0.0062895000451715964,0.5909140085452409,0.000805084013790662,0.002205316182274154,6.653868653304068e-05,0.0005336318013749317,1.2753361692711366e-05,0.5935903452207624,0.000983329953237949,0.0006071627980944252,0.39055743482335376,9.867992362835398e-06,0.0004029766291484256,5.056642178601176e-05,0.0016653440115955319,0.0006079607810977987,0.5060742867528198,0.007014730771463071,0.6716383438164553,0.4909644649403122,0.5386750672737879
3.251058562274456e-10,1.5493263795067787e-08,0.0,0.0,0.0,2.8950678350942306e-07,3.068104410021829e-07,0.0,0.0,0.9999993878644058,0.9999997211792729,0.052037681086960635,5.67001590137165e-05,0.5100247291101009,0.9662371172638446,0.020437511628495632,0.0021504184214369564,0.00731274105604085,0.9869246834885286,0.46184078884500884,0.3954166083527378,0.5458028031086581
0.0022394427545960843,6.46429537231483e-05,0.5797753024005476,0.5762246384973086,0.00023481696378705998,0.5790753444252311,1.2541560800696074e-06,8.118914132474607e-05,0.00031007066724479784,5.324886113984744e-05,3.373978869674211e-05,0.00019646840788682627,5.144335671868861e-05,7.946641944619147e-07,0.3910477150051875,0.00018206622045662045,0.49523599718718253,0.9975615545462883,0.01837133024439489,0.467507364017424,0.5581151103278758,0.5171434534332988
0.0007174024969467363,4.4314318359643114e-06,6.682645645831231e-07,4.116851384815791e-06,0.0011137979031233584,2.0751269435249423e-07,0.454413470424177,0.001159785792072594,2.8426268860153965e-06,0.8954120534620366,0.7010311120456626,3.982458575792184e-06,0.0017294690132147075,0.9981413443834056,0.00010079796414503954,0.6343236794423961,0.0036358662346194772,0.0006010378500847578,0.004047882230585686,0.5253543763798924,0.5083373337814838,0.4416498531180771
7.09762762398697e-06,0.0004479058469027169,0.5790834613263758,0.0016314599257481965,0.002512937660859464,0.5824741964978761,2.0965283674590413e-05,0.001961147587274096,0.003268129252360583,0.5771173114729631,0.3886083388132974,0.002521945266617117,0.0015243424364374202,1.617856630179833e-05,0.4990509543025998,0.0027383459021552824,0.0017778122626531008,0.9995118487079532,0.9899128184565926,0.5597016920786718,0.5068676337791135,0.4434701924403219
0.000171285816115994,0.0018340415528616321,0.00011562644727114893,0.5785370031976967,0.0004711713265914469,0.5875497581067498,0.0010615290303667058,0.00015941346646477145,0.0017934816640080575,0.5726231006254401,0.3864215361010631,0.0013846747706304499,0.00012307669511885827,0.0008195652334043657,0.5049212742611295,0.0005184734675740825,0.9979689791732067,0.04026141540585659,0.9407163951488156,0.4770347798349882,0.5078559895133987,0.442441315698017
0.00022033013216165998,6.456825956591733e-07,1.0304907245856948e-06,0.4455623409977318,0.8964355020875512,0.0013526952818635463,0.0012127618509943905,0.0004322834685902654,7.787093087764603e-05,8.614860974121618e-05,5.4786092657860416e-05,4.952190842055639e-05,0.00027590321745932293,0.0007712538631539208,0.0008602457152689489,0.7063435465381738,0.9996851854747587,0.0030038020606477644,0.0018656242978075527,0.5215807339222793,0.5178574361268569,0.4835475429872594
0.0007670522904286222,3.131491886947196e-05,0.5682888561067593,0.0018329466575621803,0.0010308406259412898,0.0005043223791167045,0.5774669657890836,0.0009402214412851071,0.5774911816663714,0.0013004704229247206,0.0008212591771067463,0.3883277509362101,0.0007858673859377058,0.5001465797654912,0.0005596520156119106,0.0011234055212366752,0.0020323494570441926,0.9991370862417179,0.026529457570809267,0.45006669040957703,0.43345759392449357,0.5342263795732984
0.5723301487694676,0.0013760512040405196,0.002359781467282063,7.533676813235774e-05,0.5803516032023156,0.0007102466909010025,0.00030777630641463054,0.0010291983890193853,0.5822101553137686,0.0003185372361339186,0.00020244914589567775,0.39486435922006563,0.0008067509344432048,0.00024038610457861187,0.0005547327983096221,0.5044250802895245,8.379785697780099e-05,0.0026480587043041237,0.001530619991077948,0.48545246074330306,0.5378146294186654,0.505270843247547
0.0001172609639343633,2.750431330687035e-07,3.2417765289683244e-07,0.6007127711574435,0.5990339869028753,0.0006047525773889245,0.00011821009750572392,0.0002294789405113227,0.5997380218239055,0.00033310008587085965,0.00020411236970092775,0.3917608257581816,0.00017345400918666968,8.870791207122827e-05,0.00045382277559134483,0.4991094361262525,0.9998751308864025,0.0017670478009483848,0.001510908986007281,0.6716546585617568,0.5755574969068825,0.5612697310339433
2.4369450914883306e-05,0.005315283084127064,0.5801869181280842,0.584457744085643,9.349862152261501e-05,0.0005111408781607566,0.00045853833761727304,0.5768505347255403,0.0003678233765804741,0.0009175443589148727,0.0005745682552050092,0.00023033168005513304,0.394975294294029,0.0003529069972749042,0.00039589051601279785,7.195933831096834e-05,0.49951842933828494,0.9941223538076144,0.9971154596614308,0.6253609402457981,0.500600570529027,0.5303413611792469
0.00022592487904466414,0.000207649594111674,0.005415949385928969,0.44623858024399954,9.080095809464463e-05,0.0008595012002245467,0.00027231986920509004,0.8806528764751322,0.00022553094708831206,0.0001201783485301435,7.600180532846214e-05,0.0001426275720477536,0.7076057786522518,0.00038847545882631667,0.001233902533478841,0.00012952987497439383,0.9921191643021251,0.9639680007027525,0.4823806307600541,0.4590091822828858,0.5645317104476479,0.4714594501687559
0.581610482151988,0.0006352652636854034,0.0015596020236597942,0.0016876418199557582,0.00016019087221486863,7.563459783432065e-05,0.00013720945861197037,0.5718547607450317,0.015385681545384554,0.5763043814713723,0.39100624599615214,0.01198582440489146,0.4957615206633574,0.00015018582311528692,8.278769151903812e-05,0.0001753396347035987,0.0018472367160943248,0.0017222113736186997,0.0006953491984340865,0.5011554469474894,0.5011935248651322,0.5029702502305743
0.002184970375520734,2.3865384554524738e-06,0.5698463000453198,0.5818018356655744,6.495749974173214e-05,0.0006856784550197321,0.0007917089432347804,0.00035348467597695854,0.00033564508761456326,0.5767756821634791,0.39100624599615214,0.0002612466930937351,0.0002761259686465218,0.0006162201015025693,0.0005336928364931248,5.0558866077060586e-05,0.5038006034340459,0.9975804197684336,0.0006953491984340865,0.4723323385243349,0.500418755253677,0.5079821538944109
0.000406386759434319,1.460318498813126e-07,0.0004222639160446179,1.2600437229821167e-05,1.1945685585024492e-06,0.45235095617875987,0.9107648059840633,0.0004580407109473839,1.5342745814439034e-06,2.505815924242636e-06,1.5687205653124644e-06,9.605045266133917e-07,0.0002888241895186717,0.7065295434037251,0.9991693244573534,0.0012884308825827908,0.013591546980087715,0.5134656835254796,0.00022766523770811897,0.38436940370857375,0.4978534067468483,0.5594787323254417
0.0007431395905516133,2.7473728097971657e-05,0.5822020132379407,0.0006549743840304918,0.5679175040002963,0.0009216091965891929,0.5767012696207893,0.0008895840046521169,0.00040235428068997674,0.00012709823355598648,8.090939460246059e-05,0.00025613446931775353,0.0005683456817696681,0.3912990925496359,0.000718121535953766,0.4892886810420612,0.0007099071758398415,0.9991939776387999,0.023525003762205777,0.4977688161867317,0.5051287185950604,0.4959560907921653
0.002698982498803309,1.1179889591623877e-05,0.8888509972075235,0.0010133379905065654,0.003114867472250113,0.0001493985626867709,0.00996338236898494,0.00027156524579084236,0.00016215262005037052,0.4516153187438518,0.296999627431314,0.00011511276326604374,0.0001975319976486385,0.007073151960370838,0.00010673829868573543,0.0022113715661337113,0.0007194151740542096,0.998074663823419,0.0026683015271667943,0.46805773035551546,0.5551806089664106,0.5012121220098139
0.9203916294404425,0.000529359960800765,1.082362020882481e-06,0.0010413696841058285,0.0017855648851507182,6.077096458325849e-05,0.0011143016888066012,0.00027055743407370666,0.0029659180214623767,0.46572533745475453,0.2970111433592568,0.0020418188276441354,0.00019825405838281337,0.0007671079725514189,4.259837747196615e-05,0.0012292037642805224,0.0007168985814138394,7.588062290349307e-07,0.00037690978293875574,0.6768154388628236,0.5060666771940696,0.4359728067014623
0.002061636472656549,0.5791355095651568,0.004713496721851411,0.000997767710147401,0.5854764200138771,0.00018703620621725352,0.5784169663397979,0.00201881770868809,0.0004780075992087613,0.00015935646396547442,0.00010080767307162064,0.00030238394353858795,0.0012770874869585946,0.38980835707989725,0.00014458587903850878,0.5034515880351027,0.0010967527286509257,0.005227052471492353,0.9977337367797814,0.452785144040697,0.4611573606970093,0.44872995976791763
3.0046512603341666e-07,0.0015271129467185423,0.5817136547817017,0.0012402277535259096,0.00224334329083297,0.5850766903888038,0.5799224973056629,0.002444020797670127,0.0009145795957844428,0.00010386630926240312,6.537434230333898e-05,0.0005756442906439147,0.0015382871996191976,0.38871712935765534,0.4990269882857103,0.0024335148004494545,0.0013453681151062802,0.9983434108258804,0.999874742656083,0.4589243132639142,0.40115793097148433,0.5004339813135008
0.5961305926559352,0.5938492416239672,0.0009184387599627785,0.00011237792100483832,0.00012843976955240652,0.0013094469119812509,0.0008469935092385447,0.5985434279516253,0.0031272768322860842,0.0029793314629742,0.001832323169683998,0.0019233190727621957,0.3957868215310336,0.0006408176337977128,0.0009907026845444866,9.717442769094232e-05,8.50223539093399e-05,0.000701020378259253,0.4987798220657027,0.6635966790720236,0.4299945561680485,0.4410805101069474
1.419667382535768e-05,7.263887997925888e-09,0.0012312689089327429,1.3687678079783926e-05,1.246329187753352e-06,0.8973418175561748,1.3652217271516145e-05,0.447067489814118,0.0003438700092192293,7.701703988005203e-05,4.8871022774756514e-05,0.0002182020695891848,0.2951735882579549,9.685557370964866e-06,0.9991186370112808,0.0006386709221034267,0.007014268958463691,0.9927243989140233,0.0003257337388712757,0.51620836966092,0.5241464257494971,0.4508176149291525
1.55754412168956e-05,0.00032331176033611233,0.9146275915897936,0.00024295366125524456,0.00020420601797009263,8.231661282849309e-05,0.4655722911111082,0.00019178089649295182,0.0003429277853368349,0.0013510809647390627,0.0008322266388388596,0.0002112336572184772,0.00011855828901478259,0.2974880774137111,5.679344945882115e-05,0.00014088876086888313,0.00016762183657653695,0.999776676348279,0.9693547462432937,0.6399892930952393,0.43459090771058434,0.5982207846308268
0.5897450291804511,0.005022174493009869,0.00669592682692698,0.0005529896660735516,0.00013813527718082075,0.5932273453398409,0.00015528225302820271,0.000347172890850983,0.5880331638581255,9.630881561676427e-06,5.996109078723506e-06,0.3900549356831259,0.0002651605582812493,0.00011817307174158246,0.5018422270552184,0.00014909879246490537,0.000596878494351259,0.007291516762582773,0.005421222827655059,0.4982258737945698,0.5111492243162752,0.6496793797240557
0.001219763654712581,0.5825022574684774,0.5625814186091734,0.57780426539985,0.0014240102991101013,2.9843433217292597e-05,6.666197936106454e-05,0.0006071072929839453,0.0022310292727417943,2.5678655490711508e-05,1.6292912121160285e-05,0.0014155719930906217,0.00038799485162173284,4.229655879590868e-05,1.8935481481921154e-05,0.0009035194194119264,0.3906736188231705,0.48645657310221885,0.9986825142435389,0.5028038900029008,0.48155404600381446,0.5548154625207325
0.5924602760004626,0.003730353800622824,5.1717169415689015e-06,0.000565804524268035,0.0015277775835582702,3.738969166461706e-06,0.0003635564183540186,0.6037115250787985,0.5950815022138631,0.0009643908171275683,0.0005936352161012841,0.39030018703931046,0.5059802408798173,0.0003906456428687294,4.017566777518133e-06,0.0016416072503318844,0.0006079607810977987,5.6062581305374665e-06,0.0040083441611839235,0.6790315259029899,0.5375727963282813,0.4724758610348568
7.257372008274134e-06,7.603389126291437e-08,1.09290494611099e-08,0.0003662078163474344,0.8986496330948577,0.00022361380203738106,0.0006316543130564147,0.0007718418111734722,0.4485414753519863,0.0012834509682687816,0.0008135292860012081,0.2947286042841118,0.0005709904041064109,0.00044748107340797664,0.00015942106862103038,0.9997405190981932,0.9873243631392937,0.0009716205307645082,0.00686538368415518,0.4646879815362795,0.510120457171381,0.5548043847498977
0.9067478503052107,0.001095202771080557,0.0005711478334029037,0.4536463246659003,0.0010575309138255292,0.0004006779453523091,0.0022749681193347886,1.629751710507476e-05,0.00036386489199247526,0.0017897897529604236,0.0011237958078677405,0.00022846830311731576,1.027006975518654e-05,0.0014284372613897105,0.0002515836463711763,0.0006486255618648174,0.2953187413129924,0.0004045464589255721,0.0007689380561744137,0.595043595865904,0.4838493447871587,0.5678637323441484
0.5800812164751683,0.5771477048118626,0.0001365607138054078,0.5809340657268358,0.0007164440986962801,0.00036570408228440597,6.310136187897749e-05,0.00019045725683276157,0.0016966286208100125,8.146914888138623e-05,5.168242062780141e-05,0.0010763081140253395,0.00012125897235464974,4.003028210690417e-05,0.0002319957932009696,0.00045449563870347516,0.39302525433713564,0.0001071830823542101,0.49838629851748717,0.4594609763968243,0.508184730787672,0.5426593514277298
6.493489933327767e-05,0.0012525492193486204,0.5727674263368701,0.0007395478526377065,0.5806016791875132,8.424024058704133e-05,0.0009965575383618708,0.0007103885611362167,0.004868912631024519,0.5767088866976173,0.3877128559736574,0.003748652510051611,0.0005821666210860601,0.0007765070878927819,6.604879259831611e-05,0.49555491314656525,0.000813612189560603,0.9985974016434239,0.9671151594982667,0.5853097662218252,0.4986048342312895,0.5290329043455668
1.2184593915694481e-05,1.5907058292683927e-06,2.0958908043623685e-06,5.100735710484498e-07,0.0007176135712718388,0.582125788619149,0.5860051746257149,0.00020029323741851398,0.5805502871507721,6.464934247522424e-06,4.067947543934442e-06,0.38907272032577156,0.00016069472670499185,0.5000970824611468,0.9992200574012201,0.9888708577222239,0.025889174067415588,0.10892390755072118,0.08504298398676566,0.4089994331418384,0.4974131032171822,0.5587548619848435
9.749729696448191e-05,0.5745463770058132,0.5877831639031171,0.0006823985839907623,0.0052090678488746775,0.585964576358085,0.0006217550020013977,0.0039005421265586463,0.00035330584915346975,0.0011728194936002309,0.0007374337871397131,0.00022214819415168578,0.002470308441618869,0.0003909434152454114,0.39291405189988604,0.004016300158038083,0.0005261501759674911,0.5100518693937199,0.9998914477018777,0.42429110867916786,0.5616437825236863,0.44566159022199425
1.0464401382233568e-06,1.0656340051031305e-05,0.4525928410157749,0.0006093614540056266,0.9109864902698744,0.00011757235202941871,0.001445387586023564,0.0017894292571520266,0.000337579936263586,8.380886000456224e-05,5.235928405705769e-05,0.00021090183208481047,0.0011219787117315763,0.0009030016687332704,7.345309573073846e-05,0.7042142514804233,0.0008496078623412095,0.9999850707333627,0.9376844907534507,0.42643166469669913,0.507749377372746,0.6163303325771283
0.8954709231809874,0.0010105683382093341,0.0006309065236996273,0.0012499367972318434,7.06196858294393e-05,0.002610562521610627,0.0012685404769357978,0.0010227895472800128,0.4503278320061872,5.521212223966967e-05,3.473041045531477e-05,0.2935658848391315,0.0007646708742479133,0.0008910127553668251,0.00186705709063431,4.9602273536058974e-05,0.000877946180851439,0.0004512817945788064,0.0007341384567735188,0.47694429283784634,0.5138547059912624,0.6064552404763384
4.490897179519893e-06,2.0859251684601938e-07,9.182433900942871e-06,5.208560143236902e-07,0.0008656011020850392,0.5964382066744804,0.5967255173030895,0.5937512116069769,0.0002894192387932172,1.574223857401153e-05,9.702468748847012e-06,0.00017837874981118323,0.3914814419558202,0.5001526876186191,0.9990760254256139,0.9924175776570756,0.03217479913053578,0.7123593732840807,0.02954839085933042,0.3469254181002084,0.5857511773681735,0.5461451527756105
3.680146852786095e-08,1.982991694657632e-06,0.0014994551760242555,0.5831035599627016,0.0008272435185857043,0.0015283600825688316,0.5854390767174719,7.343500066951147e-05,0.5805859020343141,0.0014225269120558936,0.0008880025394500286,0.38556939105722243,6.0490478983561214e-05,0.4995885543922689,0.0016699855168376527,0.0008876950134236866,0.9983460287565185,0.9991370862417179,0.9884334832832373,0.40900347636284795,0.5962132043801356,0.45214897740974114
0.0005404441308319838,4.3097610546944305e-05,9.836602243228206e-08,1.1434694457194047e-06,1.7660939698742188e-07,0.0005442955334019379,0.45521417698230865,0.9085781413439125,0.0017271223058006858,1.759685678727397e-05,1.0991767585138385e-05,0.0010788366426322102,0.7052326632558705,0.9989256099149455,0.5012514982172164,0.00020737850512742018,0.0013426850561633619,0.0001165263085705151,0.05065992797461408,0.46307146955190176,0.36655115239975417,0.5004033185790839
0.009297903790830984,0.0005932351306956572,0.00011969254639971943,0.5849190406751206,0.0003354691958671438,0.0001665438024034752,3.706408989751725e-05,0.5859592500203867,1.222026584904106e-05,0.5930722614876255,0.3957046808371991,9.395901306689372e-06,0.5005272355873498,4.033537539180537e-05,0.00018124300007093857,0.0003650756574772791,0.9898596177437726,0.008250528244265302,0.040563319867664815,0.38159411104721097,0.4334535036720251,0.49474237372471164
0.5801782850614903,0.5822122385441342,0.0017831903075921894,0.0011264708223978305,0.0004671205212204728,0.5794271533294141,0.00023579014837651037,0.00475500105820197,0.002891032722915776,0.002855723696852985,0.0018077782206354308,0.0018301373649033158,0.0030209966343169026,0.00014926641331193126,0.39091183439394295,0.0003617994528414937,0.0008724858864992673,0.0013933666700265634,0.5011140487020677,0.43781635753340087,0.5402601687057773,0.4868233847197815
0.5802652242541488,0.002838264412671952,7.462258458601232e-05,0.5808494654477869,0.584630701845139,0.005609380734107605,0.0004980570882141889,0.0017731919744320068,0.001580768622172518,0.0005167827543907041,0.00032640609665271286,0.0009984325311053173,0.001124016978835482,0.00031457938783584157,0.003542980047556904,0.39392500562628535,0.5003146447977311,8.25932873521249e-05,0.003113888746889778,0.4258642428992388,0.5142878882429912,0.5472084027067914
0.000537770431782278,0.5905094831333388,0.00035936119971553994,0.5889805481213052,0.000134045122092594,0.5878379487108462,0.0029740982319003094,6.3138273110934295e-06,0.002268030800736864,0.0007791710550098566,0.0004861316430112905,0.001415045954252292,3.918077395299193e-06,0.001855575906074785,0.39085607602265027,0.00010231783235022422,0.4991723436326525,0.00039085064838684236,0.9994202367957334,0.4202084679486044,0.6182937217858135,0.49636614762218384
7.004700791734761e-11,2.830293094542434e-09,0.00022205186356853988,6.276592169088153e-07,5.279445833800426e-07,1.6285546519859922e-06,0.5946566720509575,0.5871768543869809,6.0820571565691224e-05,0.5932587584507695,0.3893639447033957,4.577227219719451e-05,0.5037148919974863,0.9997601691926281,0.004657415291398161,0.0015003290871958895,0.0017837120890786206,0.9999918198792989,0.9844320352516371,0.648414052043139,0.592298944688339,0.4483430788277015
0.0003261072067386913,0.8980949075714949,0.004224488993627009,0.0012039318514709331,0.4461363634577842,0.0002911985155504111,8.185555082918184e-05,0.002622813107015597,0.0004035143787244873,0.007236213341251269,0.0045937169886273495,0.0002561647618386809,0.0016710689012421137,5.196485254077901e-05,0.00018486347002041035,0.29350999048723053,0.0008533986135812015,0.00302102794547573,0.9997688370957394,0.47610310289862195,0.480666059213523,0.5435164725988525
0.009724354014368101,0.5781655463477884,0.0003387625662903629,3.948709445156536e-05,0.5822731286804065,0.00011812435385697378,0.00032939320581640557,0.00031876475151955587,0.0001442068100366551,0.5765558676336585,0.3899060794964887,0.00011187351259546186,0.00024818637063737015,0.0002555382176319224,9.163915335138077e-05,0.502206880776083,4.347293033971902e-05,0.0003762597978811021,0.9892934979585294,0.5259632307920481,0.5023500169334769,0.45280231663103465
0.0014533954773102268,7.106340876868833e-07,0.8862496381809807,0.44906955311309754,0.001036667003428736,0.0008592833928479513,0.0014247730925490457,1.512966346728313e-05,0.00037821931008357796,0.005083626376475363,0.0032737953080396688,0.00023667800691257282,1.027006975518654e-05,0.0009022179455783136,0.0005497194288947573,0.0006486255618648174,0.29385071227797466,0.9989524827969016,0.00031791657766683246,0.5999010095071245,0.564073084957976,0.557984616704517
0.5816168060107042,0.0006328388441744968,0.00024820659582118547,0.0006534360350796823,0.5832791042853428,0.00088340844929673,0.5828668876762071,9.181926145398792e-05,0.0003262073397320278,8.389345530095138e-07,5.284338595867855e-07,0.0002054736766967047,5.8254491679791704e-05,0.3913208517975753,0.0006811238540583527,0.4993742298770549,0.0007117913945516791,0.00027276557719386574,0.0006893578355557928,0.5541636709861844,0.5850727882825156,0.47724074301947034
8.864813933854513e-06,0.00120343651642098,0.000151734843214927,0.5936367996477083,0.5850854218295147,0.5903358381576131,0.0008812836729168728,0.0006236844160045495,1.1765965354639252e-05,0.00010049447429349274,6.263757166945547e-05,7.333650305243946e-06,0.0003915530662902867,0.0005492977662700665,0.39231682380660793,0.4953811063105754,0.9986776000206776,0.0792336047247531,0.995365453543756,0.6450216917456109,0.5062699077025575,0.48240736821087327
9.117967917071888e-05,0.003858933237606483,0.0038753367153297868,0.9236781336957278,0.0005656620367396157,0.0023348272634807527,0.0031027705468624697,0.00010146088693561146,0.0003076081612271597,0.46430874129747773,0.2965227986373271,0.00021200654835091187,7.018045989183499e-05,0.002138462251097952,0.001609196773036135,0.0003898606790011341,0.9962133805437037,0.5040654387784907,0.9849606179560685,0.669412441669057,0.4342513537375676,0.47167833255248165
0.0002871898952189525,3.322389907084333e-06,5.491342369718078e-07,3.5267088440857536e-06,0.5767919364122264,0.5741046849505771,0.0011023115578850096,0.0001132205569069856,6.149191456058944e-05,0.5784817474380783,0.39245761005357427,4.795192573770447e-05,9.046426789663221e-05,0.000859587828580631,0.5005309698622303,0.9996814549241371,0.00777950261812615,0.0012220988910933497,0.007451807201409588,0.5202839376738789,0.5018474953284068,0.511948890198719
0.5847483607540346,0.0038070583373050713,0.0023874512513562592,0.5916751149855564,0.011717016197449002,0.00348972005595897,0.008310955237378861,0.5723400102481405,0.0004056599812937406,0.00012385576052108624,7.807897938292771e-05,0.00025572906898542523,0.3835993342101922,0.006359268716383221,0.0026703152862039116,0.008966147674948653,0.5037389608003171,0.002599165928040342,0.0041447134036265805,0.5027591812856009,0.40103649920879003,0.507811666641231
1.0593595523839927e-07,0.00022751580266946263,0.0002306077376935124,0.00033168520764422356,0.00037188373249198546,0.5864821140005777,0.5901101855829612,0.0001062794092332376,0.0002585502603339725,0.5904254576395017,0.3929099368742361,0.00019783899914652212,8.13233701637124e-05,0.5019628755328742,0.9993539770426512,0.4296869008334715,0.5060818117948732,0.5071004533894983,0.999703576876428,0.5043231869620215,0.3714545597531827,0.5604191588099005
0.0022107907514312994,2.6621377907783545e-05,1.7129985681576804e-05,2.0244535502786914e-05,0.002182204816464559,0.4456715098065612,0.0002243694627990874,0.0005105906217815872,6.145236947971029e-05,0.8963669498934302,0.701651236966194,8.620970957473202e-05,0.0007624187118761732,0.00031475719036731716,0.9956149638037931,0.4919620253349351,0.005758830079161333,0.004962520749748178,0.007832942586055436,0.4671912803596816,0.461606797723366,0.5462740300690633
3.7864352042774737e-06,5.508135549219437e-07,6.454846768622891e-07,3.173314097838046e-08,7.55874790868821e-08,0.9999025335911804,9.220342581289987e-06,1.966706224279762e-06,2.3630915268120994e-05,5.755839068985825e-05,3.6415302221461225e-05,1.4950491913548738e-05,1.2749060372846014e-06,5.83337261264832e-06,0.9999975318717926,0.012335572583150323,0.005179441635178195,0.10678930016435854,0.09303933843371906,0.4500209135885728,0.517162998968081,0.5587800691610432
0.6022098123600808,0.5907851510038361,0.0007994521946248686,0.0011253839928181079,0.6031674578977221,0.00011360122919782661,0.0015262307659129123,0.0016097649455072143,0.003230293118692544,0.0003590352081690082,0.0002203997895882698,0.0019829727165841995,0.0009917563032886068,0.0009369076168986204,6.97365220196644e-05,0.395154247502671,0.0008492474594958103,0.0006086322860874337,0.49390371756190765,0.4127800714926759,0.374388033939815,0.6169587967097887
2.7810216659513582e-05,4.421004218422121e-09,0.0010199231829756668,0.5917521982344199,0.0006064290226487177,6.58692183985019e-05,0.0008269658990396705,9.087154261164177e-06,0.5875530919108367,0.5868079622959806,0.3903740618361702,0.4977322692965115,9.776127190196617e-06,0.0008896653683553425,7.086338238093681e-05,0.0006524082183317174,0.9989023379169291,0.9826456064797723,0.00010120376658396928,0.6279058922222647,0.5034403053784801,0.5574648198250248
4.51565976620197e-05,0.0018852163398577256,0.0032075019585687775,0.00015788345414491264,5.904930958290183e-06,0.5848032308233971,0.0004175790676139938,0.5782335788426002,0.00030171854813278615,0.586151379053607,0.39420341447928187,0.00023355679359428707,0.49639682562444565,0.00045456928441003246,0.9959193186005952,0.0010028229776171825,0.026820934511766065,0.6640879440153358,0.984753952442204,0.5583742608446678,0.47839580459947134,0.4222549450650231
0.0021665216512985774,0.5831995597207941,0.5723720730954668,0.002946399128750989,0.0006837310556952527,0.0006399368672726237,9.055547221442798e-05,0.0021585283001301233,2.924521208897519e-05,0.5955985523854002,0.39710527216939817,2.249484549844008e-05,0.001701179932076234,6.965338832818095e-05,0.0004922290823112447,0.0005259087896925874,0.002266308138058894,0.4915621449910744,0.9976627182350369,0.47146791812086875,0.5808386081229253,0.38893253012001605
0.002720622274286923,0.00023457080018613114,0.5843805956316225,0.0009230337242990458,0.0009678280041781047,0.5807382807011839,0.00010363663538748593,0.5667320879584591,0.0004109252711782342,0.0025550872556908528,0.0016217407985793116,0.0002608191701270222,0.38227298684931954,7.972600661824676e-05,0.4952019533896965,0.0010450784319496864,0.0009967077356653684,0.9970512926378745,0.05475363453123272,0.5452247044031959,0.5094476740133506,0.5295735845138705
0.4747394381122992,0.0013945494083794979,0.9486816105222724,5.996964923505484e-05,0.00043254960977580494,0.001426905779665866,0.0010318678738902905,0.0011772610992472864,8.169130775488709e-05,9.324855412319938e-05,5.59593223359868e-05,4.902371175595957e-05,0.000706485455274065,0.0006192339654739213,0.000856300590177533,0.000259577559393242,3.598841775662989e-05,0.704617697044891,0.0018700682986826289,0.735419643126142,0.5690477447817237,0.47450984407287355
3.32374669331493e-07,3.7589466668638108e-06,0.00021084693131513565,2.527924786085516e-05,9.287295563295491e-07,1.9725771801835267e-05,0.00011234927687931095,0.9045963435241599,0.0003816631856335524,0.44985918236981864,0.2919654530560812,0.00026666890807417213,0.9998304130583321,0.3063685565724406,0.058450000129559185,0.002759691566003919,0.07529232626561652,0.9887068228009711,0.9435850264981449,0.4633287849836956,0.5270138767698407,0.3813613345947313
0.575353350301708,0.0027161838575224134,0.0024775848516821663,0.5819227847349392,0.0026802148247582853,0.5797380669163039,0.0007626884879417216,0.00025238242907373796,0.00027969611884995886,0.0034662813677745576,0.0022003480520206634,0.0001775479840236077,0.00016020930324268552,0.00048414624032416874,0.3923886437057295,0.002085039499089897,0.5036050723864447,0.0027656200009864946,0.0030053928327308634,0.4617766623548152,0.5316190863363306,0.4792761388365048
3.0097815740854907e-05,0.0032192096262378066,0.0001666773668952649,0.4541477404525445,2.584082240781349e-05,0.0014709440104059765,0.0008124470571963676,0.00010173658909327778,0.901993543747605,0.000490980607913395,0.00030951168603762173,0.7030519606226865,0.00014892050007166342,0.0011388516795537119,0.0020750152836781117,3.6222264178039314e-05,0.995326426091963,0.032424946057291404,0.9942179717689257,0.5242138330086827,0.4986846915842069,0.5963665371979083
0.5767397695840488,0.0006499896036771391,0.0010974401225093793,0.007059426503103984,0.0019470653957027236,0.5777485577272956,0.0011023083495505883,0.00011517447601785472,6.149196485060933e-05,0.5784825370510217,0.39245761005357427,4.795192573770447e-05,9.046426789663221e-05,0.000859587828580631,0.5005309698622303,0.0021490362278282493,0.007791925028083612,0.0012220988910933497,0.000717475156208638,0.5202839376738789,0.501846652191976,0.5120061203051064
0.0005203034615970396,7.878317948427157e-05,2.657283493852623e-05,0.0004805761276821859,0.4466549768776388,0.00040597553639192034,0.8976663632125542,0.0005898725145438906,2.002268730763914e-05,7.897976352376208e-07,5.014730246398035e-07,1.2713176099645664e-05,0.0003758858697642146,0.7060708563667504,0.0005786421741644588,0.9989835309666272,0.47073686906754236,0.03240333534317619,0.09566883422424537,0.48687425226236497,0.47233168558270533,0.45864892965529325
0.5775116052333052,0.0006160984107469157,0.0039597684588691725,0.0008816215301265672,0.0007863333703645501,0.5771146044469031,0.5777743501324524,0.0014612600866698723,0.00025850150602317005,0.0012886498535124075,0.0008202057485058017,0.00016453231289646395,0.0009300703751440439,0.39206230996293334,0.4997727786787393,0.0008667919786093291,0.0009718311193541388,0.004364978875294356,0.000679155670045105,0.5118621072247271,0.5084808172496262,0.5002502207919083
0.00041466764113567495,1.4348246524393353e-05,0.00021249046623512217,0.00045582900778255654,1.7908576560356642e-07,1.2924307753950823e-06,0.8948343839529903,0.44664315918810726,0.00040681633006213344,0.0007498663089542838,0.0004769834671597245,0.0002587723715442091,0.29564499620452717,0.9995357145819757,0.0012607831893186843,0.00017469956050744292,0.4922768392042841,0.30359587003853866,0.022019410914193016,0.4723421013321607,0.49957042166564436,0.5081052451870922
0.0018093919881108224,0.4540396222512316,0.0006023387606788947,0.00044412136848461203,0.0008733324023807796,2.43026098527812e-05,0.0019609540341033057,0.0005430432864945755,5.324807090637785e-05,0.896468874592806,0.7015383143895327,7.465893498166275e-05,0.0007613980509150248,0.002749457356937582,3.407494686881625e-05,0.0012245021180873688,0.0006227033943413331,0.0008520198356559349,0.9974630208324419,0.46727997299602797,0.46069394149653103,0.5477563927206892
4.8207190917807093e-08,1.0563592729756944e-05,0.0002519600181272645,3.4956510987727318e-06,1.3742376343116312e-08,1.9002315732417003e-08,0.8953770966414415,0.00023172227436230465,0.44842346671986366,2.8734300778394656e-06,1.8267427794531847e-06,0.29558529824673313,0.0001653515775767613,0.9998190965478,4.754603457280239e-05,3.438481273771823e-05,0.00874673342314225,0.9735583307885037,0.9970947924762205,0.525847724786641,0.5268715212938472,0.4997492181575274
0.0002597279056385272,0.5829471148522741,0.001564150714908319,0.0025625684096436943,0.001069908944178838,0.5837857847990903,0.0073208396085264376,0.5762228754830304,0.0021877545573750884,0.003103055233539581,0.00196067698890226,0.0013823461519731314,0.3892011648166391,0.0056489779532016005,0.5004534969193161,0.001168394388721874,0.0027984613966287163,0.0017232743292322494,0.9997163587267979,0.4486756533211079,0.46165796668615766,0.5586537521022434
0.0004336222393325533,0.9965906176878813,0.00019698256670229236,0.0010001375337061965,0.00036210898220536385,3.9035631318024714e-05,0.0006415269251475263,0.00012417111897327916,0.0005767186793799122,3.507863535359202e-05,2.2040031864419875e-05,0.00036235434268962115,7.858201713989974e-05,0.00040307304930654875,2.452623449733369e-05,0.00022751268808145209,0.0006283849784361405,0.0001248591358337091,0.9997262442815575,0.4606922610320962,0.5211072816683457,0.6060440694905267
8.081113117981718e-05,0.0003371141012002687,0.000654386271679405,0.9130739417800001,6.0542327691908125e-05,0.0020515938452811216,0.00063509715871705,0.00028618589168950993,0.4555636689428673,6.728938483353762e-05,4.1980988310231696e-05,0.2946254128584825,0.00020098227706892991,0.00044280851069348435,0.0014304357473760817,4.2211763830228146e-05,0.9994800751561099,0.6921041258646065,0.8495228250145275,0.4917912162053852,0.42612741929886006,0.6219993947358533
2.8623283872567343e-08,7.921739317479045e-07,1.3361110637605664e-07,8.243998367770005e-07,0.0007255384697420554,8.203988938147953e-06,0.00011966219780925844,0.8990250624300501,0.4490762554560433,0.0001758738625592706,0.00011141389052178596,0.2949203663481177,0.9994792584219537,0.10405410323197331,0.007198272151644527,0.9989895422235455,0.507945195677141,0.10722860457950212,0.9770072822194326,0.5432865236873954,0.5227783799886209,0.550516769064828
9.064588021441169e-05,0.5800859779534554,1.6859165608508006e-05,0.0018422733730229098,0.0022222837275127603,0.5783213826140216,0.579197171775181,0.000216474699824147,0.00013793709255722315,3.3757871842668666e-05,2.142215538845609e-05,8.753245813066218e-05,0.00013786731762700636,0.3918210354883497,0.4990269882857103,0.0024388266824247784,0.0020217976296681064,1.8665936575944713e-05,0.9999005200180257,0.5198882785025143,0.5020262327415138,0.5530163449855136
0.001645536915741485,0.00011920463686838296,0.00010768163586655368,2.155196099150243e-05,0.4524470665424842,0.9017015136093932,0.0010560657371714499,0.00023104497170541366,8.18385991118878e-06,0.0005233398649739709,0.0003302463883971499,5.164310964668071e-06,0.00014685335279680033,0.0006664147216547775,0.7039320293379253,0.9976733413192447,0.008297678428150046,0.041857879651220835,0.04603711443876762,0.5411037443399419,0.5741347652152919,0.45922183709657405
1.2266060453064572e-05,0.0015640264999158856,0.5762409343203744,0.0005148252012683347,0.002413747664935308,0.5737005569562981,0.0004611786989541651,0.0003160299766111438,0.5816142592567689,2.4588980402986482e-05,1.5611991859884817e-05,0.3939414963651369,0.000248112454567434,0.00035946430320934336,0.4957879072784185,0.002643246131202378,0.0005637774910269627,0.9982871955058304,0.9949832374586238,0.4593482982564123,0.5112504875202029,0.530013475192189
0.012435081165067951,0.5731729995555064,0.0012410802311875406,0.5812649107528418,0.00769665001075382,0.00021013827470868864,0.5825315902210507,0.000323731689485001,0.0003593806077221498,0.008237369192102441,0.0052284297903711086,0.0002281114643065943,0.0002062261956575269,0.3945254975836092,0.0001638517705617492,0.006001381145260165,0.5043846357142043,0.0013903282361331206,0.9861906010965241,0.4600685546061524,0.5256393322335149,0.5274072857834741
6.0111920555739215e-05,0.0020139622022094235,0.8879576888009725,0.0008550261249387071,0.0009306681919437381,0.4465156892097647,0.0019667536424608704,0.0002859606585738598,0.00038871768983183663,7.043662810808055e-05,4.479975317404313e-05,0.0002472357566240675,0.0001831961615309351,0.0012509115399152876,0.29437655402767277,0.0006613863938814519,0.0006076306156198585,0.9985442123572016,0.9812262149458857,0.5175700055477294,0.5248954344147936,0.4998519606797806
0.0022481005658943425,0.4448902282718687,0.002156001830572404,0.8967985421743948,0.0009108405215616032,0.001416120904744743,0.001013262560051354,0.000893769757248776,0.00033649046416573926,6.19886038765399e-06,3.942004103826705e-06,0.00021398236654520167,0.0005683697482668617,0.000644358385211654,0.0009005464440739208,0.0005792265691081689,0.706822471063638,0.003085087151301051,0.9967830871566296,0.5183441038801063,0.4726338217112022,0.4970511207428133
0.0042278087712748595,1.9613734581258977e-05,0.9308001919713828,0.0013335873742775105,0.0004596840466676049,0.0004908513223519455,0.00021934410304144317,0.472762469462163,8.347077587361376e-06,0.00163191929452068,0.0009874584190023082,5.0507385595216465e-06,0.2978450371660266,0.00014870284394910197,0.0003327696251449181,0.00031163788882647555,0.0009040902781936538,0.9971337461596667,0.0029533987740945735,0.720654261529715,0.4970465884694002,0.5584001137644266
0.579187642113526,0.00010774297104115166,0.5692879813390148,0.0006969844796151641,0.5781656127818551,0.0013404626806322187,0.0006033815342750325,0.0008302202515533767,0.0016984484550042593,4.689722035812799e-05,2.964888313060517e-05,0.001073774119284805,0.0005586726473016095,0.0003814584256221136,0.0008628853795282416,0.38933112748577925,0.0005381751587406911,0.4964579734818605,0.00012101344460053488,0.47673611990634807,0.43329095336409784,0.45545619928795256
0.0009800463828426374,0.45289611513154177,0.9006887354764616,0.0006264537357891537,0.001029093271962183,0.002507402136231901,0.001887462091815634,0.00027199979260323325,1.5226205382901925e-05,1.4045491051987874e-05,8.807101816252734e-06,9.547458369513239e-06,0.00017055480622826075,0.0011835172538028982,0.0015722488523998313,0.0006452832878276522,0.0003928111892463356,0.705636095344554,0.9986223856830072,0.6005697713167952,0.5708458654985276,0.5119323733624586
0.8993417586339878,0.006919375740357523,0.0007596539858605479,0.0014522630701390528,0.0016687322970590748,7.68648293557813e-05,0.00011837863323350395,0.4477542005023472,1.8210887260628612e-05,0.0004536640659096534,0.00028747070110531514,1.1539589044286139e-05,0.29407244768038987,8.379438985351047e-05,5.440881776483974e-05,0.0011812068860306557,0.001027979067511188,0.0005424806992368081,0.00489794091049639,0.5517051203326092,0.5437354349011044,0.491168236597129
0.5729906108700973,3.822687328094675e-05,0.5716361004513923,0.002273747652645842,0.002409556797651489,0.00027762614979401254,0.5840186186321967,0.0004150553021857873,0.0003204691445355068,2.7801480264779186e-05,1.76814770735649e-05,0.000203815308725814,0.0002649248458372036,0.39658803551545707,0.00021740614441051768,0.0018868888459354126,0.0017805434359731626,0.502050904470794,4.247188320161133e-05,0.5068618713086478,0.5296039852037192,0.5081222173724675
0.5771514595409749,0.0027441300783341838,0.0024556769010812374,5.342634483229188e-05,0.00027341274717760993,0.0014632723900626715,0.580682206368935,0.00042255068258085593,6.344224521066851e-05,0.5871695103115591,0.39607985864913353,4.9331116103507294e-05,0.0003297519266934352,0.5019342484636602,0.0016140117060996389,0.000301577030185068,5.892971207883778e-05,0.002732625126085854,0.003026856769212883,0.46946592464809056,0.5802162305551855,0.48801780535270134
0.8954551854291238,0.008149622719080367,0.002392121214865333,0.0011987497730134619,0.003131408002625657,0.0001060207100302355,0.44827664742581286,0.0004364043962126393,0.00013615832378896026,2.5468226532118538e-06,1.6128930628635262e-06,8.622842653930839e-05,0.00028860030735086944,0.29425507793987915,7.548996370351401e-05,0.0022155502797840615,0.0008481533318334268,0.0017236079016156314,0.005963960530675888,0.5011136923837386,0.5248478740708259,0.5680398586317484
0.00019939547702512589,4.275451030991048e-07,1.4565440114438e-06,5.640992624499077e-06,0.9226070468932521,0.00011548244879167333,0.45981796932572394,0.00024702474894761783,0.0002422799916392994,0.00012016506123357873,7.421102138458087e-05,0.00014962621955328845,0.00015310759993033388,0.294348152970639,7.96860454698725e-05,0.9998623529101865,0.018004836807649027,0.004691434481940988,0.001365042633353773,0.6694637280429002,0.5102786649552452,0.45513102597619004
0.5812592545617329,0.000556735812819219,0.0023206333838484703,0.001644437508582832,0.5815759491732535,0.00019858291246841044,5.705626158265986e-05,0.0006885137188578026,0.00042522291827596346,0.5814345107014233,0.39001927172946954,0.00032723676574972346,0.0005639767215268633,4.3907931769570556e-05,0.0001556053590760423,0.49632010642131463,0.0017794043704273677,0.0025572239116431472,0.0006230789906076506,0.5519780290283639,0.5809160419077786,0.5434573142404036
0.0003794577983745913,0.9057434215935048,0.00047735125117268236,0.45131541623445254,0.0008628401276706094,0.0001723028249529523,0.0004078514746151558,0.0004169354676921372,0.0001771787146979875,0.0033681927067881023,0.002090900393413798,0.00010998898311039701,0.0002651979996222901,0.0002531846964481463,0.00010764097698036794,0.0005356277092846689,0.29010163556638646,0.0003329202338762105,0.9997364163221311,0.4108699227199731,0.38482189345510964,0.43434429431363397
7.000570080524538e-05,0.004057570039745113,0.5704342460204558,0.0004610586542455927,0.5877846489919093,0.5767176276481066,0.0005834322070458168,0.00016658415106140587,1.3158607390418397e-05,0.00012435146641795157,7.879952511845659e-05,8.338399416827846e-06,0.00010499399169988047,0.00036971211759550496,0.3892633274022899,0.5067230998608836,0.0005100234327649676,0.995510775263676,0.989017403672992,0.4746399021856464,0.5606442920334924,0.4823329623003611
0.0008270986551294696,0.5837498164058513,0.000707187220855572,0.5814453243201492,0.5793003160102205,0.003364687210831994,0.0031455288162262826,0.00251169432180578,0.0009515908840091562,0.0005124793838693706,0.00032392301664874493,0.0006014723741132364,0.0015990642870802854,0.001988202546221166,0.0021267410655992913,0.39012370778712757,0.4987391571432118,0.0007780578363930837,0.9990936377567119,0.42462131862023483,0.5076679180614326,0.4618296685835393
6.434072659422088e-06,0.0025337236059712323,3.22909384918006e-05,0.5917132200410126,5.590710924947339e-05,0.00022588111516037994,3.4998896184269783e-06,0.5875838037170686,0.5869126132770859,0.001460942106754432,0.0009109762359267522,0.38989266597773453,0.49891835508801863,3.765498117953381e-06,0.00024302356877419238,6.014957768787151e-05,0.9972737516952526,0.008184689015620469,0.998383388036213,0.37966947633735926,0.43744556085262176,0.5506126023464631
0.00039643952586598797,0.5781541434545405,0.0025510636821548965,8.639871907198484e-05,0.00021587705319987762,0.001922856534302485,0.5764116224443451,0.00042135497863062915,4.0132461708442266e-05,0.5861453689878684,0.3964079495457612,3.1294561852217165e-05,0.0003297519266934352,0.49903459002767026,0.0021172798552223423,0.00023770402094952135,9.5134205216626e-05,0.002833875516223001,0.9995634708637289,0.47595907355215283,0.5181346638062367,0.4357790511657431
0.00018705358124863132,1.196770934733037e-06,0.00018412933071123842,0.00018333101564040914,4.324223787499538e-05,4.190537079370557e-06,0.5956569145870414,0.00011562265719942013,0.5970847574948046,0.5914763428137942,0.3893565641841734,0.5007620506681361,0.00012357391671499127,0.9996546836978162,0.008257123850487678,0.08546670868372014,0.38814413036194306,0.49497817647057196,0.004073044949835578,0.6606865435254785,0.565588291546353,0.5022507153163476
0.5804125031801202,0.5758774247490853,0.006602565861793065,0.0009542606649436518,0.0007646690673211916,0.0010378147269358986,0.5771342461283464,0.0008852102999925864,0.0030097302506627405,8.217904662540574e-05,5.2273727096482814e-05,0.0019144785162858186,0.0005671577772450228,0.39128917483100184,0.0008080366946226962,0.0005953628760513585,0.0007429765875411798,0.005186257393815216,0.49750343595799007,0.5209487878597964,0.519272097779074,0.4962801598888769
0.44924523016457757,0.004244786271864278,0.00013809928268154246,9.017277787657585e-05,0.00036932003523438114,0.006566521567548186,0.0005881864014780613,0.8915523250851156,0.00045172924671079654,3.1065192331922085e-05,1.9695161063469213e-05,0.00028639380189261657,0.7046577936848443,0.0008333860694531969,0.009304286858175526,0.0005233331372616991,0.0001277763767125184,0.00019742164821702664,0.006015060088267243,0.4521676282481773,0.46229749911459084,0.5207709101866669
0.0018753007083411124,0.8324394998726392,0.0004845905142223494,0.0028742904543021873,0.0013812301462263132,0.001948870263879872,0.000884169240099754,0.000692018479114872,8.31779930406609e-05,0.42661775801557156,0.28310392803783124,5.819939267059102e-05,0.0005250609486067118,0.0006258212415872948,0.0014169704806188323,0.0009863622681099493,0.0021856586954213265,0.00036883245289188625,0.9986476257741645,0.4683194515819154,0.5630378351368904,0.5577551023381959
2.4384982772862133e-05,0.0013007429865669665,0.0007502583391069749,0.6058983173780801,0.0020509790581785844,0.0011284902989650378,0.6096654021847292,0.5952329786715855,0.0001419226485465335,5.063525257253483e-06,3.058604341008955e-06,8.572780255651109e-05,0.3928661192873486,0.5019734480053336,0.001193243244956626,0.002154955559511601,0.9983741546647444,0.3287607281063972,0.9884073735752075,0.45156617432881646,0.6167356274033192,0.6948132172314694
0.004593719351725268,0.5829243736147279,0.006302896156264176,0.00041134852987661575,0.0024122190864738434,0.5753174686216062,0.0004624776868865396,0.0003192157647401043,0.578271210959583,2.5789589963631316e-05,1.637519130779988e-05,0.3913646386613491,0.000248112454567434,0.00035946430320934336,0.4957879072784185,0.002634152594606495,0.0004491957474748726,0.006943902030580984,0.9949832374586238,0.4593482982564123,0.5112504875202029,0.5290698128114011
4.2022943283249144e-05,0.8541357114995896,0.0007097303426830034,0.0008220685983197814,0.00020175658612957157,0.4377393490812809,0.0003857912623416698,0.0001343688472326942,0.000519578455850649,0.0004641492944636375,0.0002942935876410802,0.0003294605695249585,9.242579682135091e-05,0.0002475562484151074,0.29281770795833406,0.00014275481061236622,0.0005917967986823563,0.0005162008826823668,0.999969333351036,0.5251166260704122,0.5082725669869801,0.4420813787272267
0.00452613125289077,0.4373237224713015,0.0017425143805447814,0.0004198131422950084,0.0005043966299716067,4.324831915429762e-05,8.438723094757267e-05,0.8735894274958189,0.0003362154572532216,9.760400633557052e-05,6.195657985185514e-05,0.00021342099471857669,0.7021075224767674,0.00011876281144040989,6.125235018770504e-05,0.000709856218326624,0.0005908193307522786,0.0024973944353833943,0.9935995816449325,0.45628488522586474,0.4699438903731959,0.49041593842204645
0.013903262515521474,0.7421284845365591,0.0037677856995241396,0.003294937856630899,0.0001432092556715728,0.0022206523613730223,8.917562310105323e-05,0.3799498978954857,0.00025672622501675857,0.0004200917172305738,0.00031265985621798363,0.00016200813651427682,0.2645720944195308,8.882427715747117e-05,0.0016232374708876193,0.00011902054129102422,0.0029017106637096446,0.00297451704869514,0.9874355924550038,0.6056758071665703,0.5074629862512521,0.4773535394136224
0.4498890014383721,0.0004923486509742864,0.0006409856954172424,0.004089296928959949,0.0001247321323147317,0.00045417917923934437,3.4311020339705292e-06,0.0005275807178201788,6.142518362606246e-05,0.8925444571482638,0.7015383143895327,8.650264691287775e-05,0.000761264713861438,4.831862877182746e-06,0.0006436622754761888,0.00017565347602689713,0.005758830079161333,0.0009106881154585931,0.0007049644234312646,0.5222643874860481,0.5008955398219879,0.5008118271132553
3.07694303881974e-06,7.874962412483879e-08,0.0003195877519597139,3.291753669260024e-07,0.4472741902597504,5.462110661328874e-05,6.720982911810843e-05,0.00011869131159367944,0.9028880601363578,9.835312080088875e-05,6.170074303990265e-05,0.6857421218658072,0.0001687333115897147,8.914181772405497e-05,7.442617292065061e-05,0.9995442457951522,0.0006744717730508823,0.994190573850338,0.017274820031599414,0.41535708621810274,0.4333159174927308,0.6169490764784089
0.00010992026001566836,3.0212470083859813e-06,0.002131194781166006,0.0022172436452980076,0.9437174816459458,0.4711575564151001,0.0011746164357799365,0.00013601482860349927,7.85656455847505e-05,0.0009366030154152893,0.0005652854349698445,4.741819217937491e-05,8.238813770984811e-05,0.00070893782330248,0.29478907719093306,0.9979152147164554,0.5093761056851489,0.9674692258562847,0.01749360854204149,0.4224899528470419,0.5192660344997595,0.7200356913942484
0.002097024712406845,0.002202588519736371,0.4464489589829158,0.0024927408541835314,0.0018157588170482767,5.2679499888046635e-05,7.068198462369933e-05,0.00010774055616542067,0.905355064366345,9.758784303551476e-05,6.120686909282411e-05,0.701330297336787,0.00016214139566782384,9.923721102506858e-05,7.442617292065061e-05,0.002518745056787841,0.003518115418478074,0.9955999135091276,0.5223385303113484,0.46345547878044147,0.5031467996193373,0.6169490764784089
0.00016191556405273374,0.009800736016817331,0.5692226032184887,0.003067421527792392,0.000507679196835008,0.0011918299448321545,0.00030666778588019837,0.5819299002326022,0.5836060045959435,0.0024040154076475223,0.0015216629734265362,0.39409708542362815,0.5053194602257052,0.0003399141592491683,0.0013210404553347667,0.0005496747543459698,0.0033999716223106365,0.9891344791437584,0.9894836004492025,0.4990945735280678,0.563548886053047,0.5416195247475412
0.0003705190004784201,1.1564886844930034e-05,0.5848492194593923,0.589477626030208,0.0007187510388887479,2.6913723076040322e-05,0.5853142613144899,0.00040820997206289836,0.00041730484794176207,0.0033409661161815105,0.0020874215907875893,0.0002607312571882577,0.00025504840315784745,0.38956442537800473,2.054338644353205e-05,0.0005486232670229163,0.49970262082058603,0.9996000257634562,0.019864145354795637,0.4114129280880738,0.5911124834768492,0.5526992774662214
0.001571313739066843,0.0015352674680066698,5.078042843374058e-06,0.00014598744582574813,0.5820889328491742,1.6316336883738166e-06,0.0003682702665895921,0.5700095800009717,0.5727665477238361,0.0033385475592239084,0.0021169390910620333,0.3864949290023171,0.5010709010078475,0.0004027724601110358,1.7958316327192515e-06,0.9975457689340884,0.04144535310244937,0.0014702192620206765,0.5018340698432391,0.458724200362044,0.514224659254669,0.4543307769184733
0.918614210220412,0.004108785537868703,0.000169418732793352,0.00018497781976126008,0.00019687733294817256,0.4605055425303407,0.0007484646623211489,0.0019085787127743556,0.00024140106060491012,0.0007465454022194226,0.00046250614837552975,0.00014955484628281445,0.0011866913568713373,0.0004636957215506648,0.29582918735282393,0.00013327631264563905,0.00012819177234750338,0.00011844880965947049,0.002847481985757355,0.6559065798475623,0.5230597240498185,0.5524312584524776
0.001870468759337137,0.5879711299944513,0.0003346170087678388,0.003905574691114071,0.5749787135356224,1.2900890608148248e-05,6.27289966569554e-05,0.0022024500343675473,0.5707711751741588,9.810316161104878e-05,6.238861830602614e-05,0.38624533232950886,0.0016957636077207631,4.8559153197728206e-05,9.986697507860087e-06,0.49287819294378266,0.004228607373188469,0.00036550769827291296,0.9979747729611707,0.5033561247465539,0.519818187959623,0.4744938721934482
0.44304891982258465,0.0013046331517893618,0.0020821624438538753,0.0019257689410223558,0.8969296470759947,0.0012315432235201703,0.001211993048917953,0.00043273102063828606,7.78927690596449e-05,9.380637653752927e-05,5.963932068138539e-05,4.952190842055639e-05,0.00027710950061205603,0.0007705482654296056,0.0007829795890272476,0.7066893105384832,0.0027537858430987106,0.0030038020606477644,0.0018656242978075527,0.5215807339222793,0.4755150936929042,0.4835475429872594
1.1764993118680528e-05,0.00043804177624099825,1.1983932772455875e-07,0.5832570507381897,0.0007465141486549593,0.5807391598698273,0.5842902115971855,0.00021973828182541763,0.0015976518156685705,0.0005405236480782808,0.0003409117957409438,0.001007649838604093,0.00013909121779505368,0.3930070506828045,0.49862520900689117,0.0008148140094703599,0.9995217060821027,0.00017564400004256922,0.9829056831384586,0.562018434543995,0.5743091728416658,0.5027367072259787
4.552799855631106e-06,4.54349574068989e-06,0.0009310848453368757,0.9980844857204112,7.773360200457372e-05,6.648628987345498e-05,0.00043463556114857623,3.0296829112527873e-05,0.00036584751895600326,3.3333756055442995e-07,2.0897727524577664e-07,0.0002293580808329821,2.0216882487441044e-05,0.00027576291590978013,4.2447389039369115e-05,4.8731543226717506e-05,0.999399985474855,0.9955812390392099,0.5002147550804865,0.5754177252010708,0.5957060800505986,0.47513402768991625
0.44897398682047907,0.002715355221270323,0.005051876591038283,0.9098147402418755,0.0010194009034869883,0.001462720489066729,0.001027882048633254,0.005358090483149166,0.0003413495595486236,4.915461694628788e-05,3.0813642984840696e-05,0.00021398236654520167,0.003383170504838249,0.000644358385211654,0.0009169519716154246,0.0006390389329187603,0.7069227091967839,0.007191486767954891,0.0038316773609406996,0.3844364471907307,0.5183397677358254,0.45688491410407767
0.0020801668152901813,0.6021412092923972,0.0006060911749385644,0.0002553636879073317,0.0010667900324080625,0.599594479527268,6.151664377617039e-05,0.0010642516702625232,0.0033129551676605363,0.5872665349128383,0.38497782709504424,0.0024819716014485914,0.0007973099758251857,4.60867861638225e-05,0.4986488308983098,0.0011278610307290126,0.0002699822691280291,0.0006464623330776807,0.9978007308792504,0.6792944295389897,0.5066399641922785,0.47243710854823673
0.5784244789831029,0.00010540480872896678,0.0035800564086943556,0.5852652277683423,0.00136617887466859,0.0005326740035761244,0.00039184861762547933,0.0002970612971593275,0.0003014022100807275,0.5838225052354231,0.3928386179439185,0.00023318167435943754,0.00023148733160499555,0.0003031556787483581,0.00041210672767441874,0.0010569457714339568,0.5037345649721299,0.003975060831210613,0.00011600969800788547,0.4597266286474483,0.5815923817737271,0.5257663492877529
0.5850166092673131,0.5762736517021497,2.8637960130572802e-05,1.8389635752060713e-05,0.0035083946644990623,8.195030038810061e-05,0.003103060004721791,0.0010426074280343114,0.00024263031470049946,0.5720212128449887,0.38660388247672606,0.000187636653460309,0.0008121321525704349,0.0023997363263412513,6.337627387662968e-05,0.002713204925458436,1.4221635884159589e-05,2.2343175943321733e-05,0.49367455804099325,0.4978987294032755,0.5442580734699004,0.5216864247048141
0.5799171290812812,0.003411898820606977,0.00027625423324490226,0.0006496873836078675,0.00038305124378240374,0.00015291788749697923,0.5816679016050693,0.00048011248513046357,0.5807602745405697,0.0002638856208599914,0.00016673761867856245,0.39109635632557893,0.00038766403768814397,0.49943919237401024,0.0001681318512449952,0.0004184958828042387,0.0007098080135117893,0.0003073649028477129,0.003855482312411951,0.5660170179951057,0.522889198282308,0.5515533555776018
0.5818965224196992,0.00035139004194599657,0.0007990210547619013,0.5746425867331816,5.83786266765153e-05,0.0005896352452612355,0.0005596577399977355,0.00028759265792223073,0.5796704564611901,6.917342385990171e-05,4.3859786447093065e-05,0.3918149563631771,0.0002249459217910976,0.00043459937109985785,0.00045787914354953284,4.533337602068341e-05,0.4944728493720456,0.000877658533865068,0.00038258887764298834,0.5449190577060515,0.4662070493873832,0.5297427822592562
1.554772616919838e-05,1.1018402090640552e-06,3.115166549715596e-07,6.533521630715434e-08,0.0014469754811239335,2.0022078832395492e-05,8.139727139079225e-06,0.4519995620941828,0.000262049060019107,0.9044317518042229,0.7040342537824986,0.0003677530980690874,0.9979690163299298,0.00358063471284667,0.008808017046485067,0.9931411574095577,0.0026679602817889932,0.012834350628791846,0.04504084238651945,0.4795344387306018,0.5894583646352904,0.5583023069288711
4.226202136605277e-06,2.6087220756029656e-07,0.00012356306885454678,9.07753239196116e-08,2.9754515699102883e-07,0.901285528409798,0.00021435142504143967,0.00038951989170207433,0.00032123309236533893,0.45122900424076334,0.2954983733796687,0.0002269017701069667,0.0002761298741189446,0.00015140621923287245,0.9999118985269173,0.0015186756364499177,0.00046331902212223743,0.9783840417937343,0.03924705839188682,0.4277022644522137,0.5001023286103098,0.4480063523422326
1.008192733326253e-06,1.8617100441123863e-08,0.0001646906645411296,0.5814572046491443,0.5814943861382137,0.0006834759681921704,0.0016277640609787493,0.5809168835816942,0.007260992055547567,7.855649560930866e-05,4.961085634539738e-05,0.004585580168252085,0.39262206178709325,0.0012601641673220094,0.0005291269840666253,0.500020837980804,0.9998180852239127,0.9961363540732127,0.011754370367188738,0.42418777023379967,0.5424665369944575,0.522517865282494
2.5084509636846795e-05,8.903852084939414e-07,0.5996897632755438,0.0005346241478596784,0.5928048854191831,0.00204835324780055,0.00019382447435884793,0.0002126818796958682,0.5999435571754551,0.0034746941233674195,0.0021374891942453006,0.393677134931432,0.0001605685717345558,0.0001463317890245528,0.0015464481271454116,0.4963243844804365,0.0005675471446898871,0.999973353969547,0.022587603245327603,0.38140895680839665,0.5374726005745671,0.6393575968897639
4.846580031179288e-06,0.0011007162172950906,1.709008762165967e-05,0.8976810069739164,0.00020129453833446422,0.44290342809461,0.00038924574894759234,0.0066898744298105215,0.0005157983156613882,0.0003594180460732222,0.00022858098874776084,0.00032803500147633567,0.004254620201260412,0.0002475562484151074,0.2917918427122535,0.00014275481061236622,0.9992192831667022,0.009970927452897071,0.9971969069952866,0.5029183630905237,0.46831211939974793,0.5008896277653694
5.452621926337122e-05,0.000523200837710035,6.391074561289543e-06,1.7380318975408142e-05,8.515521620353212e-07,1.018760376882582e-05,0.5758571368298478,0.5773226898492634,0.5787820047030976,5.178084050732251e-06,3.2886788264308946e-06,0.3918760932152948,0.5031057081943546,0.9994083576071391,0.012119511055554977,0.0010131496731331665,0.020682189620270103,0.00767542313673629,0.9346603631645529,0.5173697071110988,0.545462744252241,0.5008548921934077
0.00022852248389318812,0.5772438588434812,0.002336090651767697,0.5840729908879027,0.00012133567755852681,0.0034407927826011694,0.008241766500428025,0.5772255760322094,0.0027618325179503606,0.0034127696872872358,0.0021618046605916645,0.0017494799645310002,0.39110694063807117,0.0063890886597848745,0.0026674319701749283,9.406389301716436e-05,0.5037389608003171,0.002599165928040342,0.9997479715371937,0.5447320403495126,0.5047391245745481,0.4453269203474744
0.0012033575254691738,2.2762952110446016e-05,0.8881319722179385,0.00012915624678611198,0.450400480163389,5.855041744414248e-05,0.0011779072623076573,0.00013569522143677733,0.0018973025299857385,1.707940381990166e-06,1.0761412348425886e-06,0.0011954538105265903,8.928174513943065e-05,0.0007421707964646029,3.712571133217344e-05,0.2941366765447083,9.090943772094322e-05,0.9991487831558096,0.01239460939871509,0.5852619847700655,0.5123436940460853,0.5543624025437514
8.275891778652642e-06,0.0004231042024212165,0.45803012990841724,0.00045099352792645343,0.0008846590010813275,0.9245965777638739,0.0012512879754182026,2.5424120003997793e-05,0.00026324846437216474,9.44462967705694e-05,5.787592964347647e-05,0.00016131641479687545,1.596328987441326e-05,0.0007667747829691967,0.7065616696855568,0.0012188101132817946,0.0006213443302770629,0.9994072287273954,0.9876952265579133,0.6741886539808882,0.5857629469528146,0.5344539541523753
0.00011374553111563916,0.0039211032234414385,1.4045353106849978e-05,0.4490702168465064,0.0005923887650408548,0.00013738341511911566,0.8946359139821315,0.0017230060275372871,0.0016891226928916101,0.0011862649746588797,0.0007544351444286427,0.0010742390323650282,0.0011663536186246907,0.7038265739300933,0.00019830200526678053,0.0008397515386731071,0.9942486218295936,0.0022443906876279396,0.9819321814969899,0.5153087948076566,0.5040600644368188,0.47238025535005995
0.44636173773946863,0.9026863831454148,0.003208128073750633,0.0009192506464088501,0.00524286521800497,0.002780051525072094,3.626438906239775e-05,0.0002324935734368779,0.00011754652652595245,6.021681848215269e-05,3.806733652104272e-05,7.43095168350235e-05,0.00014750668819131133,2.2925282034974342e-05,0.0017574706941153356,0.003314393417380509,0.0005811290881088949,0.002046067125001716,0.7076495735831969,0.5433067335824682,0.4696082864162041,0.4349008833413795
0.5787666976226379,0.0007509891190668938,0.5673008523488868,0.000692469343709067,0.0001121164810177635,0.0012014455197662574,0.0004999572388227707,0.5800617344236226,0.0005384014039224846,0.00034808954265391236,0.00022144253896941077,0.00034251236020595274,0.3952572163757651,0.00039103232650559646,0.0009396897045707666,8.768942333039993e-05,0.0005415987884713705,0.49643479748178854,0.0008260571878233342,0.5018697769198411,0.5054123822010176,0.473896457968594
0.00040092526957843564,0.4506526080023649,0.00020602830374289873,0.0006185291278585204,0.8990079487451059,0.0012368337411348834,9.933796065881278e-05,0.00022701224545339704,0.0003392027406899891,9.409735733550033e-05,5.956846300954104e-05,0.00021473277173551325,0.00014371042771543725,6.288603970175388e-05,0.0007829795890272476,0.7041820185736447,0.0008737715511810911,0.0002910482008905582,0.9994336282937581,0.4836139139045967,0.5274358495947296,0.567937960868927
0.0003180418611250197,0.5798274148379422,0.00027748963365824427,0.008198018631230592,0.0004883900147691959,0.00016831896913470964,0.5788639841444093,0.0013977787181145345,0.5779668773908714,0.007060214874208982,0.004482517209823369,0.39109635632557893,0.0010860328928592716,0.49943919237401024,0.0001847870390710672,0.0005361702463229615,0.009000329245660792,0.0003073649028477129,0.9996508067918757,0.4821711256507893,0.522889198282308,0.5433380496496674
0.0026652287179451772,0.5925455030812941,0.5819734305205019,0.002409540144392237,0.00029279597066377233,0.0022351393496900097,0.5928571467741294,0.002641053772858126,0.000485927610994526,0.0001593474375522841,9.912537489326014e-05,0.00030228128252108514,0.001654819338282154,0.39335525527457393,0.0017058126055801942,0.0002234547221155394,0.001838903255518038,0.4970703089628994,0.9971365503291572,0.5018992291421475,0.3470803463348901,0.4997169822405832
0.015221826475997235,3.353425217067337e-05,5.336061963703576e-05,0.00010258932526565241,0.9108425233301158,0.0005285148447025943,0.0009040017197928851,0.45468428027382696,5.909261866429567e-05,0.0028532954568754286,0.0017828231599993638,3.692290341873494e-05,0.2956393490716549,0.0006317537066684985,0.00036934844263536437,0.98936154220091,0.0042904478462330855,0.002251424767222188,0.0014024952652129741,0.49324033573871606,0.5100643011341719,0.6368354477476217
0.0011031765825669567,0.5625271138921631,0.0003331151203151469,0.0006847480062965227,0.0028109132102325522,0.005493242595065669,0.5886267770969609,0.562963850516785,2.481803494272875e-05,0.003660479762796844,0.0023229739668379767,1.5749809849789674e-05,0.3900002505312699,0.5091420274986016,0.00615318997712714,0.0031288278406514823,0.0007622016594858001,0.00037407390310834066,0.9987661530995045,0.551815644016331,0.4799335049660207,0.49089085625237333
1.8667106077949703e-09,1.137171952922023e-06,4.637774482566879e-05,4.686209457760258e-05,0.003065157893553908,0.8958879561690081,0.44769702223841357,6.21882939645116e-07,0.00018339165607781608,0.00018778536269689058,0.00011936554588440328,0.00011657269343689633,3.9529853135931997e-07,0.29502534092606264,0.9978214056839264,0.986246343478002,0.5004066116284241,0.9845301716635138,0.9989549651916525,0.48449955907953013,0.46426209972057303,0.49683317957831924
0.0011019367531191569,0.6029594725363225,0.5983674534668393,9.985937787050535e-05,0.00017826830657716283,0.00012639336868123212,0.00016356898125500333,0.5983134061016732,0.00025787730167229467,0.0001229877483031096,7.50447852690816e-05,0.000157351810029467,0.3904139761657902,0.00012204643279906704,9.430805985460031e-05,0.00013301349946944174,7.45091768530404e-05,0.5003701872435931,0.9988365490966428,0.2947868398181588,0.5103029086501031,0.46667085494665994
1.4524080530906179e-06,8.644821835123217e-09,0.00019902484113676415,0.582629237966698,0.0002010384715978577,0.5739662442630329,0.0009890324700670514,0.5781958663551626,0.000323184517136882,0.0004432620536591034,0.00028105920121526966,0.00020492159924400798,0.3939337596859915,0.0007698619921437011,0.49523440704161803,0.00021966827276300176,0.9997806018373743,0.9953726952029771,0.0037709521711229432,0.5537084323537351,0.530726185831857,0.48612530396875664
0.9036313610377249,0.0012195014466207085,1.3384465003448127e-05,0.004928065087992757,0.46357905160694973,0.00023581458175679743,0.003844862794677168,0.0023667542718172722,0.0024603697012222474,8.523487731159067e-05,5.342729587752126e-05,0.0015422207780090814,0.0014942860448069698,0.0024100688528232994,0.00014781621890092074,0.3017574773573683,0.0034718299585228887,9.512957377943998e-06,0.0008591545646745622,0.42669444185696387,0.40671352859586934,0.5393827975395201
0.007586012742181885,0.00019757603000823207,0.6088999741973958,0.6137207448751266,0.6108686721379685,0.0002772811281734977,5.57237250489461e-05,0.0016704409341753005,0.0003279110951292664,0.00010992966438024878,6.591658957081822e-05,0.0001966235847692017,0.0010263005730350144,3.341319261779079e-05,0.00016626494642347665,0.3902794894995177,0.4996827118343176,0.9920980310607961,0.016773096631564455,0.5021131555222499,0.3709303022461522,0.7122093988558209
0.0008194343294817037,0.8862759017422397,9.614334327738206e-05,0.0009021611114459969,0.0021367225804450173,0.0006068107183629102,0.0010810529396292907,0.00042792313051040785,0.4473336200526308,0.0007603579519715153,0.00047458639649756095,0.28903610340109737,0.00031633994828841785,0.0007508036053421065,0.0004291171443068409,0.0014839602860024295,0.0006265604793880609,6.799874547188224e-05,0.9994239749465805,0.45839087061357486,0.3697016711283583,0.4646358949183439
0.0006522707624529279,0.0013165480292752622,0.00018186858716262726,2.554949886325169e-06,0.4621002564156739,0.0013070729711062215,5.176868887905065e-05,0.922644939264414,4.2929639197024325e-05,0.002384395047424003,0.0014710306353080682,2.648509394561439e-05,0.7044023427031536,7.1319729449906e-05,0.0018007065045458513,0.9979601097230986,0.0010984931060179833,0.07908968835792203,0.707159208913442,0.6515611676231341,0.4055881354799811,0.5037636040868979
0.00034222388647188993,0.00347570897880392,0.00043232187179650873,3.6818163616336916e-07,0.5714408222503009,0.00033435889600081183,0.5776650919889785,0.00044227310059815754,0.0003546711264750854,0.5811579347788367,0.39343365735586366,0.00027622545438626457,0.00037364271796409354,0.5072585191221568,0.00037930056826188357,0.9958724467808512,6.437523535443102e-05,0.07654337439582783,0.9388165954140983,0.4604749417297513,0.5189589637481213,0.5331008629891948
0.000790355933460723,1.9184437119888123e-06,0.5747174054134547,0.00021773556099119874,0.0011128151381409133,0.0006303551203950148,0.00038654952137681973,0.00016761826450027148,0.5807600690241038,0.5731310940924846,0.3881128968159326,0.5005242791494521,0.00018404301080112906,0.0004244278558014794,0.0006921244188901414,0.0012218552971686714,0.00023907031348199505,0.9991321924261879,0.0015452738153770226,0.474598210167422,0.4841733332546215,0.4915698535003564
0.0005035260435337338,6.0282851492179225e-05,2.7937136679840926e-07,2.5483274825893666e-06,1.0455573653281064e-07,0.44493936249476956,6.512242018704991e-05,0.00010581638901778715,0.8995636408194302,0.00010289423837738789,6.527041404263579e-05,0.7075800637076788,0.00015194905713823172,9.317709550885501e-05,0.9992744023593261,0.0001312527130491424,0.0031990189811170865,0.00035381463295119844,0.07585599770042091,0.4485803253377346,0.515405111728186,0.4734443058797651
1.9020576879485137e-05,0.001581884233090804,9.164175259100573e-06,1.952535045884253e-06,0.0017340911352213611,2.0448843785100352e-05,2.415627828049374e-05,1.3803111287560306e-06,0.4512668590577499,0.8994471523748818,0.7039560612529543,0.9966630656064692,0.000374184033318941,0.0065014787717841424,0.005503920209267765,0.5239168546373428,0.0007728036120101811,0.0036592545100013595,0.9924352075209812,0.4606758878925242,0.5254369122825502,0.5641320704011556
0.0006070080401498789,0.45847223039969165,0.0012872397089321985,0.001475263711694304,0.00025918832990765354,0.00013068702837683502,0.9157727165512295,0.00022947607848469967,0.0009433151690669297,0.00010556232103817688,6.561974971419377e-05,0.000586384484460764,0.00014316251362909667,0.7045047413074889,0.00018146633236593328,0.0003598952458537094,0.002048473941214533,0.0018032292062367308,0.9991571289202548,0.6069413234357608,0.40101711639334814,0.44619926335973636
0.5790246167287828,0.002812793539224041,0.002570798695115587,0.00011002525026711765,0.5831956682540628,0.5845326194754795,0.0005536015571351491,0.00027579755092544035,5.699744966282796e-05,0.0003169837886862704,0.0002000965516045741,3.5979737502343486e-05,0.00017409767768627202,0.00034946195997887414,0.3935853988042318,0.5022778339542537,0.00012096676052066361,0.0028264622416680303,0.0030925557315255917,0.5212198185751665,0.56286849733445,0.43595968769576804
0.005149796720395054,8.745123906324233e-05,0.574201542396468,0.5801134680071006,0.004825948594114485,0.000589659736585636,0.0016620119400443398,0.0002886447159132025,0.5796955382540382,6.91764248572673e-05,4.3859786447093065e-05,0.3918149563631771,0.0002249459217910976,0.0012905728415954572,0.00045787914354953284,0.003747414344324962,0.5004418037506495,0.9943398109462884,0.01080971857370519,0.5451349729672652,0.46585210686466516,0.5297427822592562
0.9969491930910146,0.0010860226842255784,0.00015341761615661893,0.0009303621157526387,3.374903789708791e-05,0.00011014821096097288,8.444466454403932e-05,0.0003095420452810688,6.340806644464337e-05,0.0002797124677226189,0.0001777579668752409,4.029597532126611e-05,0.00019813899677168846,5.3664704115653674e-05,6.99994642804374e-05,2.1447434680311886e-05,0.0005912425494956446,9.835929728451879e-05,0.0006901673416307829,0.5114258519799111,0.5202110419198009,0.5349156312950886
0.0016416886899538496,0.0032792613523821494,0.9055458346055434,0.0008616347507556498,0.00017522767695290272,0.0025775025401972296,0.00017842083238932038,1.1970175786422706e-05,0.45928192683603436,6.114256143610163e-05,3.806733652104272e-05,0.29655847101558325,8.401818218450137e-06,0.00012433245651134994,0.0017961367012990707,0.00012210707304030123,0.0006004281516662113,0.9974444658678595,0.7045134638260491,0.647336257962799,0.47237598007943293,0.49309756379608766
0.003685994382420647,5.2920987296537405e-06,4.591343392973508e-06,0.44680324418995127,0.0012991956819691196,0.0002352220672853698,0.001490064419369258,0.00013049390104343073,4.105982406292321e-06,0.8953718995759248,0.7009179198126818,5.800917937514037e-06,0.00019825405838281337,0.002111827303848443,0.0003354286922690585,0.0018193641351368739,0.9946761695647275,0.0007903642654566996,0.0009335265978319685,0.5251386183807366,0.5097613838305417,0.5586122160936728
0.00020629118591538248,0.0002613892369333346,8.146804452208696e-06,8.064268702668932e-06,0.5831337628806335,0.5801712536001228,0.00042167408253766895,0.0020768200805775395,0.5850451516780414,9.525102445153325e-05,6.0073034190850284e-05,0.39357267771133575,0.0016189471767196096,0.00032634567848204986,0.4983811506272421,0.9996362518677672,0.015409845803580742,0.015710055673601727,0.5746571864917895,0.5072104707427524,0.5103363730551544,0.5962145015974023
0.00018086320424520752,0.5548142964415647,0.00030087461782047037,0.5777169617089793,0.0006990661257422983,0.000913657645329467,0.007532435896767498,0.002001908065848795,0.5659371923503475,0.007005682735994441,0.004560905064487808,0.3801855545393786,0.0016613157614889158,0.0058313758403870965,0.0007196487676161011,0.0005347534107106311,0.5043708254854227,0.0003401358127658096,0.9997968058698742,0.45763336319061176,0.5227843307068607,0.4357056586175044
0.0022066527960126173,0.6059246222884118,0.005779965724499473,0.0004703069404900383,0.0013838152862003853,0.0011975515838559408,1.3708019928683867e-06,0.000307004733596454,0.6014034512397369,0.5948196752513536,0.3873976988360075,0.4975982356649443,0.0003237043030147732,1.4401632339500043e-06,0.0012581484234276139,0.0014538304726416083,0.0004941026144711876,0.0061262745837167565,0.9976815726968995,0.6053882145250102,0.3707794548389319,0.38723713853739544
0.5736813069122824,0.0005541461271680981,0.5710778970912275,0.001046823350352375,0.000426370154349289,0.0026974306333384765,0.00025990241190805585,0.00017384480069789068,0.00022885452954052521,0.5822435212227619,0.3956380525332391,0.00017919432044868067,0.00013612119208263144,0.0002035049919422811,0.002112106685213551,0.00033385001678791384,0.0008196664490824463,0.5013563045140524,0.0006149409630035654,0.5025900105314447,0.4955979253107383,0.5000466807085651
2.467006227160271e-07,3.4153972328394614e-06,6.04777616201449e-08,1.0236647876475397e-09,1.0888985890127951e-08,0.8924242235419073,0.002610383848356477,0.00019706327695035111,0.44746794634968334,0.0011874494761260654,0.0007533981990006254,0.29427178245318564,0.0001431294039771156,0.0018503851318779389,0.9999975318717926,0.0019909334192712473,0.00018716721163320534,0.011156132776733274,0.954631628660114,0.469206513336334,0.5066238424324341,0.5489922115399248
0.5762257308258938,0.0026687123554106425,0.004128370232341371,0.0010745058233347588,0.001899380874929664,0.0006438426498962864,0.00010205779360984252,0.0002849682989341927,0.5749072837269523,0.5844103155216508,0.39567869873479455,0.49772531075987436,0.00031557926740853083,0.000112208129961479,0.0007078785097835627,0.0020882798169542037,0.0011813724927028963,0.004579176247536429,0.002934234020143974,0.5456268154972733,0.5166661386109284,0.5360360407531901
2.7790328916554197e-05,0.003813215813636474,0.0038375266829879925,0.003878066666755436,0.5821057011980885,8.715244645698654e-05,0.0003297611568831189,0.000446317192208605,0.583460778299668,0.5780107681837421,0.3893565641841734,0.500727155999334,0.000519526007433952,0.00036062370278367025,9.704594888015894e-05,0.9925934995167024,0.38814413036194306,0.4970838264714077,0.9954929096937091,0.5238790540401707,0.5660355005771457,0.5417640740908957
0.43796163843602454,0.0012934725729833185,0.0009365226369569659,0.0003213182178262575,0.0015263065952183597,0.8916736968430851,0.0001518311351366018,0.002744653268034792,0.002898181839606377,0.0009616394877424415,0.0006059249557316076,0.0018261314148906257,0.0018407666545983594,9.566746700196023e-05,0.7108470277482445,0.0021919416952402,0.00046145379378159494,0.001369664518080501,0.0019212496533120849,0.5228267328615095,0.5937526176894582,0.5323040026218162
0.0015034081130471568,0.5640508683999663,0.5718224356641257,0.0024115160984263537,8.244586948639255e-05,0.00030908646391116624,4.8946316776440366e-06,0.007785650926080011,0.5818467611663738,0.0014483294210529394,0.0009109762359267522,0.38989266597773453,0.006370303155224827,3.765498117953381e-06,0.00024193216504254602,6.337687941369776e-05,0.0018537685085311681,0.5024055167213134,0.9983077908528505,0.5578062561703044,0.4339560218565374,0.4333922599803953
0.576699243042922,0.00865869785676754,0.001223996520022635,0.5774854209705168,0.001609771142352468,0.00021006569012076617,0.5823298721505361,0.0003559426039767941,0.00032194217936772236,9.862893867081448e-05,6.262488007132466e-05,0.00020441861239051638,0.000226006977893431,0.3945254975836092,0.0001638517705617492,0.0012556189709605758,0.5003948360899586,0.001362973402669658,0.00955763692194194,0.45952478964351584,0.5256393322335149,0.48191183621083866
0.003918720884646909,0.44319296459930874,0.001167654188393769,0.0006293126459051896,0.00231137845350694,6.189916701727908e-06,0.0036785284285946076,0.0011870263095390087,0.8976425206777474,2.713823920849989e-06,1.7257599866022463e-06,0.7080103457109158,0.0016957636077207631,0.005283571456861064,8.890940080172593e-06,0.0033199679412122553,0.0009039239067348409,0.0016920381406868626,0.9943711343679389,0.5033561247465539,0.5211480247380101,0.4744938721934482
0.5748020256080745,0.5838651109490021,0.5751807146004236,0.00011748013642105014,0.004392687203471535,0.0032568848701127785,0.004306687781472586,0.0012768792061240712,0.0002876995549874447,9.434387626048033e-06,5.999585105942451e-06,0.0001829560176363937,0.0008120026613875726,0.0027387513296838347,0.0020711667491104726,0.002793481910950889,7.471070164064529e-05,0.3896609948829638,0.5049795333602747,0.4735149027119774,0.5051411828286774,0.4810013334365593
8.01588432557598e-05,0.004159578348492537,0.00021074275733065477,0.585136979878613,0.0002041569041357084,0.586113947629042,0.0025598476766070565,0.0010761973136055327,0.5840322979643828,3.7448638834672317e-06,2.352474981048017e-06,0.39100503358271177,0.0008272374447519224,0.001967678072394532,0.5005255584927855,0.0002221143579348784,0.9954677447978592,0.032505095432046716,0.9877332738244013,0.4572400552173822,0.5911856492559895,0.5572771709439512
0.9013591107049845,0.0008154423846060085,0.44782362410911236,9.688453381684894e-05,4.605996683397322e-05,0.001372021369374998,0.0036830047902113765,0.0002308055396399161,0.0005846782011582186,0.0005149621344889558,0.0003239028519029715,0.0003677530980690874,0.0001462240676136229,0.002316552143818778,0.0008629854317448875,2.8970978415054937e-05,6.093876383203014e-05,0.2945650822763762,0.0005731707449425638,0.46343864060389833,0.5166528576124333,0.6025969288187493
0.0015918744071643798,5.443174988515688e-05,0.5973088908168381,0.0018496007409630783,0.5973529823099442,0.0007021205852044603,0.0005158786433279561,0.5989185423278495,0.000943008078036744,8.06972449693215e-05,4.961085634539738e-05,0.0005797402980820092,0.39262206178709325,0.00038877259986399583,0.0005291269840666253,0.500020837980804,0.0019713157979133573,0.9983023715135628,0.021759777291966292,0.6721562662281697,0.573374308183774,0.522517865282494
0.5841304232010739,0.002661102206078559,0.0017074543904371233,0.0009459483975712081,0.001068376199851744,0.5810907675736493,8.780861654725047e-05,0.5759625918391851,2.4892223366340857e-05,0.0022160423930530355,0.0013868978060324372,1.5578672102012966e-05,0.3940166931128341,6.746951290588033e-05,0.49882812197450216,0.0011588016876857368,0.001026016417418702,0.001868360574124187,0.002934598251791529,0.40456313193708343,0.5697268140989196,0.5569916734274503
0.0036005940153397667,0.5610941957548866,0.001541136576878002,0.0006774907914954915,0.00016279507184160233,0.0007320544006719687,0.00013880491173040078,0.5659548735739124,0.5756604450438749,5.437546760088813e-05,3.453948142387048e-05,0.3895130206866345,0.49974620520492924,0.0001522617739154726,0.0008081264392417753,0.0001785755731469232,0.000743163745211891,0.0017216062738222848,0.9960314519711174,0.5422376719834602,0.5209022004032677,0.5029803272557868
0.0002942513413934334,1.456642426750399e-06,0.45422195295405066,0.915588314976375,0.00019203209075515154,0.0033408775135568354,0.0004054169859466131,1.8691333709595345e-05,0.003928943773181523,9.848079757897614e-05,6.123350549493056e-05,0.0024429489785064056,1.1663989574771708e-05,0.00025208229130244955,0.002077313851642912,0.00011940265137428633,0.7045825518052673,0.9995912011813436,0.0031514556789549175,0.6400609409723627,0.5648846435374801,0.49386908716210914
1.5071377601489575e-08,2.0463104391774103e-06,7.157052683915406e-05,0.5903307339960301,0.5889870961029406,0.003051376547872902,0.00017141213587284945,0.00014638943741727866,0.00019464109846013909,0.5832594560676078,0.38856293777253403,0.0001485954243771469,0.00011895527336682648,0.00013085987642086474,0.0023719457697183124,0.49927181633175044,0.9999213670414435,0.981518551614606,0.9954115057864531,0.46626275567789016,0.3719606073753854,0.5096836814971097
0.008379349300684786,0.0003033603539943089,0.002092057811221162,0.8972344578797472,0.447818356748505,0.00028935955329520023,8.185557424664024e-05,0.0005795714825345426,2.032166797455517e-05,8.505762776114567e-05,5.399820175707178e-05,1.2901041651481625e-05,0.0003842145880353254,5.196485254077901e-05,0.00018486347002041035,0.2947005088197559,0.9938340322559998,0.1576780616566543,0.02371381430357522,0.47610310289862195,0.4817047855792175,0.5435164725988525
