obj_0,obj_1,obj_2,obj_3,obj_4,obj_5,obj_6,obj_7,obj_8,obj_9,var_0,var_1,var_2,var_3,var_4,var_5,var_6,var_7,var_8,var_9,var_10,var_11
1.0079868930594383e-05,2.036583723511477e-05,0.0006722871128691642,2.4066342794927237e-08,6.418677045454319e-07,2.5223570739433283e-07,9.208682309508791e-08,0.45354732389117375,0.9009250201646355,0.0007567428436223807,0.0004757103004139075,0.6980563207240023,0.9990741226077425,8.715209308400129e-05,0.00023943836811434138,0.0006074718271263807,2.2776674591751614e-05,0.9784903392481917,0.7074234624085599,0.4296345954544039,0.483988714225989,0.4133726973695446
1.7072546622819317e-05,0.0007954494129202793,0.4479676898207811,0.0003331708340571198,0.0003884256644492524,0.0002974666724532006,0.0010930106681121697,0.8612134451900949,0.00015021080170463753,0.0007645787645343205,0.00048636675428985704,9.549169023954736e-05,0.7047556565308719,0.001559558063679341,0.0004283123146543773,0.0005520150109273225,0.0004983655478728425,0.9988693280640574,0.9863393712374009,0.5244307978942411,0.4715678636292965,0.503567026066083
1.1200074147260004e-05,0.000760490296257207,2.2015587475248903e-05,0.0015570648240789105,0.452472976303851,0.9039976550004821,0.0006780807981479453,0.0004432595261368468,0.0016633763305203878,0.000960194961973816,0.0006032264423921686,0.0010449888949163742,0.0002839761145090909,0.0004259922724571152,0.7053297690651091,0.9975616813691041,0.7106333125274447,0.018422685773762187,0.9906252134163557,0.5986734289574863,0.4635467343965584,0.45220696976035213
0.0012993749834756328,0.002281618760371861,0.5834655635890533,0.002131472167541366,0.5816913178787182,0.0003602406279313983,0.00043728757203304226,0.0009007727505414489,0.5800717910348694,0.0010991194341998843,0.0006945891248426135,0.39053308276732335,0.0007097864529054289,0.000339243774109479,0.00028010010996433644,0.49902901900583807,0.0023848654300245064,0.9971351957693759,0.6704380056107905,0.437272449787813,0.4913897262001923,0.5600193113528021
0.5959039018816286,0.601431154366913,0.0038059752346360884,0.0006236360671399611,0.0001898921454295788,0.0004425557845470375,0.6020210819248166,0.001493539659222293,0.0012731915379088023,8.263597666210461e-05,5.116080985350952e-05,0.0007760090358737569,0.0009614514170992721,0.3928618211666688,0.0003374835854741325,0.00014191323447029796,0.0004953763777066724,0.0028442174721129178,0.4989923153086061,0.5951365858353267,0.5605047375841931,0.3217220229375865
0.001023947432615007,0.5768013507193752,0.0001213906618330062,0.002186081164680754,0.006047763315988787,0.5768577155935092,0.00025612442421988897,0.572455279104584,0.0002818061712891498,8.018873688246833e-05,5.109386074099074e-05,0.00017847238607668543,0.39447594585391016,0.0002000484100693353,0.5020049957453292,0.00667480021749226,0.0024742707207981328,0.00013398082750435694,0.9988698998981713,0.46955612503408045,0.43944415663245173,0.5249372614076812
0.0006255279019057376,9.529723026648045e-06,0.9377953326270091,0.4555204801064598,0.00025698299217559684,0.0003252555078638481,0.00030261791495130654,0.0013178687151378036,8.57997214784107e-05,0.0006877080546209953,0.00041803123864063245,5.2135922778457516e-05,0.0008166305715987532,0.00018462072388846613,0.00019887778548649085,0.00015615451283488852,0.2942040734110903,0.9995753308470584,0.009698269813893795,0.2849348043454683,0.49805612006194855,0.46227011610797825
0.0031516928183814106,0.0009768542381591427,0.00011588460435352621,0.5642457911410405,0.5834458579306319,0.0004179325769629584,0.5700921153808611,0.003982560290708365,0.0011204452550508156,0.0010362683300036515,0.0006590847751366976,0.000712287575654301,0.002581847801770735,0.3873290738946893,0.00032581952669647694,0.5026419991547614,0.9963675951981636,0.02235023930504626,0.1913459495291445,0.5131981110404259,0.4756678463249202,0.4744708477862798
0.001976294345731171,5.6835109939693905e-06,0.5857747897714884,0.5706460797463152,4.4998796180605316e-05,0.5801058231605314,0.0006702233902598541,4.429975922480297e-05,1.4522874141222534e-05,4.1181141682862014e-05,2.6121361157256814e-05,9.211914120394631e-06,2.865502853271928e-05,0.00042512394880558235,0.3936883354206888,3.503028277309305e-05,0.4916722441368001,0.9978522580534781,0.0018308744408165427,0.4400142310028094,0.4928093986296337,0.5009782650043372
0.0038487534254808935,4.330379738266265e-06,4.8805253971420864e-05,0.87701146637543,0.4459072610845061,0.003323192978770533,0.00031648924199580516,0.0001500384406290317,0.0003107876482901873,0.0004455548605058786,0.0002825660429057645,0.0001970981071357245,9.703388821780123e-05,0.00020071338394486967,0.0021138798743288167,0.2930283177963967,0.9972755307845321,0.008072757283727694,0.0007163092642283007,0.47375186138325226,0.4701589792295436,0.5474687475271189
0.593669697104161,0.0016153438569470934,0.0017499259732485764,0.0009577572759686997,0.002786792388636771,0.0070457195882426965,0.6011458451438803,2.4411729637557198e-05,4.8305056606649604e-05,0.5943931282776075,0.38786199235187846,3.6102108098492384e-05,1.92697326180471e-05,0.5013011371385935,0.007614564946363502,0.002951738254657617,0.001078251643076622,0.0018534318213422885,0.0017108606000852521,0.6425754937986496,0.42724009676103125,0.6143069683828
6.7059433898362386e-06,6.604949157634683e-06,0.0003371320462445508,0.5624873196962719,0.00014344047882779439,0.5801878313110951,0.00026453341109439194,0.5717705869488889,0.00010797343504542903,0.0007639841234500568,0.0004836552761313302,6.835173495655294e-05,0.39373683457902414,0.00020553314398373199,0.5028142533267432,0.00015831301752202223,0.9996277713277442,0.9822311064112368,0.4951806420986157,0.5097254395142874,0.44378013069377253,0.4510488520861748
0.5846299136979134,0.5824722902719881,0.0014613974178055238,9.880611619132426e-05,0.0007717667586078341,4.3705446669230577e-05,0.0021878838267215847,0.0001607271623311394,0.00013463393649675278,0.580844913596999,0.3904432469418656,0.00010386174443061688,0.00012644234202440098,0.0016945723943147964,3.3927217901659284e-05,0.0005953705131271313,7.802495623653364e-05,0.001127365420253127,0.49883343996364393,0.4448601962358928,0.4288131756120197,0.532384303472224
2.9896818947741042e-05,0.004431315373246918,0.5790883026969508,0.0007643806836625085,0.0010065711964822078,0.0001892042921485581,0.0003112281422621529,0.5642116640619905,0.5771766841579333,0.0006288983413550619,0.00039975438312628373,0.390652521935646,0.5003822994933775,0.0003435140857874093,0.00021073725176107305,0.0011065599963199502,0.0008844631722644638,0.9951284959571061,0.9957051618558463,0.5347549380605413,0.47205949090125365,0.5180516539612726
0.000707682816492338,1.8260479650763546e-05,1.165663248702301e-06,7.06493051865873e-05,2.2846051203559914e-05,0.4426825653104279,1.8669003005114632e-06,0.00012778185006095564,7.927428199349763e-05,0.8987212086426906,0.7078690144818535,0.00011366172426707262,0.00018683286732110407,2.6767124764743716e-06,0.9989792297423628,0.020432372409980304,0.06492923622570225,0.00104830699103858,0.01642373860790436,0.49532273896574674,0.5389585953524894,0.47029844947445104
9.781462412004783e-09,1.6384936606386706e-07,1.2975224979946979e-05,2.61393750379667e-05,0.008146240466793476,2.461341568562738e-06,0.5890657161324743,0.5819074801826681,0.5937246434215688,5.597068481751797e-05,3.499755243601785e-05,0.3924737551997071,0.5010385047287699,0.9912317410710024,0.00019355453181051026,0.9976726856582948,0.7129856258894605,0.9919470488340087,0.9620414239297483,0.6638208107942034,0.5057267891092093,0.496183400020758
2.749247768903363e-05,0.004042704382808089,0.8993776355570181,0.00037383286614149066,0.00011476095960521467,0.0005027483826420918,0.00025877058843767106,4.034334438881983e-05,1.000685014591412e-05,0.44637253535432314,0.2932880406150457,7.083332916995363e-06,2.9121539815987803e-05,0.00018390326580947146,0.000358097283985656,8.123311121644462e-05,0.0002713543903595906,0.9971383736389506,0.9956708645010552,0.543347441336446,0.5363606904591804,0.47083698092685594
0.0008550881734643369,3.7886829120804754e-06,3.7610560686589206e-05,0.46358313618922303,0.000857824769171959,0.008535576854472045,0.00017567185446483308,0.00019375143439666386,0.9225737888603754,6.702754708535114e-06,4.1326585568569494e-06,0.7035229474816505,0.00027128494799102384,0.00024120120488534092,0.01175551604520747,0.0011780137773894637,0.9988246561434913,0.027984273727053394,0.0028207798991960725,0.32769843313041647,0.5006356622784718,0.44666401720876475
0.9062134570046653,0.4558578195946986,0.00031091347262945284,0.00161133713916372,9.057487629008588e-06,7.420006881435318e-05,0.0014023871301744371,0.0024248708245438177,0.0027594971171592602,0.0014453004906207294,0.0009070258027322382,0.0017317781969363108,0.0015217819018100338,0.0008801013568574043,4.6566077805615304e-05,5.6842451383350276e-06,0.000984552954444569,0.0001951219548520126,0.2967113754293713,0.4842922791692357,0.3903661250062547,0.546432300623898
2.3800356358471377e-05,2.279713570574239e-06,1.0287479212185962e-06,1.4813358545148062e-05,0.90114364708138,0.4447012405247956,0.0001564530528530997,0.002859046460926335,1.7335291999404307e-05,3.474315183008997e-05,2.1997356411536785e-05,1.0975702434122196e-05,0.0018459722018896872,9.905711689161432e-05,0.2926015416991555,0.9999801174089149,0.3528719388636928,0.027376228877474984,0.060795087946221404,0.4300262074121436,0.5103295486751575,0.47787552230514585
0.00032774943670830326,0.5998636757686683,0.009436346207004651,0.004067149902482398,0.5868635145653702,0.0004056808306107777,0.5957896885336671,0.0007488238376454631,6.368542968504983e-05,1.9327141274614016e-05,1.2088733918222203e-05,3.933947458140336e-05,0.00047170486157620977,0.39421625483811484,0.00030966071542451435,0.49298620983474134,0.0044257502983740815,0.010013819357912068,0.9996521793808149,0.4980819849979199,0.542982075432727,0.330436105502655
9.692740976851476e-09,9.510560527193437e-07,4.7997353472673e-09,1.6956853543921631e-09,0.9996637728838459,6.125916211263797e-05,0.00010822184524287472,0.0001394373179789742,8.78860660632075e-06,1.7552939998779302e-05,1.3424966012915929e-05,5.496450210901128e-06,9.21038579758417e-05,6.823556250919963e-05,3.9092855634686704e-05,0.9999994052250241,0.0012186812618014409,0.0032126637937705538,0.9932962037585692,0.4768343306510471,0.381390513603186,0.5576195923645277
0.0002964689799864821,0.9072731837738656,0.000327092788452757,0.0002782652997305845,0.00040715753066784393,0.0003650035457926512,0.0001532674521198338,0.0002997241665632233,0.0010831551966542735,0.45027129783759084,0.29328071773908326,0.000760049621376755,0.0002144743738975293,0.0001075474411210787,0.0002568939001373064,0.0002857017212932128,0.0002002312582630632,0.00022951817294229607,0.9997919792981774,0.4094637032862572,0.46354108801371774,0.44239453251829564
0.9699806276525911,0.000592980832634534,0.4882539069249504,0.00034574994017817724,0.0005041297579388179,0.003594798590350456,0.0028156352320681363,0.0011864938883839101,0.0016118727856421333,0.0009034665071030357,0.0005298120654428657,0.0009449828603882258,0.0007093511255303886,0.0016573143949264507,0.0021207068559479804,0.0002955551679022228,0.0002078637782471427,0.296889262869489,0.00038919908375226403,0.43921931066283754,0.24533024658369462,0.36831084792811064
0.005145261278913289,0.9004452299288995,0.0014341536609424278,0.004085332387216004,0.0006675599388692562,8.885942645756769e-05,0.4458549479694932,0.00037546430878060676,0.0001796351041093148,0.0004435276589269682,0.00028110424892441505,0.00011372612465681859,0.0002442672065174331,0.29370630240466733,6.365151521758403e-05,0.0004719711504155161,0.003040138156978456,0.0010139519606703756,0.9963624709216412,0.4569064267453111,0.4408244149118272,0.5144083503909813
0.002773508474434667,0.45081210862671095,0.000608624486638506,0.001600598510649434,0.0011074724841566156,0.00014811877798072854,6.292995583832739e-05,0.00021850552002124972,0.9009022541967527,8.381922255310972e-05,5.3277805841940606e-05,0.7046393752184499,0.0003259137415942666,8.92259899505888e-05,0.00021344124504785286,0.0015639842268042842,0.0023791253407780466,0.000859486018884996,0.9960837626998308,0.5624864954054686,0.46792961774571273,0.45042116229355467
0.0002616754449504392,0.00411205734898097,0.5817526963899795,0.0038098955457694225,4.429676210786097e-05,0.5837511420857955,0.5774061973940475,0.004391712612889476,0.0016266236488799595,0.005925424826332543,0.003744779704820155,0.001028013801642992,0.0028304126586926022,0.3886069643924018,0.5020370701842838,4.847271549880379e-05,0.004275275486343333,0.9954911370808716,0.959543898628094,0.4695545648603065,0.4279769967478479,0.46499685000931235
0.5827070833529849,0.001143825306448469,0.0013847609648341144,5.2299852014361775e-05,0.5821535410870079,0.00023145089648002906,0.0014735667057040362,0.5731302036573432,0.007245773607172506,0.0007763263146661728,0.0004893402919164045,0.004567253576521454,0.3928792157565235,0.0011389398882870566,0.00017943075655835173,0.499712949275543,5.859678623142475e-05,0.0015129404044159638,0.0012496940536005363,0.4310873513384952,0.42789981337360256,0.49414419113724745
0.5755001755676478,0.0009540492225665124,0.0028510819023618967,0.0001416232986335302,0.0012018660684708308,0.0006971388445117094,0.5795164893968479,0.00022630654057962036,0.5801503044305966,7.739850150209363e-05,4.994808969842248e-05,0.3926131906433781,0.0001859504001499662,0.5035292208804654,0.0007870148321898468,0.001329693085474476,0.0001665400930104461,0.0031542272893181752,0.001055467068877138,0.4818357884320889,0.45394984910794867,0.47460214822312735
0.00020105986661670327,5.624447951399962e-07,0.45280515942692806,0.9174258340192721,0.004458984276068448,0.0002952734473425457,0.00033858968153338814,0.004127102709370827,0.0016917462128882765,0.0001285734509536659,8.173334699554152e-05,0.0010754331182811305,0.002623584835833222,0.00021524150578764155,0.00018770551004546718,0.0028345864884105057,0.7013095711042252,0.9997173197148259,0.0017808745237977517,0.5056750412651438,0.4968805388085067,0.46238774932236254
0.00018711400980382797,0.003752281100420102,0.0001178354746764217,5.617261528548078e-05,2.8057062782118897e-06,0.57848216376478,0.00021374012578407025,0.5643763652269365,0.5800849048644474,9.256262346645077e-05,5.904343976109063e-05,0.3924745915704942,0.4963807494461901,0.00023468824938816077,0.9958888603974625,0.0004751522167241295,0.0097382415403964,0.019961052270686175,0.9682811557003312,0.5385786924026444,0.5118235575704415,0.540790287691282
0.5769742960216883,0.010244016416167175,0.5842029826387838,0.00020829645910159988,0.002497322779326246,0.5703432001320099,0.00013918909476517052,1.2318801810430774e-05,0.0019195641914628405,2.4163609583868533e-05,1.5665232474255903e-05,0.0012198183555896017,7.982955406203254e-06,8.880400069411718e-05,0.38834328278783037,0.0019361637044683286,0.00016560409356404559,0.5039263957659958,0.011302185663163433,0.5103454768086247,0.4988571253533518,0.45868818007184453
1.9424561454150114e-08,0.0008829789569997164,0.00020007752056398038,1.0844893715026162e-05,4.04163079915508e-09,0.9015788676690872,0.45164458548002984,0.0005706840181066196,0.00016455445459864445,0.00012231819782625983,7.70377758745433e-05,0.00010363875648357714,0.0003665307890437239,0.29488372114387695,0.9993625922460272,2.8417725277268564e-06,0.007819721696274793,0.1418598439931112,0.9999859955435606,0.4238351253993191,0.4340151923905398,0.5254971373244968
1.739062435840665e-05,0.003245127785683962,0.8974982243128341,1.9644280027980164e-05,0.00215354066560325,0.0003518785440716058,0.00021805835620951865,0.0003930991214705364,0.4492853518714949,0.0005357263185551144,0.00034012307594370435,0.29547861102116685,0.0002945088500214473,0.00015529686510427904,0.0002528869654790641,0.0015275966472276983,1.4666586514206327e-05,0.9976981853269122,0.9965887116019823,0.5435667814917041,0.45842737965775804,0.5048429328518061
0.0009916058815684053,6.145270150142917e-06,2.6514938347845006e-05,9.86901554862102e-06,7.907594710872071e-06,0.447746567470708,5.783867700318973e-05,0.8800183673103215,0.0009539044276167421,0.0003914554108469032,0.00024833525156677606,0.0006051470348637069,0.7046128864157041,8.198951426579801e-05,0.9985937712621469,0.005074738408837471,0.006333720944342092,0.017019192654925602,0.0039453997093451595,0.44698453765266555,0.4769348917653622,0.513145648170109
2.5495761988105288e-06,8.312373592969038e-05,6.610270244553112e-08,0.4507184101136807,0.0003374485474805712,0.00018403103278862357,4.2112099005239045e-05,0.8766142734288297,1.6037691414495345e-05,0.0015441620615531419,0.000981923357293999,1.0198276800360193e-05,0.7027030804373573,5.948149711220807e-05,0.00026071913819036786,0.00047663159726419625,0.9998825381586764,0.0005060280355076925,0.9804803341617965,0.5038455484873382,0.4696980451283411,0.5144490588160855
0.00016484796575853602,0.001645664581251218,0.5760859725881966,0.0016684324050695338,0.5758346625593579,0.00036275279038178155,0.00023982758499708584,0.002619116069216106,0.0008785849341515306,0.5806496322972564,0.3942633417237079,0.000686682484296084,0.0020875173264753577,0.00018819501936520795,0.0002852959207469792,0.49986228471285515,0.0018907065083398067,0.9981723347837317,0.9364432013286332,0.5091703129859327,0.5135604554021714,0.49371315649454234
0.0,0.0,0.0,0.0,0.0,0.0,0.0,0.0,0.0,1.0,0.9999999851160382,0.0001942234841615032,0.002397704414943108,0.054609935110129515,0.4870978585326766,0.9531547910670043,0.4980479731640025,0.9962404381278556,0.9746373404983323,0.5491859570971679,0.3526604253340465,0.574290341936309
0.5732683352362266,4.084170010161627e-05,0.0011439151762907115,0.003703427069934227,0.5818549461741016,0.0003535115208389635,0.582083673914855,0.00016774800679016165,0.0019376582596438068,0.00029636998830731776,0.00018817206881100498,0.001228241345493231,0.00011058291361147393,0.3953773186650801,0.0002791617705204177,0.5047593354745488,0.0043291657647795655,0.001270436157504773,4.535806215887148e-05,0.5440135011709453,0.49123762610876515,0.5480529067525698
3.007121112536098e-05,4.143362768754434e-07,0.003226042112001467,9.525461950004124e-05,0.0025540485030323373,0.8960571736665004,3.7446208558672184e-05,0.00015705932557829975,0.00013105651953380503,0.4560022566176326,0.2963313899730705,9.190172973255623e-05,0.00011632319837882815,2.636356313619425e-05,0.9971137721185361,0.42616345794315175,0.019778199820727357,0.9940661516189393,0.008771938472663226,0.41342085532065315,0.5562001608210553,0.42730654060390894
0.5834017841513184,0.0017593576136681287,0.0014037433225985683,2.778233947932318e-05,0.5823782022148968,0.00022911314292842647,0.001472705361514143,0.00015038193540872291,0.0009392255427370538,0.5846863439912786,0.3908872934936871,0.0007208599680275631,0.00012190290105551504,0.0011348237630504346,0.00017943075655835173,0.49551409579340056,3.18281416361681e-05,0.0015129404044159638,0.0018961847750404426,0.4308001357346385,0.42789981337360256,0.4304379444245857
1.6488465600850975e-07,1.6493754394204998e-07,1.4276019466455092e-05,1.429707910289446e-07,9.923331116662795e-06,1.1467945254584807e-07,3.121436975830664e-06,1.334579009430469e-05,0.9999508677219383,7.87822796494275e-06,2.00247535349357e-05,0.999984504138196,0.38882938082153923,0.10616204598661194,0.003945648360770548,0.3956198483645704,0.006227002263949233,0.9896643495652,0.5373381806911075,0.5252188797571962,0.5799092361401428,0.44810943330508685
0.2984881501538267,0.2938008715308685,0.3484243989190935,0.024660794549396268,0.016547006469439764,0.0030876138506492003,0.018270111704034947,0.0003003069340030129,0.006488157402519493,0.0004968532699862052,0.0004923931744898603,0.004553612176527971,0.00021247349714215548,0.014132598256615118,0.002614440526518859,0.02081364708535683,0.027613515452921466,0.464170114674376,0.4509941562454775,0.7080641321472048,0.3205282990080928,0.4854721126852993
0.0024502028937540563,2.5326797443538328e-05,6.575189627445246e-05,4.360487570701316e-06,7.562790015477286e-05,0.8930548730018069,0.0003450947318352926,0.00037155658768004345,0.44673688760892283,1.6238771968815867e-05,1.0610762670299753e-05,0.2936998830834902,0.000270485433088915,0.0002454501414012063,0.9982628152466879,0.019637003696254596,0.001192087138606357,0.017079872549918107,0.006580565365031581,0.44634942100731667,0.47650457240935634,0.511474253662852
0.00545374077918671,0.9000171446381999,0.0063973969735344,0.4371850043709514,0.00024663898872623986,0.00031216341929104813,0.00029043702807784896,0.001264822253114081,8.234613644769348e-05,0.001140090164425064,0.0007219805495060905,5.2135922778457516e-05,0.0008166305715987532,0.00018462072388846613,0.00019887778548649085,0.00015615451283488852,0.2942040734110903,0.004525031089199716,0.9961425138839359,0.4337131654901053,0.49805612006194855,0.46665112182196566
0.5927784444510672,0.0028728329380188346,0.0022903447825202046,0.557245921640239,0.5897946124441784,0.00044363683511843964,0.0007098411801058172,0.00033661153840652873,0.0012109647850451378,0.000430282888314707,0.0002709258902226264,0.0007616154266534724,0.0002158915336077874,0.00044822900072289686,0.000280764526685369,0.395985207771551,0.48777624185676727,0.0024597994617783833,0.003085381167007517,0.5081186561716414,0.6100992745780378,0.4941603211945678
0.45768866985282863,0.0039947036148376604,0.0015763147059327822,0.0008328250404142559,0.9044911214819049,0.002953837657104503,0.0024328925178384985,0.002309464040501113,0.00044127555597987404,0.0031851871123055584,0.0020006433529823823,0.0002771273517351516,0.0014790515894720045,0.0015340104819150818,0.0018666774100110604,0.7017775110657871,0.0011879228039376696,0.0021925675772945692,0.005556452949316282,0.5194507077290558,0.3845922562176901,0.4968889088649428
4.299187080994441e-06,4.1046904923157747e-07,5.873435356248587e-05,0.003095334634779656,0.5913535176508176,0.5835440822494488,0.5855045840495854,0.0004846838858599525,1.2583537685857386e-06,0.000605706380604753,0.000379010894803826,7.873942421663017e-07,0.0003092788717150741,0.3903778679473228,0.49672133514980826,0.9965823033451591,0.9881897545706126,0.9532754375823739,0.06060024737187936,0.6206275644378161,0.530573351201372,0.4562779993714348
0.5834048265089398,0.0030115471331980787,0.0002608372211406145,0.5661811318381205,0.003140670401569059,0.0007806157583341697,0.0007128497509282754,0.0023306358180718066,0.5819106024226,0.0018979274586204292,0.001198974143155966,0.39178224258123107,0.0018383234649400476,0.0005535780517178314,0.0006075669368027304,0.002429231417104799,0.49847817499636576,0.0002846375633583187,0.003286321572156581,0.4300139075110994,0.46971478542561396,0.546730309912308
0.00041196019820933263,2.8737862149573775e-05,2.4835670331510524e-07,3.587373478877847e-07,0.5784374801252585,0.0003815242727783778,0.0014380593030031766,0.00019043607515718865,0.5801605611078711,0.5749864913407949,0.38958709728087115,0.5009471221986996,0.00021537775434977806,0.0015890402244460242,0.0004254277262658372,0.9995455362137715,0.0005821301918873447,0.00038288808342378314,0.0443399631191322,0.5069630268529457,0.4715391130483127,0.4942462411213923
0.5796254787585002,0.004208872731871706,0.00042059045135712977,0.5898136478133461,0.008933040080039274,0.005030315070730548,0.0007202947325613579,0.5600114728262708,0.0019697083552076425,0.0010971573581629336,0.0006949816148257518,0.0012476898979164597,0.3847433292733316,0.0005544765338894864,0.003883986902001607,0.006876841887246925,0.5055537059643245,0.00046195498833463255,0.0046228028851933445,0.4334965252538225,0.47629307198227977,0.4938488937719817
2.452377943717087e-07,5.3720372523399336e-05,1.5995287849254395e-07,0.8751012227621506,0.0008493507010447048,0.0005194769446976355,0.00012497443794520584,0.00041821957524819847,0.44932627469160163,1.704760761601351e-05,1.1123572982547512e-05,0.29552751596534677,0.0003025582864329879,8.901393626236769e-05,0.00037083344928209915,0.0006025433679974872,0.9999618901413875,0.0018955339703040086,0.9970938946983087,0.46244507151499925,0.5011017297002427,0.45335258800606987
0.04672532659694248,0.04011484917388548,0.0077802570522732045,0.058822252074710056,0.0059567082797036775,0.00021168173393747565,0.0017077388833963028,0.0017076853197578866,0.0068094722739151774,0.00509825250072512,0.004527935958583668,0.00368587567786699,0.0016775235635510856,0.0020637828237033175,0.00024063588115825867,0.010009732337482865,0.06835031192641805,0.01871191453354948,0.07185298613568702,0.7717652436760809,0.3539619374120286,0.4702973304057554
0.0011301583594397258,8.370910552827107e-05,5.190971513407754e-07,5.562619847470941e-05,1.694282888060639e-06,0.4494975597488322,0.0006901492319705821,0.0010950194754080034,0.89508601050232,3.5380001049023915e-05,2.2613147127520313e-05,0.7021235774607993,0.001571679553062988,0.0009752552698906736,0.9984030393229913,0.0009506319012132503,0.032019144295102414,0.0002916215901096475,0.04706903540225421,0.5302670457012744,0.4920423241623441,0.45641523048414673
0.588046190062219,0.0010215397562282197,0.5924890487705531,0.003098235552205806,6.568622142211328e-05,0.0015014371465795207,0.0001411346281971316,0.5757365718055463,0.001174769658718974,0.009130887439242289,0.005695717029236076,0.0007328240349162335,0.3902280067857935,0.00010763561261722954,0.001148514146090083,5.009536924056445e-05,0.0024230433691309955,0.5024091868784947,0.0011059570297231632,0.43717286640816727,0.3803266350118713,0.45184255884071733
4.249184007465595e-05,0.002022066860841242,3.65819178634246e-05,0.0012819301651313742,2.762218178469805e-05,1.3182630529902592e-07,0.9013032664996703,0.00025943937765761106,1.7201634796910827e-05,0.4504616475146549,0.29404375998761656,1.2101607835041941e-05,0.00018612788021386237,0.9983027111401006,3.5003411481580034e-05,0.007288938488345426,0.3668773177338601,0.011513624921003024,0.9866244363096432,0.4261222721443297,0.4331378698921739,0.46993327933673346
1.6711687706303996e-06,7.928368691881682e-05,0.001752078860839414,5.057862445061297e-07,0.0003590086063231563,1.3788976999494982e-06,0.5825621359590455,0.0004958562503864835,0.5817059513004949,0.5831826644651599,0.3911407383896811,0.49694040554968766,0.0005676680995523245,0.998058249363872,0.000500018163846665,0.1308337969182588,0.00019712800441144904,0.9712051220861715,0.9861367778453174,0.43915882908854265,0.4300675777419641,0.5552671998769149
3.503109708156553e-05,0.00994713260033001,1.2577776775072248e-05,0.4356106658019218,0.00799630393512805,0.00021365817090453275,0.00017681864586749414,0.00019620915111669913,0.0004725144081604003,0.9006750153915685,0.7067885664942777,0.000673131932314774,0.000285040618564782,0.0002528993297690023,0.0003062773956843675,0.011391907965408399,0.9858263781913614,0.0008049842569050371,0.9977580805056322,0.5627725981321843,0.5231637960211646,0.5311230728654531
0.0002580091642811566,8.72602074245441e-06,4.250822933116393e-07,2.6419933745935104e-05,1.4894890318368761e-05,0.9994194867945304,3.821413063335699e-05,4.3351601977875275e-05,0.0001862088784979064,4.263502979103343e-06,2.707656005245569e-06,0.00011825709055808022,2.807592888938333e-05,2.4268863899205894e-05,0.9998349315240305,0.03650202277746539,0.06492923622570225,0.00104830699103858,0.02152337023263784,0.494700620269549,0.5389585953524894,0.47029844947445104
0.5808924022257554,0.00025184914177673923,0.0002593607230301853,0.56379627713221,0.0020123216053114876,0.00687335414734344,0.005595606791763574,7.271571773883631e-05,0.0009870953504746152,0.588268299590609,0.39632137025185643,0.0007667210925715746,5.7598209609090515e-05,0.004346380367638589,0.005355101189361083,0.0015631500479295593,0.4985136119502629,0.00028425453535580857,0.00027601940134774905,0.5003242887865573,0.5890201239336498,0.5306216063922856
0.9006262251121594,0.00027326655478324726,1.221836289001582e-05,0.0025107080773546886,4.20635973819733e-05,0.00047016412527711086,0.45222180885308993,6.680874480839957e-05,0.00023795177943833535,0.0017838197751910475,0.0011268989254211608,0.00015021247902191615,4.454386708087166e-05,0.29730508147661666,0.00033917146557055355,2.973767553197319e-05,0.0018682330720618046,8.637765899316766e-06,0.0001931797376859782,0.4431542052268755,0.43397910610984364,0.4703438458161624
0.0007178587738540604,0.5722284262313696,0.5795067535766204,3.022668237135083e-05,2.618521653079531e-05,3.6140241225395266e-05,0.5793506755495724,0.00017594818341033606,8.30128662278521e-06,1.024511320673731e-05,7.3460266090263435e-06,5.280752809465512e-06,0.00011821494622307207,0.3948513638054863,2.882826958485157e-05,2.0469862139807062e-05,2.511524110293019e-05,0.5040294039418624,0.9991913994556533,0.4980183186397503,0.5125860468735199,0.5243930490692783
1.7521889694256434e-07,0.0004854780986540726,0.4399769511375858,6.075858022217283e-05,0.0017363807862439448,0.00020918711100245563,0.9051455142586401,0.00018327990426284476,0.0001509614195372302,0.0001446843119089436,9.204961708459542e-05,9.518581634220891e-05,0.0001220557638049689,0.712967817709073,0.00030886653229689025,0.00251254172938155,9.344720282116782e-05,0.9992975577181538,0.9997673645160194,0.5792873452819459,0.45413615923517836,0.4644341658386622
0.00016906979022172108,1.3139533755900812e-05,2.3016602241084152e-05,0.570331337868517,0.5735798068435217,6.816190477759338e-05,0.00023379975249276816,0.002010082924340011,0.0009714974241568935,0.582389452103865,0.39345204688809277,0.000754993905541849,0.0015930103487572839,0.00018169629019995206,5.3131281709343885e-05,0.49380283227505123,0.9998137290157704,0.08588561911184467,0.04937835964970705,0.49512443077360085,0.4447737595787132,0.4549627764885561
2.1974236271467973e-06,5.534649075420778e-05,2.8934067707979835e-05,2.101369490744371e-06,0.0014271397791687155,0.5773467316455627,0.000577287158181013,0.5695112013368077,0.0008355839166355099,0.5836544129128173,0.39375017779446897,0.0006486048397718073,0.5009242265222175,0.0006346397843047854,0.9984295680530231,0.972125283658709,0.02194403285925435,0.3064599295306243,0.9747383878890041,0.4597432939805244,0.5424246048430756,0.5565838276073382
9.504780493499535e-06,0.0016449117338866069,0.5697935063076508,0.001593800085894446,0.0017473968634260017,1.1698715702220234e-06,0.5652793646220587,0.0002622985579646885,0.0010178506318567868,0.577745281113998,0.3918852672523739,0.000793220166835723,0.00021589464045622896,0.5086546871254524,1.3659348252221398e-06,0.001988215518936554,0.0019120321048738398,0.9981621547196405,0.9961990386859015,0.507940718361324,0.49645521808250326,0.4780546096796857
0.8937466765969184,0.001037077725711688,0.005655042993282962,0.0002671660712220641,0.45149810263485185,6.198368040885707e-05,0.00016060015876497946,0.003975477071079384,0.0020982815604072037,4.728209356386253e-06,3.316571874148683e-06,0.001334142142919853,0.0026287727966399317,0.00010252295830931004,3.9929761804633715e-05,0.29782011274052217,0.00020031976198837172,0.004028403248628053,0.0007387632893312052,0.5052117974915558,0.5165828829830844,0.4692458635572176
0.5782798294690764,0.0010045752317269865,0.5826495430705066,0.0030467899045072875,5.576769927228067e-05,0.0014717300402484095,0.5876017997302218,0.0006512751016541816,0.0011505349297883068,0.0008083642741520413,0.0005093842856327659,0.0007245631283913892,0.0004182570739284361,0.396711361341359,0.001148514146090083,4.32493831238831e-05,0.0024230433691309955,0.5024091868784947,0.0011059570297231632,0.43717286640816727,0.42999908177832963,0.5451876580000384
0.006029454288524516,7.85071031698391e-07,8.194693770109032e-06,0.00013708878693083926,0.45185208566565543,0.00015708888628840532,6.308274119670762e-05,0.00020901341543873604,0.8992082900132904,8.373371668958702e-05,5.3277805841940606e-05,0.7035388914310463,0.0003002775487190611,8.92259899505888e-05,0.00022269069584987533,0.9915036808560006,0.014841201593618868,0.0008652725617770188,8.289440366579336e-05,0.48777198597716465,0.5056007694402228,0.4213328186945108
3.996668664324848e-09,1.0563148184163723e-06,0.00016444364320862973,0.000331851505630929,0.5919875611134446,0.00017886460520012782,0.00031351703177086456,0.5824062880757802,0.5940081794661288,4.5340262382448365e-05,2.8390573564367487e-05,0.39235982484914333,0.5010385047287699,0.0003385043369291231,0.00019355453181051026,0.9995941383259143,0.7129856258894605,0.995910696967127,0.9975913777663287,0.6595816176976416,0.5464732448221056,0.49708589901808126
1.1684258991527419e-09,4.680896089087348e-06,1.895366712181717e-08,1.0689938941909086e-07,1.576332695093609e-08,2.1289216810270642e-07,6.408214894941293e-08,0.4406012675827331,0.00046262891230121746,0.8977034757533929,0.704571828231787,0.0006554881109614404,0.9999933584418081,0.008738307479780605,0.02910746146213033,0.002143308229755372,0.01487995036319302,0.0025777822589995465,0.9998410947830523,0.5611745076616849,0.4888072528524099,0.5011277262037699
0.0019493745137649234,0.5789100729242858,0.5904873336437276,0.5762948390105961,0.004070795811005794,0.0022544462870320247,0.001204993546669353,0.0024054260316579788,2.331057539967618e-05,0.0013946018947230453,0.0008738146516031959,1.4600586067849662e-05,0.0015364269002173905,0.0007577704180004728,0.0014209184915324573,0.002549758209430349,0.3950232291162626,0.5063037361813326,0.9978563764791,0.5481808076220052,0.49451800397857176,0.6185093039896291
0.5816027371085517,0.010502524308474297,0.0013073725764068832,0.565709823820877,0.0015103523880059483,0.5758792795484149,0.001547193398764742,0.0035576736853976517,0.00321558563609764,0.0009910954570556002,0.0006279124528842592,0.0020362480592338683,0.0022974248679195185,0.0009836802521109723,0.3910992048327268,0.0011704361539819075,0.49914941835042015,0.001430869007987794,0.011495141448113505,0.44499051349568386,0.4725149019675735,0.5393952643621002
0.0007755735934430966,0.8968628377069943,0.005118424170350123,0.0005361690560771459,0.00044549664040694517,0.44717580753709935,0.002134587288382157,0.002681211327794826,0.0028656500724700174,0.0001628193635184648,0.00010346865834480497,0.0018156275086424422,0.0017456767377973387,0.0013578572672783916,0.2977963073048847,0.0003162322862133415,0.0004005922944775213,0.0036332210270109038,0.9994494992118665,0.4454475492700776,0.540190547343668,0.5142151513085177
0.003048552383612843,0.5714587563518627,0.0026140864012612636,0.0001629738622711951,0.0007376393033682563,0.0003291830636676679,0.0006149967099081003,0.5693504551412388,0.5783124347887182,9.395059052458693e-05,6.002228193606202e-05,0.3918328605391634,0.5074956902309901,0.0006878713490089672,0.0003715495100955156,0.0008217568516562659,0.0001910981562069313,0.00291214026816215,0.996604015344488,0.46248373156482153,0.5154325601883547,0.4975558616722452
7.879630896126458e-07,0.000152349893853307,0.5896717505466251,0.591153970726119,0.0006899621861089042,0.0004748406268016127,0.0005054928947004055,0.5708941042670603,0.0002845469996942345,0.00896409691621795,0.005606276008494577,0.0001779643695664217,0.38762432255459545,0.00038541223818875845,0.0003631325876996567,0.0005260609853576284,0.5008011671928653,0.9998355199642639,0.9967075028385897,0.4599852223863204,0.3816472692297614,0.4518212471750878
0.5793584604156565,0.010975253830369352,0.5884301103421263,0.007482568745381469,0.5725317026379957,0.002862734721447345,0.00032481173790507964,0.0038976818324813374,0.0004013467411425629,0.000662488142527514,0.0004158742757497301,0.0002514490629404258,0.002579137383918184,0.00020431332569847375,0.0017874195378037305,0.38104897970161655,0.006031517431915411,0.4944699084313929,0.01167023711369064,0.510183327247422,0.3834466250823317,0.5494072158260797
0.0028595440183141535,0.5829704781753635,0.5821253191914515,6.724517488422926e-05,0.0004868081219559967,0.00011544858359413142,8.386975144425637e-05,0.5752909333779868,0.0012161584090945553,3.6049355739859404e-05,2.2998739985169968e-05,0.0007655218855194073,0.39394634049248656,6.50697436267761e-05,8.977142963680307e-05,0.00037618015415411053,5.31921528241061e-05,0.49953747990285324,0.9968774260596109,0.4775853012556865,0.39800652647278617,0.47831093511513884
0.0005574356835528757,6.225687747216346e-06,0.45299274865684713,0.00023187192547512154,0.0008312172655002922,0.0003629269613844305,0.0022346516429170567,0.00012272331519847294,0.9028938996884356,0.0001461165304407997,9.208521997766913e-05,0.7039607976361895,0.0001758802471545902,0.0031404947381471204,0.0005115847503868787,0.0011681722587985805,0.00033416688603229994,0.9992165853868668,0.007109996204621336,0.5721169195433927,0.4391552456535377,0.5354347280291527
0.0001309092416304344,5.43158137528468e-07,3.515908361626259e-07,3.797163485488793e-05,9.299618360097052e-05,2.3394980189311513e-07,2.9053719096827912e-05,0.00016513803330721737,0.4490276374241602,0.8971785542072044,0.7045845020500611,0.9996552919363707,0.5093034444212895,0.11017779569945474,0.0009107844776900555,0.37634541645047415,0.18818429929726738,0.0016887571068718867,0.002608850064329704,0.4928621512907565,0.4476332507983949,0.47811984159626786
3.511672762997281e-06,0.000767583173283226,2.4666964168401217e-06,0.8561385314564477,0.0008540373609231702,0.00035790980780733855,0.00012660108512470235,0.42958215243860803,0.0016678147735817315,0.0006069680471314424,0.00038083407837403505,0.001044206324329974,0.2944552110629798,8.892418978128855e-05,0.0002554994496606537,0.0005974816155951358,0.9994630293887716,0.0020458475735241934,0.9970511670836296,0.5964201888839277,0.4366372915940728,0.4408300676625588
1.3321118480881738e-07,3.595824858225596e-05,0.0004474105502918045,0.0004287091701772195,0.44987178997279437,0.00012029434227647204,2.3206287463233893e-06,0.0001919507647329984,0.0001412149158261391,0.8950442735998569,0.7034996723838998,0.00019983668520094443,0.00028689414888407704,3.297095208737357e-06,0.00017370203008881813,0.9990948966650173,0.5048131838237491,0.9489455037675623,0.997612162313433,0.5409110504492063,0.4919794935037585,0.49825175494518964
0.0004064827491539737,0.5798290465538932,0.0006752534288440048,0.0001424665467169641,2.5415388690863923e-06,0.000926823348174666,0.5754219955341439,0.5641366252963127,2.419440453203091e-05,0.00023530124715580222,0.00015003986631161135,1.5395634147852473e-05,0.39001770543965614,0.49884982714625825,0.0010239937996075724,2.7905256293149e-06,0.0001604067362427582,0.0007413970668082017,0.999553719348916,0.5141991052444493,0.49613009737582225,0.5154104813045758
6.810835913499603e-11,4.8038521197173205e-12,9.522928601873328e-10,1.0994695217689167e-08,1.494829193549864e-06,4.279181352951451e-05,0.5798408729811263,0.5720044828858742,4.885059584864719e-05,0.5833530519504282,0.3921439085659051,3.773655188134468e-05,0.5006292402252901,0.9999528839014152,0.977907870237334,0.9951812389299786,0.9462200739435198,0.9544354745509771,0.0448295935321375,0.43658785027252134,0.428891729486852,0.5246636039334243
0.0032045838570097596,0.0038779533973048357,0.5822323035560742,0.5631297404055563,0.0007682557492901701,0.010271521515749395,0.0008519579049989304,0.003215111447467452,0.5796990010313201,8.764023817100545e-05,5.5707819671427304e-05,0.391716112287234,0.0025450839332958686,0.0006639856471166548,0.008023479947716086,0.0005964106547803014,0.4973773690466298,0.9944996420718653,0.5603551780957977,0.5422969449659416,0.5427678601474438,0.473620296603394
0.0020344548833420894,0.00013031727996547508,0.5736369499537819,0.0003537338601531765,3.915911911720054e-05,0.5783488898218686,0.00023707040368269492,0.5624717332368777,0.001037851927004196,9.748204814548185e-06,6.469593632471842e-06,0.0006559567957832914,0.39447594585391016,0.00018479027636251363,0.506771678220365,4.345938236730517e-05,0.00041320466212591,0.9977377475372945,0.040725795374326176,0.46208538713755015,0.4396191504536922,0.5466126367128608
0.0005651248706005736,0.0005524100673863713,0.00017966190383056536,0.5871691935142446,0.00025663451616450556,0.5794696496863542,0.0005627473290644327,0.0019128319706050274,2.3902517229420965e-06,0.5818402796503012,0.3906127087950204,1.8418195434215125e-06,0.0015030825565592598,0.0004336274580326187,0.49675619605174004,0.0002782479774791607,0.9991213429833397,0.14231602811613286,0.49276781166461414,0.43640770449819477,0.4297601477586443,0.5390633961983075
9.376469670257742e-05,0.0015241989208782298,7.457369588355914e-07,1.434776193427247e-06,7.959073456394952e-05,3.192686734137602e-06,0.9500535850523674,0.46392275278178774,6.365342365281064e-05,0.0006362012341030879,0.0003806854174283306,3.805927087964614e-05,0.29311702188395716,0.9989794399655911,0.0013375364454822174,0.033151049860657866,0.0006133837190520422,0.0003108910032565901,0.960887392767348,0.4353976898363644,0.4388659215400453,0.7383763492558093
0.5737494055200482,0.0008657964784440739,0.00043556849019145877,0.002125770031881136,0.0026642259367241944,0.5812657103659818,0.0036161758599147784,0.0005150084593480648,0.5935934294684301,0.013795691302359695,0.008680364168059663,0.39914513366548676,0.00040807663591716365,0.0028210480775114647,0.5061409890553392,0.0029562807519734726,0.0024145899668271574,0.0004833170654373509,0.0009606993407863503,0.4060014902803486,0.4834275082837933,0.447700465729622
0.0002959203101060172,0.5761978828338914,0.0019740655417111014,6.123410990763826e-05,0.5818090230928916,0.0006469063866731184,0.0016295211664097307,0.00016412926587776916,0.0008994754150625552,0.5763485441708855,0.3904593587308893,0.0006993361735556191,0.00013477814231937992,0.0012720032217273466,0.0005132201385559578,0.5031072551759762,7.264397792052608e-05,0.0021810737386944775,0.9996621652091083,0.4845529117247032,0.5103873728693544,0.5310604531980531
0.00072809234251564,5.5514176201353974e-05,0.4762778423683479,0.00013230342936520825,0.9392841366505006,0.001867283380144583,0.0006810717433160607,0.00035119573813532316,0.0003980810616676056,0.000685095528697945,0.00041416091483975143,0.00024064028299186489,0.00021649519024344782,0.00041170714363525374,0.0011321725226675205,0.7012471639193694,0.00018134979283542397,0.9990240089421598,0.04844765541740414,0.5572782376028752,0.4988769606875388,0.7232735725785994
0.00020741431109885637,0.005687765229026713,0.5907381209848784,0.5734602967150274,0.5815934155162612,0.0005468669192063618,0.000823156583665326,0.0024854361054069086,8.389752320005796e-05,0.0,1.5215384087852082e-07,5.254912148236768e-05,0.0015875285820857218,0.00051764787914159,0.000344674801904654,0.38782792659503595,0.49854435772682126,0.9938666507623494,0.976795583844871,0.5065375811991681,0.3721384792423802,0.49751735375073164
3.9300037885414126e-09,1.8625599862335552e-10,1.9106275191902171e-07,4.178171416620953e-08,5.709293453905133e-06,0.00024868779440772557,0.0002428613067641677,0.8948596125703707,2.7825754559907448e-05,0.45677189795899836,0.29544430222354456,1.9411985633364823e-05,0.9997570972471532,0.491413351340351,0.9854225948085811,0.9781962021189603,0.1370314998728,0.98689298499493,0.030149986116867117,0.49680107926297623,0.3571709194903221,0.49137043890333193
0.006463003453534509,0.0010482286784657977,0.002392624104668642,0.5761312703222645,0.0036361331966384223,0.0001616783451912068,0.003531434366616414,0.5743349088821501,0.58932948123438,0.0006064210323492954,0.00037881260281816574,0.39236066121993035,0.49720069827691904,0.003820158555896367,0.00017529240721586375,0.003917800429558881,0.9924891767302257,0.2230498142849672,0.1023647225712549,0.44215777574466103,0.38317491147502897,0.5504490836738418
0.0030603923476253303,0.4549124949738346,0.00014974669159308984,0.0004439264226455029,0.000734447187928037,0.0004760430148214805,1.77146023329412e-05,7.323095468247869e-05,5.830439608626194e-05,0.9113173346665933,0.7052714606906634,8.159960802002367e-05,0.00010824753069060643,2.4994919959201857e-05,0.000679824986234482,0.0010466745969694227,0.0006670426031931028,0.00020955630379663006,0.9955747418338435,0.413606815904882,0.3966937869077649,0.4800628020173312
1.9872834893764585e-05,0.0009041629225717286,3.1101727098123835e-05,0.9972624626730258,0.0007511151957498858,0.000518277619331495,3.753926925506244e-05,0.00013216467023836821,0.0003055779404634037,3.7725147372589015e-05,2.3484434313978276e-05,0.00019022651361382057,8.390089881379725e-05,2.3368645017979306e-05,0.0003236061304195048,0.00046757851570818076,0.9994366893966247,0.021884974448872642,0.9860102934726507,0.5040006046063924,0.3531588676013424,0.5328779438973559
0.5887162613581904,0.0022266774875043006,0.002483597349318075,7.480659371832803e-05,0.007748598701302362,3.421810208592489e-06,9.068006861093623e-05,0.5765602492033158,7.152562197581616e-05,0.5865748681356959,0.39092007281485963,5.472557953598478e-05,0.49957588090375904,9.844659381549073e-05,3.723235931999162e-06,0.008378935971184501,8.295663023771566e-05,0.002685764653812207,0.002407927927019937,0.47807645558784895,0.477088334785145,0.3695267704559372
0.002676246328182571,0.5802206736119975,0.001421493735981921,0.008309530611678223,0.5761445789525844,0.00080338304431717,0.0006124803887290823,0.5685049457191882,0.00029609660586801497,0.0013628127898147467,0.0008655333869096928,0.0001880534098468038,0.39262025375938503,0.00047683450783991973,0.0006273431143814277,0.4977247961961513,0.009116648038368702,0.001559663646103613,0.9970637341853302,0.45777400915385924,0.49022331013545395,0.47759608551055294
0.00047379267619300524,0.5818483544148038,0.0010554091831798606,3.135182328510072e-05,0.0005387884459837395,0.00021464474270701094,0.0006015154875880216,0.00036340592940226546,0.5845126860632209,0.5824833105744502,0.3914780575691039,0.5014762228416365,0.0004199812264005382,0.0006608127619409843,0.00023965469679665922,0.000589542623579074,3.646262973670258e-05,0.001154791821588823,0.9994816549939317,0.4336162260332847,0.43557001879858553,0.4666023545277376
0.00011984568927057562,5.952275678108212e-06,0.5840950490731155,0.0005929546989066169,0.0002894690404816664,0.00033265654473107304,0.5745767772138992,8.883311179436799e-05,0.5771293539273709,0.0010049782301021638,0.0006383944222585042,0.39067420865783886,7.03882775192604e-05,0.4947731758858238,0.0003636662708230075,0.0003155024787563525,0.00066274229274393,0.9998692218493126,0.03159357262093648,0.5006126453961258,0.47965958829925404,0.4579216535968059
0.00014610368663665828,0.0067132302262226185,0.5964089226402759,8.15340421208068e-05,0.0026497570338326433,6.906583126354737e-05,0.0006847982789525621,0.002011571233146719,0.6033857789667054,0.5999306005387546,0.3881251634772199,0.49580761723269245,0.0022122649220232757,0.0007468192810990298,7.58853646945388e-05,0.002809541169558276,9.114816824221041e-05,0.9928745418191408,0.9859566874529089,0.4718103328024211,0.2873533094000356,0.4583559350567405
0.5906552256383572,0.5762657927064762,0.0033453772702804773,0.0008134839235718224,0.5859691153243899,0.0006258637469191804,0.011794062870731422,0.002475216997294544,0.001231008665048133,0.0010145212560173887,0.0006384277436733781,0.0007742888575231761,0.0015876618956538453,0.00744819561968757,0.0003961530989783776,0.3931011479585146,0.0006435808411470526,0.0025809216746280894,0.4921605331408466,0.45633540676209544,0.39915085023682784,0.5075710466114371
0.001569750730766102,7.757469607522539e-05,6.175373672114488e-05,5.960309450800002e-06,7.964411883475931e-06,0.5924975766755811,0.589121619026529,0.0009933174750643683,0.5911395226789546,4.800970614175297e-05,3.0062455597132636e-05,0.3904553071142127,0.0007678556549789682,0.49746486188082534,0.9983205709111598,0.003223703276412698,0.002469581045083217,0.025002186068519987,0.031436229647768765,0.4225542737660741,0.35638808399192545,0.4802139633676701
0.001238951208415503,0.5762971128127835,0.0001425499471734302,0.5790319329795741,0.5913072303550845,0.0002228369466572511,0.0008095348457723967,0.0002546999992697463,0.0012267413294519724,3.236411668814372e-06,2.0430451203061193e-06,0.0007744032897981975,0.00016396287594149222,0.0005110326708821808,0.0001410935781303966,0.3988602261255977,0.5015116290267833,0.000157472343547775,0.9986314122331647,0.4794150758648912,0.5897382503204963,0.5003662054351612
0.0035773560156361524,0.0002579278043615424,0.0037750691780992717,0.4328000518657647,0.002655805330723611,0.00033389358646944363,0.8946634473921418,0.0001810790303490418,9.596395022435461e-05,0.0005154109517898967,0.0003276452511761785,6.097525528822021e-05,0.00011733183250893593,0.7078241512821227,0.0004818969595001574,0.0038091979831983425,0.9925313092327777,0.5163044475056646,0.045822561018795456,0.5058682762582296,0.4893651942357737,0.45786108469648595
0.992812057487793,0.0011696179808528024,0.0009542660122284813,6.295919916186093e-05,0.0010330363984897702,0.0003717352260259481,0.00013730877685688597,0.0026917374903455923,2.4353544740552012e-05,0.0007429278835052285,0.0004713758365273086,1.5424876607268152e-05,0.0018006527456123998,8.731536403386657e-05,0.00024024810294228245,0.0006542943816146285,4.238430208629385e-05,0.0006043751558659344,0.0007407512020847994,0.5050719474279458,0.4355571698641356,0.4692458635572176
5.2788903942062285e-05,0.01054785632716029,0.5803771519836102,0.001667633671636736,0.0014017763535329952,0.5737382451910474,0.00012729212348258572,0.0001265695739747521,0.5766042502087827,0.00013919045242145157,8.859926918866072e-05,0.38961549264372436,0.00010200853797765613,9.904159633108926e-05,0.5004532414242397,0.0015373914820881087,0.0019250668469604835,0.9884313487026409,0.9968141419217977,0.4974059970905282,0.46737412688381214,0.4492917885573002
2.4207714159512033e-07,0.0004984927915179236,0.4486421373004839,0.00012048840847347461,1.1247351938536977e-05,0.8931290773159728,0.00019340376906933052,0.00017941931094813172,0.0011201276355335362,6.369232931006733e-05,4.0521079477869124e-05,0.0007099178763137312,0.00011596105183400513,0.0001230665390112156,0.7052434024719588,1.5960091190616124e-05,0.0001753278058477339,0.9992926495989126,0.9996908559846657,0.543546341118787,0.46964747374869,0.45928110338116157
0.0025750691466129576,0.00028191881247804137,0.8955941986871355,0.012253105604537158,0.0009203886030116013,0.0013565350377232595,0.0004896169957350974,0.43771950164083956,0.0013612909243673542,0.00035606775464104914,0.00022666652353600973,0.000865983321363728,0.2943343729915796,0.0003493984735126297,0.0009702229145974335,0.0006541851491348311,0.008931213368269908,0.998158695673878,0.06942296043367291,0.4909245172361196,0.5008201469561255,0.5256411540427463
0.5892023608520928,0.008345501261767451,0.5825767671241201,0.5837762267536168,0.00019754864293330637,0.0006530973919219467,0.00020892102349693968,0.000661548340681967,8.993489904282269e-05,0.01648581210388097,0.010353524965171838,5.6486454818833e-05,0.0004237208718203314,0.00013121907242489745,0.00041143348779722693,0.00012407639161341084,0.39073137838688154,0.49638248618238967,0.009016823933275298,0.5414564874108216,0.5084068274547835,0.6092636087287753
2.2817750018021446e-05,0.001100399032474923,0.4484278602505753,0.001758177802328066,0.0009093727487911098,0.00014414946623472354,9.323534386355509e-05,0.00012910171237289045,6.278310929224362e-05,0.8987323057057749,0.7053609289389569,8.913000246309308e-05,0.00018327916976530658,0.0001323615057535869,0.00020464186065833305,0.0012909914996333189,0.0024301513921234394,0.9984374650693625,0.9868010103600355,0.44995211873917773,0.4951239819432942,0.4567749940845866
0.001125753470767526,2.007482507810451e-07,0.9952364412469433,8.878209338428536e-05,0.0011030194646044944,0.000473329737180156,0.00032898613228101077,0.00046773803829922993,0.0004024799964263664,0.000773269071862758,0.0004866325538433157,0.0002511593216514276,0.00030827940953684823,0.00021417198781321255,0.0003096729619353872,0.0007008886566737173,5.9481108671354754e-05,0.9992926495989126,0.00011272747016755069,0.58106174196605,0.38355315395044526,0.49388923813027424
0.001397421445718482,0.5903389237613526,0.000615064016960461,0.0021405585423185966,0.001444452675219327,0.576732979370379,0.571330218050408,0.002252286601739235,0.0013297915220338522,0.0015787663600719346,0.0009982514921201783,0.0008405695224812239,0.001451832588919585,0.38576597586113925,0.49456819035858357,0.0015577086053387762,0.0023671856512075262,0.000663287576866442,0.9984930766889986,0.5609072843864747,0.4672545601350001,0.45142775372421295
0.0003663068894440573,0.5728888049985457,0.5832002369198681,0.0012231704281141223,5.917539556707524e-06,0.00037659790449621897,0.0010292413417423867,0.0019004399573720743,0.5792944919184615,8.669257060643033e-06,5.818397873381259e-06,0.392469830493348,0.0015208218176025834,0.0008047265870423457,0.000295110496370887,4.6082629530813255e-06,0.0010025937263872025,0.5056818788125219,0.999592962435529,0.5338983608075599,0.48614059144618654,0.5243756328317176
0.0003600860304033811,3.508230299530676e-05,1.1282325999892295e-05,4.0970598734921445e-06,0.003460954058131457,0.5867456720912607,0.5890856118041566,0.001167335592224943,0.0012530280531144232,0.5818905790651456,0.3882890360926081,0.0009579771976136974,0.0009101076279614817,0.5003037134558185,0.9962357625505932,0.9336588061295106,0.00738940615044624,0.019847188310808995,0.06183125765589814,0.47635363500027306,0.379356482073437,0.5273627621364854
0.5781884838453316,0.00220619241376841,0.589398679329639,8.012456025675902e-05,0.00017765874435276017,0.0013939412687640268,0.0091624484105583,0.0004364570917990986,0.0009817842953240008,0.5825133846644939,0.3911651382739316,0.0007570360866633986,0.00035545105501401473,0.007093366920382538,0.0010968253052428066,0.00013699703608236586,6.567171744784864e-05,0.5061484624952777,0.00242935848462969,0.4320143922074458,0.575893094931414,0.4931388254828957
0.000174165634308146,0.4440461254048888,0.9025674859367497,5.2139823075851754e-05,8.928060260033007e-05,0.000546812297146372,0.001178213801873933,0.0009258805801892283,0.0016235622528065648,0.0007572377819633042,0.0004800937813659407,0.0010275812454299043,0.0006189284524856853,0.000748692024141559,0.0003531440539687453,5.6506900690951514e-05,3.473341920309607e-05,0.7089393343504613,0.9997526536071459,0.42953378984162616,0.4764040146389192,0.518045421219236
0.4457232128735969,0.005929371529588187,0.0024651381732970924,0.9068627515720175,7.590865141847299e-05,0.00021464168945299636,0.0009118901005452755,0.003690873704242299,0.0016705094534350145,0.001541909980712789,0.000971414818865417,0.0010524344667487769,0.0023712583970143617,0.0005745009410512288,0.00013563422036376422,4.7823332206236864e-05,0.7091629653244436,0.0035207274528695764,0.00846861669449703,0.5643079183077948,0.5641342503122975,0.4525947066429819
5.8661637102678766e-05,0.009209889889003873,2.2563719703652415e-05,0.5668024966618618,0.5761433139240238,0.0008007867136488845,0.000763537467285445,0.5685034287076869,0.0002960958202561492,9.086791789333134e-05,5.802104078112951e-05,0.0001880534098468038,0.39262025375938503,0.0005968190024325262,0.0006273431143814277,0.4977247961961513,0.9898954113208376,0.001559663646103613,0.995945289436755,0.45777400915385924,0.4904346178731626,0.47759608551055294
0.0004775731170581242,0.900496903438914,0.004094060086881327,0.010748768458745908,3.4616318715017216e-05,0.00035737446363833696,0.00015153066508173213,0.4369518522843954,1.9062123907097315e-05,8.73327062621536e-05,5.555947207191391e-05,1.2059589774553455e-05,0.2944552110629798,0.00010754933309562505,0.0002542178885888971,2.4471060402051826e-05,0.00799804398923544,0.00289437250272722,0.9996623883639125,0.5420346381256927,0.44019165104423363,0.530581920182436
0.00014977154207387031,0.011968429099055235,1.953392658195338e-06,0.5790109461272218,0.5865696448214243,0.0004398441711675977,1.920890673982956e-05,0.0005670946069777072,0.5767698228542191,9.304912866562742e-05,5.888117403346537e-05,0.38867869368307373,0.00044663923730500283,1.4835444189525808e-05,0.0003407246866032584,0.5040607695888673,0.9868418366929623,0.00010389701791579291,0.9920340964037332,0.4827258410988422,0.4561339856954263,0.5617985061860163
0.00013215372982076953,0.0008822802516626342,9.708974070012649e-06,0.5518471434158244,0.000504524020890579,0.00023406301651415613,0.0016390027386678615,0.0003031394380421262,0.5823337016896534,0.5764252062729469,0.3891562330880127,0.5008192248891912,0.000350918237428752,0.0018035884497550909,0.00025991744043886965,0.000552975731721788,0.9990222026182733,0.00692827158870063,0.9053553884566301,0.5217593382937447,0.4589456559915654,0.4530336199912758
0.618570383013028,0.005852732248692868,0.0012996262441085742,0.0022134881645465955,0.0015389714428780854,0.6157532232823125,0.617833646708889,0.003051428083438272,0.001446973165580919,0.0008883420177141282,0.0005183252822039686,0.0008405695224812239,0.0018722053709617809,0.390364230167625,0.49456819035858357,0.0015609611063243513,0.0023671856512075262,0.001294419626736325,0.005829365341128212,0.2009865932774059,0.4672546257810983,0.42648810406908993
2.495459785933646e-08,3.979560966344872e-11,2.406188209843863e-05,0.000246311526343558,2.6245976735294406e-07,1.0304584201005558e-05,0.4566545950004032,0.8991952374769138,1.695487118064978e-05,0.00015604847657111633,9.697848668246327e-05,1.0536836744010169e-05,0.7058515648540953,0.9996459851292863,0.025918380793200912,0.0006585274620279719,0.9395369705738175,0.9993397891407737,0.001015264209013638,0.595357418893659,0.3803424459449931,0.46875106027144114
8.413627204837743e-06,0.45108311425034575,0.0015454196094799124,4.7937817777967893e-05,0.8981966573742852,0.00042948371277868106,0.0022446720002920733,0.0005016450338721386,0.001104099112481635,0.0005991155195929989,0.0003803052123248434,0.0006993361735556191,0.00033559169905549285,0.0014274551006603722,0.00027758144259803314,0.7037264526114999,7.264397792052608e-05,0.0021810737386944775,0.9999877304681429,0.4372855046929467,0.5093822730894724,0.5325693595611657
8.392424481306601e-05,0.45378069614003663,3.576543878412271e-05,6.791647002898228e-05,2.2820090744883107e-06,0.0004663743757440637,0.904498037030243,0.0005473752129834273,2.9969306414273546e-05,0.00023950325835926504,0.00015101239489522214,1.879410447503131e-05,0.0003625497714027277,0.7050049662939696,0.0006676752239764493,3.201686848445041e-06,0.00010029290196654186,5.017772663577922e-05,0.9998822714017394,0.4181847867540217,0.5379095163490555,0.5838370744273658
8.03364280383642e-06,0.0005010789567390874,0.0005102978033086539,8.144456700801368e-06,0.4551034138504738,1.4801486871035654e-05,0.0003575382208411924,0.8880743424780562,5.453706047860278e-05,0.00014787667364576492,9.303511890855528e-05,3.425516054935372e-05,0.7035479978277485,0.0005021431839928578,2.0834655004007586e-05,0.9989994580188797,0.007433732143517356,0.5057649129958117,0.9897944802811446,0.4904158581926636,0.38705448851312974,0.47349556107654744
0.0037041250354309546,3.973473845895333e-05,0.5712477916431457,0.0019579797165712007,0.5603419545731507,0.0004269505189733513,0.5634093388572582,0.0002711664658040002,0.001131435148324088,0.009550296364330099,0.006041974622356422,0.0007153298022576121,0.0001810712962665344,0.39680282265729644,0.00034854179280724434,0.4917403360204922,0.0022853524716571153,0.9959449368852427,0.0067809350733588625,0.5721014786000872,0.47040188966247093,0.46995743200486595
0.007247696960953223,0.5791390729097196,9.45206073614029e-05,0.0005623396655375676,0.5865840826972257,0.00043236140877905556,1.9132783779477002e-05,0.0005475555728728787,0.5767805192022967,0.0013685263486330214,0.0008662914637070529,0.38867869368307373,0.00044663923730500283,1.4835444189525808e-05,0.0003407246866032584,0.5040607695888673,0.0006506131200087116,0.00010389701791579291,0.9920340964037332,0.4827258410988422,0.4559226779577176,0.5617985061860163
0.5893923801589899,0.0006850381231680185,0.006411092828810611,4.920172147910968e-06,0.002489209666209946,0.00032361730113445684,0.5878920184258785,0.5619283096473943,0.002813779288611759,0.0013924875966383555,0.0008762734964888796,0.0017700556608213243,0.38320536769876945,0.5004562375987602,0.0003517325612474367,0.0026886370610598523,5.449717913468726e-06,0.006924821887016375,0.0007399532757363151,0.4281299729355559,0.43229997346986193,0.45246875866673075
0.9352404356166247,0.002330605089081742,0.00021883488092107686,0.00017388413788967994,0.0009998200352559709,0.4668191366536001,0.00016225579531497792,0.0029770222111232167,0.001050257423620912,2.8567686423329153e-05,1.7409533551341017e-05,0.0006392953638959151,0.0018479524806315206,9.876581262113067e-05,0.295509384362978,0.000680613129265281,0.00012138388255103928,0.00014896727564895344,0.001586497432546739,0.4696335978047495,0.4433378108986114,0.29572321475472396
0.004333264691077352,0.5899244318792067,0.5886911848421434,0.00047422330912389956,0.566743385672931,0.000147558542952329,0.00012329050080730168,0.0023689346896403666,0.0012104554514642165,0.00040256338657612304,0.00025511510770047965,0.0007646229639122158,0.0015804815797738126,7.819172744035017e-05,9.511070905679486e-05,0.3802011818556821,0.0003850461723642184,0.4993317000775469,0.9952654848936586,0.559567864206466,0.4712015703187778,0.5586289728408259
0.45192636415960064,5.8840072461625464e-05,0.0006141689580532224,7.215701527289518e-05,6.051697616024489e-05,0.0001484670618654382,6.307792822766774e-05,0.0002017913707909716,0.8991333194513538,8.372665345102314e-05,5.3277805841940606e-05,0.7035388914310463,0.0003002775487190611,8.92259899505888e-05,0.00021344124504785286,8.526213717112712e-05,0.00010700182026909003,0.0008652725617770188,8.289440366579336e-05,0.4919299754112437,0.5056007694402228,0.4213328186945108
0.45464855618845096,0.0034192867187539683,0.00020443457524555312,0.0004525730131101675,0.0007474570488372849,0.0034914771346827383,1.7778869559269037e-05,7.550499577039407e-05,2.7063450710192406e-05,0.910844317200324,0.7052714606906634,3.7896343168371694e-05,0.00010864688639436503,2.4994919959201857e-05,0.00495342714204635,0.0010466745969694227,0.0006670426031931028,0.00028626728971398695,0.004787961967881282,0.5007959191864872,0.3966937869077649,0.41437503964196926
4.0849546893922806e-06,0.0014487412104098945,0.5771283558061361,0.5713901822507345,0.00016824811781622124,0.0008160198067211508,0.5783887493413873,5.740379103983477e-06,0.00022692771747338222,0.0004281186267288023,0.00027101732992595583,0.00014349355574649634,3.7015840398095946e-06,0.3913909720119594,0.0006356109125314096,0.00013023554458067542,0.5048260053111077,0.9984019324778728,0.9982050132122202,0.43682291676269847,0.449673510768198,0.5160260678466108
8.623006432230706e-07,1.3751304096229921e-09,0.0008314539633090602,0.010634060978662539,1.1312854704843551e-05,0.5840191126636433,0.5916061316146937,0.580989618394371,1.909539967278386e-05,9.636544716287874e-06,6.139898489891378e-06,1.186742043535161e-05,0.392634711958165,0.5033381928381934,0.9881540477364934,0.0006585274620279719,0.9515544139844196,0.9993397891407737,0.001015264209013638,0.595357418893659,0.3803424459449931,0.46920479907971757
0.45646145377266856,0.00014085879736741667,0.0018788830212461314,0.0001944395191192297,0.0015169366647042896,0.9119252591567707,0.0006847905396428648,0.0002866743273484936,0.001681492264370012,3.127126284391199e-05,1.9474870513717815e-05,0.0010471866906876617,0.0001820625462792087,0.00042646764233220233,0.7053297690651091,0.002115731722240975,0.0002711931838907249,0.002620549728855144,0.0001964601793639308,0.5992955476536841,0.39236252640388114,0.4718916242436111
0.5781874102841514,1.7487231308704348e-05,0.00020115243896850376,0.0004114683916087815,0.0006515401482604798,0.00034803188980624014,0.0003925627838320521,5.0219861645430436e-06,0.5849845038712824,0.578208447584406,0.3882428159668251,0.49979775681576,5.768627644418822e-06,0.00042864730676381584,0.0003862281935542171,0.0007085940131102105,0.00047564300676878647,0.00021875665269666285,1.9017262063437436e-05,0.5973105086676853,0.5060889973196405,0.4941764372169047
0.5765919595743563,6.323208121978852e-05,0.00011990706743040816,0.004440655994280538,3.9360661925782756e-05,0.5782232920792436,0.0002579896735498846,0.5720833672135957,0.00028162308428499624,1.1099188595970478e-05,7.033866493342638e-06,0.00017847238607668543,0.39447594585391016,0.00020083207187671093,0.5018638278371494,4.345938236730517e-05,0.005027999270364499,0.00013239608744069781,6.981741266431918e-05,0.4702120402299363,0.43967162284946076,0.49397579082352766
0.4500050600300223,0.9091587014612604,0.00184471890393132,3.414370966548697e-05,0.0009679095737212843,0.0003742190049492072,0.00013830938319826555,0.0006335740237093509,0.007081491868293561,0.0007557859632910726,0.00047515073270722153,0.004444395135453938,0.0004199812264005382,8.715209308400129e-05,0.00023965469679665922,0.0006074718271263807,2.2776674591751614e-05,0.0011577304538568879,0.7074234624085599,0.4296345954544039,0.5361299626651818,0.4099444724941075
9.622123958061813e-06,0.0004015323829788365,0.0003819667299720106,1.1546273065210872e-08,4.139086604905888e-05,5.160800028644607e-06,0.8962379128802057,1.0703813049518628e-05,0.4488050735581033,1.631412428292818e-05,1.0637611699747031e-05,0.2945403620557062,7.722593212762649e-06,0.9996067538991844,0.005948008569569119,0.04745286763859753,1.3599582508556891e-05,0.4840173785161287,0.9847477735821909,0.5505864392249459,0.4552189511751023,0.46878578434866486
0.00010944834726850814,0.0017198103743445788,0.5790044593814242,8.501737631182665e-06,0.5756640388389002,0.5783168345155076,0.0003723247596613418,0.000495130135847074,0.0016309624182990763,0.004374835858037474,0.002764968597194384,0.0010306863928026557,0.0003304759715730296,0.0002362305951463528,0.3984231384133794,0.49816718404354154,9.839015891078585e-06,0.9981052946315823,0.959543898628094,0.4332305687969176,0.528991961864853,0.4541769973604434
0.0005023601240024529,0.5781555109705726,0.5856307468534852,0.007873857136534419,0.0024344920171884893,0.5716421046583258,0.0008722056171235509,0.0006290028664990414,0.0019312607052238005,4.204197714761441e-05,2.7169830307052805e-05,0.00122867914971712,0.0004226572661493464,0.0005571194762005396,0.3852508600068403,0.0018832694408980944,0.006411263153013547,0.5040962157703188,0.9994468964881997,0.51141016688899,0.4914781882922948,0.5211460645420812
2.3721179088357668e-08,7.410937429585417e-07,5.276566664723501e-09,4.4373118948074833e-08,2.61229316002713e-09,2.1848322341976633e-08,2.862521072874249e-10,0.999964669079699,2.0487308269160943e-05,1.4004400556504332e-05,8.742948766114411e-06,1.279022537001796e-05,0.9999995360634173,0.00024522353741358036,0.01877592633717253,0.0022388520160845637,0.03805251178874086,0.004530366030122135,0.9796304962788636,0.6130221057692198,0.49761418723103124,0.41661010665768045
0.5712651790828844,0.5946391559691493,0.004823246058538514,0.0007896029261084325,0.0015427559276410107,0.5827834811828863,0.00015860243992153123,0.002712905608938638,0.0019512264696233755,0.00016735804467647781,0.00010559940682446708,0.0012276525465513297,0.001740627065563765,0.000100187625017565,0.3935602055420152,0.001191105778612732,0.0006251480405024268,0.003723834853652975,0.5127715630893313,0.5937200127642934,0.49134591213154843,0.44538612644823655
9.147130655602703e-06,0.0011157275056362897,2.4583022406320236e-05,0.5627661099689889,0.5819074421478564,0.5707379746393584,0.005972893883431875,0.003979980605827462,0.0011197194918549445,0.001035596775949274,0.0006590847751366976,0.000712287575654301,0.002581847801770735,0.003814797991366692,0.38912821258064934,0.5026419991547614,0.9987688816494753,0.014024152317272859,0.9947810517422156,0.5131981110404259,0.4756678463249202,0.501753219617278
9.057898232541365e-05,3.7097175350428997e-06,0.5809705982242424,0.0021656068218299683,0.0007550938987631048,0.0002818627123950446,0.0001259878032704111,0.5719494878292298,0.0013933869099064734,0.5755119948476173,0.3884104616245361,0.0010775298656537872,0.501252459165435,0.0001386091401310637,0.0003107969859660973,0.000827425333124326,0.0024334879836747487,0.9999006657546069,0.026059435979705226,0.4656357623524038,0.4429996404348997,0.5048077183162211
0.5860691922286434,0.002541206394461153,0.0008217484613575798,0.0004319369422492704,0.5751843734702682,0.572504111502921,0.0004641362478669313,0.0011572497990434338,0.001814319185712881,2.597699713075736e-05,1.7234048946139003e-05,0.0011462003358752026,0.000772168449584056,0.0002943908127401729,0.39366873680711123,0.49407880105513535,0.0004987723306518516,0.0008927267362281947,0.002760629272861026,0.5315598965420477,0.5587134042323325,0.4429047852097436
0.003183840339022514,9.055380640952703e-05,1.8391483441919306e-05,0.5645317781582676,2.8580613548133483e-05,0.006734851360348289,0.5763305474118319,0.5707415570990829,2.483412600092748e-05,9.59647260302479e-07,9.18102578623459e-07,1.575038337369812e-05,0.39376532772610523,0.5003915108231888,0.007465457213918419,3.148533768723949e-05,0.9964912735478163,0.0036760681757981536,0.018102252330721047,0.4532785845118544,0.46006507104979527,0.49993227019787806
0.005126038351393494,0.5881830397220836,0.0012226350742041987,0.5762384473421701,0.0002028110689596867,0.00025223979519252567,0.5869103032263568,0.0008074875712677427,0.0003539481307944404,0.0007273374851685946,0.00045415105473846503,0.00022099581606505156,0.0005141413258266947,0.39047741671828007,0.0001931789027682096,0.00015485719904546132,0.5014681722079188,0.0013232791267892743,0.9944521622955051,0.4070324930889603,0.4810149353994832,0.39699340365405467
0.9026622957481995,0.00027072764591684124,0.0018426151778050562,0.43732952755835175,0.0010436024546550927,0.0008382143223161363,0.0009812752296357288,0.00012824756189069262,0.001250667964020267,0.00027027231251612464,0.00017101860717694278,0.000789970894836946,8.260771054911732e-05,0.0006222923481422171,0.00053276375682898,0.0006591790412148174,0.29356174219846204,0.0012995925121295606,0.0001909420407745898,0.5170681703753969,0.42682238941435985,0.45268807373428194
0.0004844205746172091,1.4575266662494137e-05,9.261722520973882e-06,0.5488582125774295,0.000880790723115148,0.0002270196880534213,0.5819265455513648,0.005791923761785253,0.5832378916066142,0.001375746875331873,0.0008695217922217973,0.39298357123980293,0.004739768012634038,0.5035954314271797,0.0002534689687844333,0.0009706344905936667,0.9994659083218304,0.012166148714047594,0.019150667881337513,0.43967858091383205,0.48592228048995273,0.43858067211209667
0.5755108607788281,0.00043428935646426796,0.002021430565166514,0.0038766453678020004,0.00026613684090387094,0.5730616454632471,0.0005696124743246219,0.0009288298617221053,0.000988146644569947,0.5818377263084002,0.391232963445122,0.0007629993240776678,0.0007574881328382443,0.00044158457843280693,0.48714438996750453,0.00028492137636952213,0.004411407597992023,0.0021640314805184283,0.0004649290645756532,0.4242373189104452,0.5088017311241015,0.4426671178095021
0.00026151689360811296,8.13237496202423e-06,3.522308747100005e-05,0.5676049357628941,0.0014125481096936364,0.583236607392057,0.000872101629272758,0.001858193589362967,0.5757696723829653,0.0008058382569033103,0.00050942555033653,0.3873320558227631,0.0014594498841112619,0.0006743700178140077,0.5026299800977617,0.0015449551270564565,0.9997112646414552,0.08519474548393512,0.01979119296317343,0.4690931237687552,0.46726927623927855,0.42707400404737633
0.00015039278836391387,4.498984597884886e-06,0.005077252705437068,0.5610016420138263,0.0007553881608584393,3.3377880768366348e-06,7.699450134841398e-05,0.5709197714514286,0.0010144371829944852,0.5788652267047774,0.3921406166588505,0.0007897085911830358,0.5043600010174957,8.569307286501875e-05,3.723235931999162e-06,0.000837376177379723,0.9943691951018008,0.981140631083811,0.019039355473266573,0.46134389630052625,0.47980239464894386,0.49518293394739354
5.07881713672764e-07,0.00017247459607092674,0.6261309071154959,0.003365165696471726,0.0017568205882006757,0.6187967634334874,0.0005226079994642721,0.0010298828319997952,0.00019798711881459217,0.6197167491830602,0.38748333887823927,0.00014174473670040735,0.0007787458467118271,0.0003756449984689159,0.5026773825824721,0.0017862563115229385,0.003601304816679446,0.9998246419965711,0.998143019128069,0.21331583130676915,0.47046287533543807,0.528354438196753
0.0009881615191317955,3.068318831793904e-07,3.2919688649342463e-07,0.5808102152390863,0.0014261189899650863,0.004871097351032839,0.5785234504215511,0.006088538511021245,0.011821785889884641,0.5884812257343447,0.39632137025185643,0.009179503635619951,0.004821537958650816,0.49873185086941146,0.005355101189361083,0.0015631500479295593,0.9989169425439222,0.00021209332018563409,0.00019768204125840926,0.4930799417251084,0.5907851242972239,0.5306216063922856
0.0016200660227793603,7.69214869960084e-05,7.915351304922845e-06,4.9442358162746226e-08,0.583072260203351,0.0002318656052694334,0.5772416383313027,0.5663709249507205,0.0009555588006703508,0.0006023383442927698,0.0003818174209931297,0.0006054768275263568,0.3898881748690428,0.498071841385086,0.00025474393095132307,0.9982292393572361,1.9901989928037558e-05,0.003107016058033333,0.030205300862099993,0.49797310677948187,0.4358477168342841,0.5242597533176361
0.44987367130375766,0.0029728542003643293,3.545501744921768e-05,2.2080557420119105e-05,3.5914321409129416e-06,0.0004656299397864958,0.8966506403753417,0.0005426261947349351,2.9709293597799023e-05,0.0002382288317696429,0.00015101239489522214,1.879410447503131e-05,0.0003625497714027277,0.7050049662939696,0.0006676752239764493,5.0829250822861135e-06,3.2892172235562045e-05,5.017772663577922e-05,0.004207244332750881,0.4206326835933462,0.4948487657731464,0.4947907509470961
3.063793167980428e-08,1.2513365777305996e-06,3.5793623577869024e-10,1.1918408578060719e-07,5.443805577854935e-08,9.557137733962314e-11,0.9997186772978427,0.00017040610665739465,3.713359571780415e-05,7.23269496234645e-05,4.602825612433595e-05,2.35523936478252e-05,0.00011021872480498345,0.9999992015855157,4.8635978750934654e-05,0.027539522550807854,0.06196543593470333,0.0001820479213042736,0.9844165171730168,0.5389400174540676,0.45425656638505,0.48953425595441996
0.0003803634311906961,0.9924236715952299,0.0017942747691986278,4.7312019596813894e-05,0.00110376010538318,0.0007914219271306752,0.0001327086947425232,0.0009441331537437234,0.0016324414149885358,0.0007499128887952548,0.0004761769630800019,0.0010275812454299043,0.0006276944389005945,8.714815941712794e-05,0.0005223018719578134,0.0007074808561849349,3.197346273180624e-05,0.0011577304538568879,0.9997526536071459,0.43029339030505354,0.42802688777638837,0.4638935712840278
1.396433687545105e-06,1.3754028288134677e-06,0.0002709030434258593,0.4518234441101133,0.00011521996834306126,0.8899785074789055,0.0003247046201450681,0.005186810624099742,0.00010798434835292756,0.0007640946645475626,0.0004836552761313302,6.835173495655294e-05,0.003348060520145718,0.00020553314398373199,0.695207076200841,0.00015831301752202223,0.9996277713277442,0.9953941245055729,0.4951806420986157,0.5097254395142874,0.44378013069377253,0.4500210682946516
0.005874252115372885,0.5805401230010317,7.473406431368448e-05,7.377266906537641e-05,0.003414237510934295,3.374282404223424e-06,9.075027429017186e-05,0.5656992553344898,7.035566230339423e-05,0.5769801380461506,0.39092007281485963,5.472557953598478e-05,0.49797472372795504,9.991053649798307e-05,3.723235931999162e-06,0.0037438969535625866,8.295663023771566e-05,8.194990682482768e-05,0.9935587300791057,0.49985061866063085,0.47980239464894386,0.4688747939978584
8.989712879288945e-08,2.9905432587127244e-05,3.8277983085382203e-07,2.6245294369558165e-05,0.5806976449466928,0.5729702626200405,4.2386630733268136e-05,0.00027898888064585575,0.0012400803963067248,0.5792420955385437,0.3900547256264564,0.0009580489391831828,0.00022764736304238653,3.2877462730603865e-05,0.5021630749291083,0.999955367505674,0.4747584107200403,0.008148294700600741,0.9980864713130839,0.4806506937609507,0.5682721594162222,0.4529889947552456
0.0006171916985930277,4.6129435042437165e-05,5.059730259704793e-05,5.462157203298818e-07,0.882258835536765,0.0005883580291584234,0.0022242429314885317,0.00028777010578303177,0.4412330478571301,6.30262369299161e-07,2.889783393534605e-06,0.29063961981454356,0.00021537775434977806,0.0015890402244460242,0.0004254277262658372,0.9995455362137715,0.0005821301918873447,0.050273096967397735,0.04596912261742442,0.5069630268529457,0.47175992805464095,0.5061621086413013
0.5826601232057795,0.0071234970008192035,0.0017772894296860227,0.5800152522004539,0.0026977478377792183,0.00041700590276856056,0.5753309830766268,0.00013092488206763663,0.0003286651127133586,6.717365125876034e-05,4.261654486791878e-05,0.0002085128295648786,8.470392899344527e-05,0.3887084830042748,0.00032387410885084797,0.0020889572464252645,0.4985426246278736,0.001941817023912812,0.007783071036184308,0.4571454162501739,0.46429774900375276,0.518725085328447
0.0019328225214693784,2.6559815396023404e-05,5.8672645887470005e-06,4.277555604850404e-05,0.6429237709934651,0.6282534846109696,0.002020519399060516,0.0022700748895111166,0.623989614151649,0.0020164138303502923,0.0011709639559534285,0.3853838369779321,0.0016470175339583634,0.0014322815659387734,0.4946382175475048,0.9980855724101245,0.014826450115537848,0.001932445129399274,0.008747947857540517,0.19847244477908224,0.48510559187811464,0.42657341182096714
0.45228006129682846,0.011803554945100055,0.8974451424909599,0.0006553492913669735,0.001773371077200976,0.0005351283467731461,0.0011440592445344378,6.153414952192401e-05,0.0030078513260021,8.207446703696828e-05,5.468789511950227e-05,0.001892557250176515,4.0892748099738353e-05,0.0007401765498697263,0.0003530191912273537,0.0011362025476020225,0.0004427062451361828,0.6942782384617018,0.01607584441989729,0.5936336347083851,0.47580797681708675,0.4507432164136149
0.0025020008948218563,0.5801216413219696,0.007910371619981173,0.5635480082252599,0.0014983209872468865,0.001254361624166464,0.0005048304947112706,0.0015055372452720153,0.0008189863705371124,0.5833000294605591,0.3940302075822424,0.0006367000495034773,0.0011935820694853802,0.00039246720934978335,0.0009781091689494716,0.0011648329745346537,0.4987527548826257,0.008680227184596906,0.9972544390498712,0.4720043510400732,0.56246209472347,0.5265400606253235
8.52772379553867e-06,9.423102289501875e-06,4.040342711456124e-07,1.51046562656421e-07,0.8948814041972541,0.00047368560742157176,4.281408439689812e-05,1.5769458354453164e-06,7.775612242782482e-06,0.44711353688428873,0.29498172402322886,5.53159447227743e-06,1.1440228244953129e-06,3.0457976797475814e-05,0.0003379956801709505,0.999990953925014,0.007754942267794052,0.020232697251932386,0.5317387360300809,0.4889723462165672,0.5114703573203793,0.48969773671857697
9.35953205282463e-09,2.1262573922864712e-10,1.03877958902227e-06,0.0003415394757041277,0.0003689747089069749,5.9278508875326586e-05,3.1758561390316453e-06,0.5702590326145083,0.5775867283080808,0.5832006121006144,0.39370638382383455,0.4978324952696412,0.9994392525379323,0.003962929577657037,0.07430546024593576,0.5165812767847947,0.9981117771970485,0.9942628952259807,0.014460432065586577,0.45259114016806345,0.45332143011399945,0.5388666549702289
8.172237430307885e-05,0.0022647787989472042,0.8981634493044689,0.0011914696126608493,0.0018793672644180544,0.0004822897535210881,0.44732659388008167,6.136675018474238e-06,0.0016235653618897488,0.00025446288902330284,0.00016147009196785213,0.0010301029646436974,3.970512222579406e-06,0.29417201611283206,0.00034287885365100364,0.0013321045798938558,0.0008660297369397474,0.9983936948663585,0.9770389259073118,0.5168270571125104,0.4941775391176097,0.44457482670245685
1.5551551149111034e-07,1.691624032092252e-08,6.707076394818749e-06,6.492136192575081e-06,1.6214863787990098e-08,9.640744642494134e-06,2.8135563024778625e-05,0.8791394187336625,0.44748870513604533,6.322585118939327e-06,4.171410542029711e-06,0.2947289558619597,0.9999777544662556,0.7153761469448036,0.5082980593163569,0.0010921808149328312,0.4975535087658043,0.985155079291191,0.06897951627680124,0.5110906906133555,0.5034958234100411,0.45688045625241736
6.0237002497948306e-05,0.0013696609417694712,0.9060414975859435,0.00010018492139512945,0.45676377461846496,0.0018036695150306103,0.0026748834015746284,0.00033065880065895635,0.00012661668932019827,0.0014480030357327605,0.0009076460573280347,7.91527164933136e-05,0.00021831887005413595,0.001706863092351002,0.0011505289041636667,0.30195293915178484,7.558483961859336e-05,0.9990366323299695,0.971090008269713,0.6106067461518179,0.4938474795058218,0.5780609228667342
4.318830889314051e-08,0.0022408056136079975,1.563517602512872e-05,0.4399414301936464,0.8983929274780681,0.0004378807131285777,1.1214113927097656e-05,0.0005196693067436051,0.0011043436130180073,0.00010950757059877027,6.965572481016041e-05,0.0006993361735556191,0.00033559169905549285,7.129863770375788e-06,0.0002790280605055025,0.7037264526114999,0.9968379663671172,0.004441972639720543,0.9999877304681429,0.4354431023693676,0.5093822730894724,0.5324036887966106
0.00023701359024801713,0.45321397601635216,0.002337182252220885,0.9149323093859723,0.0010737336762878416,6.088938979417422e-05,0.002095914350290749,0.00033057046652218793,1.842201012746861e-05,0.0021259203047196084,0.0013255268680426868,1.1486271698690786e-05,0.0002101881846466423,0.0013068164098651858,3.8079401419533355e-05,0.0006694813748385285,0.707205035261929,0.003282993802473326,0.9996670833787439,0.4264236667176795,0.378030384149155,0.47278187342868594
2.4560467526870395e-06,1.1365478159426122e-07,3.2237569902154017e-06,0.0004802344914792706,0.9099843920512719,0.003176908447738094,0.0009673889190119458,0.4373625407317007,0.0003328980378386057,0.000862122322650329,0.0005417336091796511,0.00020912490721256775,0.29011891370507203,0.0006794853129197341,0.002236456754920409,0.9996554639714212,0.9947591117706763,0.585214981036475,0.0294398515051586,0.49279691044302537,0.39482157091680703,0.45207893185214626
0.001750587010177159,0.5914922451433366,0.002919957253063432,0.5522744377085921,0.00020060675724874923,0.5829071094658562,6.1625945920807e-05,0.0011278162631732863,0.001971820797501239,0.0017111994352335715,0.0010826729623121313,0.0012475693208558458,0.0007276766182861382,3.8990637258460334e-05,0.3947252940315287,0.00015595280006182972,0.4861735143553268,0.0031427239429467377,0.9981159224846582,0.4335294717023874,0.5238949450336285,0.465226315351845
0.000232807320773227,2.6825594076870964e-06,0.0025840488195098344,0.00018506946488963677,0.00011455689093809123,0.5847705971587825,0.0005401323757751947,0.0002461722616927376,0.5865187589807013,0.5847842419028805,0.390448220764889,0.4989605947400022,0.00027159475679233225,0.0005866980546134922,0.9971828452604244,0.02801632168171092,0.046484866378716724,0.942797432236767,0.007335466926303354,0.4939984331286956,0.4848435344608769,0.3746059226074562
0.004650900464636791,0.0050912649680409415,0.5910484777841192,0.006698079367209424,0.00033620203829508213,0.0009119923025692542,0.5858762546440432,0.572271751287498,2.4677134142441886e-05,0.0004289119985800248,0.000267895239100243,1.5395634147852473e-05,0.3910120503157102,0.49843589558789325,0.0009951215437986774,0.00036208086968912565,0.0075928509833543545,0.992573126133151,0.5287707648129863,0.4211712600391612,0.3813153116143564,0.4892679724626396
0.0003559502880023675,0.588518418946344,0.000701745215026777,0.0010415471924020813,0.000661119865304599,0.5757618399222254,0.0005575237681457709,0.0017888417600462427,0.5891858622009706,0.0003829985878888157,0.0002400645067156895,0.3924368339198704,0.0014464557111215416,0.00042853996470128633,0.49947217738422045,0.0007152018267334752,0.0011976113968263367,0.00075911624141454,0.9996101532544366,0.5765205351241689,0.3848434535519078,0.4995261044499823
0.00044321200750172777,0.006121848920906542,0.6280488834926078,0.000991809315493575,0.6252465912971702,0.00026833100263682936,0.00537536545995685,0.6126648352923476,3.2358234885028954e-06,0.0011197052195702237,0.0006575295701808289,1.899775274335103e-06,0.39091893887486656,0.00387677707822482,0.00019396119133461144,0.4985648314545221,0.001030906996742772,0.9937786249831088,0.9539915220546724,0.21413224503519915,0.47926282253610636,0.5467194510331712
0.8975008903925195,5.769412780493558e-05,0.001054053396523126,0.00013840339358655055,0.0013585705949853612,0.000504149812574495,0.0004747303348791725,0.0012690305928629163,0.4460859075134124,0.0007579498198293198,0.00048181559922712134,0.2936939362021937,0.0009508770574829432,0.0003381374347780609,0.0003649557502523467,0.0009638151982938198,0.00010334565883926387,0.0007477570945135857,4.09276130118049e-05,0.5423931382701044,0.4913171521710082,0.5156800108946564
3.980469629596675e-06,0.0001006050428568794,0.9080990146453565,0.0012442125770012972,0.000487917065931727,0.44988951325557297,0.0025369110383833358,1.1301490089270316e-05,9.081515175221673e-05,0.0003740733351229044,0.00023486319595219943,5.682061977016451e-05,7.468278980739501e-06,0.0015936188673384216,0.29798603861027384,0.00034206848252519217,0.0009271498992186773,0.9999294160757113,0.9745113345248266,0.5128575342857082,0.4969957933958596,0.36839813782058806
2.659446552085357e-06,7.370148803377747e-05,0.0017600979204699366,0.8983128844952938,0.001865062874739217,0.00021286151396650258,0.4465801861701639,6.135491235517718e-06,0.0003968534945127342,0.0002544468018020816,0.00016147009196785213,0.0002518402901180618,3.970512222579406e-06,0.2937041185297418,0.00015130561259077586,0.0013217369832764815,0.9987515623884728,0.9733410180876224,0.9770389259073118,0.5094017412701938,0.4941775391176097,0.44457482670245685
4.650023526526638e-07,0.00016076401205743657,0.5836280694591991,0.5504533544576017,0.00017092640601624575,0.0004960920290216001,0.000485669127090098,0.000957090087960804,0.00018399300047838193,0.575913857313216,0.38748333887823927,0.00014174473670040735,0.0007787458467118271,0.0003756449984689159,0.0003899718928376042,0.00013167747682715482,0.5008011671928653,0.9998246419965711,0.998135640109955,0.4362745149855099,0.47046287533543807,0.4518212471750878
1.1319031895409206e-05,0.0002033243113145697,0.0026915381134892977,2.493842322980319e-07,0.5782168333826994,0.0011628601367233348,0.5786483043840954,0.00042316207029969796,0.5837455896375746,0.0007565051227094003,0.00047923206448267366,0.39457351285518294,0.0003358301416842395,0.5002331842803028,0.0012841563861592264,0.9970281842333752,6.0316463848130786e-05,0.9519260213137566,0.9645972214509743,0.4344771830716147,0.4751199110322843,0.4935417479959064
0.0035271819021330747,0.9586590259261781,0.4797051987150196,0.0001670884984111904,3.048346910197097e-05,0.0035378560843648166,0.0004883708798607879,0.0015154657908971762,0.0016029042713499339,0.0008897963574291393,0.0005287400838047509,0.0009519651036054356,0.0009505995639845035,0.0002912025775073983,0.00212877685676105,1.8104123642043017e-05,0.00010444704433826895,0.2953722912177582,0.9976579241546553,0.5419140857598018,0.24640862197086946,0.4234188561656091
4.3092015819459985e-06,9.64381737476023e-05,0.0013120785153919784,0.00231976423649808,0.0014255983980430325,0.4560838198463379,0.9163407761765165,5.83366462466817e-05,3.5784479890348844e-06,0.00032053207067641497,0.0001987765123755142,2.2157846270838472e-06,3.6836340006738026e-05,0.7054168746619606,0.9957467006921231,0.30784193114487024,0.6779128335827985,0.9532462603287433,0.9715733913143028,0.6110087763306904,0.3819273461527415,0.4568329027840543
0.0021277582989506555,0.45276320653290747,4.783225699187862e-06,0.0007122075178096107,0.0015024803385820296,0.8929170871977301,0.0009818929039962835,2.0429486268820935e-05,0.0016959921160395227,1.444051100002991e-05,9.445801468260335e-06,0.001073118256294159,1.3182075371113901e-05,0.0006237673238195105,0.7028482025078749,0.0021126149953611334,0.0010269288088449373,6.725572944477629e-06,0.9970083282070834,0.49563989704700967,0.538725607873345,0.4320567928585301
0.5822295760396828,0.009497724030154904,0.004457372038063383,0.0018622236115823786,0.0015195769723241731,0.00014543554763752836,0.0003597960122938666,0.5775650764260643,0.5833623447747694,0.0006474721620438296,0.0004068811795929528,0.3906527480506457,0.5036339409122628,0.00039336002315518734,0.00015948187700691945,0.0016613354283794013,0.0020359525320381984,0.004873237809341513,0.010384400893648907,0.5347549380605413,0.4707711041776859,0.39514663343211265
0.0022692310695693768,0.45619220887088824,0.000984077320810531,8.302923024544922e-06,3.690127486454081e-05,3.792010908161152e-05,4.2286975746596194e-05,0.8636300679622145,0.0010217341570127707,0.0006062883183726693,0.0003792751988945674,0.0006377944880277025,0.7047823498834259,5.9251174379421173e-05,5.400000275482351e-05,5.14987628550443e-05,1.2316138360883198e-05,0.001373296609826321,0.9967937907429629,0.4338667433172458,0.4677945030985018,0.37983462643599447
0.45440511357312663,0.0018201260732389926,0.00036152922083952844,0.0006229614750107905,0.00046691791747004174,0.00018873296118828616,4.228435613274987e-05,0.8841541293954827,1.627325076679987e-05,0.0015663543460712284,0.000981923357293999,1.0198276800360193e-05,0.7047823498834259,5.948149711220807e-05,0.0002679134550799426,0.0006541951466646783,0.0009186863804680796,0.000506526446826282,0.002550087695012415,0.5038455484873382,0.49517850367267396,0.3742711526986906
4.962989601111673e-05,0.0007380507896476938,6.774656003368092e-07,2.1898609595546346e-07,3.1323215184600585e-05,3.7128758145090634e-07,0.4594008796655808,0.0012706772810683515,1.0319355956309193e-05,0.9155807762196112,0.702918316348661,1.4243193660292439e-05,0.0018523704046022622,0.9989781124901312,0.00032576863508880955,0.02694176728085182,0.00020031976198837172,0.0005830231744887882,0.9567235028275415,0.4803581039165155,0.4941517948999892,0.34259393934430066
0.002190330234502436,0.00035690583927337294,2.060610142492119e-05,0.0003865612074286505,7.253759231515218e-05,0.8971244705274068,0.0002938489832999711,0.4372069568413767,0.00019153777599411793,0.0008034050674415309,0.0005082930751066704,0.0001211083059110224,0.29204486073592406,0.00020805322866044806,0.9984094203501037,0.020477539447493587,0.11252967812674286,0.005911279715563295,0.10283427296805198,0.5468817310261463,0.5673982348626946,0.4900228859530457
0.002863536772888557,0.5760087278431393,0.5891270101933983,0.0008138136755978356,0.002767777802789299,5.454335110875213e-07,0.0006296111047791154,0.007261830957048004,0.00010027236265973875,0.5799479095716384,0.3904599147707434,7.747772346454115e-05,0.0059263211535673654,0.0004884475793279809,4.3005237558509145e-07,0.002138665152007303,0.0006683845291566765,0.5071700078378325,0.9967956886263379,0.47798764965073315,0.4771283951671466,0.5809550406372161
6.884898254457158e-06,5.7761238047626585e-05,0.0008495305814267313,0.0006275086155420524,0.5770839333425599,0.0016112229553880838,0.00016068552356513237,0.5648395524231903,0.000879649503574208,0.5791939516911686,0.3932027498643636,0.0006868162871173948,0.49940430903894695,0.0001779717693675808,0.0017885717671079868,0.9988225837347204,0.4119824788536678,0.9564769548109373,0.92447635716859,0.5092160746615866,0.4936011431802625,0.49647566926944897
0.003983715803016206,0.907460571729277,8.835815069722713e-05,2.232976172211661e-05,0.4477742462698889,0.0004503075166751094,0.0006046753453335445,0.003028806538006522,0.001702199417604637,8.395768172902026e-05,5.3641872813012074e-05,0.0010709395760592254,0.0020126319711652138,0.0003819535178135677,0.0002890888773958449,0.29183051946180005,1.665136965376475e-05,6.198744446010915e-05,0.9971704172295189,0.5515023686884497,0.5776872815005077,0.5564145676460737
0.0033052681870832526,0.5719961180392171,0.00024698817432035705,0.0015999309260746877,0.0017840572669970882,1.1704236769100545e-06,0.5633228452870717,0.00026330157562505594,0.0010201308730753967,0.5733611457521726,0.3884612589264498,0.0007919686908382554,0.00021589464045622896,0.5086546871254524,1.3659348252221398e-06,0.0020221931238380586,0.0019120321048738398,0.00028182589209641007,0.9961990386859015,0.507940718361324,0.49446174399692366,0.477731060634177
6.196032443947013e-06,6.420712315832767e-06,0.0001526841926971735,2.2170309333084593e-06,0.579890570617135,0.0002793403769407701,0.5708195476133368,2.738336399164039e-05,0.00021326433404919684,0.5813957617741491,0.3943655493169169,0.0001665252586972574,2.1972332165465773e-05,0.4962534885845167,0.00031070470983069354,0.9998320769704431,0.00971251124840633,0.9628397978668917,0.5113497280534469,0.5334286984601608,0.5136522266215725,0.4920298070231572
0.8887301063127034,0.0045862453840456565,0.00041577526418967964,0.0030901003300535827,0.00010980415170957624,0.0008366981173835551,0.0008552469073229108,0.0008251184797492077,5.543975134439841e-06,0.44117409583099754,0.29021927161553557,3.922574953840852e-06,0.0006166000118143781,0.0006075372006634429,0.00060406575851603,7.769007477633459e-05,0.0023238518961482837,0.0002941627647738608,0.0032447347669949055,0.47445806832027,0.5376393098271098,0.4940759695097036
0.005096128068526296,0.8972033480423744,0.0010538445327846647,0.00013885650480498855,3.3622005211534e-05,0.00029006089236697716,0.00047661678840009035,0.002038442964521429,0.44505284915688487,0.0009975988839961273,0.0006349873652439378,0.2931657818897838,0.001527751243255811,0.0003381374347780609,0.00021002550828322114,2.3858238155844107e-05,0.00010579079511179279,0.0007477570945135857,0.9962636654277603,0.5340888414149231,0.4913171521710082,0.5152100186847418
0.5837905269493128,0.00011174022096453226,0.004566168864658437,0.0036260450504890817,0.5803866268578952,0.001078162406212425,0.0003158955711681239,0.0002340467440597853,0.5759734766205017,0.001387144778977804,0.0008793032449449442,0.38867869368307373,0.00019117863173062578,0.00024528667109086956,0.0008448088004969862,0.49817042625336105,0.004162356304843646,0.0049798859696754405,0.0001218634588295534,0.43386722677945916,0.4842087323908581,0.49455168279020484
0.9082991395889844,0.00016860951853766497,0.0009544205684379555,0.00031857884657456937,7.265511194373326e-05,0.0005013206674592654,0.002663332732266808,0.44053788264249694,0.0016345185925255691,0.0015653427628756493,0.0009836150942640846,0.0010269247483084645,0.2924258360944144,0.001874279724765367,0.0003535913634045363,5.092614295229049e-05,0.0002289876157225354,0.0006689739419913146,0.00011818094242061188,0.5610001121426494,0.4145967213071601,0.45234697208265007
6.399945735367867e-05,0.5875115207002197,0.0023054884746403063,0.0021893436356119392,0.5771149394138343,0.5796057579508107,0.0005948209427524794,0.001220290020733798,0.00022221279086643875,0.001007152077379243,0.0006360432513447534,0.00014033328185190447,0.0007858813427714061,0.0003756443779940394,0.39131953573272343,0.4943184756389329,0.0024327811937125323,0.0024982078113667894,0.9999306533811544,0.45418506244293355,0.4303478020383588,0.46661274753013876
0.005469682977769836,5.0101168148492295e-05,1.112133227265061e-05,0.609255280019626,0.023058963918951996,0.6016542940976507,0.6036485570581672,0.0035782521982645967,0.0013860676101227942,0.0006318245793797697,0.0003834564221963932,0.0008412091309471465,0.0022145924296589174,0.390364230167625,0.49672133514980826,0.024082214248369063,0.9942848388233909,0.001294419626736325,0.0058313382422750335,0.2848304416849251,0.46947933946878045,0.45835013153936033
0.5649542997940493,0.0041471520459049815,0.5758962255770195,0.001433186865935451,0.0008243639051131339,0.00011570598071782,0.00047531640627556315,0.0017806269375813782,0.5808297052797976,0.0007161106071890093,0.0004561817992966747,0.39236619576349213,0.0014601808197750887,0.0003767032767476625,9.166803305622008e-05,0.000651748740781442,0.0011946926242875867,0.49567902005297104,0.0045226524186700034,0.4872974240302891,0.47269114791058353,0.4374657446746752
4.723893048259192e-06,8.932174215523846e-08,3.7162636028991856e-08,0.00045874791703014915,0.8964400634532879,0.00025352324117089236,0.45044627183681557,8.156020933010855e-06,8.508710538921427e-06,5.778838596972736e-06,3.818086355075918e-06,5.394931115272581e-06,5.273545108465438e-06,0.297452690104395,0.00018117073584414194,0.9996659009250053,0.9936065035195027,0.005007469954010468,0.012036484025170768,0.5463374308489325,0.5024309219287894,0.4563825289613062
4.444156145242209e-05,2.361066781242254e-06,2.3891932123323198e-05,3.21828802583114e-07,6.082877313826797e-08,5.580141089848232e-05,2.1922897889985036e-06,9.054620010198246e-08,0.8941735627254919,0.4482922556395307,0.29585353617223364,0.9999463011123866,0.0007793735119753867,0.018506796075515808,0.5326077283021649,0.0007666638279413215,0.004159551714995241,0.313666598461479,0.033791361312970114,0.49210056484160425,0.48637875166694616,0.5028231239048446
3.054865182216698e-07,7.020211132025211e-06,2.2795653358466097e-06,0.00032521377869701413,0.4467224037770049,0.00021125313795948672,0.8933793818726814,1.1365367149171824e-05,0.0010656498444651602,5.577238553560031e-06,3.8533552129484075e-06,0.0006770316410157387,7.36343152710206e-06,0.705830562007236,0.00030294018082856785,0.9995246229550947,0.9859006231999081,0.19970692354524167,0.9723156729492313,0.5052354392053511,0.5024114336410037,0.45519335459509846
0.002763957297123503,0.5830648011223211,0.0019605484746136386,0.0020963315142317304,0.002900372439300404,0.004139794236844578,0.5713875590725307,0.0008541101497401736,0.5797277494193482,0.0015419760924930616,0.0009707522716017384,0.38678331415548495,0.0006887664084050515,0.5070668808148778,0.004739463707494562,0.003225078769148976,0.0024577024859000255,0.0021946203982282837,0.9968818570647373,0.4224366675199439,0.41977369429316086,0.5553859158183936
0.002308462574023438,0.00010200492273134437,0.0021959304687699907,0.8859797394938012,7.526347078399913e-05,0.4503942033984841,0.00015991165230454883,0.00019452453407313642,0.0012507022351208514,0.0016384160779981578,0.0010279964838994676,0.0007847166971690959,0.00012446170545788197,0.00010033165123150974,0.2937508109715051,5.27370093259278e-05,0.9977664423750026,0.4838025093900855,0.02811322793641091,0.40356070949634704,0.4411107329836084,0.5435227498823634
1.188438552173618e-05,5.159116815753498e-07,0.0007989092778109412,0.8578837228964535,2.9024005192872867e-05,0.0013647112719916165,0.0015576722906222545,0.00025652323111354793,0.0001978795129512761,0.44992043023247497,0.2942908797044288,0.00013951416299104805,0.00019102126909023733,0.0011026177818470595,0.0009748413985632295,2.046314535328976e-05,0.9994366893966247,0.9905227356221833,0.02762148442484405,0.44531903633258213,0.4381095476526618,0.45515300415439164
0.5906450806382114,0.5822265359266348,0.0030316145916651134,0.00204605012310826,0.00034625268395916775,0.00048223807274243167,0.0009657469369505827,0.00015676475961905884,0.5856475559319799,0.0015296501435906043,0.0009591485576528466,0.391423426959586,0.00012271450413741238,0.000741322834504482,0.000371289431036768,0.00026578939920726577,0.001570582346558319,0.0023271129307392115,0.49544127008917405,0.4123678152603267,0.43588593141133114,0.4409102436286379
3.0472533054708374e-05,3.8232136157672806e-05,0.0015316417385516743,4.612732561374478e-05,3.619878688426625e-05,1.8890955506993047e-05,0.44781524269254114,0.0017029116535659747,0.8999922492559926,0.00011600969688636802,7.371881366450468e-05,0.7050512470062777,0.0025466829581147392,0.9978283840843509,0.00794484732017614,0.015028306775088877,0.020163414855801254,0.9796871469833045,0.5716265672746352,0.5116015086845002,0.5620179881009515,0.4545328181562462
0.00022481623190798386,0.5808452699474066,0.000421479058615339,0.5763781276406019,0.002710626463932569,0.005040667657846331,0.0007217766560582615,0.5611636308135681,1.9151012614913752e-05,0.0010994125185249698,0.0006949816148257518,1.2106105010419423e-05,0.3847433292733316,0.0005544765338894864,0.003883986902001607,0.0020823760843302775,0.5055537059643245,0.00046195498833463255,0.9997536046123502,0.4334965252538225,0.47629307198227977,0.5458652081457013
0.582782093342354,0.5818242824251667,0.0041062630381707805,0.0014751868838796894,0.01564374639864291,0.00032752078536077634,0.005445874051855236,0.5632759616758691,0.0009889013426041156,0.0006032779570266282,0.0003818174209931297,0.0006253743591555727,0.38998350378521596,0.004226207323452663,0.00025474393095132307,0.01209264157495027,0.0012003881467725025,0.0031744940747656424,0.4994913190702761,0.5003404953795325,0.4288527348229443,0.5402625045947911
0.006017481747185195,0.5786127653242817,0.0009050035674767671,0.5579255987758608,0.000592809679271234,0.000269526973138591,7.3150333016765894e-06,0.0011884730204761843,0.5816168396660513,0.0007853327349726821,0.0004998716366048661,0.39506109369611836,0.0009481833824202607,5.722899496704006e-06,0.00021149913847504973,0.0004637835571548484,0.49640510410456884,0.0009956866145603028,0.9933797177817657,0.5025739702167832,0.5022071284524781,0.5142993594206082
1.0618292123452027e-07,3.352994158428087e-05,5.6964106837392766e-08,3.00705700569521e-05,0.5804771676112312,0.5795257081596318,4.2424395753011524e-05,0.5721895257888843,0.0015163703612234801,0.002160481206601742,0.0013649985397715114,0.0009580489391831828,0.3931826060599197,3.2877462730603865e-05,0.5004353085498341,0.9999500407550634,0.4733792770679968,0.0010815587761742788,0.9979840219049325,0.4803263238303648,0.5707781121921518,0.4527982476073069
0.0017055645264022045,0.5846889428160748,0.00014555274380214874,0.0032461697228897985,8.069237042169349e-05,0.5896719831490179,0.0008343707416284578,0.013402530084499353,4.240802773444363e-05,0.5796854240668622,0.38748333887823927,3.245787344210738e-05,0.010461175718508287,0.00063868749910814,0.5036583745613803,8.785920148907198e-05,0.003624522106181791,0.00015848124884648707,0.998143019128069,0.4813379625652181,0.38731592789539654,0.528354438196753
