obj_0,obj_1,obj_2,obj_3,obj_4,obj_5,obj_6,obj_7,obj_8,obj_9,var_0,var_1,var_2,var_3,var_4,var_5,var_6,var_7,var_8,var_9,var_10,var_11
0.004933321890438658,0.580076690111435,0.012149204017442848,0.0014401711535174193,0.575575186204777,0.0028105740074596364,0.6058610925877261,0.0031031155390719707,8.062561296823012e-05,0.0025566793824912566,0.001582752526375195,4.99126548856762e-05,0.0019210392906505145,0.4010817245479161,0.002284633576020101,0.4998452521799812,0.0016533414926308385,0.013575407414700761,0.9944663204039796,0.3546809752151201,0.5088745297496734,0.415380712686135
0.0040610414669058365,0.00394300076872357,0.00015440740195504234,0.8889907564931896,0.4429953511599881,0.0010314949657809869,0.004881249965329937,0.003037305545842525,0.00028776144825220547,0.0006377460883893543,0.00040228165832491996,0.00018151607934369226,0.0019158947279228067,0.003079053334491718,0.0006703715675733877,0.29570242484389664,0.9959247462065907,0.017191236950474642,0.4862619214442503,0.5267703934810114,0.4269388940186329,0.4434932130441563
0.00036591941352449246,0.00011074563710415337,0.5886958109453005,0.003784401413502171,0.00308846215730593,0.003620451573742374,0.0006224868183539074,0.0021716014242197587,0.5862858053381858,0.5880527900061666,0.39210345256436674,0.49867427032369327,0.002348243055247834,0.0006731240980675955,0.003976363148392897,0.0034084236248117664,0.004153618019717873,0.9995759671165879,0.1846938857248534,0.37464997225694163,0.45503980350015194,0.48668754243742757
0.005403160295761771,0.5832100990132246,0.00641715615709401,0.009423954550824837,0.0021121190343140668,0.5719967177686921,0.0003243726061245714,0.002433627531451208,0.5868913038960545,0.0017715061606764977,0.001105418537905089,0.39019606875376467,0.0018565236651154437,0.00024745246924315963,0.49917271005814656,0.002322490549008372,0.010654457541214392,0.006984644412732943,0.9939718958859579,0.37797541607993457,0.5611316606234078,0.4600170847249085
9.768096753626927e-05,0.0039048081774772842,0.5941374614779044,0.5781059717467084,0.006911410128129967,0.00017660507938385095,0.0024790338209182317,0.0017320615482113893,0.5849995314140496,0.001767433791846982,0.0011035573060708848,0.38902878606533686,0.0013204383355425355,0.0018898986573529846,0.00013674638883243254,0.005377306291689568,0.49601097882380574,0.9957609080375479,0.9838587760213916,0.6114068350576237,0.5833997070131887,0.5151702238527126
0.5794981180470764,0.001108618449364335,0.5746044666685812,0.0016857542442629933,0.0013440064267958558,0.0008992810782832406,0.003384718001365191,0.5856267501461173,0.0005563599754254312,0.006636720784580052,0.004143566986462909,0.000347362435458253,0.38948119915677587,0.0025814837043292675,0.0007170843999447559,0.0010461324852323295,0.0013625779923641997,0.4894541978172865,0.0011915681940709022,0.59531680240406,0.4554062682572752,0.40725025292668954
0.001385913933580525,0.4543120675800089,0.004073230681631346,0.003001016144050328,0.002223891721777951,6.583233581547465e-05,0.0028489398533938556,0.0006095451587416433,3.043901663347533e-05,0.9192052867215004,0.7045036957530006,4.210825297667762e-05,0.0008432233405050511,0.003941150701184004,9.134714115777848e-05,0.0031397589528940895,0.00421374779990244,0.005635140994325938,0.9980825941819405,0.591372757979357,0.49010437692088815,0.3602800483804255
2.2525878803104547e-07,8.03326698933907e-06,8.244700051015371e-08,4.314870734825223e-05,7.102334787002714e-08,5.844036786898383e-07,1.622625943524046e-07,1.0,1.1239875240811335e-05,3.6441224623082738e-06,2.291107038961403e-06,7.066655291710227e-06,0.9999707951931786,0.0022238090860464688,0.008623605058918876,0.0009934765225743459,0.88784698707049,0.006650606747623772,0.9817592966212192,0.500147323830926,0.4036232183839134,0.5573382403428955
4.084231342385909e-06,0.0006568333144893254,2.6634925575072806e-05,9.505339809005146e-05,0.8894700289011409,0.0023415899288039437,0.0007783467423630777,0.00022984514295515447,0.4559154150029627,0.0003303794121368767,0.00020705174632386524,0.2963095741972117,0.00015917575784721977,0.000545864237097291,0.001647150744399947,0.9995281730075374,0.09160608365947506,0.025473559090043174,0.996091743385441,0.5212917167474844,0.4571525341856022,0.3837038593563692
0.9018903943923685,0.003785379674631919,0.001374575470755529,0.438907882420796,0.005481454888726211,0.011234162202197803,0.003812500714760174,0.0004876437266562834,0.00344385295457319,0.007784866089530584,0.004926302430299456,0.002179335233292305,0.000308591383499668,0.002412637985932886,0.007131254181166682,0.0035403421233312633,0.2920661131550796,0.0009702657263801359,0.0027063249934873223,0.5637557814057983,0.476125885579116,0.4625357369435586
0.006437924701185376,0.5743390287262519,0.0003245533305103679,0.5702116333124814,0.0010752296382153166,0.004873222416917883,0.002957258404665225,0.0010305295408495388,0.00036063513089422297,0.5840261837267569,0.3937675930867795,0.00027977364611878053,0.0007994648239138542,0.002294189866570584,0.003792211939311815,0.0008513078122958373,0.4983441338467137,0.0003551603433357166,0.9929548020587772,0.5661508574558712,0.550213778058243,0.48190881343288544
0.010837836653255972,0.00126696598293861,0.5958496085540189,0.000933121755323443,4.5378155822817945e-05,0.0009799518863686284,0.6146935311229847,0.0002770169482571721,0.000186713789641393,0.5912881607999535,0.38477913274329545,0.00013883621718096512,0.00020598364237421678,0.5098549641337784,0.0010468258966801966,4.947121006650048e-05,0.0009968012861660707,0.988341016149942,0.07502947395397636,0.5620148900657533,0.31211760723942855,0.5367191599059672
8.821115919721786e-06,3.524768974706019e-07,0.0001351865354307175,0.00398865513691441,2.1707444459964042e-05,0.4464030079258977,0.0001732389395598044,0.00012447738026141088,0.004605953187295522,0.9008904348924378,0.7063207829009165,0.006547983246370006,0.00017696761604837755,0.00024629120271245114,0.9942412026908333,0.003481802364570296,0.978703771566425,0.9584845871391625,0.025751175264378992,0.4516368733916109,0.48304469792374605,0.5585375125001708
0.0003253479860614295,0.0009415232249628458,0.4766468152229045,0.0016092055404262322,0.0030778940307866036,0.001844154880332221,0.0018791201690966817,0.00018459620675367712,0.9693442935622462,0.005863493814683496,0.003448867344284843,0.7065306483840524,0.00024409357925533534,0.0024847875428998774,0.0025124317641278867,0.0041536761623395735,0.002232738891898196,0.9986626134581795,0.7838590076174756,0.5966268251412693,0.3100282212439175,0.3078794898956895
2.052836239231708e-06,2.8217069115219962e-08,9.554912090180528e-05,2.0324943284099196e-07,6.498750292593463e-08,0.4522653849604136,0.9084308512802153,0.0016201174844384608,8.216401844309362e-05,0.0007061037342231294,0.00044269881161509506,5.151356303909749e-05,0.0010157494891227382,0.7051473313188714,0.999865883265377,0.0004417917093653724,0.001374131535195771,0.9863232472404564,0.008862503498705782,0.6038016528617925,0.5046195523453291,0.4320938601521526
0.000625386283583236,0.4530095380833764,0.004425876705542413,0.000865807205372323,0.00017543094434979776,0.9066603439305364,0.002516674431361845,0.009138024880781795,0.003554786427008334,0.001548511710410412,0.0009471812852593204,0.0021743692249659406,0.005589582677245185,0.0015394502849363318,0.7093221187881334,0.0002483967799546613,0.0012191919574478121,0.006202137994683392,0.9991090362919376,0.6143591743982681,0.3882993144611688,0.3765841179490667
0.0012650867840801375,0.0012292612114269599,6.910281690379047e-05,1.0904882770225642e-06,0.4413113631720211,0.0002929694543923759,0.0015882866678865303,0.9053261492192882,0.0002473481122438014,0.0023001040706149005,0.0014481136743882978,0.000155727216696671,0.7061138675788021,0.002245034595904585,0.00041536385865064297,0.9974891291107029,0.0003966617988551413,0.024771844397108875,0.49492142346330015,0.5417938355110807,0.42621276602734987,0.5630983726015776
0.004134503092155188,0.0026691235700617554,0.0006496802829672497,0.5746930946464395,0.5779127939663152,0.0009123050887453163,0.00036190618591866604,0.0018459662506481577,0.0005633828735256572,0.5807669726376313,0.3888523837101653,0.0004323701104726463,0.0014166944908975965,0.0002777468776778559,0.0007213603048962347,0.5035173179347553,0.994460448254319,0.08253525200807194,0.36099079542402873,0.43157481931339653,0.41204709421059926,0.48580398989332624
0.5980155990659071,0.5918502483556687,0.007649341851882204,0.011594808446590018,0.0020357071874738805,0.5996190570126358,0.012289475254713324,0.0010742947132923865,0.004773760770167078,0.0024836561920624895,0.0015236513384551845,0.002928580272841541,0.0006590571272979129,0.007539512564883354,0.3922270912096978,0.0015617824773815083,0.008716610905422861,0.005750971289542078,0.5007667076249361,0.5688636570560512,0.4266274164194723,0.3338399944522073
0.002426346055611182,0.9127365804313657,0.45863571823415367,0.0018407106206736847,0.008607896403066601,0.007140273045083842,0.00033305808948773494,0.0016066037224382454,0.00020221587646351516,0.006219058107950045,0.0038361705471558474,0.00012473657107990344,0.0009910315966828083,0.00020544665617154535,0.004473555521859416,0.0054191066677571524,0.0011524915731295883,0.2931807189520082,0.9982843625168434,0.5998016614388559,0.4259207047343139,0.37107129397848465
1.394881149443478e-06,9.08247208270972e-05,0.0001812393188086844,9.11460307621887e-06,3.1006863075614534e-07,0.0002072552455250596,8.901590356212654e-06,5.375972452321015e-07,0.910957786393057,0.4548989949626683,0.2948429264249989,0.9997579541945256,0.0012087007408028427,0.0171050031119776,0.4991903155759315,0.0008794954583577108,0.025299791218827507,0.7131303718697002,0.990870283588834,0.5956120140538995,0.5444030320160784,0.41568313539195656
0.002013117760579031,4.250848028777583e-05,1.9090141716710734e-06,7.922603711870735e-06,0.00011855719843833886,1.9997089214278416e-06,0.5768716511835894,0.5696759475682348,0.57681960153482,0.0007503643722233719,0.0004750362807427275,0.3889127449197014,0.5060711165472327,0.9976329575074578,0.000671433281692467,0.03593083869419911,0.0024960369106718982,0.000595773614411284,0.01306063149678589,0.5270881757041501,0.46877232011849507,0.4376156053653699
1.8634796576578266e-06,1.7772735962819052e-07,3.335143617107653e-06,8.335895018423596e-05,9.623393967559679e-08,8.487199145385494e-05,0.9086173734752708,0.0013812920454932696,0.4540148420076731,0.0001445154210335323,9.057618693320045e-05,0.2950022125611771,0.000967796971700225,0.9999158631481497,0.5016519970503555,0.0007382471970339206,0.9712405565541025,0.6743633433279138,0.06130714149514638,0.4959848502124853,0.4558703495247183,0.38264950760619926
8.409304429413756e-06,0.0001974946298537263,0.0029801827309361485,0.8780276645640862,0.005400156056519017,0.00995525510665765,0.0012439772192935931,0.45475664566778123,0.00277711759094368,0.0003868526913979252,0.0002461409728553906,0.0017669861228945538,0.3003678496294755,0.0008885863179168092,0.0071331407659618274,0.003936945588243672,0.9978662448815718,0.9572957962220556,0.9732525429351135,0.5116807813678406,0.4832896132730082,0.5118887773354583
0.004289401649413319,0.5895621801140272,0.013564384986182306,0.005859758527453639,0.0018066690604587909,0.5981600101471997,0.0006848229469237905,0.0008544980461720371,0.0031196089367897394,0.5909922812031325,0.38795848063960026,0.002345711611490599,0.000642521367524049,0.0005149380688745837,0.5014116482452886,0.0019650419598107034,0.006338585329212776,0.014458324746794503,0.9954270864145632,0.6115912405907183,0.5128602684546948,0.35892626942250383
2.6794137721981084e-07,1.2146804211557112e-05,6.368154834341114e-06,1.665715842894262e-07,0.8912649391804065,0.0019956449300421227,0.0020122972865311093,0.0036794451107116494,6.748293309877299e-06,0.45340478417988317,0.2943869433537845,4.723087469437389e-06,0.0025752272009806343,0.0014084067150763743,0.0014009758924695699,0.9999903014582625,0.007767290013704974,0.3040123015406012,0.9861374709098675,0.6118285760028197,0.4412044970144443,0.48067268697299087
4.6578696334378e-06,1.286891800644516e-06,1.0635967143820676e-07,0.00016546558699673437,3.5913432379212418e-06,0.4511219733435367,0.0001798335503361182,0.8964156000508097,0.00019905972964849027,0.002352889857767324,0.0014878819573808807,0.0001258783620532957,0.6991844662092614,0.00024986272736717496,0.9997665050862505,0.013885465132211765,0.9812098438233031,0.013657144068364494,0.16938487333219154,0.5275291674694438,0.45749733151993716,0.5645532657462543
2.270627735906946e-06,5.762289834667909e-07,0.0004721559913602161,3.0352464634846318e-05,1.0,0.002256850634743089,0.00047369936747258844,0.00028697348609966724,0.00019692154159821774,0.0010112739507674327,0.0006308295457709893,0.00012283908625717563,0.0001790132325212579,0.0002954923168928536,0.001407818249643172,0.9997050669718172,0.04089723344694829,0.9968391891153803,0.15821822978273464,0.4467901038645845,0.5704483186652561,0.3870305804595684
0.8834541099165311,0.0028727572587356385,0.0008200473865874548,0.001351427513448088,0.0023090382605854528,0.003317707096788953,0.45259252360347624,0.0021253977144100786,0.009075425970254734,0.0009051677612219239,0.0005646739077233408,0.00566163021121195,0.001325947883556805,0.29254163879596795,0.0024864048565112883,0.0016402930013019814,0.0009969313210293359,0.0005887549196852415,0.002025362700138228,0.5766912208740507,0.46234476727066914,0.3851214503995218
7.053256237848633e-05,0.4569520092444008,0.0031936801437649266,0.0036962925861074116,0.001621865020325625,0.004593774804142507,0.9222527927758681,2.6062675825700015e-05,0.0031816667499718456,0.0023925800905432617,0.0014760749670108247,0.0019628995989506956,1.6079175498361726e-05,0.7038660580360996,0.006417202007155148,0.0022765993859718047,0.005160071274548705,0.0043928593109778605,0.9999003818760044,0.6348249429716494,0.426812856264188,0.40852224638531587
8.872549077815983e-05,5.955026396844821e-06,4.099754356868179e-09,6.846420063154678e-05,2.3485204511248444e-06,0.8970781826441172,0.0004092289804444299,1.2859452980822477e-05,0.4445693090660757,0.00024348998132240859,0.00015482552554158365,0.292909466018239,9.125827905908561e-06,0.00029041308250034103,0.9999203385316836,0.01359391617129603,0.4176997893931031,2.9329511977317776e-05,0.04266429208622691,0.52234400237881,0.49524935835547684,0.4740548480250739
1.833460021529373e-05,0.0005060961233058662,5.556475697582088e-06,8.476873930308252e-06,0.5974540373672631,0.5959942633339298,0.0068035691716605345,0.002461262234145794,0.5935556625489722,0.0018554842125675962,0.0011448208496419002,0.39019606875376467,0.0018565236651154437,0.005131984560644898,0.49917271005814656,0.9994603475692416,0.010654457541214392,0.006984644412732943,0.9769469352057084,0.3793003652767522,0.5611316606234078,0.38378740170391945
0.001316077995362883,0.5918258843165847,0.004233217791235738,0.0030509605018231205,0.5915476725676194,0.004261406584289846,0.006567834504324362,0.6011887759656379,0.00013838349593044686,0.0003498676612697998,0.00021290483066098762,8.421045787636709e-05,0.39537242136437045,0.004914444840444611,0.0034331893224213705,0.5022469214189913,0.003433806188515256,0.004637036959631399,0.9985530356452976,0.6582479346217436,0.4286512058298487,0.3733995261447292
0.0006082560375361849,1.2629770369299435e-05,0.9443114895881357,0.0031249729441893146,0.0012582630303321822,0.0027327593081533335,0.003893790539191584,0.47637177401278685,0.0005326689779985058,0.0013961623009766959,0.000840351738350259,0.00032061428691144067,0.2974320647349523,0.002625005907910624,0.0018423076239419784,0.0008657034428272729,0.00210673269498875,0.9995898457280833,0.013386649413988927,0.6755247104817766,0.3669322040076206,0.40426133823216237
8.759515453346849e-05,0.5785426824362797,0.5964977927161061,0.0007507078991204283,0.00012612583157715326,0.0018686946443875654,0.6035192076648128,0.002846830384118679,0.00024492084203750556,0.0013866277104239708,0.0008612346716072195,0.00015212046468056697,0.0017681701660087479,0.39260248577193163,0.0014227306702149756,9.799969298256313e-05,0.0005715524951625042,0.5056628557340401,0.9999048348271337,0.6556956855729708,0.5272414039121326,0.502095563277053
0.0007486416017545811,0.0013071993823107243,0.001228786262853959,0.5775545599124807,0.0014352426996114742,0.5748112834679253,0.0009429777388255094,0.5840527225787966,0.00011041979149832074,0.00036477477801486044,0.00023025273777398873,6.969906361039626e-05,0.3931901686214134,0.0007301069199306851,0.4947332722924157,0.0015907365789683044,0.9978680163096715,0.4305676426443539,0.6651208710784504,0.4426195706291861,0.5013861380720392,0.5725384719674328
0.0035060882651598386,0.8654117789180521,0.010808278086156647,0.4120060228101756,0.00012469489608521488,0.005981986736097565,0.00840318811912297,0.001917796700182177,0.003125652441290733,0.00020229920288772726,0.00012638605002241322,0.0019527486258979132,0.0012437888363805187,0.005249970409952843,0.004227993003603667,7.950903201369396e-05,0.28193051137585684,0.007846205480388104,0.9974213256982014,0.44938718390942844,0.584192747596689,0.4032931971095626
0.0032704821386057635,0.5984716796669706,0.005837911420295439,0.001085036519879828,0.007930775538981118,0.0040030393537208815,0.0022190229796904496,0.6180276010400281,0.0037819944443279155,0.5952788305347553,0.38346202170264576,0.002781021334847422,0.5061107823363638,0.002330091310949223,0.004330770129440978,0.00849938073428333,0.001156519261748526,0.006192373749506927,0.9964731821775669,0.5861651769422243,0.3326381663798573,0.3765834643305407
0.5694812812494976,0.007547547108072131,0.5763698772054675,0.5652179682202508,0.0048396116371479565,0.0009252365392176378,0.0164800913807953,0.00022234644756550373,0.000387331898588193,0.0008865523477902359,0.0005599597259966253,0.0002446446908810371,0.00014043739038865194,0.010409539819977554,0.0006021744245060148,0.0031200292296755094,0.3855278942326763,0.4959528610985741,0.008254511511291807,0.5558855053933933,0.4621921659507433,0.44193674300774854
4.4151233218123664e-05,4.334421832122064e-05,1.3127232414761283e-06,0.9067285657340473,8.876202157631525e-05,3.4545675903247464e-06,4.377974724306903e-05,0.00035386291317817927,0.00022264426004695465,0.4558929367805414,0.2928102976880615,0.00015401671055996214,0.00024478872382190445,3.028514317261321e-05,2.4621183175166502e-06,6.266415127152654e-05,0.9999563350891826,0.013373322105976082,0.48977669624998665,0.611781760228557,0.4422615426219747,0.3942156455378315
0.00010591381715771483,2.8991071327929155e-06,0.0025445343493926222,0.5819450061335889,0.5694116143093954,0.0007647147450145013,0.0004332332789240423,0.0002396534420292224,0.580701152487249,0.0020119948250146564,0.0012722672573771548,0.3913969719866278,0.0001855129806865112,0.00032940099979555937,0.0005919570942530597,0.49954251030116315,0.9972140077322079,0.9735064321100705,0.017645228665449042,0.5444394188469652,0.5686268166559988,0.4909236375797834
0.008079611036212297,0.0002943945075854806,0.5800366222125315,0.581424583414715,0.0005384937053583429,0.0008532939912168008,6.704883150779541e-05,0.5888242160211717,0.0011559129419866612,0.001646229667810827,0.0010285371514268161,0.0007221961293339962,0.3922376957780502,5.13293214894617e-05,0.0006730261246768856,0.00042071772653565133,0.5022792943103929,0.9909057122899185,0.022685309712989238,0.5270534613605189,0.4270200726555218,0.38647879357235443
1.924055481153009e-06,2.3348472338783975e-06,0.00034410397233751753,1.0781139619793095e-06,0.4438367812548411,0.001226754126290197,0.0003548846584631235,0.0004528079233326068,0.0002518294789268685,0.9038992668526442,0.7042629918053553,0.0003539366973343485,0.0006364043828359801,0.0004987771607954583,0.0017763819703950619,0.9995163508266394,0.0020243363348982036,0.9942991343729848,0.5569374439566899,0.5149635173666405,0.5411447247012355,0.40446910088942506
0.5830071071915401,0.5794237971635312,0.002906121165629536,0.0005337607677154565,0.0017084614327736347,0.0005362985667112275,0.0017086422246136747,0.0001946563210300843,0.00015737880192315699,0.5856788289469327,0.39412050718899755,0.00012188978675991744,0.0001507612059793767,0.0013233433742888302,0.00041536385865064297,0.001350402491450989,0.0004133993481633168,0.0022492053382067705,0.49803756181964476,0.494156803256264,0.5685149346124838,0.5675306666331912
0.005273090616260201,0.5736570858213128,0.0024754737515838487,0.5626970355581074,0.0021086516792988307,0.005658742828828228,0.0023529630473579943,0.5823687754749028,0.00031074645317574377,0.00013182313074096925,8.37957179525762e-05,0.00019753151489358028,0.39506632716334883,0.0018384965795050746,0.004490842438839298,0.0016815147390537954,0.4945026341311141,0.0027121758595395123,0.9940677479669241,0.530501808866866,0.5224353562777453,0.49200562387170854
0.5671117326563858,0.002685956698226394,0.00018061753390940358,0.001300926525523341,0.0011482396878065373,0.0006162683097392612,0.0021045948299068494,0.0001740973238528267,0.6006943911046302,0.5754925949409233,0.3835911327661041,0.5098850873160361,0.0001903302402298082,0.0023008333193831007,0.0006941403888528469,0.0012811124436093169,0.0014435082440561187,0.0001994394089652544,0.0029741863002870073,0.6174121830375958,0.50154022210221,0.45930717216118944
0.5792804148036986,0.0027388204631544895,0.003986508602502558,0.0045648784791797355,0.001628130360549234,0.00027810318055344945,5.440444667077753e-05,0.58112409581108,0.5854263351598681,0.0012730845377151743,0.0007969298630822088,0.3904984338663213,0.492572164636244,5.822511499029633e-05,0.0002985477258127398,0.0017782848999651213,0.004958584892180035,0.00426664816139912,0.002969015902668003,0.46971912243629566,0.5820201692741719,0.4033180985466846
0.5836469961227628,0.0033555228502572653,0.5909283124040575,9.22848031214762e-05,0.002000710130770521,0.0009273276428397397,0.00369190105201494,0.0013476710917330551,0.5846608529507732,0.002401680589711697,0.0014869910864204533,0.3850406125176019,0.0010143481854853885,0.0027787849844358252,0.0007191173886563207,0.001536838082456917,7.049946519272193e-05,0.49869676575969846,0.0036103245451128427,0.6368067108554827,0.5828225603829036,0.5514543710212092
0.0007781566741726813,1.4195657161177804e-05,1.0,0.0034842390794004655,0.0009592250038963611,0.0028350640854480106,0.0011988399098234429,0.0019093501089784757,0.0014300049675186114,0.00019097837290641686,0.00012037261966818926,0.0009013245898835467,0.001203454825582534,0.0007556245054971134,0.0018410575934977075,0.0006170253618250463,0.00222896033789452,0.9994962987248822,0.01145466885785068,0.5140050803649949,0.4026721291067133,0.48085425587660824
0.0010612401587120866,1.633800411887377e-05,0.6040651226358372,0.005818178003080205,0.0007345071460405747,0.5940171676783548,0.007280350163895819,0.0003257861929741848,0.0023677238080582626,0.5867028262624043,0.38512282459701597,0.0017763980915312515,0.0002444235622868436,0.005462205216434457,0.49562108038444086,0.0007899622498228932,0.006223222114580896,0.9988814320218616,0.009926062613818898,0.6081560855817509,0.5107160450692065,0.35926533402893623
0.009547172392376011,5.453847090332638e-05,0.586331739090424,0.0025461561860186583,0.001401648816432579,0.5872161741467833,0.5897277978260567,0.0016329992232096513,0.007845145906236766,0.0017874265266451161,0.0011028015611900658,0.004840328279052902,0.0010075539738581814,0.38731531604042435,0.5067559082220161,0.0015375059164385047,0.0027776382834904844,0.9894625778002764,0.0035872740020625998,0.6619187824074754,0.5727138942495121,0.518225354398265
0.006122648912370618,2.1020939557625476e-05,0.0001822205677468236,0.5858081964421263,0.006164296260065921,0.0046279687767550315,0.00027293156541963534,0.5946875159161951,0.0005934858789636075,0.5740039736942122,0.38346202170264576,0.00045258277278600976,0.5047426537760691,0.00029129197891532386,0.00502871806455649,0.00683602030480468,0.9933435436659488,0.018941194327606048,0.0022137975189325575,0.6126545251087006,0.5145724321772085,0.4854198565137188
0.0005376038342329701,0.00013052234496931616,5.483519201353484e-06,0.5658873142673954,0.00111793144098339,0.0006853922469460888,0.00025390612426305534,0.583424297029301,0.5758179131181809,0.0013495632187536387,0.0008583730978689028,0.39022298855423176,0.5049886691746279,0.00028143331268740146,0.0007619948398786595,0.0012646015704063805,0.999386327866747,0.006305416511334538,0.15350294760624772,0.4853708609226665,0.5128699728607341,0.4768527537993649
0.5974840982207428,0.0009939439406887532,0.002561366056386208,0.0034609889459319243,0.5848525816118981,5.5783296560222395e-05,0.0016610972074669395,0.009919658903695536,0.5846096285114889,0.006631945887701913,0.004110183437289665,0.3854404172700093,0.0074770571145598074,0.0012521295283191285,4.2178466164481936e-05,0.4996654459796404,0.0037427499518720153,0.002729116937413316,0.001072659808703524,0.3396225169644126,0.4754792560207039,0.4700587581633138
1.5606226998257451e-06,0.00016835090072171507,2.8475713257447297e-06,0.005249519370976026,5.225172683557848e-05,0.5869580680030777,0.6004684239896235,0.0025243339714246106,1.3416154167840002e-05,0.59013272077368,0.38998645936211135,1.0171332675015473e-05,0.0019138032375153808,0.507230308214949,0.9943032563415951,0.006463363824262269,0.9795869531498806,0.01075896675974221,0.9940986664996436,0.5608660144205587,0.3976789446816162,0.3897040716439816
1.8620817752082532e-06,0.0013300407818606504,0.5888826096045447,0.5897823928421333,0.0016060752367261888,2.8013687469185543e-05,0.5996215279233058,0.0018396038391242334,0.00027730882113467846,0.00011300186855786853,7.00825488092904e-05,0.00017198396411797289,0.0011409032587446153,0.39714160938804366,2.140560750125514e-05,0.0012524460856252195,0.5007114447873761,0.9985611194170206,0.9991087210877108,0.6381773471282374,0.5840216151958559,0.4815587965489446
0.000527771538374002,0.00602259209116339,0.5766691703027658,0.5667504699149241,0.0008264527617504725,0.5656328318617883,0.0002156129455257412,0.003945251409307423,0.00029145441533161883,0.001016258192177732,0.0006438231045436856,0.0001846431886687711,0.002499415530709089,0.00013659690139366983,0.3938441560483206,0.0006559064269819764,0.49601097882380574,0.9933066367321857,0.9435916793709497,0.5309535707664406,0.5128996686137856,0.5613478941917841
0.0040314329554761615,0.5846164488775998,0.0038164918610809114,6.318454390255953e-05,0.0014044773911309602,0.004069266908030668,0.0003300681880858651,0.5952073710919848,0.602772605472007,0.0024422131811367587,0.001504254351217214,0.3963933075217216,0.5016269407052092,0.0003548422160007999,0.004387949881807421,0.0015409648989719528,6.894464553423023e-05,0.0041030857841128174,0.9956657389339899,0.568744948703733,0.45722368830536886,0.33561848124012106
0.00011042481369982678,0.0019379366704696795,0.9359060355848987,0.001382311251466714,0.001707660211402115,3.163514423808806e-05,0.00028042875789227015,0.0002817192182873762,0.46681172048943914,0.002722274931292989,0.0016570429491282145,0.29454455728221796,0.00019162939016297725,0.0001907516093963169,2.158476534224081e-05,0.0011854492902770362,0.0009543306553061542,0.9986626134581795,0.963266354563679,0.5970137420997598,0.3100282212439175,0.4807186709844164
0.006298568654915883,0.44684678521372967,0.006559197750203186,0.8947913466173557,0.0003240130817904538,0.0016797632499005622,0.0003074532216740305,0.0019529850055196335,0.006350672182051678,0.014202776177300754,0.008909641444508846,0.003984170082292831,0.0012099102136779289,0.00019288732215421963,0.0010570202524664563,0.00020745475565410074,0.7056207747550467,0.009224715982137699,0.991140921282395,0.5865872540335616,0.5846245333344395,0.485713789904287
0.0030859775888757543,0.0030742123368743936,3.2834715653115034e-05,1.6446329731031203e-06,0.5775676773798306,0.575606451015672,0.0033289432241142263,0.5835097481951679,0.0002239416553718907,8.273427037593721e-05,5.233611723892695e-05,0.0001416612100414078,0.3880923137202697,0.002568497343185317,0.4933934628494935,0.9952651497942527,0.00024239461221866655,0.004768094673650584,0.5028495059298449,0.5672168910984426,0.49536190829230753,0.45704456831513157
0.017195504007571482,0.5946400444066657,0.012042421425244554,0.5863879792695197,0.0012742750440522007,0.5939708616801793,0.0003270568521796458,0.00018329427123067537,0.003771413952826176,0.0012990452168868143,0.0007985928092304671,0.00231849689434635,0.00011268163213373761,0.00020106084415079368,0.3902569536917534,0.0009774480203237935,0.49601097882380574,0.012721803456745617,0.9813424040529904,0.5225283291043953,0.31296981188268364,0.5090192173899177
0.8835078873830619,0.007977028225746028,0.0009426126571157475,0.004125849950938288,0.0005295355999358733,0.44817636431617114,0.002461647613342495,0.0005006551491489723,0.0052151570162238545,0.0015279389600004606,0.0009555189154749437,0.0032613912243405103,0.0003130963565005037,0.0015394502849363318,0.2997174808918634,0.00037922100310436475,0.0029384823646877566,0.0006680822131443788,0.005669701169284447,0.4609939386756508,0.5679032775690814,0.39106950220924874
0.00017414028537965243,9.296130670043357e-05,4.009808859765029e-06,7.569239595485434e-07,0.5806995852360893,0.0006279267146085843,6.202042149558173e-05,0.5822068995745707,0.5808560411473516,0.0015734058897186175,0.0009881293099902233,0.3884483123288622,0.49434933790968594,6.662350160228562e-05,0.0006765691159274282,0.9997872966899125,0.002470009667482166,0.012893045021686145,0.3155524740936549,0.4620761910053893,0.456937579297667,0.3980079766780337
0.8965268222724343,0.004337798534371028,0.004934663522377276,0.00015970263621812683,0.0009068649097543395,0.0061754244081539825,0.0031975833013521263,0.0017013941804082397,0.0002084705940126437,0.44788203973348584,0.29493534133509147,0.00014802521183894177,0.0012080811246431365,0.0022704631891562704,0.0043982011573627175,0.0006571780861047906,0.00011509688309947253,0.0035040055063844666,0.0031198196838049252,0.518527561630852,0.5216765048148592,0.4624267506559272
0.5872921178197394,0.008620002233670406,0.012599995339707345,0.0015257526400203503,0.5757049602218856,0.007834585098509452,0.605850115422985,0.0016095218214606847,8.062388385734013e-05,0.0025566245515014543,0.001582752526375195,4.99126548856762e-05,0.000996423594688996,0.4010817245479161,0.006002737949111048,0.5000244726553951,0.0016533414926308385,0.01364502494430918,0.009343339838708553,0.3546809752151201,0.5075301367750878,0.415380712686135
0.5633317445222221,0.02336601549295124,0.0002647808256892573,0.009546495055762496,0.0005602746714440306,0.5759301648149986,0.5847576613307365,0.0030486293080580497,0.0023047584254481343,0.0017298086849038858,0.0010907178212953002,0.0014532507284335905,0.0019223000301942334,0.3932544385446313,0.5032620361218747,0.0006286983823029029,0.01065409498809481,0.00029117445218338183,0.026032700654137486,0.5877337297213627,0.4757362842555075,0.4632197151201876
0.5910666618438828,0.0009832682222545215,0.002091070611970194,0.00034571360711509294,0.578559224917363,0.008772371280623996,0.0016433139527615428,0.009883538902546339,0.010837886088544699,0.5973993642150811,0.39512255527264406,0.008256923853624754,0.007530445235806196,0.0012521295283191285,0.006704473701421632,0.4996654459796404,0.0003779228813367665,0.0022522154259752266,0.001072659808703524,0.3396225169644126,0.4754792560207039,0.4700587581633138
0.0013346106389077348,0.8943847946103943,0.00961973279190681,0.00906576614462756,0.007091221290748064,0.00014201645399533334,0.006815846122343763,0.46882227589541914,0.0028421116816946678,0.005582438273277608,0.003483668159171588,0.0017736130917649369,0.30398937806629345,0.004789159485098116,0.00010135419163295333,0.005085210938974599,0.0064657661772389765,0.00676013153895353,0.9990369493335457,0.5437734711118389,0.425669327321352,0.38721021541470735
0.00010314599291218245,2.5521767271175453e-05,1.4366526547934848e-07,0.005281577623852299,1.1305755834714884e-05,0.003415785189307198,0.0018032503894153669,0.46097465160968365,1.1759014024152288e-05,0.9068189576477325,0.7005716737596318,1.6237878814748248e-05,0.9908672129347986,0.1758087134426401,0.3620008172385829,0.0013699954108966073,0.9873732062301557,0.0008601060620367952,0.15632603397144423,0.4188071582893865,0.40599275744400326,0.4569648095810745
4.556834489023999e-22,7.814174734486372e-22,3.699914884517156e-21,6.3471503088054335e-22,3.5506511067470775e-20,1.0105781810511195e-20,1.7516702833573963e-18,3.7352009498333683e-19,0.0,1.0,1.0,0.7749392406140793,0.9379619573903866,0.9813358581361438,0.22592123050496526,0.9492980557466049,0.20398360756399908,0.8966929906289839,0.6756465347430851,0.5286036961056811,0.4722910058077562,0.35662423848086433
0.0011072851100957571,1.8305729087950273e-05,4.588078927751831e-05,0.910598632718001,0.002358135090243559,0.0035986309630669094,0.4573584408607601,0.00214777870640051,0.00013534561723130037,0.0009146632499407856,0.0005646739077233408,8.355660822963098e-05,0.001325947883556805,0.29254163879596795,0.0024864048565112883,0.0016577142495633997,0.9992365172832323,0.026359816143926018,0.010658936297008204,0.5762414559126621,0.6106223221576847,0.38531867429649475
3.674628449718321e-05,1.6640740806571202e-06,0.00010578903833466851,0.0019722763559168596,0.922374690268904,0.47479576984025124,0.000706926843843369,0.0005294811386048582,0.00028699389074205047,0.002170531582926541,0.0013106375866365205,0.00017329649536916548,0.0003197184148087189,0.00041927999092470107,0.29739702000594614,0.9986640093073154,0.9638863004295952,0.7869604085644579,0.029179766948009278,0.6992997425102696,0.5686866700122448,0.4006971286389495
7.021392302062999e-06,0.0012028836484126054,1.1912217464058787e-05,0.4487666669881221,0.0019083655407003703,0.0004598807001131236,0.0016670258779664386,0.9155749070477285,0.0001717700302639859,0.00011725713383748398,7.299722982834884e-05,0.0001069336771278677,0.7061138675788021,0.002329956116946112,0.000652841766459428,0.002722112384584145,0.9982970151106855,0.006224162403348816,0.9962328419572795,0.5863321425057139,0.4281819041442847,0.6000297330222079
0.012304427917259313,0.5784366032742377,0.00040038012162194677,0.010282752201101194,0.5741914490788502,0.5870429406426466,0.0023180294886675475,0.0010673681501048894,0.00015360257404369468,0.0016681771129838272,0.0010456439702201583,9.628099387955723e-05,0.0006690466397974992,0.0014271646295991218,0.3923388052785755,0.49994655452880865,0.011169829415692223,0.00043496496757526116,0.9866317307432182,0.5503771457700496,0.5008399894045048,0.3855503137433636
5.41465155677033e-06,0.0003841414182717273,1.3466118456872386e-05,5.666669658140872e-08,4.445519917032295e-06,0.9077523178674306,0.0001742077063711474,0.0017930034397964363,4.76780969532507e-06,0.4539523176552128,0.2944291615400113,3.333488353298884e-06,0.00125360707089614,0.00012180026611804669,0.9997277610685329,0.007417862293723598,9.404042959556238e-05,0.022022637184380023,0.991140999829055,0.5534592783022857,0.41016655708090816,0.41937667714432003
0.009222482138262066,0.00019782247967413378,0.0003460030580595808,0.5855178043715109,0.001081333388723584,0.5916237041866809,0.5920596895735359,0.0019460999303617024,0.0023651967884358747,0.0005402832292854235,0.00033671267435407624,0.0014740278407457711,0.0012128429878661062,0.393579208251689,0.5032620361218747,0.0011997223361462893,0.9899640935066774,0.023850658730928453,0.013653416794413342,0.6372031631134452,0.47684190636203067,0.45365433017674733
0.0001530610265976895,0.00029748977409722627,0.6028476978807685,9.336325324931274e-06,0.0015171299777507544,0.0016488877501778746,0.602710715600735,0.00028365949816496383,0.5894696194142447,0.0004695612011963023,0.00028842753733657493,0.38515011677387373,0.0002118373743736616,0.4999253349897385,0.0017685458415896702,0.0016350456288292186,1.0006791793143108e-05,0.9996411235670549,0.6939307809523086,0.5283030484140397,0.45958095523573417,0.3156502061671105
0.0009219444153316674,2.290290418317622e-05,0.4475562844185808,0.0008430848019432855,0.001951205621708817,0.0002516137843612501,0.00472739308239573,0.8996633936563854,0.00011838318975189118,0.00011833628891319246,7.497141008476195e-05,7.500112441503307e-05,0.7061044212759905,0.0067240648475686005,0.00036350979161340496,0.0028324774763741787,0.0012171627779248347,0.9986530457924151,0.015596956733126381,0.5426285473355883,0.4566864946927447,0.5340501939781053
0.006411790129044616,0.45514546233350367,0.007983765971616623,0.005707679692108205,0.0030630104115087677,0.00030960381641324065,0.0002728301104887842,0.00039775492387586866,0.9315937464671923,0.0009308367872480561,0.0005700757871949113,0.7073684929814219,0.0005490814841915797,0.000376628921208636,0.0004601607221524245,0.004315279450116116,0.008350648316309764,0.011369440510383966,0.9908342083755209,0.5608397576802753,0.33235166303363806,0.412338757519905
0.0026101077301484087,0.0010298502214850687,0.5722206118946658,0.5779745589779898,0.5754772601872064,0.007114908096829503,0.0026980092223165843,0.00025307637444694846,0.0048423687668744326,0.0036514887265515746,0.002283981739470537,0.003028893650261655,0.0001583000494939054,0.0016876150663312365,0.00458524846681052,0.3916053481291105,0.5105032134742019,0.9968096169226897,0.2345361368017168,0.5244758650349801,0.6169366808093829,0.4406936659104121
2.8021729923605806e-05,6.708275013511588e-05,0.0034238940470781927,0.0003337649867408162,0.44483608436983574,0.8901215445306889,0.0006960192129829958,7.486497369751529e-06,0.0011815946138223254,0.005394704714641109,0.003356134148240769,0.0007350963326699186,4.657518866936849e-06,0.00043300928406490857,0.7073639488329979,0.9951263062580775,0.062149149408654264,0.9864187903012507,0.744986346614471,0.5850240281636726,0.5846904804736438,0.40557451452829574
0.5746552131085054,0.5752549300767329,0.00952887134045596,0.0024047362284619635,0.0005656648657914659,5.6747055148325194e-05,0.003931377875136651,0.0007329205520742063,0.5880244959803732,0.0003011469679525939,0.00019023850743523298,0.39662844430270305,0.0005701084389580773,0.0030580680480857313,4.427727275099335e-05,0.00044905603060686354,0.001898542552973307,0.007412402818362473,0.504397294648042,0.5207203279632615,0.5845394271110029,0.48618349465250554
0.0007584958745583029,0.8967692365123731,0.002880277799899362,0.0026786810108660477,0.00541846962091929,0.004948689500007478,0.00024090723968295895,0.0017384422083925424,0.0002148473316103879,0.45536155420400504,0.29073219347204426,0.00014757740045252344,0.001225348018530407,0.000165478113271727,0.0036598652944307827,0.0037985050674220477,0.0019500418967413444,0.002077046421573192,0.9994494346794472,0.5138224627011789,0.3913468260164214,0.3563493143608102
0.005250053357018798,1.4125580339839347e-05,7.615111297200043e-05,0.573167405035111,0.5699517089110995,0.5807079721250624,0.007889121969704144,0.00018786451466233818,0.0001524536545240501,0.0016987440053136973,0.001072828370289569,9.628099387955723e-05,0.00011864446598850841,0.004982368442094051,0.3922270912096978,0.49994655452880865,0.9941002410881719,0.008992414553216498,0.0016895946142940765,0.45279499698927606,0.4284562685783347,0.4736606128359409
0.0065900919561514976,0.5912549659015672,0.565854361569801,0.0034244517176079416,0.0009385275301635279,0.5990418355751563,0.005177263930359843,0.003987168985142399,0.004370972628593925,0.0005117667976350161,0.0003198144064067766,0.0027315262144591208,0.0024916997134386033,0.003235455659620752,0.4002101279216016,0.0007400620501173613,0.002645927965423806,0.4819478168335434,0.9929946069177109,0.42093238368874814,0.4237261356724644,0.4184574755348525
3.17210343708401e-06,6.0113553492727324e-05,0.003660241749593621,0.5813319817559931,0.5636555519039251,0.001078316914511801,0.01879724944138674,0.5828016397755006,0.00394880891879247,0.00044353572651803405,0.00027970879753067316,0.0024902604596606093,0.3918080386871052,0.014519428562325494,0.0008356201606158492,0.49191685944621094,0.9960502108366192,0.9893959962538734,0.9659763841068294,0.5493725733185765,0.583701541701551,0.4930870255767789
0.0005527126616534693,0.005632152459965954,0.005536479414107289,0.5939660034121628,0.0020181061815711847,0.5916184062890135,0.0022283832867997194,0.0009509678899068659,0.591546716418429,0.00039907168616428384,0.00024760327465138854,0.39117946459170294,0.000722113160324444,0.0016921154747282568,0.49870925227723073,0.0022072821585898536,0.9915178926105405,0.4927953714599871,0.9377245668833245,0.3861852697129111,0.5772371802963157,0.5845288948146957
0.00043290643852077285,1.0,0.0019541650463798933,0.00596042747542089,0.00010209488117147399,0.002174012592927093,0.0024506984375536928,0.001023359466483701,0.0004940021389889294,0.0032405875732695695,0.0020367828582414046,0.0003104926309944869,0.0006432070377374843,0.0015403273320822677,0.0013664268404859903,6.548842704513433e-05,0.003746320360365374,0.0012282705194358876,0.9997279007251422,0.5170516045945878,0.47956235417382953,0.3896552013063828
0.007968190197483233,0.4474988326322985,0.00027416412184216155,0.0012976440591881589,0.0004797714098887904,0.0004203568867262966,0.0007914018455004108,0.9183788098157605,0.0012939226259670658,0.002082317661350248,0.0012943582333817458,0.0008042971486365731,0.7080937443014133,0.00111139546919206,0.0005921368255478419,0.0006876100821396028,0.0018495883434381175,0.00038502145052426084,0.9888093215735493,0.5219695586279568,0.4911626571176668,0.3463403853545285
0.5821448120870355,0.001030862558587892,0.5857388091900727,0.0057760697068686695,0.5671845220227261,0.0023093290144257828,0.0007204320177546267,7.376830331905522e-05,0.0002524471137452013,0.0008369485221505026,0.0005283245688107346,0.00015935752438648524,4.656632542447917e-05,0.00045477357060777707,0.0014621733501460731,0.38918872379255054,0.0045192328673501715,0.5019585893940692,0.0011418160649164788,0.44824713608311606,0.4244414269498813,0.48915220063202436
0.00593923292012588,0.5842365404237855,0.5930326419967633,0.0014794967317425444,0.569208714924319,0.00626110481026395,0.0030868293576476902,0.0006814940905579558,0.00044854233095586386,0.0023229473264203713,0.0014456171629409677,0.00027913746465285227,0.00042410837449981015,0.0019210032482294235,0.004014481776956117,0.3844683071132842,0.0011353389848904373,0.5038480550641323,0.9934393697978965,0.6476600301775229,0.521061901198036,0.4729529164134441
0.0062007478460397464,0.00019678376232214634,2.3048079687930256e-05,0.8898510317750832,0.001300431775782805,0.4479290804108069,0.002504806287087667,0.00024187239797800406,0.00028140610387140675,0.0011802662610030346,0.0007429862685057057,0.00017714728920464851,0.00015226052512771473,0.0015767963646071284,0.2970592170733973,0.0009354669045612113,0.9955099135140122,0.0023034048879116975,0.019922523036443276,0.5182364870628529,0.397411301412817,0.4789848225835816
0.577490308833707,0.0008980304572871945,0.5816056189087532,0.0038013742118523895,0.0042990787672630626,0.0018708389995545835,0.5745279352502587,0.009542679428044367,3.521505333446646e-06,0.0005598384315081287,0.0003561387739929959,2.2401904769502447e-06,0.0060706264886960515,0.38931625164007533,0.0014536267285764001,0.003409025993937716,0.002953695008500346,0.5020336283470779,0.0009899793567455075,0.4914179659279285,0.5258329109800162,0.502095563277053
0.001998397139771294,0.8935723700221776,0.0036619740682661273,0.004814372066822628,0.002246828935232383,0.005726088232747402,0.0039932475124985324,0.007184139703325142,0.4564140298800156,0.0005656313088172225,0.0003552241616063298,0.29732602107686,0.0050529256945824295,0.00280869707154197,0.004149554221205397,0.0016128604142550598,0.003553121049710197,0.0026016304439621016,0.9985448015623095,0.4902391571164082,0.3833661490126761,0.49774112965645656
0.5779732564093527,0.016620031106862033,0.005228453363919248,0.0012417338819216426,0.5792432199670976,0.5855122530664821,0.0007029505367506188,0.007936891737723455,0.002885873365845917,0.011155766456387772,0.00700868194190975,0.001813144185626953,0.004986675905399446,0.00044166640998707517,0.3922270912096978,0.5070252991402748,0.001367093960119914,0.005756382673491339,0.018536520347274932,0.4443308290354302,0.45321251129432094,0.4103097442226964
0.0004885515480248279,0.0007926479853208418,6.236774923017896e-05,0.0002535181300017539,0.5770651038667743,0.0024780451594600367,0.5805948879565771,0.0002718237814031631,0.002321555542269181,0.5717435826169214,0.38508624512163797,0.0017871124399567787,0.0002092480395837473,0.49546198450278317,0.0027207022482555465,0.9989373910816874,0.16860499701300863,0.04188051762810335,0.6444576336703786,0.44451807955256806,0.5104803318149207,0.45297913932103445
0.6010740033751606,0.009834321778490727,0.5987002811197645,9.395524613956797e-05,0.002006913135927481,0.5811073711901006,0.00448972110219984,0.0016385354117237265,0.00878359890092937,0.0024021158835434864,0.0014869910864204533,0.005437421199443182,0.0010143481854853885,0.0027300130719432564,0.38231132755013186,0.001536838082456917,7.049946519272193e-05,0.49869676575969846,0.01054881313898759,0.6376558921467961,0.41620125103718425,0.5493780397848206
0.00016463082238536814,0.00608059960809167,0.00010175950799912168,0.5748311834122215,0.0021854146454657335,0.0003041212583834391,0.00025144715354017175,0.0001847308053017864,0.5796200244773867,0.5735254638227476,0.3876688611152761,0.49789583539271104,0.0002015603851088768,0.0002743548282679064,0.0003328469230643172,0.002433528696322294,0.9932766654829988,0.010513985186946295,0.9829864596355933,0.5237023789174223,0.5363502067343299,0.5278213636467366
0.8858661843855407,0.0008524015924966623,0.44989221704413923,0.0015196779586077029,0.0002740322235635766,0.0012658567366958856,0.0004631552254230557,0.00289394930203107,0.00020021414459808244,0.0017196510851219572,0.0010696414816326316,0.00012453547060516698,0.0018000717371399744,0.0002880889727123381,0.0008112292744264469,0.00017395530748965022,0.0009918093419106055,0.29286499596488297,0.0005993290623313614,0.6213388797572073,0.4655917666516766,0.41293577059687964
0.00016942340065220828,0.00381290918263385,0.00016244781962305497,0.465738515163026,0.0001467651132576572,0.00015842310326686843,0.9451466198434374,0.0013024680017622585,4.041855545054469e-05,0.0006640874516766971,0.00040005896910338956,2.4348913261045026e-05,0.0007846319120328189,0.7047541879585885,0.00021399609288112915,0.0002017137001258064,0.9947894243141827,0.02673731636179344,0.9720892236327293,0.6133139247397228,0.6083699853855071,0.32058934311857273
0.0014069342501000644,0.579543779979202,0.00043005495729164827,0.007000644636572513,0.0011229014033215016,0.568493653766795,0.010574644909082904,0.5866723944025134,0.00031212647747326907,0.0001651662453269563,0.00010399451022547192,0.0001965258754490014,0.3940793723469751,0.008175292540880924,0.4947332722924157,0.001242769362874662,0.00770564413155489,0.00046641196393101825,0.998433227398651,0.547906107100046,0.5391972222210719,0.41478639735845313
0.00856169347256257,0.5854230084371551,0.0006360882322535307,0.009780248085066553,0.0006200785392554958,0.5987468103189113,0.6134041673387272,0.0020488632065761643,0.0024271283257958787,0.0009277390543938108,0.0005660361565484415,0.001480851736749114,0.0012500657783900792,0.4000728290929553,0.5039957895311895,0.0006792651836415372,0.010655499514145905,0.000682866023753604,0.9908083585624851,0.6744415309553508,0.607006671425683,0.4606784381477889
7.437610822302327e-09,5.276598761484352e-07,1.873747917634226e-08,2.9314066633500777e-09,3.098091224738889e-09,0.0014819458327686983,5.881895228787771e-05,0.9091174979832046,4.760355797266907e-06,0.4539313745311268,0.2948153388847784,3.333488353298884e-06,0.9989614345110455,0.02525440571892893,0.9997702415637455,0.003763472582892631,0.003489331768650821,0.022308511399768763,0.991140999829055,0.5453558845049422,0.4099566475346835,0.4226697482918803
0.0032692741660852727,3.383812951632038e-05,0.579745011524856,0.5779919475848211,0.004419725299787082,0.005053335136385292,0.0004232564433363668,0.00142304250281883,0.001453044252944792,0.5867380716040079,0.38251629047822794,0.0010805741206590669,0.001058264456120956,0.00031476057794922307,0.003987119488573338,0.0033544258070990554,0.5076621834005226,0.996396618207257,0.006446581812216523,0.3668405859597465,0.5118402209972174,0.35870788583958224
0.0004005802670525976,0.6095083688966478,0.6032983106699873,0.0025828721507941944,0.007982448647104118,0.004920514002584369,0.0003557330758392436,0.6020012766936271,0.0002427282726149136,5.1000899542729556e-05,3.0851019199677906e-05,0.0001468290704309128,0.38767779501835986,0.0002623457874703684,0.0036399427043305012,0.0060080722397396116,0.0019334205444638223,0.49267538579990466,0.9995869114251364,0.5707953343170898,0.7176928001829288,0.5040362732318908
0.002616068573620433,1.9206028412560554e-06,2.44624863671534e-05,0.45197515849551406,4.750594600032726e-05,0.9147939702028057,0.0024807620939734923,0.0014058060305115652,0.003472491917591688,0.0015263572603542827,0.0009471812852593204,0.0021548612179784128,0.0008723791111209613,0.0015394502849363318,0.7048662226605896,6.728149274549475e-05,0.9963693645937401,0.0059527660994896925,0.0004733858184848283,0.5475907428354991,0.6067261507331105,0.3893621555209652
0.006004880392692805,1.4845250040714177e-05,0.9191823488459565,0.004293490987774672,0.0048283793199416815,0.4494845097753309,0.00029688496264500334,0.0008519612222298055,0.0035429034691347866,0.0013507024460862648,0.000840351738350259,0.0022042551087713916,0.0005300589232782316,0.00018471094470451583,0.2895310842058616,0.0034126932867402063,0.002973559116515802,0.9958411046567455,0.0015940763844903337,0.558731433457116,0.3969085552484133,0.40426133823216237
3.5064963823337848e-06,0.0011949731686389656,3.3084139850425276e-06,0.44915894905797,0.00012035962007043581,0.0004676133375951271,0.002175080428840353,0.0001643788564956647,0.0015957538427271056,0.9040579694225754,0.702663846363627,0.0022283889210934836,0.00022954763876092515,0.003037413102410387,0.0006727870925065122,0.00017153331769191073,0.9983097884680946,0.0017401715198301334,0.9981062037501085,0.4867080780296506,0.46395525426074724,0.3950130190864246
3.304203160402797e-06,1.0701056560440427e-08,0.0008805850258181663,2.2018800382641894e-06,0.0017219484510016406,0.93828390338403,0.0020047777175760512,0.46887149469930717,0.0009067539050223186,0.0013981916363706118,0.0008486051050769637,0.0005503369669947263,0.29501927602273914,0.0013602241143265978,0.998666336409029,0.7042753882643964,0.0015918367200728192,0.9976112215779682,0.0020882632214061225,0.6920555587215723,0.44548298777451967,0.404815914682299
1.9917773679966367e-07,3.274858066933081e-07,4.6551254621113536e-07,5.947914171007484e-07,2.519400223169445e-05,2.2941951355935338e-05,1.0,0.00019346289541432766,0.0001112436099852564,0.00036837498952214004,0.00022937852256061557,6.926880701208242e-05,0.00014672651913677504,0.9999762451997817,0.5021196204020111,0.9774675014182745,0.46105311608541144,0.5847510064586166,0.6661170349245888,0.626847304605591,0.5666646079905089,0.4568981623652256
0.005427628429257414,0.0054633212399334136,0.48509527444762707,0.957520412566571,0.0020350629747446923,0.004298771725581014,0.00014716793923672507,0.002555267703803113,0.000811829696503378,7.85331228135922e-05,4.6027164331769314e-05,0.0004758020699482217,0.0014788645505398438,8.625332702828629e-05,0.002527077487431557,0.0012172500024966067,0.7052324709431678,0.9898286529337426,0.5061514285345095,0.6991116175929675,0.6782964753772778,0.3783966610840152
0.5875005542637363,0.0004862286604054033,0.00042613986545715106,0.004324628209107496,0.0013743374490574518,0.0031948356952160553,0.5889511739082658,0.5834260021082278,0.00019889269723606597,0.0008722419207475825,0.0005464934084616063,0.00012461402374519965,0.3893639250117431,0.5007702602175159,0.0034724362051689927,0.0015198040782138903,0.004756184708556882,0.0004617679409548601,0.0005336531191530074,0.3841796561927349,0.4510063364087839,0.4834069052552267
0.565992186393562,0.0012973208701541423,0.00048123111150192205,0.00570216688836732,0.008635335407999902,0.5872158084264313,0.0018139277974818877,0.5841522261138861,0.0002526110173916288,2.8050486299254813e-05,1.7467724785318243e-05,0.00015730706870716862,0.38720066806361975,0.001376409398018582,0.5127405185042085,0.00965255960858301,0.00633949276516374,0.0005271524730632868,0.0014393856968316836,0.6117508530219368,0.5717091843416751,0.5684341368476666
1.6538278882194938e-07,0.0008878718932174843,0.0004573695014148211,5.314023824248965e-05,3.137998093339382e-07,6.955087618095572e-06,0.9097220941918367,0.0010530632220788806,3.417164436137042e-05,0.4547949046585367,0.2951298805942081,2.3913145410508747e-05,0.0007369285283838914,0.9993000729436536,0.0044269503599711855,0.0001997689048797522,0.03384052640899769,0.30282618303633857,0.9998814176313499,0.605895806587909,0.42346908620914253,0.5008823031784537
0.006181439490549296,0.5708862742491805,0.0028619858971291414,0.00920528635614076,0.5778149636317435,0.0074934453618491085,0.0023185823622042076,0.008651173931782677,0.0009222641854389214,0.5792978427256481,0.3893502183517745,0.0007107716116106777,0.006667421225394099,0.0017869887854712286,0.0059504135762181755,0.5061850910037016,0.010284843830658676,0.0031823746136070944,0.9929548020587772,0.5280756646333392,0.43068106437916326,0.4422270143280973
0.59036531929993,0.002167107932588325,0.0027129054688234218,0.002559246207311303,0.00038732775024265145,0.007605841024599126,0.5770838816689509,0.004198398614347938,0.5814602483898238,0.0015888992940183116,0.0010016816462318392,0.390620633341795,0.00323731031222244,0.49272255481363547,0.008226257619331953,0.000426247297530279,0.0028009632135801293,0.0029254177238467044,0.0023669254736063683,0.520495716217852,0.5819440600320307,0.5518849612002732
0.00909299045529655,0.580418984548481,0.0028990510546797964,0.0033284864188579412,0.0014622651912924152,0.0053405992231429075,0.002596101531760515,0.000738413790510202,0.5858693038608335,0.5867896876191995,0.391750768293485,0.49884201401036066,0.0007994648239138542,0.00281075423388805,0.005957433349271457,0.0016157912093379646,0.0036578008450019223,0.0031704398919495465,0.9898900756196569,0.5791675610435223,0.5827575486558763,0.44165297509706486
0.00860183808855168,1.9396833794682978e-05,0.5905391221325859,0.002537740500174621,0.5645211830347162,0.008225290053099835,0.577643350014954,0.005062332181626091,0.00031460491561684136,0.001039539842956695,0.0006570426440489068,0.00019884656056625045,0.0031996690566559903,0.38883391152453317,0.0064458660329730424,0.49209570926696006,0.002776347202459489,0.9904791147066498,0.0014160540110013525,0.5384307531428486,0.42528679506587697,0.48700019065834316
0.00699103271313228,0.0038646860886340823,0.5762736672915612,0.002355310420925322,0.003160863538154909,0.0006522861670979331,0.00023731784040652342,0.5858975267534448,0.5780479548749807,0.0004425883675268441,0.00028041943476991827,0.39022681605377446,0.5052329695851812,0.00026213735903363785,0.0007227176410317844,0.0035632184270294946,0.0026405930649596975,0.9911492525786657,0.32494422919734656,0.5377786815146767,0.5228932355729826,0.553207883996518
0.006724220159513778,0.8913638921100822,0.0026233616322431565,0.008554477129951905,0.005132622926177891,0.4447726407405528,0.00277705623892462,0.001936669765946429,0.0029555956895720176,0.003252355333319481,0.00205077312996712,0.0018636604016275312,0.001221177609108787,0.0017510922066638413,0.2953312544322978,0.0036932932861107326,0.006121957606412957,0.0018497906032733092,0.995131471547244,0.5205459287011758,0.4108224271444743,0.5353962339665053
0.004061233435704471,0.9077767874013564,0.0021807854762806,0.0010297209478434225,0.44393548985715403,9.850742818629822e-05,0.004390742590207329,0.0013545332125596242,0.0012826192080762867,0.003296179471629336,0.002047164148217983,0.0007966015858573368,0.000841266196255609,0.002726988699519519,6.136897023817367e-05,0.2914625498261344,0.0007236267875148658,0.0015099486833259328,0.9971880381702314,0.5741921333023424,0.51087776499532,0.3606692750534635
0.4608431953785849,0.00612648103871257,0.0082376894157559,0.0061034672661545285,0.003061954555039258,0.00033322559930800707,0.00014818697399261735,0.0003976177639361714,0.9312725000553497,0.0017458094259561003,0.001069560571058514,0.7073684929814219,0.0005490814841915797,0.00020463558868603405,0.0004601607221524245,0.004315279450116116,0.008428893171843765,0.011369440510383966,0.008462768381384878,0.5611442118883907,0.33376021740592454,0.4119077139409957
0.00032541316155232266,1.0281654730239724e-05,9.50811382960885e-07,4.7813610078159484e-05,0.4443967637969897,0.00044257824706034007,0.00018369334512632036,0.00013716602379192476,0.894771540513415,0.0001345600154732562,8.539472316831633e-05,0.7013446324105985,0.0001925394828680876,0.00025784974109901385,0.0006400623495004704,0.9995258282930359,0.09177434626810363,0.0018288230851418175,0.01983482150311224,0.5216319623128058,0.46316548672386976,0.5363802394566792
0.0003080195283290411,7.727494524405554e-06,0.5894188472445283,0.001620221397739788,0.001272086292102319,0.0037494254219009125,0.0010149506378676733,0.5827639229548032,0.0020411630113194635,0.5936001748904972,0.3956448362721543,0.0015677011315571423,0.4963765363667305,0.001096197293327615,0.004113081425027123,0.0014021866137326477,0.0017761339617548555,0.9996582935450777,0.015751168462636977,0.5497099456286377,0.5688932637186466,0.38909889060124364
0.8777180421736409,0.0034482040306516642,0.003710989793330296,0.004569532410332144,0.002237358813273761,0.0007669254046606472,0.0036455631797821957,0.0021889024891881157,0.44365427315939554,0.000548350770179137,0.00034750712575487867,0.29120733655272635,0.0015461332881260476,0.002575058992496042,0.0005502162753859841,0.0016128604142550598,0.0032760203971081265,0.0026213391600933694,0.002467042943965325,0.48708889107860714,0.5132860679221521,0.5649190734096496
6.609046382315938e-05,0.0016922018001383093,0.44975361474055275,0.001509741834534052,0.8788948676678591,0.0009825714538303266,0.0003952590843894172,2.9293801109398584e-05,0.0008704442605622035,0.0004352464469575482,0.00027558927253536425,0.000551147854688666,1.8548252202424268e-05,0.00025027019696380326,0.0006409886755897143,0.7015554586271608,0.0021539917939871352,0.9975960922495158,0.9746003910522102,0.501753232913263,0.5736856588948075,0.4995740489840488
0.00010132318948685887,0.005446908653662881,8.728032297975265e-05,0.5815171862331521,0.0033849878348199947,0.0007098947668974199,0.5862618455912715,0.002148938294282972,0.00020441338743297494,0.5869905958563671,0.3884198730544006,0.000154990091833273,0.0016293674204213744,0.4920703462273903,0.000774678077373961,0.0036590113826204486,0.9941546208381453,0.01016984771600768,0.9878974371886642,0.6424990845645019,0.45489949058008766,0.453902229111903
0.001647563653227216,3.3180818461387935e-05,0.0033894558843035882,0.0003416904939069155,4.198048215408729e-05,0.00024025694526280916,0.5858029273622771,0.5859365021149555,5.505648138365315e-05,0.5778089553313006,0.38767538553777353,4.2302684521583096e-05,0.5000658326300134,0.9958571265006856,0.04077830893621939,0.0071694305217938625,0.058116938971231644,0.7052349152451455,0.012645287979545172,0.514050379343411,0.48122038151467894,0.402118515078861
3.064948916037929e-05,0.0031956770349812944,3.5514909563662655e-05,5.338270517635614e-05,1.15732740302758e-05,0.0032194363372832916,1.777387068439328e-06,0.4585405025441403,0.9142249632315189,0.0017715061606764977,0.001105418537905089,0.7072259552836311,0.9935712300092165,0.00024745246924315963,0.49917271005814656,0.002322490549008372,0.010654457541214392,0.006984644412732943,0.9939718958859579,0.37797541607993457,0.5611316606234078,0.4600170847249085
0.9125855069824858,0.0032043764019163297,8.77580886853094e-05,0.0009817946674972892,0.4411250104966366,9.779858871876575e-05,0.004358932376204913,0.0013617634853280353,0.00015394435637277972,0.004515164810916037,0.0028246994920430165,9.630864404282095e-05,0.000841266196255609,0.002726988699519519,6.136897023817367e-05,0.29175139207353074,0.0006951375416470729,6.12196671149201e-05,0.002264096881622213,0.574926588969642,0.5105187902620908,0.39096347533543063
0.0041100539211694,0.5853574542756113,0.594203149885202,0.008325303254176627,0.0004793110601067954,0.0035892850582114914,0.0010191034434515972,0.004871497059389947,0.0027888865968919785,0.588799284032133,0.3893934637783614,0.0021149674442982776,0.003648122212683408,0.0007728584075385077,0.0027302445377877516,0.0003709701313860303,0.0064082549859776905,0.5007011285474875,0.9955868084776226,0.35071475818900477,0.5547689270813867,0.4902957539954012
0.0005754404918214193,7.871951677504481e-06,0.0015874284442481089,2.116824833322949e-05,0.8763094708025428,0.006151091532187058,0.44677257606883025,9.798194571826535e-05,0.000362027269958586,0.0010686212274430974,0.000668547664208215,0.00022649052215456696,6.552386268262201e-05,0.28937065115725324,0.0048453864391665566,0.9987636774220062,0.008044208545454951,0.775919445747665,0.008974188484839081,0.4542816684025598,0.42311373513367684,0.40209438534251285
0.0011982728779036855,0.5747011426607096,0.0004432133103081245,0.5635399376483101,0.00434831248164149,0.010519789683036004,0.5862262861733657,0.0003846210355942213,3.270031939777352e-05,0.0011558263459982181,0.000735748974718039,2.081561583120455e-05,0.00024483320240242345,0.3987286804862942,0.008265518886430512,0.0034869521014949667,0.4896929420155384,0.0004847335675371165,0.9986894716472368,0.49630322580223185,0.49532537168983626,0.4920107198194066
4.760686003710143e-05,0.0006012609877449305,0.9618382399223318,0.00022405430499368727,0.0009654676311866068,0.006625121657806375,0.0034304327900858585,0.00026055553797393096,0.0002236511241981213,0.48049616862734357,0.29493534133509147,0.00014802521183894177,0.00017245068635106733,0.0022704631891562704,0.0043982011573627175,0.0006521554751518269,0.00015051428540730828,0.9995956934484288,0.9503341881090196,0.6976742572591169,0.3135687453213817,0.46293590165065807
8.682436226797437e-05,4.956532876319156e-07,3.406461859086567e-06,0.01117401882689994,5.908920805748915e-05,6.363820731037061e-05,0.4494636469796472,0.9020843405544544,0.0030832917353099875,0.0007608704091962851,0.0004805767071436335,0.0019474548673188152,0.7056436997192893,0.9839388785926267,0.0036280500926733628,0.0033849364352380265,0.9949919744909325,0.02431297053554235,0.0035848645629630474,0.4119877420367796,0.506925251529508,0.511432707625175
0.5725102064423027,0.004454277469503575,0.0018270111221979004,0.0017429062697583582,0.5719243842687941,0.0009028069436806944,0.006751206900546463,0.5811624320228426,0.004855410083556801,0.0003499672054867477,0.0002220979775044169,0.003081377331972973,0.39338579489165676,0.005256642535416662,0.0007051211053151555,0.5061366407875212,0.001966981542044741,0.0020315294497524894,0.005016628304511106,0.5245222544912003,0.4561325680134418,0.4751528990228339
0.0008758612713977787,1.3324070900701433e-07,0.012286458322336163,5.1597153262403014e-05,3.145987708778174e-05,0.5678065050304832,0.5837194487861166,0.004187181468308685,0.5864950926379652,0.001764963829638576,0.0011032283176217036,0.3906626293434399,0.003201392358697858,0.4945640608292178,0.9866583505997939,0.0016426854857959717,0.0027977347966163116,0.953567191268506,9.475255862956278e-05,0.5741624890747048,0.5974628478663229,0.5589644003656978
0.8785358665173958,0.479883673805318,0.00029914383942397947,0.004165580626190722,0.005990023785471144,0.0009306180591958274,0.0015808703997474457,0.002108076031549921,0.003087046079371409,0.005438312503973819,0.0034480906044067785,0.0019573232381620625,0.0013198893300968018,0.0010023472177623717,0.0005918398493050156,0.003876049305805766,0.0026807343921591382,0.00018967689768584033,0.3217073706677585,0.5122829563459794,0.4911647558674094,0.562046176936312
0.01967095866023476,0.6041768961166388,0.6004134486186484,0.0002700201477852264,0.0012442198710050554,0.00026519672029851526,0.0041937993797647195,0.0023263295556154757,0.616108000963936,0.001013370330771259,0.0006109652109411078,0.3966178203427552,0.0017270128046376718,0.0030580680480857313,0.0001968786174453718,0.0009426778497478772,0.00020045969713869188,0.4937816397728042,0.9795428439408261,0.6430950974599752,0.5845276779781401,0.33177099806688926
0.0002247389808508532,0.0030268928260634618,0.44695661530426734,0.001401642311380693,0.0002327283176204673,0.895280056616919,0.00647092650100821,0.005089904317440091,0.0005221671592525606,0.001481852670212376,0.0009404149380953016,0.0003313785411801817,0.003230177208979247,0.0041066712348443194,0.7059938119939759,0.00033828836910319393,0.0020262202663661115,0.9956215997910257,0.9534158024182569,0.4813975366930909,0.4557094999891231,0.47098112149878774
0.5658469733992082,0.0011562465210170694,0.002053403495709796,0.00024998981767439114,0.001698477545759824,0.5639229179410538,0.0032675082946513816,0.00032007721869009673,0.0004422632071177492,0.5875431241828767,0.39732356150628195,0.00034509395778088714,0.00024975337325807236,0.002549614263396784,0.4954446565515448,0.001899265501330506,0.0002780099485792599,0.0022499186003264488,0.0012831924848809052,0.5129869178209359,0.45602478453948014,0.5575524983657338
0.3791308484212428,0.41808423508682874,0.015601247442592068,0.41205477608649216,0.019465005551259056,0.011542755247006849,0.006538060404093318,0.0055418953180560926,0.00020411902257224003,0.002367611923103473,0.0014602303040798649,0.00012589111591757235,0.00936495693647943,0.004721223653811113,0.011475745143430999,0.014648296231722119,0.4277897559974682,0.025178042357835162,0.5656132609617839,0.6743279009001689,0.4575046376462634,0.4957884869245319
2.779949560447395e-06,0.00014700350680976084,2.9373538254900227e-06,0.45476615636954637,0.0010009712888515408,0.0004641547627654114,1.4616672873720354e-05,0.0006423929605107578,0.9314829001736135,9.857040405446138e-05,6.036328597571394e-05,0.7071183584097498,0.0008860224484809822,2.0160103625545397e-05,0.0006502231861504821,0.0014089709190014954,0.9997945603618543,0.01255526342047979,0.9877967554174372,0.5903244740417616,0.33641890960315984,0.4317883176946171
0.44051082990183593,0.0003347977847484763,0.004221971972550278,0.0014491220306307971,0.0002661904175234834,0.8598076772163286,0.0024662257307907225,0.0013912828773060323,0.0034521443494188496,0.0015174133494256993,0.0009471812852593204,0.0021548612179784128,0.0008684555428881683,0.0015394502849363318,0.7048662226605896,0.00037922100310436475,0.002143812700174961,0.0059527660994896925,0.0004733858184848283,0.5475907428354991,0.5734218277776288,0.38941495242741125
0.0,0.0,0.0,0.0,0.0,0.0,0.0,0.0,1.0,0.0,0.0,1.0,1.0,1.0,1.0,0.0,0.42656818184070205,0.0,1.0,0.0,0.5431117686466701,1.0
0.008640066001794932,0.005366462545576806,0.5723090953080534,0.001251641004955664,0.5748879289201092,0.0009284585178003598,0.0003219070462810183,0.0018219581813459249,4.9281204594855256e-05,0.576831728209063,0.39049563724204644,3.8288631980493636e-05,0.0014155567915117872,0.00025010369226443984,0.0007213603048962347,0.5080813159020245,0.0013930561072873788,0.988679204539097,0.3538330924464903,0.463981162318109,0.523302188829289,0.48495475875311
1.1678415232155489e-08,1.172401773030176e-09,2.1201663962779522e-07,2.0831998062342575e-05,3.819203233356176e-05,1.0,0.0004585969861667916,0.00019013873880269991,2.209014483749043e-05,0.00024800688138564936,0.0001574103944995491,1.4020653238077791e-05,0.00011917095629130725,0.00029107231772766457,0.9999718554300833,0.683562862993687,0.9936067345039111,0.9647885048660133,0.06451034634664082,0.45150032111990906,0.4957064631875611,0.47447884506070637
0.006864600871466256,0.43888134746497004,0.8503556166688835,0.00321731136123855,0.005110419738909204,0.0009373206559960736,0.002116711581613112,0.002400346932045312,0.0033940946602865232,0.00045631257126960243,0.0002883467956933594,0.0021447540555429062,0.0015745862065847283,0.0013375761743800092,0.0006700523769780494,0.0032957315117251914,0.002154636919016251,0.6932110494269821,0.9900452216930359,0.5493939260985399,0.5706123195774127,0.49423097256666726
0.5770374434158156,0.5748374951853162,0.0029826306402978317,0.002733811321031123,0.0004968936868020294,0.0024618239614848745,0.003367191881991499,0.5834808808772767,0.00015063947370689927,0.0002861606779825028,0.00018105257721750514,9.530892215800656e-05,0.3938044285515859,0.002568497343185317,0.0019118720300790046,0.0003938240484281548,0.002123110297048557,0.0023163600301337956,0.5028495059298449,0.5414396517460995,0.5594486919511705,0.5308393545924452
0.43890921575171965,0.8920299235773157,0.0011810414773614593,0.003170698808201907,0.006669597758046129,0.00374919307423798,0.0037033368604799666,0.00031330785660799756,0.00013000382763292767,0.004725301145622629,0.0029792947577728813,8.196780245253374e-05,0.00019754154565211583,0.0023349703359339543,0.00243549816087881,0.004291724171580484,0.0020291086813166792,0.000752143766321253,0.705439528445116,0.5795848694370376,0.5432938024197546,0.46121362948674655
0.5802385973673049,0.010492385170716198,0.0009985214846142444,0.5905816275640927,0.005181155776744861,0.00949600359209914,0.0023211579284459897,0.00035403826000702257,0.00022842026144476288,0.5972679166450796,0.39160727563241915,0.0001720335716678448,0.00026664215010597576,0.0017481708185878143,0.007264168250184333,0.003982663544032878,0.5018793412106467,0.0010667815869544425,0.01135435610961455,0.6666722304623026,0.5765882772615227,0.4631597785962832
0.013950719404245929,0.5830500635526796,0.5800497187619853,0.5728129446609102,0.000451482274679657,0.0009994339794825134,0.010333286212228093,0.0003211368383559244,2.071758001063661e-05,0.0008584874834645072,0.0005428462792203838,1.3100323727954904e-05,0.00020306409403064588,0.006534150136719126,0.000632004373137469,0.0002913683869663358,0.38532553861306024,0.49420387496369944,0.9849636179042822,0.5678956822398646,0.46141355697336633,0.47377943906698083
0.0010601625543997643,0.9105776374335973,0.007232015536061807,0.0004145531324698209,0.005037427313136554,0.003916836073898187,0.4380581260684411,0.0010415418600238093,0.0005285142095709003,0.0002437789585815905,0.00015199073990369822,0.00032951683501655755,0.0006493783160483739,0.2822787491533022,0.002910778995250026,0.0035484747104157317,0.000303248513076871,0.005148791387074636,0.9992424240422929,0.5424150616894365,0.4802528686753637,0.3625601588477028
0.00015194068893544714,0.008110749472931505,0.5857200869468214,0.005368700856396918,0.0011540876053774724,0.0030688693960035894,0.5834347405642067,0.5891527877184989,0.0006145897884431876,0.0044470014873243075,0.0027949863471848895,0.0003862785328489027,0.3875290674927828,0.49553107724852014,0.003503260737543827,0.0012672770754471574,0.006121957606412957,0.9911586382371771,0.9878120420167844,0.5459407538556798,0.4453279269096041,0.4116466502763624
0.43370599290694206,0.000990745859884603,0.008805013734997183,0.8873627681909331,0.0013557430999326554,4.084174853880467e-05,0.003137866733469103,0.0002417949255850254,0.0002455736996613915,0.004941163936704925,0.003130707311752125,0.00015559604828475752,0.00015320181306255343,0.001988162746861144,2.6283216254970737e-05,0.0008766616007040385,0.7076089543405171,0.012585518890123496,0.0014345215004229997,0.5129022390031841,0.5541000754247077,0.4589955753071973
2.619512197514195e-05,5.1316155057616616e-05,1.879055056642113e-06,1.7825035691947787e-07,2.7808761809462635e-07,5.7239983270108185e-08,0.4535054350405614,0.00011032949904047407,0.900397424415871,0.00016925177741347472,0.00010687711479377107,0.7029651075327084,0.0001548778320266289,0.9999176594278161,0.0006400623495004704,0.0030802291588343453,0.001999510629982021,0.02060235591870252,0.6938554298822314,0.5778287075907536,0.4595822755971463,0.47838529552650455
0.010571556108248508,0.5619330790659689,0.007034360498312485,0.5847789780440645,0.00047359021936715446,0.005784774140852224,0.010180481745637248,0.0012790115280776797,0.5804967861173413,0.0035017049140201166,0.002214363997999109,0.3912585978974128,0.0009899602819829758,0.007879943092476405,0.0044913544074179634,0.00037413305864732627,0.5132614013666605,0.007866406458146612,0.9881767260973806,0.46320731664133646,0.5665453783327288,0.469265903503325
0.0032397109489408246,0.003426209630574507,0.004759766493390798,0.5737978557588842,0.5700878396648724,0.0032358554989205144,0.5917009077043541,0.01200011092224724,6.718010175974785e-05,0.0007091884559451268,0.0004452982796763174,4.2182283696242154e-05,0.007535027333785632,0.39674086480034654,0.0025415644870639175,0.4996648381386553,0.9926053691873011,0.4968484607827931,0.5134589145257412,0.5016735200710931,0.5024334932806331,0.6178184273744131
0.001655793032472553,3.4067054651018334e-06,3.7213622869632e-06,1.1019816737039921e-05,5.987131152190185e-06,0.00010438447703303831,0.4529289372776575,0.001356435917955103,2.9958657029940833e-05,0.9046992633366726,0.7045036957530006,4.210825297667762e-05,0.0019305121345835532,0.9975657196053287,0.041340948960018664,0.0022507594330209366,0.004302004270642231,0.0014139305691815984,0.0012969154995819202,0.591372757979357,0.49010437692088815,0.44256096414127444
0.0001935666354986246,0.44713272493713757,0.0007007059820853368,0.001476618914153032,0.904584532279517,0.0023410365480750167,0.002706457945369147,0.001323174771415925,0.0005337549287778984,0.00328988092438757,0.0020367828582414046,0.00033045167061666273,0.0008191877022438719,0.001675591839335093,0.0014538123866164976,0.7096532771193944,0.002106733648943278,0.000984991195289118,0.9997279007251422,0.5178829938547534,0.40869034635253926,0.35987719065655105
7.948765380867988e-05,0.002747282600277243,0.00011316290982854737,9.947729540324772e-05,0.4514764903014384,0.0011924820058363574,0.9238455573356869,0.00012358597065000103,0.0005225714558725171,0.0003340602804924016,0.00020600033127244417,0.00032224693465165576,7.621006324945429e-05,0.7054709526518235,0.0016526623517642061,0.9961480163204719,0.02306031097817161,0.025864753689405794,0.9813322861984761,0.6348249429716494,0.4740218232971303,0.3837186315314504
0.0005697628077119644,0.5817225345428185,0.0023200366678675344,0.0024433125381033275,0.0010658716740947324,0.0035717684469868537,0.5805690588542667,0.006512971569059123,0.5828541070458483,0.002325640323248929,0.001463087985191347,0.3907598171132452,0.0050123836071244215,0.4952897844359809,0.004154967769688957,0.0011753020867852348,0.0027977347966163116,0.0025855268881353546,0.9993626925841282,0.5194920531124769,0.39258124990937265,0.5040318413189234
1.384531954200384e-05,4.574373603910854e-07,0.00567125333508441,2.0721381909883364e-05,7.556782748110903e-06,0.0004032403996649051,0.9300929938730569,0.470079056505266,0.0014394909489901428,0.0013756643384300693,0.000840351738350259,0.0008793422747052967,0.2979121830150899,0.996108410722855,0.04518874302363762,0.0008657034428272729,0.002326036697456834,0.9984449433090986,0.021295777260082582,0.6744397206165933,0.3986752897301077,0.4618237160978271
0.5709159162728529,0.002615245489442106,0.0002827874070841376,0.5961501386764807,0.0036719202527249945,0.0010480791400669404,0.607646760843399,0.001312044761891516,0.001218610257518079,0.00011356316679156863,6.959918231991312e-05,0.0007468468842368303,0.0008041104581565176,0.3977924844896876,0.0008159668911313124,0.0028317187844008607,0.5100685102086978,0.00030709846427155914,0.00287659227113464,0.5271555573054452,0.3062761284150094,0.477875722866388
0.5771093971325866,0.5786283967878132,8.079339723992485e-06,8.808582768884042e-05,0.5657692323694933,0.0010257906033836386,0.012887870075278324,0.0014384976089802065,0.00020288291157934108,0.0008783924547802127,0.0005564030303029469,0.00012851282555402955,0.0009111928475123011,0.008163840416553103,0.0006518201683924692,0.38965031563176444,6.919736067544731e-05,6.253352663965206e-06,0.5049019392842125,0.49872641794569594,0.46330783215637944,0.560685012536603
0.004334005119545402,0.007303084986703114,0.002155933414454342,0.007734614913533204,0.5818735178720376,0.005492795828833425,0.0003603970919168378,0.5883393429372347,0.0009629843001644256,0.5830294300478724,0.38767723950171096,0.0007332891601537202,0.4969640701641973,0.00038627030521410407,0.005979505536301363,0.9872810886598492,0.4602417972214564,0.155807321639319,0.655200496177098,0.4948658203674481,0.5844340895569191,0.390010809323144
0.5735442185599925,0.0023311255295154045,0.0013744358210843516,0.5847259752336539,0.0016239000472347625,0.5722284820468586,0.006480317364838872,5.7204890661259565e-05,0.006114296614133782,0.01356605386393116,0.00844106588337286,0.003804681380206027,3.559673131270174e-05,0.004032516384813648,0.39099278052231207,0.0012618997103829095,0.5024489318122146,0.0015006441531656579,0.0025523332678466237,0.5964851097896096,0.42611665520126857,0.40832158418089015
7.212425539217254e-05,0.004321418924866806,0.9181833538828107,0.46133657765319375,0.0032764851076215137,0.002970010121610711,0.00033945906602434015,0.0015027938360047681,0.0003103959936890232,0.0005472084653166195,0.00033920410364151796,0.0001924085847591038,0.0009315537347176206,0.00021042446716223453,0.0018410575934977075,0.0020727895787403527,0.2965899609684819,0.9970012306803236,0.989375835757021,0.6367953577677441,0.576005620019163,0.550134909237449
9.764726001028184e-06,6.843878798003306e-07,9.813944396994654e-06,0.0009284816052956973,0.0009334706636566737,0.5698863880528717,0.5789629406216862,0.577317830792502,0.00019450174308737245,0.000269292452766792,0.0001703133116300009,0.00012301212543871425,0.3888560217405689,0.49553107724852014,0.9985470123836933,0.5034214828505603,0.9905110701232617,0.49242374895966295,0.043943302227745604,0.48848132907202524,0.46379545234679187,0.5717896059432308
2.597916461579274e-05,0.0023176487556318464,7.077826642702097e-05,3.738756561212198e-05,0.5764112939981475,0.005488490299053329,0.0014528733372700764,0.0007387735603105648,0.5880824964755456,0.5880382505655957,0.391750768293485,0.49988715119461363,0.0007994648239138542,0.001572231303960142,0.005957433349271457,0.9974579465385425,0.010284843830658676,0.019187903988467644,0.9929548020587772,0.42035177379800537,0.4060283068491872,0.440762263301549
0.015706951447273926,0.5834179007333091,0.00044563948556388766,0.5625691632733464,0.5565054452463903,0.01236973389271585,0.003114519105616488,0.00038462046794365774,3.2700271136360294e-05,0.0011561277275215272,0.0007359419071207285,2.081561583120455e-05,0.00024483320240242345,0.001982575084490505,0.008112804370719238,0.38451661269969883,0.4899280950222665,0.0004847335675371165,0.9824864784710522,0.4959466244181112,0.4943408720016723,0.4929703742826752
0.574092101330277,0.002971482754707652,0.00044884481721006194,0.5795857601827784,0.5888004547000419,0.001103874558643177,0.0014347352024214903,0.0018841804803648265,0.0002775122557466121,0.0011871694008684132,0.0007359419071207285,0.0001720335716678448,0.0011680294500140762,0.0008894134147073705,0.00069503607472949,0.39791696920350983,0.4993336614194505,0.0004847335675371165,0.0032503402260599112,0.6472638147611898,0.5703471062368324,0.4822561420134927
0.6253816872781148,0.005240312201732474,0.0013193338488862794,0.001964277108604167,2.1691063805907826e-05,0.005096589601410344,0.6309585444414741,0.002304201216802955,0.0019887723610732743,0.6443515111107605,0.3954649815690757,0.0014063147174077934,0.0016293674204213744,0.49438463665775095,0.005067963970147832,2.194560908640869e-05,0.0019764283998603585,0.001307941427393744,0.005261905760354568,0.6982547297543588,0.5076214992599835,0.23969958960725846
3.736828201683652e-05,0.005430221794570834,5.989023329609975e-05,0.5734125187500558,0.0003532960423132117,0.5802267542839062,0.0009829064621562312,0.001603373260313844,0.00017345868842821437,0.5847515993758666,0.38916850473289233,0.00013235412103833523,0.0012234220964472357,0.0007499883357155097,0.5085182628787474,0.0003943859440643162,0.9939833501335565,0.007001224187984539,0.9955588257805658,0.5270351802630189,0.4278681220344222,0.3863760558710983
2.0783750562202146e-06,7.249026499095746e-05,7.982525701771914e-07,7.160532950055182e-06,3.93141483231178e-07,5.018097017003684e-07,3.983762305961711e-07,2.3098913780556643e-08,0.44705160396127,0.8958022844071686,0.7053159373293514,0.9998927130981594,0.00020145847922440306,0.0033662885805014276,0.004796982604370836,0.0033904771543022023,0.06423616978871804,0.0071178332397797694,0.9812215481914222,0.5038340467104437,0.4807602976995561,0.5278011014784014
0.0003452863532119196,0.008264211214674622,0.5889555002058137,0.00013598758346663385,0.009292858755948858,0.5599809956221935,0.00025728345026694945,0.5959978370002988,0.0048802252829939635,0.0002447154075867828,0.00015442434390029627,0.0030796121457189645,0.4023579594026297,0.00020122735110838673,0.4848503821656077,0.010249462771936358,0.0001491761510973499,0.9909450573077474,0.9737538734595779,0.5561215789723264,0.517868454366459,0.5733412907584569
5.231439002803551e-05,0.0035365550469117026,2.5286803752341987e-05,5.092123302427557e-06,0.5829503131226056,0.0005672565652112,0.5891216308006572,0.5970560570957285,0.00017728720783412395,0.000882763830235907,0.0005464934084616063,0.00010975338074117403,0.39436233445564894,0.49687022353206217,0.0006440002207803847,0.9961664904162941,0.0009589744180890502,0.004634777743709871,0.990375491442798,0.3846981299189818,0.4955608311727054,0.3773908928375848
1.0050352244196698e-05,0.00011589270877331717,1.0665443138342241e-06,4.308822859734522e-07,0.5902844706126836,0.006843652863087256,0.5979273268480311,0.0007334924244055905,0.5994046197253475,0.00031298301893669593,0.00019175065421277794,0.3914294956059877,0.0005501308542254502,0.4975959193069849,0.007672760184184077,0.9998754605904986,0.002466793811966314,0.005819356430250873,0.9437188997339448,0.5231423662272059,0.3359922731929763,0.3919169733119386
3.302529459286771e-05,4.274894776274051e-06,0.012113951122589867,0.0007776194910439497,0.005776163619749606,6.929682084193512e-06,0.5888827860648296,0.0007964099492819687,0.6051236989297999,0.6005920274045895,0.39356062588992907,0.5085749653354537,0.0008607433291574766,0.9854133394709479,0.000327886258187961,0.28778497385271834,0.041418358120784204,0.9982495861444081,0.0829918768657944,0.6845057327808018,0.45785215180788436,0.47880811402734147
0.009750946305981317,0.00012665091600003872,2.9537409336160987e-06,5.4564369007683155e-05,5.818060680018146e-05,0.5800545912813604,0.0021451463355701287,0.0007689328854459062,0.5903653743916818,0.5861363219807391,0.38781092900690584,0.4960635436752563,0.0008189867117546846,0.0022847911925169798,0.9893341762123304,0.0037749732549246517,0.0035209748231896376,0.00018967689768584033,0.008156029020194317,0.5954121655406039,0.40995588084190704,0.5846445575363813
0.47395844915810115,0.4226876097216695,0.497498771516075,0.024616531212255828,0.006205860932723812,0.004920809894612121,0.006376439685167553,0.009295711469941136,0.010951707927055304,0.013766961115264837,0.008436994589765547,0.006712201899751544,0.007470432246070082,0.004085530845015506,0.004302918088012371,0.004154736187285603,0.016532162350710262,0.4670288750581324,0.4851618390128321,0.5924506854524777,0.6450187379581285,0.4038269747352723
0.002784807442899734,0.002779980037335959,1.6227749547380146e-05,0.5805314998073832,0.0010658996565698878,0.0038341235015328513,0.5805843006133453,0.002580062525239667,0.5828541070458483,0.002325640323248929,0.001463087985191347,0.3907598171132452,0.001960747531131728,0.4952897844359809,0.004154967769688957,0.0011753020867852348,0.9957211700654365,0.00260865089172069,0.5035130821097104,0.5194920531124769,0.39258124990937265,0.5040318413189234
0.009531234857653668,0.00013101070002177173,0.4527658684284045,0.000977504497824705,0.0003079447693944868,0.0027021103645151765,0.9068708284220769,0.0016173353020576752,8.20229204754199e-05,0.0007048911620564612,0.00044269881161509506,5.151356303909749e-05,0.0010157494891227382,0.7051473313188714,0.0037984553855239245,0.0004417917093653724,0.001374131535195771,0.9865991129903006,0.008862503498705782,0.6038016528617925,0.5046195523453291,0.44645083384226886
0.004736237266395138,7.214416291012206e-05,0.004232446481271224,0.5795091049805228,0.0014449224730121134,0.0031869522018257335,0.5764619511345539,0.5766257355389349,0.005915540043253239,0.0002977923776274593,0.0001885608063884596,0.0037457153139057453,0.3888560217405689,0.49357252716717115,0.003503260737543827,0.0015959767445992146,0.9930218117956923,0.4558894679521104,0.009564802837308872,0.5155704625327397,0.5163923517525515,0.5699765673694133
0.0002564481168444706,1.953785575531441e-05,0.0016468391211013622,0.9023192048854677,0.0008339589891381249,0.0014975400246105385,0.002807667793243704,0.0017307605457204621,0.45153073977422087,0.0011242382466055583,0.0007009345128900144,0.29160929681764064,0.0012031129077792516,0.0019517146286161342,0.0010725299907098917,0.0005916337296288641,0.9988405911091968,0.8987823730929521,0.04775322811866023,0.5321005671373211,0.42750074179985115,0.37835876135634
4.633862206085551e-06,6.869293095976173e-07,8.277078848667994e-08,0.0004776462709195215,0.004430364787303749,2.7928892499314248e-05,1.873946205383643e-05,0.6246948399145624,0.617212687586779,0.6338591058252601,0.39801103198948484,0.49615615386770306,0.9953658068650357,0.002623426345013895,0.003971239481579206,0.9319977842400224,0.9936846033704605,0.010956985088293347,0.09243634302968762,0.7762207200733628,0.42586113356295785,0.46459316708143217
8.565984034917943e-05,0.005191116768668752,0.5830148396566742,0.002072889515416559,0.562870938017356,0.008157413079997679,0.00031856510826355707,0.00027882200675864965,0.5803771414049632,0.002328835375917054,0.0014725463443430965,0.39112436033434905,0.00021575720934885223,0.00024651111260211214,0.00650365012010775,0.49209570926696006,0.002274435814805004,0.9943150319897587,0.9892639086803918,0.5393821528282424,0.5254815023232957,0.4320570273899855
8.362473016907223e-06,0.00025365431239740956,0.4619362510800693,0.0006802202026288737,0.00048450004177328526,0.0008022214664366737,0.0003226755739082217,0.0008749435749624032,0.001957248144066836,0.9344525776237383,0.7077188318432335,0.0026973606874506357,0.0012058021073326666,0.0004446954010038364,0.0011089780576621318,0.0006814386667755971,0.0009514668322736907,0.9996457441907577,0.9792855913125981,0.6727644510005895,0.519570061709972,0.3896954015146803
0.45461910353304746,0.014286326579009663,0.914228256587842,0.006497051188211,0.0014086370504513008,0.001071244103935467,0.0024990839715440098,0.00016579055739480484,0.0027918388241850874,0.00022230573621848196,0.00013859200892163133,0.0017405175680743749,0.0001020655246551606,0.0015580107112409243,0.0006698682075332254,0.0008962425176560148,0.004111088964213083,0.706095684655645,0.020255976293086418,0.5988392843298824,0.3983486657077567,0.5324808551619883
0.45860343618176647,0.005369562347210931,0.0032179490989906853,0.0007361339197304954,0.927859182260762,0.002965981001578092,0.0012696235112384842,0.0021658129618734806,0.00010779920432243384,0.001737294123860226,0.0010684284307556377,6.629611041296645e-05,0.0013319679067509541,0.0007808156530547394,0.0018240751705047844,0.7077776038938541,0.0010217833440937145,0.004466682629533475,0.007453527590950471,0.39233994291708074,0.44671188556179475,0.35601562738551235
1.734919458349457e-05,0.006012278973980295,6.114565298659368e-06,7.694339910673068e-05,0.576821368579128,0.5763512606052199,0.594539254793355,0.002077697438398594,0.0019373184350569206,0.003263739484706986,0.0020430246489202422,0.001212720964877264,0.001300597773267399,0.3975001462605796,0.4942239853557246,0.9934141586256084,0.00816368544238838,0.0006392311359639247,0.9981862710511963,0.5299715228323898,0.5110724730443532,0.3735748802993659
0.45292487567340006,0.009428271249207374,0.0024247970180549592,0.0029544539179419405,0.0015694720526807,6.481053191397674e-05,0.002804720583011436,0.0013738622836418546,2.9966674804128768e-05,0.9049413861525978,0.7045036957530006,4.210825297667762e-05,0.0019305121345835532,0.003941150701184004,9.134714115777848e-05,0.0022507594330209366,0.00421374779990244,0.003407443655734024,0.013420491903279276,0.5514457108851911,0.4891992969001772,0.4038043540689138
0.0007126701268118091,2.9375123671671393e-05,0.5744667620278553,0.0002473105211748601,0.5654991061957831,0.0009019188702307029,0.006723914206886413,0.5851825723839846,0.0004046246762060155,0.00034984045132284555,0.0002220979775044169,0.0002568780367691011,0.3966817932031389,0.005256642535416662,0.0007051211053151555,0.5014675053237225,0.00027406744307807143,0.9992095367421658,0.026562314036039758,0.4856962649794638,0.4561325680134418,0.4744893065281056
0.9029009722122223,0.004051612043273746,0.0037335291850528573,0.0005644774569777676,0.0003491219799476197,0.013339538024021743,0.0001885903963036599,0.46193141143219485,0.00015989908356192192,0.009133011201238198,0.005732085673908371,0.0001003590162344987,0.3010185631571318,0.00013059191817017444,0.00940461194752265,0.00025121437283479216,0.00039799567252818153,0.0026324043033644625,0.0028934209552867185,0.45623266056775164,0.5161498706764166,0.3896715116457867
0.0005041145401546547,0.0005736991555037613,3.050663311660179e-05,3.117755775444267e-05,0.8839281248320549,0.00011987388056217715,0.00032617397780883723,0.4605581141691817,0.00045975805146365566,0.0010387607451865831,0.0006528972913981336,0.00028897405243568974,0.30051369468242295,0.00023018483307848684,8.459641893174277e-05,0.9994562442878454,0.025767034382083498,0.025232924453256547,0.5450720295969572,0.5431295300622706,0.47432883129847075,0.3982935797914715
0.0015656972042636104,0.00024122263786187769,0.9002786153884996,0.0014246705191905114,0.0007046846116037569,0.006749230297909562,0.45174798341763694,0.00022712346752161853,0.0005128873499326389,0.004522375095080378,0.0028354563343394364,0.0003215742464622203,0.00013999795101821144,0.2935310436594095,0.005013237484557953,0.0005035028311883953,0.0010570679364416136,0.9988523842693617,0.09524501996409246,0.5894039103006711,0.44261364175136064,0.43608028291397577
0.4465198859011856,0.014037808778740626,0.0007520315781991773,0.001973561357568256,0.0003108083717507429,5.224209043585757e-05,0.0008756995137706952,0.9166219003135716,0.003568866446883009,0.00014175732185120273,8.789945760163183e-05,0.0022129513635449505,0.7025225917189551,0.001205441046204904,7.409190767478785e-05,0.0004366361871276347,0.0028504902801932946,0.0010455923001351309,0.019575413712992068,0.3627953186534424,0.476125885579116,0.4145884604420595
0.00014621925848294062,0.0018471577113222672,0.0020475742381075366,4.589313988931731e-06,1.975112172255681e-05,0.5863807608298731,0.002376436187893747,0.5854910737487125,0.5782055020284207,0.0017486036367775396,0.0011005597061292352,0.3873873880113453,0.4985343839168828,0.0025720980746348644,0.9969935374472803,0.004619775174325348,0.0010675679315626588,0.5276663993161536,0.9490211292081584,0.5156948449179634,0.5833691385165881,0.5654609913232858
0.001074578613095653,9.362065221305957e-06,0.6034803183034043,0.002476408335019209,0.5943606664140517,0.5923792606397676,0.005259775087694808,0.00022172196029387385,0.0015356564195560596,0.0017493113869118096,0.0010690358361016652,0.0009384686422320781,0.00013549857681496904,0.0032143639572175496,0.3864054327656064,0.5016257099212618,0.0026514443105631145,0.998866369154961,0.005617577563112763,0.692240956871785,0.5259404075746937,0.4359644939950269
0.001787189250465814,0.0004984702324217163,0.91438857394194,0.0025830336626553054,0.4361326756281317,0.002901189743997335,0.0010233203306579822,0.0013608723850038285,0.0004987955797276398,0.000874815506688013,0.0005476282977652214,0.00031224258200442405,0.0008518970204042236,0.0006405921801862746,0.0018446001960022518,0.2883918717564771,0.0018252556770907502,0.9986748975318875,0.17092101382971697,0.3797229706307943,0.4554947392548065,0.47700288927888623
0.5961416324897404,0.001403951914840335,0.001710084212277598,0.0014215016727816652,0.003621734697517636,0.005203531941183031,0.002171791094231994,0.5913382621755894,0.0028468159730119054,0.6077466109808557,0.39883518865889567,0.002158275192446161,0.4974013046570216,0.002319089517605793,0.005573340064255555,0.003947053745298845,0.001540708985884931,0.001826189078791056,0.001518549095452404,0.6115953485105569,0.5901018540287815,0.3735065147334147
0.0005929539211535761,0.5847970780873978,0.002405600427230816,0.002564711549742075,0.0010715050623173728,0.0038496283701025436,0.5836374771995773,0.0020074065784801702,0.008559956663435982,0.5766354187689662,0.38597009645560587,0.006552993989453831,0.001536806919742066,0.4952897844359809,0.0041501512975685,0.0011753020867852348,0.0027977347966163116,0.0025855268881353546,0.9993626925841282,0.5203699078108962,0.39258124990937265,0.5040318413189234
0.002920710649817384,7.760687417746214e-05,1.2744976566908047e-05,2.6313077075614375e-05,7.4446948086325e-05,0.4471833692888449,0.0025696344531713107,0.00010786218820913331,0.9086251837746382,0.0019502129976956097,0.0012186721367815072,0.7012375455136334,0.0001490351589004933,0.0035505294092960126,0.9958191931761491,0.015987389555211153,0.005638123662097663,0.002709405564110468,0.016546387317519062,0.5602712596173045,0.5075500730155235,0.3772035146325703
0.5928482067005577,0.5875114523121208,0.0007331152545465478,0.0024902732104768233,0.005518835717353609,0.00015864294906300905,0.6041378664545359,0.005680335029297887,0.0001291769826378188,0.0009079619709937299,0.0005586367201593348,7.947802541942416e-05,0.003494926671022869,0.39693315336381696,0.00012023177141191692,0.004268593431627679,0.0018873648903451382,0.0005556258709397206,0.5011870475336705,0.3663150605826929,0.5428953667962776,0.37753515423074324
0.5718699080665326,0.0015864229870517768,0.00033453988474625804,0.5778411248394121,0.00017433505409419577,0.005555497008680474,0.00027701675832934414,0.5762322244619014,0.0024226790549601103,0.0025017681735476486,0.0015902247518834456,0.001539957223015711,0.3902671825682251,0.00021528563072302064,0.004330789970840188,0.0001382736368554017,0.5080290841599815,0.0003724165886214928,0.0017887411040619899,0.5164972567425259,0.46533398543714444,0.4917524673628115
0.002118356355396103,0.0031507185541839082,0.5803968038170108,7.020392760155738e-06,0.000692764565423047,0.5707268068161383,0.0007214377853770403,0.0003123435143234962,0.58130365402207,0.011811939799437867,0.00750989705713434,0.39434178258975094,0.0002439098999051084,0.000563372829999317,0.49562108038444086,0.0007754730318272421,7.815441263098752e-06,0.9957987055525449,0.6269273836785692,0.5227424065602941,0.5231950034082358,0.4834091613807623
1.0,0.000753831653400466,0.005465752384514927,0.003406858664542441,0.0005993373977573923,0.0004929516506353572,0.00026576348788487076,0.001400756161224859,0.003475650096585193,0.0015277454592473642,0.0009471812852593204,0.0021548612179784128,0.0008684555428881683,0.00016477094749850756,0.0003065642533913726,0.00037922100310436475,0.002143812700174961,0.0033887530983208736,0.0004733858184848283,0.5959651090179767,0.5734218277776288,0.38941495242741125
0.008884713121800437,0.5801831656229639,0.004423818833490512,0.005123356078398625,2.8079978474455323e-05,0.0005927703487093753,0.5933661985259417,0.5901671857550697,0.00032762286114029174,0.000866978411812353,0.0005397070509678589,0.0002039501920604286,0.39162501257562665,0.5030282727831137,0.0006440002207803847,3.103999724157758e-05,0.005632431983027736,0.00479189993990474,0.990375491442798,0.3846981299189818,0.49677097915953206,0.40328947258224757
0.00026466436545569203,7.190227365797408e-05,0.0011708670230148393,0.43929936850660206,0.8805890506922168,0.010113369474907282,0.0004994083318036423,0.002957697054015078,3.400531110662059e-06,0.00024502184483666455,0.00015547722500395351,2.1577878147571966e-06,0.0018767926831848622,0.000316898127152444,0.006436912165988978,0.7068043178110339,0.9982828892095004,0.8533968036485606,0.17094515771534458,0.5299866460744381,0.45650785452604614,0.478091382009037
0.4468708477797376,0.010309529645777863,0.00322214474752528,0.003665470503824267,0.011641495804239664,0.008242373070940305,0.9149647504968227,3.245933640336718e-05,0.0031565238374878612,0.0023689392989084644,0.0014731313849889714,0.0019628995989506956,2.0185059137079074e-05,0.7038660580360996,0.011462161090554535,0.016474877404261755,0.005160071274548705,0.004469280942433409,0.014485144328558963,0.5566178116456181,0.426812856264188,0.3767692532931506
0.5902978270274275,0.0005486681755049996,0.5991702628697203,0.0012910764425204373,0.00022520212183188215,0.0010685193882071051,0.0004124171192305609,0.004816285119602492,0.00016453980975836857,0.5831320269217034,0.38592007135272677,0.00012453547060516698,0.0036453282653380052,0.00031215184234444776,0.0008112292744264469,0.00017395530748965022,0.0009918093419106055,0.5047484212636216,0.0005993290623313614,0.6213388797572073,0.4655917666516766,0.41293577059687964
0.5524504093007323,0.0007371714917078883,0.006851887742051664,0.5626606052708292,0.0013529690251767358,0.004695955242259386,0.0102633684490608,0.0012690743209991526,0.5811379190603826,0.0065338355147732605,0.004117403509867403,0.39019433195961634,0.0009777074713094014,0.0077449569002838,0.0038386848476184288,0.001063863489715794,0.5132614013666605,0.007866406458146612,0.0008311211282316933,0.5650779464065756,0.4288095100885283,0.469265903503325
0.0001798646986666466,1.6432275823929375e-05,0.0066270665613899086,2.1580993163839844e-06,0.00052988623715402,0.5777179851063856,0.00018181505437770023,0.5815890146948804,0.00036584563866184596,0.5869332965680077,0.3955681494712042,0.00028410429018920977,0.5021046163557866,0.00020033890017239755,0.9926715708143796,0.050783633561319874,0.00020723779839567844,0.9826538888301276,0.05799999755545021,0.5165356944987265,0.41459821803852076,0.4741414058206202
7.573879199467763e-08,1.7773326765631383e-05,0.00010601362294862221,7.048585972481244e-07,9.637937075817828e-07,4.841128509368437e-07,0.0013121226356161899,0.9083099289127033,0.4543899049441187,8.263299008454327e-05,5.179635715196794e-05,0.295298686866507,0.9990772112654899,0.9474352572376582,0.002967402056281583,0.005766776206447999,0.004379730224799705,0.893961098896785,0.9972272046915883,0.4441008447146877,0.43042774325339744,0.41246540428773665
9.381857671790744e-05,4.6160531460974727e-07,0.0007000857348532681,0.00462079741480423,0.00928635695461368,0.896774131625764,0.4491462303554164,0.0001844270531103218,0.004716220627482341,0.00015167720009223775,9.626896364929032e-05,0.0029933790202101842,0.00011705647100404982,0.29558053798841655,0.9924986275599912,0.7082928084015425,0.90349894944901,0.9151311682770078,0.0031322655841375113,0.48535193627013207,0.45581160795289266,0.4706180029249946
0.5799519094165608,0.005712956098633232,0.0067677965305451985,0.0025490149424342076,0.0005861212123389698,0.5825606044280799,0.00015203815034538077,0.004134032262319211,0.5801674891530179,0.005586491482906178,0.003534554921036742,0.39124039725917786,0.003201392358697858,0.00011773925493260861,0.5013878263081061,0.0006565316165586617,0.0027977347966163116,0.007428379922644868,0.006351574169183971,0.45943886020968044,0.5218464742669935,0.5638998985058031
0.0013551860619537524,0.5817460975859461,0.0035370381944363734,0.002407669710335164,0.5732948969057029,0.008078773200441534,0.013025175486390534,0.00024334990926204388,0.5929912998982709,0.0012638206583636326,0.0007884192450846594,0.39474379135785614,0.0001865360968138826,0.009984655777777046,0.006290612615359792,0.49774306436524385,0.002640168900568838,0.003821494238863302,0.9984965675066286,0.5601344335204097,0.45187081012068386,0.6206513939991967
0.0001591688142775453,0.00015218098519120989,0.000241210893351321,1.0,7.373531499486278e-05,0.00012071029815306421,0.00037526643498547496,0.000407513320401062,0.00024853602814800546,0.0010481821690031272,0.0006574612955696293,0.00015589167953759104,0.0002556085707223774,0.0002353820590018747,7.594310750177764e-05,4.720030380929354e-05,0.9997945603618543,0.5270035947704829,0.48977669624998665,0.5473299707243822,0.45133981839074244,0.39827962324230265
8.170340581572483e-06,0.00010031379662262453,1.645487977031838e-06,0.014714811270242049,0.5888861127640915,0.5926272750177543,0.0006966415178641472,0.0021604678481180802,0.00015326876654802674,0.5901957807007301,0.38843524676292507,0.0001155861071935869,0.0016292970137347768,0.0005160303468991725,0.4954446565515448,0.9844155468241247,0.9955895578048681,0.010276140659178173,0.9489166514446181,0.5873747907771638,0.5134529720242559,0.35097620899761534
