obj_0,obj_1,obj_2,obj_3,obj_4,obj_5,obj_6,obj_7,obj_8,obj_9,var_0,var_1,var_2,var_3,var_4,var_5,var_6,var_7,var_8,var_9,var_10,var_11
0.44684554282427247,6.862452678786718e-05,0.0004174927688577408,0.0010124806985304397,0.0014109086519404606,0.0006027586056836378,0.000149607339963942,3.385550015606258e-05,0.002388703649059762,0.8993115216717392,0.7065650533806687,0.0034959541028069165,4.936060275825084e-05,0.00022748960451154883,0.0009108628440941393,0.0022416414011065533,0.0014666353321513507,0.0007791186369063754,0.00011618290239335995,0.5452463968494395,0.4559752038496008,0.48939570835966395
1.8611025524165683e-06,0.00011966633273075257,9.389763596278159e-06,1.9217786212565533e-05,9.879829006496925e-06,0.8787616295986753,0.4380052534911779,0.00014922265149642974,0.00029279306525210717,3.260494420744705e-05,2.1303443331762898e-05,0.00018408712915292166,9.382040982701574e-05,0.29792885882433257,0.9999045958369938,0.047415605572916165,0.09238953209476886,0.052146395808808504,0.9910955752474011,0.48273105259724536,0.507757733300808,0.3895804174400731
0.010847995612871175,0.013078678892832648,0.00036373715130864827,0.5784813765872037,0.5803966234723044,0.0036773920010941155,7.143846295417752e-05,0.0029077252809387236,2.805132192900231e-05,0.5798625385384448,0.3919759898465197,2.1787612598562392e-05,0.0022584506011309982,5.548698761276283e-05,0.0028562777118431026,0.5009148003800624,0.9813012790105302,0.013625575890505615,0.5591809778229778,0.44176382100859235,0.49548081049031917,0.5246217172545382
0.4685861783593122,0.011095740384938683,2.9011154759753258e-05,0.00021922818595508973,6.859018204944235e-05,0.0006705588897183572,0.9422557554673728,0.0015411499479329458,5.516724912128511e-05,0.0001305227043631968,7.895619632100632e-05,3.3371942434761866e-05,0.0009322775098932685,0.7061387007493329,0.0009107699818505378,9.316105470218335e-05,0.0003026162293952412,3.94035611404159e-05,0.01507182092167153,0.7198980520986182,0.4576790163936286,0.5474517949009653
0.00021320902318211173,7.150614144433137e-06,1.0298991279800645e-05,0.4406066772476478,0.0007296418611227949,0.00019251148254573262,1.5358280875716763e-05,0.0007235211624305853,4.4832245863768737e-05,0.9005353160623009,0.7062351834807512,6.37375833525103e-05,0.0010286235821007532,2.2142032889196824e-05,0.0002736909995559924,0.0010373257510590053,0.9996963224281523,0.03258771931967457,0.02249497554912061,0.5027857015289078,0.5621250969798822,0.45691309356660936
0.0012227382379400632,2.9995220737559762e-06,2.674304744095897e-06,7.971583324514292e-06,6.560721488094753e-05,0.0009913710525953651,0.44737611299537544,2.2533911358446987e-05,0.9016507220206692,4.332833144141279e-05,2.7353298650099666e-05,0.7043961468097821,3.1766116459364634e-05,0.997778998232561,0.4332660890042438,0.03412549105865659,0.004218081439600016,0.0014151854084892834,0.0015617180166912006,0.5132403773427135,0.4111081110588389,0.4814235502802971
0.004865613322251912,0.0003641580624427822,0.5982084711000645,0.5661243720483814,0.0001784873199881403,0.0006937516185176452,0.0002786050512954257,0.010025748764580117,0.00014229434375003156,0.560623808564199,0.37566175207704017,0.00010820956328503253,0.007624392148495002,0.0002138825300738335,0.0005276095554266687,0.0001357425856606273,0.48243308876243063,0.9948912932112226,0.04755851702611347,0.550316298532005,0.5293616949979176,0.4356921500111028
0.5882076277201835,0.0036215742499491927,0.5841921487647915,0.0002693925480498688,0.5849667822728095,0.0003059974743458826,0.00010244348154337944,0.00020078093354858778,0.001017727234179319,0.010093630212267637,0.006332956591403538,0.0006385647138491499,0.00012597841436044272,6.427735606508804e-05,0.00019199571004636245,0.39119018347147405,0.0002068703576888464,0.49781354750146106,0.003919596641256147,0.4029272679748801,0.45194932909018126,0.5542755171460391
8.942875573709893e-05,3.6154174920432136e-06,0.0006665222799838959,0.4683301058247318,0.00034966313159306734,0.000623551133867628,8.766736255282543e-05,0.006564849157226608,0.9262159351004353,1.998689981441199e-05,1.2259328407028059e-05,0.7019420108558931,0.008923256849817485,0.0001191694757230338,0.0008476162892114161,0.00047531044792514137,0.9990858382439647,0.9150218853566071,0.02572319743395257,0.6733944319311181,0.4258453331885302,0.54840975000604
0.5827593507265574,6.786872741196657e-05,0.0021113813114400594,0.5723064854134474,0.0014767900759847968,0.0005634440838185741,0.0007866687742009633,8.268699596374315e-05,0.0007629916893244238,0.5862762439459694,0.39392236769424727,0.0005773727868269045,6.39336765076407e-05,0.000611114323455763,0.00043565583798287717,0.0011418566540317783,0.49939251941305235,0.002326314617085932,7.414186588009311e-05,0.5576481160090317,0.5320123279134263,0.5800737540703272
3.2899409219868066e-05,0.8183634790950028,0.001140423609888189,0.0034112788230734273,0.4219932991072003,0.008885490068501752,5.983331380225336e-05,0.00011849441969461014,0.0014536490720736116,2.324078475207263e-06,1.4687344766540705e-06,0.0009186544717879764,7.488428689055368e-05,3.852097554981091e-05,0.005692578074900502,0.28103000425896096,0.0024233035125298097,0.0008970654180553575,0.9999770067737839,0.4420284132778305,0.5422618756433568,0.5471168563597092
1.7089647059987216e-09,1.8737763244158404e-10,9.186028612050028e-11,0.0,5.4174533753682434e-09,0.0,0.0,0.0,0.0,0.9999999925943441,0.9999995115086532,8.232822616225688e-05,0.9921812706067696,0.00579570568145471,0.004308770229226613,0.6554531322755973,0.0053612666032660785,0.03464872754441195,0.02995912467618119,0.4428379160277816,0.5400718170756631,0.6436668021705552
0.8970860628730415,0.45192738032952434,1.5794401073901302e-05,0.004178561177058998,0.0002675571241157299,0.00010152662993833609,8.409097485334813e-05,0.0012656343120786648,0.00012074216893440764,0.0002785684138030119,0.0001765510248748865,7.65239431431616e-05,0.00080213365654394,5.379789241500172e-05,6.434548778439279e-05,0.00016957225515595937,0.002691471856855295,1.0174057586345361e-05,0.2970885323117404,0.46226284964520914,0.4956817931692119,0.5551210571891418
0.0006305846275155926,0.5986330300385673,4.6478610848892754e-05,0.0011484749133078764,0.5814929737750528,7.616847245598064e-05,0.003417077073679588,0.0001440943094578267,0.005598678468113812,0.5834521951779348,0.38841255597169955,0.004270695340854117,0.00010991739677521937,0.0026432905196934224,5.810290920006195e-05,0.4907565958168333,0.0012412748827979325,5.023717384876293e-05,0.9993294097720997,0.38058492421521095,0.508708554727157,0.4369882700476518
0.9951634824781863,0.0008928890121642656,0.0005105417933526263,0.0005018876623702486,0.0015573602806583948,0.00032940882965595765,0.0005420215642791374,0.000424264335045458,1.5092383548604661e-05,6.305166073905494e-05,4.171304011477749e-05,9.689996029786421e-06,0.0002658043364270982,0.0003695500727689963,0.00021837220864304174,0.0011638488464179586,0.00031890651773663903,0.00041789748186245833,0.0006630731550580323,0.5387359357419679,0.3836620048368967,0.5546642723237247
0.5788432280750219,0.0007622708947919803,0.0008502799818482389,0.00036913912316534635,0.5840830334230314,0.00013838835996028454,9.415307298604686e-05,0.0008414504144931294,0.5827660766014204,0.0033917093241595335,0.0021423300955433267,0.3924949960089072,0.0006514280275888838,7.289077420506718e-05,0.00010713654339952446,0.5028677188272055,0.0004059834580451111,0.0009351481775087458,0.0008383555675658093,0.4697074851279417,0.4379220297508654,0.5558461159647088
0.5740407075970284,0.5778898186581786,0.0035094800232716938,0.0014685378610561186,0.0016033664158144783,0.5833850984491838,0.00012801548771819614,0.00020603368909128194,0.0009467244679156792,0.0003164982891389439,0.0002011059571954682,0.0006015576206582877,0.0001309157858368601,8.210950733165746e-05,0.39567485667103997,0.00125314170577579,0.0011664791138162214,0.002787801399398089,0.5021307394786697,0.4627549168676749,0.5107043866913129,0.4799186642524117
0.0008982563203137899,1.7114853825739185e-05,3.8721506081848585e-05,1.0859383893088893e-05,6.221676610564392e-07,0.5862186510798937,0.0002527359249614364,0.582450593330257,0.0026266053694668032,0.5838249725692438,0.3915616720619296,0.002023460007741194,0.497947436918567,0.000277054163580349,0.9990233487343654,0.00044048225648049555,0.007812689926290528,0.02786977990025341,0.012128449621770454,0.5490492797820714,0.5808270158266792,0.4464170841583176
9.10683376654686e-05,0.00010644474795101456,6.858612193046024e-06,0.0001057571567625814,1.7464866601603724e-07,0.4437652962969315,2.5460932218490698e-05,5.08637695490503e-06,1.558229228473353e-05,0.896371397753418,0.7073496104160328,2.2354177102071476e-05,7.29685806352497e-06,3.6870480913584466e-05,0.9997465029987853,0.0006292154926174874,0.4162624860401458,0.03165340197536572,0.5494646176035487,0.5139285764071824,0.49950722148562865,0.49681679737730783
7.15782311651105e-05,1.2352712542507814e-06,1.233241760989599e-07,3.5282207585489026e-08,0.9993341573078705,0.00033418169627223406,0.0001470168737299304,7.76526996327712e-05,1.5512905600345984e-05,1.8506408091248106e-05,1.1559861154961314e-05,9.689996029786421e-06,4.850504252964067e-05,9.3553271153629e-05,0.00021161286216692387,0.9999552887802199,0.00031890651773663903,0.001200630688327084,0.012227738195229126,0.5419808414982575,0.542116566394161,0.6250634247683392
7.296250123427043e-06,0.00020145296189375285,0.00562722078967225,3.202872235678401e-05,1.791385357151275e-05,3.022774489528287e-06,0.9065545762509561,3.2583859481301346e-06,0.006334232048272433,0.4529812754899097,0.29498979251574997,0.004447999123825061,2.2881279964589475e-06,0.9960457664973827,0.0003417465697952225,0.0020252946244503616,0.0036211174544293345,0.9772039916293744,0.9769528944004224,0.5448084641786611,0.5816710961346454,0.43083386072797625
0.0006172932776353533,0.5806389350888849,0.0014709162380464528,0.0018420849384469125,0.5766263241879044,0.0002735121073660589,0.5823100294638621,0.00020666357440857295,0.00024297804913769048,0.0012076483979901018,0.0007654803003862389,0.00015401419966451605,0.0001309958899008504,0.3937278639816709,0.0002127823682743987,0.4977924452611041,0.0020526148536874397,0.0016127324582149716,0.9993231921113603,0.45077085317303395,0.5427634679921167,0.5100775627717776
0.0015844547089979067,0.5830545741328976,0.5891444849092072,0.0021606811060702205,0.000482629065360189,0.0005432007580478566,0.0013468691593456297,0.0003442940248700036,5.399658009778841e-05,0.5863360155352118,0.39194146887808134,4.147162936561546e-05,0.0002644322028751458,0.001034452329332552,0.0004172014930554434,0.0003706799077128351,0.0016594982110356453,0.5033062175366881,0.9982699857647774,0.4023526275147872,0.5092113310485054,0.5753972132119238
0.00027106750193997407,0.44662381776197135,0.00022489668817633984,0.0010124132310102346,0.0015726328817548961,0.0006450041627754843,0.0026916399182026823,3.4629873608713944e-05,2.6671924176938705e-05,0.8993753873753781,0.7065650533806687,3.801752988166242e-05,4.936060275825084e-05,0.0038366231176824306,0.0009193899366442577,0.0022416414011065533,0.0014666353321513507,0.00032056992600857336,0.9996136190525671,0.5460339856126919,0.4559752038496008,0.48939570835966395
0.44695378110384987,0.011613931885027327,0.8842485400401292,0.00012061845341783141,0.00013068431205533578,0.0038216272806517767,0.0002796606742458247,9.944498910167027e-05,0.0036260141354509693,1.0288904036236186e-05,6.525327444052785e-06,0.0022996599080954564,6.306943345388603e-05,0.00017903773642989016,0.0024237332318105143,8.288240305016995e-05,7.774563018288948e-05,0.7061166824925779,0.0165387949671304,0.4813025110865112,0.46445798184395737,0.5467607157864596
0.5969322462725447,0.5420243091278307,0.0013468867904326833,0.003980902177638982,0.5941456955311273,0.0012805307772079382,0.003286755167187099,0.002489332572349287,3.7657009513348824e-05,0.000963439618782521,0.0006123832525812007,2.3935623739307115e-05,0.0015822762335068463,0.0021088494250211904,0.0008139396319765645,0.4042865707868513,0.003194415590439612,0.0010808619336467335,0.4693364533687768,0.5004016918037013,0.4715542204758263,0.5275836472747959
0.0018008473391395135,0.00013992382077355643,3.867898928403872e-07,2.590452455626927e-05,0.0017636169836479964,0.0016179405630108036,0.5999350980563651,0.604415667226014,0.6048651928211958,0.00019934375928005327,0.00012130372041556915,0.39246009474255156,0.5008713756661916,0.9968330142565973,0.3628294199846126,0.492363916265732,0.009278352326805628,0.0001374941092720551,0.04936573757540888,0.4986325991369693,0.291698319070383,0.5528575894379733
5.97912240537344e-07,0.00017754619261525604,0.002370399590093966,0.884916287426786,7.012730320039929e-05,0.00167751318282892,0.4492086858471837,7.362705514535821e-05,0.00144832813889936,0.0003534044696149422,0.00022380142441517594,0.0009171871153978426,4.6626058717617056e-05,0.2948914911217124,0.001187457599883927,4.9640960704817395e-05,0.9983030242776065,0.9528082778531807,0.9978561077213663,0.46116738381547273,0.4688522412469545,0.552982309900108
0.5886106995470687,0.005631777091806542,0.005485300612959356,0.5716082511116041,0.570840973611412,0.0010556822013735973,0.0001848722793886417,0.0014532632382086167,4.965851175340368e-06,8.649907007561782e-06,5.479758390615965e-06,3.1458910045637205e-06,0.0009206496868974312,0.00011711761623675707,0.000668780117620291,0.3846030911327981,0.4957919983270159,0.005932277883820558,0.006090937120238393,0.5191617200593225,0.4964157861157251,0.4326435991336611
0.001273364216108496,0.023866455658637285,0.8498595567806411,0.0003868286430224104,0.0007458239990277512,0.0002821969176062583,0.0020592603568988193,0.0003237445988543416,0.4437376430493677,0.000109986518706644,6.963796799056311e-05,0.2909786401193477,0.0002284268750218088,0.0014734165242396421,0.00019911197329688235,0.0005262374952465241,0.0002773878771064886,0.9831346315008531,0.9660672548912348,0.538917281425672,0.457093213917252,0.5460931149621782
0.5856052159008492,0.0033530550666517546,0.0011673052052187727,0.0005077467134547247,0.001064781293173779,0.5819275025735805,0.00019168609148194932,0.00041155712987078226,0.00021601142458570644,0.5868661126698369,0.39341612035528667,0.00016657165871168146,0.00031736173493147955,0.00014920803793190272,0.49799461776214393,0.0011575394896751355,0.0005609790741943714,0.0012897624708615289,0.0036451543832975997,0.43336879701463454,0.4262515515415207,0.5550438047571954
0.0015787368970492596,3.794389426771807e-06,8.150349563521528e-06,3.4880076762903e-05,0.5802248556593903,0.0007505133238047977,0.578149820136803,9.063198059014861e-08,1.8219797133746404e-05,0.5850988678617106,0.39277031621141645,1.4061913562169249e-05,6.994912862522411e-08,0.5033085523135241,0.0008347827753192008,0.9982675209288643,0.014293296885676043,0.003512268948796124,0.0016127387044155839,0.4651460850851649,0.47804671225766443,0.40199427284150124
0.003923743801685229,0.6003482749930005,0.004213391599181778,6.525038916571689e-05,7.242508547076427e-05,0.0005113286979357088,0.5952214431291194,6.173787006489274e-05,0.00010613756238465747,0.5757997249586256,0.37995520331409527,7.973792980589712e-05,4.6381789295624216e-05,0.4987513074364742,0.0005422011315715302,7.679793742719617e-05,7.031810350027648e-05,0.004506117187379477,0.9958392763566866,0.6532131546347036,0.5308466778099963,0.5091095689499643
0.00017942014648442963,0.0012113355763463524,7.368303827408737e-05,0.5698969328420412,0.0004874747682082589,0.5747512526083033,0.000710675949361087,0.00548827637632814,0.579265090460455,0.0001021136902118443,6.523249458676774e-05,0.38880731097129073,0.004222878984329829,0.0005832253567122099,0.5064852490715691,0.0005972598237197212,0.9985023618619097,0.040115939921989315,0.915782143627418,0.4310644291802342,0.5730344426869297,0.5037634065004997
5.996909415850349e-06,6.250710145104512e-06,0.0029713150824490276,0.4480020706556187,0.00027792391304717277,0.00019736109182541507,0.9028448638375544,0.00010447906090640594,0.0010299885963937741,0.0005933255796321049,0.0003721585976019572,0.0006460520613666782,6.553367408714335e-05,0.7038392504327844,0.00027594875784293346,0.00038859128507807983,0.9958098715391329,0.9981598695055841,0.5131922257363768,0.48426108471951074,0.5092262129462044,0.6209064439780387
0.001447475714171018,0.5840037576338406,0.002859082818500897,0.5926330794752224,0.00019576350202255005,0.0017553140743411472,0.5842715309240464,0.0004110655371572597,0.0008769475152608769,0.0008219521670627103,0.0005110451044545285,0.0005452383910732606,0.00025557832444289823,0.3886769806093793,0.0013319930017242493,0.0001485523917488693,0.5098130579481057,0.003116651606568118,0.9984221195186356,0.4444900561348718,0.6404203641604095,0.4664709035754101
6.39651945171533e-05,0.0036605483876214246,0.4509380583191068,0.8913715054959358,0.00806472731648493,0.00034839989477223617,0.00030128691201533484,0.0005124786576477724,0.001492998000884721,4.631460411902727e-05,2.9086299513112024e-05,0.0009376265562600571,0.00032184501566652344,0.00018920412034828527,0.00021880070763796516,0.005064835672776192,0.7037848187279724,0.9948754439167062,0.9888767449267477,0.5388930995311708,0.4065369107998473,0.5587567305440649
0.4629354246409474,0.0008768421219269739,0.0008582306307219874,0.00032256462206325877,0.0011554252707531374,0.0019032835405060587,0.0006900560163892491,0.9120432024811782,9.920277005546871e-05,3.4144210242891764e-05,2.1252196936605294e-05,6.174624497269111e-05,0.7009833836934574,0.0009534124735228283,0.002617362396190385,0.0015889319893613468,0.0004508214986505354,0.001190351454564878,0.0012058215386436255,0.47751513533242246,0.646577781457781,0.5285589124959512
0.014276885970163916,0.014431529316682061,0.574366391326257,0.5830553668395378,9.070948269993532e-05,0.5785680012124832,0.00023457197633554715,1.2562662531967814e-05,0.00017584917098609863,0.003593792836460481,0.0022821675597976664,0.00011167004133854597,7.977706410700058e-06,0.0001489609684089448,0.39165172309864166,7.053592716027069e-05,0.504580463864237,0.9775088901017511,0.5034292404815233,0.46423505300189133,0.4688604685306908,0.5160073979378154
0.44703989556976687,0.9023708827477562,0.0030524300691403554,0.0007831238061031192,0.0018412343455375985,0.0002039970858711242,5.330710547351153e-07,0.0033762603408057225,3.883869486864093e-05,6.576355056060435e-05,4.157377516525803e-05,2.4552676324681678e-05,0.0021343761095567477,3.369936780015946e-07,0.00012896155445401138,0.0011639812126277359,0.0005031427549686616,0.0019296648009484985,0.7071767623019571,0.5263811824249933,0.44259371154838223,0.5551967108517302
0.48999434710404227,0.009900257373521952,0.0067992528656474465,0.000369913182423385,0.9807429037182407,0.00022002707556598248,0.00013927408976109414,0.003883904857865509,4.2745051095388694e-05,3.992034939613564e-05,2.3179514117602084e-05,2.4819659481335197e-05,0.0022551710300890045,8.163195424348247e-05,0.00012775804187889348,0.7049564771160195,0.0004883030658610539,0.008976161844623354,0.012861192822127832,0.5333402716477065,0.21860286463294976,0.373087195918926
5.3935266066569524e-05,0.002770663847604525,0.5732000739301004,2.382111775523329e-05,0.5878585689582633,0.0011219111050122898,0.0013436719316405987,0.000627957294088705,0.5865085392671339,0.0034135870370638373,0.0021423300955433267,0.3924822234417788,0.0004830248279976625,0.0010433019369299914,0.0008629745487107552,0.5028677188272055,2.645487683690991e-05,0.9969718061193769,0.9876089114012014,0.47339799214680117,0.44974672037022695,0.39436721777728617
0.5830523855016609,0.004134716935488462,0.5796577711089068,0.0021260128449088595,0.00031591232203005167,0.00053459886819508,0.00017508817534079668,0.0006244081691555021,5.399629886588004e-05,0.5863329394400107,0.39194146887808134,4.147162936561546e-05,0.00047957412005987,0.00013574417743048093,0.00041059600111013254,0.00024263492855751824,0.0016594982110356453,0.5033062175366881,0.004514564367771479,0.4023526275147872,0.5092113310485054,0.5753618813801794
3.781643942748583e-06,0.000141874182965917,1.567732200593369e-06,5.967454633253972e-06,0.00010040630276529913,5.200855332090748e-07,0.8973298977195429,0.0006870397162995941,0.4517036314047131,3.3321621626247474e-05,2.1115897071306612e-05,0.29688947763970835,0.00048742717168254987,0.9998765817745918,0.001903286755247131,0.39169413963664224,0.026750348859151285,0.00703196564052222,0.9830349726624882,0.5187071093056872,0.49729558975182314,0.5651990965501442
3.905764017115193e-05,0.00258044400650076,0.00019799978786941524,0.883282550634666,7.809673284865923e-05,0.00017902400459739664,0.00010545941037386379,0.44559998955645963,0.00011505016289875826,0.00012234167216766684,7.852822027497233e-05,7.308423395638753e-05,0.29333159588073743,7.799264774626406e-05,0.00013056391209692058,5.648584484468526e-05,0.9979566995918243,0.050998287624062937,0.9913434913750635,0.5281107524657539,0.5333807704578606,0.5164097724105869
0.0005222775667586194,0.0036180453673233704,0.00011257845365043341,0.00010096959619729204,0.5769884233576368,0.577990697366951,0.5758613167728938,0.0001869778758680092,0.00021460123801949618,0.0008150149454515717,0.000517587463224846,0.00013628576029888428,0.00011874313305629296,0.3937960158703642,0.5005460470935039,0.995963183557456,0.017857453728289063,0.019920230283904616,0.9087331094927588,0.4797778614321306,0.46217759273802295,0.5246750062275991
0.004489796676315871,0.0001904225579975844,0.5677754724258712,0.004264259288507699,0.004461723075237464,0.5710725538879603,0.5808028790567151,0.0020360368170950533,0.0002684353249784768,0.001491343766015477,0.0009480369686135573,0.0001706426104189422,0.001294296481594234,0.3981481178756673,0.4966485407811775,0.0049217895470466955,0.0047807981118226095,0.9950426016977578,0.026984628142704338,0.47077885902776473,0.5011189603856909,0.5245550422659445
0.00012632951027537664,3.0530478464819697e-06,2.4842560075662063e-07,8.314944124819779e-06,0.0029610247075300073,0.897151131915948,0.00017822516657224407,0.4460615347901178,0.00012299341458063182,0.0001224117845153423,7.777979635820669e-05,7.814936159115243e-05,0.2937370782053066,0.00012646815050733147,0.997896939317455,0.9727890260778986,0.0418293779980331,0.0012515387755760426,0.015382410287871351,0.5265262498645742,0.46924023370694024,0.516681787521576
0.5771415969527111,0.003755659431434514,0.0024693135306031854,0.0028517414081204407,0.00022685352764538475,0.5787548239677379,0.00019289326705597718,0.5832108176835032,0.0002627204672418808,0.0007552306988882673,0.000478835970272598,0.00016657165871168146,0.3945475980320936,0.00015165810169023473,0.5008811870535438,0.00025022729363909134,0.003196858489022771,0.0027683429438258656,0.004142691746014594,0.537907863348726,0.4745003448533892,0.5447622807175706
0.0008066010254061692,1.6297364664207756e-05,1.1279116509042887e-05,0.4822572295708547,0.980716993055033,0.0002200214464126737,0.00014002504111375297,0.0001388656185287533,3.740694448025272e-05,3.991910024017353e-05,2.3179514117602084e-05,2.172080014775326e-05,8.063402095415703e-05,8.130337480159127e-05,0.00012775804187889348,0.7049564771160195,0.9989519964923554,0.008976161844623354,0.012861192822127832,0.5328217312341581,0.21860286463294976,0.373087195918926
6.70761659701887e-06,0.00033373324299053385,1.1160777965127911e-06,0.007675270246018716,0.5812732356143863,0.0008208156684810344,0.0015664560411413437,0.5914836438251574,2.907700589326445e-05,0.586511631472161,0.39186977908957277,2.2320336334807874e-05,0.5055132141400982,0.001715452100164605,0.0008988913836380545,0.9915864647464671,0.972330427147025,0.002128559542740742,0.9872064692853072,0.5310260025201443,0.4901225715452307,0.6212857374133083
7.449648739344947e-05,0.004562606912946552,0.59024360528608,0.000663482144560601,4.683881102690199e-05,0.5896589678914557,0.0004845052370410971,7.955716303319908e-05,0.001487444681345038,0.5880779078409413,0.39086829242151283,0.0011349685550216134,6.070476218214488e-05,0.0003714318765689913,0.49967599598787993,5.0517656035738447e-05,0.0007272607962041035,0.9950783664778715,0.9896064597562367,0.5507601436973706,0.44783846792610804,0.6243280017330166
0.0017895454098407078,0.8535745453504694,0.0010696291154126169,8.199431112569636e-06,0.0006769845328522273,0.0011648481427529215,0.0013002450776508948,0.44777059122871243,0.003585070271476209,1.697458868769691e-05,1.0753813807430709e-05,0.0022712336896354435,0.2940164844671741,0.0009330908152297301,0.0008356597333833158,0.0004790788078459286,5.897049376718251e-06,0.0008285863103520815,0.9987337388799722,0.5073159236737969,0.5011805601570675,0.5695072058028624
0.5745909877298334,0.0007294145042027754,0.0043455029289062004,0.008380557159027587,0.002754334950098798,0.0008264504804763351,0.0012966451415338408,0.000874098278457729,0.576192885110278,0.5833090143457219,0.3959163916633073,0.5008432815757011,0.0009683296573981541,0.0014499798320371498,0.0009155473544109399,0.0030512845318877435,0.00943586454584528,0.004893395262367725,0.0008081654407073686,0.5192301984764663,0.5282331298165219,0.5088325106274899
0.5948780362432274,0.5874943693623794,0.008782388649180769,0.0006840669746458667,0.0010524995351570007,0.0005391509765693645,0.000144181746370204,0.0002638587499852874,0.00013827919391410523,0.5859831769639215,0.3891591305766342,0.00010528606523094476,0.00020090261173027422,0.00011081575908362365,0.00041051017412660625,0.0008013747516704338,0.000529341870731663,0.006796479160268182,0.49602801319383527,0.48106620548361406,0.6215018052529895,0.5767491207888018
0.5922134184443287,0.5865643877658233,0.00882330818743765,0.015078341865382773,0.0010546325847237189,0.0005376008733807469,0.000145130256436821,0.5888665584441302,0.00016880723106171356,0.0035379376515233905,0.0022066237239787567,0.00010528606523094476,0.39149219653281575,0.00011081575908362365,0.00041051017412660625,0.0008053148121683669,0.01170216256953558,0.006796479160268182,0.4969503386751026,0.4923780416425106,0.6215018052529895,0.5767491207888018
0.00021631700662069577,1.0493227924265452e-05,4.736839448347935e-06,0.9986321806575473,2.6250628617027566e-05,0.00034710109601571295,8.152485688497125e-05,0.0001097389186235811,0.0005536736427188514,1.798312559928776e-05,1.1280186354882223e-05,0.000347300147886764,6.883539955671881e-05,5.1137702207082434e-05,0.0002177242482637159,1.6466105701017195e-05,0.9998641209466531,0.01392194937543394,0.030857320314980313,0.42055498870493063,0.5740482857204019,0.4441534803233772
5.685255739546506e-05,0.002403706495201054,4.570557468484336e-05,0.8875603635991272,0.00041854537572848526,0.001295424793779583,7.051388200940156e-05,0.00010606304106422386,0.447871727929257,0.0003628645017271787,0.0002293775038596851,0.2933886867429676,7.485501508174399e-05,4.976347852722596e-05,0.0009142581132906151,0.0002953927597363954,0.9983027857856525,0.012204029894385866,0.9849455073033624,0.5366244262327895,0.4964631631732807,0.5758216380662616
0.8945351337569263,0.0009782894093832474,5.574157189462368e-05,0.00434290571904469,0.0004051951583510209,0.002082741343962021,0.4487187428340168,0.009637090284608981,0.0011413418915522631,0.002076623711974603,0.0013161625385210887,0.0007233827560370937,0.006108084725726959,0.3008087976367375,0.0015245928471342635,0.00029415553581161745,0.0031417247442848493,4.46513333757035e-05,0.0007749844495921199,0.46517111982703513,0.542686354034091,0.5376261649769344
0.00032585813974619145,0.899999666381588,0.0006541786553933418,0.0008542076648158869,0.0006742842714478175,0.45087021047113623,0.000795520558870858,0.0009380978593657007,0.00017697090367713205,0.00011958287758015786,7.562872703696458e-05,0.00011192307847239147,0.0005932886024474363,0.0005078630136915863,0.2956616703877577,0.00047696275582933455,0.0006140852035109566,0.00047031310131885563,0.9997695049892743,0.5656931790077032,0.4988929222844942,0.5479136038036264
3.1083228891849336e-05,0.004251267861715547,0.4442129618188568,0.0016877704110550946,0.00029447652339514505,0.0001907741078942709,0.8925570710351982,0.008815797570037903,0.008372683952022345,0.0007827137967661409,0.000497878036765915,0.005325860948991689,0.0056079287903436584,0.7071896082205329,0.0002733925409235472,0.00042200553091784455,0.0024581336390005373,0.9939073831046135,0.9953454332043138,0.5149239817566936,0.5004908075535662,0.5246321213878016
0.0016255333171204692,0.00012234334576227592,6.6980813527986305e-06,0.5649406760654451,0.5837294612207449,0.0008283071824525452,0.5691663032349257,0.0009587627654743122,1.0711390024754295e-05,0.0021500327551699167,0.0013551014827410397,6.751079146710497e-06,0.0006042803499472329,0.3892551937431791,0.0006463363247461991,0.5115283037634737,0.9981916034292785,0.002861987399836275,0.05321103880676317,0.4525372403459064,0.41395651740495787,0.4795305431426154
3.8308756429590654e-07,2.316746692897748e-05,1.0820962739703111e-07,0.0002778234616774873,0.4516054907140538,0.9043494125224358,0.0024215827489746113,5.0668867996261235e-05,3.843324203282103e-05,0.0006601487745707743,0.0004096248695472473,2.3847976868795128e-05,3.144022190046752e-05,0.0015307545261313805,0.7036213806519237,0.9996081065302095,0.9420196699329932,0.0030063540765590075,0.9904922683072209,0.48289531149613873,0.4234502157125156,0.6407832031569644
0.8971523361526659,0.0004055052205032424,0.0014898756783909407,0.00022273891912891227,0.0033706693897087125,0.0005635604418254735,1.2538261248022416e-05,0.45929444925544716,0.0012935699484846069,0.00398170586234187,0.0025149837314852545,0.0008170681878952096,0.30122252818338857,8.897151869035176e-06,0.00039990226077534223,0.0023918335520689824,0.00016063357223640613,0.0010572192159197177,0.00028774665995140447,0.46759224928198156,0.41889129175743345,0.4836900712854003
3.6884008756503146e-05,0.002277997974650053,0.5844599575298115,0.0011396505777980135,0.577024864957527,0.0006385182153826356,0.0034064135849579706,0.0001429872487174197,0.005555042380461744,0.592518438911736,0.3953548735624311,0.004270217253984651,0.00010991739677521937,0.0026432905196934224,0.0004908463913748191,0.4907565958168333,0.0012412748827979325,0.9975583666743157,0.9896932401063971,0.38058492421521095,0.508708554727157,0.4369882700476518
8.200437521331899e-05,1.4779200268074665e-05,2.9284398335751867e-08,0.0025602164889363737,0.578475044288172,0.0005820354972862219,0.5745862659229191,0.5774122734302475,0.0008633143777524144,0.00010583790191238574,6.722901373909605e-05,0.0005483836915115559,0.39087672638134696,0.5008382878868525,0.0006405313923661792,0.9971350604474397,0.9796200991786053,0.00022740225971911669,0.11351682436953675,0.5090199534853582,0.5040686181026688,0.5461046724291092
6.859753310202855e-05,0.004713357433520617,0.9346575264582415,0.005908639951176223,0.00044185749291769335,0.4699757920598733,0.00025107235791791555,0.0004294327954141605,0.005504571800702305,0.00010873410940719325,6.616497575398096e-05,0.0033495610847862284,0.0002613145483288389,0.00015278028325346662,0.29659958600703834,0.00030095087209650354,0.004024424957618178,0.9967892957809419,0.9907353805518636,0.4291079771208929,0.5423091061527378,0.6984732047685323
0.006783965001985818,0.5885499948977923,0.5755615992860379,0.003151410281964278,1.5593165878508145e-05,0.009133053685717997,0.006648767114800654,0.5740769243777883,0.0008565038454231006,0.0011027093465094502,0.0006956582290650124,0.0005403366138600042,0.3852508033110944,0.005148330320522771,0.007006187854811826,1.196238024769869e-05,0.0024570441909300134,0.49804501093308196,0.992662361209573,0.438371040275132,0.5429310188249825,0.5590310509882187
0.5769621938392695,0.5784063185752415,0.008416593599500895,0.004741177619011614,0.0023878540518503513,0.0005101088121575512,0.0005555305829330613,0.0003196718554926252,0.5788709912139,0.0033646813088025304,0.002139213791203732,0.3924222957344258,0.0002490861558415177,0.0004328657436949308,0.0003974731594993549,0.0018606033297745286,0.0037545626867777626,0.0065583834957171905,0.500795683323537,0.5203869133523186,0.48862947022453407,0.5277489082332162
0.00018314184319800266,1.7522788692991134e-06,0.5809731468003448,0.57489732760576,0.5711398003363682,0.00010856492640584807,6.285605948714135e-05,0.0014540231947934015,0.004319678392483128,0.0001681990464462984,0.00010649824296110375,0.002735090289065226,0.0009206496868974312,3.9796951503236604e-05,6.874048000661857e-05,0.3846030911327981,0.4990848417071155,0.9998010152207732,0.006090937120238393,0.5191617200593225,0.4964157861157251,0.4287842760137595
0.0036761483373999476,7.553816539142123e-05,2.5620711163048056e-05,0.5874634857308818,0.5995617686993749,0.5960323159786568,0.0014085560265051532,0.00012902723159436463,0.0005489900730666704,0.00017882669596970777,0.00010999601115937573,0.0003376829178970173,7.936445320011503e-05,0.0008704746131502398,0.39068325947369653,0.5013348957508367,0.9960793226744142,0.0044359046141697386,0.01307956166472013,0.6789191666141862,0.4890900468314853,0.5534550766069439
2.7852102680224163e-05,6.507276971040983e-07,0.003837877237582645,1.8505941424282853e-05,0.5813476043292856,0.5859190947085782,0.00010904298715553995,0.0007158502858692478,0.0004166141580405461,0.5722053045759119,0.38590613090136383,0.00032132966411962775,0.0005521271321420756,8.410362926017747e-05,0.5024863122844564,0.9957971344610286,0.0030696256791704407,0.9953787666002459,0.014871077078217276,0.5652699884108546,0.4996522370391842,0.49102409345112213
0.007750739420254444,0.5796372730954762,0.573196821115554,0.0024635690693339336,0.005004477688490499,0.578411535645978,0.00012638538369522836,0.002163447411936824,0.0050512380861001,0.0003047658189032558,0.00019305257437330804,0.0031996981102028585,0.0013704447000127788,8.08146025728651e-05,0.39041263862428177,0.0038765186563669563,0.0019394453240184997,0.5015843703812388,0.9914879087145161,0.5176565869831322,0.5519659363100063,0.5447071173366268
0.004825274072010581,0.5973953945098907,0.00010265026974115216,0.000691539390818453,0.0011150840387960789,0.59680300433784,0.000488077167856721,0.00012475957995406744,0.001505465468594277,0.5952026165018172,0.39086829242151283,0.0011349685550216134,9.405619617590551e-05,0.0003714318765689913,0.49967599598787993,0.0011882701549330772,0.000748942504986006,0.00011117758017415623,0.9948580716938501,0.5507583715434727,0.5791276331768689,0.6558331499362366
0.5799827997406106,0.005065185567667042,0.583145980449887,0.01405967410008005,0.00010978338348301302,0.006884034714653954,0.0001986483230315642,0.5787775160222954,0.0004517436888684684,0.00024636272597865336,0.0001559306365569626,0.00028592264974094836,0.39032595647211327,0.0001544550763887963,0.005327552518958001,8.496334775923408e-05,0.01105899385803566,0.501721092209997,0.005559683932433168,0.45801952254755884,0.4740242883241391,0.5582305588470616
0.5813456688271517,0.0014234710364108237,0.0035649199398445726,0.574565117005039,0.0006426706634738078,0.0006809507542666137,0.0016151042890648647,0.5768181402796474,0.0009072186930401026,5.300831407445909e-05,3.355104885795446e-05,0.0005742144836342042,0.38881681297866644,0.0012596251990974255,0.0005261133736130735,0.0004965378007664591,0.5014127682078259,0.003967768979604535,0.0015588281828290418,0.5644303802841284,0.5407858908790897,0.49986586755449003
0.5864210819276892,0.0007722245113847147,0.560338002374065,0.0010939655433906507,0.014059464511039576,0.0004040385670607914,0.0005567369670266123,0.0008547161291541992,0.5763499176688636,0.0033971476607471645,0.0021310758531769714,0.38450851079183096,0.0006514280275888838,0.00043029271008889776,0.0003079405531290134,0.010716013600877289,0.0008474868407341884,0.5044672080216075,0.0008383555675658093,0.5180094350942865,0.38273800360929255,0.5276161425078341
0.010124912865363185,0.5912185207828347,0.004143743429538852,0.5807196836424156,0.0014984824159756654,0.0003638200799904739,0.000801978885774247,8.390159561243556e-05,0.0013769805436522372,0.6014769348739721,0.39724124460444654,0.001049269067676356,6.39336765076407e-05,0.000611114323455763,0.0002772336745093885,0.0011418566540317783,0.49939251941305235,0.004461241714771834,0.9890986321437476,0.5576481160090317,0.5320123279134263,0.6584150267391207
1.8268079055397175e-06,3.800061518010898e-06,2.1302820357959867e-07,3.0092621875742725e-06,8.847356450011236e-07,5.4182609351091585e-06,0.0005118620551707588,0.5786272455502224,0.5779279655192191,0.5781569028301062,0.391763801143095,0.4996149403195113,0.9994288508656545,0.9907150517081003,0.5077480704819721,0.10710360466185792,0.3990989665871225,0.03266183858058003,0.7146898905717189,0.5184046598609118,0.5345685305212887,0.4982589716036181
0.00035674924321688897,0.8988904354995209,0.0003922568242002987,0.0004436468490726551,7.079488790938184e-05,0.0012769518036268984,0.00023778003533403614,6.848851271735776e-05,6.670296098160995e-05,0.4459204216046041,0.29316878905434535,4.7241264683063394e-05,4.850585206219389e-05,0.00016840376508074512,0.0009043795062711126,5.013935664532527e-05,0.0003193284727858125,0.00027780841705824,0.9997473400180323,0.5390330030959966,0.5421221815881327,0.4892674555485209
0.9003456616082053,0.00859663891204327,0.0007350327114381601,0.43859293883083267,8.866612639123187e-05,5.54488893866644e-07,0.005532344746636676,0.0012751945018618926,3.107030827325161e-05,0.000498291748316536,0.00031574137945894205,1.9687628449582308e-05,0.0008080242402071502,0.0035055779007458175,3.5135591508472785e-07,5.618398158097277e-05,0.29264722747283406,0.0005197077010086863,0.00607835799781793,0.5290028699572894,0.4686409333463288,0.5535353259724928
0.5846258915761151,0.0005359486772505401,0.0009765869209240967,0.0002985088910782669,0.0004411548073744507,0.0007767636270164365,0.575867433261807,0.5795372604922464,3.897850000743534e-05,0.0009693783003586181,0.0006123832525812007,2.4623809990698698e-05,0.39006137996210116,0.49818942823592144,0.0008458601180397593,0.0004803977711639243,0.00033036267800007346,0.0010808619336467335,0.0005836197225181976,0.5004016918037013,0.5835428319605623,0.5276466133750661
6.645038329508925e-07,6.707210186158282e-07,7.626329431487324e-08,7.525259514868189e-05,4.172386593205538e-06,0.9052436252776869,5.193814169792441e-05,9.767568844787011e-06,5.013283964233813e-05,0.45281040751676566,0.295273684816612,3.525636545892129e-05,6.869129918803598e-06,3.6870480913584466e-05,0.9999461310700422,0.0346948444525948,0.9921148649380228,0.05214757555320499,0.5029677789840808,0.49074608996435126,0.5058562183872539,0.6098018351079865
1.819581767590882e-05,0.000313275736800449,4.529059550911588e-06,0.5696754872431486,0.5813952036347109,2.941302057011389e-05,0.0004152717455924656,0.5770971282380172,0.0005139654403089211,3.262599626854974e-05,2.070564362820189e-05,0.00032618117240071245,0.3902287858374917,0.0003222065468267459,2.2821347369006298e-05,0.5013342932613563,0.9996549127813995,0.009187587810799053,0.9630650651673289,0.48226839635706426,0.4876904929734582,0.5515687370774545
2.320792129891832e-06,5.0457763757935485e-05,0.004334441205093576,1.0904316123682998e-08,0.45713268073897906,5.144548349393803e-05,0.00011700484817689381,0.0005741489694609081,5.2854916817982514e-05,0.8984728395908638,0.7003607460671506,7.360431960567798e-05,0.0007995444795603916,0.0001644747654030984,7.164154320706065e-05,0.9938647103749465,1.6013694224897238e-06,0.9927010259608149,0.9707397790429144,0.5630968544673337,0.5424677839287665,0.5480001596016356
4.808239300445798e-05,4.604610987146795e-05,1.3901193909629937e-06,5.078090993805004e-05,4.669934293953995e-06,0.9997114331694246,5.7880778989400866e-05,1.0935195813463556e-05,5.612577163265928e-05,1.2655617641374475e-05,7.949843607015361e-06,3.525636545892129e-05,6.869129918803598e-06,3.6870480913584466e-05,0.9999461310700422,0.0346948444525948,0.41181926551389125,0.013745382381700179,0.5029677789840808,0.49076716672223214,0.5352037690345728,0.6101426881980376
0.585759098686801,0.002928101198567118,0.5823129530844926,0.5939935854368917,0.00013212339888439017,0.00044906532954144764,0.0007169265380273361,0.008559414836628585,0.000457930659749038,0.0002505895935834553,0.0001559306365569626,0.0002849496743449196,0.005326201747999583,0.0004461268523767368,0.0002794428226631045,8.221736599758455e-05,0.40180539408378063,0.49811894060929823,0.0031823173393968163,0.45801952254755884,0.6337479616176449,0.5586011831205231
1.2283166763587795e-06,7.902659365830032e-05,6.536690711680688e-06,1.206619363799406e-05,6.688098360159002e-06,0.5799138880105597,0.5691859388783098,0.00012258287539790788,0.5774171030771197,3.3883725636789e-05,2.1303443331762898e-05,0.38631023337628456,9.382040982701574e-05,0.49106453963217744,0.9999045958369938,0.048644892815852825,0.08788518259679133,0.053118274228131875,0.9910955752474011,0.4824222183314858,0.507757733300808,0.3895804174400731
1.6987814288094422e-06,1.7993990043171892e-07,0.0005630046390776204,2.8000856822557915e-08,0.45728718876933633,0.0001520026671551083,1.8891945808655077e-06,0.9087834818144029,1.548507660635995e-05,1.8476398248238607e-05,1.1561856640281236e-05,9.689996029786421e-06,0.7032124763877732,2.6670888570444235e-06,0.00021161286216692387,0.9991681596756188,3.031977907802519e-05,0.9981797228659897,0.06717421360367579,0.4795617566844908,0.5359189513651816,0.6250634247683392
0.5923769068669992,0.0002113301446841388,0.00038541522902996894,0.00036661054418442497,0.00148015097532295,0.5861626091982723,0.5923992860992879,0.00041762249315851796,3.200741174681481e-05,0.0014807312089275446,0.0009190377625410973,1.9865887354630516e-05,0.0002592037738194026,0.3962429748695575,0.4966485407811775,0.0015907273414046705,0.0004004232180697231,0.0004209869404808112,0.00022711626397858235,0.500301712640355,0.4984342672018115,0.33967517093760424
0.0011965093570402692,9.121683690137593e-07,3.237496207841066e-05,0.8859949394905421,0.00021650391872445282,0.4497923547183069,6.12356772069847e-05,3.821587583743898e-05,0.00010364102128950604,4.05187528783977e-05,2.5627676547466613e-05,6.555183063676748e-05,2.41711315591836e-05,3.9275973458145465e-05,0.2949250374647037,0.00015307063671192813,0.999153755825962,0.017503387121688974,0.00048533820239232695,0.5184921087625096,0.4221347907562788,0.48879307912530673
1.575658762812528e-07,2.2120385341122206e-05,0.006440785091881686,1.8462304959938616e-06,0.5875015413408179,0.5788484694740115,0.0005522627033712154,4.661515012118419e-05,0.5909507946455471,0.000693325538170628,0.00043501744356641146,0.3957928133883477,3.598058183635651e-05,0.00043029271008889776,0.4952572889041562,0.9929067797162341,0.00018247332244221263,0.9978487527561088,0.9954654159228142,0.5179804569311913,0.3835911456217448,0.5276161425078341
0.5834657331382457,0.0006935189164016682,0.004096264636585145,0.5823613710643968,0.0002523955240202947,0.0002303697495643547,0.0007913477481240801,6.46517316763551e-05,0.5865582097558856,3.255288740635391e-07,2.048305983019024e-07,0.3936949293028181,4.9926967263671796e-05,0.000611114323455763,0.00017790193888628567,0.00019491124613645326,0.49938887529548315,0.0044693599424842235,0.0007566985029171197,0.5598611272636513,0.4570468197609157,0.5795322545602608
0.00024091261633295882,5.9900281936697756e-06,0.01046436103734009,0.5837897170179128,0.5866149407428778,0.0010573792761342168,0.0002499481879525649,0.0008469229154522273,0.5865528430929845,0.00341376132073573,0.0021423300955433267,0.39249328511261955,0.0006514280275888838,0.0001922528147606066,0.0008133053703967512,0.5014855697186973,0.9885868638223816,0.9853416733422591,0.015825592318679055,0.4943327057218174,0.3815206994607271,0.5193305813037111
1.5767649956705854e-05,0.90586115524492,0.0016933358086805884,0.43378307155189344,0.0007918008314924339,0.0010827868300786571,0.009302655982998398,5.6756794971125616e-06,0.006735537308821673,0.0008995531737467833,0.0005701448493359851,0.0042690769424315374,3.5973782882003924e-06,0.0058963250367908854,0.0006863251646012284,0.0005018837390109896,0.2843108944469235,0.0011900386665468115,0.9999889188341204,0.4932216159680098,0.4707691845277367,0.5594521906588076
0.005580211943645693,0.5760674026690598,0.00650213445612104,0.5775277099662975,0.5801962979816903,0.0048413495179335676,0.00016996722916804143,0.00020808037259152426,0.0009717973354856559,7.739120524158477e-05,4.894957141241918e-05,0.0006015576206582877,0.00013160991856709842,0.00010800919377609592,0.003062144229799113,0.39112028399680354,0.5059237806617723,0.007246587502666213,0.993833467878102,0.4590288966931359,0.43344707056753984,0.47967574957353604
0.00010626227992704642,1.6773132573342495e-06,0.005314001636524557,0.9141803873732667,0.4641926438744945,6.704440884308848e-05,0.00032679448724610337,0.0011958583438260613,0.004175259514358452,1.3383386147291635e-05,8.203362272757192e-06,0.0025592370302448117,0.0007330088593497684,0.00020207849313524072,4.109525472543551e-05,0.2949710830218068,0.9962985279439482,0.9874749960966863,0.010048096554337138,0.503696044623747,0.3046109269715996,0.5205818503393279
1.854297903360825e-07,6.8312251177712695e-06,7.449407256711735e-07,1.5469802068253493e-08,0.001743250861706039,2.269022583774611e-06,0.9055909789831545,0.4528722040733715,0.0008945294410642763,0.00010732751732660936,6.722901373909605e-05,0.0005483836915115559,0.2940164844671741,0.9987802440642579,0.0008286204060478396,0.9974893661360978,0.0014558888419750038,0.06971278377248687,0.9827236709437538,0.5087390898756903,0.37549323277053737,0.4725948480495854
1.1306897521376869e-05,0.0008876074695550149,0.5666552511147473,0.010345048511573338,0.00040259808551546347,0.0014197494939166692,0.5792072355186398,0.5726627980621728,0.00028862993642978044,3.4963909147008786e-05,2.2245636717762514e-05,0.00018363955095061703,0.38791785841951076,0.5045499051963582,0.0015690978388726777,0.0004449498262743095,0.011620359934997132,0.9990187854514884,0.9918908665258208,0.492686624671125,0.4768823182663064,0.49982575031591936
0.008290206952740816,0.00023872825020180904,0.9045776593259576,0.0036364995400639173,0.0011409138130034349,0.0011089652889471131,0.00018431813366968962,0.4566639277772283,0.00014191522951497053,0.0034735392886394976,0.0021821810563526127,8.915573241734752e-05,0.2976136338165969,0.00012971249421795707,0.000780425505371276,0.0008029103047665076,0.0026008932880160845,0.9941633193837973,0.01832730069392352,0.46638484692120596,0.4214301217239199,0.5778051785043568
6.940534354296222e-06,0.0004899014292705703,0.5654811335847888,0.009204456146029234,0.0014021991062717475,0.0008054002103288255,0.0009292261307278563,0.5923698349210945,0.0007590202205254846,0.5802728621833287,0.3911965431450166,0.0005750669637960091,0.5120228179929256,0.0010419679586341794,0.0008988913836380545,0.0015649688478563608,0.010441018060210389,0.9994531045925477,0.9909815409702272,0.5177480245372288,0.4217780559582202,0.4938769545024716
0.014346617366809141,0.00020158970518476503,0.9004690683150304,0.44897156051648535,0.0008335830257144587,0.005481079640437226,0.0012916230492207702,0.0011992835008562293,0.002779822671091414,4.132408679786733e-05,2.4839246110891605e-05,0.0016709086690848696,0.000720872717067114,0.0007873032005957592,0.0032946141088820435,0.0005010619719838737,0.28355743789979404,0.9904431214522642,0.008945090540647618,0.4959071245697697,0.2688614151870051,0.5753507451789449
0.005341632291955762,0.005791448302104827,0.6180301252932742,8.420108767425055e-05,0.6233147363576088,0.6216601913842684,0.00014984649377892167,0.0012042826796021709,0.0039507731623561896,0.0068465523941331425,0.004030170115378678,0.0023256282240709247,0.0007089060288980409,8.898620467129047e-05,0.38985677838147087,0.49751871910434947,8.672186603560748e-05,0.9920155127495947,0.5257111460410107,0.7509057899672764,0.36627115133957466,0.5259898925018797
0.9089692986131509,0.0008287296314916063,0.0043491801869773835,0.0033959188756294174,0.45408492668944894,0.0013265076919388825,0.0012488258913273427,0.0035062810156562835,0.004075995412196796,3.2401635551772346e-05,2.03008087595659e-05,0.0025537668320108307,0.0021968352159786255,0.0007898263830106165,0.0008311168966246827,0.2949434613492261,0.002417203913374721,0.0030959400708591156,0.0005804281348811109,0.5001658648771109,0.3761699226531662,0.4724376304512692
0.0013061408840465312,2.678203815857187e-05,3.1267828938106194e-06,0.0011734192731060035,4.224267380570625e-06,9.482435168415441e-07,3.517131548310137e-05,0.45051141484538443,0.8989383647950828,3.3842762723939426e-06,2.1426873332850693e-06,0.7042405842779869,0.9974999317296132,0.012776010366507166,0.0003412770667469427,0.001520365290475667,0.471018151568521,0.0015486509004231366,0.013052018131631482,0.5198377412274477,0.49658651872871834,0.42854011337710535
0.0006988255672607818,3.853882914239197e-06,3.755302163360127e-05,2.356182019437836e-07,0.9058520260897156,0.00017970128764413656,0.4499267400700387,8.117821035581519e-05,5.313927386059835e-05,0.00014743407002930473,9.279821613242907e-05,3.3447017077195107e-05,5.109533474946331e-05,0.2934786455518767,0.0001262913359052202,0.9995081634911753,0.00021782832260809919,0.03417697697130964,0.003510794353061175,0.40498081233354655,0.45194783055599935,0.49008977229208045
0.008607058547201195,0.5868689224219951,5.555321145237439e-05,0.0003132675676137638,0.5922389336948207,0.0005109108533157261,0.0015562448997032614,0.000840945901560575,0.5775296128756502,0.0003317293079317846,0.00020821110226781827,0.3856455280361983,0.0006420705940297767,0.0011882096185937907,0.00039008605319062627,0.5028677188272055,0.00034533030352624757,6.02563842487221e-05,0.9906639602426566,0.4944973754572531,0.3815206994607271,0.4852494024646462
0.01447329410505493,0.46000099624454804,0.0010295838282579955,0.00023100515814096164,0.8933128768225801,0.0002893324203775335,0.0003446011465485783,0.003952959119875905,0.001811737295157525,0.0003362171869122208,0.00021299727735728897,0.0011477561220225806,0.002504253601611426,0.00021831066405273035,0.00018329699946124098,0.6971414152312475,0.0003195413343240474,0.0014241885115221925,0.9799762465970211,0.5467327822470994,0.4487498968397197,0.4901640320164901
0.002069958336080673,0.9947664441951488,6.52605846174116e-05,0.0005105014279485564,0.0018968349946021628,0.00014448225628693384,0.00013672845888475154,0.0002084507692947323,6.779392988677162e-05,0.0001335450472491261,8.109168242664647e-05,4.116606095283656e-05,0.00012657617244181917,8.4193129304376e-05,8.773264642386618e-05,0.001151801312284523,0.000315042341008153,4.2052918162179665e-05,0.9987431893550969,0.7141552354521868,0.45758529016838445,0.5273788071462471
0.0006171947595466537,5.934235396820027e-06,2.805361549027756e-05,0.0006253272332077464,0.573667372566118,0.5683750540114305,0.0008441900290064149,0.5743914523342789,0.00017654968029075818,0.00025349627308308075,0.00016104193401260815,0.00011215904738888982,0.3885850258713093,0.0006667444781307905,0.49513671279420346,0.999035525575977,0.5089580738844746,0.03165320220078114,0.0068132656141723525,0.45422840101744577,0.4995856730273741,0.49706212291953805
0.003412331996728377,0.45525571211873506,9.315414563445689e-06,0.8796030629810898,0.0018629640266375244,0.006847553331351986,0.001409099583961491,0.002181685538070789,6.513665646636505e-05,0.00012812087241704007,8.130217242878967e-05,4.133402784470632e-05,0.001384441981461829,0.0008941803519533318,0.004345323936908813,0.001182220693699685,0.7001256899956344,1.30261566705953e-05,0.9952283572102074,0.4575862295007423,0.5326589550826409,0.5189299885369185
0.5857069226574926,0.0015720555313806248,0.0006901947967126255,0.0015994373716725204,0.0013145963700370873,0.00010172492318453639,6.746914590368003e-05,0.5801105434395943,0.5828102089958914,0.00010151457324558607,6.401327919551612e-05,0.3917740275256848,0.49694750921136566,7.402644833042721e-05,0.00011056847654435353,0.0014288833792591579,0.0017668370218541613,0.0007624783470021243,0.0017087219811025567,0.5536203284362746,0.4389918952896744,0.5545667672960801
0.00037105839937751306,4.662684991904338e-06,2.114516300882124e-06,3.8885609762515143e-07,0.00037027418615961493,1.1789248970707345e-06,3.417134223237917e-08,0.8953882772558169,5.362241605486903e-05,0.44784877788380806,0.29525514490703564,3.812545254135158e-05,0.9996272788160653,4.188937678660602e-05,0.0014316953605476045,0.49930246127444233,0.0006779809833947185,0.003686952922853287,0.00799937165145799,0.5036293730410948,0.46715430072986763,0.49280166225800714
6.334060503306709e-05,1.6380423247449613e-06,3.3047551541243142e-06,3.127983074501643e-08,0.8859707323352473,0.00030207830951041475,0.0002999491660421488,6.884386169719746e-05,0.4446068902861688,1.8285762194761324e-05,1.1559861154961314e-05,0.2911104744702874,4.850504252964067e-05,0.00021529343896175976,0.00021575968537969006,0.9999552887802199,0.00031890651773663903,0.03631007078228357,0.018320592793075952,0.546347194284134,0.44887359839626423,0.5475790695040669
0.00011078590406770398,3.407497095452783e-07,3.85773547022651e-06,4.868066240066014e-08,6.51757239253341e-07,3.2027476900222323e-07,0.9997788911667201,6.683116009940497e-06,7.901997117475391e-05,1.940064417695926e-05,1.2295752443115309e-05,5.008132603716585e-05,4.235629461800611e-06,0.9999297423938808,0.001839283144155271,0.003742963703671276,0.00028412847631183223,0.022159154400853642,0.00195808037991061,0.5002604005831446,0.4576685453146124,0.5518428055611864
5.543322224829898e-06,5.557124126543993e-06,4.313384410782306e-07,0.005494733941971831,3.3509624814106526e-07,0.0005271951082913336,0.5773759386902202,0.5764644178747828,0.0008936255071505778,0.5802992528851912,0.39357371202987856,0.000697259923856099,0.4994825312706812,0.9939138152205049,0.06089435450242658,3.8824205299950305e-05,0.9990892195469901,0.03494909311599087,0.5007915500621742,0.4824206284642767,0.5300433531493854,0.4962640669623605
2.2231538430893666e-05,1.6001910379864649e-06,0.0033995669348896745,6.96540221089299e-07,0.9018451214029011,0.0012698934559221204,0.0003002408589209294,0.00036777181962004656,5.276467528292599e-07,0.44978554342673793,0.29452288954453004,3.724672974702258e-07,0.00025961115278594186,0.00021293738672584258,0.0008964207438029381,0.9976001876379434,0.00013256188090267525,0.9958261261496024,0.04574407799495035,0.5508434371622207,0.5376700831885021,0.438457167649177
0.002253987766877401,0.00023939851013192278,1.8300003971086742e-05,0.571513755265667,0.0007041616617886656,0.577410554336665,0.00019964831489452798,2.4981804118118424e-06,0.00016305905961096217,0.5781248968324324,0.39130763124036017,0.0001267468635213426,1.941851840701642e-06,0.00015518793233036958,0.4981168648256533,0.0007717896085102905,0.997515575020146,0.005139678664485947,0.06736352705644627,0.5014220732043205,0.4500720770234045,0.5016849049145147
0.0011815474916676834,0.003133496202508699,7.308503248771977e-06,0.0016082488734255234,2.7223438391673207e-05,0.9017711419728979,0.00012954762885240525,7.016206432878997e-05,0.45084566622647027,3.3080569640543945e-05,2.0888485547854806e-05,0.29514285747542024,4.953167600472798e-05,9.226262866053191e-05,0.9973692230859952,0.0046507785504440215,0.28906327215820465,0.0014120975912376762,0.770447207384152,0.5447505830688618,0.45062477381267413,0.5613042239525694
4.64268742593311e-06,0.0006498393801957711,0.5916400179004534,6.994272203163514e-05,0.0010873461075380565,0.5931556265581759,0.00021892754279248007,0.00034998191869122565,0.5956598542135224,0.007660652157467897,0.004730758139459612,0.39219144832401587,0.0002648136517338874,0.00016643029324789804,0.49809691713596066,0.0011600672287624114,7.583712600930934e-05,0.9993066872458418,0.9954518612072568,0.6149758133261358,0.63151727087291,0.5197456233692214
6.576058038214239e-05,0.0013760775445763693,3.172351261746918e-05,0.5800846686582926,0.0006853562697047252,0.0035848584918247643,0.0009008085266532176,0.5941234365995968,0.5872596249021581,5.299764514915724e-05,3.37946035729102e-05,0.3895025383743682,0.5024714904842853,0.0010376521213871458,0.003981018460206738,0.0007697851735262169,0.998344338113218,0.015339466908941762,0.9726849867326672,0.36412494038771354,0.47755261904358115,0.44100335600438934
3.4965295694672694e-05,3.5271846686398315e-05,2.2359238962926206e-06,4.706603139533296e-06,1.9664386061926612e-08,6.509446399586934e-07,0.4514840456182032,0.9005434224414297,8.995494155959993e-05,0.00017303672846842726,0.00010935148747191886,5.6847507820293526e-05,0.7041475054596457,0.9999295780963483,0.00829786620399496,0.0002506844359891503,0.06008964570213088,0.02864098975797391,0.5027785182709981,0.49026093028778833,0.4559868489453133,0.5731363372404076
8.010712288092355e-05,0.0054559715793035665,0.593701472957573,0.5873527433479294,0.0015687128636895388,0.0011301236970950956,0.0012917491227161727,7.540662752233655e-05,0.6066702292998346,6.1040367733702235e-06,3.7245992852106594e-06,0.3950524675342722,5.655643948968009e-05,0.0009779756363143264,0.0008476148604429534,0.0011765667455779331,0.49654629631362646,0.9942434003852939,0.9906536260509473,0.6717432017793212,0.3924611797160049,0.5475404831404961
6.618407786674247e-05,2.0055600445919448e-07,9.235631460991564e-08,9.981936560614648e-07,5.486846273317917e-08,0.44779731676098233,0.0001228240675028194,8.015320858002264e-05,0.9009307706156421,0.0014544841038726386,0.0009203561284024477,0.7063427923844546,0.00011395136252261327,0.00017461522021923936,0.9999058968612451,0.0005277126304943742,0.009600769949279886,0.00088836393538827,0.0019291275367036287,0.5515259979489213,0.44145963254047405,0.49986617316816845
0.000317866141248576,0.5809326772051606,0.0035404904846463624,0.5835277180608643,0.0006422248875390011,0.00034293978745963553,0.0012855055967316733,0.5786459488912001,0.0002597086295697879,0.00010888272639175377,6.88763465217933e-05,0.00016428484504437757,0.3899712723763299,0.0009938909182645784,0.00026514472430723304,0.0004965378007664591,0.5014127682078259,0.0038798265136012955,0.9996516638532649,0.5437181390165786,0.5388148058959528,0.5545745532084236
2.8839552471965995e-06,4.9185855797362556e-08,2.2179992088561133e-05,0.0008582884478278834,1.9611831665099695e-05,0.4505915970400709,0.8894153790814896,0.0005587666718022794,0.000254306239194234,0.00017198763002446851,0.0001089966574324849,0.0001611658323730407,0.00035411677521285053,0.7038750511538607,0.9987668655764144,0.014306151366319103,0.9834170643883143,0.918986140322651,0.01085661744577205,0.49923860661235736,0.5344759684225111,0.5578248192479421
0.8945912229083365,0.0010066107711067614,0.44884393662224953,6.697974157339856e-05,0.00021365522036645643,0.001406980783170297,0.0009006581025425556,0.0004723529811911512,0.00018557992777144377,0.003956620110169964,0.0025166566400633304,0.00011804099965607214,0.0003004474746821418,0.0005728777431388642,0.0008949320385674407,0.00013589893327396583,4.329815377361745e-05,0.2960488329801798,0.0007163360708629975,0.49000291782306904,0.5258012370571163,0.4893462303555402
0.0015160107561143362,0.5862851069229089,0.5849953676919245,0.0010937541007621347,0.013838402596280278,0.00017293070542110108,0.000559186202048746,0.0008545475404921434,0.5762362276697421,0.00332652446746833,0.0020871849799653044,0.38450851079183096,0.0006514280275888838,0.00043029271008889776,0.00013182627317755413,0.010549593158998768,0.0008474868407341884,0.5044672080216075,0.9983538561826496,0.5179804569311913,0.3835911456217448,0.5276161425078341
0.004721785709248418,8.617150621393513e-07,0.44693579709348313,0.0010297618396357398,0.0015995822034553318,0.00046864239668909056,5.9893624956576036e-05,0.005568620078620107,0.0006270793851254592,0.898346308701239,0.7019261077391028,0.0008787161116923996,0.007803417069128876,8.467501260871789e-05,0.0006567499511985955,0.0022416414011065533,0.0014666353321513507,0.9933828974441926,0.00011618290239335995,0.5537037489434257,0.43916492745748875,0.4897360257657215
0.0016436066195273551,0.9120497609205233,0.4544117794805399,0.000489561781326847,0.00028024345764094327,0.0006588934410832309,6.879501316580895e-05,0.0002144882436992001,0.0001704034850243081,0.0014636531098165277,0.0009144373008142119,0.00010646198183344794,0.00013400455877780144,4.2980656633557585e-05,0.000411652676965536,0.0001750860994515225,0.00031084728922696253,0.29426634764810794,0.998852747374557,0.46972805237972826,0.6232327701009548,0.553615014050487
0.0008371232512459428,0.00011282615319312956,4.641848037778856e-05,0.5782831729702881,3.5266590286472836e-05,0.00015719358423932356,0.00019458429472650108,0.5749399669813737,0.0002935740577659468,0.5816979490013896,0.39446459114834226,0.00022919088948544775,0.4981540668009999,0.0002142135084888203,0.00017305091823932253,3.8824205299950305e-05,0.9990686936690191,0.03494909311599087,0.0852886590310597,0.482564499141336,0.5300433531493854,0.5215032354125063
0.006789014890798344,0.464943180716722,0.0008554383676714303,0.00032399911650726786,0.0011605639050443043,0.001911747551482077,0.0006898764375807355,0.9160988512331331,0.0011697350325391728,3.429606382069626e-05,2.1252196936605294e-05,0.0007248483045056927,0.7009833836934574,0.0009534124735228283,0.002617362396190385,0.0015889319893613468,0.0004508214986505354,0.001190351454564878,0.9907049583542992,0.4779232333639668,0.646577781457781,0.42663349675472606
7.317058369005709e-08,1.6023120239157824e-09,7.25023146014321e-07,9.620434189198074e-05,0.0011082001618472857,0.5766700929412814,9.072180638418829e-05,0.5809924394083213,0.5801345967397444,5.5141909130639293e-05,3.4988163359385444e-05,0.392499600247264,0.502376761417546,0.00010103686174101236,0.9987718420033085,0.9439765946952159,0.99517845848405,0.9369784327853777,0.013938819068059216,0.4497965419457612,0.47266207430876006,0.4925657186356764
6.720053425351492e-10,5.711422299070877e-08,2.2809113938099446e-09,5.792020494751221e-06,0.00295727694699951,0.5751276711766573,0.5776686225120606,0.00013846062944131417,0.0007827918519472874,0.5834079370267485,0.39061342091364193,0.0006015647237991381,0.00010640508351905296,0.5029618256487549,0.9967068233913214,0.9987574397493989,0.9931137980552345,0.025669927928556872,0.9723930873122291,0.5053821210687849,0.5076479582738046,0.385382798272449
0.0014450162287602424,0.5710857148467732,0.5785815688757142,0.004212061689880018,0.0010276405143636643,0.0016340779295178321,0.5893856840155505,0.00020107171140438653,5.861657174604053e-05,7.078268442268099e-05,4.448885066255697e-05,3.684211519675593e-05,0.00012637906377232044,0.3996828816075073,0.001269059178498543,0.0007980885068663179,0.0033245308273851188,0.5093179067630698,0.998389184412162,0.39785398101488045,0.5103988403059776,0.4516955326251998
6.656643982125972e-05,0.004528662907908116,3.1525417686140483e-06,0.004622401045045142,0.6173901400500768,0.005508609753082219,0.6121687097988278,9.78291085324036e-05,0.6080742442520114,0.003793425134716959,0.0022760884389307267,0.3885243751504732,7.162902337704688e-05,0.4972661081796279,0.00567971182267224,0.9932715266951073,0.5116346682265234,0.0004431243198615778,0.990643051419294,0.4692852301508817,0.5419776552252094,0.7414832154897951
0.00841715775152563,0.00011823671570427584,0.5991653140453561,0.0023154462395314373,0.0004789604748776409,0.6047534058060182,0.0002547319552018913,0.6021568268426386,0.002602311864847203,0.0001197299983524787,7.309520052501531e-05,0.0015887138134058785,0.39190674567401385,0.00019137807827171926,0.5029220968584592,0.000508848613196252,0.002500047975749403,0.9910564368256196,0.008942093884577201,0.7046624390399572,0.4784760950449068,0.5208259122828575
0.0001985093067015969,5.989978009091763e-06,9.846408953739115e-06,9.779803700033135e-07,2.7014331237652842e-05,0.447746999341734,3.641033184258892e-05,0.9015054975553463,3.908163285497511e-05,1.545431635695471e-05,9.77427739972498e-06,2.4717671414953095e-05,0.706533348629147,5.201273556458419e-05,0.9997146756990902,0.08596144194214997,0.0031821132680951436,0.03180758335046413,0.019204153203216175,0.42112403156032696,0.4889248128855675,0.5151289342146196
0.4507395786657443,0.00037604831283119885,1.0397517574233472e-05,0.8812628022877931,0.0002939421721327365,0.00028908916689185355,0.0014064404551253626,0.0020990976634995356,0.00018099387297298397,0.0002539579590995366,0.00016124604447431082,0.00011491881166885999,0.0013327853771660557,0.0008929963877113249,0.00018355241424707156,0.00018663391246048918,0.7031740012930722,1.4685389545579563e-05,0.0005311264292661173,0.5036506562577238,0.5469148030711584,0.47893298873123474
0.0013324626002977587,0.0012478054677632973,0.00014714559731253212,0.9114940668022626,0.0007719932727924813,0.001165396075535883,0.0012699702719934848,0.00029223390595545825,0.0008213118344519946,0.4553051881495566,0.294919130692594,0.000573630729965134,0.00020410566364864602,0.0008869888559875541,0.0008139515586428007,0.0005391862546659601,0.9987208677846918,0.05120425001564838,0.47912035605121817,0.49513956682403254,0.5408922419616534,0.3688825155349933
0.011319467283173214,4.361311752048195e-05,0.4408923539223777,0.003818052996564388,0.0003430852470854867,0.8873436881582629,0.0020924957114254136,0.006404415065439602,1.8894415017443733e-05,7.106456825768855e-05,4.509457694449543e-05,1.1989597994050853e-05,0.004063999181228966,0.0013465241447843852,0.6909844003194959,0.0004666304586624704,0.005277653398505164,0.9846029663134241,0.0024529205433252432,0.507475908224316,0.4458268968145263,0.5160881947149175
1.1252723853329724e-05,0.0006654778774733835,0.44819889071601426,0.00044016833412146585,0.00021866501075450617,0.0041169367620092125,0.005934610865290668,0.001097612573300316,0.8982033014928422,2.3204610808645725e-05,1.4715926250568673e-05,0.7053106313263864,0.0015588359958227844,0.008428633223275195,0.005847504812521026,0.00031059032181822953,0.0006252123140328951,0.9990546236631347,0.989236270501181,0.5022967994691532,0.5253125831806621,0.5565627266217159
1.0092526983035233e-08,0.0002887917409490982,0.000770021303698301,0.5724083933323106,0.00310179944946544,0.00024656479477609976,0.5717773413782896,4.0888514146265356e-05,6.868638110243874e-05,0.5822540225679244,0.39258461370361475,5.323776294905428e-05,3.169205804536847e-05,0.49894653938392414,0.00027353189573943687,0.00339437477889878,0.9990192840578909,0.779398587186118,0.999974528371114,0.5489800958752357,0.4571028514365626,0.5505925564331133
0.44912952388698607,0.0017678318590621626,9.697478626026405e-05,0.00022224775135923908,0.006578534868033573,0.0006106059924723815,8.217190444785401e-05,8.020793829051074e-05,0.8998958457683528,0.00011002851470821517,6.964436144711224e-05,0.7052665706485949,0.00011367774471980911,0.00011646125218321186,0.0008654048077174675,0.009324020434983735,0.000315023160316813,0.00013745608755436067,0.002505804770618014,0.5576975312341365,0.4953797179005636,0.5492072399656367
0.0010535866201254775,2.0582334785070503e-05,5.049113299416779e-06,0.5819535168726153,0.00021529259989427462,0.00031363176332553167,3.183537845583009e-05,2.4010413112613483e-05,0.5886112588430172,0.5904264997267087,0.3920290516725486,0.4984728881915095,2.5844470680178337e-05,3.45903672175755e-05,0.00033758836202671264,0.00023173773421303475,0.9988657281776526,0.003100248759454617,0.012435237236848418,0.37115995964220433,0.5424166101073058,0.4384370250333338
0.572162473521288,0.0007592379498637215,0.000615274919165142,0.0004551146757576448,0.5849120880961937,0.5863947620787511,0.0014031257281120104,0.0014944989582401267,0.0005342640003832297,0.0001971274757708141,0.00012466546075009643,0.0003378741166734291,0.0009451371380573756,0.0008873526685432106,0.3958654901857869,0.5070139599955439,0.0005063850409235404,0.0006845882092457248,0.0008447698503263879,0.49651264366131,0.5049381660901764,0.41863921597761145
0.5892449006505169,0.5760892137541754,0.563794099513744,0.001673951639254138,0.00026967023386333973,0.005241969486710434,0.007120487008579791,0.004178612818005706,0.0001656967675538829,0.00010486167083320009,6.65075332034935e-05,0.00010509162074106649,0.0026502537560753494,0.004558777447533526,0.0033247946677297247,0.00017104423860474536,0.0010790487360645951,0.3868155914947998,0.49281689627043007,0.5028681626824021,0.4418770519833134,0.4809042253576845
0.44795837115591025,0.003930530017956529,0.00026913346288672923,0.0014532884404629023,0.00033621321542968524,0.898804038277164,0.0006040334483130204,0.00037878485163599627,0.00017891732899249138,0.00025558369122842957,0.0001620232682550066,0.00011342182824252236,0.0002401246831502604,0.0003883063634631151,0.7056621844983395,0.0004778346894229299,0.002099124933982288,0.0004059092501630603,0.00588750903824877,0.5035986985073782,0.4350339967984984,0.5016363407106013
0.00025063223415196223,0.5999271494523443,0.005008502522450579,0.5877653879958561,0.007156817157693922,0.00020216210409919016,0.008490635860724655,7.231001695384442e-05,0.59223231203065,0.0006580260586407835,0.00040760173344242295,0.39096290968318237,5.480511304407814e-05,0.00643532118848214,0.00015323026690880782,0.0054246284195614254,0.49347023619585,0.005314707604344564,0.9997340386633331,0.6663372874103928,0.5056217142382052,0.507048531938128
0.0006508387446495637,0.6178644462952368,0.0015711506586092367,0.001185363503710186,0.0002789015673455218,5.6391019617272605e-05,9.467945274838545e-05,0.6188340887689084,0.005994173532442582,0.6113547174823372,0.38841255597169955,0.004270695340854117,0.5004998739913309,9.80125456656333e-05,5.810290920006195e-05,0.0002873682000237854,0.0012412748827979325,0.0016327265733693539,0.9993294097720997,0.2606981305562537,0.42404586773943215,0.4369882700476518
0.001627842283403019,0.4498398410509871,0.9002372907517687,0.00011035401272330781,0.0007588625361500705,0.00010026081913968933,0.0004898787632875917,0.00013153389221759115,0.0053340954931886285,0.0007925861844967112,0.0004948849647014418,0.0033305856005571275,8.212993200291561e-05,0.00030876606965896846,6.260290556574585e-05,0.0004738342492843721,7.002855010714178e-05,0.7091026610351658,0.9976962898409177,0.37879666364776776,0.542076401487564,0.44412600176544226
0.011880430886534094,0.5925809007957643,0.004429886229623203,0.006665292815092893,0.0006940637731985182,0.0008351285327554589,0.0002731087995390431,0.0020951929866784955,0.5906945104270208,0.5934917262685214,0.3959163916633073,0.49203494244414026,0.0022502433971001317,0.00029470058624779874,0.0008969346454927032,0.0007454303094931096,0.0072755346676394335,0.004798875264964893,0.9872384462750985,0.4052080715211291,0.435886099962419,0.5750157272754552
0.00681349184210042,0.00028273689002367034,0.5707686418689024,0.5746903175936587,9.864794967820652e-05,0.0006942809113685245,0.5825127732517971,0.001850361857075258,0.003396085834982584,0.00048703178423693724,0.00030908463023434187,0.002155259792354841,0.0011743012964772052,0.39443886118067395,0.000541214638403591,7.689937994889663e-05,0.5073053936113012,0.9923942654544857,0.02640241815710115,0.4986692749880029,0.5196799769934217,0.5524159605425781
0.0005429502825520184,0.0005599561334143166,0.5824618940455946,0.004449304959469241,0.5828739420209091,0.0006363263234139307,0.00011491849710514185,0.562004085079188,0.0037146502622805505,0.0038964491523615363,0.0024730379392094715,0.002357669131641713,0.3786339092086064,8.88902876077023e-05,0.0004876032130351482,0.49504927472728366,0.004862622909592829,0.9991612505020346,0.5098188580788632,0.5527980692033402,0.4961263912621565,0.5154959166653567
0.0009825890162316535,0.5930470585024997,0.001295797035189248,0.004374883182727102,0.00024930602246564884,0.5883018969996364,0.5915074924771045,0.000522273255659903,0.00023028612010091086,0.0025718626211826304,0.001594551419173652,0.00014277738384233082,0.00032380942463366297,0.39506718767944743,0.49743564564574955,0.0002676172033295843,0.00477282268501468,0.001413772985073775,0.9989452302301686,0.3765282722295458,0.42345047255723106,0.5755265089309552
0.007880841241331765,0.5871185096706496,0.0027135800229081456,0.0010342808415394979,0.00014641673794944563,0.0003977121474603333,0.57372352891763,0.0001996319834840402,0.5806806497885758,0.00014150679466514427,8.931414976849587e-05,0.3905448495913045,0.0001540996962241494,0.4956127529250236,0.00043120377648809714,0.00015874739291456708,0.0011396621692318885,0.0029902514533073563,0.9914553148897622,0.427892685324311,0.4788587689390891,0.4452659313815893
7.367639934312143e-06,2.03759430752629e-08,0.0002940740974870534,2.9730648064958456e-05,1.5864460931980794e-07,0.0002940293109979488,0.5892011138583534,0.00010560164450790625,0.5884889444656004,0.5870933760265118,0.3909328400011409,0.4996149403195113,0.00011410039076959246,0.9995494633719821,0.49823415094789525,0.00034159030971894766,0.06412380025584163,0.9840536033995215,0.0017606309872021607,0.4733801977680472,0.5782817470574753,0.3901693844015805
0.5841686575463179,0.00020840339088509848,0.5961899228226792,0.0004760539468629753,0.0020947595439854316,0.003500134486542274,0.6086166794017629,0.00021088668939232743,3.371443325946416e-05,7.647826141175517e-05,4.6997799469824554e-05,2.0718360325947872e-05,0.00012959513215031948,0.3997485941971917,0.0026579264455347806,0.0015907273414046705,0.00036740242363325474,0.5092029242819749,0.00022711626397858235,0.3987648125105363,0.4986936655648149,0.33967517093760424
3.6354226275330346e-05,1.9366568226344737e-06,1.0712005324296234e-06,4.88230345518326e-05,0.9075464338264112,0.45009834758153694,0.0011461604949410452,0.00011897718944230521,0.00010826041524880398,0.0017877161124310755,0.0011234552801258702,6.803421459528342e-05,7.476896951930941e-05,0.0007202830911523133,0.2931016375726849,0.9999572721639318,0.5919711466445217,0.01872644519982052,0.03388188505885868,0.4964170268933991,0.41726871015517386,0.4214215255285612
0.8976641891739783,0.00142501476684114,0.0005557690858201555,1.818489628391921e-05,0.0002513812423942486,0.0011287487985191488,0.0007668689679988437,0.00036605712284137356,5.251866652715725e-07,0.4476608303848647,0.29450719418344207,3.724672974702258e-07,0.00025961115278594186,0.0005490006660157559,0.0008005186987709421,0.00017828191309749792,1.3107168862706636e-05,0.00040060636430971355,0.0010106249672142706,0.4909982258162867,0.4961464975546432,0.5546321611888276
1.552728318473771e-05,4.2404850501961275e-07,0.005053530387533212,0.574059733540011,0.0007478481744952659,0.0004486391314240767,0.5845453539958325,0.0011784106760743002,0.5705669499177789,0.00013720740531188524,8.701695125029179e-05,0.3848734740159403,0.0009083503537712194,0.5006017296310128,0.0004895304719603899,0.0008160120675532342,0.9944857848267362,0.9980432303154038,0.017381697644155363,0.4511470688379611,0.5287183877894382,0.4754246111503477
0.0016449951118591652,0.5896377234226216,0.005187422489324172,0.0037727877860906324,0.5818914765481651,0.5717610927108026,0.00045437544111688035,0.0014300717990213018,0.0011306414598302422,0.000318117957431196,0.00020119380468162107,0.0007150747297562791,0.0009044502750144078,0.00028737038476731806,0.38457878620247987,0.49577060938149303,0.004073172634884386,0.00560058752309859,0.998223937080148,0.5040628284387599,0.4214113910273681,0.5199968635899278
2.8805214660843374e-08,1.5253076037069237e-06,2.3466860859073388e-07,6.598625483462121e-09,1.0758771273750662e-09,7.6948850435374e-07,3.9405340116475585e-05,4.134238618841412e-06,0.4477428857712103,0.8966566704293606,0.7051653914707481,0.9999431196317298,0.0659084031836453,0.9723890319799596,0.2943197911231422,0.00047912576259193096,0.0027649027899075695,0.0987306118496017,0.9879790859591988,0.5195609313097497,0.45753163422367665,0.5066896264990453
0.0034170296463978994,2.4232139106996336e-05,0.5890716831150522,0.0015355823181532767,0.00022451747376399224,0.0003799370208944558,0.5835730830086602,0.000180338542357419,1.7577267583652113e-05,0.5865594589404672,0.39194146887808134,1.3494933126621582e-05,0.00013845477274743352,0.49700834846211084,0.00041059600111013254,0.00024263492855751824,0.0016594982110356453,0.9963071065935523,0.004514564367771479,0.4023526275147872,0.5092656931909498,0.5779143881055139
2.9729059682218558e-05,0.5755509960332146,0.0015070979653026635,0.5744753710651,0.001481646992727245,0.5793731878345176,0.00016947479114849952,0.0005011394264807293,0.0008091186895399665,0.0035995213656935007,0.0022826301857065386,0.0005131034481307533,0.00031779816927907746,0.00010797797082719998,0.39165172309864166,0.0011505324261819544,0.5045537429830824,0.0016670116981235762,0.9999671166002903,0.49362250159394017,0.47120344869201247,0.5550419963583335
6.276603689431614e-05,3.405801174773167e-06,4.781128154448441e-07,2.2716726793208246e-09,0.8950335033274627,0.00029750978062272423,0.0005884218612313671,0.45017448064679816,1.5249465688725957e-05,1.81921339836798e-05,1.1559861154961314e-05,9.689996029786421e-06,0.29667768073687784,0.0004185328419244183,0.00021161286216692387,0.9999552887802199,2.300648070129854e-05,0.004842158567167387,0.03451032195546805,0.5424751716410654,0.4995480783371014,0.49192873920785113
0.0025175871729007366,0.5873708984425278,0.000988773006031143,0.0002999166599800764,0.0004432351547999552,0.0007804269216836008,0.5813075527941498,0.5822705809858765,0.0010947855015950483,0.0009739508305496576,0.0006123832525812007,0.0006883598330109719,0.39006137996210116,0.49818942823592144,0.0008458601180397593,0.0004803977711639243,0.00033036267800007346,0.0010808619336467335,0.9972713545348979,0.5008097898352456,0.5835428319605623,0.4257211976338409
0.004256266461690153,7.725574726235438e-05,0.45908588503512876,0.0024015984654168444,0.9531825154979346,0.0005173398089493564,0.0044697270971913216,0.002551095966065505,2.5148861637198162e-05,2.0640157272882887e-05,1.2399503579547519e-05,1.5108091955659496e-05,0.0015325636135037875,0.002697814248487307,0.00031079347145393185,0.7121108110374315,0.003355685245799993,0.9941472292566038,0.011554119837882744,0.532062632249387,0.26016507150601564,0.5341404871876418
0.00024911829764076956,0.4596507536184313,9.924574642098932e-05,4.728564252162025e-05,0.0002559703500134196,0.00062960748622275,0.000732963464208879,0.00019382692025155117,0.9074806083221644,0.00011128439148295055,6.964436144711224e-05,0.7015236795198698,0.0002684510536340563,0.0010151577966431694,0.0008720102996627784,0.00035452077308032945,6.549096137092327e-05,0.00013745608755436067,0.9996549693062395,0.3859389742398268,0.4678982107823673,0.443332163310114
0.5792228827698875,0.0014182732261732271,0.0035519026202886677,0.0035275152789866785,0.5850299743661824,0.0006803644288423324,0.001613713620647786,0.5778303038858514,0.0009072186941544656,1.2251022633053048e-05,7.754154531295536e-06,0.0005742144836342042,0.3895991623032939,0.0012596251990974255,0.0005261133736130735,0.5031685682909084,0.003940220349772011,0.003967768979604535,0.0015588281828290418,0.5644303802841284,0.5407858908790897,0.49986586755449003
0.5840201138030306,0.0035650827090917808,0.000875230340554092,0.000492599801716243,0.5830621731318877,0.0002540506029446338,8.67171783230396e-05,0.0012985134159863316,0.003055249328238634,0.570664923241307,0.3851536209587185,0.002356884160616117,0.001001705825356497,6.752683601042315e-05,0.00019598090192642472,0.4994775245997831,0.0005457205721085404,0.0009696703039053651,0.0038861658767813186,0.4868447107724038,0.45216697582672216,0.5297924685062076
0.003037385941714299,0.5828101797081945,0.00034955710803553973,0.001653582136401615,0.006366991204920422,0.5844200640594153,0.0013629100809460408,0.006453155522671137,0.5876102292168484,0.0007671072105996676,0.00048198945032046825,0.39385607621301116,0.004977210997651837,0.0010512116647947217,0.5008557452406484,0.006954498418069172,0.0018356867682947642,0.00038182712033840716,0.9966822084225327,0.5052352963638165,0.5168092043420356,0.38642956131840944
4.8779322578068154e-05,0.001138194008358911,0.0011561568879834164,0.5657874415018043,0.0006653270100308347,0.5804375515252985,0.0004090523399910181,0.5810122064922022,0.00028627873796108574,4.2587555062587395e-05,2.7042888036382327e-05,0.00018178558994103033,0.39352726230195145,0.0003202246848190843,0.5029877533202137,0.0007366081760352495,0.9981951417448762,0.5074110247277599,0.9727333694993248,0.537266334950624,0.47851605008469006,0.5266129134282758
1.6426320981890424e-07,4.8910426650628705e-06,0.0008734092253010376,0.5731054605493188,0.0008011047879102131,0.00016486936286476327,0.5748629502609244,0.5778753435643446,0.001441909652301559,0.00025198758297689946,0.00015963041029450623,0.0009134287560692348,0.3900197536472835,0.4988148089157249,0.0001802025651914888,0.0008756095473147952,0.9990297246947654,0.9964904523704323,0.9786277140164431,0.49181114275032034,0.5398202698975931,0.5574055783012525
5.147787061511699e-05,0.001071515469755312,0.8987374926092146,6.448543833431806e-05,0.0003843670059753008,0.0013527350720660433,0.4536557234948814,0.00035797677100270935,0.00010636755187437838,0.0007992728884336131,0.0004979746402478831,6.62706730487502e-05,0.00022303195378425313,0.29584292935620327,0.0009427799821841068,0.00026788237109660814,4.567549426907989e-05,0.9992523590747804,0.9694392738986444,0.38125578835546037,0.4630985162846804,0.5796435208419415
0.5705832879102926,0.562469623768505,0.0025208600002071986,0.5623936414086027,0.00019656619292911042,0.002845993610058933,0.0001433024741753267,5.2688322497230195e-05,0.0013975487265216334,1.926111730842752e-05,1.2240025860116702e-05,0.0008881123986070171,3.3482322677239463e-05,9.234728200834582e-05,0.0018334369750144827,0.00012491424366280418,0.38653003657021545,0.0021352063319225734,0.5121916566832376,0.5036494626492335,0.4681722758044026,0.5277417767946362
2.705853282537582e-07,2.337766512772879e-05,3.6729551480749064e-07,5.434649241990851e-07,0.4499461080285111,0.0004310304403834441,0.0014956307046421595,0.0016209895223457305,0.9013025763210916,0.0004395130913532029,0.0002777548515704286,0.7052298442639575,0.0022934967489478225,0.0021459235846761644,0.000618244930711603,0.9999651243600011,0.014266225213639839,0.010139711773879411,0.9929580216580681,0.5594785491016203,0.4976080800955131,0.5618834338039378
0.0026659788712640486,1.3914442334359032e-05,0.00037171051528650165,0.002794520797939764,0.5816290997620778,0.0029696556623585173,0.00012460131708058543,0.0002950427164905931,0.5775176113817476,0.5827722706585895,0.3904720058420652,0.4914733684056555,0.0003166392595875425,0.00013622725206800492,0.0032308509718446954,0.9957971344610286,0.5165152606081057,0.09643534294504054,0.00369857735364848,0.5965416103101339,0.5136858438383498,0.5541512735737251
3.657029815662376e-06,0.0007285306734200914,0.9045510953856255,0.0037722124355139427,0.42746392964358937,0.0004621049845015007,0.0006919262526707224,9.62897444803846e-05,0.0029889915271209813,0.00011393819652941925,7.199564466759626e-05,0.001888696636358989,6.084415027778317e-05,0.0004371977483330125,0.00029199754931844707,0.27894947917629215,0.002675208497884229,0.9994916179695166,0.9968043770402489,0.5183959918976133,0.5422618756433568,0.5732892300423187
0.000506032364565998,0.5842357683407037,0.0006649153859545473,0.001595432380376331,0.0013113046204139887,0.0006196047871442681,7.692342821323974e-05,0.5806908424359504,0.582363293915257,0.00010191918625836652,6.431774157572158e-05,0.3917740275256848,0.4980636011915043,8.461140966204908e-05,0.0006751610787995215,0.0014288833792591579,0.0017668370218541613,0.0007363953659690841,0.9994486017621602,0.5536203284362746,0.43900179180403814,0.5469528448159946
9.337475375620506e-09,4.0302229568212763e-07,4.1999399242392126e-05,1.2062497857121407e-06,2.522716910699121e-05,2.6359698072011673e-08,1.1612675929952852e-07,1.2173992996612271e-05,0.9016269332047765,0.45040702004233424,0.29493761164470056,0.9999643431691875,0.15499682319356328,0.0015155196594018815,0.0003423992995986541,0.34421704289657123,0.01857617435162166,0.9938896305978742,0.9852530551341124,0.4842323468358613,0.43186536936013264,0.5545609095351598
0.0005830557721383978,0.4504826821398633,2.7882532985964206e-05,0.0008136385861826387,0.000810143481090705,0.0033060987800422816,0.9035958090863696,0.0005222208791175572,2.4082353579114434e-05,5.553542079961378e-05,3.501640726628063e-05,1.5184498283174767e-05,0.00032927273284527256,0.7055687220593684,0.004672093433132712,0.0011448959690279488,0.0011685833602382773,3.94035611404159e-05,0.9991760289767455,0.46228086277780134,0.5100190014335999,0.5902491937112386
2.2985303573860566e-05,0.0005261486781567475,0.0003164116971972173,9.230047735853983e-05,0.5964591654156308,0.0011209502518137113,6.638326408980913e-05,0.5907809402966104,0.5813737584321687,1.5583859263004587e-05,9.715351901031031e-06,0.3855892896058101,0.4969551743222302,7.185006528806037e-05,0.0011964241544964208,0.9993338154001467,0.09604198962542869,0.3489974377365034,0.9722063821883236,0.36538171882550835,0.5083085825468984,0.55454806948922
3.6038649733204243e-06,2.9958740558644462e-06,1.1917159607797798e-07,1.6670953728937806e-07,4.863586362812901e-09,4.934769305740493e-09,5.555337901701334e-10,0.9999843356314182,2.577274791530239e-06,6.1911197384747045e-06,5.306995948675717e-06,1.6631408179904614e-06,0.9999966869774889,0.00011625329627188714,0.0006633682496181334,0.0011320450043803532,0.02081886732484345,0.01954419283038833,0.48932729701825417,0.4223795769429881,0.48979337951072244,0.5823167227521865
0.5873151116154862,0.002245791203231174,0.0013248475039798493,0.00203917855789964,0.0022701086327821174,0.5928177009746787,0.0005690341117560034,0.006994866393427732,0.5949012066035596,0.0007870838517189552,0.000488920659015072,0.3942648076120195,0.005336156526090229,0.0004382024379536376,0.5029672899926827,0.0024606806854995666,0.0022464179510295586,0.0014595828228595922,0.0024343387233774884,0.5637770302226696,0.6373137099506286,0.543969006270275
0.9114835719982904,0.004993704463121813,0.0011032741992580636,0.002109031689697073,0.0024710029449517175,0.0012759494187788727,0.0008240797615636563,6.953979531574809e-05,0.4533162948691377,0.00025119082368543067,0.00015800519349862263,0.293909530091541,4.91044133855736e-05,0.0006142059393833832,0.000916807587681943,0.0019243317021022588,0.0014974895897559577,0.0008975749858488322,0.003882332898674795,0.5140518375134374,0.456814570884405,0.6249167508055988
0.5826455161458329,0.0014760099427585834,0.0032775718547645594,6.531031209498196e-05,0.00014914198641771792,0.000770118443889774,0.5887402056681307,0.00034064092793970724,2.995930683221999e-06,0.5865391810888512,0.3922541602655034,2.3026001024158385e-06,0.00026180841231662007,0.5033085523135241,0.0008414492181971814,0.0001629562143137509,7.252306299227775e-05,0.0035811580801913545,0.0016127387044155839,0.4651460850851649,0.44189017588069707,0.3982147614095194
2.9737532431675932e-06,1.3865921800056462e-07,0.0015990945382914666,0.0016258663474042268,1.5733498446182068e-06,0.5843074228722286,0.00013110738355988046,0.0004980576470847213,0.582334817148035,0.580627120553579,0.3904369618782374,0.498921382825639,0.000542644497036076,0.0001441916779239122,0.9974747904100021,0.0004321835931694319,0.5052656160803667,0.998833931154314,0.029662946689569925,0.4458141257923033,0.574406216390207,0.5178805241952892
0.895017141626783,0.0037629559805479897,0.001848572347323865,0.0008478568006865123,0.000674034072488273,0.44837397322963735,0.0007911161693163646,0.0014055719773499742,0.00016838936401472596,0.00011892087391575143,7.562872703696458e-05,0.00010708862510040804,0.0008938855926151411,0.0005078630136915863,0.2956616703877577,0.0004794401284297909,0.0006129129885960158,0.0013364065204637839,0.0026765795107162715,0.4681043217440972,0.5043242303078993,0.4980118309993996
0.0024909916528802066,3.978538577773621e-07,0.9026473552464057,0.0020795173889546015,0.0031784013109789496,0.0009312015556342773,0.00012006018085189009,0.0006653463540514378,0.0012459273167564424,0.44463392003338886,0.2913778909156623,0.0008787161116923996,0.00046924967253564017,8.467501260871789e-05,0.0006567499511985955,0.0022416414011065533,0.0014666353321513507,0.9982431560626949,0.00010167903610886555,0.5539125020477392,0.4432881179008695,0.4897360257657215
0.00047996421265084397,0.9222250077428221,0.006317639063024029,0.0021345416959348083,2.6369087854786096e-05,0.0003997286705917857,0.000437718573633399,7.096254544921966e-05,0.4588456782449974,7.240080074612542e-05,4.474573146558494e-05,0.293909530091541,4.898515620201528e-05,0.00030215536200965307,0.0002759308865336172,1.8202477837662467e-05,0.0014974895897559577,0.004361067177135858,0.9996686766032757,0.43827084086817836,0.5424723014383762,0.6564218990088189
0.5719302327562267,0.0044539206532539545,0.002617236926089171,0.0007623110390124403,0.00198428979929981,0.0007612918611779999,0.00026161875407320695,0.5815503608401931,0.00010896383514221232,0.5713257825399559,0.3966542537894943,8.734352093822673e-05,0.5055132141400982,0.0003177020375631343,0.0008988913836380545,0.0026412429559383582,0.0008627571089759398,0.003815920981156795,0.005891587068229933,0.5470558605794609,0.46696439295946995,0.5277310627427492
0.000632271477279565,0.5820270199990077,0.5852227031958885,0.0008612669118379112,0.5653358305261612,0.003779316041092701,0.000273336392976643,0.0013133061737071066,0.006718309848901608,1.0254567638492427e-05,6.525327444052785e-06,0.004275119407985965,0.0008357201193067859,0.00017393724496540005,0.0024049664548178584,0.38232415815285437,0.0006751392822348639,0.5017439038181046,0.9993084231367944,0.4813597723681913,0.5091119629155232,0.5043594047123527
0.6017134385943849,0.0007161783274945281,0.6082029494566864,0.00015866316559839477,0.0002152065057315799,0.6100083872355487,0.0003167962922344711,0.0004531511840751912,0.002584645337960064,0.0003669957322729586,0.00022171366848292018,0.0015614671972146508,0.0002737637295641777,0.00019137807827171926,0.39301966690539797,0.0001594448698045434,0.00011946883579642294,0.5061344038929533,0.0007577273849891275,0.7046624390399572,0.5865781476525438,0.5662904172495341
6.156532088967001e-07,0.000710805513691455,0.5842299691645738,0.0015235161622265303,0.0013113028952870763,0.0006193650830637,4.000563717548331e-05,0.5806908397312667,0.582363271744889,0.00010191918624851605,6.431774157572158e-05,0.3917740275256848,0.4980636011915043,4.359275803862342e-05,0.0006749008192210397,0.0014288833792591579,0.0016601298242544269,0.9992254543336263,0.9994486017621602,0.5536203284362746,0.43900179180403814,0.5469528448159946
0.0,0.0,0.0,1.5520934957705915e-11,0.0,1.805994234292089e-07,4.0260254615459805e-06,3.591972737486591e-06,0.9999922013868566,0.0,1.1010055436867002e-06,0.9999961361951946,0.5045691916235719,0.9720841073161315,0.9881667188962644,0.3023729886472649,0.003223667178997123,0.0275543127409058,0.0014893718083815698,0.4743005217781683,0.4113857002422216,0.47987553606300265
0.5757670790916455,0.0018585617077071937,0.0007266579164584277,0.5676484093921327,0.00440352414607716,0.00044070227318620967,0.573277623396081,0.001425244218338419,0.003363894664681476,0.0002985554050247065,0.00018985265696968266,0.0021391189442264077,0.0009063241780391503,0.39443886118067395,0.000348964637746609,0.003439581968560272,0.5006563941899571,0.0008586333806013813,0.002166015466108986,0.4998173323883464,0.5196799769934217,0.527163398999493
0.00023855588495062073,0.4583720345860015,0.0031400576326715006,0.0010782335779179538,0.00032799651873872726,0.9207345145540794,0.0006222725710037712,7.914076183092754e-05,0.0014344358623847512,7.229158799664679e-05,4.474573146558494e-05,0.0008878612933312102,4.898515620201528e-05,0.0003851633507868568,0.7059305985532376,0.0004555328692868696,0.0014974895897559577,0.004361067177135858,0.9996686766032757,0.5027577579591058,0.4333598513307483,0.6551768578941777
1.563966031541794e-05,0.0003410338229483593,2.7022816539436038e-05,4.8693384505825064e-05,0.44791613421961696,8.928684841102836e-05,0.8949099136145847,8.0926618142061e-05,0.0008924924543145652,0.00012437607333424578,7.852835999012658e-05,0.0005635004684419323,5.109533474946331e-05,0.7069559968558481,0.00012690267340396296,0.9995081634911753,0.09135404897688928,0.05110645631509364,0.9708251932824065,0.49813198189728625,0.590553048202007,0.49008977229208045
0.5790637219310555,0.0032635290860379765,0.0015016670037715117,0.5770027787795279,0.0014806817447473861,0.582411614513715,0.00023540950965027346,0.0005037675703720511,0.00010047133010211038,0.003679004576245249,0.0023208633467961827,6.338161630506896e-05,0.00031779816927907746,0.0001492046679284307,0.39165172309864166,0.001143784506233699,0.504011215398873,0.0016650692083847918,0.003587889830524547,0.46423505300189133,0.42191489696255835,0.45771758059818296
0.0009730870550709449,3.317093811674059e-05,0.0009785741270824941,0.4407297681089039,0.000802950219075317,0.905861217446413,0.0011189651433748083,0.00010533056353082381,0.0011805775891454212,0.0006831032703225711,0.0004303358608380159,0.0007437309821606169,6.635534984290298e-05,0.0007048836877026777,0.7076569883500725,0.001141222860419797,0.9980295418882035,0.5043252866875836,0.02169300159677754,0.46787446591786164,0.5959627516676355,0.5176588891343805
3.6460141601638518e-06,0.0010825411731175776,0.9976556226932763,0.0002874282386455059,7.687886413770428e-05,0.0005095503819702371,1.1887956815885091e-05,9.362965286378402e-05,2.2160789895539156e-05,0.00025665423511707136,0.00016238330638027377,1.4020973952799708e-05,5.9238815599777986e-05,7.5567900597713555e-06,0.00032238856115148363,4.864068363473887e-05,0.000184818590003231,0.9993150862928255,0.9978558756718052,0.45846308220138643,0.46792805876341215,0.5587598816501276
0.6125965298632902,0.6084092309322209,0.006399896741135239,0.001516684214246434,0.0011582671912072615,0.0006236375627928517,0.5944374616923026,0.0001548046346320177,0.0011483470800245203,0.01777467646324352,0.010777526313388686,0.0006963572937499861,9.387351911784614e-05,0.38524798688336614,0.00045983057615822225,0.0008540331299391104,0.001136541070053237,0.004718914412502254,0.497817361571844,0.6970443815677855,0.39475280013761815,0.49091863024660154
0.0003364576764831425,0.0037812163370445824,0.5798118927119223,0.009689297822326639,0.0004389723187661455,8.677169140123486e-05,0.5769686689649915,0.001555338554200324,0.5810851356977516,3.846352212455044e-06,2.4295774716934224e-06,0.3912073107772447,0.0012024142758992966,0.49716010815816075,9.444817276431285e-05,0.00047780738521463386,0.010718947164017164,0.9958674262583804,0.9435018379661788,0.5202223698517452,0.5421142308919572,0.424678700454152
0.003939597040737901,0.5621880889345534,0.5629622187774915,0.5687501669338335,0.00013604982289981704,0.0004329573411156792,0.00024010288760897253,4.709880554348476e-05,0.0004399092384893753,3.4168392706676065e-05,2.1675049947938894e-05,0.0002790606677793105,2.9877584826415135e-05,0.0001544550763887963,0.0002746502408842743,8.630480881435428e-05,0.3907510270338448,0.519357786505586,0.9955390348317574,0.4807657788392776,0.4681722758044026,0.5466890381186685
4.440474223713656e-06,0.00024374966957533534,3.450780559449466e-07,0.00024773746190145485,1.5199656709508201e-05,1.411307428687205e-07,3.2652872535787384e-06,0.8963814394294135,0.44832772581167857,1.131437265451074e-05,7.1868120308568985e-06,0.2952451219953466,0.9997368900652751,0.005716349401168816,0.0002458658920015162,0.026649384224023187,0.4762370488151619,0.0009112759585438446,0.9895771277715352,0.5326648683070144,0.4659613816043907,0.5045097641463993
0.00418974193947758,4.247231262652016e-05,0.483273301819883,0.004829869514829562,0.0005914761960302747,0.0002187663013425493,0.0006375871904430645,0.936248930493029,0.0012011120228637463,3.6340785108138415e-05,2.1917794888071665e-05,0.0007244128758660585,0.6944025476227507,0.000832647755990965,0.0002857082501479357,0.0007724673461229653,0.006410754716179523,0.9945276412583548,0.006453353924437966,0.5037215716279736,0.27602209040650294,0.5732600337990468
0.004697877588682446,0.5801405822122551,0.002463557306044513,0.0006718331430876252,0.5805480429825317,0.0006990587590068674,0.0027569973520079217,0.5746949247038633,0.0006294117500660259,0.00019565811276031162,0.00012431733776465737,0.0003999159460498232,0.3888887539498802,0.0021384865058747555,0.0005422320367419902,0.5002126172150011,0.000749233068582054,0.002703300262440691,0.9948448757205293,0.49913626086786217,0.45659480449665396,0.5081108153449281
3.801649804602153e-05,3.12181111116456e-05,3.748663688816351e-07,3.347568133978798e-07,1.119012552897846e-08,0.5813689308284109,0.5823500214406736,0.5797830507763753,0.00026380290073258535,0.00010799536863530684,6.819285931673874e-05,0.0001665763472812351,0.3900488010046586,0.502030173688547,0.9999461310700422,0.0001448122233562027,0.0044027766822603565,0.004892917550968146,0.4376896068588711,0.5377388270609217,0.473958091498796,0.578082094131346
8.612419521012244e-05,0.004982509245756084,2.156821320343751e-06,0.5689997012567045,0.0010352760276633255,0.5749695305183031,0.573196456458025,8.036274743701593e-05,0.0002992794276730522,5.50963420741845e-05,3.481285234966855e-05,0.00018910093643134885,5.077751990775081e-05,0.39355440043493556,0.5025121062831021,0.0011623307328529162,0.993894743430613,0.00027101818559002733,0.99011487657763,0.5225184213993802,0.569633278172646,0.5467590375388167
0.009898920458599345,0.5799741281285451,0.0025343135032368934,0.0004510236455031583,0.001040729888350889,0.5730012899602459,0.00010358084262884382,0.581784783835642,0.0011801120213348704,0.0007533845503672828,0.000478835970272598,0.0007500556280132797,0.3945475980320936,8.087495491473578e-05,0.49610235878011794,0.001142207902170185,0.0005030722019266137,0.002781425412706373,0.9891353127331207,0.5383324415007286,0.49845881982581663,0.48716773904496524
0.0019100115136066686,6.237740193020157e-05,0.5721114032914264,0.007579699334074982,0.0014431662324152106,0.0007441364645127883,0.0009420390901050964,0.00025256324659800116,0.5731873056646644,0.5786144475376727,0.3924711208987455,0.49540082633875004,0.0002764894197318469,0.0010410094123822723,0.0008146312658135202,0.0015798853005371985,0.008433316186555146,0.9979077788842404,0.020783653275279868,0.5177429765067626,0.5210305172548111,0.4997133446643121
0.5920870318720711,0.005479615999503958,0.0007349208786778735,0.003760904768772483,0.5986318050530184,0.0006081802037424036,0.6004057937756163,0.0005320411873279794,0.0011238060993084185,0.00032428834708393185,0.0001996314721489285,0.0006918136884706439,0.0003275240609345182,0.39434900648349414,0.00045983057615822225,0.5034788426131083,0.004043543669772613,0.0007901623611777171,0.005891587068229933,0.316746990046588,0.5128151075396629,0.5200387990939416
1.8884331786846262e-05,2.0642730627295972e-05,1.8608353804706514e-06,9.84653968169797e-08,2.663591106772801e-07,1.2327889486693638e-07,6.762937631104371e-08,0.4476064637697466,4.8773448750403125e-05,0.8990180020781376,0.705911467786951,6.936928559584699e-05,0.9999601155381829,0.0015497909360263054,0.002798665369473484,0.006048946120125964,0.0022719189897506264,0.042970874902283795,0.5283054784366623,0.48250201014694427,0.5381483380636944,0.5502176184787838
0.004427614807258493,1.1887135571118752e-05,0.5793055606155375,0.5720433995169393,0.0006453801334367232,0.0020653543766176842,0.0016192816472346133,0.5783994369073449,0.0009127969262781612,2.0101888944663e-05,1.2675957334678033e-05,0.000575596455795113,0.3883766464962763,0.0012575779160152515,0.00158902362453159,0.0004965378007664591,0.4959569714743256,0.9952128416207818,0.001709193625393053,0.5723241165181643,0.434131125414799,0.49986586755449003
0.0014445618739496171,0.9176483994371611,0.001016690101499729,6.834255510576175e-05,0.0003857513207771101,0.0001948475215148275,0.4579458823167816,0.0005199086813184345,0.00010675893627062383,6.77042832786036e-05,4.2027473889039266e-05,6.62706730487502e-05,0.000322733636611234,0.29468120511334794,0.0001351764738003319,0.0002676172033295843,4.818603687668861e-05,0.0007053315023034124,0.9989978340087896,0.37359906523767433,0.44321644431513396,0.5797680145096111
2.5190414265856374e-07,0.0007416600081523446,0.5701667190809511,0.001853491280636595,0.5754950006763007,0.0006295960412680606,0.5757364410484377,0.00020625787049456735,0.0002425010645606439,0.00120527764564037,0.0007654803003862389,0.00015401419966451605,0.0001309958899008504,0.3937278639816709,0.0004907657738506491,0.4977924452611041,0.002069386242240151,0.9991852396825034,0.9997837750755291,0.4524050050651144,0.5061234356311723,0.508907220435514
2.3725434133712375e-05,2.371885837092758e-06,0.0002503671765623329,2.0449089189296328e-08,3.670943636315719e-08,0.00012704369944335048,0.4570036197026441,5.156583838163725e-05,0.0024852091995976617,0.9186109783575803,0.7061064409657568,0.003461936274456683,7.18327481409882e-05,0.9996074908796174,0.2977816316446476,9.292228099745735e-05,5.1762604268285484e-05,0.9395538626241033,0.06343356490109689,0.42753226341464223,0.40930944754169885,0.6119715825719607
0.5772385983011308,0.0021887130926323745,4.4770254682285156e-05,0.0006030556730612685,0.0004973319034192432,9.283896404358866e-05,0.5811967668973829,0.0003494202824425378,0.5829723232960724,0.0007218666708139257,0.0004570813392047821,0.39376594162600875,0.00027156192398260324,0.5021752318635516,0.00010238933431491723,0.0005484931023687899,0.0006759363650592929,4.9375639371080976e-05,0.002413856534219069,0.5689574563358767,0.5247292214170335,0.4933368292901241
8.15705161130226e-06,5.472920036244113e-08,0.0007287066153719971,0.4622144969544824,9.473178017606706e-06,0.00019686191555059554,0.000566571110168072,0.9412406571517471,0.0011698847861683177,3.3444155952553274e-05,2.1917794888071665e-05,0.0007244128758660585,0.7009833836934574,0.0008413676674085987,0.00028287251814983525,1.5087480559089483e-05,0.9986834914967865,0.9945276412583548,0.00501465557226255,0.5037215716279736,0.27602209040650294,0.5732600337990468
