obj_0,obj_1,obj_2,obj_3,obj_4,obj_5,obj_6,obj_7,obj_8,obj_9,var_0,var_1,var_2,var_3,var_4,var_5,var_6,var_7,var_8,var_9,var_10,var_11
2.8433478531155386e-05,2.7132618678187667e-05,1.7762327641013459e-06,4.696098112819991e-05,4.061063658003282e-05,0.45164963225539745,0.9020276563610091,0.0006091681263792038,4.8003359133180335e-05,6.371718533606045e-05,4.0091668208972115e-05,3.0186538483618042e-05,0.00038329640288944727,0.7054153889425518,0.9998927036351352,0.3869938079362242,0.5474170124883262,0.027992836159313278,0.5000915607984724,0.5691571620056373,0.5026952129274508,0.41644258685044866
7.489230849957162e-05,0.0011319277504412296,3.438938867973907e-05,0.9010413845065076,9.430824733024551e-07,0.00011028417862378287,0.45412807563883106,0.001609006709355578,1.9281350768490798e-06,0.00015437484798033345,9.669071716891895e-05,1.2089037453548034e-06,0.0010077812601389019,0.29604692501380747,7.728186285645589e-05,7.363748980083497e-07,0.9991558198755834,0.018339754179756362,0.9598708751364871,0.6082024051378118,0.464584890135895,0.5587786503102462
0.567346035767795,0.007945153075504467,0.5818755042530676,0.0025300299878453637,0.0006112767662891729,0.00032462689986715237,0.0007702932304318059,0.5860394215512487,0.0014303652012829069,0.0003092016720646604,0.00019598260123557989,0.0009075463329673845,0.3966153887218171,0.0006034101217819133,0.00025335822891188,0.0004909889143147371,0.0019745904278018916,0.5056460376419223,0.00884850753331784,0.5381942782170022,0.49103265476575725,0.5534374540764151
0.0010281565807039456,3.5175464201066354e-05,7.371226611896435e-08,0.001077899290170813,1.4738868717086122e-05,0.578140167598846,0.00020667377528888096,0.0003404604014383902,0.5917877971626542,0.589576170863859,0.39187405913966067,0.5121325192755748,0.0003757174269754299,0.0002284215034490168,0.9983332274274394,0.006907284850433824,0.5165596832886072,4.584561192484595e-05,0.023243774984971766,0.603064253559449,0.39854458987521035,0.48764332429757207
0.9112434950041579,0.0020695846527842314,0.001986192147135871,0.0003951771311830913,0.0007237860061824616,5.9774047830624865e-05,0.0003378173641111541,0.46483916874094766,0.0001628400707160067,0.002951815908565141,0.0018261527048805959,0.0001008454534170743,0.2983804902731503,0.0002351229889286862,4.144953575449593e-05,0.0005165358341168384,0.0002740305390622329,0.0013773007596201165,0.0014351317318296516,0.5115475856404189,0.45707704770320245,0.6645168380006239
0.45275114508444686,0.0012154143509800143,0.0010602183521165865,0.0009320632404591214,2.1510683141753048e-05,0.0006203103307361527,0.0008073737174748734,1.5295601238969894e-05,0.9102189649250257,2.9859216007302892e-05,1.865536531618863e-05,0.7045167632290206,2.1347451476677686e-05,0.0011309944130417596,0.0008657436515630557,3.089711958480777e-05,0.0013008470973550578,0.0014797119631024592,0.0016963189880511709,0.5938259463910455,0.3999616514323901,0.5119774627533434
0.011393102510833298,0.4606559473304303,0.9124948942527352,0.00032103075327731794,0.0003487801375919469,0.0005915724478223129,0.002880948604348902,0.00018488325025772586,0.0005497491023130921,0.0004265539120833866,0.00026564250815774544,0.000342715892090969,0.0001151386944494839,0.0018008020188575015,0.0003684117207357783,0.0002235427159318912,0.00019992735479422452,0.7022974923007841,0.9841404097303998,0.6111285793485883,0.42317745011630237,0.5632238898860464
0.0005117318265975728,3.6476962577071064e-05,6.589055470318266e-05,0.5831997206102186,0.5732537559396623,0.0005191116465769418,0.001979377357559863,0.0004123331969656398,0.0005747525463691748,0.5865890029206562,0.39182251588419,0.00044152198351082384,0.00031642718747608314,0.0015246167255338224,0.000398370868069897,0.5036738677674869,0.9994312431825924,0.0807242096003628,0.044967307176940585,0.5799303738114681,0.41868290244671197,0.44513898608953245
6.303847996649449e-05,5.920589787221499e-07,0.44137098970058575,0.8861354312811516,0.0025690842474474732,0.00028573003011733846,0.00037414395792889475,0.00316757137247611,0.00030490504656374934,0.000602726882155975,0.00038061310412404323,0.0001930411866113862,0.0020046552418920005,0.00023714298757636666,0.00018043522374539822,0.0017425478857810877,0.7058951152628128,0.9999095357529683,0.006347835371678925,0.5863426994500999,0.4776492760506573,0.4867186532590398
0.9050112289202512,0.002808266360500373,0.00025314098055824767,0.0005313586923365029,0.0006054787822148683,0.001071654894108808,0.0020448568100773093,0.00013721753720771445,0.0001184747001232754,0.4583702209597552,0.2965487938606699,8.280522954593156e-05,9.580667010725312e-05,0.0014330308468963693,0.0007482423422772144,0.0004350805942275409,0.0003710013112987234,0.00017674623361462003,0.0019607702340905704,0.49811004968857214,0.37494363228517325,0.4301619350356634
0.5763996511484303,0.569777357504513,0.011747198544026179,0.0015172746700844693,0.006056904930254194,0.0009980312863085844,0.5855856402080503,0.012499536296194469,0.00017990109584690333,0.00040047357397836537,0.0002539779613230147,0.00011409221282118872,0.00792733706933841,0.3982516393086484,0.0007808694537650388,0.004877224232915978,0.001187166685348961,0.00919173288138025,0.49395005654239943,0.5071247461019784,0.557833074570224,0.5207238028005803
0.00011141730158005757,1.0660082020326594e-06,0.004142309589143361,9.188654496051607e-05,1.5526099407553427e-06,3.800064081853845e-05,0.00019119002094674468,8.295384507480288e-05,0.8980834581182865,0.44855385700057293,0.2946265215323548,0.9970610445747564,0.012725266334025265,0.029451979999075603,0.005836468284307204,0.0002454239670658949,0.014114285916403985,0.9827519548366833,0.006045588784452771,0.5501817528516765,0.468038988405185,0.46587879718422703
3.835833248681954e-06,0.0017534497719485956,0.5874931868473015,0.5702158030416401,0.0012403083703284576,0.001041491169299833,0.00010530970024241487,0.5785012476339725,1.5121251866305078e-05,5.080409462047583e-05,3.2077600166793255e-05,9.557337597037013e-06,0.38902854417464033,8.148541442000478e-05,0.000802899283589403,0.000984053652207927,0.49025745103934704,0.998000695446615,0.9986714354025067,0.4503568210701143,0.5147767320030477,0.42525047679095535
0.000535071356661524,0.0022469963095963184,0.5778823907111653,0.0015794396485511372,0.5636068549985584,0.00039321168336041185,0.5799727763646502,2.611084370927263e-05,0.001283806826145867,0.00014014621227971072,8.854402306323918e-05,0.0008119395802956297,1.649677865351246e-05,0.39210913471843883,0.00030435937106255897,0.4983254920482409,0.0017386420244101957,0.9974103362701765,0.8532475122125218,0.5073815343318756,0.5659603231952662,0.556810342817389
0.00010126727278808707,5.6621796994382454e-06,0.5784762481705964,0.004943725010113579,0.0006587040069351178,0.00016888866143098535,0.5808499534831257,8.155672028518403e-05,1.0067118656506517e-06,0.5826240043911188,0.3927915926750958,7.811308089760962e-07,6.32167707858896e-05,0.5024685922990466,0.0001858568813309933,0.0007460222666772694,0.005485405950917101,0.9998869406274937,0.036078122536040425,0.502809692916294,0.5679211330471513,0.5485347543920538
0.00040243753253186735,2.461565465022612e-05,2.4960713193256296e-08,0.0004001156967156747,0.9013286722056372,0.0001608661595733483,0.00018241655324862993,0.4543291063678388,5.782127340773073e-05,0.0004364268750072674,0.0002752613654381456,3.6468798283480975e-05,0.29723458371340006,0.00012932045475872519,0.00011362176691993061,0.9995972864487439,0.49520077852044775,3.9120404049726096e-05,0.03860325373837903,0.5499074908537932,0.43665835369250655,0.4465424212457678
0.0019382343281466952,0.0021955888556868886,0.018892107499497532,0.6024819345860533,0.6085348707120214,0.0008576956991626159,0.6161793980657356,2.100942911384333e-05,0.00011644345793210928,0.009215239547373162,0.00548459143078972,6.937604167067315e-05,1.2504394037710434e-05,0.39249296813910484,0.0006256755064464263,0.5095522621924027,0.9797754103441376,0.8990748573188518,0.5544158166165308,0.6177001460217298,0.5004934029641922,0.26375526515561776
0.004061490266984323,0.4616550310844416,0.003197623005911697,0.9183530695913116,0.0004558606370911574,0.002009055251799263,0.0003819362984086335,0.007341564097245633,0.0021447433494136805,0.00014599626388365472,9.042095930458793e-05,0.0013283209307968816,0.004546954451756874,0.00023743048509860512,0.0012443185663374655,0.0002823399679173651,0.7034435741331474,0.004409260998102599,0.9943574817984611,0.6529956359227194,0.5554532890644267,0.4622940071058426
2.648377593096264e-05,0.0004470445080011069,0.44845147456659823,0.005472236720666561,0.0011292856744383806,0.9044305417674798,0.001880497071178995,0.0009867482823363815,3.589627666076761e-05,0.000436796775753137,0.00027495872984948863,2.261952838225289e-05,0.000621147246369135,0.0011881393447470653,0.704654525964403,0.001770191663093736,0.007762094555689816,0.9993311687638068,0.9640594829509348,0.587669687331849,0.5202925695324659,0.44316449312812395
0.0001588623522243057,5.1629634626191635e-06,0.8984132413869154,0.007773667531350588,3.086006382244899e-06,0.00026466127603952627,0.44693688218914024,0.001580970252734004,1.239797029911531e-06,0.0006597116661598972,0.00041522285713911113,7.811308089760962e-07,0.0009950640248612586,0.2925313151211463,0.0001858568813309933,2.2303257416100473e-06,0.005504149994914609,0.9998869406274937,0.02098531045095431,0.5159763691075563,0.5902017384021886,0.5554845905686511
0.011904991239806713,0.4579964485404286,0.0004918054431389991,0.00014831883683180953,2.4590322548703966e-05,0.0006183602685835749,0.0020588842096668034,0.932062979819576,8.799463252063136e-05,0.00014318861068329767,8.777041158388753e-05,5.3993548504776005e-05,0.7091490387601755,0.00287146541947636,0.0008592314813083734,3.516546092016681e-05,0.00020609392316277416,0.0006833800640635101,0.9833319722544456,0.6773300038206457,0.4305237125269573,0.5480451237148695
0.0009762295450215598,1.9924508005571295e-05,0.0003670256328459228,0.6100251689893483,0.0007714943794281935,0.0004966786693912788,0.6077908978171681,4.264519854119219e-05,1.4968424915749567e-05,0.6130138895468457,0.3905283244909681,1.097268643977674e-05,3.124886114110383e-05,0.4942041764049235,0.0005089641859102859,0.0008491513182822262,0.9989166104525289,0.2299653440693547,0.013792675199634397,0.5916677540625036,0.46045565421662976,0.26574026061322853
0.00039903218730886965,8.056054996647243e-05,0.5790793497529576,0.0008116454016744769,0.0031597210126828095,0.5832607999492868,0.0013714278559606025,0.0001082552102384194,0.00010031589885334141,0.5795537869844783,0.39098626141721626,7.778047406097912e-05,8.385010336572877e-05,0.001066188779281664,0.5022847811272624,0.0035749412084664367,0.0008922940236065891,0.9995492501130265,0.12590521660556023,0.5089500814046093,0.49840091213222765,0.4250860103736625
0.004770301478207382,0.5797821997568721,0.0004421313733047202,0.0004169273166293139,0.004723402393608277,0.5758480364092763,0.002737380250335237,0.00011397993174264026,3.020715727426756e-05,0.5779300293590665,0.39187215223171257,2.3556552666946356e-05,8.879412797814881e-05,0.0021404148020637837,0.4978103201204793,0.00533737744592586,0.0004615629552356679,0.0004854577231315311,0.9946948689643349,0.4920288548424011,0.5263465130694188,0.4879538760194082
0.002298387271201352,0.5760303782347006,0.0011124620722351292,0.0003832554542387271,0.010727786453346596,0.0006887940000841516,0.5903519519968692,0.0012739367767007931,0.0037431311060707245,0.5925704400111322,0.39600016531467586,0.0028832857305282214,0.0009813042063788256,0.5089313164022485,0.0007610964799035616,0.012200299437688706,0.00042356366420695177,0.0012294642354786223,0.997440872178808,0.6261688593132608,0.470721021741898,0.48660026991048927
0.5838996820845261,0.5852922974595214,0.0057903161085244145,0.0006297069147085404,0.001516384768096976,0.010822783734876528,0.0009314345037425653,0.0019857882773948172,0.001777049055660014,0.5866572141274747,0.39172774292577905,0.0013645312500588907,0.0015232530829560169,0.000717131016784997,0.008302168008089163,0.0011972092094639235,0.0004830770774731036,0.004442054156238101,0.498386226175996,0.6175885012324909,0.47190867382957463,0.5415574477259597
0.006711276397237052,0.5860587580737304,0.5848654252869984,0.583539532199578,0.004372785084382344,0.003214314296744897,0.0029626262990210565,4.461962978263841e-05,0.00017907817467425883,0.001032717087551584,0.0006490211862311574,0.0001126591183952916,2.8041654287886807e-05,0.0018687934665092983,0.0020200801842200702,0.002828293718792634,0.3908298257333155,0.4993300139474623,0.9926555176097096,0.48980178012744696,0.4359418072994319,0.40631552324757414
0.007109483468541763,0.0006431037618538961,3.8618782595579603e-05,0.566868641772741,0.0007157972393898514,0.000723238973239947,0.00020433335683241608,0.002228462277020224,0.5932027615622035,0.585592188537738,0.3932560007492857,0.5121325192755748,0.0024819592798424883,0.0002284215034490168,0.0008055148112136531,0.0008204749039835918,0.991945939069449,0.0034305935293828527,0.0582669945460213,0.603064253559449,0.5171016444156988,0.48764332429757207
9.066895641765367e-06,0.0024881363725921257,0.00033969450400051063,2.840188655895645e-06,0.00018943585554534424,3.40986189620278e-05,7.342082006672786e-07,3.4267785338798804e-06,0.44885457021410846,0.8988870632603853,0.7049009270956503,0.9963344897503782,0.0008432483418335827,0.0001813406174472705,0.008391103825572066,0.048024720881038596,0.0007067442268992287,0.08408073188378332,0.9977136214416427,0.47520109987478004,0.5277383033142081,0.4404340958729809
0.5812411757208096,0.0050428012712299,0.5779573486466609,0.003209206032811165,0.006437968724404134,0.0026962540783460236,0.002032001680421855,0.005118978203775718,0.0010238166148726726,0.5831569488647275,0.39036931683716797,0.0007872949052579248,0.003932380244385372,0.0015667813419195345,0.002071288744968404,0.005090003414474076,0.002485790816264529,0.49697813611616776,0.005604010501103998,0.6134872348981895,0.510086176961973,0.48104266367331366
0.0006034904848862878,5.544928029622332e-05,0.00015186066394823374,7.019590836691402e-07,2.7833745496701217e-07,1.1501583407431313e-06,0.00060016293567858,0.45686337230729107,0.00010708267853908132,0.9139702138812842,0.7049001383077301,0.00014921490921564255,0.9987928017726351,0.48721241799226794,0.0011719715278211166,0.00028361655963909157,0.000715273032151183,0.1563067614592793,0.05832945744534074,0.41931526591441626,0.4294464144763855,0.6015276630846015
2.700336508635899e-05,0.0016732920811206198,0.5874230410563241,0.0006638728650602686,0.0013023871402503913,0.0001708525615918716,0.57231982519882,0.5833314299537214,0.0002845673620010451,0.000275952627377157,0.00017434576909931203,0.00017997327084087744,0.393044647428509,0.49288434897703315,0.00018516012175654692,0.001452612151602098,0.0007194690498476851,0.9981863348003184,0.9896503808989803,0.5368286067795304,0.5180988966981159,0.4228566594764784
0.0011645401583841137,6.0924165150467095e-05,6.512601029488186e-05,2.7527851602024626e-06,0.5630904491530718,0.5791809828785097,9.787784063934874e-05,0.003794320043723994,1.3868786525733222e-05,0.5823983729973973,0.3934014856291156,1.078714777507062e-05,0.0029482048174751807,7.633387648189362e-05,0.49981823661929914,0.9987004618059031,0.001493662784786992,0.035065861089641104,0.03376155050475799,0.4918003394146807,0.5145489365652047,0.4296378915875148
0.005922288293322489,0.9054982126180893,0.004704840894288916,0.0006109567395053432,0.004041509759151924,0.0010325086925373126,0.0026813476736324135,0.4544396798233965,4.3488072458500105e-05,0.00043351835032265693,0.000272397286152663,2.7325333830638968e-05,0.29610450686456613,0.0018920409044207607,0.0007258825223223898,0.002841305191887677,0.0004295241920287563,0.0033076849013159923,0.9958051913081802,0.5885319720965445,0.5208599401709209,0.42997972100415394
0.5673930141113606,0.004798188749674821,0.0014295627046791723,0.00019383504971667292,0.004270221509444519,0.0016103514031522458,0.0002086655273733998,0.5776161944096518,2.0361973944897385e-06,0.5883538612017791,0.39812537415151666,1.594970497151238e-06,0.5015942797389007,0.0002319919026800433,0.0017837632900851719,0.005270575003501431,0.00021740005593584143,0.0015978490946801619,0.005643198121849777,0.5678860370042762,0.4960685767543441,0.47947745379401396
0.1837398136336974,0.4465710770759117,0.007288829277630271,0.01094532126702093,0.016689471790736106,0.012537652606211902,0.003934466856954431,0.006741123050742093,0.02482929834907032,0.028260956944218752,0.017507275425336588,0.02099402405458302,0.0045965062763891895,0.004125002226106456,0.009962873174038711,0.016226095327148006,0.007354248023666778,0.00825875802272782,0.8035041959519179,0.6005784850840953,0.3636614031549675,0.5003605132037865
0.011608992656842622,0.8700670853288811,0.003261262171359335,0.0023921118799492646,0.4265933246259393,0.003065326155757499,0.006998057245005953,0.0004324975856407015,0.0003037327899183967,2.1241403558102946e-05,1.3220089665454788e-05,0.00018922952635656875,0.0002691751169075127,0.004371578624833505,0.0019078262904907665,0.2824234422227556,0.0016620048240130769,0.002267604250921429,0.9918971973581362,0.5083043249766297,0.5501972665673887,0.357517470618988
0.5968089675821179,0.001861634723664626,0.0038010643170602165,0.00386010516736525,0.5823644499108185,0.0016771654172007013,0.00026229906660321135,0.0006775281754523694,0.0018387405690526665,0.593338319127144,0.3883192781260264,0.0013802063533265418,0.0005080490283113419,0.00019741550091766872,0.0012576348371509901,0.498964110421316,0.0040868699695489254,0.004024442808698954,0.0019710674755183144,0.6529937822869739,0.44731039545773016,0.40204870504886675
3.3680491785066915e-07,1.0709384837791134e-05,0.0004193147367588195,0.4497531432698641,0.8747059040146852,0.0003093922137083306,0.0014900046573249515,0.0024709194404990134,4.3782214355125604e-05,5.2812682440413244e-05,3.341060872863799e-05,2.7726171872561097e-05,0.0015631663062873357,0.000946109489991092,0.00019572997388049937,0.705032596426385,0.9994062718268628,0.9837359794829293,0.9798356082249373,0.4946061710983526,0.5026336692898662,0.42075982524439237
0.00030393422809839836,1.7909820041260764e-05,5.6075014742744454e-05,2.8644987206447428e-08,0.4360901435653171,0.8991516493873888,0.0020739843954813903,0.0016681255042459895,2.887296271859551e-05,7.041421217620916e-05,4.46066318550045e-05,1.8290705541284158e-05,0.0010567397160212513,0.0013187171148618488,0.7052684044839864,0.9995577000946927,5.8483380849449866e-05,0.11511247206157321,0.03719296951952998,0.5358300608327777,0.49330770294716675,0.4398879108656454
0.0012326672063106285,0.5939071749463465,0.010268667743589364,0.0015055276352846964,0.5842356528183217,0.00029625489833597925,0.00012462050040182562,0.000686033672178024,0.0007258646600288362,0.5872154064379667,0.38655769329831774,0.0005467337276667365,0.000516732527352992,9.421414188335296e-05,0.00022314441257911512,0.5038738031972875,0.0016135539775612205,0.011006048759734655,0.9986688005347478,0.6674457049159102,0.5144867202168177,0.4696692353998836
3.677621301622924e-06,6.036745680780667e-05,0.9144509255394098,0.460516817025401,0.0010943640446460046,0.002659724171327134,0.001043819883422424,2.523155965411855e-05,0.0007901566749751957,0.0006509660335107444,0.0004047569309619549,0.0004913028470278624,1.568845767918061e-05,0.0006514302717048892,0.00165376375683455,0.0007002981376182196,0.2969976866829174,0.9999578944770652,0.960975605280597,0.4918071611553001,0.3651540186874848,0.42504702039619313
0.0006091051446423347,0.0005776038509609625,1.9732320355127784e-05,0.000589733546711285,1.7514664634225262e-06,4.195516437949047e-06,0.8997053578874841,1.4951312067771755e-05,0.45032057059030595,0.0007092337510334558,0.0004473519122770923,0.2947517551875881,1.054029304808965e-05,0.9992570451415297,0.0025344151031394366,0.0011789126291709088,0.381639260281434,0.014568846955653914,0.4980951254633119,0.5652180450365636,0.4587362081730913,0.557826154461284
1.458428221266695e-06,3.123514662269056e-05,1.6839191876457372e-06,2.172568777352841e-05,2.204854529731779e-06,9.184976729603334e-07,0.9070051229641402,0.4556349366621133,0.00017902992951320944,0.00016959854069893208,0.0001060583925400118,0.0001120713496693503,0.2954201036607886,0.9999732923066135,0.015311858829752441,0.037857573015951496,0.38613447885877633,0.03424983969731529,0.9700747374809235,0.6040310268748861,0.583464959988614,0.5152715804178463
0.572712072355537,0.004251753961382968,0.0010061603173968639,0.5645496035212545,0.0011913088308327221,0.007391093442939474,0.0001822173781648048,0.0001630807134321265,0.5834248815991602,0.014098782840997309,0.008967602229632332,0.39666957176881407,0.00012773995823000593,0.0001432584048962847,0.00578947073650693,0.0009603949988787823,0.4939743966867898,0.0011141729067104676,0.004795327252838599,0.471498804661304,0.4976657017235279,0.5101568756164748
0.00013421284919659744,9.160759501874215e-07,0.9515762282851414,0.0006626040819261961,0.0002901785577157098,0.00027349076920015034,0.000512567633763827,0.00021381592646321657,0.0005074635927971811,0.46971068414551526,0.29190604830499145,0.0003398499338752651,0.0001430462147995933,0.00034418636970393935,0.0001829696546860035,0.00019979515566589663,0.0004432926914647642,0.9999095357529683,0.004312950660968928,0.7395061727248088,0.5030176258636432,0.5617966566508042
0.009850250610839623,0.571693365198684,0.003051865353256864,0.5813387804168552,0.5703508481882089,0.03085651631528195,0.00362090975193177,0.0004475600135853901,4.8907728466496195e-05,0.00021100633724821454,0.00013208076191434032,3.0645562072882014e-05,0.0002801530569759554,0.0022749344184759207,0.019317923070850288,0.39188116484738544,0.499200117816469,0.003306405967652415,0.989190441476658,0.5788522133483753,0.39801009216265537,0.47960973000463375
0.5770677730780212,0.004647650938688517,0.010678442454211068,2.8208897246414297e-05,0.0002587781899248584,0.0006230515878784468,0.5849054393745214,0.5873174961981249,9.75213506382592e-05,0.00013374829279882828,8.384247597183591e-05,6.11957954427095e-05,0.39258344013130353,0.5013422309281444,0.0006784904273363071,0.00029002189708763487,3.097252894961912e-05,0.011734157531345601,0.0052022556643162455,0.5373058402349375,0.5580968947597345,0.39612526486771515
1.0372363926037871e-05,0.00041350148462227605,1.581539415416689e-06,0.45405540049554544,0.0013312317247443685,0.0008675394601598286,0.0013419434380838487,0.9064941558878354,9.72435632787233e-07,0.0003039001442316166,0.00019082489798273518,6.112389706796426e-07,0.7043759335440233,0.0018884583280438568,0.001216347955930537,0.001920908416108248,0.9994200506775133,0.0024341218397612384,0.9839148639239711,0.6160290597804363,0.5197548675272526,0.4984665444671978
9.668259031687326e-05,5.373563066137122e-06,2.0701812933863157e-07,2.186674458249237e-09,3.82984507666765e-07,0.9318412689625166,0.0017380879788886805,3.910772902610867e-05,0.0008988740546604378,0.47071902703065327,0.29778381042284396,0.0006156845580085333,2.6776224259742445e-05,0.0011918334489773742,0.999932982003005,0.0027694553460536064,1.4452222815116865e-05,0.0013556237279864214,0.037522482959001735,0.6781920102178051,0.5309640079230408,0.3938132369682731
0.0052143198070265465,5.260376009006767e-05,9.531165192704827e-05,0.5879402343506663,0.5691741721174419,0.5803981339150487,0.00028742229594371855,0.00026888135230505845,0.0004959070196262274,1.495836871333734e-05,9.37660955823547e-06,0.0003111772921228659,0.00016854750923655658,0.00018083740512289299,0.38726772605420284,0.4961942128997744,0.9943271167920257,0.011590724146540773,0.0067320334495678865,0.5026959129891687,0.5853666966517375,0.4089202907054167
0.005547835934720845,0.46571241204612246,0.000820845384684595,0.00026512152725719136,0.00019648202602243962,0.0009729794223271896,0.9231400575207652,0.013999772857619261,0.0001970664190180358,1.8650532678649578e-05,1.1448264622912236e-05,0.00012096536682889235,0.008593747841128273,0.7034778578245942,0.0013299437482588604,0.00027639890062314346,0.0003623892497878861,0.0011219976451957714,0.9923598577791821,0.5095277662653659,0.3261936466771311,0.41737429171621665
1.734344124225222e-07,1.4268206166155277e-05,9.911372337055398e-05,1.173824396257556e-06,1.0,0.0004731525437236465,0.00014394355183453548,0.00014246511190154373,5.370520424904387e-06,7.2775006281212955e-06,4.5017264040076336e-06,3.3221039524401004e-06,8.81262662467588e-05,8.937070971279913e-05,0.00029268337091853044,0.9999380537061286,0.0074623355184890786,0.908972137751124,0.9922042000583771,0.666150405359041,0.46611039805020094,0.5201602765174095
4.596625587253995e-05,9.60219156314684e-06,8.731272249182748e-07,6.435378522158267e-06,2.679647130709895e-07,3.013650306010798e-07,4.856495536173005e-06,1.0,3.469191953618908e-06,1.990022911894438e-05,1.264121676691288e-05,2.2094351818210316e-06,0.9999692596449647,0.06423449776369994,0.003984852079857558,0.003948119980555109,0.08693157053410802,0.011759713546072637,0.13894362733840776,0.46872709376051613,0.46842130279032823,0.51459707804063
0.0008304543019697577,3.916192032329401e-05,2.285428646784761e-05,0.4579647810359184,0.0002478058965269777,0.00031141486280137324,0.0010811088377838012,3.4373866635860695e-05,0.00017940230534329568,0.9204059099536499,0.7039785178831062,0.0002475992620774038,4.7391855286917537e-05,0.0014960678228471136,0.00042935437456644054,0.0003516183255021124,0.9988385668294163,0.017273636810417922,0.030437699019203235,0.575138533191641,0.5086255575386323,0.3450267982038702
1.558953007467091e-07,2.8323108083547236e-05,0.44547214302177623,7.223242227818765e-05,3.27529821891e-05,0.0015160069660820083,0.0005979379518676792,0.8996803329398668,0.0002088571315962355,0.00017393196922375437,0.00010896345041475699,0.00013720196544270561,0.7013533898919063,0.000831637097888797,0.002100747356416883,5.0571983227935824e-05,0.00010193561185252225,0.999957557105609,0.9967180694494707,0.38659288065570224,0.44240739812786967,0.5045553152604554
9.314978984678798e-05,0.00039682957670308895,0.5821274831122214,0.0015520462010977258,0.5626675413688134,0.0003925563522722966,0.009255386589085476,2.1278562653772988e-05,0.5837240227097945,4.4306177180196064e-05,2.79870122753298e-05,0.3937256114845523,1.649677865351246e-05,0.007202227372176795,0.00030435937106255897,0.4983254920482409,0.0016973270362888606,0.9995540531374236,0.8521614482029034,0.5073815343318756,0.5685371791066391,0.5554934297948332
0.007678414056783044,0.6148177807751916,0.0032695814577662595,0.0002274208454300185,0.0023581719313673943,0.6049288572914194,0.007672267871530308,0.6115370932214157,0.015471113743085404,0.0001737717783109133,0.00010461204888342119,0.009314070893036097,0.3926073023843616,0.0056833886323587905,0.49480675483058234,0.0024415549088818156,0.00023546341520260103,0.0033852238922435496,0.9919902550191319,0.7229001873419707,0.4760803768891715,0.4149309079535013
0.0,0.0,0.0,0.0,0.0,0.0,0.0,0.0,0.0,1.0,0.999797809663669,0.0002945477114774213,0.9575622500026583,0.9794267355906454,0.8773410245995701,0.9474603836935271,0.6490082119566073,0.484514925275675,0.7684787908577393,0.36419567817553217,0.46637622062179673,0.23201476652284658
0.0029427340851081664,1.2464842532253018e-05,0.00019455130408957156,0.4504154434169972,7.140699833399865e-05,7.558861361850981e-05,0.0017668793510214806,8.964960592959469e-05,0.8920920564411997,0.00010527964268639528,6.701135479810768e-05,0.7025985607499867,0.00012670752350515434,0.0025065027304020616,0.00010683505346988542,0.00010386791084227541,0.9958006232700555,0.0417158236459636,0.002676559896912678,0.4921595001027802,0.49659563236272514,0.5101115166261161
1.6957415763175014e-05,0.0009526357781851337,0.5859815391181682,0.5849544923862813,0.573898219287532,8.421117477059598e-05,0.003641753193705777,0.0017632789757202052,4.9189329734206376e-05,0.0002122212710414428,0.00013208076191434032,3.0645562072882014e-05,0.0010974175604203924,0.0022749344184759207,5.241116405664304e-05,0.39188116484738544,0.499200117816469,0.998910833988497,0.989190441476658,0.6098797756177594,0.39801009216265537,0.47960973000463375
4.83752872681538e-06,8.862571542326956e-05,3.939573453528551e-06,0.002732117644451477,0.5725053824218075,0.5869446983803576,0.005918617926121845,0.0002919923866090999,0.5857558078206627,0.00010910373704443327,6.827924333485666e-05,0.3906329664676259,0.00022350725432426343,0.004547264879885944,0.4987757916147596,0.9970464581904361,0.9793047579200129,0.02823767507038735,0.9650261788086523,0.5988050709262206,0.5641982419391137,0.44191389872245523
0.00124924974168133,6.1293538687233205e-06,0.5897898376108306,0.5841213587294235,0.00035325241985703155,0.0029718915537305106,0.002565525325292207,0.0010392105672201908,0.588108653674241,0.0013888966077231781,0.000868846491298151,0.392716696973634,0.0007969897325630709,0.00197484285450225,0.002279215418856594,0.0002788191846245958,0.4969252457193666,0.9986414583073783,0.0031003144356339662,0.6223420801185137,0.4483478710745987,0.5059014772776151
0.9106884451165408,0.007030253171240411,0.0017493667965283082,0.001794504155195785,0.0005639143907040602,0.4457946444459125,0.0005579796831609918,0.0017580033585071655,0.00024081939653402095,2.6310726570031127e-05,1.6419927617083027e-05,0.00015044435292596163,0.0010971305912701808,0.0003495132166965806,0.2879268961561528,0.00040267613791075143,0.0012451001882583105,0.0012137843304885834,0.004877939259876776,0.5161955772005218,0.6093940923473197,0.4112969206542572
7.019653433432112e-06,0.0001514551764582016,0.9058945449740982,0.000648644404755976,0.43405631726317345,0.00040717991973506494,0.004935598748264489,0.00010266606827122156,0.00018996973579442068,9.253772950455226e-06,5.832454337992893e-06,0.0001198568763087412,6.470821902799438e-05,0.003122340379171342,0.00025663985751809,0.29165302042486535,0.0004558364759340586,0.9998934485049435,0.9702947850097354,0.5195724843232762,0.5152563180599264,0.5971863748924756
0.00027247459406957075,0.0002768458868646025,1.7949430438417518e-05,0.0003799263966964616,0.6100630311403417,0.6195529988376326,0.6323828201539947,0.0003110909780871368,7.261274854714827e-06,0.0028492672851046976,0.0016691739942237827,4.253851153167568e-06,0.0001822455092870042,0.3970924931214163,0.49576402883522896,0.9994477232298798,0.4914379129285657,0.029288776172348874,0.50269400970898,0.6010969326480652,0.5029377092774948,0.22345502343714524
3.2407626536725335e-06,2.7444736539250254e-09,0.00026477004552977364,0.9109506298320383,0.44254779842487024,0.0017971612151829795,0.0002753227535039305,0.0011387521589363105,0.00023930139913486395,9.991152837549258e-05,6.245240601866731e-05,0.00014973552200507107,0.0007118080401156698,0.0001727357013040988,0.0011233656387401834,0.29515465404524,0.9998149508313073,0.9921499393214409,0.0005351253033761376,0.6350807882588928,0.5016392546399384,0.48528497370912416
0.0004989475297277841,0.5917399980099962,0.003812121501870085,0.5896515829336826,0.0004957860861385418,0.001427860195926495,0.5923601191537592,9.418519056813524e-05,0.0007864032350761218,3.185379656703956e-05,1.97772508543745e-05,0.0004887604770519425,5.84773211853713e-05,0.39377876397873524,0.0010881309248715041,0.0003888422717967957,0.49886789116583247,0.004101188837296474,0.9994591954415529,0.5360925254394816,0.356906752219269,0.44017219773396404
5.8208610770088404e-05,0.005864661764756442,9.21880246329876e-05,0.0004101421423939257,1.2148251770149558e-05,0.5933752641494432,0.5901961295762889,5.811350286350304e-05,0.593097797338295,0.0002060234239515438,0.00012766166221993887,0.39223806742467227,4.41230196660113e-05,0.49945157244497307,0.9936916634795097,0.001353627200383027,0.04444162323040732,0.010005854593337683,0.9936342982471762,0.5007805000609635,0.33463123659976435,0.49331526918717256
4.942324748463348e-06,0.00428933672846165,1.2765560838433942e-05,1.130667002880623e-05,0.5819858557809913,0.00026517827095067853,0.0011162817772124808,7.779142006071438e-05,0.598257321025583,0.5990581058320238,0.39189436092778185,0.4999460956201102,8.268071624035668e-05,0.0011908382137658553,0.00028184558855157946,0.9954409861290832,0.0016781140668022942,0.001894647000278242,0.999260977877124,0.6001857065791651,0.6368454392692556,0.40683907372982575
4.400059548488969e-06,0.0002113247679534742,2.6571665686402184e-06,5.323033587784439e-06,7.769039202971451e-07,0.5778351689689998,0.5767387144715563,4.452821633845343e-05,0.00017427720467979798,0.5789080825896211,0.3921131132486726,0.0001357865501852139,3.465815576660147e-05,0.5005726028351748,0.9997670315378221,0.002407191780531115,0.01602755637772707,0.00800258128609671,0.9866475499862932,0.5063914481708501,0.4550611728962466,0.5002722308975331
0.578716610401279,0.0009538431738970186,0.0037551302569766303,0.5809894269102306,0.0004396045864842559,0.0014005386919240038,0.575854134197953,0.0005895777699112408,0.002167855441779608,0.0005447948568269321,0.0003448358387535418,0.0013735868387643887,0.0003731827623036964,0.389739691709549,0.0010832240914035922,0.0003499202501364778,0.49886858336830303,0.00410011673078236,0.001041488285912046,0.49944156517544114,0.5443112084761799,0.4382667108062518
4.717611536101355e-05,0.0016844116538087541,0.5771512187313736,9.248394218208546e-05,4.495083853658923e-05,0.0019217037439459457,0.0021632107741980516,0.5846024428781553,0.5835805076747193,0.001576639833863855,0.0009927710768093193,0.39218362094335657,0.501219664689533,0.002373501811240566,0.002100747356416883,5.0571983227935824e-05,0.00010193561185252225,0.9980443048606327,0.9829945728944391,0.56990267706263,0.5771825663757127,0.48637582219262143
0.0005686567175485564,5.444983652280471e-05,5.161178483827723e-06,6.613913345313275e-06,3.7710618704253793e-06,3.636429061856127e-06,9.367655218274481e-07,0.4484415046995237,0.8960876141705343,3.3008726176916566e-05,2.0954121030828473e-05,0.7048681445390594,0.9991783735954465,0.0010342297970870919,0.0039999850350449055,0.004269127208002932,0.007335630868976706,0.005677827509595515,0.06165669166656225,0.48979706598291284,0.5246441796077715,0.5463309498164304
1.7615609513092982e-08,1.6317396499478694e-06,0.00115367264895659,0.9030334499901427,0.0010429978433624703,0.00019200325414726367,0.003140682110885074,0.0001703891286502856,0.0001998591083109045,0.454696343821086,0.29695599652556737,0.0001410402030599248,0.00012011986765075064,0.0022223065798585187,0.00013535808668389409,0.0007567324506716079,0.999186684441961,0.9990995205848933,0.9930761734274298,0.4903246733088641,0.4683109795493946,0.40021800098083216
0.0009823373690682716,0.5652679686427097,0.006156779549263728,0.00015234743407805692,0.5658693495225,0.0020771747542666285,0.009680396069245256,0.000329231902257155,0.583997125279869,0.00027299422127109637,0.00017374357543739437,0.39736308265189174,0.00025822501557756913,0.007620896529445587,0.0016292999825513062,0.5094670877986189,0.0001715672758112378,0.006933643553724,0.998885391521477,0.5011785441593986,0.5161578862102766,0.5050001776642931
6.115865408214769e-11,1.2746662789631572e-07,3.158629537267764e-05,6.377455521689724e-05,0.8709754821073119,0.00018609715393413397,0.0004172198052071994,8.1274022478438e-05,0.00019538073881305508,0.4500852511279626,0.29624487458659604,0.0001387626715558966,5.772217235829055e-05,0.00029741439628379497,0.00013216933216841692,0.999949455187661,0.7072388450431364,0.9974309318754182,0.9996922642965586,0.46017910872941087,0.46994943640450915,0.5231983801317402
3.785361734708245e-05,0.002919104218249279,3.4168896490604004e-05,4.714602951615526e-06,0.4516153496281535,0.0012089536834493033,0.00012090816677135508,2.4529763128638266e-05,0.8986885978631173,0.0002191218927859315,0.00013869469207273102,0.7035407771296682,3.457754348123857e-05,0.0001704340733296288,0.0017041624006238249,0.9958845076172631,0.0010280376303455352,0.007450838219350873,0.9917450666978267,0.5035243771315505,0.4436640348974276,0.5509992830762149
2.2381573087756705e-07,2.3654371794823692e-05,0.0006236481560870484,0.5748481150384257,0.0009439647854645164,0.5845455896003593,0.00023599718001093403,0.00046850924774609386,8.105620363465068e-05,0.580447378232068,0.39098626141721626,6.275061257407288e-05,0.0003623296524109599,0.00018318871539196795,0.5027072724980407,0.0010670744858709597,0.9993144714296207,0.9751966348503147,0.994063476803044,0.5199420724182766,0.45641934219326735,0.42965479262820333
7.656907947688553e-05,2.109157598587764e-06,4.893844255540082e-06,7.256886975816788e-07,1.185560526878596e-06,8.815600568396973e-08,1.0,3.2225808504461367e-07,4.3791685938285286e-05,4.3047713069870555e-05,2.7303860990138552e-05,2.777574048020898e-05,2.043985462478534e-07,0.999950946724524,0.0007256681967608885,0.009759489833954978,0.005974397883660373,0.040317818840001005,0.017401679721428476,0.49269592775521015,0.520245362458633,0.44306227668627896
0.00012097268513740283,3.3322910478000765e-06,7.834708970280922e-06,1.1155764057199812e-06,1.8322755017801163e-06,1.3970931514349276e-07,0.8972678763782761,2.891518294169361e-07,4.771107176792612e-05,0.45386896264176896,0.2971844749585042,3.372648106647711e-05,2.043985462478534e-07,0.9999136220797799,0.0007278714716676761,0.009824733049153026,0.005812816291639393,0.0408526584395627,0.017401679721428476,0.5652109091610167,0.5192037190135163,0.5622454471994728
0.464195273251232,0.002425468955590177,0.9300057488626684,0.002714616896281069,0.0007534243438436213,0.0030456266269928583,0.00038160304128947975,5.067527863694907e-05,0.0003990761764388311,2.9717027090984636e-06,1.8173626142134666e-06,0.00024405743509598276,3.099077285956278e-05,0.00023423632203950506,0.0018625741519389064,0.0004607632539139579,0.001660149901629454,0.703371841668172,0.0033016791056603516,0.6383297767312803,0.5086284729961236,0.3524397194718238
0.0034413785451985718,5.209537619290324e-06,0.914777760737021,0.00043243933202688224,0.0022849053963759787,0.00018498854950474346,0.0002560221742223627,0.003442355743164119,0.455485780560483,0.0002429518955272173,0.00015023856026579743,0.29204357654085206,0.0023741817087074603,0.00017723273797919345,0.00012758660621484336,0.0017559572914943125,0.0003007168279534967,0.9975959634469913,0.0010102054250520943,0.5358239354782638,0.41013024773891765,0.3581456330383388
0.005127029969231431,0.5790068046133681,0.590817830123013,0.00019028004869567374,0.5685220918775638,7.403757968641596e-05,0.00021891244140205757,9.214566411816455e-05,0.0013714153811240524,8.582567909238401e-06,5.392355936253291e-06,0.0008625345044035305,5.7894406535804164e-05,0.00013805059796008295,4.651723870812143e-05,0.391902005741835,0.000146432340409293,0.5064146904326132,0.9943207999796584,0.494059341675806,0.6018336666910616,0.5533831805905762
0.000830352188644488,1.3436980467673202e-06,3.6336889442024317e-06,4.0735677941446416e-07,0.0017224511600616565,1.0647015746270637e-06,0.4520323831287335,0.00014068603707838813,0.00015044539005115506,0.9043423929372689,0.7049086402630292,0.00021187783987867073,0.000198133390520851,0.9973070318592647,0.00035447434648168446,0.7140239774653219,0.0003123114990387947,0.0027858786488963345,0.0010301941870873412,0.4887413133586671,0.4163269394697839,0.5624287699336179
0.016172632259934174,0.555951407495284,0.5625868055702568,0.0028092319173856164,0.0011438901991512856,0.00103994881803699,0.00010515374640051368,0.576383252101738,1.5075371177350554e-05,0.0009143503437293573,0.0005781749790756437,9.557337597037013e-06,0.38902854417464033,8.148541442000478e-05,0.000802899283589403,0.000984053652207927,0.0022088074882251913,0.48340173571256106,0.9825612773956379,0.5334349704034591,0.5147767320030477,0.4262348396768767
0.45413810910884334,0.0011926192677809908,0.006047594812561325,0.00021821887975701835,2.169339369561602e-05,0.0011770312473744695,0.9340383614971255,0.00011259647457023564,1.3340647908731138e-05,3.6975537651312743e-06,2.254123407420685e-06,8.141157171832815e-06,6.864169273990112e-05,0.7095941416136158,0.0016288996090674961,3.089711958480777e-05,0.0003044880443747096,0.008445050125193088,0.0016963189880511709,0.5938259463910455,0.5509721110259019,0.6813242031355966
0.0007709906474567109,0.5843069917969034,0.003668729116927588,0.00010169996313944747,0.00019258964975361732,0.574423410430595,0.0004478379063930421,0.00032612644853059514,0.5758512701878603,0.00024406016937738196,0.0001550885916818557,0.39029620709940355,0.0002533834744951212,0.0003492362390686786,0.49456339798378923,0.0002159465315245161,0.00011171757862171207,0.003997132930478474,0.9991491892129231,0.4890671070010601,0.5328953936146448,0.5252117644594898
0.0010009098112815319,1.0,0.001332217126963334,0.00046215145511782494,0.0008943324355330035,0.0007408547795357445,0.00037107554893826307,5.017619105250621e-05,0.00011887012962462256,0.00014081581720373212,8.723102381442591e-05,7.371201709376591e-05,3.1082591870746964e-05,0.00023072147803957226,0.00045893659502458707,0.000570166817503355,0.0002886521673285637,0.0008252680473744035,0.999371998943632,0.3436643117085443,0.49535393814864287,0.44322032385253096
5.067557415498895e-06,0.0005558899431045648,1.743284406110186e-05,0.4503432008646544,0.004459841904354834,0.903382260909287,0.0003900181765151517,0.00015210092440727296,0.0003341291942345835,4.6059576216743774e-05,2.9048776766806113e-05,0.00021072804736415826,9.592676320297359e-05,0.00024688740780492654,0.7055797388281471,0.006488194038189093,0.9992137568792788,0.019957169085801807,0.9941532550738107,0.46279504229917967,0.542386925876216,0.5789927337144589
0.005143648838268118,0.00013423432540899167,0.592425353146137,0.5890138773101846,0.00047509364474527865,0.5934834534072015,0.005787260173620394,0.0002230583720558293,0.00014838233851732234,0.0021172722021996753,0.0013034037648985142,9.15813893805819e-05,0.0001376165731052369,0.00357589146609806,0.38914245788169344,0.00039795190039421525,0.5010960647994784,0.9944496669437882,0.01763445268276287,0.6844640738668951,0.4938615056179761,0.4914852659551064
0.00014815829214591885,0.0009304767089129812,6.245124734918617e-06,0.00012621398782380295,8.012519804795451e-06,1.6533434786707582e-05,0.45919921738424446,0.9257314090181549,0.0003260470553113175,0.00034041239035642747,0.00020956247650985737,0.00020092523910684708,0.705914183764874,0.9986083995456901,0.01044769037483116,0.005211387729042921,0.08064006560547318,0.004014650361140888,0.904031199460221,0.6512888373713377,0.5898370647358896,0.5562444931014906
8.109480273944002e-05,0.0075053007488174485,0.5936600306265946,0.00719296421855187,0.003732186058112332,0.5964271269235788,0.5919032656465827,0.009097060584804919,3.9155678665711974e-05,0.00011271159583265952,6.944195305940088e-05,2.4186343611427494e-05,0.005604798807567368,0.38997435266957775,0.49856280163384314,0.004418893686272352,0.007739014395046815,0.9915313012726503,0.9934381475853127,0.5671377112345313,0.3315068730863176,0.4799135480929638
0.00014169472691371297,0.0033301348910287193,0.0002471917881026428,2.9349433083220724e-05,0.5675927784588701,0.0001721771334523969,0.5865291335425354,8.235412983437481e-05,0.0045031177925935854,0.5714383017579251,0.3840832179439616,0.003460206205274526,6.32167707858896e-05,0.5024685922990466,0.00018764111072280083,0.9962571527072916,0.005485405950917101,0.04586262763843657,0.9733189418429566,0.4864739437521758,0.5682168736319465,0.5481897588913075
0.01096784122982913,0.6120271334568095,0.00015622298380712964,6.95545516747766e-05,0.0021699726566286257,0.6043454520642078,0.6014884222529209,0.00016194806050533992,0.0005662932378867648,0.00019710579975535427,0.00011940263135671163,0.0003434012897989953,9.810481329291582e-05,0.38958412344058646,0.4959256513056598,0.0023225988896197016,7.233761983290593e-05,0.0001624738958272056,0.9885073602398292,0.7082632655983796,0.43496969856741596,0.44248713223855135
0.02559144443879673,0.9225764394807308,0.0005236189138157682,0.0012298092482907915,0.0007151837450521728,0.0010456805925271617,0.0013768759554889265,0.00021294368001131416,0.00048382037327592405,0.4650799120155075,0.2971562236861135,0.00033372671747095207,0.00014688303015293765,0.0009532525927684625,0.0007212843403746745,0.0005077016138857407,0.0008482925693676239,0.000361179850537241,0.9822132782131564,0.616224292636213,0.641376234663437,0.49854269428037606
1.4519473385281705e-07,7.382831324247456e-06,8.125066356763288e-08,0.00030808429768531143,0.43531084431259043,0.0006066185397602901,0.8821108538312938,5.193698529140321e-05,0.0055431896959657785,0.00021384500240898392,0.0001360629431032764,0.003524900502750228,3.304640010316936e-05,0.6915535724914976,0.0008286861817464653,0.9995755239579511,0.9839350587253186,0.006657068480791423,0.988057537464168,0.48610536343584776,0.5155285355165052,0.4891774729754166
0.0004188697886105779,1.221830507849263e-06,2.9935255009658416e-06,0.6123334507318876,0.00015635121824731981,0.00017992701417277504,0.0006858212526004903,0.6157057090828962,0.0018686734621233118,0.6069414725934941,0.38835181699481364,0.0013713863897246532,0.5017478846117258,0.0007156635502405793,0.000187063209127882,0.00016729251714379858,0.9995612468698376,0.0045158402349649894,0.0018432084911306212,0.49991454163303545,0.45598023888437644,0.2601891401701366
1.6114921949984644e-06,0.0013748183283690423,0.5811136294532243,0.002881077302277556,0.5669097093663946,0.0015006562165747605,0.0029048448919467497,0.0007342184388571225,4.284225932443002e-06,0.5811342497770261,0.3912316223966141,3.3120721407237483e-06,0.000567613565929489,0.0022540190942088503,0.0011601436540404513,0.5012676102701644,0.003156234035330174,0.9984938651165075,0.9992482054233153,0.49743123694617675,0.43510578121719284,0.560569402737196
2.186817463652218e-05,0.0013455509621394942,0.5792439431740909,0.013413629814395438,0.5793645066280443,0.00046041218140537157,0.00020428173076381142,0.5884386447000605,3.1076060167282566e-05,0.0002417291191457556,0.0001525507642996363,1.9611525653926e-05,0.39649287203013583,0.00015930713614634986,0.0003577226159446512,0.49998006291902036,0.014739615484371582,0.9985209726640307,0.9895770639644879,0.536511213286723,0.4350581887815048,0.5567927537968161
0.4454694745692517,0.0018133620221627213,0.0004358434661608252,0.8987536196857507,0.0006091332654064993,0.00027851043874378397,0.0003135354306160844,0.000192296624796463,2.813411101768028e-05,3.7645144634443016e-05,2.3674688838246593e-05,1.7711466927740132e-05,0.00012093359800182165,0.00019791016035976858,0.00017515269408192435,0.00039424929166485714,0.7058951152628128,0.0006205017480201969,0.0027164846770383246,0.5498605525935149,0.4758849522485188,0.40396834228943607
0.5997597407718145,0.0017281257976711603,0.0006735781662719566,0.6050750724617812,0.0015757614120496027,0.002229864637305282,5.7957191228893046e-05,0.6039068457910647,0.0003278336031992415,1.1260007492732692e-05,6.847384457682975e-06,0.00019956553154082374,0.3914500227616722,4.330755239462022e-05,0.0016600805501186255,0.0012073288766649881,0.5004350199611608,0.0007096635245378066,0.001820709289089173,0.5869257755375329,0.6751107522740476,0.40697660130959745
8.151931799838032e-05,0.0011801880513567528,0.6040373109534731,0.00022333678745795865,0.0021957587488087554,0.604997868102566,0.007673143130534347,0.6102714119006124,4.9780785831375227e-05,7.815614971697545e-05,4.705031787293654e-05,3.0045766480231855e-05,0.3926073023843616,0.0056833886323587905,0.49480675483058234,0.0024415549088818156,0.00023546341520260103,0.9986833870219741,0.9586403232237363,0.7229001873419707,0.47592536885712544,0.4149309079535013
0.5859561499372156,0.0017642176380265248,0.0033362189466282937,0.0005214533998192107,0.0021006536992402482,0.0015609055070561588,0.5796440951629781,2.569600652899419e-06,0.5822988826689424,3.8975303886126805e-05,2.449514374567893e-05,0.38988103690607767,1.973632582604262e-06,0.49534792449146736,0.0016832254031479133,0.0023313384757778595,0.0005623220945159546,0.003597713813327297,0.0019025211731394376,0.5018990249037771,0.5670248881803512,0.4080333516417691
0.5923176035065968,0.6002720695061212,0.0010556943875513218,0.0003302752670577322,0.003970459415077769,1.766317238400811e-05,0.003015863961490766,0.0025780510178043067,0.5905122261979032,0.0001412747830869734,8.714346807022406e-05,0.38779024782596466,0.00193898310186037,0.002276683573896308,1.3284809903373876e-05,0.0029862694457216234,0.00024840908689026994,0.0007940169498122469,0.5018741949385097,0.33860061177140816,0.49847156429417894,0.42241292673434105
0.5760308991801019,0.009126761433587685,0.005588569263281445,0.00042084491802686777,0.00031068945084775145,0.5809119792878931,0.00046759111729036547,0.00242098792092897,0.5723882058513562,0.002855402602536002,0.00181537393693947,0.3878286378388111,0.0018768220526729957,0.0003638347283418941,0.5002595819027131,0.0003506983388384399,0.000461579113945625,0.0061295908472403515,0.010011032396638916,0.4890355090550285,0.48043893383754777,0.47105055631767356
1.496305299441451e-05,0.00042082491681980853,0.45499225878518273,2.6352739582996656e-05,4.122871776710583e-05,0.0002280372987333543,0.9106746654897785,0.000126031209758301,0.000686411186238531,0.0006423696007002876,0.0003998031834493498,0.00042696261540554436,7.844035101338583e-05,0.7036794072496374,0.0003162148598836817,6.120432726945118e-05,3.684451353913251e-05,0.9993800795810144,0.9784141474496677,0.5844384388348038,0.6126550064758737,0.555184524624624
1.0,0.0012091933601992265,1.9433139326381038e-05,0.00014168068466286122,6.199749987854637e-06,0.00045176031154169424,0.0001594194633600862,9.173913016769652e-05,0.0005445792834386682,0.00029994745022349944,0.00018953458940546556,0.0003441156738764089,5.7969292400119105e-05,0.00010110924517422855,0.00028546408524837653,4.031817162700993e-06,8.952700991252959e-05,1.2279661640690609e-05,0.0007640808126156245,0.49282109477904734,0.432169775431005,0.5531830079905805
0.0016723895546004878,0.0020193636803321796,0.5904734861111393,0.0023056321946332663,0.001914815418536732,0.0007046459646828159,0.00018052659928963278,0.5878078852351817,0.0010322078312321287,0.5789175615189044,0.3865841933305114,0.0007895011081160655,0.49855219306278964,0.00019535147916288935,0.0007596970633737969,0.002124616881564411,0.0024857831195996345,0.9971645189609082,0.557326157138162,0.6157567373383077,0.46685127615026634,0.4918984333198195
6.471418323223208e-06,0.0016019197743281886,2.3272806086595565e-05,0.9266245571831713,0.0034146143285871972,0.4571771701077669,8.948860610376881e-05,0.0004194171221641006,0.001737837880099487,9.525894494287957e-08,5.869065608813881e-08,0.0010718121791405098,0.00025841039549689304,5.5339818917811106e-05,0.2917841112938845,0.0024143402010102467,0.9988993073394208,0.009248130788689798,0.9974089677949383,0.32909089180237366,0.5505586937671814,0.4611247687166142
0.5787784408036226,0.005954406849923529,0.0015117492410491927,0.0066874594971491255,0.0008580848307719732,0.5822167371774838,0.00035363879869306517,0.5875271374161352,3.652855421547806e-05,0.005551564863458802,0.003514412177971506,2.3148358396829537e-05,0.39621264586064575,0.00027655699957036773,0.4905297955023633,0.0009589190488836637,0.007321670812480962,0.0016564460071356796,0.0066451542118354445,0.5668162368458911,0.5336081815572083,0.5072040947993925
0.0004567675598473964,0.45695149965634313,0.003519309414260635,0.010998367551355843,0.014209275050836457,0.90279312394696,0.0005724294615988093,0.0005054021125271949,0.0007939251636643073,0.0003488806735730047,0.00021946588595764423,0.000499424380312197,0.0003179269415829151,0.0003614252229917883,0.7014934889561575,0.02036002009747509,0.015319384136339986,0.004902963502008217,0.9993588767956878,0.5786873089700265,0.44712071995997926,0.44491600417574306
0.001350038277862932,1.1337385428160501e-05,0.5878178487940274,0.0022394432894517783,0.5690228666470927,0.5788249159373946,0.0016458159056473541,0.0001363681520302339,0.0002762101784845516,0.0054346341401042275,0.003409361096445925,0.00017345728728290142,8.55499604628788e-05,0.0010363213574628345,0.3864185203398794,0.4959443273325179,0.0024235128031296275,0.9985322736005525,0.005604010501103998,0.621098947994887,0.5094706608375851,0.4934322074930836
4.3622122245926743e-05,3.823694778622535e-07,0.45181466353386796,0.00010370262532784404,0.8711547111257122,8.094296708402831e-05,0.0003089856855672877,0.00024506463191001024,0.0005354036169470831,5.390263204638305e-05,3.417982338740688e-05,0.0003398499338752651,0.0001553962543932635,0.00019665474314599436,5.132619370597845e-05,0.7028275401074626,0.0001473262633718813,0.9999377430343578,0.00550935315658635,0.4940304820471683,0.5031006677775595,0.5626394413727418
0.0030203515521217876,0.0002742354399504539,2.258773886544829e-05,0.00011427725812899723,3.403913063223315e-05,4.00923183390824e-06,0.582924802312491,8.966277547099059e-05,0.5857443993294328,0.5850632572480827,0.3914900452482154,0.5006813067822361,9.755907902956858e-05,0.9966730045826897,0.0008347313196603902,0.00729385238860375,0.02379990767022805,0.004706462119881797,0.05721872542886092,0.6109759855821467,0.5421026837299646,0.49459566228740365
0.01969588549439813,0.00031117952451366744,0.019458040704856377,1.1724406773935997e-05,0.5908125190766508,0.000692692546702852,0.000650263162698639,0.5919445916371225,0.5911068340198727,0.0038074378570948624,0.0023658710658692184,0.39152272697510476,0.5002571076059859,0.0007024982373027794,0.0007455739679095515,0.9700739191254079,0.00026855395066111503,0.4937219544747854,0.00998259963892987,0.5225601395781161,0.46525025774693496,0.3489727371018629
2.359665644359622e-05,1.4393134857515218e-06,1.7061269106953061e-06,0.0012977637575246172,5.809187118012383e-06,7.162227006136964e-05,0.5920072295276714,0.5831253930711755,0.5911303122363706,0.00052401027117749,0.000326717339590399,0.39306896833030663,0.49401063008981116,0.9986072275258886,0.03509249681789183,0.0029322871632878316,0.9882880742014618,0.045526982520046555,0.03849628976038315,0.5419234428397925,0.6387176683647375,0.4928172315819193
0.01637925175147696,0.9003491410659673,0.0028724892506716295,0.006678860102752361,0.0005413167151735333,0.0004124521465506152,0.4503218839893267,0.00015574185623050898,0.001024016316507945,5.5300806371615066e-05,3.494010273899386e-05,0.0006476579359343542,9.840072247786714e-05,0.2961417139798173,0.00029157787000079396,0.00039383626856090523,0.0047605609529395515,0.0020307309867290194,0.9882710487675584,0.43658449361377183,0.4894167508613841,0.5588619574801841
1.2279125951416474e-05,8.383468635342327e-07,0.0002825635451361467,1.1751603940766689e-07,0.4444714332217353,0.00027908489880545896,0.00018099076723964843,0.00023855567306811084,0.0001092686170603242,0.915099803984365,0.7048979152067756,0.00015222789904626642,0.00033200342053485595,0.0002528223257622439,0.0003884089667056588,0.9996028234929752,0.0002643122872301786,0.97217662519941,0.04548411775263106,0.6185122834138829,0.4800012430580706,0.4071817440077604
2.600398575201125e-05,0.001071047599285988,1.274980547351034e-05,5.012000720088011e-05,0.4596705997961147,0.0012405379802436108,0.00012877115173563257,0.9193778551192566,0.016081310086063106,0.00033195796925769306,0.00020557198284207223,0.009959097429445424,0.7048412869444234,0.00017900095224951634,0.0017180714615501803,0.9985144863265205,0.029758111593683703,0.007575730626135681,0.9844309880853993,0.4913174473783275,0.3336243533389978,0.4839248658174171
0.01537668555361504,0.584774079687603,0.004251504707633898,0.0017669471814694949,0.5587099644404727,0.0008138207067401025,0.0024406512167908356,0.5793586813457726,0.000820685591765183,0.0011092854585047936,0.0007032057540091112,0.0005207894232389011,0.3914820434758814,0.001901216023872732,0.0006316110252703171,0.49451478356607326,0.0019228722971891543,0.004626735613501421,0.9831387584769518,0.5382109713088613,0.46965766144585963,0.5432155976370467
0.00695128095148167,0.9091118471029878,0.000523423055325892,0.0003916719642034525,0.0006176601180899517,0.004171154963263574,0.004159344630491439,0.00027574340194827583,0.45364625427986405,3.9275754262251926e-05,2.460363264723856e-05,0.294905663633669,0.00019308372464552082,0.00292329824191211,0.002920807794449127,0.000445125544853451,0.0002742662111633702,0.00036652425537814833,0.9950959438822746,0.5808582853460778,0.48885304318232037,0.4020251757876624
0.5859002159016193,0.586760744580603,0.0011078446554020458,0.5672871045075822,0.008179943280297532,0.004010044387435505,0.0005454816381013556,1.6677284167654624e-05,0.005755935264864596,0.0007159702161596426,0.0004524964068044384,0.003641535488516966,1.054029304808965e-05,0.0003460299223542578,0.0025344151031394366,0.005320708080167516,0.38086604794429446,0.0008473821386121611,0.4980951254633119,0.4997240673056661,0.41488869171819404,0.49234170376320874
0.4372051532640701,0.0007403007630139316,0.0004217074957964941,7.080846933875402e-05,0.8781957304948199,0.0016504527701381325,0.00019612659897751825,0.001047136942312367,0.0012923321157199776,5.460473065948304e-05,3.457474332908161e-05,0.0008182819144917381,0.0006630291379826649,0.0001246441589236062,0.0010450392315861923,0.7113038858195687,0.0001023394000551028,0.0006094934615350476,0.0010699568525676106,0.4511962601691384,0.4960994336230636,0.44493615432594735
2.583195846444686e-06,0.000139496839872971,1.0,0.0007031378578789393,0.00030769555284847113,0.00027376730619477836,0.000520899167398945,0.00027109780804217574,0.0005380972705163835,2.4768893804206853e-05,1.5627408519437223e-05,0.0003398499338752651,0.00017104344198718487,0.0003298680518601903,0.00017272773498459935,0.00019979515566589663,0.00044729256188722616,0.9999095357529683,0.9883825631369036,0.5713192710947804,0.5031382625629952,0.5626394413727418
0.5737310947145725,0.0036014518078261643,0.5766054137276088,0.0010046928159176223,0.0059522890380107295,0.5776985185544632,6.87728577807625e-05,0.0004870422248447435,0.00021194873726520806,0.0013510428523239868,0.0008584093029296688,0.00013480388766028912,0.000309451217792164,4.385800053186359e-05,0.3912129078313141,0.004763726565430313,0.0007877560316003747,0.4975200806433668,0.0040546934384529075,0.47493742180474163,0.46745088484887215,0.48317779235175695
1.6184483015100396e-05,2.525865836753076e-08,0.5755527228888212,0.5738608138115291,0.0008788314463631591,0.001069079496917509,0.573573959253689,0.0023568594750806,0.00021925657945071582,0.0005426076939327028,0.0003448358387535418,0.00013948424447187161,0.0014978233294759558,0.389764515171172,0.0008302180728897853,0.0007604541795022272,0.4988218852552868,0.9999820303327684,0.001041488285912046,0.49944156517544114,0.5413579086658457,0.4948845623314209
0.0009983106965269733,0.5619640155858807,0.5987596770356299,0.0002223570788383709,0.0031668467848650524,0.002106196917713308,0.009922304162918802,0.0003374592373043823,0.5985909115543905,4.450095702965274e-05,2.7631550329030035e-05,0.39736308265189174,0.00025822501557756913,0.007620896529445587,0.0016117867107577522,0.0024941404758595555,0.0001715672758112378,0.5114926604978518,0.998885391521477,0.5011785441593986,0.37478899859893045,0.40199533827068534
0.5995550344911128,0.0092322639993619,0.6164087485457324,0.00011733630791145526,0.5949463781129982,0.0006585825995896236,0.00013750399453743426,9.623424331155657e-05,0.0014540339678182244,3.995988427421082e-05,2.403979620451078e-05,0.0008747445572319004,5.7894406535804164e-05,8.30287364733244e-05,0.0003962025401428354,0.3928114263376593,8.654878446398735e-05,0.5064146904326132,0.009729468015926447,0.32143190770460645,0.481100189272899,0.6611532830825115
0.00048688266057981075,0.005762183099434447,0.000456595400677793,0.5886263572439031,0.565177577042399,0.012379295320942113,0.00034713417395006944,0.00021912192701225804,0.5874633301116379,0.001443563874795275,0.0009051591318170451,0.3932775812165664,0.00016854750923655658,0.0002680032340745358,0.009522449263600186,0.4961942128997744,0.9937261978918994,0.050159897754771865,0.9459360283278819,0.5022434399307456,0.5855836681034583,0.4107628147731957
1.860186377525989e-07,3.244881041298178e-06,7.370978332919096e-05,9.992601863059346e-07,0.0015190659386692792,0.45335778859464626,0.00018342758352575403,0.0002372712321213128,0.0013371663549317844,0.9067883525860587,0.7048505190126313,0.0018796048757697692,0.00033318194862167133,0.00025852777932594366,0.9978022395115609,0.9699748713669339,0.00862154703704215,0.9719459443652072,0.963272448181529,0.5665846394829295,0.5233359364935132,0.40604265690693964
0.0009893519876208571,0.4528346555158075,0.0011440236055238926,0.0008059075102225316,0.9140862624620966,0.0013719433883529523,0.005487008163688472,0.001990743932399059,0.0005872817170513004,0.0037087387037449777,0.0023144702482047474,0.0003664998355626696,0.001242347320511178,0.0034369406712652373,0.0008561913370221102,0.7071800681446233,0.0011329813821598345,0.0016083237549904482,0.9985987133956822,0.5065341550565002,0.3584071478221149,0.4937369838005791
0.016193853013657975,0.5734169855866214,0.004379818456504911,0.015811522876295076,0.562657909559662,0.5652581534802167,0.00028576734333857163,0.0017353991327302182,0.0007715021844850864,7.477927217549852e-06,4.754314133064412e-06,0.0004910094703598003,0.0011033323764395762,0.00018235856481308221,0.3818722043017462,0.49417960929031,0.01721107768650615,0.004772316294400451,0.9822853287280677,0.4756312174597204,0.5155232178414862,0.4779419324291095
0.001638918901820225,0.00016694539856968127,0.888061205804767,0.0006953354124394342,6.629508563596447e-05,0.4483977730817489,0.0003154005358716028,2.7228655831274773e-05,4.985629710871817e-06,7.304928013314638e-06,4.64117222906361e-06,3.1657448179036277e-06,1.7299675105334237e-05,0.0002011316052648903,0.2953726078545136,5.0422464145751726e-05,0.0004980831816161014,0.9988139538558907,0.06772014613403221,0.47311412376722195,0.485575560714176,0.4672799586978168
0.007725984870459391,0.5870466436612284,0.5816665556637419,0.0005498642106320919,0.008939357523139176,0.000988106182016269,0.0019923507225309434,0.0012739995722338962,0.003776702697748923,0.5925997709122948,0.39600016531467586,0.0029119908208816445,0.0009813042063788256,0.0015403062539034588,0.0007610964799035616,0.0070865491076287845,0.00042356366420695177,0.49704141007133357,0.9915594199607544,0.6263681845251285,0.470721021741898,0.48660026991048927
9.212159972576919e-06,0.00017822016825274427,5.293860803083948e-05,1.287854709698061e-06,0.001957224831190746,0.4468719374309314,1.938710924164391e-05,2.451009113826876e-05,0.8973839895901152,0.00031388800001989843,0.00019916592820595747,0.7061247523930158,3.4917047670755464e-05,2.772118485173795e-05,0.9971181942099119,0.9413331151575695,0.004404349606014464,0.18358206844235395,0.9668770518872554,0.5035220363567768,0.44480329941895524,0.4838235003453963
0.0032781186186172434,0.5907881419425473,0.00035606610228978774,0.00026520956561780945,0.00029197081086294787,0.0006296547741055491,0.5912593875591284,0.5936201406676872,0.0021683772020727517,0.0001351838793375071,8.384247597183591e-05,0.0013462334411685484,0.39258344013130353,0.501425708322657,0.0006784904273363071,0.0003237904717519665,0.00028577921800536626,0.000383682636140149,0.9964411894610901,0.5373058402349375,0.37576382275608866,0.40186205308855427
0.0005367380819263675,1.780629827199001e-06,2.8565495675943596e-06,0.0006458248093709864,7.029140262864654e-07,1.0,0.00019619626940395706,8.502824788440797e-06,9.666931888219318e-06,0.0,1.2620374873420515e-06,7.637843416166776e-06,5.466008978083134e-06,0.0001264287081407568,0.9994414539589388,0.0005639884989674297,0.5340894903550459,0.003248176729479668,0.002645238053498866,0.5163505338939399,0.5465620714333229,0.4276499960409106
8.24574987706563e-06,0.0003011162050948146,0.002436997855854145,4.72235101963497e-06,3.57895002463898e-06,0.895811004054161,0.0019403629691198965,0.445740522251812,1.6221136676842495e-05,0.0006744087275702418,0.00042909053697690047,1.0320651285813457e-05,0.29393363495799774,0.0013840460270028896,0.998254934496251,0.0009549267295167379,0.001224306213810595,0.9217062669198273,0.9824408950058596,0.4943453952919436,0.4765036047521915,0.4986229888782949
0.0011359811644947946,0.45700736417365506,0.00012621474807869684,0.00019314446277706826,0.00202432694933399,0.0005339762498180277,5.285461678835767e-05,0.0031381858311463956,0.9076037547023063,0.00043480255227656116,0.000272397286152663,0.7030270211110883,0.0043714224574502285,7.389924784288965e-05,0.0007438288011097521,0.0028198975093006217,0.0002690529649852476,0.00017581893967179643,0.9984057239516688,0.4202647469136824,0.4823305044427391,0.40249474972561694
0.8835589066269254,0.00014552862519570707,0.0056548481407483085,0.010543716592749127,0.4353069200919672,0.0010079174261389324,0.00029575702615733455,0.0006032365460224978,3.620244544635403e-05,0.0009393658272873135,0.0005926536465187446,2.2826975753959336e-05,0.0003805870440800887,0.00018728699660430401,0.0006359038465237985,0.30561841688189617,0.007561964131720111,0.0040589533195379895,0.00010991481732663955,0.5788366228778962,0.5244454254828363,0.5473309349793329
0.575089373317915,0.004328135864546224,7.160397875347894e-05,0.5762779250582479,0.5580319576074978,8.984464419556651e-05,0.00029623807144917887,0.0017296131461638552,7.453973038060663e-05,0.00020926437373824063,0.00013277551764614217,4.734308509901438e-05,0.0010974175604203924,0.00018865589363238318,5.700534399379786e-05,0.3879606532922878,0.499200117816469,7.896284842716806e-05,0.00502226774854847,0.5498586454799029,0.47855646532813684,0.47960973000463375
0.6221688034859878,0.005913318388331355,0.0008927093770180422,0.6290132851641863,0.0005270348132545241,0.6363874405390769,0.001075685773300755,0.00011112895651195201,0.00018114393701554264,1.5714955693712064e-05,9.157261481113218e-06,0.00010566284131643467,6.475595277383877e-05,0.0006291353663429081,0.39584893370487184,0.0003888429365958633,0.5010960647994784,0.0009066214629256802,0.006005565357583731,0.5198665406742158,0.3733151118051832,0.22418862646907559
0.0006212596979291776,0.5798086547802056,0.0010535885053150366,0.6042563556081,0.0034240709561187644,0.5818546773327048,0.004934737599477644,0.0001330596431655327,0.0012771571671503473,2.4077982220165072e-05,1.5031581527574073e-05,0.0007973133682185072,8.306752744712307e-05,0.003092123595093898,0.38657118314669386,0.0026788597050082484,0.5131418776376933,0.0011568198229413573,0.9993127657176438,0.6187410031562728,0.5074449090952076,0.42517069373992944
0.0010919073170293947,0.0003004652847159338,5.314671110163794e-05,0.001135966885527465,0.8742483309883634,0.0010781831269627124,0.00011749684424327926,0.0015977459387577398,0.44841296058642977,0.004663915067030215,0.0029534830768553066,0.2943403667942119,0.001130494215117438,8.344367507335818e-05,0.000762875587216105,0.9988604836266696,0.49842329992079365,0.02964808340204941,0.1697409522088511,0.4522054543800192,0.49929707287019676,0.4450440935553527
3.978273423611594e-05,2.7292334390375914e-08,0.0006067983337888324,0.0013205834798004135,2.5814030130881785e-05,0.9029178107815741,0.4500317490872483,0.00019196473735971035,0.00017232073606505033,5.7410705378580694e-05,3.620120896586136e-05,0.0001087711601887341,0.00012104633928823984,0.29530240994765566,0.998967757144601,0.011552943019322748,0.7272467824159733,0.9577877552898995,0.0004431397029051598,0.5156493793847707,0.4768503786020125,0.40608214703586704
0.0025038612503408206,0.5810895651889675,0.5846890943158676,0.0011051270307985183,0.006646766074951908,0.5990323057192914,8.433955566530966e-06,0.00033610825885069983,0.0008896408674190383,0.009233932055681711,0.005768569041793042,0.0005563577121046692,0.00020997745343635343,5.288480968564232e-06,0.4000478574305273,0.005282727066584034,0.0008534672441034792,0.5019626604356433,0.9972363632992259,0.5993513444745592,0.427958797922549,0.5633312840133335
0.5754625436571355,0.004798794827109314,0.00044211951764541713,0.0004203580187141281,0.004723275736571679,0.5758325951659216,0.002737306848062541,0.00011397687539486737,3.726697680677062e-05,0.5779145324940851,0.39187215223171257,2.9062815628246312e-05,8.879412797814881e-05,0.0021404148020637837,0.4978103201204793,0.00533737744592586,0.0004615629552356679,0.0004854577231315311,0.005269251794187246,0.48855865933938325,0.524493570402429,0.4879538760194082
2.650293338452912e-06,1.3887722206856405e-07,7.549165193339755e-05,3.237783550703229e-06,3.347784461774326e-07,2.513373765208327e-06,3.742254243880825e-05,9.67210328547178e-08,1.0,1.061378640671258e-06,6.750010357367119e-07,0.9999462847110159,0.0007290164415174024,0.2933857846800111,0.021154515339386115,0.002901002518227368,0.02727037054567727,0.977461933535259,0.03308184048758572,0.5197240564845009,0.5231468671591207,0.48986453887496356
0.9645611768771182,0.48131797634054,0.0013959189609034984,0.007004207057571199,0.00020456139970212263,0.0008770124567738108,0.0027985165022194522,0.012089166042650815,2.179819489510262e-05,4.618428993733495e-05,2.711002138551281e-05,1.2808614253375815e-05,0.007096446390086699,0.0016489104529842534,0.0005148371035677592,0.00012358651383947115,0.004111745017457001,0.0008194709524542273,0.2927676496395517,0.650315666246505,0.5222356086564228,0.25211256592461256
0.00013105814131305553,0.0011761731280833122,6.370126032370094e-05,0.4583971078343697,0.0011056203050720571,0.0011693092254686651,0.9155124566099256,0.00036334587858476684,0.0002110655195792387,0.0011889068049966516,0.0007370565371712121,0.000130983473661574,0.0002252544815573021,0.7054153889425518,0.0016239172627089556,0.001580247593621303,0.9983539001951813,0.03423091927166515,0.9288303663108981,0.500556574476211,0.5469855273208737,0.3428699044083541
0.00024674857475431313,0.0030561595114868825,0.9502511631918712,0.000307074231205712,0.0002195348853869218,0.0003446130374585531,0.0024045333403030196,0.46934745682511986,0.00010237715751180454,3.248196462663505e-05,1.937037403214632e-05,6.110402179512699e-05,0.28979716535506206,0.001602417539348431,0.00022880809001919893,0.0001624157597929039,0.00020556715112950106,0.9978392263184563,0.9510628190847319,0.5801447914508664,0.4764768826681984,0.2539022828864832
0.5711866981533507,0.0029760288609187867,0.0036421578810492436,0.00016469622132007973,0.553150297203484,0.002420586856755928,0.0025439397511136884,0.59560260545932,0.000842686839598112,0.0011097064762555086,0.0007029508497238186,0.0005338057880906526,0.40383149836058574,0.002008095203676099,0.0019036806458515225,0.49655335611533435,0.00018219429812606474,0.0040291443341048516,0.0032922964264029747,0.5578278120271342,0.5067345478387072,0.459945478602251
9.207630607943307e-05,8.482840686510333e-05,3.8727457746648796e-05,1.2586875034918056e-07,0.00106222950118367,1.4683096096046987e-06,5.280489872284556e-07,0.9216604053938933,0.4572812578807464,1.4371274646397432e-05,8.890848535148397e-06,0.29341949669719164,0.9991771203390615,0.0002832259974359097,0.000784640172291684,0.9274825223180161,0.0005966488029739755,0.18636733307626563,0.48890313283326414,0.47402741259221326,0.3330660756109021,0.4776760977185498
8.713705192984278e-05,0.008021606490272701,0.0005475854520513768,0.00028225068954967686,0.5778935959216251,0.00163472571416162,0.5671278361306985,0.5807726292541896,0.000641610252410923,1.89306129141863e-05,1.1961580112080771e-05,0.0004058272715697631,0.39111283135600594,0.4860161504730476,0.0017496576698223416,0.9913883431875239,0.022337783048409665,0.043388187346542456,0.9930330824875996,0.49360470493974035,0.5473252996277057,0.42757503079682346
0.0038659947198168513,0.8794835194965455,0.002825314505172985,0.44013431558550914,8.716386087077037e-06,0.0003181611377024797,0.00024053679906666718,0.0002007476128495671,0.0007763315422998917,0.0006342063389786644,0.00040097803313730293,0.0004913414021894985,0.0001269230740256357,0.00015264334365257086,0.00020115801840570307,5.671656397286142e-06,0.29055596689181223,0.0019900045792316384,0.9972419864053356,0.4344853850745089,0.48966140510505396,0.5500976826783815
0.008068059664695853,0.5897257867489515,0.0009823912713374685,0.002149542022087546,0.0044190995903665275,0.0005433703948602833,0.00047376868086160376,0.5660587418631468,0.5917755189556364,0.00016617487632674272,0.00010478845546174739,0.39920472269585594,0.48692292027404416,0.0005132678686553178,0.0005864995954042744,0.004909001688269122,0.0023393883755667127,0.0010604065632410192,0.9911790287246207,0.5972990775023264,0.4973946294617043,0.5092684535647316
0.5786224006489096,0.0029705323763714615,0.003986761441681449,0.0014110765400287997,0.5821649950481732,0.00034825503090568064,0.011453030496200329,0.003198948204828803,0.5860309978551446,0.0002790342813305027,0.00017362722157430072,0.3887405612058973,0.0024295910117139996,0.008731085587091902,0.0002645247601952411,0.5070149088181743,0.0015454116917553835,0.004330593725525965,0.00331611663040115,0.3489546000409924,0.5153103119584466,0.5074229476347469
0.9030851174612562,0.0010669581570972534,0.4543216969759127,0.0014138218501690274,0.0012227391877064474,0.0019249847093164756,0.0016801032006764055,0.0001342446155038163,0.0002471297539680942,0.007178777359088293,0.004466712774291698,0.00015392732980352216,8.352982242575352e-05,0.0010492693385243822,0.0011977683017339769,0.0008477444085036811,0.0008869760437559785,0.2957650524678336,0.00078842758367903,0.5038240658153161,0.5101214859415534,0.348180911359381
4.4665549685379544e-05,3.8598257134567555e-07,0.45675264440667446,0.0002728539203853191,0.0017538255625184809,4.574624739742817e-05,0.0015338165683868562,4.8927563859621654e-05,0.0001777477700530806,0.9146379423902525,0.7051448101098544,0.00024774075519390636,6.819411715724782e-05,0.0021378024061207146,6.376043103133617e-05,0.002444461684639909,0.0003803025145429255,0.9999377430343578,0.005501287278924545,0.6296096773691144,0.47371094207292513,0.430314346066535
0.5825867025001438,0.004495783820809823,0.0008403595566390484,0.5810054424855993,0.0028343494410718877,0.0014070095152792872,0.00011471403958674385,0.0020695830952039197,0.00019552910478413862,0.5877634298828748,0.39172774292577905,0.00014985699070614228,0.0015845388592929807,8.81543279239688e-05,0.0010772541323666692,0.0022333616445216475,0.4976776519985375,0.0009066214629256802,0.00498460391839288,0.43065069068205475,0.39704792525601973,0.4466035032538831
0.5908854814430055,0.004889384979623956,0.004007297128744224,0.007279632241417161,0.004210291437858669,0.6005707707620408,0.5929105171191463,0.0006543760285219605,0.0005505410498867565,0.000322377935088095,0.00019811521499726395,0.0003433747253868945,0.0004051543762885186,0.38958412344058646,0.5010567606342822,0.0049895259868464195,0.007885172216177266,0.0043958691968661616,0.005624173925715264,0.5917228122559725,0.583963792871066,0.3569604051474142
0.007934361246595217,0.8513059219153856,0.43633501780770206,0.00018680734582017592,0.0011497491309174002,0.00068721800746403,0.00019222281035138818,0.0002244097795959974,0.000868386425555402,2.4228738013447876e-05,1.5341555655753005e-05,0.0005504244435230177,0.0001420955741700396,0.00012216585687589658,0.00043514435311065654,0.0008111982905058253,0.00011926247705139358,0.2885578816179539,0.9943397998564528,0.4670220989805587,0.4614306407734249,0.553206815527593
0.5922291735275533,0.6062493539773404,0.5774289600579503,0.0001686376327746795,0.0018581259791559397,0.0032048670634011256,6.563146357830732e-05,0.00014990971440168767,0.00732072512227343,5.541677689137849e-05,3.431447029861312e-05,0.004537742421803437,9.282754128006859e-05,4.079108941832657e-05,0.001984530591355365,0.0011841529790789025,0.0001044249882975871,0.379669084460573,0.5050754499966669,0.5096367181588183,0.33266831631967547,0.5052823227332819
1.1106147117840689e-07,2.1729810712126326e-06,4.0204662657327716e-08,2.300655344762813e-06,1.9131551211879676e-07,0.00021271658994209306,4.021598617877867e-06,0.6020830967661681,0.6023913467429537,0.6022780006578711,0.38928930021618996,0.5041768836220879,0.9997755048335518,0.01207753747234766,0.990042727789758,0.04081461976755185,0.4986574869500554,0.011075094109451511,0.9695479043195523,0.6258734696167091,0.34156390267593206,0.4097150403062643
0.9199960516378879,0.00022108772472726243,0.0005364802237082109,0.0003981555037867731,0.0006297122926534819,0.00010818769793735007,0.00012380373280775292,1.9488676053295635e-05,0.46495297884741127,4.025466708570486e-05,2.460363264723856e-05,0.294905663633669,1.331469318954369e-05,8.48962893530052e-05,7.391400099392804e-05,0.00044276599710266445,0.0002742662111633702,0.00036652425537814833,0.00015104754995917463,0.32182091891009457,0.4837973557387321,0.40212011050105706
8.406223274368314e-06,8.512293524462771e-06,0.0005090185223313884,1.3139619944407081e-07,0.5702890914525769,0.5873393583218638,0.0003330865799943382,0.5900439873546569,4.811733329243721e-05,9.186766261172143e-05,5.74154910634687e-05,3.0103292211196083e-05,0.3933138235616722,0.00025632711283888335,0.5002276902930146,0.9994477232298798,0.00016564507012324843,0.9849451346116609,0.4999271267377938,0.6306986574234468,0.4687600640057129,0.5237794771981819
0.5829448094611178,0.005185529226216659,0.5860759724900638,0.58845568007984,0.004391120060022552,0.0003549153848338149,0.00020779027307357614,1.616228039633307e-05,0.0006612686173016378,0.00031433471991551413,0.00019672373436301264,0.00041427467828142854,1.0115029388998526e-05,0.0001305256516089333,0.00022212086467776572,0.002828293718792634,0.3927225115529869,0.49932069769189513,0.005620799712271605,0.5533839376757594,0.5857436311321007,0.4162137441461583
0.007090987275318559,0.00013349514724316273,9.165367973603493e-06,4.8719739811190356e-05,2.2580045831762414e-05,6.733171574325794e-06,0.5905749499929549,0.5787303395091231,6.873374882936258e-05,0.5807766152415076,0.38425152833818627,6.49585199081152e-05,0.49275695888818516,0.9917493341369699,0.0005490331062211803,0.0020515847426067872,0.004045839449797851,0.0007886605051536207,0.015008397751337665,0.5920576474675534,0.5237030578175769,0.3808784156549395
0.001472297390886976,0.45403266686612015,0.005932019416109394,0.0013863295819501148,0.002088826656011183,0.0005696228332474875,2.3210118558745405e-05,0.008263647219823297,0.00020678764519409346,0.9158318686691906,0.6914877351491642,0.0002733062195283409,0.010911186009875895,3.076282530417862e-05,0.0007521945981562434,0.0028387691976974327,0.0018458018243135233,0.007904281014889263,0.9980306451675195,0.6069120599813485,0.4805398116183512,0.34769461329019175
0.8944346060833662,0.00634427447286881,0.00287454741780288,0.004143593526168756,0.014950385365320881,0.0004128005730515446,0.4489116839893073,0.00019289857046864077,0.0010240633283376687,7.303866830809471e-05,4.614510322839668e-05,0.0006476579359343542,0.00012187145972644285,0.2951268819529638,0.00029157787000079396,0.010868534879072633,0.0029272260903215547,0.0020307309867290194,0.004481980296799248,0.4361852860784172,0.4896330757638612,0.5588619574801841
3.777158041975649e-08,4.4909806263675556e-07,0.00025415158185203475,1.9333629440004746e-06,2.965747752984841e-07,4.3403755154753755e-07,0.0005227825856896145,0.8956869777248445,0.0001234801891268689,0.4479048828227859,0.29520208713321927,8.785512072560182e-05,0.9995856023995174,0.712841124561311,0.0010871773117014094,0.0007645238417956389,0.004882723040492245,0.9988399557126206,0.9473500677701046,0.4735356060844713,0.4786929083715322,0.4832141980831161
0.016852965371154164,0.6020998367461224,0.6147608840911959,0.0008227390732754665,4.182701799364469e-05,0.0006405488347243374,0.6074650680817725,0.003978427324226859,1.3435466228694294e-05,3.645384776952791e-06,2.200243824407357e-06,8.109240425189324e-06,0.002401263911407603,0.392385220024871,0.00047380340856311375,3.093876108730022e-05,0.0006085667289485804,0.5064971001481091,0.9820522820614939,0.7009772121226935,0.6193646378404569,0.5108583191528582
0.5807853937353993,0.018045165280992773,0.004138682839741592,0.0028690391835600676,0.008232138159725361,0.0007900317091403024,7.888745904302724e-05,0.003322319511868211,0.608578122129545,0.5919094253390078,0.3891846694771381,0.5123021312187421,0.0036124049741053663,8.609418241744865e-05,0.0008590221345423643,0.009212364739356613,0.003119922356854202,0.004500663542507609,0.0196268815229238,0.6223910522088731,0.37320980824103206,0.48506372813059956
0.006485787109761496,0.5975033163437391,0.0006462434980346575,0.015777686401572708,0.0022814252336019578,0.001513385642618597,0.5765363153590316,0.0014845168669713924,0.5985971449628482,4.473513365699883e-05,2.7776666113491805e-05,0.39736308265189174,0.0011359463596637915,0.48967488304551043,0.0016117867107577522,0.0025006301773173338,0.016805676583200944,0.0006885093647967817,0.9930381998189168,0.5002208944005301,0.3747410210038881,0.40199533827068534
0.5820871797990301,0.0030642381852447474,0.0032018097347446483,0.0016849237398798857,0.5622407019173835,0.5884596209446656,0.0036963076693289723,0.0010981823249832459,0.0012855907820442326,5.4986083648959706e-05,3.457474332908161e-05,0.0008083678697212797,0.0006905276314963088,0.0023328241833071306,0.3948548133141854,0.4957248428232367,0.001829036481068635,0.00347568965768547,0.003326398547815701,0.6080696947452686,0.4804427637430876,0.480269317399876
1.3454191874265121e-06,5.462574029526594e-05,0.0011977265601932452,2.908863945738706e-06,8.20866241823905e-07,0.9547045431422445,0.00010359842546266543,9.290443545284515e-06,0.47644582559329307,6.777629528147822e-05,4.0430537211875906e-05,0.2949446063938091,6.195084540128767e-06,6.933780440063794e-05,0.9992004944865454,0.0004485648287190435,0.0015445198990812203,0.9709763247403008,0.9842061624863753,0.5799905930739594,0.27338804787326965,0.4027633370876663
6.561865896158237e-05,0.0011185668360680198,0.5793840660126984,0.5751403426507065,0.0012719586488547684,0.00140239660779155,0.00031098083270261116,0.0004773484669636309,0.00014079350477144877,0.5795538064174299,0.3856471668685219,0.00010871919235140159,0.00036590944571815833,0.00023748565641698572,0.0010670105099534592,0.001078341656151224,0.49365362333407947,0.9987092913363722,0.9650562051433499,0.6183319150403043,0.5618579405477794,0.5027395597852877
0.4533794504697825,0.000548223421158835,0.003416322386215639,0.0003226664344050654,2.8109185332737427e-06,0.920342759432608,0.0008144697460650776,0.00011923495407911492,3.286192523102372e-05,0.00032493836225731224,0.00020133270684524803,2.036134033128116e-05,7.387830958164874e-05,0.0005065175606473737,0.7067100822527279,4.031817162700993e-06,0.000449700297719643,0.004761374624199387,0.0007640808126156245,0.5264070455732764,0.4317034122693536,0.3513304061500159
0.0005871943120903841,0.6022704294980787,0.0012001017966773355,0.5803354184394188,0.0012180793988415828,0.0005668446685804765,0.00031877676497765224,7.918003248792001e-05,0.6008301144879643,0.00021146096068809137,0.00013033455017715697,0.39569434805648873,6.0030017912807284e-05,0.00024257475937095366,0.00042975103311922993,0.000950411997166366,0.49080813530007356,0.0012685450115240415,0.9993713406521147,0.32784114532816266,0.49535393814864287,0.443238334519231
0.001455736984412282,4.816769621821372e-06,4.8936887736563513e-05,0.5778731725719456,0.0013340430983617242,0.00908139691138841,0.564407489425525,0.5806588420823839,0.0018715257390516237,0.0011429276512678764,0.0007254390034624443,0.0012056034338092433,0.3940466840884727,0.48783064855673236,0.009822985043356844,0.0016079796419025683,0.9984041001539047,0.021502667078554607,0.0022490042655694716,0.5354603678593338,0.47933788314698667,0.5361800010034163
0.6180376714861096,0.6022299147553972,0.006019366687007516,0.0008580495613989623,0.6070437864899094,0.014217090396128793,0.009494537248852174,0.0026506499090529767,0.005433868036311162,1.3879037490222988e-05,8.271516174692198e-06,0.003238446558990332,0.0015797348909545382,0.005679608959883449,0.008473709342803143,0.39776420354649344,0.0006305785958822742,0.0044236554051559785,0.48938246750892866,0.6946116670221889,0.33965603753954227,0.43202589931795793
0.0035644432110779043,0.9240897140791308,0.0006423309187509738,0.0024079357427442996,0.0032561215083448053,0.46166899742812634,0.00019507927011123185,0.0001617738383358742,0.00026879708780597466,0.0011375222624220324,0.0007010276510206557,0.000165823473805061,9.969737541065604e-05,0.00012066816397050275,0.29495553227944915,0.002308570006293139,0.0016588476924237483,0.00044250834471605517,0.9975260445501578,0.4816456857855564,0.3610305205154241,0.3844073821991332
0.002883939070252355,0.5691674113445414,0.0017358525824885532,0.001006719749851854,0.0021017693858480283,0.0003686092905256639,0.0064010489502176965,1.2046498590145048e-05,0.581955782574487,0.5852799288332656,0.39260449203201997,0.4986800636871466,1.311004095516488e-05,0.006992125832326335,0.00040117671267076945,0.002354175136913566,0.001104719203097921,0.0018892376694972235,0.9968208720045153,0.5852531727862885,0.5683428779464468,0.493099681780549
0.0007091878137320376,2.3335816983944447e-05,0.00012815078401361344,0.8991788150200605,0.007853572591838694,0.001301586651046217,2.1542954746833836e-05,0.0015112296783217532,0.44940622056373347,6.993452681160608e-05,4.382697905671154e-05,0.29255386910095027,0.0010566927802255766,1.5119243983126524e-05,0.0009101058354672041,0.0061189652795643375,0.9994893527656539,0.11332221546190578,0.021949919514083066,0.5981832433014936,0.5571008482148306,0.5543235446603936
2.8359427447322212e-08,7.1495230667756005e-06,1.824143594405105e-07,0.0002796165765491298,1.0667272519437805e-07,0.48968950107433606,0.0005300371343746529,0.981436236514695,0.00010786557443077223,3.117238577696162e-05,1.8061529820996045e-05,6.25390781874939e-05,0.7059221409625309,0.0006916263392706416,0.9996296604453669,0.00026563031518209526,0.9828112357555459,0.015374485767787827,0.997621529316105,0.5696186892946294,0.5761710495939513,0.20319539503085504
0.0011938060167458167,0.005076944390127226,0.5877647012230879,0.0006701192857531857,0.0011815088462400671,0.003694462999491081,0.5849282172972526,7.461576616620561e-06,0.5827895141929649,4.04407920782746e-05,2.5271488320590286e-05,0.3888617973372933,5.691992376958329e-06,0.4967583640922518,0.003965542890252273,0.001413120549831753,0.0007252385141177113,0.9940702552170321,0.8595189035453152,0.4927817243257906,0.49776008282066125,0.36326664503146544
0.9114313133413312,0.0011074417946331115,0.0023482604828790896,0.4589322427273974,0.0008707456379694404,0.0026727118645598533,0.00032623420831380935,8.195602609430164e-06,0.0005894823016763482,5.613114966754104e-06,3.480983403031303e-06,0.0003659441723792742,5.082518627196639e-06,0.00020306437268398565,0.0016574893296302522,0.0005557432096263961,0.2950596603070972,0.0016280390238502362,0.0007677865547326966,0.622551112652886,0.41841618479149784,0.43014275667434737
0.4500943582144664,0.004001686583861331,0.004467491003753518,0.0032013288658580144,0.00018386669365944093,0.0005074163567918559,0.0021135399585809527,0.9109280925162934,9.986047900600699e-05,0.00013969396709278718,8.739557664491177e-05,6.25390781874939e-05,0.7059221409625309,0.002977861548473529,0.0007122879851157449,0.00026563031518209526,0.004493919332249539,0.006271521373468203,0.005617873778804627,0.38747391193652514,0.431939565739423,0.4831152344134293
0.455420581341856,0.0007424861872743393,0.002007864680917388,0.0002714251476549197,0.0006809464916162692,0.00026444276283165894,0.0001463448416198019,6.781371420629035e-05,0.0001525505719037627,0.9187695667870751,0.7051388133433876,0.00021187783987867073,9.40899461464599e-05,0.00020380238356460304,0.00036690820490331566,0.0009723489792725599,0.0003765966049576741,0.0027858786488963345,0.0010301941870873412,0.6243205086806133,0.4185887940899406,0.43010367462741117
0.5555840771822597,0.5764968005556184,5.2372054550927116e-05,0.0003328806635061768,0.0012846313207984484,0.014767499575733334,0.0014986552078204457,0.5752342611439365,0.0001981362619970287,6.607930264236313e-05,4.1603776884166666e-05,0.0001248755178316907,0.38525767067373634,0.0011515607846298349,0.011306007489893216,0.0010960026775482068,0.00025698502619917775,4.046203657951953e-05,0.5267282462767106,0.4610598015525498,0.42038706447948704,0.5573497259327419
0.003049082263905083,3.213803433099768e-05,6.880138518047681e-05,3.8911221796273426e-05,0.9015458377841972,0.4557460408026632,0.000290300869053623,1.5819623817454604e-05,0.00012602434397426297,1.4713427567465867e-05,9.27230500396403e-06,7.941971053375307e-05,9.969422662980282e-06,0.0001836235332910431,0.29796892880369263,0.9978299806033601,0.008061087004511552,0.014255269369947657,0.006660058948226431,0.5049165384006432,0.5849170484453443,0.445572280220425
9.604830292696847e-06,1.0028389986971086e-05,0.00020633621938786706,0.5801674047474046,0.0043553023409161565,0.5826163320063439,0.0006077192689498872,0.5843260317632218,0.0014714135095598058,5.7807969601065694e-05,3.6483926282914516e-05,0.0009295971282903825,0.3933333493827806,0.0004722781027234321,0.5013312568865071,0.004918352587391766,0.9997730707252563,0.9570683476026876,0.5113618590081948,0.5856727624067173,0.47552630579973665,0.5277684024342093
0.007126843551657525,0.008212326076897331,0.5521441107668017,0.0003214478647406208,0.0017377778607856845,0.002997370277569863,0.0002691760832045903,0.0003565228608689175,0.589072404416102,0.5697520008891924,0.3793511275739797,0.525803299798977,0.00039965709823877593,0.00030198724990745067,0.003350336512560226,0.002164372815724555,0.0003659187545990246,0.9872069025529184,0.5655027810916766,0.4126571223356642,0.46683963215115065,0.4197636432024165
0.0014369640054699062,0.590144040945293,2.944863378829935e-05,0.0008448499799458203,0.5579965174113815,0.0002515579838421976,0.5772814873783846,0.00012320102234434773,4.847835454353469e-05,0.0002991824776731448,0.00018916613130540868,3.0683234333528375e-05,7.789714732672325e-05,0.39035985058683204,0.00019448459439790175,0.4913193879301191,0.0009189051880997348,3.1767711285458195e-05,0.9984299546307537,0.5074229917721544,0.48871151192682927,0.41823013048955
0.0038026595394417316,1.6107317546216105e-05,0.0002493448354118575,0.5820154504944378,6.548792527669401e-05,0.0015331494457583184,0.5770173090676477,0.00016342186881414364,0.5829363732180831,0.00010599518074740155,6.701135479810768e-05,0.3930354374603882,0.00012670752350515434,0.4984238358869362,0.001676948183842987,7.371919966965047e-05,0.9958006232700555,0.04137526205858463,0.002676559896912678,0.5012111675370025,0.5683375163525362,0.4520254073926645
4.7829217967436715e-05,0.005632176479402267,0.000498857898905582,3.694935565057129e-05,0.9006583828414234,0.0012265319810937218,0.45802874603138427,0.004834507904652258,2.6242990625954877e-05,0.000204174067732343,0.0001285375117296927,1.6521239935544157e-05,0.0030435696328879047,0.30045321701402883,0.0008669420664380186,0.9960031990144396,0.004159986110202282,0.056238412189812126,0.9945534320484066,0.4670139583573265,0.39963622178988506,0.49156988243597044
0.005597930502447858,0.0013359708593617666,1.9409999362971873e-05,0.0011589316345946726,0.5593874631878526,9.28208342019446e-05,0.004061841831026608,0.5665413992227311,0.0006256778623298887,0.5900789250409716,0.40165695456188477,0.0004931249151647821,0.4948710789455154,0.004507992337233641,0.00010263766142956947,0.9934641277153816,0.12563948912377115,0.002131988594741439,0.14807474029596118,0.49544939283672335,0.4888499899067933,0.48669304527097607
0.5732322928091712,0.008859476553042114,0.5817540535564177,0.00036865789261963266,0.00041065652533511625,0.005363310340422065,0.007712427734639164,0.00011611547572119087,0.5723900549289946,5.5428536851590294e-05,3.431447029861312e-05,0.3967655823661204,8.919126286740634e-05,0.005901944956845727,0.004089274481538955,0.0003488855548540162,0.0002862611889208874,0.5103984424330339,0.010504058404528449,0.5174348686224077,0.33266831631967547,0.5059136689999986
0.5794665794122114,0.0025450070034631267,0.0011230663947801851,0.0023097484948326704,0.0003435608194521574,0.0018941864523133144,0.5856684137290363,0.00514283808464781,0.0001953231323530247,0.5856487275688534,0.39172774292577905,0.00015023967409608688,0.003951760129312315,0.5021859495206814,0.002065514028291703,0.00038556164496723313,0.002518679179430038,0.0012246616699622265,0.0027752466442805164,0.6185939605354864,0.5089632688045241,0.4787585651683691
0.00035932176310100265,7.040214461558065e-05,1.4783784413234285e-06,1.0268723881629962e-05,1.4957782002778406e-07,0.6342097184531406,0.0005861481283356109,0.6342952627981069,0.00010959722562946532,0.6277130580006017,0.38872158911666255,7.786609526195835e-05,0.5000427409998992,0.0005905552787131855,0.9996296604453669,0.00026563031518209526,0.017721472615808698,0.0025520096523124246,0.12228091627938598,0.5268784104298835,0.5761710495939513,0.20289603570700127
0.5876446974055813,0.0014567529826896354,0.0015348291605016126,5.789318215809723e-05,3.7397392321758855e-05,0.007901903175207413,0.0002576318458927526,0.5949753877077767,0.5964337306458605,0.005542071158553132,0.0034173569831774725,0.39326793485477934,0.49985182428842156,0.00027655699957036773,0.008451298784181271,4.457009058316018e-05,6.24331604903083e-05,0.0016564460071356796,0.0016542968624675236,0.5693985276279379,0.33427637076438727,0.5125486591244804
6.72879551177267e-07,0.00016292075763576247,1.4417282725759472e-05,0.9118656177908467,0.000217993849060915,0.004216798677176863,0.004334742750276334,0.4575086140617937,0.0015522883890679929,1.3444338058963871e-05,8.33427558967107e-06,0.0009632677788028563,0.29394841801950355,0.0030125918051608722,0.0029198359519084847,0.00015534815341511612,0.9998798020205848,0.05341388456104887,0.9974917225218216,0.5746897841528233,0.6170910097444999,0.41243982000687995
4.068252591524405e-05,0.0033408762665208236,8.218108148200642e-06,0.6222359808055942,0.0026319856443788228,8.677854291805956e-05,0.0006674644871037771,0.6226594476278233,0.6180199084405901,0.000568978406381546,0.00033507986107012824,0.3885870252238469,0.4962539615486339,0.0006769440936078052,8.768615305948524e-05,0.0029633891158963458,0.9964155308377413,0.0014881704349344882,0.9926048855376809,0.5368986028401983,0.44393053474458216,0.2234146520751246
0.5851977974095995,0.0010486952116598807,0.0003429034946696252,0.002704720313937432,0.5888995342291876,0.011843730492124805,0.5922527037919888,4.326589081884131e-05,0.0013701733202237578,0.00034052808845755133,0.0002117722828480551,0.0008521024817018702,2.6906811293632687e-05,0.39443986143732085,0.009047559667823625,0.49963120394151533,0.0029205162131819467,0.00037026464158606415,0.00113237400974336,0.5373638464589423,0.4782331168662796,0.3523195313631122
0.005629706286986689,0.5822623670723717,0.0005946464230519023,0.5910000903389053,0.0037032800225744243,0.0033408293085997807,0.012669281148919867,0.5964749854134833,0.00042710706142574787,0.0005484008277037683,0.00033764614516502197,0.0002632367528034563,0.3914500227616722,0.00958522715174387,0.0025184453635755245,0.002873106733226133,0.49865131110967803,0.000632616771977374,0.9939337620743115,0.5883532844613594,0.6444963469798985,0.572833823964441
0.5691486115003274,0.5733056593918557,0.00779508532347874,0.0010421168525214886,0.0005555139633412438,0.5934804150587448,0.0002472516788445525,0.00011213068891017001,0.003341825861450533,2.847263360095339e-05,1.803837419200289e-05,0.0021193388337029514,7.103896907530638e-05,0.00015722353489065782,0.4022231164113049,0.0004488473677853168,0.0008181578321543774,0.006119958463771064,0.4999444244292411,0.5025316460938395,0.4358216884558441,0.5273105983343587
0.0022554894660591633,0.00013914481011843954,4.545813734464621e-05,0.6189764069475404,0.00037106442710137065,0.6161922487317157,0.6115184702810254,0.0025890649990643467,4.0556472812545446e-05,0.0023013793893586483,0.001372453336916546,2.4186343611427494e-05,0.0015440217745471409,0.38997435266957775,0.49856280163384314,0.0003927675290632718,0.9976580345321775,0.012709960237046097,0.0389339112333999,0.38371467391936814,0.33150399598604846,0.6599834484604444
0.007524479826384588,0.5899044259351056,0.00110253387144062,0.0018550895655427052,0.00025833317049993554,0.001123932683043422,0.001893197268724581,0.5872930533905385,3.419554659437746e-05,0.5821495999372145,0.38851113720779085,2.6178170170556512e-05,0.49855711958193094,0.0020504981492012876,0.0012128286182141032,0.00028689506064726315,0.002001821289222288,0.0011897454311219913,0.9918193573987453,0.5882871471793745,0.5589644874544346,0.4326470514453732
9.164609494164963e-05,0.0014622541654315932,3.3652885300301572e-06,4.603757050999918e-05,0.5621271692908131,0.001263802374441976,0.5764473214770842,7.229348778814924e-05,0.5809555356432845,0.0003082965947428434,0.00019552125920149175,0.3933798558965088,5.624984150378741e-05,0.500033376675453,0.0013907190610231923,0.9983868908527356,0.019996849598626742,0.0014622267861201244,0.9598550057342281,0.5008249122300245,0.5571008482148306,0.4764083587809866
0.0009280418596254502,2.5063188597165195e-05,3.279204952859082e-06,1.0,0.0001480487379218046,1.649580709248911e-05,0.00018857264274632263,7.544949184600902e-06,1.857031680562246e-05,1.3347162281923041e-06,8.427489706223549e-07,1.173747359895942e-05,4.763932606465651e-06,0.0001195072137364219,1.0415565797034158e-05,9.620490831988959e-05,0.9994062718268628,0.002220093538487157,0.017440332840297765,0.4365318785000577,0.551655198085921,0.4605084833957276
3.6461797523916496e-06,2.3765979577438307e-08,0.001569460684958569,0.6471404082453572,0.6436411593993858,0.0005166153291592716,0.0002283995170327416,0.6554818909749867,3.461668411136687e-05,0.0002687932858477716,0.00015228051024974895,1.9611525653926e-05,0.39649287203013583,0.00015930713614634986,0.0003603357649754003,0.49827322151709064,0.9984560530777973,0.9985209726640307,0.004149460333075759,0.7421084194391293,0.4350581887815048,0.7467306388134753
0.0035593011983557064,8.486718687424229e-05,0.45737584611931786,0.00032157632752095324,0.00013208017169903387,3.476082789011559e-05,0.0012558850241855212,0.000566604138317727,0.9124976810737098,0.0022011273680937237,0.0013717137535308875,0.7044568126279578,0.0007886263523487226,0.0017544796600085298,4.838196759077368e-05,0.00018919700976784744,0.0004475870800334969,0.9950074697810791,0.015063911282475473,0.6120916035319498,0.5891367430314411,0.467657752847345
3.6250660206298255e-06,0.003698425704286944,0.00013333765942198574,0.5908572464269601,0.0031735247908128796,0.5975888502811513,5.486868686522182e-05,7.924416629114832e-05,0.6019346484875651,0.00021162506804519207,0.00013033013412377934,0.39569434805648873,6.0030017912807284e-05,4.171880708608942e-05,0.5035948013796546,0.0035189227373497167,0.9960125885693856,0.022941815485907846,0.9993713406521147,0.32784114532816266,0.4963040195873346,0.4362315090969329
0.000339888329868877,1.1872281472128435e-06,2.7275165200564864e-06,0.0003744006666220638,1.2568409492286375e-05,0.5908996003175829,0.00011868807876768602,0.5889205629096614,0.5888107814526021,9.851409680370116e-07,6.140133945361088e-07,0.39152272697510476,0.49893200564671114,0.00012834516108537017,0.9994493606323528,0.01744611763393073,0.5292827079214681,0.005089246471412512,0.0023309841458123504,0.5173239902212977,0.4651351686914031,0.6410518406344218
0.5754999759606921,0.004003207991366517,0.5736465177633949,0.0003908900039446347,0.002686136102402809,0.005229469427591597,0.5821213159022833,0.00017524143456364678,0.0012699723870138006,0.0011780214548061981,0.0007474601311051599,0.0008058040137450855,0.00011119165181884164,0.39572369524072126,0.004081631237090388,0.0020965773340324116,0.00030509776323113584,0.4965936194257079,0.004395413046694496,0.48899870372019494,0.48378149896626765,0.5543103119339515
0.010906874371109706,0.00016856900591605395,0.5699283242661327,0.0002595644099707603,0.000289134780058078,0.5707227601191706,0.00011390881604063193,0.00010516766608549415,0.5616523699341909,0.0006794754505431436,0.00042868873691979747,0.3967655823661204,8.232636247403542e-05,8.883408805611588e-05,0.4905778541639304,0.0003488855548540162,0.0002862611889208874,0.9880345811544559,0.010504058404528449,0.5864261601714216,0.4967314645622141,0.46040330979281374
0.0029486143383068743,0.5830360839631376,0.0022301268419437554,0.5820442200527676,0.004834185985351699,0.00141585092071203,0.0023098022012511795,0.00010895811135187926,0.00019489147819515265,0.5917268444569703,0.3911491128376065,0.00014808191207641244,8.270327617685173e-05,0.0017597243139055164,0.0010746883539486385,0.0037763701036162838,0.4933770305917441,0.002369448115745909,0.9968268945032814,0.6183319150403043,0.5618579405477794,0.40717013974329186
0.0006840908132893403,0.000757091250111563,5.987385000671299e-07,0.00012655072220650406,0.00011904928853168135,0.5805975627634202,0.5816103435838383,0.5782615436893022,0.001901911361964581,4.5760365982395765e-05,2.8954906620486565e-05,0.0012046731689601335,0.389800030933929,0.5017314485244153,0.9988609056597789,0.07525699600478615,0.07829363130250061,0.0003723028258173309,0.5298584915057054,0.49834102227223387,0.4218721843279763,0.49719381200419
1.226300435811972e-05,0.00015586039412206372,0.0017747413817789954,2.0899184604102388e-05,2.5105896718929353e-05,6.014525297049726e-06,0.4479566792495909,6.410803218660703e-05,0.9058174826069296,0.0009115785780689395,0.0005726733506388207,0.7073391009383143,9.077096095843891e-05,0.9974530994934556,0.0021286583202453635,0.009901121640711786,0.007490190352944737,0.9411737712334438,0.9523059230788182,0.5928577687435191,0.44115084516810216,0.464187696471096
