obj_0,obj_1,obj_2,obj_3,obj_4,obj_5,obj_6,obj_7,obj_8,obj_9,var_0,var_1,var_2,var_3,var_4,var_5,var_6,var_7,var_8,var_9,var_10,var_11
0.013079511858118988,0.5825406833078063,0.5526195943258028,0.00864977915638315,0.0011749431034677245,1.2458285981590676e-05,0.001176050396967355,0.01432544772867787,0.0011823065880442842,0.590577385757137,0.3970932071647869,0.0009171033859506771,0.011138629679741283,0.0009174131015631253,9.840118725936526e-06,0.0009115330123977304,0.006710716999828051,0.49843857598777774,0.9855460966380329,0.40216242348200315,0.46733275661687856,0.4781866071775701
0.9041507193031016,0.011413795295851672,0.4343723397122591,0.0008061631044696931,0.0057963058687236155,1.4828851828327026e-05,9.761004727166646e-05,0.0020655434348947196,0.0024450217358776283,0.0004122071197453364,0.00026002978860040216,0.0015423778774921817,0.00130603995801571,6.191391112797193e-05,9.523662141667258e-06,0.003656482605020753,0.0005085573748104072,0.29290725752819813,0.008036117941985443,0.4988967526719154,0.5599796281981084,0.42523198080047314
0.0011436194815048143,0.5738025745816245,0.005897581075215896,0.0019310710491991197,0.0002598632180618044,0.5709159661962837,0.000112658327643792,0.5842432937726226,0.003768441709828582,0.0012608287375741132,0.0007986501839938997,0.0023870611499287042,0.3959919950095651,8.829170662052002e-05,0.5040812603981384,0.0002882933758827477,0.002142342747859488,0.006749832824472057,0.9987190786170932,0.5528053730921179,0.48203944738186427,0.543825380203743
5.353027502577083e-05,0.00444938060669034,0.5750391158114914,0.0013879790775553945,0.0008701644337518387,0.5705977837851278,0.0007453586537675796,0.5621712426164286,0.003957947012410583,0.0008558519721488218,0.0005429735097374794,0.002511025906463472,0.37958601314105367,0.0005714907553586138,0.49332112027551256,0.0009337953925928643,0.0014894777692061932,0.9952248506774517,0.9923412289387331,0.5085383031014472,0.4755540413143328,0.5528183602224336
0.5792164857840915,0.0014548441195687783,0.5536904399116935,0.0019473162720534648,0.002347940091291044,0.5602176140436342,0.00028079766212972247,0.005061240778418693,0.0010282895891874806,0.02428938332852624,0.015353611978794618,0.0006501204091422497,0.003207378862272856,0.00018218469851266769,0.38335275482278236,0.0018013040429050143,0.0014939568803653566,0.5021862478432176,0.0016115261866040222,0.4544962333267423,0.5295878746046132,0.43455684760653196
0.5808641615983554,0.5905124938400753,0.005230992284504332,0.0012502245475931484,0.5975560472761456,0.0034596371419565114,0.0014209519897400212,0.0028341643916690714,0.0008645090757132018,0.00244455873496885,0.001518959190961524,0.0005371753335872823,0.0017651642251764953,0.0008877929907284241,0.0021886016990888047,0.3964331870685407,0.0009563664731930985,0.004190973517063407,0.5022212330222176,0.5104719725360143,0.3436545410873193,0.5007472717039861
0.0014613341611778286,0.56788901250242,0.004432625249458669,0.004270440484525313,0.0010899689690317563,0.003266004325831279,0.5742406450119601,0.00011538131819810419,0.5791983554719464,0.0013332286940592468,0.0008417893358971286,0.38956186062991144,8.920819174737039e-05,0.5062461483535126,0.003663365367959859,0.0012008701215549806,0.004704993717300321,0.005193285154437441,0.9983745162698544,0.5766287687958825,0.4855218967510936,0.45310457683224586
0.0018951364170412851,7.711838036481239e-05,0.5643989726397126,0.5743269741245557,0.006702285049674369,0.007228277170260317,0.5799835303130433,0.010132652746337172,0.008906199983086123,0.0001159492286569143,7.361251873812982e-05,0.005654340641361225,0.006437370299266328,0.39267699810929557,0.005728051071949597,0.005188631606594496,0.4956407178964288,0.9979429140684707,0.02610243707225411,0.5382812269797618,0.5110140093063698,0.5342292578276512
8.847361585331707e-06,4.5292674350433714e-07,8.40746709035213e-06,0.9010294475437062,0.0012916152917980858,0.4385137187669596,0.005592308572902962,7.1592869065754606e-06,0.000831393037584169,0.00011748519862841034,7.437793696956035e-05,0.00052634124974492,4.543011172927032e-06,0.003559904948120819,0.29286353718760916,0.0009125864554043411,0.9999911323598959,0.49506086853371545,0.032255113990190765,0.5079014085243956,0.4626555844497412,0.4357442056290268
0.5769592955728459,0.0033542123061404082,0.0011487675423645228,0.011239457858974225,0.0004976545537817148,0.5718154336269644,0.5819853445174187,6.693116153804173e-06,0.00015730820672013528,0.0038918348168896053,0.002453658881367076,9.917753694377719e-05,4.229638188004792e-06,0.39352960156311134,0.5003062145519312,0.0005447327066103892,0.012303480184921722,0.001317225727161921,0.0036722358992064275,0.46963201481392924,0.5918656484843706,0.5201505102217953
0.011834027008174127,0.5932948939146601,0.007341037056340921,0.5653231997503991,0.0026573732392812686,0.5749661649351936,0.0033252495859759095,0.00012651044053493517,0.0013874365010981269,0.00011117730815092077,7.069327120817268e-05,0.0008822165087776731,8.044308393655945e-05,0.002114401180123988,0.3894391476592105,0.0020640329487560866,0.48454596561277424,0.007875142113473956,0.987303486375479,0.478036235786429,0.47390599368294706,0.49446755974199696
0.890970145855585,0.001784110056457733,0.0027954819439879167,0.4489215960195979,0.0019183824400597614,0.0007058656317008169,0.001997509824856891,0.002060586170338211,0.0037793028320426995,0.0008841551212221029,0.0005599061450597746,0.0023933135249040163,0.0013079584538873406,0.0012719322135130526,0.0004550932885817959,0.0012148629754092557,0.29470444880791324,0.002072232306888642,0.0012627406347073,0.5524430147942714,0.48049540908301197,0.4534807050907065
0.009152237343262306,0.00016272594086821546,0.5637353519749375,0.5883379312219182,0.5813883438911412,0.003993455393934365,0.0002538532424282201,0.0003857235358702756,0.004390811425569889,6.427456546801271e-05,4.0261914998700925e-05,0.002750435188485048,0.00024218564440665972,0.00015989171910063505,0.0025468067899098116,0.3877187588471017,0.49883268489043864,0.9900368459397743,0.011210909766239563,0.5306676758212059,0.37608406854791204,0.4966582722798198
0.5860600001689352,0.009261788215947437,0.5656936294653915,0.00040123685937071274,0.6055532715675593,2.9259015074131036e-05,0.00730716461991096,3.6221839213447596e-06,0.004764367209745417,0.001985849465138648,0.0012233539447983033,0.0029350337701541758,2.2366311332984792e-06,0.004526342279325742,1.835136013515465e-05,0.39859263695852304,0.00030504871538719613,0.5004042896213644,0.010110314670607662,0.5070089602170269,0.327301902900711,0.5595048693402955
0.5879206985487804,0.5990019295312258,0.0017961079394974446,0.5484555668024077,7.971319911827837e-05,0.0021265142525897693,0.002258878289033016,0.0018492531390402224,0.0008806233804543172,6.862603518762497e-05,4.3206358510169095e-05,0.000554432938643639,0.0011669935194678958,0.0014594433560493891,0.0013630633723583615,5.018709147445045e-05,0.36497177458175145,0.0014313194033086381,0.5075322400237077,0.5021560676349659,0.39501900537360857,0.48826111590878407
1.0046978433464056e-06,0.00019228141370353065,0.0013243862932557657,3.836336099448514e-06,8.048187821307296e-05,3.9551771468961876e-07,0.9005586425086778,3.392554243190995e-05,0.00677232871159554,0.4463626758247047,0.28908694756644726,0.004714752112813997,2.367382809106516e-05,0.9990085984577268,0.0001800163924240102,0.035998887094315334,0.001717795205637307,0.9123678367243924,0.9966901670511346,0.6317096919769147,0.48804379864492203,0.490480337514759
6.366297403517812e-05,1.4153640464458642e-06,0.0034006355478732324,9.717642250781653e-06,0.585904393415256,0.00022362435100511268,0.001002340376592681,0.5814801118364583,0.5820488125594655,0.00043291158245257154,0.0002726470605888239,0.39062818678064937,0.4983230873841811,0.0011176201449417107,0.0002473721428917307,0.9960702928759719,0.0017105241904978139,0.9886835026394956,0.01426170083862699,0.4920048482927486,0.42315969384873436,0.5697321571620598
0.0010977579388785168,0.8928455944670023,0.0022151440596501768,0.0007220641523799574,0.006543256588336788,0.4434743696421154,0.003359976094054888,0.003701440268982017,0.00016478369144990747,0.0018906641939318563,0.001189132995112415,0.00010364080196982248,0.002333464369610034,0.0021458298954506066,0.29434909716008595,0.004598286698081579,0.0005074409104658347,0.0016553670457184735,0.9992211715018933,0.520384204756801,0.39148600291720265,0.49786367905531037
0.0007080265471848783,0.5713647947659067,0.0014185280431822593,0.0017504404106286422,0.004049322587571885,0.001851154256840994,0.0018984951728342593,0.5821439088121567,0.005247424401965006,0.5879377596643572,0.39722299816998513,0.004090434303115221,0.5066767418170843,0.00212687174198003,0.00209980784514808,0.004511676009408186,0.0019503421638815926,0.0016553670457184735,0.999203584237329,0.5782198099771322,0.4932021972692785,0.5120945547136684
0.0019249795173191333,0.9084902196621674,0.006587180117719709,0.000780131002408961,0.005202969566761475,0.0003640772488392373,0.001186428693276622,0.0009858285641894053,0.46063149900194417,0.0028315583096172672,0.0017696438897592199,0.2987246513108741,0.0006923932091970121,0.0008359192251075145,0.0002597282631361232,0.003645799059925925,0.0005466555746205248,0.004834383690736699,0.9986382129393101,0.6339327992466063,0.5220111115204245,0.5147153703886505
0.0063911157990428095,0.5871244286515552,0.5597697319243328,0.0068700954345674485,0.002826158078409124,0.0020625389632484797,0.005940654772158254,0.5872656348936006,0.00036790878345440944,0.0005167439635725075,0.0003235453449624569,0.00023035622183308259,0.39306028796752696,0.004586947341704808,0.0016125096318895665,0.0021702599219584964,0.0052757562702333265,0.5000985724427567,0.9929915255520736,0.43583778974953924,0.3875460437115642,0.5013686766871217
0.9000702856754643,0.45297765438537635,0.0032266243178522497,0.004292017642231739,0.00583160327540776,3.887437975742226e-05,0.001981763464202526,0.0006932610388685069,0.0003142888641576656,0.00016445750520690107,0.00010281467509677114,0.0001964854581018305,0.0004344213654191632,0.0012580342315978044,2.4743007213055867e-05,0.003645799059925925,0.0026833188997208565,0.0021450856755866167,0.2981082870584254,0.6336938474316083,0.4818480742414216,0.5101700528931269
0.0005176883827136233,0.5837729901666089,0.0009144584677440496,0.000777218195385251,0.0008677804859242864,0.00013468308367585105,8.717605769850414e-05,0.5790700587516803,0.5782444326897556,0.000746082403075298,0.0004693632292414576,0.387212721666634,0.49266536828006086,9.58869759269548e-05,0.00014696966357155062,0.000930118034396753,0.000833050976130432,0.0010422576737856115,0.9994398274675634,0.5681079990336935,0.41974816993238606,0.5294659878030242
0.0012573799014005873,0.0016193459614431756,2.738624917300443e-06,2.7172027336275293e-05,2.2030732794400776e-05,4.8654659856420705e-06,0.44950236132973537,0.8974172423214327,0.0010413811318850416,0.0009011583804682227,0.000569886365253458,0.0006585625627273054,0.703574338214327,0.9971014521055432,0.0015324008471640567,0.006815526253270199,0.008406625660288436,0.0008874597372573302,0.5767526350276366,0.5749853837584714,0.5001916202847497,0.5325709090700605
2.5670661007555957e-10,6.558072633064448e-08,0.0018850615936804036,0.0019104616128259584,1.3766720452214702e-05,0.5679687523263014,0.0005332841704964828,0.0006952923159937632,0.5766421326451894,0.5775187135142621,0.3918637272346318,0.4991130747997563,0.0007672627256593908,0.0005903459792184055,0.9969753088954141,0.003190047807196545,0.48953682357258443,0.9999785446686343,0.9975204637732227,0.4954124413340932,0.50445227414379,0.5129725703639588
1.0232860074716114e-06,3.268796838594711e-05,0.0023331863950556827,0.5867418820911637,0.0002866931464258996,0.001950968319877798,0.0005650336701656464,0.00011274979176254675,0.5912820229312409,0.585962439430602,0.39026570534743704,0.5024488462972091,0.00012261830115296762,0.0006130572489838475,0.0021550855282016896,0.00031106178148932297,0.9973882071025231,0.9913506002380259,0.9800773354504544,0.6292433616237809,0.5289032511156034,0.4698033941580226
4.331398632951574e-08,1.0498145839301618e-06,2.3651607063657414e-05,3.949251832383907e-06,5.911887980166882e-06,4.796035541250804e-06,1.9881063259564133e-05,1.0,0.00014673392492668572,4.811022481600118e-05,3.0556569051168054e-05,9.319610011753366e-05,0.9999792622227407,0.41677633404671793,0.12074013191477895,0.1493310735741025,0.10206340098230808,0.9726022723984843,0.9737487838639396,0.49663342782391817,0.5277199589471151,0.46056236439534276
0.004177429697674134,0.5886013223553429,0.0013285376813516154,0.0009965173787995986,0.5778949047363037,0.0003894751644445613,0.0029980513540470402,0.5964224995852211,0.0050540729837657596,0.0004066415113257287,0.000254705681204929,0.003165703550494549,0.3995365499515154,0.002319984964127833,0.00030684173998386777,0.49240972482921136,0.0010777832081491426,0.0014823127350099565,0.9955183917682848,0.5071213828430385,0.4397551893461299,0.3873364815270209
0.00019112900460435054,6.708441347773513e-07,0.4424709518942054,0.9001729054304254,0.0009994284207572213,0.005080190843743875,0.0013597021338243973,0.0014313084996740275,0.00484170885846117,0.0006900611508119995,0.0004338894655159034,0.0030443313585274963,0.0009020754657805784,0.0008596561939492825,0.0032521152995223734,0.0006284269844556017,0.6973331040595981,0.9997349319517039,0.002209322053829732,0.509802739537346,0.3925100905897364,0.4711054030039626
0.0005666503847189327,0.9009763120539472,0.0014139522718450497,0.0013443432518835021,0.0004947164389340741,0.0030346783602089853,4.6104267434647254e-05,0.45086462098477026,0.001402795809225144,8.895684358057938e-05,5.6183893400460396e-05,0.0008859864253526041,0.29597241952380404,3.275578318232171e-05,0.0021830471610920638,0.00034956012868717686,0.0009498957074044584,0.0010463863696048325,0.9995957911984705,0.5264033025685249,0.41965230622967054,0.5285872412500356
2.7800468736914912e-05,0.009081108719428473,0.552866031732802,0.5857678445154949,0.003430883858627315,0.0018624478506400963,0.00032184625763613517,0.576059749597298,0.009075020828410024,4.870047695288126e-05,3.066326522267802e-05,0.005713979090946659,0.3869569688845149,0.0002506718734085994,0.0014544187571513228,0.0026316415174450344,0.4988054905051636,0.9900235580142458,0.9980607949889857,0.5775986889778115,0.4497951066459565,0.550594855973937
0.0037622596288145378,5.092349320028569e-05,0.5538228631950824,0.000756410537997073,0.00043562023369171806,0.5673264162796191,0.5744491709727144,0.0013487623543520886,0.0013930239488035715,0.0018419025912824977,0.0011704175357646882,0.0008851836288499438,0.000859060108724653,0.39119645178774953,0.49864253031392275,0.0004780974978385933,0.0008301684083187916,0.9958310790392806,0.00853492365858094,0.49904836961042437,0.5408189123921031,0.4861799415834773
0.014468091930826465,0.5744059412278298,0.004004510542818961,0.581652753620314,0.005925607812989351,0.0030226890457116973,0.5721246297126303,0.009743845128729785,0.003875442938288933,0.0025425141691259603,0.0015987810623279697,0.002436962991626359,0.006141574612520254,0.39386029771588016,0.0023755327404014915,0.004574246659679648,0.4983811294450995,0.004637062113506174,0.9840925913839456,0.5312191782443744,0.3931884900168442,0.49517711597064984
0.00247617625518919,4.7104357495047964e-05,8.843666849376504e-05,0.5847437163207942,0.005409845399922287,0.5780000811822537,0.00010890011059500442,0.5832152497663986,0.0015134108415051405,0.00039755617661033814,0.0002493821264927909,0.0009493445085314578,0.3907810833049864,8.402755539090258e-05,0.5019982631064414,0.0058895626787558355,0.997276093175846,0.023573412851249365,0.011994561428674833,0.5277678434485092,0.3817131150981993,0.5106741813663668
0.00018351699179233722,0.5896156531886478,0.004503776188804307,0.5953131819851185,0.007173219614333906,0.0001008488398421458,0.0003002883239608102,0.5986050615418848,0.0006918454322564657,0.0004852833647710195,0.0002997700691928294,0.00042736800611656214,0.3956095382832809,0.00022940207294598673,7.800681661496417e-05,0.0054499743378611035,0.5030508530735243,0.005092953190992565,0.99979996256741,0.5046709392064908,0.33320247796463326,0.5524402024413128
0.5808423929134396,0.0014487268017567305,0.5484301270768454,0.00033105172049490225,0.0004386279719683486,0.0015265187963175934,0.0033227995956711695,0.0004118783204610883,0.5736247353992673,0.00041762780584628614,0.00026415751953603366,0.38605920709889924,0.0003177939753856718,0.0026248446684663668,0.0011963453798366146,0.0003376483644840335,0.0002548380235521299,0.49825547185166574,0.0016002580482762912,0.49847916357933325,0.5443811538923954,0.4328339460316911
3.5810478884479296e-08,0.00026081381050914226,0.5895044416541714,0.001759607814871158,0.0006792629098752587,0.004243053163481255,0.0003981036501245506,0.6053091212469044,0.6095312452119029,0.0005117709240814171,0.00030930850590271675,0.3928573493866667,0.4992459952904727,0.0004190263389319271,0.004521995102738902,0.0007110666080662928,0.001841997565841795,0.999726973385754,0.9999117563322145,0.650181735273054,0.3248647116799527,0.48991544463435743
0.5815573807490965,0.00218223680189672,0.004746829413916022,0.5824342779888332,0.0002154872057318987,9.866348108747513e-05,0.00029539821227212045,0.5872047515297144,0.0006770795151394097,0.00047492606007779633,0.0002997700691928294,0.00042736800611656214,0.3959063680564423,0.00022940207294598673,7.800681661496417e-05,0.00016643281067473963,0.5030508530735243,0.005404098199694216,0.0024083207684461594,0.504235318985089,0.42437116936472263,0.4465228498937647
0.5996932892089117,0.0033987432801552376,0.00887041169266968,0.5971137193697988,0.0009870227606887634,0.0025296318492782368,0.0016089278305053442,0.008577568459273552,0.0036396452621096976,0.5939416288660754,0.3881093143341865,0.0027245270341884164,0.006436047216975022,0.001211093364872351,0.001927979029935356,0.0007389021880340081,0.49556295428572567,0.00976834406128795,0.0035738872517322995,0.5728896850939035,0.3244268519329221,0.534375584830128
0.0006399998537029504,1.0,0.00030994986507397655,0.0035932717226713883,0.0005615480744250281,0.0005362142489065363,0.0003826913538655602,0.00016382679947153373,0.0013983201612494849,0.0009506807529602328,0.0005965118835521666,0.0008773871762561029,0.00010303453175211508,0.00024144459813759019,0.0003425389576740572,0.0003523481555315547,0.0022546341042540548,0.00020369029605814032,0.999594592629089,0.5064919213002337,0.54268661483529,0.6128622195001622
8.987131518971814e-05,0.00011602692462418958,2.0493847424890692e-05,0.00013737170306668043,9.856817564139777e-06,2.0604925970932134e-05,0.8960890486448836,0.44863285007197773,0.0005472134888310184,5.242904876283319e-07,3.2885833841701274e-07,0.0003432366820708507,0.2922130164787927,0.999856657676344,0.06530032089615881,0.030802834747091223,0.47158734700307187,0.09268438267765503,0.5819778489942584,0.5053514489549995,0.42256968692571734,0.4055403500349856
0.0005415120518073817,0.0006623529861030524,1.6449030592787286e-06,0.44945903908839646,0.0005962996055218914,0.00021342894956912384,0.000811392871748131,0.8924135344946221,0.0008414785608295169,6.21259499419532e-05,3.9508326907763014e-05,0.0005351292665290801,0.703574338214327,0.0011793802033327472,0.00030777173373679927,0.00084460463776525,0.9987708984427194,0.001283229917337426,0.5661168354999937,0.5028826939887453,0.4989944233146165,0.5325709090700605
9.855466230696725e-05,1.0997296341805444e-05,4.474435406796498e-07,1.679471402401013e-05,0.5750397645212381,0.5684298818475209,0.00037938530455218305,0.5877460828133425,0.00010490684295514301,2.845045880531559e-05,1.799872379042351e-05,6.636762193955992e-05,0.3981485946315708,0.000297676382146196,0.5020270234157843,0.9998876293503219,0.10582395298843666,0.0029803573540683748,0.07008186834197747,0.5160327663914557,0.43010756249810306,0.5340365959953386
0.00012049314945864259,0.5809214576505007,0.004411677901303366,0.5858903724655509,0.00093567545455496,0.002728539278282445,0.0007467403635025314,0.004005339115534996,0.0013487054588515212,0.5803616266332708,0.385368083103257,0.0010237716532330299,0.0030545915390858555,0.000588079101471682,0.0021857116329242823,0.0007678843866932164,0.5020918371445304,0.005298556945536784,0.9998654431282042,0.4943526954811048,0.3772980726841643,0.43062399808690893
2.0424663249413003e-09,1.4779046949713321e-08,3.4515626236518083e-07,8.56112708268435e-05,0.0011401998917415482,0.8878528006157459,0.0003330022321432311,0.00014115911228536847,0.0001432065216375193,0.44892984439220707,0.29345884170913317,0.00010085906524465693,9.964923783969796e-05,0.00023453048734422167,0.9991947067095854,0.9522888735447567,0.9973499019031268,0.9733408402608438,0.9125728513896699,0.45473662233752427,0.4154206095548768,0.5074562352797217
5.1207878578954014e-05,0.001122366764886511,0.00010169711695115903,0.00017338195510594357,6.864314524945617e-07,0.8790865449200383,0.44790311994171483,0.00011248025980586692,0.00022850197041805617,0.00021212124617042387,0.0001347820099771465,0.00014519033873240422,7.163693614374578e-05,0.29680003462407034,0.9991877965341612,0.0003827137929781027,0.09704297359100611,0.06017122768111932,0.9706978725597586,0.4984804400806087,0.5437191745675577,0.4978183953066747
0.5711850776398791,0.0011930190339432374,0.5540879177992687,0.011427749223024364,0.011304271682666409,0.000279095965360715,0.000681774246401516,0.5866749501340146,0.0046390364329538586,0.002434906509707797,0.0015383365162556987,0.002930887989452905,0.39670175597592294,0.0005333539782564987,0.0002210707843931523,0.008795237838960968,0.00889216385826826,0.5020287788697552,0.0013363441083929992,0.49898624702491245,0.546918384033741,0.4261639471791822
0.0055314572957922015,0.5896976971820296,0.00019152574755034778,0.005299665760483868,0.0012318118091857045,0.0005960747049195503,0.5833178791823553,0.0012127779194172148,0.0007133982423975949,0.5847994033981295,0.3844974717794339,0.0005358456815493089,0.0009130659504743746,0.4992427426174862,0.0006438647676039731,0.0013069294955768513,0.005622928141253335,0.00021608995378044615,0.9940749080850609,0.5786481176619136,0.5650844903880471,0.6389743797450079
0.0001455258992393476,0.011567915202907042,0.5547554374840944,0.001459394310253586,0.5912590730438704,0.565667878921635,0.007130059587730026,0.006259793772109888,0.005233389490637134,0.007299990131249059,0.0045801706731713274,0.0032836122371415893,0.003936845463927664,0.004591052589596226,0.3842740300013821,0.5006647083905937,0.001574643734381649,0.9873345536772078,0.9920315410730587,0.583896243810135,0.42007060804418,0.5352408876624344
0.0002042635165995766,0.010740948042615031,0.4263805434541637,0.0004221246815934151,0.00042809523846817573,0.0010491297653290813,0.0018666586636676475,0.8939759354808394,0.00026136194208280195,0.0006089964015729962,0.00038722051115788715,0.00016618278561105507,0.7055882884876599,0.002674922017087517,0.001522232991443835,0.0006101078142146559,0.0006015990388294936,0.9847158716726927,0.9877569634101457,0.5008304486302929,0.46634894599037385,0.5101522711998929
1.5690857767790377e-05,8.668154701732429e-07,0.00013255981246551552,2.9509926175628783e-07,1.833801130680128e-07,3.6838033252276424e-08,0.4493249963849898,3.61255047722473e-05,1.6149635788365417e-05,0.8935058097113391,0.7019634644201309,2.275612786346691e-05,5.102258671997378e-05,0.999806013991846,0.00017343167736398883,0.0008480036834235976,0.0013646278018004925,0.9264754315513478,0.03480192605796345,0.5027617656022236,0.46696840599026435,0.488267906598407
2.7091996335636758e-05,0.0008671490851114173,0.008156190974161988,0.5855157633636747,0.0008988314052828237,4.418473667443451e-05,0.004635928020370092,0.5826747344656282,0.5840507826796499,0.0005221639256809671,0.00032831839009489527,0.39143241015527636,0.49914798687827205,0.005171950928069715,4.979017327401457e-05,0.000977172632945196,0.9905220034106833,0.935430496395141,0.9802375907008558,0.5241250923144543,0.3971281208974443,0.5364392065394296
0.44093459825774,0.005605724925428056,0.001161972733701173,0.0016648095646326123,0.0027726499826608918,0.0009584961949409168,0.0014753099198178002,0.0002018371452967678,0.001375209047528297,0.8998798565648752,0.7099184975517967,0.001985278051602894,0.00029205729148426134,0.0021297966840089413,0.00140874983217272,0.004002722449345797,0.0024034314833566773,0.00173055074458979,0.008093089295401888,0.47572365890885293,0.4686126317941179,0.5234725850130774
7.64718147136785e-05,3.7393906648533307e-07,0.0004973042267337634,1.5861377555962632e-05,0.5803334985670592,0.0011453069831864086,0.0021166588889887246,0.005600137527629095,0.5778015850691179,0.5773222030873683,0.3909119835226178,0.4985904446479243,0.006157389154023878,0.0023347171571651442,0.0012563724922156421,0.9994221280096165,0.01917155720770582,0.9063200477118109,0.0030835591494312586,0.5140199764634007,0.478768278271182,0.5366165972758207
4.1577388266222965e-06,4.1601353021709445e-06,2.596205467147608e-07,9.285718177422379e-09,8.518839562610645e-08,1.0,0.00013246133370661213,5.3201701977817964e-05,1.6608032055791043e-05,7.370821261933306e-05,4.609028273766709e-05,1.0385123547796247e-05,3.334509309529867e-05,8.282903820982807e-05,0.9999963179756026,0.00921048604073578,0.001004033241055114,0.02896946844476663,0.5001834174997636,0.4966004112472887,0.6211343124829849,0.44163907222654186
1.590168350806733e-06,2.171445580603653e-07,0.0011994571817159465,1.0,0.00046936876030865903,0.0005220412429794781,7.154069744234198e-05,5.774465463939545e-05,0.0005729260356843166,0.0005915234225074354,0.0003708299344312993,0.0003591711696665917,3.6285044488334236e-05,4.6487271815526254e-05,0.00033922376879136655,0.00031106178148932297,0.999181152028231,0.9991991374711178,0.08585687258376477,0.5572027296964546,0.42726607802759814,0.41674436073668875
0.005145397169509833,0.6152810103822562,0.0009473170279709397,0.004495121469986846,0.00041633636475783305,0.002205419866877956,0.6125930825455858,0.61469448588014,0.0003880991964239149,0.0007581830251119847,0.00045253191735871584,0.00023164236222947173,0.39206297057773454,0.5003312112215276,0.0023230305133933394,0.00043074804292312545,0.004650764281286024,0.0010265431438602438,0.9946345600444049,0.576632411366495,0.3785336135631435,0.7144336566698154
0.4501283301623888,0.000542447904583107,0.0020571222147917167,0.00025477102220386515,0.004839423859085196,0.0004935480997616563,0.0001784426625897015,0.00018849857942255618,0.9064086879358414,0.00018786565579582303,0.00011795289538509342,0.704130587564535,0.00026467353277098704,0.0002565208262908707,0.0007038915898265052,0.006779407089900951,0.000356914770749642,0.0030644910976534434,0.0007731864259589866,0.4926981165133547,0.3826823042565957,0.4882194832016695
0.5875605374518383,0.5913348102832283,0.001298974387190766,0.007822777263926077,0.000285193798701316,0.0031126128812382276,0.00037378800533726243,3.6233112753249646e-05,0.580336286404221,0.0006253350450632505,0.0003908963675824796,0.3859851785912073,2.7626295668420082e-05,0.0002858994763218972,0.002410554267546181,0.00021694384791225542,0.005950789213636731,0.0010349469355525908,0.49955343620406845,0.4797231364653269,0.6167686857203345,0.4337870351615624
1.0949292602601306e-05,0.0005825789729505896,5.357584796067355e-07,2.525301311493793e-06,0.0005413593420318548,6.896992247152814e-07,5.3452360251288555e-06,0.8901224817533657,0.44648171942948417,0.00043473555177581114,0.0002742862136461276,0.29180880741241344,0.9994126310470035,0.004433818743811534,0.0005550161701045608,0.49726649762546044,0.0027537545087572626,0.0006647687760820988,0.9877400512253288,0.5059391591014993,0.45936057745380793,0.5856547798108793
0.5887060004305752,0.0068729639143303755,0.007020382328119885,0.566227827058481,0.002661625554419018,0.56702913272511,0.0032783086872765405,0.00012675798663561324,0.0008782777416237806,0.00011144455699626438,7.069327120817268e-05,0.0005571230792996264,8.059491334866452e-05,0.0020909993700851384,0.39016673165371374,0.0020640329487560866,0.48454596561277424,0.007875142113473956,0.007361773969780362,0.5537502033174142,0.47390599368294706,0.49446755974199696
0.001177494755427598,0.00018379329387658566,5.3942084326645525e-06,0.0008690145064780575,0.45272540727826194,0.00041900526473344113,0.0018863817739792504,4.840952270772759e-07,0.9072011302901162,0.0005294089337614357,0.0003324137619066468,0.7053205904924186,6.823115184554588e-07,0.002652588213839069,0.0005998586515103305,0.9979259349700514,0.4010986286362817,0.0029726053888345094,0.0985735734811935,0.40604290264420967,0.4299099367556941,0.5123741865799459
0.008404107795820563,0.4593237716556702,0.0007309054153592932,0.00550841326063284,0.9300541030476116,0.003443918187813633,0.0006261793178041301,0.00020023064985499525,0.0001583394420051763,0.0001353664591172729,8.307421290068967e-05,9.717270236092734e-05,0.00012316821520922243,0.0003842854377251858,0.002151768470183097,0.7079027102463453,0.007632971437055965,0.0010448836364532754,0.9883532605705728,0.6290441847353396,0.64324746457411,0.48669893867299263
0.002009962937481842,0.43771298452916724,0.0005899421223921177,0.0005799916233523634,0.0003149346719226173,0.00036657145210147024,0.0008634836218742525,3.757906272963207e-06,0.9061869142431633,3.32316427421629e-05,2.09524936956693e-05,0.7091990605604364,5.384390949364754e-06,0.0012666787899837382,0.0005431449673149783,0.00046713612591497977,0.0008290881450937777,0.0008967488634695428,0.9970944537707571,0.5599316331107098,0.4228567268305909,0.512887412252147
3.6201349945354256e-07,1.5068790348356218e-06,0.0011296159920300337,1.2175003586422927e-05,3.608394680143476e-05,3.015734050706176e-05,4.767805009080195e-06,0.44974816697051656,0.000254139793018156,0.9018030147263264,0.7048900804654101,0.0003588962228133093,0.9983022308308883,0.0025909099692378542,0.01655473835318339,0.019117364305981502,0.006452397108204125,0.9991646034637505,0.8507818248252836,0.4480812700823409,0.5420894879913289,0.5611061479599501
0.44689807935428183,0.0017027286313150932,0.0006068170648267584,0.001378849654475488,6.265761839994972e-05,0.0010739067977442154,5.087448646549597e-05,0.8980905238015572,0.0009213312154312816,5.6357608288564067e-05,3.563172341289453e-05,0.0005825056217237652,0.7042247700033291,7.21813237483178e-05,0.0015427464618160192,8.841298980400285e-05,0.0019456279079123973,0.0008967950575678171,0.002402653400257877,0.4975217581150407,0.4291244114237968,0.5435034883381066
0.0009220662933222118,3.157677819032886e-05,1.7115409965887265e-05,0.6099222962890565,0.6025143672750813,0.002074391827990673,0.000810667240699329,0.6006167688600135,0.003961229979609624,0.0020239762738296922,0.001229949172093847,0.0024072066796727693,0.38973619774788126,0.000605275034429132,0.0015682100666079488,0.49610996132296326,0.9990276579702028,0.012066971077045685,0.0215871549222694,0.33628040510921053,0.3679852875178605,0.5581001114560167
0.0023904383503278053,0.6185667400505264,0.0022570666052336183,0.005808477722073339,0.002684077143336054,0.0017912714526666755,0.0005284630668612956,0.010611700626312214,0.601100738225287,0.6015298992485356,0.3876570084172283,0.4908137539301707,0.010945029177537962,0.000546840151480709,0.001876768179325592,0.002762232404338826,0.005977734984351805,0.00243289618722569,0.997520529089198,0.5765152009217555,0.32702398738725,0.3740305704943232
0.0027981009246456426,0.5822514401161281,0.0018144850054634912,0.000840139378379926,0.5889441531127951,0.005208068843824104,0.5793982686455547,0.0003526551557918566,0.0006912243420845567,0.0002415718910719708,0.0001518785979718003,0.0004345795102199774,0.00022223550843220895,0.3902674270351901,0.0040757929656067005,0.5036321059213644,0.0009185719240600685,0.0020778171880957846,0.9969114587537884,0.3921391139193832,0.4881727476911119,0.5284173887769312
0.001640654212254672,1.3755079540168624e-05,0.5761693114924178,0.005418177150810897,0.002331307306024088,0.001949157435243414,0.5930683320878636,0.0008254751881585464,0.5982993746497317,0.00011732408300828397,7.244270764844173e-05,0.3941224656485168,0.0006273095402671023,0.49927478638127476,0.0021253001564610703,0.002496830042739557,0.0058029776515709786,0.9982427133967954,0.005337230952693258,0.4793325453535377,0.3312263175351827,0.4539410763845585
0.0018792600781841577,0.5661379188120639,0.0026729452366017854,0.0022616267992235936,0.578170881945324,0.5585154059141275,0.0017687195514600417,0.0003024188149679882,0.005211075050692806,0.002198191167745471,0.0013809661838096708,0.0032737650558429788,0.00019043454718590413,0.001151757831942539,0.3871153368362074,0.5129405600103814,0.002499553453849802,0.0031413591904806593,0.9978996326723928,0.5146017531482894,0.3909865686322216,0.5355078669239831
5.8225878932318093e-05,1.1093796084659927e-06,0.556059944886786,0.0007882721439183149,0.5719232852428373,0.0038063338013103187,0.00142406736287271,0.0010856249341917583,0.5926556222296323,0.0018957395128283336,0.0011964215888667362,0.3997973849657231,0.0008486740214669238,0.0011167683213945084,0.0030223463960517283,0.49422823886838974,0.0008616747573534473,0.9999358419418853,0.012033789524723892,0.48768332197094566,0.5319605837458491,0.41307186060910916
0.0008109990312273877,9.359769120623066e-05,5.464501033348958e-06,3.5394378346894875e-06,0.44512207375590596,5.5082520575781625e-05,0.0009332783571627336,4.635035422637576e-06,0.003387368902852725,0.898483569984432,0.7071639279995872,0.004844549428994349,6.644545058272116e-06,0.001342130307662127,8.020485825322343e-05,0.9988213667035433,0.002734245691772774,0.004421310075757306,0.07246357187604696,0.5157153682336896,0.5327119470504283,0.5372693708345081
0.001582952425488631,3.814024448373682e-05,6.073183118754952e-05,0.5780635386216914,0.0022914795618175516,0.00035363820704076206,0.5763663560531469,0.0033018351424056137,0.5831858399485843,0.0007441579741054907,0.0004722180434412629,0.39491567443110265,0.0025750017821633275,0.4990603191858974,0.0003894562052564163,0.002523577388802984,0.9982549151059025,0.024405616430649375,0.015335986319822234,0.47080927732009353,0.46857173748744335,0.46264652779308196
0.5739034332365379,0.009271658769394004,0.005200782509817512,0.0023009848467673466,0.569101209004225,0.5648221016726174,0.007000341790597015,0.0002671728283985972,0.005345721076213695,0.002219344728104503,0.0013786800473220926,0.0033208378304058774,0.0001663606160792434,0.004507607916079508,0.3871234993766022,0.5074221418990967,0.002492318601106997,0.006134545976985928,0.010218679564093058,0.5801633743328543,0.6311395617479402,0.5343865384209935
1.8713176005567163e-06,4.95151313857281e-07,1.825267864712977e-06,4.1137064058322885e-05,0.5921291496135053,0.5709500712214043,0.00039257106804060904,0.005698729184548329,0.5793723475096266,0.00035048766331736227,0.00021915798917785984,0.38538981439604447,0.004343628848841026,0.000306352339682348,0.4998242200591628,0.9999556728030039,0.957394745068509,0.4971663171957357,0.16563828616771573,0.4984247634127034,0.37395797147556187,0.45285198235697066
1.0,0.0005486901517637192,0.001114840915445843,0.001268467342287567,0.0006146008052093434,0.000561870671892101,0.0014312587344853709,2.2344739616569188e-06,0.00242851741586867,0.001640099624939275,0.0010342452788893453,0.0015314236196085859,1.4123527161764999e-06,0.0009075219592327233,0.00036072680084997473,0.00038756863124411733,0.0007998986294077806,0.0007252496093338541,0.00034600578439353876,0.5619563730903346,0.5647540576882777,0.5389406515854781
0.5920572979041375,0.002770735300960555,0.5740142154480639,0.0011230037605698818,0.0025748929377544597,0.0002767776499474667,0.5773736038999493,9.503963018427157e-05,0.004698405049433841,0.0036581153413064284,0.0022895607095520685,0.00294068590791193,5.962370066433858e-05,0.3842920218078009,0.00021422760082680684,0.0019575716097616214,0.0008537705917139016,0.5000533379222885,0.002979258943261105,0.506886444243884,0.38156571764085634,0.5554879404212028
0.001882640891124004,0.43709281629703406,0.8430309717084962,0.0020089033514411707,0.001474985812424367,0.0017614100116344108,0.0008150331182155196,0.00884432818520814,0.005000106723308055,0.002526091497482174,0.001606944864103177,0.0031807819795927565,0.005639514095973248,0.0005374381885612271,0.0011614877121871514,0.0009736623299377997,0.0012780151528241634,0.7068283333546281,0.9972746433023297,0.5190028607583062,0.5197999628768002,0.49800875361513275
0.0014062369808491566,0.6034251628780277,0.579181607053126,0.00036374306759305244,0.008449233646311827,0.0005449531608501576,0.6060726445971982,0.0016425211319814365,0.001326792099243354,0.0003222520048220687,0.00019663323305679547,0.0008095884425253749,0.001004582753173818,0.3946041708251039,0.00041591036192950353,0.00633400622452443,0.00027269064246764757,0.4968548673681903,0.9985164081628041,0.6377835059778543,0.34454889847426373,0.48681683597155295
0.00016930741493447084,0.4421101630715504,0.010904313068227318,0.0002975573072420034,0.000594083759083249,0.88625656255397,0.0012943630772186002,0.0015319207341799395,0.00020545837121130814,5.721043343019371e-05,3.624550402753224e-05,0.00013016755571780905,0.0009728105975939221,0.0008245548453161659,0.7098686165726262,0.0008551692172824348,0.000428326844309087,0.01644153583592406,0.9997538785483641,0.4491105330606917,0.48377717237871176,0.5446882312573567
0.0001564525573004361,0.006195747936717382,0.43960127228478263,0.0007859236398616478,0.0006020069025254339,5.780320328035511e-06,0.8908743604333947,0.0009561983574458225,0.0019417425839506467,6.291684174386589e-05,3.9767918638425434e-05,0.0012273201719701895,0.000605797851677746,0.697726605970858,8.136325480010353e-06,0.0008323220039556023,0.0010866025397205095,0.9914308309175566,0.9837744703280256,0.5777081891778036,0.4864988548577515,0.46876569615767283
0.5886810465354954,0.0012775503738096563,0.5655213089196447,0.5765535253052548,0.00018315827666939448,0.0007085947644004637,0.0003543932117595562,0.0008945685932396925,0.00127330484378166,0.0005875634098899825,0.000370492337277591,0.0008028918377425265,0.0005653943973879347,0.00022469548489568146,0.00045489344834460173,0.00011549195743882192,0.38693831257790834,0.4971317081517379,0.0013815844014744005,0.5127854691288846,0.40325857846894025,0.509608161655837
0.0037924992841055563,0.0001344532004247852,0.5642145322325142,0.006448016444742273,0.0002416038416357684,2.6581833169045466e-05,0.5882713258230656,2.528345302146223e-05,0.000890564114962359,0.582687718499867,0.3897058710674737,0.0006831592782985326,1.9440447046456945e-05,0.5051029116580013,2.9597341126717065e-05,0.00026423174495866395,0.007052063277807037,0.995809865294775,0.02234721672239256,0.5827556483616366,0.5038335321852733,0.41535835148747535
0.002230552956406667,0.9015232081982254,0.0027835374714228773,0.44874750286512705,0.001922788854786996,2.8521021733652984e-05,0.002143143781242717,0.0015151482406875504,0.0038677525311788937,0.0013010391774883603,0.0008224652020857224,0.00244504663090718,0.0009600609557687007,0.0013622807667012743,1.835624290226956e-05,0.001215525155187892,0.294026276245599,0.0020586782081955524,0.998409847658365,0.5774504811333534,0.48648126203671593,0.4704462329592151
0.0018148364531288255,0.577579957892781,0.008105097595376332,0.5814775233913136,0.5825102314042404,0.0007503984440805015,0.0003878232721387736,0.0008644341781584705,0.004396437286316567,0.0005066252217968752,0.0003207477245090131,0.002783422156913351,0.0005485621811398669,0.00024688738068034055,0.00048368180550781146,0.39334927825375365,0.5021047791327475,0.009355863066803971,0.9979805740542135,0.5153900445871583,0.5713897220410313,0.5146950765467855
0.5863374689641936,0.008852184673161434,0.0009859170533202065,0.0003404613753543193,0.0006359088857480856,0.57957317227634,0.0008100982134136279,0.004021251659923032,0.5910495499230436,0.0013403179588835229,0.0008335063778622366,0.3918324956467366,0.0030699103042908372,0.0006331797421006296,0.49895344033171,0.000683836529394688,0.00036612167703980666,0.001127405898477334,0.00968572317302241,0.4714090096124738,0.3772591515458605,0.4114988666471876
0.0013492530632625516,0.8763459281148712,0.001073256771294663,0.0008168734751975088,0.0012476047417674713,0.0018217685858529073,0.4322498568662257,0.00015654383855721752,0.0013954331777873378,3.569955338229119e-05,2.2666301738998767e-05,0.0008859864253526041,0.00010068357271034232,0.30245659078942727,0.001372648049079463,0.0009630525344426211,0.0005814040937615656,0.0008854505383751152,0.9989981442194023,0.5016842676538279,0.5431239340143492,0.5285872412500356
0.00017774821854268366,7.009189750779852e-06,0.4272019465279745,0.0015658866144965897,2.8415590089560116e-05,0.0002128756383816032,0.0031715219799262045,0.002861615456978849,0.000449913592929184,0.8983127141819933,0.7096263116521292,0.0006498810096182163,0.004143164115432722,0.004606483123995342,0.0003130675510679712,4.104707186096412e-05,0.0022619694160082113,0.9997405889600106,0.0248541017070969,0.4772121098715261,0.4926842090781127,0.4942889007698367
0.0012422747283300326,0.005202517839640797,3.499134505476526e-05,0.5837311712093637,0.0006283838267777001,0.5687241373571682,0.002872227017745995,0.0008000779179376182,0.0009648087019588411,0.5824865696958825,0.3923903699200447,0.0007470268102372957,0.000620926855617467,0.0022361396770412714,0.4974031634095556,0.0006852890897976588,0.9941636130733557,0.004294114960519992,0.8494085599965608,0.5050267899116826,0.41524807640002526,0.5206523805768231
0.00012342404317536678,2.079490985907819e-05,8.868043454825029e-05,0.8978095841822481,2.224689564131995e-06,0.0020795538903176547,0.0006741274019761568,0.0045372296430873146,0.0012216239482203822,0.4512926893589145,0.29651606004589637,0.0008662160785909828,0.0032247385084304744,0.0004905360696912963,0.0015012460540132777,1.5774852117984763e-06,0.9998881861808496,0.4080854024437621,0.107077286481149,0.4986697659456212,0.43038698368273526,0.49580789737466924
0.004717596719392109,0.596693274029836,0.5579410772814773,0.0031988510365978636,0.0031884898243199787,0.5667790914637454,0.0003701614441268832,0.00018515385228092543,0.008358250960012118,0.004079166576032129,0.0025707530418605175,0.005267586076115335,0.00011696389308403173,0.00023457473388597926,0.3870829443009026,0.002448317393911535,0.00245629157011382,0.4885261655432831,0.9949188214362283,0.49787432490397765,0.4230026002162621,0.43494586309619543
0.00012885256120894346,1.502341632404684e-05,9.958516556277934e-07,1.7940914634410318e-06,1.0,0.0009577250449624255,0.0003421476591328026,0.00012616556522802446,0.00016982224190915338,1.477382235875105e-05,9.064180891723726e-06,0.00010419101365238045,7.75870877423355e-05,0.00021541882984926763,0.0006090530423349344,0.9999194973696077,0.008704906089060105,0.005138401060837386,0.07434014280485246,0.6314797166455987,0.37127616510535605,0.5614640287123207
0.5801701697897952,0.0009063812308440617,0.004056754352101287,0.0014722931358077535,0.0012127412774643332,0.5782800011353787,0.0011775136705621757,0.5872815950957546,0.0,0.001327135654987377,0.000835265576341759,0.0,0.3946523094102022,0.0009105226844365299,0.5072422315737619,0.0013342393334881263,0.001628669716654832,0.004629571966673621,0.0010026797596574951,0.5245572579321043,0.5837419985519338,0.5624186179068135
0.0002952353680821214,5.09431485098797e-06,0.0002746291777705733,0.9731312930978002,0.0006526464723484481,0.0010459091696919437,0.47383799026758694,0.0009983163413166223,0.00025651478258203016,0.0003393195023088506,0.00019957952127508052,0.00015087579498311576,0.0005885567412904458,0.2884711041966461,0.000696608823713145,0.00042695939651720295,0.9997322936909042,0.48683456608718956,0.01098384577070105,0.6337830160624675,0.35021479969281455,0.7050111971046062
7.791299614769073e-06,0.0006110208690878429,1.0,0.0009818081507184033,0.00037787538169670285,0.0004982225749283991,0.0006798018805545704,0.00019589202055451146,0.0013477387664258319,0.00020917491222812893,0.0001290833612261705,0.0008316996529068578,0.00012116877298190293,0.00041951109147412045,0.00031301935616678264,0.000233189939604147,0.0006058818310482247,0.9996229032405097,0.9918827214664641,0.5570454253245679,0.3538412557284975,0.41631765720677305
0.584489267459904,0.001104889676605224,0.570549706100482,0.0019371945654924356,0.0015755998721023819,0.0003284293462146171,0.0004627739360590583,0.0019657420349300063,0.0025369839937398964,0.5936035375119032,0.39542080464491636,0.0019470548653037086,0.0015121736436821643,0.00035516646699110894,0.00025662071004026475,0.0012092311955900215,0.0014867486908098308,0.5022242865640433,0.0012034331778709231,0.6396141803518618,0.5226499715967843,0.49571651227408636
3.07734982701189e-08,4.7953352168029834e-11,1.4991828482443442e-06,0.0005091748176565099,6.82852526268833e-07,0.5735113286290863,0.0008101281456265472,0.5897984131679265,0.00710697620999285,0.5717869105807322,0.3836956861816677,0.005445024340233043,0.5039484429215115,0.0008881547834118995,0.9994448366864916,0.0008537639262217525,0.9980364489704149,0.9874268096970908,0.0009843097173062032,0.5054819396876317,0.5929046500074644,0.5017801008161624
0.43805940085563017,0.008652746966250825,0.8570780058561442,0.001929061900016567,0.0015246002804130687,0.0017933395281491443,0.00041561450575622956,0.004786817373620278,0.004397434581431354,0.0013676734662023805,0.0008700378783757347,0.002797414326130523,0.0030522608051982117,0.00026585191465424427,0.0011614877121871514,0.0009698891882420188,0.0012271930620685878,0.7085347131374803,0.012454371784118685,0.5191026586252324,0.5194585443809361,0.49800875361513275
1.6818732530541766e-05,0.00026926363606238896,0.0017412989020784617,0.0018271918012209036,2.1365438759496538e-06,8.843081366555023e-05,4.609268499992228e-06,0.5829281206502261,0.5799657668751383,0.5837323719053756,0.39264957594175776,0.4976327482017875,0.9971701741167561,0.0011360197364279285,0.02207230563196866,0.0005240146006499219,0.49715530150771275,0.906498920448706,0.9599091809853051,0.5165078871411972,0.4124837200428584,0.5357522400675343
0.8968085135318349,0.003274984349149768,0.0017736544301105873,0.007172858870435052,0.0007779434895225848,0.444346613913377,0.003323946313417862,0.0021150498352628493,0.0065033070326025065,0.0011380719643359263,0.0007158165202014938,0.004090434303115221,0.001333444600601444,0.0021022326237725496,0.2949898096619176,0.0005469996813340042,0.005043545679274089,0.0013062103596843423,0.002302840447833243,0.47986173445956665,0.391616299172898,0.49771653242784974
0.906308241968872,0.0004912817228712815,0.0011097008292766607,0.010716910410108799,0.439349562835005,0.0021335594267557186,0.002051281803336576,4.831227903984314e-06,0.00027774508624681544,0.0002886363555392308,0.0001824293991598168,0.00017554570053367993,3.0606541927183763e-06,0.0012964908364933372,0.0013728921777004823,0.28734495946066313,0.007527541227816091,0.0008041340069577835,0.00034509189419879493,0.45394090581141455,0.5255406913184034,0.4331116847115371
0.588566358630039,0.008580799986743173,0.0007533911716122379,0.004254373691934062,0.0005924113836727691,0.0032718929095700367,0.5976436327134977,0.00010253941916042947,0.599421359629161,0.002462397227624838,0.0015016306050659694,0.38936819042099013,7.65551101333025e-05,0.5094953886625662,0.003626941591455074,0.0006335649832304936,0.004549956513828971,0.0008568044618985256,0.00933747085870473,0.44567537277817276,0.3312263175351827,0.3881775788074494
0.4414027399793098,0.004970749819228803,0.0013871350438864041,0.9096294765244831,0.0018902485167585819,2.8643400256102063e-05,0.0005868478103683461,0.0015111704509858492,0.0008839257235186069,0.005271435536952322,0.0033130237657622297,0.0005555400834099933,0.00095197658575029,0.00037849497464318555,1.8327848949594382e-05,0.0011880082532625845,0.7099873893678179,0.0021071354656641596,0.0072248857039234875,0.5778453635165803,0.4684689764205653,0.4232392270495068
0.002186910959084038,0.589500373642439,0.5578052475027258,0.5748829156819049,0.00036981440604184353,0.0007085934850862868,0.00035439257192945473,0.0008945669781638538,0.0012733025449262073,0.0005875623490887491,0.000370492337277591,0.0008028918377425265,0.0005653943973879347,0.00022469548489568146,0.00045489344834460173,0.000233189939604147,0.3856567913681972,0.4971317081517379,0.9976157653517016,0.5127139859209213,0.40325857846894025,0.509608161655837
0.5727675309708952,0.00032416873322556826,0.0014709147197833942,0.0025869381679546224,0.5770000549687034,0.003933951856982208,0.004814437165862694,0.5876939592977928,0.00011445761306377483,3.0617495269652115e-05,1.935353519433498e-05,7.234946649393978e-05,0.3977251594664828,0.0037726080675057616,0.003121294645854783,0.49931662726896414,0.002848127239187208,0.0016961150064423074,0.0003569019529334064,0.44216072540721263,0.43841139362516734,0.5007784833503784
0.00191797793549187,1.2362851095140945e-05,0.44686394295210435,0.005448452099541251,0.9113736634326404,0.003482649931399959,0.005963305327070362,0.00818168443500296,0.0038943575771620484,0.003496009429007046,0.002188451895393341,0.0024378276988249923,0.005124998063983385,0.003733128270612479,0.002219668771946447,0.7004518073174145,0.007523768228371661,0.9973727008527264,0.0041369094738715195,0.5527777488984134,0.5044006887077739,0.38089971926194344
3.910483670400349e-06,0.0019242247584606103,0.8535714701148377,0.0036815092569321287,0.00023007238308458936,0.00041627283347363145,0.0009239743528875323,0.0008494874322098716,0.00023300543982494236,0.44894571974321795,0.2962755217636038,0.00016592432027905265,0.0006063368110043811,0.0006615886975251076,0.00030179298397618693,0.00016383586284830624,0.0026216313131518097,0.998629732928384,0.9986938950413233,0.5071984819078937,0.5184266524031138,0.4996027478831434
0.5837267318141475,0.579184550895157,0.008234893348644703,0.0005466039995689558,0.0004591254039574261,0.0006129049077982756,0.5786665794210046,0.0007522747985020888,0.0004954160109532699,0.0013107095165533474,0.0008320837283655076,0.0003145074082316357,0.0004778751157220834,0.39158814629754946,0.00048503316904044717,0.0003549368575650148,0.000424878449280093,0.006603532949980738,0.5000984791673946,0.5203951870171527,0.5488664379040923,0.4970933334490918
8.456544654370794e-05,2.2953914855359424e-08,0.005772384634108672,0.45375740993662644,0.0006936061345920169,0.8841104618854938,5.667917420806539e-05,0.0015440002855834846,0.004039343156037233,3.5255859395060636e-05,2.2265595829827078e-05,0.002551026252192564,0.0009674041904204683,3.673371899760999e-05,0.7027161859234726,0.0009730367437200823,0.9913878969328386,0.9911461603404996,0.00017368366751002728,0.4977130732550486,0.41503375536554926,0.5285303125886585
7.282381677881108e-05,1.1337162314043906e-06,2.768940582246095e-06,8.598642716288322e-06,2.8701368135476634e-06,0.9063604739637428,0.0024304544037127146,0.00013174565433795844,0.45409310631449085,0.0006115499488120506,0.00038404287850896286,0.2956790616658199,9.253667659813456e-05,0.0017071260938050252,0.9999484115896783,0.02488400820507866,0.07475969747196923,0.02419126589083822,0.009910052809316505,0.5180133389804187,0.5326111793994389,0.6112004141395319
0.0002315627309485351,0.010729008998214709,0.004440459211411903,0.0015157499939950944,8.755140303458776e-05,0.5646093808412773,0.5727076195469931,0.0003452497394659742,0.0005640906662138008,0.5742500197739373,0.38813743020516733,0.000436780550808224,0.0002679543015459288,0.5069902762827855,0.986720372146056,0.004647758968234883,0.08068243617020127,0.25984967341858034,0.9863686090254031,0.4872410221875673,0.5310976259253966,0.4583370470922693
9.429991125334042e-05,0.0009222364069587293,0.5740673062270512,0.5817927837740174,0.00031989413927732723,0.0005603740988011512,6.205841318300983e-05,0.01068807407299559,0.000432449724360318,0.5822864488458422,0.3893705526703507,0.00033159274515935514,0.008214740649929664,4.758896493183202e-05,0.00043749219179085646,0.0002453081571850363,0.4943466991627774,0.9990034498508492,0.9351302247998843,0.5047403220187311,0.38153008642109887,0.4943090105310728
4.633355153973617e-09,1.7628349788425295e-07,1.3309324272838164e-06,2.872906261403616e-08,0.0013195199185208834,0.5802768149151218,0.0009154108599785188,0.5892856593141135,0.5892409808607729,0.003297892200446237,0.0020536926139571397,0.39107491351973056,0.4999379443134897,0.0009918746557410366,0.9985780846146333,0.9993219689374886,0.013015062254744747,0.9198881763001313,0.9831116956375152,0.541913020287918,0.3714464996565054,0.5634476579053753
0.5913849573126323,0.0011880466399728949,0.013303273006503703,0.0004774470507090758,0.0005942717114593348,0.0007222915175525794,0.5859174696532249,0.5916199452479837,0.0009589263030034294,0.0005351421268752175,0.0003316233260958437,0.0005942391545245081,0.3917357505232393,0.4956805022321066,0.0007839086117219229,0.0006335073295356087,0.0005089697731144871,0.014854424590544748,0.0012668315780130731,0.5013838391531388,0.3378448094114077,0.4680600925063628
0.4502091183168032,0.0005217818524658205,0.0004251237122222259,0.003231724180034802,6.0024681806368626e-05,0.0023116151636821945,0.9085081877011745,0.002736868941240453,0.0006600085110624042,0.005347050902492074,0.00335716572545372,0.00041439266023257887,0.0017223841713739799,0.7070940739389249,0.0033277627073136393,8.487582597412665e-05,0.004569747111176353,0.0006201537242798765,0.0007378271161073407,0.5498639587261679,0.498264700554072,0.39286816185226237
2.0822268526577344e-06,8.427388334528307e-08,0.0001498304427529325,0.5909221676581751,0.00036136337515729305,0.00025688600955971533,0.5862911619361628,0.0002716384964628485,0.0005702640443598625,0.5892055169153863,0.3913099825008994,0.0004349372267406489,0.00020766098001456543,0.4992427426174862,0.0002817583490298259,0.00038930851715427984,0.9998309248277505,0.9914801659172257,0.025551810752773782,0.4586184378017889,0.36699543605176754,0.45199981352134955
3.840309180908018e-07,2.816476062188315e-06,1.7588628334656988e-09,0.0010652731414402257,0.9265236336845634,0.0006246600265445653,0.000567445122117702,2.7751963444685247e-05,0.4621575972142177,0.0009201666332146766,0.0005657720479480988,0.29455969510526453,1.911304030295408e-05,0.00040011185790383524,0.00043697199737220455,0.9992680422604565,0.9982718972981566,0.0004117586299909521,0.9143891949233804,0.3287926825140739,0.44374257860163385,0.554000334852665
0.00011529199761414229,1.3809472794732793e-05,5.49027630375141e-06,4.085600043289208e-07,0.9170328325429683,0.0017819263599646636,0.45563695431948337,0.0016794015332538875,0.00036239964959647905,0.00010857373004593782,6.7796684672474e-05,0.00022629318684174956,0.0010493381324176432,0.2949534084115619,0.0012663188861166516,0.9999194973696077,0.0022552468758634814,0.03127718120920514,0.07650456122769583,0.4731831440727653,0.37776140996394453,0.5621302557298832
0.0012438286308073434,0.4501278580670133,0.0012584051789630091,2.3193473011881318e-05,0.003999363582047581,0.001552502826209831,0.0032358943794402856,4.0800566007026623e-05,0.00048415949264064725,0.8947415931290806,0.7032448063518186,0.0006846960993357803,5.78347247872132e-05,0.004601416862391127,0.002235325814157414,0.005656140573943258,3.280246794841967e-05,0.0018360328769854713,0.9982240630630135,0.476237854303212,0.47295297879998405,0.5175392631877376
1.8594370477543332e-05,2.5386848979454926e-06,0.0005177217153234788,0.45338060333473157,0.0002215286007231494,0.00017575070183951057,2.977439175124451e-05,3.48239682407676e-06,0.908801994169067,6.417515476000736e-05,4.022699660766158e-05,0.705404626314176,4.901262596725383e-06,4.203814907508872e-05,0.00025124677989552284,0.00031106178148932297,0.9992495877268623,0.9776396600423248,0.08638344567448657,0.5318994524352838,0.3792616412380446,0.4954776879367202
9.79610486203206e-05,0.0001312798271624436,6.457668800397143e-05,6.123096609002189e-06,0.00017236020004093665,7.747105358037961e-07,1.0,2.9940854715006674e-06,0.00025825836895422484,5.1046585920605205e-05,3.231937155524874e-05,0.00016351237074714803,1.9000863138087263e-06,0.9998436080922812,0.002032773061743657,0.4916611318218618,0.022035469697061938,0.24590830133673014,0.5918854264499622,0.5138120651043673,0.5323396716467848,0.5653271531370426
0.00326629198407509,7.202262993609553e-06,0.8808096142953866,0.4614867441215305,0.001964472430830784,4.3783632960319436e-05,0.0008765309217594365,0.0009969241665651254,0.003985973144672043,0.0009071880404691132,0.000559885689765988,0.0024600141902422767,0.0006167093207286513,0.0005439472588263914,2.75108613410724e-05,0.0012124168657918575,0.29529235307138496,0.9977244567105381,0.0013904952728670539,0.5023653478247214,0.32296648511218184,0.48678380715832764
8.135030536484475e-05,2.73035855690768e-06,0.5865667440237468,0.0010501008844652215,0.0009364095227674867,0.0017789132617589483,0.0007010865503010278,0.002931376842747489,0.6046999758292216,0.6022937185819414,0.38824238702486447,0.4949599439299553,0.003044735523503293,0.0007305062531281484,0.001876768179325592,0.0009703680326832362,0.0010881837379444377,0.9999148480531828,0.02115713236490263,0.5192358182917691,0.3114022394529672,0.3748856271608105
5.9231700358003683e-05,0.0025089508863057504,0.8560390226145889,0.0007927591430379767,0.0008592372242950701,0.00012159906159404438,0.006357805738162794,0.4425737416946095,9.206886728329462e-05,0.0006084499309009557,0.00038722051115788715,5.8593084635906844e-05,0.29249657592494477,0.004539178029701834,8.790433314523945e-05,0.0006101078142146559,0.0005629048013518702,0.99821799119722,0.9848300608500169,0.5015427929970921,0.485247589331595,0.5108489049243478
4.3412469224865225e-05,0.003202424470591936,2.4331980624638516e-06,8.14487418461722e-05,2.830204181683518e-07,0.4369484464312877,0.8856306801358548,0.002762008869660761,0.0011074170665074724,0.0007201688810745924,0.0004514993725252247,0.0006942792263502435,0.0017356480016263152,0.7056745752920555,0.9954183223582216,5.527608887218518e-05,0.01590922864878691,0.0005054925118027076,0.9914228797299798,0.5504753356725469,0.5278478701097146,0.3898911107646723
0.8831131040272944,0.000483043526431779,0.0009459803948663625,0.0011361741411392964,0.004917346188460531,0.0004943302804977183,0.001243646100556606,8.24952137941033e-05,0.002175273804729573,0.4489669298524781,0.2933798521045671,0.0015314236196085859,5.8213527513342354e-05,0.0009075219592327233,0.00036072680084997473,0.0036596990607040522,0.0007998986294077806,0.0007252496093338541,0.00034600578439353876,0.5616658144103434,0.5647540576882777,0.5399735701415829
8.426056582947684e-05,0.45684920754550645,0.0025992303443995815,0.001024563234887135,0.0021187991700044196,0.004723566868394661,0.912750214154696,0.0003375531579398529,0.00016232205641926974,0.0019129842550869346,0.0011931259605392755,0.00010124018874570784,0.00021102334938434206,0.7045463910197978,0.006700923356743907,0.002952469008064836,0.0014277027592667687,0.00373650562830757,0.9998825828287679,0.4721540157901882,0.6328890360837853,0.45222543140420324
7.074667736907654e-07,0.0007245006845741093,5.9219852759658796e-05,9.929744441287236e-06,0.4457575375051091,0.0022892712394765972,0.8868093446333127,0.0018391663388697597,0.001340639315633593,4.432620511567713e-05,2.7423278903546754e-05,0.0008294131245649317,0.0011404949182879727,0.7032049071472156,0.0032659429887969427,0.9989816419747701,0.008544125198808514,0.054253881039245874,0.9993821268868279,0.38185879054909044,0.6207702110632498,0.5217079786760622
2.8108049378483005e-09,3.9180958780927514e-11,4.758722624503258e-10,3.269090903273812e-06,4.339668747432936e-07,3.083805765695331e-06,0.9050741081486819,0.00013649587690203177,0.453910679291272,0.0005130465911027856,0.00032116407473805394,0.29454168896862787,9.570718388948292e-05,0.9999968148026881,0.4843604670771062,0.08401904548354605,0.9994388932671299,0.11067741933715902,0.008789678511287369,0.5050860227477323,0.3779670786465109,0.4546522020614647
0.007459379891141065,0.00018693799146496859,0.85181614466975,0.0019709183363606445,0.44162941048229887,0.0006421578433266717,0.0009449371700252218,0.009419966143199976,0.0008200013824738896,0.005090150429782976,0.0032154073144402017,0.0005179927766126794,0.005964551946525203,0.0006125840105215872,0.0004130065361394272,0.28879201138320243,0.001385176538470694,0.9947057155052454,0.016075528963068852,0.5153740817425737,0.5268411305120498,0.41724504123386585
0.0002294233362160394,0.0011092155514523165,3.0087900265952716e-05,3.0471163701780877e-06,9.060943749776035e-05,0.8815007226026536,0.000487623101767795,0.44448203821501725,0.0010149931370198205,0.0028002057505332033,0.0017791925584908497,0.0006449073417172306,0.2933461045653948,0.00034780722202356435,0.9991947067095854,0.05086654846016331,0.0017142493074780553,0.01773066699198514,0.8687200776548751,0.5206312282595515,0.5387398718843643,0.5052279614643921
0.0006729433558597993,1.3243774014352225e-05,0.5562916064711678,0.0024089833022270745,0.5831389836433069,0.001847636192485791,0.00015101032718435245,0.0012796421937167721,0.00014360889920493963,0.5826006411596354,0.3893883814724337,0.0001100632488292765,0.0009830205985298958,0.00011876884381361224,0.0014416670151697532,0.49544395323157536,0.0025925471454278535,0.9992687208794725,0.012625222991274332,0.5778793681568752,0.4083153532724248,0.48880265737793427
0.00020570993720867993,0.008681860889929323,1.5557668297510834e-05,0.5806126362098667,0.5837825130437064,7.057546707620376e-05,0.5703881419615501,0.002086891609390786,7.335635195507127e-05,0.000525476320376458,0.0003333759547265692,4.65391972524316e-05,0.0013270713870862944,0.3873175414981813,5.555323487391661e-05,0.5016974882711802,0.9904786384847222,0.001194477954748821,0.9847747775377912,0.4989303409324538,0.44860070430877436,0.5285403960529034
3.637965223417895e-05,0.0003186793158067668,1.0524548408354624e-06,0.900604062257078,0.0009588153023295481,0.0002467398161583045,0.0011398951421083686,0.00012388148203668076,0.4481122117453686,0.00023472341839236415,0.00014854869654635713,0.29392726952040693,8.777378591272311e-05,0.000835196154900428,0.00018078551211973045,0.0007164904443879836,0.9997692951883769,0.0022355738907346434,0.927179856357921,0.5050574969931297,0.4798215402858524,0.425857445625159
0.5959978606996663,0.008742285432830219,0.0007776329534753054,0.0042601640985187985,0.0005928922597101409,0.003335658865590525,0.0006301530629461168,0.5970776450980683,0.5923445709192862,0.002435672715853559,0.0015029815502430428,0.38933932384423253,0.5012704070147286,0.0006730012133044916,0.003626941591455074,0.0006332174256880166,0.004549956513828971,0.0008568044618985256,0.00933747085870473,0.44567537277817276,0.3308658675640414,0.48884774598978764
1.1718862246827714e-06,8.403166078968697e-05,0.0024169917630899847,0.6076631349819163,0.5968215672219878,0.0029060838093767746,0.000314297035361354,0.00011987989636476897,0.5968727595598627,0.0006366760544525275,0.00038970916826288726,0.3891276207896159,8.98113031835898e-05,0.0002349156886385065,0.0022114004352389925,0.4942672574061708,0.997386303690098,0.9785509958126712,0.9911224224841098,0.45614735965666037,0.37351231889425507,0.3512150127780899
0.9037982697731465,0.0010891637889741646,0.004130429866011591,0.002626705261825148,0.009716963039467702,0.0006045179542322058,0.4366732944595382,0.0044556056406232026,0.0022999104546932306,0.00018889367989587203,0.00011829024506383458,0.0014402663269073024,0.002796750198065798,0.2906147964615218,0.00042938682791434247,0.006779407089900951,0.0018326921662620004,0.0030644910976534434,0.0007731864259589866,0.48537608850549724,0.3811072924094313,0.45259545093429887
0.5784902898473298,0.5851011043534134,0.002572157048999142,0.002515616665944159,0.00028171655223573267,0.0005658655226137005,0.00036922801019593376,3.5791089960247087e-05,0.0015080414254260595,0.5713192904550514,0.384976167455476,0.001161308503479619,2.7626295668420082e-05,0.0002858994763218972,0.0004436441455986992,0.00021694384791225542,0.0019372252657021785,0.0020745614560204314,0.5005943796381581,0.4797231364653269,0.5069102830975583,0.4333263269352318
8.228900584186832e-07,3.7330336002955226e-06,7.511211053351171e-05,6.09414629752114e-07,1.066526997951292e-06,6.950357544470068e-05,0.46853099764458017,0.0026771516272152923,0.9388534289468765,0.00044351271030048663,0.00026909001512977443,0.7053146678112963,0.003646052509360731,0.9998573145742262,0.4707114735306479,0.008750941938443724,0.00500066366032309,0.9686191542063635,0.8618758689724797,0.7165609052248428,0.4846718199996448,0.4537428426748095
0.002489585801507294,0.000400379170946872,0.002463226058704189,0.5866253964845989,0.0016396221167421343,0.5686280149637841,0.003184272691230982,0.0011120791000466634,0.576808848179213,0.0018533504948113808,0.0011728577704634368,0.38873370660507767,0.0008609905445230274,0.00245958245149952,0.49578151806132087,0.0017793189852304124,0.9961150741782916,0.502456031173254,0.10151300221740467,0.5149463325281011,0.46064195833705524,0.4350766938797524
0.0022965904836414843,0.6216921216487615,0.5843062142558954,0.00034663429188135563,0.000954735383696205,0.0015966436350876966,0.003550835206649798,0.0004312655916465639,0.6006254726350424,0.000437285707523347,0.00026415751953603366,0.38605920709889924,0.0003177939753856718,0.0026248446684663668,0.0011950512696121262,0.0007019004720847766,0.0002548380235521299,0.49016611196961085,0.9976258388561551,0.6525114278838203,0.3254052668280901,0.4892399968201373
0.5963562266326632,0.005456515325431419,0.0009345332783214593,0.597652139940063,0.00708659699690357,0.0006054960494821554,0.00037890802355803065,3.672942134219006e-05,0.5913261025615494,0.000625306657419935,0.00038494967388431265,0.3875233736226811,2.7626295668420082e-05,0.0002858994763218972,0.0004625872689258288,0.005317880815276505,0.4976549381711949,0.0010349469355525908,0.005769709759459174,0.36581969456216407,0.37742813892079136,0.5329811532006141
0.003694209236186846,0.5837652196559608,0.0014233909221969953,3.253039724856727e-05,0.003501142373477437,0.5720694464040592,0.00048130109678344286,0.003935026445764376,0.5831228851643966,0.0013574578056283024,0.0008556402803010274,0.3918324956467366,0.0030449198575885857,0.00037361075794801953,0.4992517266766068,0.0038180023550950185,3.5474884828547854e-05,0.001625725972363169,0.9959329325576421,0.47316099010529783,0.4272515147847382,0.5630346464679586
0.0031509971824589898,0.5811933255873366,0.0007521830408084857,0.0007579033870301283,0.00044297895539825054,0.5685151815262934,0.5756177357502409,0.0013555580840182422,0.0013958576949158815,0.0003914430579657476,0.0002482336548990589,0.0008851836288499438,0.0008616357041535226,0.39119645178774953,0.49868121399010806,0.0004852161438789628,0.0008301684083187916,0.0008629136191733941,0.9965156075090915,0.5323897089053489,0.5435203949149956,0.5308442131016854
0.4541883917856465,0.9067211748080937,0.0013591684008503497,0.0016689969978588275,7.093788440975947e-05,0.003495387540185173,0.00021735247569268305,9.19583128559992e-05,0.0009409311078413831,0.004101329989431619,0.0025733977950913867,0.000590394720790068,5.78347247872132e-05,0.00013713024386849404,0.0022328915219555906,4.45108285919895e-05,0.0010472327097908328,0.0008932077835984154,0.7014735171183795,0.47727397894719137,0.470726932519138,0.6150500486186966
1.3415675363456772e-08,7.653754227666944e-08,1.4033029539352838e-06,0.0040947221511061956,0.9020849093017512,0.00045624880842994666,0.000122483174753009,0.00013740477386724864,0.0017350201121921695,0.4502767849614334,0.2947316792883765,0.0012244248706436772,9.719477142366157e-05,8.691375119260333e-05,0.00032780574574494737,0.9971102904815262,0.9997711744282354,0.9663658239216417,0.8886858206656251,0.502554457214502,0.5882977548434931,0.5206474467959457
0.4430272278318545,0.009394483262986322,0.006477605434116826,0.0,0.9057009680205018,0.0030855835318798685,0.001416252415128864,0.0001955349816276912,0.00015714009188192503,0.00019022455193153386,0.0001198795606882424,9.902972717594543e-05,0.00012351393721535524,0.000897435588159049,0.0019797194802657343,0.7079027102463453,0.0,0.009653888657656212,0.01337010621134116,0.4762592835386043,0.42634492716782213,0.43520964159588554
1.625884277961712e-06,2.8708511805225117e-07,0.00010276808122045141,0.455559436365121,0.00022380764304281905,0.0015475240895918925,0.9074425680385008,0.00015590197393143418,6.193293876676463e-05,0.00036912448128793054,0.00023143334942163124,3.8830662351662835e-05,9.78096516349096e-05,0.7038003866721332,0.002201695854329822,0.00031105551006393377,0.9998518288093925,0.9901642934693025,0.11215086326944956,0.5850868409037342,0.5092407302156373,0.41027161356518316
0.00010844264017948622,0.00011240412869412227,0.0002383537030482632,1.0190932535302915e-05,1.093588361872343e-05,1.0629211978545901e-06,0.00029675077183342034,0.45509253370652764,0.9102382919710788,0.0004368306979863439,0.00027313995809917073,0.7042532313494542,0.9994142431677409,0.5034498747372741,0.00233399576305611,0.023592154551431765,0.02199950784621757,0.6430037377219335,0.5089348312662483,0.49329593931934757,0.5433232060478952,0.6273555685458951
4.225119643837619e-07,7.353601464108479e-08,1.4489507742387885e-05,0.4478779777832406,0.907611857823887,0.0018820080141988397,0.00028616940911167213,5.988525484081533e-05,0.000827418837270507,0.00370143012772291,0.0023282079822571147,0.0005204507117787572,3.775609904979553e-05,0.00018000207558668325,0.0012052098464444944,0.7081678478958557,0.9999787444991769,0.9817397029759776,0.10970149793586104,0.5575603677105074,0.5268411305120498,0.4101164425560431
0.003534354198116242,0.5930166660408722,0.0008676711435236405,0.005063352775490358,0.00017638024269837273,0.5767279311957147,0.002933758008077472,0.0008113376829074489,0.000978386778520318,0.5931375520617139,0.3936359300000151,0.0007470268102372957,0.000620926855617467,0.0022523459774427546,0.4974031634095556,0.00018968341195763305,0.005445313802957874,0.0009773310446776426,0.9961626411371053,0.5836940684821956,0.3796566998828615,0.45818509877140257
0.0019140800980765652,0.006222366028010241,0.4407912467462323,0.004162257401797247,0.0005024981297873526,0.8950587494063859,0.005662227465564532,0.0008608286466994107,0.00022624864561375906,0.0001609426615889606,0.00010029596405466089,0.00014099323434261786,0.0005377023936240687,0.003548018668696167,0.7014319522675159,0.0006928345011415226,0.005738918328798803,0.9910172188359347,0.8086148191334808,0.45173678685245455,0.3778815780136726,0.43421941517221174
0.0008418831453481922,4.9921057747948735e-05,5.696008795828547e-06,1.0447347838010006e-05,3.4448281471348457e-06,0.4481558015109156,0.00018631245811296111,3.568211904829908e-06,0.8937186376718195,0.0001938492794888329,0.0001229841007189704,0.6994958560816373,4.9903068282539575e-06,0.0002599594467938221,0.9988231382339604,0.0026000842321164397,0.00788568512505548,0.004435559141899617,0.03770542583023179,0.5133039856797419,0.5487795485826309,0.5298773781284583
0.5677930572885047,0.004916800024883329,0.007878456113062943,0.005183136186171715,0.0021647891855514625,0.000566025293945394,0.5552790394357879,0.0011064533296743064,0.000162248634313247,0.5756062461343561,0.3844974717794339,0.00012381410545717064,0.0008553160942049447,0.4992427426174862,0.0006438647676039731,0.0025227943606413034,0.005569505188215251,0.00981364877295678,0.005393300216834819,0.4810129509960641,0.3938695611016287,0.45614133842587207
0.004394379126721783,2.2243976038183642e-05,0.5679813357241197,0.003686491458683368,0.5847111137498711,0.0005171256534461765,0.5808199481127954,0.002987424442787128,0.0005938857735977445,0.0040749407133848226,0.0025606806959056474,0.0003731980982150561,0.0018816854508362881,0.3911477355135317,0.00040489250404687066,0.49931662726896414,0.004005184188172958,0.995180011425878,0.003192033882954379,0.5173948665529174,0.5207281699133729,0.6111563675881637
0.00237414417923237,0.45117285186030986,7.6804800412509e-06,0.9154160687589725,0.0020633579669656916,0.0012137248915876908,2.980677674176758e-05,0.0022534551850242556,0.0007595587432207854,0.005004387052122793,0.0031216574114134588,0.00047380455950918603,0.0014089648010199756,1.869553578344625e-05,0.0007708076262762727,0.0012871056771624981,0.708475465074385,1.1350381882675904e-05,0.9966237834910437,0.37725586934479505,0.5620891995763809,0.540741825154925
9.290038386019536e-06,0.0006286246247242144,0.5852910328468318,0.008022035337939146,0.00041480463303633804,0.0011637122293075186,0.6058701193635972,0.6028648118962611,0.00011534863627880823,0.0007403358097995487,0.00044692418070496013,6.96334050761407e-05,0.38844436767196505,0.49799336054934695,0.0012303009645548424,0.00043074804292312545,0.008330608900516734,0.9993375584477794,0.9906393362682913,0.48078699972510464,0.5905441748542093,0.7144802162492164
0.562044651807626,0.5647365548652437,0.5880757775887985,0.0013472061034386226,0.004672524148860583,0.00018327484117560354,0.0014780801986577332,0.0011967010893415484,0.012415125448260449,0.00298365524939786,0.0018814184394637845,0.007828887975081938,0.0007564314263444402,0.0009372451707777148,0.0001176687438352972,0.0029466241916968282,0.000849592103966348,0.41776392810584245,0.49791899061373834,0.5569277182144725,0.42509424037791393,0.5271282659162467
0.001016988360930187,0.0013477293903628152,0.0033869712227970693,8.265639639631944e-06,0.9063061007339547,0.0014145474596375936,0.002951091868959448,0.44737287562840966,0.00016355645341639412,0.0018839408400377442,0.0011860863557849528,0.00010297154718408136,0.29249657592494477,0.0020729168646039624,0.0010115911508238597,0.9972741446823784,0.001355990613898711,0.713438185242579,0.5884668756987698,0.5839573775890834,0.5191831023692459,0.5613987961558117
1.7818845502853066e-08,2.1307582104269684e-06,1.0804403078243051e-07,0.0006946491254367761,0.5816634989232519,1.5771359809396747e-05,0.5746344769553259,0.577077594297867,0.00036306338713109227,0.0007232436543315393,0.0004588830741193965,0.00023035622183308259,0.3911485411350157,0.4978770287968176,1.7573722614497647e-05,0.9992397163564013,0.9980444253366052,0.033776495439003795,0.9946345600444049,0.4911752895237903,0.4735273858129302,0.5509422989660626
1.2961427794782358e-09,7.373227151986322e-07,0.0003936812069505973,0.5779716199956862,0.00014188212379921407,0.0012401285305072695,0.0030692483285680782,0.5752428671770928,0.0025635878783242818,0.581117732432213,0.39148124617105806,0.0019835817670420335,0.4943371986591004,0.0034506543054323275,0.0013942519891725115,0.00016268739654625228,0.9995349954722134,0.9988860009880788,0.9988737324817867,0.4931789993329772,0.5851558922663235,0.4995429073532699
0.0004968256117480318,8.715588997019982e-05,9.751984857704094e-06,0.5928363475832731,0.0003590985897524116,0.0021093245546473563,0.5778125843938611,0.5779277108072378,0.00036876319451429517,0.0007377846756341314,0.00046087369763266896,0.00023035622183308259,0.38487945415008395,0.5000611742915517,0.0023060737608876563,0.0003856193214903903,0.999452971616256,0.012960463353964835,0.1110966461839486,0.4731251126799032,0.3781379970646661,0.559610072977937
0.5769295833737335,0.015600515924475694,0.0007906498566521356,0.5797503127886078,0.5715791705936268,0.000746605021474847,0.0019280568738786286,0.000501495661730255,0.004445151461663759,0.0013044840724399358,0.0008294983684158544,0.0028266041451404933,0.00031964020125423327,0.0012581599042157552,0.0004833478137941105,0.3868301114253933,0.4984114674509927,0.0009186248061216484,0.01734488480527449,0.5202333174174162,0.4728849153597121,0.4960773582264204
0.5862835535296009,0.5866778406586761,0.005442284463821421,0.0004985594503930734,0.000675553851249495,0.008679200885243304,0.001354071350124451,0.5890791440129457,0.0016532406641841535,0.004641652084057301,0.0028763881817573615,0.001024505118856368,0.38980746638836283,0.0010522755781325107,0.006691574534409772,0.0005116087565628325,0.00037756790206941275,0.004382731740207625,0.5026932103619792,0.5206174424363618,0.3436586054513365,0.45045680247794084
0.0018548657278321461,0.8967821108265482,0.0013550847909632364,0.003694481654335043,0.000615746999717717,0.00033929664397425825,0.0009319665121364972,0.0008535901393843417,0.0008653150323684985,0.4503503709278978,0.2962755217636038,0.0006142732570224023,0.0006063368110043811,0.0006615886975251076,0.0002452190053092965,0.00043472863955198754,0.0026226648906488904,0.0009923777339924133,0.9986938950413233,0.5043163923411991,0.5207011918633004,0.44455318610785544
6.26301637539114e-05,0.5990967606247187,0.559038969987398,0.001053333311897004,0.5956472218284455,0.010886519553201976,0.010444591551511258,0.018157757491251616,0.0008566506067739138,5.794450126754352e-05,3.605323907141574e-05,0.0005330105893129449,0.011324792247005201,0.006535576603596438,0.006897758688531902,0.3957062651438714,0.0008063888279454031,0.4878829058319167,0.999932812174823,0.5043159997844919,0.630529000782106,0.4218067834432939
0.5700358976284252,0.583783488723292,0.0006927942350817332,0.01123198780028923,0.0004880491300431257,0.5632546646659706,0.0004106534591812068,0.006151576095522601,0.001610364776506989,0.007214046231270897,0.004563035355313442,0.0010186073319107237,0.0039001825783463286,0.0002665636552157441,0.38593829111065353,0.0003756536886549574,0.008645580076331427,0.0005670881763307858,0.5100631595969798,0.5227644383476612,0.42370981705484456,0.48773836564634365
0.008389863314996816,0.0006936118415791032,0.0020631190869199894,0.5814419538984645,0.5839900750340364,9.224438823898365e-05,0.0016553380341262998,0.0012896877825304346,0.0010825537521289158,0.5854698157380301,0.39322358162479093,0.0008362388621827105,0.0009985706687343672,0.0012857381749535597,7.254527445512351e-05,0.5013557217560755,0.9903999285954823,0.15851067096315113,0.05201754365240456,0.5054169816853509,0.3960255799123414,0.4905901827267904
0.00011874911161074544,0.00012188733129945328,0.00015939363687695224,0.00025640746860293646,0.0002191787418468283,2.5865425299521286e-07,0.00029543144126113936,0.9034815389434685,0.0005261136654579574,0.45296023316301287,0.295259731029756,0.00036985150490841036,0.999642148905472,0.3966820446709436,0.00040554473622239314,0.35577655380710316,0.5224257332405403,0.4924227089482577,0.5052800551923268,0.5578303573793917,0.5957548563236374,0.5065044622015196
0.5839830104785906,0.008781861947570921,0.011817163586881448,0.000817431692234751,0.587950911113852,0.001843576449474556,0.00032858758920515193,0.0012815645101249805,0.003642872603066424,0.5813261611619757,0.3893883814724337,0.0027980627186157004,0.000986665218317878,0.00025238756113013104,0.0014416670151697532,0.5020498196400628,0.0008908147784442155,0.013286164310821469,0.009572685314236162,0.5783938812600329,0.4219932688648973,0.48789634560909567
2.5237793147747597e-07,3.703445956240857e-09,8.937662043603072e-05,0.005331306218847599,0.5867418438254546,0.001147163495091054,0.5778484490284063,6.198084369582516e-05,0.004505445855290082,0.5808661263067271,0.3902574171745248,0.003473411646178537,4.7895332168431705e-05,0.4968718713959766,0.00126714554069845,0.9942147561444323,0.9888231747503339,0.9982670479156056,0.009387967423829358,0.415136423283228,0.45285143399061384,0.513679856658359
2.7058315108921427e-06,0.0005235481743449939,0.825812232885607,0.0008595473836636959,0.0011157141796950222,0.4252810211380187,0.00203666401875153,0.00016672040449200887,0.0013284591093062537,0.0004869076099251614,0.0003095057587020381,0.0008444433586904173,0.00010622439351428772,0.0013419002654227069,0.29014746508048445,0.000819559429574731,0.0006084899815195858,0.9996229032405097,0.9966887881673967,0.4977204933975309,0.46263811531962107,0.5107270567796632
0.00034927480415223656,0.9120565728340689,0.4369236470412569,0.0006844913129241501,0.0015116431309038383,0.004080980511213726,0.007335576423916183,0.0015510432603037876,0.00020802304899338332,5.792457482368507e-05,3.624550402753224e-05,0.00013016755571780905,0.0009728105975939221,0.004615446749983077,0.002599893585614632,0.000945924067134744,0.000428326844309087,0.29220624987178434,0.9997538785483641,0.4986378109402757,0.3759261689721688,0.5446882312573567
0.0001762624100522898,4.419687891543388e-07,4.038630506089857e-06,0.4486139995199992,9.155053693953505e-05,0.00225331142760509,0.00011287943274353908,0.0006243501917591036,0.00037588822427379165,0.8984169450883451,0.7051660291258575,0.0005334080324591864,0.0008880598540585387,0.00016603288354538582,0.003314385587599722,0.0001373401733761998,0.9997438051487524,0.015509902975599954,0.0015861507603036618,0.44696454780117273,0.48273798970702525,0.5329732926494972
0.5756741959040448,0.0011321668003411234,0.0007534901114373386,0.5939112601198445,0.006695174115683477,0.003705587483959718,0.5827715969237359,0.0021079672025753177,0.008577070415255485,0.0006215706542101202,0.00038494967388431265,0.005311993339173732,0.0013085963228956481,0.39990101630878805,0.0029400853746509707,0.005317880815276505,0.506365094003386,0.0008762000546220783,0.0012596826443737595,0.4834999141192525,0.37383410529415456,0.608385334301303
7.148129026041864e-05,1.149693562082451e-06,0.0007267583282453492,2.919264550000787e-06,0.45632353733928915,0.9090124755246957,0.0011729882334628205,6.403468107974497e-05,0.0008663109453255865,0.0002687857044338558,0.00016823376237434708,0.0005422266449737084,4.0079510584731606e-05,0.0007341772303563735,0.7038150670432848,0.9989811940156514,0.0025448965186295985,0.9375771372702396,0.010238407108829728,0.5558736985985627,0.5859362390570156,0.4186654973541931
3.746331005781712e-05,0.0053030075416038505,8.392318506816021e-06,0.5827841532964932,0.0003326087787247976,0.5713893246896705,0.5609268031828363,0.000962490631466147,0.0011787387855396092,0.0009275313461139532,0.0005877229312800578,0.0007468989300418449,0.0006112993798022344,0.3883902746230775,0.4994080305924299,0.00036331843678427656,0.9941061375232558,0.001052941678505189,0.9955375404876545,0.4572007995581932,0.5456036538340636,0.5280702404358197
2.392368876112685e-06,3.4968349015090416e-05,6.989514949120561e-06,0.0015912994976220308,1.3012275037001307e-05,0.5760732737578338,0.5888284386750522,4.59981120049578e-05,0.5919727699744689,0.007471116583189752,0.004620610776071371,0.39007345943624083,3.4855944913595805e-05,0.5094953886625662,0.9982721967374174,0.005204255485675132,0.9854685680242417,0.13116885435764847,0.9567291603455096,0.47326531707389113,0.33234706792357,0.4766691607619392
0.44292871130796735,0.0006933753212000426,0.002955113279164068,0.0011459283837871512,0.0025136895490975543,0.8816661151157793,0.002037206113339817,0.0015515772601681827,0.0023942236539781737,0.001315602409534357,0.0008229340265248526,0.0014976340970795404,0.0009728105975939221,0.0013208561567751558,0.7098686165726262,0.003707029116624831,0.001628669716654832,0.004466180214366856,0.0010026797596574951,0.4263994753345993,0.38959289895335625,0.48815263659589325
0.8991873149695214,0.0022140750842874982,0.0012123201731872831,6.203890597493622e-05,0.00018122350966488858,0.002199894583965003,0.0016612410790602526,0.44241143423041496,0.0008706910678207797,0.005005842751709248,0.0031785450289122208,0.0005528647717337533,0.29167262218320816,0.001176140013577313,0.001585680928530465,0.0001283047529476639,4.392303533390878e-05,0.0008854505383751152,0.0015675500577931952,0.5266724229963754,0.5435375844040677,0.4996406786185638
2.0415995969604717e-06,1.9850328165504203e-06,5.3199373509441437e-08,0.0008089967305629161,1.6807659739452e-06,2.5330100304432677e-05,0.5799451663518055,0.5885178881039164,9.829554598856283e-05,0.5775860052907793,0.38829500557133373,7.571144021899462e-05,0.5048733162257999,0.99911148695836,0.02028645964182746,0.0013154225192515334,0.9977680890416809,0.012319329700818695,0.4936415436874445,0.4563079229783695,0.579522757960624,0.5100708326232325
0.007891666773394108,4.1239154114760365e-05,0.8803946850604059,0.0004572837409621595,0.00520151475196538,0.0020238804489778987,0.0002480412637911197,0.0009855545558479235,0.46050346774208745,0.0021829055980616646,0.0013646350046351502,0.2987246513108741,0.0006923932091970121,0.00017481037966927217,0.00144421301942637,0.003645799059925925,0.00032051873516025786,0.994468437418424,0.0033267271273548227,0.6328834079058071,0.5220111115204245,0.5145538311919343
0.014566834980351587,0.00019394073582748177,0.0002925623604594206,0.9215250219423535,0.4467503641835045,0.0004354056635900172,0.003421128451769133,0.00032916153494254297,0.0002824240498987333,0.00029349879625578765,0.0001824293991598168,0.00017554570053367993,0.00020507396718355436,0.0021264674664007196,0.0002755317750432598,0.28734495946066313,0.989934539017127,0.013187163268818913,0.00847536289556259,0.45380519605000624,0.36730426748186623,0.4331116847115371
0.0012278670232737867,2.9856183671807886e-05,0.5619308983470741,0.0012004585447572282,0.000495942011629039,0.00029415758024853094,0.004312198757244612,0.5792427327277384,0.000589878726167413,0.576568182606993,0.38537845388365893,0.0004507250587956835,0.4908358077525644,0.004664906669892272,0.00031906548527358737,0.0005283772896338748,0.0012789713104531838,0.998678949591236,0.015554102326272412,0.5183587092901872,0.5210969986247201,0.6114822139426052
0.0020167939516996768,0.000248520595159747,5.05627622803401e-05,3.882873103379142e-06,0.5785442325621529,0.568814249374034,0.573199457530517,0.0027580156144541147,0.00015596458699002728,0.0038564487777400544,0.002452295134450878,9.917753694377719e-05,0.0017579135343446795,0.3905431183797998,0.5003062145519312,0.9977417207105901,0.0012044746410065366,0.016429147656308235,0.07844109495449025,0.473161725238609,0.49505318224112815,0.5199508119470476
0.0020322966412916798,0.0001842540716398463,0.43193887404924786,0.006267223959767892,0.00019273130046004665,0.0017436045325014244,4.6257190254050715e-05,0.002173505142041694,0.9159014321024367,0.0009200138883116819,0.0005733379602676078,0.7079003786183866,0.003065402102663453,6.544558582677665e-05,0.002497772915013491,0.0002711894751511656,0.008818804383787182,0.9971008536881996,0.05784700010605198,0.6239599240923661,0.430969153584692,0.5377975219243628
0.5778278029134377,0.00012075162896694169,0.005758346916629398,0.00036082089916616663,0.0011524644682243202,3.073515720134784e-05,0.002480637457198644,0.5936554130779517,0.00035047888590931096,0.575379751042689,0.3844651415791914,0.0002675313519693341,0.505761504611618,0.002801152134939533,3.4706609531133916e-05,0.0013027776930286652,0.00039308900097557824,0.00667094087884923,0.0001338513073178485,0.5075819704501197,0.5036724743467356,0.3853154600200559
0.5952514301692725,0.004436315079491844,0.004024544603482947,0.00011602690761506526,0.0020859853533860577,0.5827554216385055,0.0029774735994199577,0.0008161600959364734,0.0008370804033006908,0.5943302077860475,0.39040800999412173,0.0006310301536736574,0.0006166964093415236,0.0022569191496421863,0.49591287716300075,0.002209748127773789,0.00012291134870297173,0.00446523818933022,0.004699701590197336,0.5804603033543847,0.34158783714113916,0.5331444052862576
0.0024082972362865426,0.0001271288678388788,0.567856735280321,0.002952997909179275,0.0008576096450706021,0.5793886875309442,0.004838161225802772,0.006690230388192521,0.5903038770676129,4.303863463971667e-05,2.687151473632532e-05,0.3930623554549423,0.005134939670144611,0.0037048750321258587,0.5021911471305829,0.0009319720129756628,0.003209064919691856,0.997379195607447,0.03357463543360678,0.5040408711590643,0.38047809523636855,0.4269436036747239
0.5975428562045545,0.0011195957951192785,0.0010145156728239779,0.0017273290015575806,0.5983377861971454,0.00015251385332862332,0.0005450773044929457,9.07779951618456e-05,0.5857812281082821,0.00021001936983264163,0.00012955468142009704,0.3842627267172063,6.817575966178158e-05,0.0004106563134802577,0.00011634092105756609,0.49739831521656036,0.00182288652365929,0.0011213360742622326,0.0011815386648498824,0.4918395872247122,0.3482704878011272,0.405515026307196
0.578089333408097,0.0022102741051431385,0.0014845919653394529,0.0026109927158394016,0.5823652684182151,0.003970531561318556,0.5784965501452973,6.189416351663089e-05,0.0008775390786482736,3.0674767145826435e-05,1.935353519433498e-05,0.0005536630647745881,3.9141891553821895e-05,0.3911477355135317,0.003121294645854783,0.49931662726896414,0.002848127239187208,0.0016961150064423074,0.002411045131584009,0.44216072540721263,0.42466389349715766,0.501465671809501
0.5917845750345234,0.002069369467242959,0.001491437169259907,0.0017977154804067938,0.00981234723834779,0.001878217882454629,0.0016753542976713253,0.005830229121731791,0.582564094549973,0.5763780341366275,0.3862337399254408,0.4949349564905884,0.006285373419119722,0.0018019963330424883,0.0020567511597588107,0.010554641088925553,0.0019338909510053944,0.001655146462198469,0.002226141412179694,0.5094487376314526,0.6036247749108782,0.5093394158643264
2.0151159953470666e-05,1.3664892474868525e-06,0.5685539789285093,0.010046133680392345,0.5778874954018024,0.0014017503065369182,0.006284625573504979,0.5832811243539188,0.003603544002638074,0.00031331032196412004,0.0001975007088468975,0.0022715626585873812,0.3930397427164899,0.004858613929825062,0.00110331346242315,0.4952282392877634,0.010903006935676217,0.9999780777006297,0.04310443123992608,0.41784292097108594,0.4882388945830546,0.5550457392047704
1.8107464941698538e-06,4.743196479501767e-08,1.3330026500614728e-05,3.8299290320019974e-07,8.096921041180252e-10,1.600374029728057e-07,2.4489191793421634e-08,0.00010981651365552196,0.8949808762661885,0.44731184775386035,0.2950655969909579,0.9999210827420321,0.9201516879184282,0.0011295013072913456,0.0074738942612344456,3.71431460567586e-05,0.017571330697618903,0.9158376789575255,0.016514759880189245,0.521199181135783,0.49144173281894293,0.504067011818083
0.005299561261416219,0.5840146355807666,0.001118562380107016,0.0018358315715052294,0.5835103538005764,0.006030761464878945,0.0034505192767935655,0.002284576908057576,0.5670426053428816,0.0015648459637286418,0.000988734719729308,0.3805417993998758,0.0017503761221602254,0.0027066613671748153,0.004693322665169325,0.49420850129816657,0.0019668120559002645,0.0012743066908939278,0.9942680558502263,0.5318286788911543,0.5294809077861241,0.5753695552510815
4.6481266889964664e-07,0.002555111505874958,1.640824200259117e-05,1.8797298005648864e-05,0.5944201411668871,0.5791189841895792,0.000998113463611307,0.000812932523668151,0.0009824376216722459,0.595593336669264,0.3936359300000151,0.0007470268102372957,0.0006195821328588886,0.0007631247081955947,0.4974031634095556,0.9972633744928001,0.004683257395063478,0.004281705715607078,0.9998830844967551,0.5834684407858771,0.3796566998828615,0.4223937188781518
0.005070213221973023,0.5741519008860451,0.000893113704894527,0.5796001249471682,0.006624999945162764,0.000576914955358377,0.0003565595697342201,3.5629229032316076e-05,0.5711546987846388,0.000605727282862581,0.00038494967388431265,0.3862414217643362,2.7626295668420082e-05,0.0002858994763218972,0.0004625872689258288,0.005317880815276505,0.49749150258865116,0.0010349469355525908,0.9943423671058537,0.4797231364653269,0.4851812300191941,0.5332469809587711
5.810051030217504e-08,7.529420006239455e-06,0.013213404311275337,0.585424740844734,0.5844274230512083,0.5754966486444208,0.002080615786501978,4.5032128350982476e-05,0.0007294721518880562,0.0014477550814799682,0.0009091354992813946,0.0004580813050227175,2.834453354138341e-05,0.0013137417829964084,0.39228793295018977,0.49936835805142854,0.9849535511258166,0.9996536230333049,0.9950407768855007,0.5179803880856119,0.4243844411555245,0.41198821950362446
4.3667362520250724e-05,0.0038963938429614252,0.5602420319689032,0.5852300364258783,0.004442672753683016,0.00038891204596282485,0.0010780576272279858,0.0013340858514386828,0.5709004946766908,0.00011607422653614249,7.380324514053287e-05,0.3862612135288742,0.0010349571259344117,0.0008343881919560105,0.0003064534104310863,0.003438530713712153,0.5039741881947272,0.9957079047143326,0.9928656230025179,0.475596920889039,0.48470647115729154,0.5203920815494992
0.012477766651144475,1.5299070902399115e-05,0.8711588844282486,0.0026268810595727774,0.0004817367972134842,0.000604524218168518,0.44566817736682873,0.0013591755325016851,0.0014005849080225492,0.0001896274295494745,0.00011874973861275952,0.0008770837988585068,0.0008531404116745169,0.2906147964615218,0.00042938682791434247,0.0003360920928474,0.0018326921662620004,0.9912112891711198,0.0007731864259589866,0.48537608850549724,0.3811072924094313,0.45259545093429887
1.2045028935991712e-05,0.000304762589206802,0.0003678362508634967,8.480114911114603e-07,0.45315452765649644,0.00023741599818288822,0.0032331258464480123,0.8939673898710094,0.0006442726194133791,0.0007649580685118302,0.000484984837023295,0.0004084701450610106,0.7019182530024066,0.004661038648262282,0.0003395706144576384,0.9992985682424165,0.0010812603256950756,0.5730360572333515,0.9750470895584273,0.5080599699475777,0.4373052498377211,0.48843747113921804
0.004718489314000809,9.188314810014959e-05,0.5704973154976325,0.00011363139061686451,0.014060096124053364,0.57088311741572,0.0029168144084883046,0.0007829416405075796,0.0008200267954804074,0.5822220826413593,0.39040800999412173,0.0006310301536736574,0.0006038993780994686,0.0022569191496421863,0.49591287716300075,0.015205452668032748,0.00012291134870297173,0.9948464552542445,0.012278216142203018,0.5778878929385693,0.4323209865762143,0.5313307623114257
7.778465346251317e-20,9.842801049025675e-18,3.9606026944970235e-17,5.774312377759735e-18,1.491390454351142e-17,3.591023327460083e-18,1.6210361830582873e-18,1.132007687674953e-17,0.0,1.0,1.0,0.11588492371976786,0.16086191988532664,0.020096761816010143,0.04141617409470977,0.18336347048071333,0.0756684695743868,0.8725050290733071,0.9920519356095753,0.5051766630233825,0.490701648165247,0.5097482782746512
0.0005023064709333333,0.4521282175146338,0.004202621955759469,0.0004272764791601671,0.0004362712636072604,0.00023242403414529874,0.0001757008264042504,0.9048760399501408,0.0014162553195997676,0.0009495647538715364,0.0005964917896834354,0.0008896551698788422,0.7055882884876599,0.00024874564851192936,0.0003331697027710405,0.0006142632818399265,0.0006015990388294936,0.006104412550400784,0.9992927269583465,0.5009219295046646,0.5249709600167863,0.6132293086281687
0.0010711450137457592,0.8902773018432837,0.000774219786417119,0.003041253197134367,0.44532543544076764,0.0033312826981037494,0.00012373339369694806,0.00022652122337790646,0.00033683260824499155,0.00013115867985267888,8.291022884141376e-05,0.00021292429399846037,0.0001435267731325681,7.864695807381075e-05,0.002143927296994185,0.2915980920437453,0.0021434486740433897,0.000571501701945365,0.9992378602966309,0.5025717202296772,0.4188233737083423,0.4777399012688728
8.31270750047788e-09,2.8337581684881025e-06,4.564921588517588e-06,0.00027319500949848235,0.5801588839543516,0.0002892817298955463,0.5745762316053996,0.00027948249893565175,0.5748317334796997,0.0021279389351131334,0.0013448483746219767,0.3866230878725608,0.00021559545877992666,0.5051559664264722,0.00032317720596580486,0.9997001537469379,0.9868454651591441,0.6587940650338362,0.9981469975749363,0.45372708616095614,0.5160992387882237,0.42987929739550773
3.1813812218028374e-06,6.97154555901899e-08,1.1167478648793958e-07,9.837825562326691e-08,1.219979787432488e-07,3.905297022605061e-06,1.1932795258164077e-05,3.9146939066617535e-09,0.44793172333630493,0.8959521473104228,0.7048579756179272,0.9999809307158057,0.00018617645836134164,0.7466234112573933,0.567944608354326,0.024692633236890388,0.019202307257073455,0.023749632690007072,0.01385983942500763,0.5144888499975683,0.48768835574521446,0.5363815397933462
3.930272386103629e-06,3.858272556412907e-06,1.2784231546468325e-08,0.00022432666139630898,0.8987458297577995,0.44480015890641894,0.0033442781796926323,2.5845898939107267e-06,0.0007023887941517838,0.001371505115641838,0.0008675805015371213,0.00044431423701814785,1.638767273303256e-06,0.0021271583352100863,0.29713289310560076,0.9998410520351382,0.9843730894990204,0.0015244481299900537,0.494115048458752,0.5580203651402853,0.44619530166113824,0.48849415314322936
0.00565117262667229,3.0124211275141013e-05,0.563840012996965,0.590861277738073,0.0010303311958619402,0.5798766332047518,0.0010115583292064727,0.006326810317917231,0.00139605594766158,0.00018716626427218064,0.00011706162285452526,0.0008731521598917494,0.003966321557836962,0.0006326839430730008,0.393905504387356,0.0007910882601177439,0.5049768118295341,0.9938150429107359,0.0033935411546425764,0.48497724401098996,0.37507942121523014,0.4548210160499106
0.9008538622665887,0.003369519075338026,0.0012067711971639515,0.0011864166993533994,0.0006684673518366504,0.0007498496094920142,0.0017663210076870066,7.68708129106857e-06,0.4573870281504699,3.354972009501863e-05,2.09524936956693e-05,0.296221571770821,5.384390949364754e-06,0.0012666787899837382,0.0005431449673149783,0.00046713612591497977,0.0008290881450937777,0.0008967488634695428,0.0023957394505372265,0.5599316331107098,0.42382149563936755,0.400107779737784
0.008149287326337639,0.5759158000683575,0.001782116568698029,0.001864541996484014,0.5760921259969776,0.0003690499531970581,0.0015903109478591887,0.0021144892749207496,0.0011918464613923502,0.5750039497669831,0.38867691523754316,0.0009233125325663722,0.0016419034166541954,0.001264290524225351,0.00029107360161839246,0.4945612707153761,0.002025537329545496,0.0020586782081955524,0.9910622212113349,0.4461241641384038,0.5063772367315724,0.5047446315243813
3.125875250396695e-05,0.0012671767173896434,0.0015260826985974197,0.00011248891213122897,0.5855094264619485,0.0007543522301036733,5.583115104557126e-06,0.5776018655835921,0.0005560828867082296,0.5792373249674557,0.39027545155065213,0.0004299337563542602,0.49641199529061103,6.2295129180739645e-06,0.0008350338040617425,0.9977429193709051,0.034514369995483817,0.5725018350119209,0.9844207965042889,0.5774028872697597,0.47272273730035197,0.49773962874303385
4.361890593173768e-06,0.00013281087850110525,2.4656353605716688e-08,2.665093275402244e-06,1.6263920564608065e-06,1.6645550817960332e-05,0.5730213617170997,0.00267875691463902,0.5874123252701778,0.5794722631847512,0.39061184249921366,0.5061442765574897,0.002966664851847727,0.9998519467171552,0.08073036189010191,0.007789775208558563,0.0127662362514744,0.00012371677436918537,0.9789354194211415,0.5426374292022373,0.5612368578495185,0.528722558344532
0.004378950689561575,0.00035889922852073747,3.430638357482737e-05,7.276525767690551e-05,2.5392434466925815e-05,2.0724206714528005e-06,0.573733959831001,0.5869527377223448,0.5736399099459111,0.0024184015999540896,0.001537137492039875,0.3882256096510366,0.5074437674360434,0.9951631347722876,0.00030813561910822114,0.0036881801136217874,0.010627446509640537,0.005169440397957503,0.05248365905122865,0.4672942451084378,0.5227368427693468,0.49577715524408666
0.0,0.0,0.0,0.0,0.0,0.0,0.0,0.0,1.0,0.0,0.0,1.0,1.0,1.0,0.0,0.19495006081442723,0.0,0.5873803613167293,0.5664942265787479,0.5945223213358406,0.48950397039748306,1.0
3.385979901875379e-05,0.0017121660500590589,0.00018281193370296586,0.00020585116686038681,4.0522630726921574e-05,0.4401832820767586,0.0007750687899798607,0.8922247372967127,0.0006841026934736364,0.0005264142389644712,0.0003350207465693811,0.0004353769658110661,0.7042654427050229,0.00110708354431136,0.9975340564701471,0.014862499760451894,0.07569203577346384,0.07088321396076008,0.9872917774352665,0.5113084023032101,0.4903826650916168,0.5096429375615011
6.936658946552128e-06,4.984851995780907e-05,1.5528711976558058e-07,2.7388751487624273e-07,0.0005459734646099268,0.44060894319917787,0.00016435221886828668,6.904098125355011e-05,0.0005666090898332597,0.9020240328206527,0.7062069686844968,0.0008041242084383159,9.821090256016332e-05,0.00023453048734422167,0.9992218746925786,0.9414707368615644,0.003463889157635347,0.0020569478428449917,0.9112956448119937,0.577512147118507,0.4629159528064718,0.5050221883673346
2.3800829154464505e-05,5.287060464652768e-06,0.00023731675288781386,0.899062386307664,0.00043536724183030137,0.0003229471502403681,0.0012266590726076976,0.44503992159651673,0.0005996280986959688,0.0005846212133709481,0.0003708299344312993,0.0003803489880536028,0.2932084113769148,0.0008913497959002583,0.00023281356917167323,0.0003082804551997277,0.9998204612238787,0.9380797751784019,0.14021105354573166,0.44481402255384034,0.5244645237543251,0.5007421483287732
9.229769907381427e-05,1.064254075931253e-06,5.150674080610362e-06,2.9370625640594778e-06,1.8545176940157294e-06,0.5793462497500154,0.5815670163128973,0.5853387378545929,0.0038109025250856383,0.0019211769837794831,0.0012027303680123326,0.0023857793514294617,0.3915210916625326,0.4972579937846292,0.9998991849383789,0.012640653178548678,0.020025364702300708,0.036813549985747235,0.0072709607482056016,0.57675543147812,0.39508426937303887,0.497955822344752
