obj_0,obj_1,obj_2,obj_3,obj_4,obj_5,obj_6,obj_7,obj_8,obj_9,var_0,var_1,var_2,var_3,var_4,var_5,var_6,var_7,var_8,var_9,var_10,var_11
4.2401081569624606e-05,0.6007079694175848,0.0004886850465488271,1.1132777431051663e-05,0.5937013569069032,0.0005067280609784654,0.00018790866006205038,0.0008370001877666678,0.0003443060765597729,0.5961957974323788,0.3905986779889122,0.0002589064034360457,0.000629395675223096,0.00014130096888031478,0.00038104242456112915,0.49779822011346175,1.1798318289259462e-05,0.0005231890285900639,0.99995500007934,0.5711415520684112,0.6596920597286973,0.5700361061181074
0.007611658170924784,0.5813370615916712,0.5764783202268653,0.001679089113100484,0.00025794677355195215,0.0011564958808077588,0.00025548852566423984,0.0008111117775063168,0.00011456048711456035,0.5793642502412965,0.39204644341083433,8.907717993132644e-05,0.0006306848360994181,0.00019865670642635336,0.0008992409578309516,0.00020056834241551427,0.0013055886016939424,0.4973011761801591,0.9916649814205388,0.5066065145665559,0.5052008094668379,0.44589138331792083
0.005514140079149448,7.488815720682509e-05,0.574699110048023,0.5810167127573017,0.00036470071087079157,0.002032757706279557,0.00019312687682262428,0.0008364637853879634,1.1314913145404315e-05,0.579923814894927,0.3928858149927322,8.814088550203222e-06,0.0006515884891396119,0.0001504420121860423,0.0015834796568746368,0.0002840955244422554,0.5034655156241749,0.9939303202192731,0.008700965510070269,0.5194986285177208,0.4846232943186783,0.538525658741239
7.9442821379169e-06,0.0015370529183733755,0.0018014518369205141,0.001174879936810785,0.5786515089533326,0.5789372270949598,3.501769689185209e-05,0.580373750592174,8.859151684959473e-05,0.0003082978464551422,0.0001956000462150585,5.6207026928923026e-05,0.3926431428936985,2.7234921602545205e-05,0.5001538100591782,0.9970916837510799,0.29319369563487846,0.5503090399402105,0.9967096500113655,0.5204840123283101,0.4888288331903895,0.44639866754430374
0.001058671635369994,0.45285790725183006,0.8979793368619686,0.0019196996498795531,0.0007128291920843503,0.0015190407335313712,0.00026914431865070334,0.0004912404059305915,0.00036368655819744817,0.0008215530958402997,0.0005200466844597936,0.00023021523006000526,0.00031095741633451607,0.00017036959621648484,0.0009615601855748064,0.00045122473263481156,0.0012151811990066348,0.7026419570629591,0.998522908120052,0.5722072388182636,0.4778389920663738,0.4974226547523494
0.0013286362282628032,0.5750681209615094,0.0010864286699827387,0.5862803035115705,0.5718050395669522,0.0008604587641722783,0.0011456812151153352,0.00019813291443068689,0.0007331049936307581,0.0006764321364370303,0.0004290205451986394,0.000464964868887765,0.00012616950330940823,0.0007266377141747625,0.0005457383165487313,0.38997847107831285,0.5061445859900584,0.0012219325182863325,0.9985270628024573,0.4805701228514112,0.504246436806296,0.44206765704689094
4.034996933420034e-06,3.117853643079087e-08,9.757567954679492e-05,9.949047432203413e-08,0.4536036334017706,0.0006301363408440401,0.9165467666503534,0.0017712777442368763,0.00012918682143978579,7.59005513060656e-05,4.706945481745118e-05,8.01147445870317e-05,0.001102871332126521,0.7025689994602892,0.0008676400547495348,0.9998633862239812,0.0006383701043561825,0.974065042496761,0.004912085702439839,0.427974643007255,0.47891299635901274,0.6446766901969723
0.0006310682549248724,2.1356750504248097e-05,0.9042819133336056,0.004613755570192397,9.266314840535378e-06,0.0012918548900441417,0.00030471068457723087,2.2754999636166283e-05,0.4516628535228792,0.0025826757565728274,0.00162658606232787,0.2948942598737917,1.6019423576171083e-05,0.00021451503827191423,0.0009094607440907618,6.5234535147033084e-06,0.0032480820141713882,0.9995554699775502,0.021536406834220145,0.4903781351187114,0.4958253805860754,0.3965153105722472
0.0008938140680047865,0.0062019535630627905,0.5702188113951656,0.001534171600631049,0.5721601413364923,0.5769835281232433,0.0017387138439230905,0.00013495171696803463,3.0090099462787776e-05,0.0008900728302236359,0.0005660497357277549,1.9136071523234737e-05,8.616904920962038e-05,0.0011057513971087073,0.39107470727653104,0.4989671714252407,0.001685773541343194,0.9931144309424109,0.9087509365996612,0.48827304256963683,0.5043583535340976,0.4702881531197368
0.5801232368951627,0.004368705284093659,0.5683721792908311,0.00106431006612779,0.003984807845401854,0.5740144679037957,0.0011207606814889104,0.0015008432857666321,0.0007130286931228719,0.00036210499982777605,0.00022873425078742313,0.0004504055580927564,0.0009599361748421503,0.0007079625367704961,0.3956933687865767,0.003252715145014351,0.0008377009883896655,0.4982182325364177,0.004794113650865907,0.5167360282992689,0.41479159273082383,0.5167495390431849
0.0001744323610178557,0.5810344269476792,0.0034844330425496256,0.00025972556311431715,0.581263310998908,0.5779759547034403,0.0006979542308159545,0.0016846446563582532,0.004510047061484636,4.126099251966322e-05,2.6142895890558043e-05,0.0028575678767077395,0.001067399291991588,0.00044222774638739645,0.3901823549203085,0.500119595955514,0.0002845673676175023,0.0038177295137002965,0.9998100994223706,0.4473585899734966,0.5032769935997387,0.544574086436014
4.400531339358412e-06,0.0005254901018959092,2.40181187212671e-05,2.4139686143629402e-05,0.0010307094693206803,0.5850505609895742,0.5831695533299275,0.5859866055337932,0.00036367578625613414,7.332469474463695e-05,4.60902495753322e-05,0.00022859840331997453,0.3927889730090536,0.4989743257070749,0.998740532905057,0.6992952890728507,0.029192702009279592,0.02907617114290445,0.9946689770811904,0.4736409824301055,0.3983379380949119,0.5420060825403329
0.002513956839734522,3.0357197423569637e-05,0.45054779082489393,0.0010406239144021988,0.00046650165186664386,3.1098748729180746e-05,2.507446784220744e-06,1.9029067102413032e-06,0.8977450922498165,0.0005056345775272042,0.0003204664984398634,0.7038783069294343,2.688738725304627e-06,3.542932101802739e-06,4.3941413225795526e-05,0.0006591501712435476,0.0014703662539873597,0.9964475806296937,0.007687106054674986,0.5054314433799155,0.5083729304418383,0.5660617223741334
0.0014981329754117842,1.0640264882391642e-05,5.426237941220947e-05,0.577331522068363,0.0017448583998273836,0.0007949671972896815,0.0010062195701317223,0.5784408768360948,0.004079745658505403,0.5780706366263524,0.3919168785079064,0.003177970171121269,0.5006077227028569,0.0011095408333737279,0.0008765976776768816,0.0019333196146376361,0.99834452383922,0.02324980913107555,0.00451499041766568,0.5253986624571503,0.5015341206063432,0.519985306026909
0.45114314283717993,0.0005656049574578694,0.0002482588096376891,0.0002955678142373246,0.0005275192402178099,0.9066576236106966,0.0001886267761872481,0.0006021752866375044,7.829185041802433e-05,0.001633611813407467,0.0010266570925359722,4.92032149990231e-05,0.0003784424782574229,0.00011854420971956544,0.7056997185262068,0.0007469244958832391,0.00041648977999516506,0.000351607905129702,0.0007970042880905397,0.5513527675303398,0.4856701350812796,0.6007189072482976
1.5982700976705247e-07,5.6973934378757945e-06,0.00039752653095993974,2.4752781474323944e-07,1.466151122571306e-07,1.4957141707014622e-06,0.0001982803241856611,0.4479574856806359,0.896889128134422,0.0009460753369475896,0.0006007672049464768,0.7051092846084714,0.999366042364115,0.2932305667183075,0.00238292085935482,0.00023471087128188513,0.00039435477518569035,0.9909191731646378,0.9821203932591389,0.4829746738676808,0.4764935164143676,0.5411451712527029
3.766618914344754e-06,1.5553471919223406e-08,9.207006283492614e-05,5.572104324633865e-06,9.119598039631865e-06,0.46459711013413185,0.00017915797631370888,4.733756102425272e-05,5.907456005847974e-05,0.9273492599177797,0.7043263169634244,8.094761716285435e-05,6.539363079034386e-05,0.000245493352435459,0.9998708624574503,0.06289438465823996,0.03784680181041237,0.9743425765346648,0.002625035877205944,0.4916671882023369,0.5574569125742806,0.3160158815042239
0.5777106677634534,0.0006849027927465103,0.0015506229072448053,0.0004573523862728263,0.0008643292960127566,0.0016103377766736543,0.00033368016125879786,0.5735138146084672,0.575803096639694,3.920213747391955e-06,2.4913634908276786e-06,0.38984489785274046,0.5011881305777118,0.0003671788617799842,0.001795562830742935,0.000999182238704844,0.0005097944816794444,0.0017343761854287142,0.0007547487373432002,0.47825552934806415,0.5152225813258509,0.5320979942510479
6.907942867710722e-06,0.0010251895123210204,0.5719783127663726,5.490965300738355e-05,0.5833496456163383,0.0025897461810990116,0.5807745261355908,0.0010193623942219867,5.262304893519711e-05,0.0002633804874134461,0.00016727525817384156,3.342136082135809e-05,0.0006474061267409312,0.3934233216505445,0.002018014145903844,0.506265224700248,6.111510481880983e-05,0.9988589255426115,0.9957377472634391,0.48904586554150004,0.452774439215573,0.4946256138079522
2.268763780073687e-08,2.516992257042275e-06,0.0001918262461348197,0.00018716355020047796,1.384139038335908e-06,0.8960795732529842,0.0002488168375859695,0.00032996019444001646,1.6265230404610922e-05,0.44531134319618054,0.2924718339753156,1.1503631121982747e-05,0.00023526768822828653,0.0001749061350291856,0.9998084603975491,0.0032839253384547244,0.48825232961347537,0.9917821027179374,0.9942536269934693,0.5159943160004641,0.44382751280372856,0.470876739729911
0.006330624768893974,0.5871050608909413,0.5795961396543824,0.0003389247295405318,0.0005944349761549345,0.00039164614393697865,0.0002046215091882681,0.586779947894464,0.0010012752307849515,0.000550272300012277,0.0003460196641061767,0.000629617390560633,0.39357210303734824,0.00015789368911301718,0.000302208982471619,0.000458688592004653,0.0002615272393091359,0.49588425202030906,0.9931357350093939,0.5106620779528824,0.3894712971519003,0.49099444086259775
3.743287720059969e-06,0.0005555515869378778,1.9456015790367794e-05,0.578637477239291,0.5702381794111274,0.003968231319428387,0.0010786590302584549,0.0004579957945439594,0.5769143483207564,0.00032710342990117545,0.00020738572005389244,0.3896428999650695,0.00035766577280792536,0.0008355534732587117,0.0031147611190692204,0.5001245238508523,0.9993908772847587,0.022651828094292614,0.9957044336285132,0.5045197511156579,0.4910475973910044,0.5634128455441053
0.5844345369214232,0.0004863722823095817,0.000258056581110787,7.99822982982314e-05,0.5757233196989502,0.0006675265890119772,0.0006797920198970164,0.00023659208398560071,0.5778295450479378,0.00020037981033443458,0.00012712732154951669,0.3906525903728435,0.00018359700736499297,0.00052752313654843,0.0005180052561824621,0.49521979169172115,8.712402571279653e-05,0.0002810988125790942,0.000529801236250349,0.5257248562736536,0.5204504843484588,0.4513302432300981
4.025920601553784e-05,0.00260180206607131,1.4423493883840568e-05,3.0330569560416814e-05,0.8935950687155568,0.000194917635658294,0.4513745319569127,4.016950581023923e-06,9.752658802526131e-05,0.0015031878712652908,0.0009558798526772998,6.201737825341516e-05,2.5543879822067627e-06,0.29776940994515394,0.00013886367218267535,0.9981460392167523,0.007420071844041171,0.003528742027213705,0.9901499957791804,0.5238905517845084,0.50139755851225,0.523595499594186
1.1134151737186263e-07,2.2959784680706154e-06,8.716577022683494e-05,0.0005032618496821919,0.8951248823408399,0.0002178610312797776,0.0020854988268323937,7.171993831679208e-07,0.4472763484563594,0.0001139328036465762,7.248443718208463e-05,0.2950036975570631,5.100762921600964e-07,0.0014832200030247013,0.00015494443016850288,0.9996367436507774,0.8907823646630311,0.9832153852436357,0.9691518337161449,0.5105318713118517,0.5187014629548056,0.48607880903209155
0.0002012999836000637,0.4561482220938463,0.00040028647796197406,9.406688985301238e-05,0.0005471267395641691,0.9109609331589645,2.2464015667331954e-05,0.00022946725417612008,0.0006206411560691074,0.002133881376891422,0.0013334213515011526,0.00038782728950510943,0.00014455881082284266,1.4037353993589786e-05,0.7044592264812581,0.0007782131875496199,0.00013128366747361216,0.0005675861233444372,0.9997186571176735,0.368881778104678,0.4974533139333997,0.46014620792934546
2.451111234494528e-06,9.304955981607399e-06,0.5770421913499555,0.00010794755139804155,0.5749722416208058,0.0008876667472616571,0.0006837985448586952,0.009007653871493654,0.5804940903684012,0.0013751726460560813,0.0008751874081653437,0.39413902662492156,0.007039309726602466,0.0005343973651064085,0.0006937232898430996,0.4988561115756723,0.00011909275581164949,0.9999893841456036,0.8360266081971527,0.5133091314503127,0.49139249869482476,0.4920655319643789
8.782971498572611e-06,0.000536632742211055,0.898955890476803,0.0004529286607501596,0.0005106327754379255,0.45197434511921347,0.00018813630355550987,0.0001788553363885604,5.824638940534984e-06,8.764176202863535e-05,5.5451645902749994e-05,3.6852957926041853e-06,0.0001131632070048172,0.0001190353513770134,0.2965798586544603,0.0003616181734230401,0.0003207535188008068,0.9996199182507414,0.9895814889885095,0.5607248452402191,0.4861011849235071,0.5479778019727625
0.5864052426531039,6.037389634278289e-05,0.5764816376244238,6.694558851525296e-06,0.0007050689464859541,0.0012434567410655065,0.0004560197328718349,0.5804268434498095,0.0008141556729291101,1.723651055537467e-05,1.0925529872293511e-05,0.0005160605490167039,0.3922635545105429,0.00035418775641541604,0.0009657857674672246,0.0005476235219742101,5.199631637295882e-06,0.49660411705324214,6.596453414957695e-05,0.436797707814156,0.48358465605583095,0.4904945114384884
2.6215551756065837e-05,0.002320733417598,0.896272620530517,0.0010145292900865773,0.0018599716879774165,0.0010176942605313122,0.0005189583907010504,0.4481583071440842,0.0006549764899837244,0.0006147646757222819,0.0003905593715645136,0.0004161059779887892,0.29517796252168466,0.0003686120544025281,0.0007228604477379168,0.0013211251769138764,0.0007206144086941197,0.9983514900546697,0.9928628550150924,0.5013754809126996,0.46105674223767606,0.47632295748507864
0.007588785162749773,0.581315742443828,0.5794356809809218,0.0009341956349194504,0.0009596010742167274,0.0001425378761116826,0.5796752937295988,0.0038994669879107873,0.001996014434120493,0.002339275512000645,0.0014820006842667377,0.0012645376873020836,0.0024704439724279603,0.3914507725742929,0.00011055202470246456,0.0007442644003642469,0.0007245604862284312,0.49894209616543156,0.9917427216683474,0.449768618051898,0.4610154144102365,0.5289024462245663
0.5943519185592525,0.5955620795230098,0.5866125603927091,0.0006461303492698151,0.0015780509251464537,0.006350205795481885,0.0027164878670913233,0.0005343260438830813,0.0003329996614476325,0.000414665930429006,0.0002573635961490606,0.00020667720753461336,0.00033163103847312967,0.001685998347367631,0.003941313352224252,0.0009794446510088537,0.0004010323402984335,0.38759762669531295,0.5006474519443416,0.5095431853746644,0.45897672134893813,0.3452355363011064
0.5782654394161123,0.002019207018731257,0.5648421720078152,0.004086601980277235,0.0020341842389994124,0.001183281034899868,0.00021786020013176314,0.0007217041390526784,0.00011502220774356599,0.579620937659206,0.39204644341083433,8.939658635066707e-05,0.0005681327198974345,0.0001693235305480148,0.0009402281048747065,0.0016609131071464063,0.003217363333956376,0.49489758449549937,0.0022071059109969315,0.517681808121172,0.49145250108179994,0.4447088670339291
0.00016109525530680504,0.8945109251365108,0.44238746732080503,0.0007684254763338012,0.0001485198389958779,0.000319406321783478,0.0002671059572309806,0.0009842586711065963,0.0003576571954156997,0.000817014509886023,0.0005195171771626953,0.0002274244820678404,0.0006309654565558093,0.0001698455054168308,0.0002040200089475151,9.626163672447983e-05,0.0004906256052263312,0.296537970858943,0.9998851858795396,0.4877553025765477,0.48816540820741733,0.4702496175761965
0.00022855880216427412,0.8967108924169938,0.0007066639856714793,9.82273547514348e-05,0.00039455694554069734,8.370568131145147e-05,0.44841676130313773,2.730142314392899e-06,0.0006820863688966197,0.0006394506878616095,0.0004060387959711682,0.00043311171940450214,1.733588103150453e-06,0.2952019411867956,5.9426809339636335e-05,0.00028272600282277876,6.973647183285942e-05,0.0005097149831302362,0.9998375036147943,0.48320758848008266,0.5049666420401365,0.5476952007182289
3.8124995145878655e-06,7.247204523395666e-07,0.0007968688212923426,0.5840283026219834,0.0007124540806748321,0.5819265389318758,0.001444480915981849,0.5839759724800017,0.00030391214757995855,0.0003413463895033394,0.00021508684587965028,0.00019149904827049047,0.3923390924889878,0.001115382134937098,0.49885188992934104,0.0007766091222509009,0.999131363760353,0.9968996715284568,0.1195886561465829,0.5029721046239585,0.49248067628259595,0.601295490465118
9.267448204143798e-05,0.5865397521834833,6.195845175555527e-05,1.6148920592740983e-05,0.0005484532923413114,5.4541839782219484e-05,0.5846992302786175,0.00012366843081535025,0.5852717441878775,8.833213074706235e-05,5.5450849471125785e-05,0.3916478666800842,9.506218907478402e-05,0.4989994473431532,5.9198711230689054e-05,0.0006008288105803625,1.7527749692946594e-05,6.832349781873924e-05,0.9998992695161288,0.6088274148975794,0.5020888431521576,0.5476992292141044
0.5879825486528767,0.0024998711651944626,0.0019536037441692834,0.5792422896002541,0.0002826092579893171,0.0002951302705588667,0.0014349836783805242,0.581473663531874,0.0059724698110382645,0.0009291692904893277,0.0005863739694438158,0.003769089568556372,0.39109991770283115,0.001108230988702425,0.0002279279226936744,0.0002202920150595919,0.4934725536635283,0.0021459292155752516,0.0027027919685198576,0.5176441625187503,0.408179857631837,0.49316102669135553
0.5780052429872302,0.5789326910113497,0.0011951882539393104,0.001606049786616807,0.5808539994025814,0.0014744737114827824,0.007830926060303228,0.001688114003838522,0.001985495432685082,4.363400622468139e-05,2.7685420563137718e-05,0.0012597814582341286,0.0010710971506961234,0.004968725834611304,0.0009355735156466742,0.39306119315236776,0.00124980685617686,0.0009300813318925474,0.5005103399293698,0.44815589209279416,0.4964333087342499,0.4744414785784475
9.30289433812777e-05,0.584521827116255,0.0007572475416479657,0.0002602125435680414,0.5714199352282502,0.0005203409661809883,0.0005732047746546309,0.0013723508859342208,0.5863704080576054,4.1570025000614165e-05,2.6142895890558043e-05,0.3933082456704178,0.001067399291991588,0.00044222774638739645,0.0004067804046015068,0.4988657714405119,0.0002845673676175023,0.0008383084428104324,0.9998985351636736,0.4473585899734966,0.4298050734426549,0.5677914223667168
0.898490048718503,3.776633023748416e-06,0.0007693060281908922,0.00243868041157655,0.4489574051841862,0.0015369137966526063,0.001418493906753973,0.000742949372958986,0.0003954623025327585,3.2866156547559834e-05,2.0787421376945892e-05,0.0002501248274640877,0.000469906003611667,0.0008971797659784379,0.0009720798958200825,0.2958675844112166,0.001725450208276884,0.0005498709065516014,2.6721052063777935e-06,0.5706169247918922,0.46228201932344687,0.5111598418284315
3.404151318428183e-05,3.166200493520356e-05,7.770699336059338e-07,3.2296232486642586e-07,2.5978037169209025e-06,0.0008317475371916356,0.44884833663970947,2.1312811163334136e-05,0.8975321737740931,9.39649942002551e-05,5.9610822025697254e-05,0.7047856556762276,3.0228771067937787e-05,0.9988184524430412,0.964392496654721,0.03553086740204625,0.0044218712617253575,0.01063999785726162,0.47695435067353104,0.5155023546872306,0.4513717239329575,0.469940386813564
2.88246147152054e-17,2.887834808783386e-19,3.736120473604241e-19,3.115123722854092e-17,4.359221794859305e-17,1.21051571402505e-18,6.212365504382941e-20,1.0,1.0111201443097323e-07,7.000476508668707e-07,4.438783905586494e-07,6.411197605790675e-08,1.0,0.0006432986165825561,0.012535863763141503,0.5143654618015476,0.5241887948936581,0.008370656263024816,0.006368782030890863,0.4882765998636644,0.49515756443022385,0.5621470371506606
1.774111164023388e-07,4.671309233774989e-05,0.0011520317619611077,0.5780355973446974,0.5782586620839462,0.5805407917551625,0.00015655539714431077,1.488371311886139e-05,0.002488488447336474,0.0003300604686248092,0.0002095430261583546,0.0015798497652106114,9.449141293957027e-06,9.939146651461201e-05,0.3930670391971517,0.5001221793117268,0.9987301683261046,0.9742000082459077,0.9975822007094446,0.5296143638303648,0.5036874729561601,0.45667205755837015
1.3645112485864934e-09,7.067025638661973e-11,1.8263859400779994e-07,9.896098260939981e-11,4.404570117513082e-10,0.00043231064609902854,0.8958202679412882,0.0001690317594240299,0.4467149595014047,6.791114206384512e-05,4.318936332367533e-05,0.29448735258402764,0.00012012336653994453,0.9996927759742112,0.9997267395961371,0.001525176458949074,0.00033812320088161187,0.9953057299518505,0.032895373630528246,0.5113615357412546,0.4939268013020307,0.470713115918196
0.0003277324514927758,0.0021457216630006324,5.860010984791241e-05,0.4524634253604282,4.650127571861704e-07,0.9048612220711163,0.0007122793641784626,0.00038720709348360506,0.0007521436461558488,0.0006903795192054234,0.0004344336043723261,0.0004732998980094855,0.00024365706874032294,0.0004482147350425225,0.7048113628901684,6.574275955033206e-07,0.9969447282383169,0.01735756394997756,0.9033745998499049,0.5907796318390975,0.461512610045753,0.5442857371424634
0.00013526739858409168,0.5733405374834628,2.972683203212769e-06,0.5795896070233135,0.001194648299584011,0.0007571795086847248,0.5860025155816985,0.00020198423939950008,0.0022546485548387857,0.0002776343101367032,0.00017604038052782271,0.0014296126911127105,0.00012807305101706444,0.3967594829514086,0.0005912674860943077,0.0009373826612349854,0.5034505403837223,3.317590354802826e-06,0.9998495893152923,0.5588533457066792,0.5055577402647544,0.5228508510542371
0.00475056765161981,0.0003159802600855688,0.5793210166821083,0.5795208746363522,0.5824025389779748,0.0006448750763642761,5.2498612734498116e-08,0.001557986819939511,0.0030909623690117886,0.0025832223097689883,0.0016358108600558253,0.0019573417611779506,0.0009865935368214014,3.324471864463163e-08,0.0004083668277736412,0.3933631775384555,0.5000991805978693,0.9948013741212598,0.04255260314846865,0.5161570218820373,0.48593751913380195,0.5698048080592846
1.4414444991533232e-07,7.441022957148492e-05,0.0012071987092014762,0.8949787694855009,0.4491580617090001,0.00024075136679523667,0.00010300137352141761,0.0005678629245899821,0.00015087718544702143,9.371245432110027e-06,5.957787825608255e-06,9.592046954246219e-05,0.00036102000135218674,6.548333840700616e-05,0.00015305818643286787,0.29611586970458914,0.999139661529544,0.9608090572280263,0.9987667677866836,0.5122980537263906,0.5166401362929259,0.46939196780599224
0.5830618120857739,0.002499448631856857,0.0002859398406721484,0.00020608016135319378,0.003954164304986821,3.2351979734695894e-05,0.582079034419904,0.00012204860509436469,0.5889507349140601,8.825420787767301e-05,5.5450849471125785e-05,0.39488139381877646,9.500759900579107e-05,0.4989994473431532,3.574123973680354e-05,0.004394297411164667,0.00022560954239845573,0.00031688737057850204,0.0027251411595697883,0.5801395557151359,0.4783772745170414,0.5796145647303508
5.1059194453561e-05,0.5912770038766162,0.00026857977216228064,0.0013450871403894098,0.0014126203931727301,0.0008595724222267231,0.5989406265538338,0.5891714491096689,5.151232689562526e-05,0.000947647335124014,0.0005872251185523281,3.1920462115840554e-05,0.38881527430676155,0.5040969349194945,0.0009254839518127426,0.001520941848227137,0.0014482340677404964,0.0002891761051212343,0.9999454377919744,0.3450738812815898,0.4580212906161636,0.46006422926566304
0.00410576440574967,0.00020875712221488706,0.5561191567381043,0.0001618446356637368,0.00020754798686711237,0.00022180498884279623,0.568206200994242,0.5622300881865544,0.0007405976254682017,0.0010296038918142416,0.0006536023122375917,0.0004701386022002941,0.3859240000630293,0.5081087015392837,0.00026174392530391166,0.0002569439317626609,0.00020868982779207379,0.9950447016546138,0.030681070214385545,0.5239335589102655,0.4851355078621404,0.5453664622199076
1.0,0.0022307546282006683,0.0014410515890956991,0.0016994695671732612,0.00038762062096094876,0.0001591912959237814,0.0001740014624254477,0.0005999866412282125,6.21110342221069e-05,0.0002160731346726986,0.0001373600762400831,3.948467053475392e-05,0.0003814181586014106,0.00011061467223896009,0.0001011996854958368,0.0002476042824447462,0.0010803724017615403,0.0009207608719017428,0.0014181204591608987,0.5256891055148433,0.5050759735271755,0.5272725642906038
0.0011749176949817637,0.8956813260636303,0.0003710003694328606,0.001780204760340465,0.00038161896308928336,0.00014238160177936727,0.0008131641995032578,0.44831503964159,2.1084155973114687e-05,0.0002231338737590214,0.00014182208433405395,1.340091912466652e-05,0.29543603724624795,0.0005779674990457537,0.0001011996854958368,0.00027376871638804174,0.0012653060255042913,0.0002679090691817421,0.9991637196685261,0.47130615911487034,0.5057687661837198,0.5275784578389745
0.0007914364188027829,0.0001014241789222563,1.1990348763294497e-05,4.416668547692957e-06,0.5820233491841565,0.0005412442167764428,0.580771164502966,0.00021226853946679342,0.5789971629070773,0.000712997909983336,0.0004513687863998701,0.39058557874674127,0.00016435284299411976,0.4993140070747186,0.0005920146526975057,0.9991326083000488,0.003545694888098083,0.009626300369742602,0.08165705400625584,0.4649664936888127,0.4785640110214279,0.5627700395146318
0.9013180829439106,0.0005895065341173794,0.0008102176777129949,0.45612229040166413,0.0011957702057505664,5.745154762780545e-05,0.00019518104821419026,0.00020600084916149944,0.0005342971756899458,0.0014617021928710185,0.0009211879562100298,0.00033672282366941514,0.00012982511926567982,0.0001230063054345554,3.6206910310224294e-05,0.0007535942291688729,0.2982466315591354,0.00057227337835139,0.00041638070859412006,0.5026090476785857,0.5069795954162825,0.6005297596284922
4.775103399407973e-05,0.0012381637133864925,8.289306961542357e-05,0.5815913234285712,0.0006869999700604373,0.5791222969224922,0.5787367620678794,0.0005544776560753302,0.0008017074541343881,0.001397429152337377,0.0008858425820075829,0.0005082097606060283,0.00035148860045904767,0.3909869106590802,0.49864486061588975,0.000751999808946263,0.998640647761689,0.042525645064203754,0.9754602770325232,0.5249919300409868,0.4784808138888393,0.5564739884590448
8.820899794827335e-05,1.3502285297268663e-06,1.0025058842165392e-06,8.646727484500404e-05,9.73706532078007e-08,0.45096965955393215,0.9018379119003535,4.733023922875436e-05,0.00013204481705738407,0.00031313630547582627,0.00019752725365328674,8.329424128661659e-05,3.009943313041562e-05,0.7036539801122756,0.9998259226049145,0.0005100798435820993,0.4944439499120675,0.007342651691022994,0.009730218886536912,0.49424913440560136,0.4614178413873258,0.5877492050673763
0.0005868240226154569,0.4477732045468998,0.00019539934264758694,0.0012929634378381872,2.614005087012175e-05,0.00037806347916980436,0.0010496575109478945,4.4634931045610495e-05,0.8957041639785358,0.00032820207071215525,0.0002086490471986413,0.7048755168985426,6.397632769226041e-05,0.0014832589212932803,0.0005399370803598971,3.750952091077786e-05,0.0018457994913631112,0.0002823784515223007,0.9991644975239419,0.4704598660477915,0.5195276370445209,0.48816011810784415
2.0035798188017892e-05,1.2666044667130376e-06,0.0008949946031939091,0.4481033980973348,0.0012922964230490566,6.279269815520825e-05,0.0007838965755948272,0.00018210973401716857,9.335675859324679e-05,0.8953871000770781,0.7045976990633677,0.00013263076248684098,0.00025872099949952876,0.001113672595500772,8.9208935047961e-05,0.001835954682796661,0.9987281644609267,0.9857222554136593,0.04019175322793489,0.4818053125253885,0.5028386757105177,0.4696845437433807
5.966466602144694e-05,3.3796134481853027e-06,0.0013336988398410727,1.0,2.168504208452731e-05,0.00025496101644141653,0.0001157565561140102,0.000247724637011604,0.00016737815038038163,0.00030873131640098893,0.00019574130127101956,0.00010612081251067038,0.00015834232158504208,7.339177952020307e-05,0.00016238068211430452,1.4013943397062079e-05,0.999139661529544,0.9719144743393704,0.035970737285888246,0.4828708047239295,0.4921058371630021,0.5612164595681467
0.0004036619247240516,0.5936053629883279,0.00026059977017404696,0.0005841512136389161,0.5813645339299006,0.0012267229828563774,0.0002899972251913202,0.5848155069755167,0.0001292094180846398,0.00040233666495744506,0.00025016678247613436,8.034044359558311e-05,0.3888183163593181,0.0002201079262378853,0.000931083249731713,0.49944928498293206,0.0006264801374425743,0.00028395078680048744,0.9995664710426677,0.44182453568655444,0.5049038001240094,0.6430050762255608
0.0018480896340713187,0.5859026478926912,0.5858417750407909,6.408343856793852e-05,0.0007794558692465023,7.635989969795541e-05,0.0030313509672654382,0.00018593310882892937,0.5835610499244082,0.000980388383936931,0.0006158607247103991,0.3906382379839686,0.0001428613554582475,0.002329138065669145,5.86713794592283e-05,0.000598897564456113,4.923874224932088e-05,0.4999653437247913,0.9979919419983778,0.6153916425459841,0.48950339413256083,0.5030740576175783
9.924408142278888e-05,0.0026393669625298095,7.27974647658431e-05,0.5869660851501234,9.545645870828703e-05,0.0016333691877243946,0.5814737538285065,0.0024228796119582863,0.0006439528091199449,0.5832830943247592,0.3913382447947474,0.0004961728325825461,0.001866858858954823,0.49700308591148473,0.0017715195375863574,0.00010353043273098343,0.9971342931722906,0.017542188004267545,0.9762259051362835,0.572153243933935,0.4687191358099374,0.572032992585553
0.582497457978379,0.008003635986200349,0.0027844578211695765,0.5872505343464068,0.0010793994672260502,0.5818025603183831,0.0003410617043751967,1.813895063357846e-05,0.0009275770428674515,0.0004118734930893673,0.00025927608280704097,0.0005839137337787792,1.1418550559689572e-05,0.00021469987257223964,0.3902293542260269,0.0008307271205277031,0.5025531048257327,0.003042863233994405,0.008746737406392646,0.4903993448187137,0.5170537094708993,0.3954986886270378
9.784794964248998e-05,4.298372173344089e-06,0.0006975648537632924,1.0535932085972964e-05,0.5772703535840464,0.0005663043998516377,0.0007487547317541093,0.0003475389167373712,0.5761444304336835,0.5788088818769768,0.392918310325823,0.49937783861599155,0.0003832687069931877,0.0008257330595530491,0.0006245257387137715,0.9992230859454221,0.009521315392529012,0.9111952660420553,0.0279481638375814,0.493283225061089,0.49353295843665657,0.49607570724933225
0.0003277547723762659,0.44741612514140316,0.00035892644671018346,0.00019533554477393214,0.0017553174805713114,0.0005915310903952407,0.8998823580182282,0.001686195822207812,0.000530594966051704,0.00017345157220034877,0.0001098447380879728,0.00033601925668341195,0.0010812331178454585,0.7058972445310334,0.0008592618912683969,0.002620086544858212,0.00028113959116818176,0.00051836845153786,0.9995336483567163,0.5250398701798636,0.49357987441119877,0.5677747848075929
0.5748477401979902,0.0010983229556129417,0.5728520252805139,0.000696859334094399,0.0017421366618973842,0.00016855854607637018,0.0011310605476075623,0.0006032146705534274,0.575030896720221,3.4474751041966054e-05,2.1938614246536527e-05,0.3898427240653033,0.0004691068959283789,0.0008796015636674537,0.0001310844555638217,0.001367450283131819,0.0005397202625214421,0.503486959172158,0.0012146152891626678,0.488876377174547,0.515191917682795,0.506461772581317
0.0049258097843573835,0.9021937788341349,8.55483788762912e-06,0.004231345287651427,0.44179825979800025,0.00024262986305880193,0.00010432297490576652,0.00020986388624569843,0.00012932304048418226,9.436686216121267e-06,5.957787825608255e-06,8.164722452948872e-05,0.00013357624562521098,6.58636046076241e-05,0.00015387516919901058,0.29472249729360545,0.0029979676967191215,6.135817338881466e-06,0.996519259158708,0.5123132365359325,0.42829681851166285,0.5553597754097693
3.405434814650359e-07,3.297096588827771e-05,0.00022842291886396827,1.6184606056580277e-06,0.00013005838039479545,0.00022858374013361892,0.8957595183935562,0.4478112598316818,2.5211378193103502e-05,0.00012072614218395921,7.674467693557065e-05,1.6026678638988825e-05,0.2951282681544372,0.9997493011646086,0.4487969947220087,0.32498835849904195,0.004395507889439892,0.9101513698949031,0.9934154875601358,0.4942886408896574,0.48983373456786916,0.4636262116340879
2.1524130416310185e-08,5.600750586032923e-06,5.714357269830161e-06,5.247959754846812e-08,8.811862810554465e-07,8.396482153258935e-06,0.00071189900014405,0.5814774572695236,0.5827745573897335,0.5817512537328867,0.3916330141266242,0.5007090229762627,0.9992204869838268,0.989598962850134,0.5134111033808717,0.06982723523291115,0.0041753919650879415,0.5063892963623738,0.9975690368478849,0.48665377773816626,0.4273247396355649,0.44904553962800936
0.5769304749594464,0.578235219167163,0.0020346341221448737,0.0023860735776701633,0.0026942881659741138,0.0003689490351280869,0.0018342321837615727,0.00023844790530136559,0.0006709845475449511,0.5771622374197609,0.3913898206673858,0.0005225737849718437,0.00018570718893897158,0.0014285317281268245,0.00028734437762097727,0.0021179210468534448,0.0018583315750714791,0.0016099569570787418,0.5002660375050783,0.5195906304741965,0.48976104361338285,0.48748101274485356
0.581265125346233,0.004361715075899165,0.5743904820861848,9.86718178421704e-05,0.5840171145969246,0.00020008279667200224,0.0010932600955765534,0.0015202720099839694,9.278740104184247e-05,8.444330039060668e-05,5.331950268486113e-05,5.858816596033956e-05,0.0009599361748421503,0.0006903112787654524,0.00012633724291977877,0.39549656678965806,7.661990464046485e-05,0.4973683221820212,0.004770203817703315,0.5153826752424197,0.41479159273082383,0.5270556942874334
3.622020771898092e-17,4.109750419880957e-17,3.648765237564432e-19,1.2690127906013894e-20,1.6183248770070217e-19,4.524316959015932e-18,6.098018638392766e-20,0.8952228282011979,3.248513794885381e-05,0.4472183625797489,0.2949435872958086,2.3101154780431617e-05,1.0,0.0007082016850327236,0.05260363119992282,0.0018859015968315696,0.00014788379666208167,0.004252102754183459,0.5421254883729443,0.5159714189081618,0.4997230284021468,0.5214166008897637
0.001669375747535031,0.5805559815084879,0.0020442481687828634,0.591612248910992,0.001105770382293239,0.0005656233707883925,0.00020651185509835076,0.00027819354166580697,0.0006882770549706075,0.5859866868071869,0.39176130148439015,0.0005286232828928305,0.0002136634059973729,0.0001586091042522191,0.0004344207017115908,0.0008533746495892059,0.5060012912719142,0.0022645345528933404,0.9981668120107152,0.5369119365654731,0.3895542838517332,0.539307913094386
0.585297235851088,0.000866035239257435,0.0027623475774119373,0.002312896937692047,0.0006777524758715719,0.5793031052988779,0.5858497770459257,0.000595406524150915,6.1038593211702e-05,0.0014221475732370565,0.000895404212601203,3.8430786364503295e-05,0.000377932610549574,0.3934287354758098,0.4962636965466067,0.0007503189095707357,0.0025120838710637576,0.0030496284278328984,0.0009406343041814733,0.46804934176537394,0.4972686239993707,0.6004933058104028
8.043326894786688e-08,2.1608202542215507e-05,4.909407651053814e-05,9.207003052413401e-07,5.412927597618544e-07,0.44511883313050543,0.00015781870847365753,0.8883265383084594,0.0013952345883901718,7.380905781418216e-05,4.6781201546564294e-05,0.0008843192627746355,0.7063609457175606,0.0002247485595836677,0.9999225256598033,0.006654524806396944,0.010914868758570673,0.7395177020383232,0.9976303114558548,0.5027560916410039,0.5662688476457348,0.494715787718359
5.912383002930647e-06,1.3095021291305166e-08,2.9137666855713632e-06,8.732790510953722e-05,1.0,0.0002468491340692302,0.00019661229544621072,8.821767641480886e-05,7.759502914262482e-06,7.01690249957752e-05,4.445638244898162e-05,4.916121176763819e-06,5.589131063490421e-05,0.00012456595349562413,0.00015639407691579667,0.9999445143594095,0.9519373636525656,0.2924260283600278,0.0014080075358135179,0.5161975224869144,0.48664394463872596,0.5662314224306305
0.00016526437671077519,0.003525302270844685,2.1322481110262456e-05,1.0108858222566636e-05,0.003011713659770837,0.8952645294751281,0.0008063005495131853,0.4462216443831131,2.093356016489958e-05,0.00018956133214498094,0.00012064021277103049,1.3322491217942369e-05,0.2943607164582792,0.0005733498528422993,0.9966878156916705,0.45265049525292633,0.0018160197861007976,0.003907732809938308,0.970135011855514,0.5158641454809716,0.49761896633497527,0.49225614510121524
0.004658770899090359,0.906334059401424,0.001240407114455363,0.0017548308816547665,0.0008836146948588936,0.0001504797606020801,0.001278778225073566,0.0005412112204936152,0.4545474158074653,0.0013993557996012887,0.0008786050672768509,0.29593790842259,0.0003816758176654877,0.0008982134594269721,0.00010569701141540462,0.0006326243068251645,0.0012325949227818818,0.0008851908327051917,0.9967229925775771,0.5275321415614511,0.6115966622114893,0.527090456740268
0.0029241821561133254,0.00019677640758901513,0.0001229056529850679,0.8998056053999514,0.00017387632688450249,0.0006006836431449622,0.001229001380197429,0.00016314795664268948,0.44983923266764647,0.0009686886493694553,0.0006110080976843217,0.29408851657703605,0.00011589331012627635,0.0008659707857383137,0.0004251632605715347,0.0001248791540604618,0.9979301164992479,0.02708169956433723,0.04271478654910421,0.4744046032113496,0.49989609208713587,0.4070577178899053
0.4511653953036794,0.0016568055985560226,0.00018065313375421302,0.0012675632146598517,0.0009030012606446849,9.539558332085184e-05,0.00030025217708215307,0.00014014213738498026,0.9048965727570676,0.00032815778123262057,0.00020655256809599856,0.7051899091962125,0.00019993982851866253,0.00042306466088448203,0.00013620236130439226,0.001309756423378243,0.0017933690438460014,0.00025873527749433183,0.0023345106710128466,0.47009415320436737,0.5732596239087251,0.5718352315698025
0.904101919747749,0.0006454682857067703,0.0017812000899787995,0.0009784417359619355,0.0010846717171147894,0.00018578273493628723,0.00018593411940672107,0.45226030040202103,0.0021162244873971295,1.8202067812318582e-05,1.1462676648633588e-05,0.0013326845600586728,0.29528424693130917,0.00013092430801177996,0.00013081771438062083,0.0007637647867051746,0.000688964076769355,0.0012542230195123506,0.0004545038499827502,0.4822602556086949,0.6019561900097181,0.5143397938021566
0.0009657020502844628,0.8905356827963785,0.0001124505156058044,0.44717008887446025,0.0031147260486539432,0.0013994569200901784,0.0013524294333641046,0.00028546447841532594,0.0008251563757106705,0.0014908317175320763,0.0009481303569964948,0.0005247785292757747,0.00018388372243971471,0.0008601113148487996,0.0009099252837914563,0.002081026530116525,0.2989441667674802,8.157172106237379e-05,0.9993046866032927,0.5197369548538725,0.48833175748960367,0.4778657003096943
8.693221320451625e-07,3.790197735726828e-08,5.214390788658183e-06,7.6872120336369e-08,0.004331445646003202,0.5768472254125986,0.0007482260841787054,0.0003472935418530465,0.5769697566265135,0.5790182445910846,0.392918310325823,0.5000583079789324,0.0003832687069931877,0.0008257330595530491,0.9952198189570273,0.9992230859454221,0.009258451434548093,0.8955087126105606,0.0279481638375814,0.5172883310652863,0.49353295843665657,0.488892399248523
0.5843904842761124,0.009051759757531789,0.001441193200929635,0.0016275340479812884,0.5769074996952767,0.0003934070723510121,4.416863863857536e-05,0.5819974048749332,0.0015286160675285472,0.0005608477164673906,0.00035136060772641454,0.0009576498428936807,0.3918640751131411,3.3891156899310755e-05,0.00030323080064790516,0.5014865503129728,0.0017775115990033858,0.001593364335953684,0.009845942435346096,0.4416345267947565,0.49214417026363705,0.3872391651742512
0.5869058361039245,0.5865070192646471,1.6754142919912578e-05,0.00026970440148093336,0.0012843978341871554,1.4137330534186183e-05,0.5899038387208061,0.0005822878686897497,0.0004227629866422475,0.0008869716240400457,0.0005543863184696936,0.00026424078896371663,0.00036691603187067635,0.39324446834805726,1.0888307637357898e-05,0.001003765387772549,0.00020763506098998147,1.3057012864414145e-05,0.4993306113421778,0.37072753895649546,0.504315041431749,0.45747477295042066
0.0007769158445501864,6.7839706725299e-05,1.7804270973867738e-05,0.0007918008468716442,5.11692610133888e-06,0.5786658148017577,0.005684702532015968,0.5771576544020506,0.5770260436998174,0.00018831227854688553,0.00011982595417689398,0.3913585957776946,0.49915336992092996,0.0062538184400306234,0.9987771539979302,0.0029306961641512586,0.5047488393694748,0.014531334969361986,0.05544851950362144,0.5171720041788457,0.4921196258157045,0.48896505753772
0.0006899054637016903,0.0001125127381689855,0.5732317983481425,0.00016441528784908162,0.5688972928958486,2.4511461952568157e-05,0.0001788339495902164,0.5741450968449853,0.0012114918641846814,0.0008504586391633154,0.0005385216254088015,0.0007671329931056192,0.3905631305612873,0.00013849618270367911,1.9068468310997147e-05,0.4984716014306225,0.00018037767157458645,0.9992351885693627,0.10277282034406704,0.5274410610964267,0.4866070936003991,0.5666901607094992
0.58459181527985,0.0035784836244903938,0.0005279981206203867,0.5818565301715198,0.586811185176216,0.0014202366179874501,0.00124001574801352,0.000983211668314468,0.00022766089387145634,0.0008057760369955537,0.0005078381876626937,0.00014348269983156792,0.0006196667637647185,0.000781517353812439,0.0008951019279608867,0.3946288359535162,0.5005378127554826,0.0005786692781432031,0.003921931013988001,0.5154883866021801,0.5949470948279116,0.4707373788871756
6.316841058054494e-08,1.199892481665334e-06,1.185509362494269e-07,2.6972436519058177e-10,2.3891218890769667e-06,8.559758137553268e-09,0.44835851141704486,5.216125953431396e-05,3.629530251238324e-05,0.8984929365140882,0.7053362846885237,5.1535337074698896e-05,7.406325111521956e-05,0.9999961707405619,0.00202060888622036,0.7044343048663995,0.0001421949538628613,0.06360314611018446,0.9664684252983837,0.4824815064088129,0.4413147052717957,0.4800503141227439
0.5770370673629379,0.003581524899783612,0.005884159928093845,0.0005390839444962334,0.5797919826127512,0.0006126460500720986,0.5815594395544095,0.00013535679031479312,0.0004231350302055914,0.0031827853222697903,0.0020187714285350906,0.00026838624395337466,8.585416052842739e-05,0.39344364703659146,0.00047678081035623524,0.5014932492375835,0.0005947052047688226,0.006491386412047551,0.003951289123564137,0.5404176724381061,0.48446973427427453,0.4573552442314192
0.0014954525497316595,0.5837804718289541,0.002642852847110904,0.0011971403665252771,9.05859288900639e-05,0.0015876617263056703,0.5832825855982141,0.0004777809937685598,0.0006439528091199449,0.5832830943247592,0.3913382447947474,0.0004961728325825461,0.0003729928439288799,0.4989652934326575,0.0017658493624705248,0.00010353043273098343,0.001319261785479627,0.002924480496702085,0.9983855149014667,0.572153243933935,0.4687191358099374,0.572032992585553
4.5260978699344035e-08,1.0325026287280285e-05,2.93889201798801e-07,0.5804742182311761,0.0001168894639527594,0.5751985987539614,4.8423117204962824e-05,4.4410452233203695e-05,0.5777053126737678,0.0006036904555901547,0.00038181466250639817,0.3891695206685687,3.4579533582734714e-05,3.739905966201372e-05,0.49999465128445497,0.00013013463907706764,0.9999887177339916,0.01841340498867364,0.9972053450598483,0.4709556833327944,0.49931251615663164,0.5756374746063184
0.0010135491784618168,0.0004941003119389664,0.4562931194066288,0.0005577471335910329,0.0005347843084131722,0.0003529586585622434,0.9116566474708618,0.0007468742661917392,0.0013054314494620408,0.0001870643402030412,0.00011681411721869452,0.000815189391935232,0.00046639321152461933,0.7045719405721106,0.0004924453125215676,0.0007461274353698453,0.0007781655631956407,0.9984268166712391,0.2887667689175646,0.517811798499949,0.4784719495976305,0.636720344419171
2.857362920275394e-05,0.0014419338558779814,0.001981083115338006,0.0022421715905617113,0.9027661594501268,0.0013893903187681756,0.0007048806081970192,2.1848430361099068e-05,1.2897092968017723e-05,0.4530380903512823,0.2960981178288719,9.094798807003337e-06,1.540712150472124e-05,0.0004970692220406389,0.0009797738366022588,0.9976577659852341,0.4717633173799782,0.5993955615267399,0.9873862751900842,0.4723144444697981,0.5155748036920613,0.5951949394810783
3.061239804680321e-08,4.308795305343662e-06,0.002539091654186096,1.3378938237936289e-05,0.44817793953238094,9.716934277057756e-05,8.806341502402306e-05,0.00020653281905609784,0.8966685750269645,0.0008579058467733371,0.0005448306980414147,0.7049174506746954,0.0002933672982234967,0.00012508873045441666,0.000138023150414869,0.9963932998906195,0.003354430121956197,0.9989196408578217,0.9954771279193472,0.49786896439104444,0.48263551011522476,0.4538093274986597
0.5771872348354988,0.5772753830184275,0.001238338589668771,0.0002568581806199512,3.7002393532922845e-05,0.0012494533189802701,0.0025109538096104583,0.0005015522966486043,0.5792424350713805,0.00022762850424829282,0.00014477363571106734,0.39286874101263547,0.00039113648511984224,0.001958175301362325,0.0009743935915486626,2.8856558904484606e-05,0.00020031253761852914,0.0009657268771856172,0.5000486086558142,0.5171487151117493,0.49599688136360087,0.5255187167794714
2.8267861898920096e-05,1.4619564070201853e-06,0.0003856047146805444,2.0535447148458193e-07,9.262967426476573e-07,0.9007701217963854,0.0006956427400186278,0.000471673359869698,0.44918345910183793,0.00012666050458648453,8.010944465686791e-05,0.29448735258402764,0.0003333552424484435,0.000491645740955093,0.9997267395961371,0.001525176458949074,0.00033812320088161187,0.9533520514516328,0.032895373630528246,0.5213225904956124,0.4939943514366665,0.42212493478036284
0.44728793890140656,0.0014612062676834063,0.0011402902970019636,0.8968732300252412,0.0035667889748017797,0.0002624830241456603,0.00014060853011981037,0.00017488622899779807,0.0006892994508738921,8.841941781272995e-06,5.614836240428172e-06,0.00043772102758257714,0.00011105680154174346,8.928967091165229e-05,0.000166682798314936,0.002286106654319579,0.7051211676431771,0.0016465460098366884,0.002076752952232716,0.47871792772429633,0.49960344042926685,0.4545967515940839
0.0022280180415877736,6.581302250378231e-05,7.2222633741197e-07,0.5787169538351347,0.0005461594991639664,0.00037024949061863975,4.325431526017059e-05,0.577963694368398,0.5809992628580378,0.00010580994896056726,6.696049629515093e-05,0.39198025280303456,0.5021671479866063,4.7581687205722006e-05,0.00040729107788054137,0.0006123902924973224,0.9975445142130027,0.00020927370458575806,0.018772809133137613,0.5458081571706904,0.44436807262627137,0.5279910832345243
0.001555531724326249,0.572722151602506,0.0002325250529575735,0.0006620176365558429,0.0005701837495197776,0.0016126014488451687,6.065348531370423e-05,0.5837461896734706,0.5782914910838399,7.126833148254727e-05,4.529847328758722e-05,0.391841355104575,0.5060655624354722,6.741988967283856e-05,0.0017925030238170527,0.0006337951424073582,0.0007358746976733624,0.0002584665037710233,0.9982709245409087,0.4744798706983457,0.526858588351938,0.4850116881554546
0.0004531782340869958,2.0146792432934968e-05,1.6791005962964918e-06,1.970640528937336e-05,0.5810971749177198,8.844196396492111e-05,0.5814416380523701,9.337108071832173e-05,0.000601802887729888,0.5819626698886121,0.39218419450793,0.0004660599235550201,7.23102655318989e-05,0.5001885326007157,9.689237537263923e-05,0.9995062773726552,0.027846734463735895,0.002374224003208157,0.028496921386953474,0.5701179361030517,0.48550245524433633,0.45458883064905775
0.00014481803106769598,0.5794014554073579,0.0011459307900913145,0.0021592414243255427,0.00035773370017665797,0.0011697939548561114,0.0003794854358562157,0.5777164979427735,0.00033914617376490906,0.5762077170013715,0.3906032198217732,0.0002638769454386643,0.4990693551830769,0.0004169564970162758,0.0012853025298578233,0.00039305783885284823,0.0023724598484761925,0.001259094567224256,0.9998408805860035,0.49867294002056184,0.4985864332153735,0.4728208374421232
9.675408406315057e-05,7.553425049615148e-05,0.006142383784030505,1.1851139925886108e-05,0.5731861171619502,0.0008130230949736964,0.0001684037014970909,0.5858616893566577,0.5778844962909098,0.00022176248727454872,0.00014077317451669923,0.39095028293051426,0.5069433073918731,0.0001870297521876901,0.0009029466809926312,0.993176734272345,0.0012280500380760474,0.9872797532328833,0.4219838506063629,0.4713565328592276,0.5065757276492396,0.45511372552496115
0.00173519427099922,0.8989697162278434,0.002566858743931053,0.0026069830906757796,0.0007413731643022052,0.44906882346703475,0.0023425760947373715,1.257011333190907e-05,0.00014972444793934746,0.0008455950858736012,0.000535695374769884,9.485238835748614e-05,7.963330616471285e-06,0.001484053829965694,0.2949287897239854,0.0005299024466627344,0.0018461603494410697,0.0018468085303669501,0.9987694459046622,0.49561402739511984,0.4617961525894078,0.4414715158898818
3.6240166406879294e-06,0.0011840689153362043,8.512992117232571e-06,2.6746624834712815e-06,0.9204291664929436,0.0016608989627821882,3.091448745800915e-05,0.4571796896583255,8.754197700584811e-05,4.4343705272275035e-05,2.746866303239486e-05,5.422778852598453e-05,0.2934851181627248,2.1382118635252358e-05,0.0011487674831374786,0.9991810057899259,0.0014379975896994558,0.004576946998071431,0.9980639660471815,0.34470681754450766,0.4784522833383969,0.5560284245385457
1.81674203931497e-11,3.138252885145398e-07,2.1724819888672054e-09,3.03627364921706e-11,1.758750836255246e-05,1.5658076461969648e-05,6.266733104941905e-09,0.9364471843176191,0.46749026365080015,0.00041372670684539076,0.0002516467557055366,0.2947682825352195,0.9999839902499762,0.00016940788120956224,0.46304437357489914,0.9886413148094144,6.159177054756385e-05,0.0044069835840157,0.9999633810039352,0.507150878515538,0.49760993123110664,0.7158593669977414
0.00048211547165211144,0.0011184409733075776,5.45934473809898e-05,0.9023463369949466,5.0641687096671306e-05,0.45160881029764155,9.423852085156273e-05,8.665682698466e-05,0.00016820268652028902,0.0008829539335344964,0.0005570646130913528,0.00010612081251067038,5.467268790965828e-05,5.945605717428216e-05,0.2954128365453634,3.590095912861315e-05,0.999139661529544,0.02880175879334118,0.7405709881667856,0.5239911002213709,0.501459875761938,0.5920446468542527
0.0005213840522580592,9.705854912412446e-06,0.4451766924037799,0.00026668472552662413,0.0011103086241947336,0.001152335228421917,0.0001060575665860992,0.8957243541970342,0.0003739923374014659,0.001243949500719553,0.0007917215812828079,0.00023803053430517798,0.7063596566244379,0.0001516652806559971,0.0016478734137064664,0.001587779320553595,0.0003813690953891613,0.9992542719380766,0.011849663446377761,0.5114708622536082,0.48955979982789927,0.5037273805303653
1.0520653865383447e-08,1.4761578302051204e-07,1.1426570640861699e-09,1.5177282126738747e-07,1.1508068795702744e-05,2.116059936903275e-08,2.3517311863187012e-08,8.153969021390286e-06,0.44750958318922973,0.8946663325027665,0.7047323457622738,0.9999793157927753,0.38443347646745263,0.0012509214268634494,0.0011405302969880239,0.98864837412256,0.5121191255940732,0.004996177080587363,0.9546400736146244,0.5133039842600864,0.48991554271618504,0.5082209887495349
0.00031912297463430303,7.412411888929835e-07,0.8964087831886927,0.00015800259872211092,0.0004740593293967777,3.285918865077197e-05,0.44904536292356506,0.002523476891282759,0.00021162602482373798,0.0010274504392731494,0.00065240189804537,0.00013437657365308084,0.0016023385672555845,0.295644798999062,2.3336233430767603e-05,0.0003366717239743414,0.00011221171958883619,0.9997733617310158,0.0014787025247875504,0.48255433011361293,0.48478040419913004,0.5453847582101874
0.4392622539842125,0.0005409867666107417,0.8875410865548028,0.001274213650771616,0.0011819539754549305,0.0002316846029235079,0.001516650802176426,0.0005601175028438691,0.0001211926034662999,0.001447361213720376,0.0009183833315352617,7.689949361169607e-05,0.0003554074551308227,0.0009623503291291768,0.0001470094008256264,0.0007569674021273788,0.0008085197249443907,0.7110619074615439,0.00078293295791876,0.5033008088664306,0.4957268205905022,0.5572397272275322
0.0,8.448613173454803e-18,1.7551762683998145e-17,0.0,4.713042412540458e-18,2.4085423778372848e-17,0.0,3.3871460530684405e-18,1.0,0.0,0.0,1.0,0.3514760465998412,0.0022665037415879816,0.535758947579619,0.12043451369557293,0.06799406503989394,0.6194939724685127,0.8962373064949944,0.34703752303195334,0.5531688599964123,0.7401668736548745
0.0029487772150633613,0.003007716237549712,0.8983232083609516,0.44510563962383887,0.0001964457224220602,0.001636627222129576,0.0026081246905214624,0.0002861742440076161,0.0008229673432528872,0.0014931372204524903,0.0009481303569964948,0.000522578216389902,0.0001817185856238127,0.001656142323312737,0.0010392505152418702,0.00012474221260777975,0.2928608103870006,0.9970150211997746,0.5062990957467913,0.49810518542677257,0.48248206700854324,0.4525323375964008
0.5904317388037248,0.0014046407819805883,0.0019608261266061723,0.5769959245678207,0.002517643316212684,0.0008937078159010641,0.0037413654378740018,0.0004774283905718399,0.5832158028837239,0.0009243864564073517,0.0005811389167698436,0.3907260126895929,0.00037014892532867576,0.0028772255774295588,0.0006904005568063419,0.001973513699424765,0.4935206831631926,0.0021459292155752516,0.0015123656322275636,0.4859701937013979,0.43048184844298554,0.5872204378537761
9.707501740223355e-05,0.0021353084929668807,1.1564533174098118e-05,0.5823471825488261,0.001776182940817128,0.0001464999601098098,0.0006070754520396907,3.86044599430612e-05,0.5823318144734411,0.5774167286283525,0.38866708892676666,0.4986846898168619,4.237195483342178e-05,0.00066093351231436,0.00016161753754429087,0.0019710693864648365,0.9976727924196168,0.00350090600071018,0.971036884445954,0.5499869286685275,0.4636554862651845,0.44188854767150415
0.5833801947174164,0.0024049006871333205,0.0018811401569889797,0.0003813140198523038,0.0001283811291181947,0.0016674173970811328,0.0010465766019772816,0.5840640165336427,8.251766115807718e-06,0.5776468352463242,0.388689279751475,6.3635808060181955e-06,0.5003666477959672,0.0011420659197689982,0.0018195564617176948,0.0001400953063298375,0.0004161071759690422,0.0020527894215654676,0.0026243582991137123,0.5345093630529022,0.442619689332499,0.5553565364785614
0.00030269275436743383,1.789697525794583e-07,0.574278981956953,0.0005460128039534644,1.3790020398199045e-05,0.5789114237950217,0.0004115158650837541,0.5787916766512454,1.2731360389553699e-05,0.0010521831694193491,0.0006687366364430015,8.091680710619898e-06,0.3922068949358356,0.00032046436416338067,0.5009398233554749,1.5282929373351044e-05,0.0006022172201144047,0.9996656735953156,0.0003758716757872446,0.49502071652458296,0.4608635358394221,0.5097243198699833
0.5808106408757923,6.426055221659614e-05,0.003934784005363298,0.0006631030125172286,0.00018545283905901399,0.00037148775474028474,0.581083882695601,0.000811248535236819,0.0005487150671926106,0.5850515760309919,0.3937237748082921,0.0004248743989524134,0.0006306834891423251,0.4996888886275023,0.00040659436221644686,0.00020487028403191188,0.0007257683518227939,0.004375507177345138,7.03350702278005e-05,0.5057930878408313,0.5630395510138008,0.5712959649272902
0.0008507360203718539,0.5809679666191231,0.5747976327926094,0.0010785901688983145,0.004200065466891509,0.5868548049145972,0.0011207660653369676,0.0015196636416574963,0.0007130321183305972,0.00036917049707286127,0.000233196258881394,0.0004504055580927564,0.0009599361748421503,0.0007079625367704961,0.3956933687865767,0.0032791994953377864,0.000838070942149937,0.4982182325364177,0.9990664436641334,0.516880122072546,0.41479159273082383,0.5167495390431849
3.4508334986831658e-06,0.0006509213913665232,0.44338183792222174,0.9013832232000542,0.001119741438126147,0.00010474682169076464,0.0001724029212151924,3.3108640260471853e-07,0.00016887279200835702,0.00016635493700396518,0.00010509786207055661,0.00010668856582148013,2.0917007036768483e-07,0.00010891879296281596,6.617577844213922e-05,0.0007140105266993702,0.7049583722492968,0.9990800807322457,0.9966202109962461,0.4267041870964787,0.490751480120982,0.45287716868316774
3.427317345259015e-05,2.1991858676464646e-06,1.4322358097069965e-08,8.178056843085082e-09,2.4997756006376602e-05,0.0003606025708354587,0.4535616768185532,0.9053597680955741,7.2119789988485e-05,5.608766383767461e-05,3.526159491179596e-05,4.534078709015715e-05,0.7043368376957946,0.9994903292180292,0.9250442485033865,0.4029364750315547,0.00015137985943316015,0.00026935149630162873,0.040735810373500714,0.45067898170497217,0.49000509320967717,0.6004253845424976
8.031525045098237e-05,0.00019672114926147312,2.441800071957736e-08,0.44847799892594903,0.00013757673002968513,1.4984556163702563e-05,0.896240051433269,0.00016470818920589993,0.0001282603142924157,0.0002389433106890183,0.00015178407605673268,8.147486391441754e-05,0.00010462766685745081,0.704629335004646,2.1270749568256034e-05,0.00019711172904491692,0.9996983140816222,7.431235168568404e-05,0.7529194794412604,0.4704024634944184,0.5052867502487263,0.5358203826273894
7.277534608570751e-06,0.0018177944591643291,4.605109715375553e-06,4.300883247039967e-05,0.572226616915705,0.5800449156908387,2.8867884205239754e-05,6.5599334556070105e-06,0.5779510093099713,0.0030262685073098278,0.0019226797382970034,0.3913836004374996,5.122430617324848e-06,2.2451630314052294e-05,0.5013653449196791,0.9979957435474907,0.015059378729614634,0.0016385426509348598,0.9974476784644626,0.5425075198443515,0.48713450357397636,0.49232537625249456
9.269660652768307e-06,1.6945739132839777e-06,1.16942468716738e-06,9.271592534449918e-06,5.59449265995401e-06,0.0003300798136825056,0.5823326603683938,1.1383616513551459e-05,0.5821625780412718,0.5824596844369062,0.39193581461311033,0.49990696475648305,1.2546285228650863e-05,0.9996340092044942,0.9724580760228144,0.2577067128863817,0.49319406908044744,0.07977330289665291,0.11494837805066391,0.5059943603040081,0.47518571571186907,0.41081877121922894
0.0008528578047871953,0.5818271356248675,0.00030727222636170643,0.0011652338475857385,0.0008499519842903708,0.5758159850207466,0.00040546192545361617,0.5694143839504695,0.0031022170364466955,0.00033353767077112204,0.00021143840308895668,0.0019665811121907517,0.387377802002417,0.00031326123696852673,0.5008967981274551,0.0009479317425298466,0.0012801946737150505,0.00034173997465972487,0.9990654973190367,0.5275897344831814,0.5196458682015482,0.5556889182394362
0.5929807032358907,0.0023739163424874666,0.0007826824361467614,0.0013336054506216635,0.0013504568696526295,0.0010492314591901912,0.5900289243988576,0.5880430414693306,5.1508076263201736e-05,0.0009392023338410415,0.0005820400668340075,3.1920462115840554e-05,0.39358706171500024,0.4979534581396959,0.0011397820180208528,0.001520941848227137,0.0014482340677404964,0.0008528843790582965,0.0025486287501658715,0.345361516996576,0.4579705841036988,0.46006422926566304
1.2039913606249011e-05,1.0375201236230745e-05,0.00030251833391786167,0.9097611120650956,0.0002042437707563854,0.0010613317442327568,0.0001380790806844702,0.0005450047225970883,0.00010212954385525426,0.4539373461906135,0.2946387517708279,7.14667003500533e-05,0.0003813753613520313,9.6622953177192e-05,0.0007426833302227895,0.00014292280877810793,0.9997880160512675,0.966584365630404,0.45280654296278056,0.3753554765013491,0.48356175211079666,0.46972318358881465
0.00129300380978846,1.0,0.001424959674004751,0.0016783044840227054,0.00041415428366012763,0.00015710384711564387,0.0001740027521084572,0.0005925633129651186,6.211149458344191e-05,0.00022309371345880167,0.00014182208433405395,3.948467053475392e-05,0.0003814181586014106,0.00011061467223896009,0.0001011996854958368,0.00027376871638804174,0.0010807423555218118,0.0009207608719017428,0.9991768561082662,0.5258331992881202,0.5050759735271755,0.5272725642906038
1.1729742747391488e-05,0.0012747016317116312,3.027072791831185e-06,0.5816490371903237,0.577650464003041,0.0005548220714517636,0.5844700044879638,0.0012165381927728286,9.459684014549855e-05,4.294700165787632e-05,2.7156810150685682e-05,5.9816712106912254e-05,0.0007692575423747794,0.39431303614646407,0.00043087374016622954,0.497803460737878,0.9986047684388087,0.0015117344775754894,0.9941859757447159,0.5487242773447157,0.49340867366735036,0.5660428354506559
0.00016785082097680844,1.0331185289435972e-06,0.5814473305657338,0.5765940911613243,0.00017147689933170535,9.484398444919287e-05,0.0007045195589132215,4.282286648644373e-05,0.578536579065129,0.0006195609228436834,0.00039339398771360456,0.39157279635277153,3.329222071798848e-05,0.0005477219414521549,7.373556003401088e-05,0.0001333130975833442,0.4973319905680639,0.9998162186548746,0.003918332800823848,0.471324789080132,0.5027428783335439,0.4576867724163537
0.0007602047899588992,1.3540040317417864e-05,7.977469275673012e-08,1.2375697448444935e-07,0.5728021923720896,0.0008739324326580482,0.0004982919349762631,0.5815747075762387,3.557770390326682e-05,0.5785426518874286,0.3925210794544894,2.774676469639605e-05,0.504837032699327,0.0005538068354926228,0.0009712982106503793,0.9991549650301335,0.00010362160698993838,6.679528150381952e-05,0.011337663443070523,0.5138936077015172,0.4830316415025599,0.49357754734657294
0.0002913510653625743,7.31108908805748e-05,0.581561765030945,0.5866227692092949,0.0001174834869630657,8.992860750655836e-05,0.579948825036092,0.00014670477831008158,0.0013077285960508475,0.0023473932879975873,0.0014756066116079925,0.0008220595008346992,9.222106532210886e-05,0.38817548669181107,6.895707976876448e-05,9.052097928710314e-05,0.4995236398614671,0.9996740658677218,0.15630607007348885,0.47175239469870867,0.6053034911554167,0.5291230256169908
0.45290894049675295,0.0024077694748107113,0.0005268573106637894,3.6366391299346316e-05,0.0010793820282708096,0.00030724722180259617,0.0005929484261625597,1.0464107035595627e-05,0.00037005629624493625,0.908783969641161,0.7052977223383989,0.000519410486372277,1.468740887929814e-05,0.0008322619820292801,0.0004312522569253469,0.0015223359347947497,5.104402730656801e-05,0.0007470519157734721,0.003379574067576052,0.48087511763913576,0.49463060423066657,0.37636285849481715
0.0008018656062638226,0.0035668106806738403,0.5945042613007823,0.001723820090296485,0.00010410824366347137,0.5909872647745983,0.5913663187955969,4.160594932222392e-06,1.6919646244937397e-05,0.000244591216200821,0.0001517833044956721,1.0499640611064923e-05,2.5818950874167913e-06,0.39112279388788573,0.4981039851699951,0.00011148083927731004,0.0018458978358149403,0.9960852302849179,0.8592201327098816,0.513704498538879,0.34657793582957963,0.4535797295622042
0.5844854934827795,0.0013508770020383817,0.5791342739436015,0.002420562341099099,0.0006005457816233594,2.28213519067423e-05,0.5854506042048963,0.0014556186535643154,0.0038311000002083746,0.0005570603438152394,0.000350081255903663,0.0024076379638302173,0.0009268513976863461,0.3922839968921632,1.79673402808723e-05,0.00048584650399242924,0.001888201160778022,0.5049267514652532,0.001486242344729112,0.47947324233069705,0.6043370128539155,0.5412548917468742
0.5783499138012093,0.004141797210846562,0.001632431334331684,0.0016551497876521823,0.5679389563375687,0.000291961768030709,3.4355425509969076e-05,0.000564836899544352,0.0005281331256762386,0.58325424587966,0.39400309388577875,0.00041057891038113,0.0004426927219984833,2.6708452577666413e-05,0.0002280017297340342,0.49983617241262285,0.0018267220734531908,0.0018238151854936763,0.0045525297370015705,0.4798068463677722,0.49927346128903954,0.5704453894566953
0.5766789114043529,0.5784072634169984,0.0006050355980104948,0.0023651828689064975,0.00011648663640564506,0.58152087322982,0.0008438424369016885,0.0006885246690107412,0.0005114511420818064,0.0006181525637744911,0.00039249181693118223,0.0003247425213949288,0.0004371742589408228,0.000535792412616163,0.3938870812200391,9.079342741512818e-05,0.0018435021160710028,0.0004715862099224366,0.500952571563654,0.4713245580616206,0.4998987351911811,0.4573602040281016
0.5770132682655158,0.00025637310304008423,2.987785821597244e-06,0.5795818184651744,2.7561837483329355e-05,0.0007571685132976394,0.5859940059424148,0.00020198130628407384,0.0022467312224159278,0.0002776302735807623,0.00017604038052782271,0.0014246132254172718,0.00012807305101706444,0.3967594829514086,0.0005912674860943077,2.1522848300683497e-05,0.5034505403837223,3.317590354802826e-06,0.00028467266832887805,0.5588533457066792,0.5040362068882632,0.5228508510542371
0.002200923713953637,5.761856021822949e-07,2.1403077160942215e-05,0.4431439005006396,0.8967724824141661,0.0006661132615261889,0.0014442133313625953,0.0002688122377020076,7.623562029299231e-05,0.000662309970363483,0.0004215163162576299,4.851891712108705e-05,0.0001710811667079987,0.0009191463737109256,0.00042393741020835523,0.7078138368437764,0.9968380331352574,0.006190669884223434,0.00016666235917100515,0.5130237728974358,0.48909513189069354,0.49798291788499294
0.002964453118394346,0.4518598676275846,0.001866811373469624,0.001249827647412979,0.0003853120200241126,0.000626613295885419,2.5059686348079813e-05,0.8994940020862519,0.0019617339523226203,0.0002313778642816032,0.0001447353160264632,0.00122713711249507,0.7063596566244379,3.522116155036276e-05,0.0009003959525311025,0.0005689280244907688,0.0017794012194419229,0.002668789300596112,0.9957677487277375,0.5278809620978819,0.5659955933882873,0.3878164357038501
0.00024131012896787504,6.457735680639988e-07,1.0,4.15165226370928e-05,0.00018214162804580688,0.0002573691705118394,0.0007113081968927713,0.0009503093251574265,0.00023224141557770888,0.000686167220262165,0.00043461329231924995,0.00014710003601961456,0.0006019191664342065,0.0004505377238115903,0.00016301589296136872,0.00011592419000845463,2.6296285833017933e-05,0.999846937559778,0.001701240518562391,0.520161194408431,0.564823048855594,0.47794295044888824
0.5977315708304395,0.0008469143615420525,0.0021374884849142644,0.6002455426050398,0.0024950991405368788,0.002790983159703601,0.0019024450800928664,7.952912362969675e-05,3.7333710658656085e-05,0.6040288017455441,0.39433927054582507,2.8056911517416936e-05,5.9767474223493284e-05,0.0014297206860949432,0.002097479883954645,0.0018751265988016788,0.5013335988480053,0.002276540729770053,0.0009020137024256525,0.515581121828646,0.2996821512350182,0.5062661915232172
1.6721458228679347e-09,1.7181173846180842e-09,2.0909384319427748e-10,4.0618430547537675e-11,5.220207095314802e-11,6.111733088601312e-11,9.1637357092861e-08,8.964933743049036e-08,0.894531863834931,0.447369422471453,0.29522615423857457,0.999999908666427,0.4974332853474053,0.9831570015421045,0.01621759779662222,0.013921787837813934,0.01077911203461899,0.05624925366775291,0.5081791002805316,0.5122247285281957,0.49912702330802805,0.49637945065927497
1.8442912953704135e-05,1.6596338018071813e-05,0.0008853926150538594,1.001346357406077e-06,9.721025242236379e-05,0.0009431656381445147,0.5788605403488679,0.5780333071467608,0.00245267132185161,0.5804857234193036,0.39288125918659084,0.0019087058465682705,0.49954398752627593,0.9985730189983533,0.5180801551613456,0.06959065069596976,0.0007197106269233068,0.9821650188904165,0.46648102944577463,0.48682639342391476,0.48405733541610907,0.4484806821571693
0.5878842691547598,0.00021196199523373208,5.9558462480951886e-05,6.825246572624035e-05,0.0006904632090144098,2.602584805179647e-05,0.00011965825549738136,4.7611406642314455e-05,0.5934400291026364,0.5884561642674062,0.39070090035557836,0.5029937443338443,5.155834318063706e-05,0.00012957780272624547,2.818336468548343e-05,0.0007477020871471008,7.391057769618062e-05,6.449584420331286e-05,0.0002295335976638254,0.6085390380600364,0.5033115154463111,0.6000047242335268
1.1534320357719134e-05,4.157972224603995e-07,0.00015794698049620222,9.195941102426671e-07,0.00033614920011518587,1.7112702840850362e-06,1.0,0.00011587950656917798,6.401617508705329e-05,5.226519316242182e-05,3.306055471573267e-05,4.0493684887188283e-05,7.43454963076022e-05,0.9997442683527741,0.0028592226247905394,0.7343781898097275,0.004149464833818367,0.9535033710461239,0.022886356268437547,0.5092807044451594,0.4824250557718529,0.42233012445051654
8.469237407250701e-07,0.00025881619561360765,0.5766417471955613,0.0002586916260657528,0.0005884844781098859,0.0011521492283782222,0.0005375849460484846,0.581292735652862,0.0002504356315181233,0.5805955224534952,0.3926668674046074,0.00019471663567483108,0.5025560455569557,0.0005934987854108926,0.0012719846895830507,0.0006496939405096769,0.00028559877473932974,0.999714262140348,0.9979167977749338,0.45136993844081374,0.48654237373501424,0.46532839999258885
0.5841405575294849,0.0010006973814485865,0.0014977011063918612,0.0019842989279773055,0.00036868718584470966,0.5833924572872698,0.00011705334506285298,0.0008205092987722476,0.00012665397688377123,0.5844236297230194,0.39329092822644884,9.803330254705534e-05,0.0006350945488342525,9.060222278506357e-05,0.5019861519746063,0.0004048435852477796,0.0021788996193588075,0.001644589278799959,0.0010988445264391421,0.48700946566627673,0.4211345635100965,0.4491731451409199
4.347920363262736e-05,0.0028118460571873896,1.2259799221757772e-05,4.369588387032609e-05,0.45998519465841836,0.00014036985255511602,0.00038629035637529,9.385398911418378e-05,7.438299734988849e-05,0.916857424846499,0.7039638771454965,0.00010294414239042128,0.00012989149287813564,0.0005346159299283462,0.00019426831870022327,0.9961074799590395,0.009890952678932141,0.0027753469042519456,0.9901568171242154,0.5139444582730089,0.34665725478635223,0.4544995794985221
5.559739360572578e-09,2.8860297352634486e-07,4.154491071758769e-05,2.664462731080387e-07,0.00012621172260461326,0.9000193031140161,0.44930637428593867,1.8149097619487043e-06,0.0006232030364631488,7.248296808902405e-05,4.5871701888249245e-05,0.00039440142334599,1.1485872870540268e-06,0.294769143162975,0.9999060128002729,0.797548088928689,0.004082775558277352,0.9955767989773124,0.9877374712560726,0.5311980963195575,0.49190802531458205,0.5699946861721733
9.757498819862565e-06,0.00022336184745201808,1.7732189865264817e-06,0.00023312743117084097,0.5819716813526685,0.5800653016795603,0.5819885254602876,0.0003596722207610438,0.00036345003298914703,7.880551884090855e-05,4.982461453859608e-05,0.0002297904828782484,0.0002274019841291939,0.39232688417612704,0.498955545394823,0.999646655810079,0.5133038367168004,0.005049058442835442,0.9722071167592772,0.42923468966848205,0.4850089460496456,0.5410187093503265
0.5783410250498181,7.46360845127244e-05,9.540420457438697e-06,0.0006102472391190573,0.0016752909441622333,0.5684790162938466,0.0013514810464304234,0.5644677056490038,0.0002064184347813446,0.0016165584631299729,0.0010262711456254792,0.00013104473075140944,0.3862219604708179,0.00104435577066136,0.4985286721130665,0.0019189321747634684,0.0006739922599035118,1.0573263573144262e-05,8.15710680524234e-05,0.5419213790052413,0.4849965068668066,0.4715992772796023
0.006035306638579929,0.5840237636252414,0.002753829379387926,0.0023168949053825423,0.0006753515326927286,0.5772509197463849,0.5837743998601523,0.0005935373952438515,6.082236355064641e-05,0.0015666340279168684,0.000989881444352414,3.8430786364503295e-05,0.00037808555710974837,0.3934287354758098,0.4962636965466067,0.0007503189095707357,0.0025253723637871477,0.0030496284278328984,0.9934120313118237,0.584055098983375,0.49720959070659854,0.5217361297415026
1.934778520238803e-07,1.6752340218948079e-06,1.5446294138285728e-08,1.8866689416479097e-05,8.183820721793333e-07,2.570489804528318e-08,0.8963963219196639,0.00018846930140089193,0.00010314239885372465,0.44783532391828335,0.2949610453540804,7.325162667254045e-05,0.0001338507075802503,0.9999865346734554,0.0008630964072949258,0.027743793348424306,0.9432440473807078,0.005924037858031472,0.9266958361641332,0.45590040770570095,0.49174302293655486,0.4948605746499624
0.9112658583520639,0.0005867525867061436,0.0003425117132650153,0.002502505956301334,0.0008912871297885944,5.121744134027194e-05,9.683593721788222e-05,0.00017818617508605735,0.4614025172782671,0.001445419080091981,0.0008998617699842347,0.2980174609297781,0.0001253184351256404,6.755407123111069e-05,3.572998614753892e-05,0.0006336794543580727,0.0017457853666514866,0.0002427611168782321,0.00040932841334934524,0.5948171198990012,0.6156412976755138,0.48519957344723585
0.0045496858307716185,0.5765576189012631,0.5725955665444834,0.001038864754289492,0.5808621203999685,0.0002606543128761418,3.864856753978896e-05,0.0011299680452075509,0.0007151405893235951,0.0002251616690147178,0.00014180995816746007,0.0004504055580927564,0.0007174714704193546,2.434142860264436e-05,0.00016490595321561532,0.3983909725051268,0.0008105814696529878,0.5029892635442236,0.9949693064728229,0.5167360282992689,0.41407417320757595,0.5560603604607883
1.618670717780937e-12,1.2895329357210883e-10,1.7000770576295784e-08,1.0134994339620212e-11,0.00011108991701851204,0.4464647083241543,9.617893153395444e-05,0.00029325616080906207,0.8962356198135802,0.0005080947043181337,0.00032304839681350685,0.7057727822465036,0.00041815765018567326,0.00013714276962362637,0.9998408307953986,0.9999025455267798,0.00037758604776381467,0.9951953323770609,0.9919979473192254,0.5005941465456272,0.49593683866209387,0.46440495139875737
0.0003735937440918889,0.6005574497193071,0.0001910636646194112,0.5997834359820863,0.000499975578909026,0.0002118269914564437,0.00018256556448082985,0.5884312734337149,0.0007506166829128225,0.0010581494324083246,0.0006522492546131329,0.0004626845427919339,0.3859180510280969,0.00013693332226336275,0.0001588808629716512,0.00037850157030457727,0.4995894112366666,0.00020577397108165478,0.9996034086951908,0.5121979176799833,0.3249619789042156,0.544795926491679
9.494563045083459e-07,1.638413369873831e-05,3.258317739486859e-08,3.807898244931838e-09,1.5963351486034696e-08,0.0005517982909800001,0.5791307637441377,0.5776026272666527,0.5775875825833774,0.00015586060415253693,9.909396807815469e-05,0.3914217708733696,0.4991588307057515,0.9993931578878676,0.981071054662324,0.000624997356447817,0.0001477103799239687,0.0012841219993575646,0.9630968969420171,0.49367577221610687,0.49168386832168165,0.5346767426193603
2.715250671403046e-06,4.225495943827798e-09,0.00024587473028791807,0.8989863374122461,0.0008497768406925416,2.3966718488651154e-05,2.339328188743092e-05,0.4483343117072555,0.00018868572392851955,0.000551509720009373,0.00034922096347263953,0.00011947752670413305,0.2955323271159356,1.6566011822494837e-05,1.6972092409973926e-05,0.0006133805835022437,0.9998230895390466,0.9930706779940072,0.00098930327792221,0.4705771432873269,0.4387690442754103,0.4722245893642886
0.9049346995344167,0.0008644402253204654,0.45244891616635574,0.0034461859310497066,0.0004791525179249057,0.002968518743480227,2.9775482428464827e-05,0.0009937138422286141,0.0006226388390438366,2.6303571848943177e-05,1.665076555981042e-05,0.00039414472154495093,0.0006290439253981224,1.8848577578239e-05,0.0018791446026284304,0.0003033160962697956,0.002181530409075413,0.2970790612320467,0.0006127296132222646,0.5251201068737498,0.4895900446570451,0.5703031712924449
0.004512735556289642,1.729860971011074e-05,0.8980599830289266,0.00313111482953172,0.4479989296689591,0.0007993651795610535,0.00023906716483626024,5.865363118424521e-06,0.00014156194056927525,0.00088529563967284,0.0005615657772399362,8.979640077673383e-05,3.720551573827219e-06,0.00015164648920195717,0.0005070580824572061,0.2945774886682142,0.002219558164301126,0.9968010003081061,0.0024403342271706596,0.5194469582096742,0.49713958589681506,0.44316413836472324
1.717590518971614e-06,0.001928254247728796,0.5779180554880111,0.006005175597823939,1.4198901983082674e-05,0.00036241992458486885,0.5836334929321844,1.783517342084652e-05,0.5783701027888815,7.761740586397853e-05,4.918778290507e-05,0.3905692546948568,1.3823431515889745e-05,0.5031134579155785,0.00039920870834403286,1.5640216443967437e-05,0.0066148732020200884,0.9978758914122606,0.9994371869068366,0.5194804178473391,0.4945293366070618,0.564534775056736
4.369788093159704e-06,0.004614333746466695,8.462846864962492e-06,0.59035177825035,0.001793409260986036,0.0008887263700434829,0.5873472435072485,0.0004993345198668107,0.5867334004701866,0.0009152582815867803,0.0005719688056960008,0.39074028064080435,0.0003817183093061613,0.49836428530192567,0.000958344552292446,0.001951922613418573,0.995024114760718,0.0011862433065694359,0.9993962606937169,0.5067271849178944,0.6210288733697529,0.5633951997735307
0.8983680779165556,0.0016307910710577354,0.0003870729785453175,0.0001903508266470348,0.0009055422791584718,0.0015633286814029797,0.44828102763842437,0.00023088086727939065,0.000613760092838067,0.001626976990889159,0.0010304571278692384,0.0003887295626497922,0.00014742221180387465,0.2942923161416926,0.001106258426875308,0.0006531512986482468,0.00013469818145092033,0.000278283021707178,0.0011539993811964036,0.4329506674409667,0.4796454576713488,0.48443701122812144
0.003916967423067687,0.5773747317956283,0.0002544999836246584,5.451608141759099e-05,0.5824321916793519,0.0025996606395259155,0.581505595829581,5.9362180419438373e-05,0.00042384213532035633,0.001376968203577203,0.0008719262465377919,0.00026838624395337466,3.758945197068341e-05,0.39264710202009684,0.0020179738021288305,0.5027686729350768,6.010864578839616e-05,0.00028060802449240497,0.9956811746036996,0.47059834605215733,0.47831501685744615,0.5634966674675563
0.5819378598507714,0.00021767252640147316,0.5757460910487471,0.5751543539472525,0.002313207710806071,0.0011363475659528664,2.083764297548115e-05,0.00022325036726368372,0.0006551950083212853,0.0006621977723324582,0.00042136909751562426,0.0004169131956311739,0.00014205852751938627,1.3259395555312954e-05,0.0007230801067486677,0.0014719411015944696,0.38990631749490723,0.4965951064324978,0.00023812615969200004,0.5194543405549338,0.49036476597151685,0.49887503794903776
2.7040253644347667e-05,0.00018641628375049002,0.8972830302752995,0.0005928388186131273,0.0002751328070211921,0.0013809426315928,0.00017345325495770998,0.00034847200479619665,0.0002279509732354933,0.4510230652534364,0.29651715391637684,0.0001617303141397568,0.00024723952099794906,0.00012306441121282398,0.0009797738366022588,0.00019520589545163336,0.0004206173947240607,0.9998663715101297,0.9088728949484168,0.5445030074470335,0.5047073133661152,0.4524726322692431
0.000247464881475529,0.0002519231643165647,0.5780534539804386,0.0023191095674816296,0.000473455914683227,0.0002063308394563076,0.0003783367700460351,0.000916835288558323,0.5789777221252165,0.5770513058687777,0.39106470527431964,0.5005053329623956,0.0010097159976116122,0.00041666484871298256,0.00022723358899943177,0.0005214203732585756,0.0025540593179835536,0.9996125173157991,0.5080802470139194,0.49071309935486984,0.49581841831441553,0.4672348493521062
0.5806106863857119,0.579576265480563,0.00021084039720622788,0.5736092537548488,0.0029545067983134297,0.0014616707934317354,0.00025453882553214417,0.0008686834599003808,1.689640881378026e-05,0.0002402299189574136,0.00015249934421390614,1.0725938402100007e-05,0.0005583577363298056,0.00016158278799637698,0.0009402135695919206,0.0019306716491953731,0.38947056431528043,0.00016618729101444826,0.49897937609529536,0.4825163882911635,0.48292311117939696,0.45245794395700867
0.00011069759655429347,2.5561248973948266e-07,0.0001000323111419667,8.769997604104131e-06,8.197006914613976e-07,0.6090153619816501,0.6086240113142024,0.0004974787338988472,0.0003526129012264388,0.6063407807837734,0.390602869950264,0.00026072009690257026,0.00037083172120896783,0.49979537995568846,0.9998425214331704,0.0035302463503552833,0.03708192730479777,0.4723808724711702,0.0014679293280220884,0.48226553496662955,0.6306954446106751,0.3111037503084978
0.0022900678135562664,5.35760404259376e-06,0.5675916187362379,0.5774761203288437,0.0004609950727042589,0.580779573900499,0.00023673245094184853,3.97968226716781e-05,0.0012462766524364245,0.0004055410441791187,0.00025774637838415896,0.0007920860259902743,2.53951182526904e-05,0.00015045821854818588,0.3937502417705483,0.0003665466432467529,0.5004454424485831,0.9974682396055387,0.0014872484292864918,0.5025667626584753,0.48946331195305504,0.5393333355921356
0.0006987221117236358,0.4564023027674341,0.0016234876764309924,0.9089863521193904,0.0012037462768505376,0.0006975013195832449,0.00012770109363007416,0.0007400367982791052,0.0033524801987986287,0.0019132674521833086,0.0011974959984408383,0.0020982919152150916,0.00046318513421489535,7.992745620543017e-05,0.00043656251682576365,0.00075341894636323,0.7037620850219445,0.0022645345528933404,0.9990253774761882,0.4327639448346178,0.3895542838517332,0.5205913350181974
1.5229005914482884e-06,0.0007872711909550622,3.378468315530325e-06,0.5801789018021162,0.5651316794379778,0.0002042559290119645,0.00018199657325061435,0.00039991847383349824,8.255338039129718e-05,0.5823867039763705,0.3934197363797951,6.414932164741606e-05,0.00031329588385283977,0.00014142313991430072,0.0001608302233701769,0.49641432640777294,0.999139661529544,0.002776891297015527,0.9987667677866836,0.5121666532118596,0.4291546847373271,0.498597786748601
0.003131073012712713,0.0001335385936242578,0.44920230140603534,0.0004634616564705527,0.8972210852667337,0.0009840347461188615,0.0008225238347734425,0.00028841002371952923,0.0004565150791485078,0.0002503486439368267,0.0001588377417392423,0.0002896433833547916,0.00018298642431173673,0.0005218636803841869,0.0006243371558005088,0.7044906901949786,0.0006568124417850696,0.9955868867154014,0.027309027906359036,0.552170239927599,0.5055792875862256,0.474671680646464
2.6360415311952707e-05,1.3272651819302152e-06,0.0006929388481669078,0.46019968775367504,6.598024595667239e-05,0.0014807086585017417,0.00011104450909459854,0.918239486629645,0.00014822136208011245,1.8806954227684064e-05,1.1531793869275014e-05,9.088437074026046e-05,0.7063597811983255,0.0001529854733222763,0.0020670891647626586,9.357299947413474e-05,0.999028947077772,0.9761211599661792,0.03198172822431845,0.39768124129058435,0.33456490679866113,0.4797126729997206
0.001615502900885419,0.00013391665496712577,0.4524491971384867,0.0002795132075178397,0.000506048881382874,0.9048288934788893,0.0002641850473186359,0.0001064114792917181,0.00013308455653824382,0.0008662469837598688,0.0005451210643434249,8.374887810037458e-05,6.696375828524451e-05,0.00016624920577451859,0.7048113628901684,0.0007120323390933904,0.0003932871821805317,0.9977191159072483,0.05265203565806059,0.42123196994057804,0.5648908986900983,0.4649051198058363
0.0021613497487822887,1.679128133718968e-06,5.671522672364394e-05,9.565709835943734e-06,9.593471916516638e-06,0.582504910352793,0.00018263710181008652,0.5841421272882519,2.0069126805226083e-05,0.583606127438745,0.39197058972072735,1.548753087521467e-05,0.5008911929445913,0.00019960275589174644,0.9976370109221261,0.0028247120336759857,0.002816565409396121,0.016701480212159336,0.0004945825893315926,0.4567058262756873,0.4132579540764978,0.46662954444027077
3.7293039623558997e-06,2.090916252886427e-08,1.880305397278481e-08,0.448659713177209,0.00036705095838196895,0.0007528303407400048,0.0003692486711298726,0.00010337589253155502,0.8987364712581191,0.0002054387451121995,0.00013009360613694632,0.7041910946180221,0.0001472751595618792,0.0005217989853588311,0.0010779966840335493,0.0005287004432271011,0.9999947223143437,0.0032579085179067014,0.0035642352117117374,0.4314858344960395,0.4748891048735902,0.4994036714288204
0.8982261888657825,0.000497327923186281,0.0022279201158419727,0.002053053482606194,0.0007618177481305488,0.45160555871794683,0.0008015536033854223,1.2925596004563227e-05,4.7936355207336624e-05,0.00014029475362786607,8.873647415862232e-05,3.031975939423546e-05,8.175443449913145e-06,0.0005069829543842189,0.29621384171251697,0.000541771517133054,0.0014530294209362735,0.0015928978078706413,0.0003519809221127113,0.52064601912882,0.49573300563858447,0.42209922933390814
0.0002403136074525189,0.4521666357313095,0.00030742052386084504,2.076701822139268e-06,0.8962866548680405,0.0008171766667850557,0.0005399002633321333,0.0001945678793347218,0.0008262023718731814,0.0007922423610172266,0.0005024049102457361,0.0005239410083853235,0.00012338637363326334,0.00034238097207751184,0.0005182175642587202,0.7025506173699134,2.9238533861832244e-06,0.00043282699487444366,0.9996616548688486,0.453043498595179,0.4975277073705073,0.4590748053984298
0.00029892134093266205,5.7817469964024515e-06,0.5646461827265141,0.00040364835022782953,0.0003403111634215061,0.5735354768211772,0.00040504059169255656,0.00445194751954489,0.5786335390803646,0.0006255546385188453,0.00039664502153968333,0.3910201014853919,0.003497487832901658,0.00031426721141940457,0.506817642825595,0.0003965601733608923,0.00045353883520209614,0.9996678967825489,0.012312097882051926,0.5549047729479027,0.469221905570905,0.49221849699748577
0.0001927521087452671,4.929214968719976e-07,0.5729482477652872,0.0008088869237523099,0.5689955622352041,0.004632510936746367,0.00017686154433363605,0.0011121814731092734,3.7757728624761028e-06,0.5773368995201884,0.3913651057289876,2.9395017402118577e-06,0.0008693354204497152,0.00013768977241454484,0.0036065092653590437,0.49570127062648894,0.0008846375467713133,0.9997888959915877,0.0016256974138674626,0.513869449999327,0.48799536001804283,0.4741787449068394
2.641296060177591e-06,0.00012204553337456625,0.44994231478180924,3.2583419937845805e-05,0.0003798770767574213,0.000736318293413077,0.00012675177493607525,0.0017701632063215663,0.0003526856765373889,0.8938177120916179,0.7031041415953088,0.0004990072854941298,0.002504572356585799,0.00017933975385730052,0.0010418095052371742,0.0005374848801546882,4.610201775341605e-05,0.9998272789276845,0.9863278320333625,0.5197344329614243,0.4931591527999666,0.4843601179941287
4.455140338041492e-06,0.0005321585112533237,0.5686571771910052,0.5784927682256297,0.00016166635060143103,0.0007934274872962782,0.00011422866576239082,0.5766521814637011,0.0009352548172535536,0.00033523971658518364,0.00021148294520450161,0.000589997154494152,0.39278642851996515,8.834960023294472e-05,0.0006218312098181241,0.00013136073390908538,0.5043644429195279,0.9994130232736276,0.9946705004733389,0.43985255808617707,0.5602629448456691,0.45628308475470225
0.5810044027284256,0.0010290389333682413,0.002044427419692571,0.0013189279293758364,0.5674855577978234,0.5782880637409519,0.00010900978259287501,0.005382399264975714,0.0029695591514061165,9.463382507703588e-05,6.001885522216512e-05,0.0018833625412773714,0.003441495748934327,6.913771707278628e-05,0.39086856551210303,0.49813175491127726,0.0014431101764490225,0.002272681926664541,0.0011259366825668038,0.4981787955475694,0.44535927124160724,0.5281372232095253
5.65175879495708e-09,4.0813203665974015e-08,5.108773427785468e-08,8.23872471692918e-06,0.0002185165007803287,1.0,7.3917091270950715e-06,2.8142758169670826e-05,0.00017888043056540903,2.8981187048073617e-06,1.8366970256579907e-06,0.00011336635589158438,1.7981007220204092e-05,4.684532198966996e-06,0.9998587452002794,0.9763653124409616,0.9948987409226047,0.5729873455295585,0.912275662540083,0.5614896184766707,0.5172949033310592,0.47901585091406695
1.8151180869789481e-06,0.0002053512514534603,2.9498837515625466e-07,0.582192777232689,0.5702200543466337,0.00010600215099630921,6.815949486996796e-06,0.5752066893911104,9.083950521545838e-05,0.00034235356336372914,0.0002168356513465422,5.7534800795925985e-05,0.38966183347628025,5.274574016310284e-06,8.203056579934604e-05,0.4994678157016882,0.9997754422121168,0.0009290887892140724,0.9943649938296423,0.5258772564639951,0.48368348305223385,0.5647989614442473
0.9093757707807776,0.44929143890746237,0.000830190156799443,0.002289369736939132,0.0015590504430818572,0.0007788193181865173,0.0005171628868369674,0.0005919090461250588,0.0008279507084545392,0.00017219948597481852,0.00010795472264652368,0.0005190561362589217,0.0003710777765368871,0.0003242181977805373,0.00048825514891213213,0.0009865045882033077,0.0014352482582948123,0.0005287815907575625,0.2917781336047887,0.37618042251833417,0.4940702690911624,0.48945921441089996
0.0023136008583465495,0.5853810034874303,0.0009510185564456039,0.0006611689254252219,0.0001406436761860312,0.5804512348844068,1.7738516513683714e-05,0.0004995828115932822,0.581058179950859,5.254389958931689e-05,3.311632031753614e-05,0.3901931882719108,0.00038807275582732016,1.3667749812573985e-05,0.4987405128199238,0.00015590343322328644,0.0007219841138248783,0.001051268199904587,0.9974803178934191,0.5687142936151172,0.4272086501409226,0.5083911913334367
7.922173950728455e-07,3.3329388571403134e-05,0.002613136186985872,7.136761163636254e-07,0.44914501396815915,0.8947323088160856,0.0034037110189643325,6.874845030593546e-05,0.00014536431858190767,0.0009262841001348068,0.0005890149242535306,9.243576330293654e-05,4.371647452118756e-05,0.002164391084657269,0.7038166943421008,0.9962958715241756,0.00017385368044450442,0.9918783746047031,0.9849672857315735,0.4743404331614349,0.5034039500252309,0.521853252791707
4.2709875422312477e-07,2.9596420761426656e-05,0.000203397437768845,1.1781528120079913e-05,0.0007487647309634229,0.5951027034991574,0.5893528600231825,1.3790622122352984e-05,0.5952167333060815,0.0006998691041736485,0.0004336234056248737,0.3933349552048716,1.0482259411773094e-05,0.4969093342264993,0.9991692719426258,0.829178874295114,0.03645110282753188,0.9080015771275227,0.9908826550527876,0.48151830415618246,0.4915965916321675,0.6646012253631735
0.000849931204550556,0.0006291758323078574,0.5993807318628935,0.0003576252250482349,0.000547020070138921,0.0008521435304011094,1.4936010570941047e-05,0.6012601308612044,0.6007805758624378,0.0002870145496774633,0.00017508659239281172,0.3905289101550833,0.49776114452971176,1.5703543490935492e-05,0.0008959338470314951,0.0005779073521332906,0.0003760034482679828,0.9988871619302901,0.40524811089578905,0.4480910224797905,0.3001392055001176,0.46911139602872776
6.492182363343224e-07,2.7488605011417018e-05,6.876532637949714e-08,1.7294323174913178e-06,0.896715494884987,0.446104613151267,7.544962527041878e-05,6.92402546029227e-05,0.00014594961773031558,1.60389467805688e-05,1.0194879905737835e-05,9.277035772977829e-05,4.401137419398933e-05,4.795825373616496e-05,0.2938862661248567,0.9999804404914416,0.03998865830126913,0.001592116836550205,0.9849672857315735,0.5296982621791655,0.5121555148894474,0.47712928094510376
0.5920559350484369,0.5926395317982659,9.102795064703023e-05,0.00021491700628253083,5.235732965026083e-05,0.0014198751807471398,0.00040273385091343185,0.5877702138696823,0.0012542303465257094,0.0006617431803469412,0.0004114731728149946,0.0007798831274739516,0.3892880060182256,0.0003058418023332178,0.001078273962875191,4.013150267039012e-05,0.0001632112736377143,7.02329673520608e-05,0.4998605911087508,0.6540057152890782,0.4964556997173431,0.4899865227154633
0.9040645627599113,0.000721800289255678,0.002261550232566288,0.0026128546245167885,0.0002280005017272947,0.000982864981201489,0.003806623575201816,0.0005479997488491573,0.0012580760355399856,0.4519184775135664,0.2947362455031993,0.000884629961057966,0.0003884735167614911,0.0026766792196905777,0.0007003072459350245,0.00016341551118430575,0.0018448156533782843,0.0016164214091583602,0.0005075508410423701,0.4287645473815187,0.42693253640066214,0.46156280119294335
0.0016725668769146328,0.577400989112969,0.002736317902553456,0.0010908092873934986,0.0007343730104315654,0.5841688205056247,0.000175786237662157,0.00047567364950265215,0.0019216686691214812,0.5832796619180097,0.3931050884263414,0.001489416327692332,0.0003716836940156635,0.000136245868543043,0.5037033257289854,0.0008252958778418054,0.0012026632602676808,0.003066555292428314,0.9981532718984243,0.5794280412242876,0.47464044375148756,0.52142149155411
0.5829073957592258,0.0029357784547642167,0.0009590699264664283,0.00040859344524766443,0.0012060320107180804,0.5798235507422349,0.001192516356195111,2.4876553288643936e-05,0.5766172571548465,3.9697475574080555e-06,2.5153689051657727e-06,0.38915074863701044,1.9248177906663023e-05,0.0009227072077821054,0.4978533022393278,0.0013216179014060433,0.00044560259627412103,0.001051268199904587,0.0032017107194877714,0.5034461314281344,0.5653034498488594,0.47914400474507685
0.00023478506782080778,0.001527311418857622,3.9313940424642015e-06,9.887512225835688e-06,0.5809126229543213,0.5786337563166938,0.00017049846817684537,0.001220516603457114,0.00023350511957795974,0.5791150767544477,0.39148430390454386,0.0001813014557401646,0.0009476517048729012,0.00013238106232447253,0.4987477210127066,0.9983065283266584,0.004073431976601122,0.0016196695050551928,0.9028961246370574,0.5609570107844429,0.5053329913596539,0.5087104505727762
0.0011463028040971874,6.361918111803924e-06,5.3801405893097414e-05,0.90139794644292,0.0008403898527968348,6.191170517140109e-05,0.4441249658002795,0.00015009283422506327,0.0004540526513800104,0.0009593328225301852,0.0006077690733161422,0.00028765746976790294,9.508881379979713e-05,0.29144173513147087,4.372560006539331e-05,0.0005990629274810484,0.9991883305180748,0.03029065070001788,0.0035281440771882423,0.5697269106384739,0.4976463658063463,0.5022285766142137
0.0012996083949262105,0.5770777448537011,0.002758297109763398,0.5817331615798453,0.0010579196022205476,0.5763363623450005,0.00020836952500226407,0.0004482945751748916,0.002553328985011496,0.000408005006279632,0.00025927608280704097,0.0016225729599222336,0.00028487995842293355,0.00013241361661875563,0.3902293542260269,0.0008219179370426068,0.5025531048257327,0.003042863233994405,0.9985663023583613,0.5159372246369248,0.5034592920890016,0.539229852715981
0.00013422699235758512,0.0022938581804553783,1.0765192817804115e-05,8.177055025540892e-05,0.580918265006047,0.0005240373741147252,0.5766415494202182,0.578375682859729,0.0004112344108552889,0.0009167452548421777,0.000582307624643918,0.0002612121581151178,0.391613614324563,0.4976453353119376,0.0005742801876586104,0.9974802860740444,0.022645411729805692,0.002982565092191781,0.9627901034420586,0.5158351970136275,0.4833540143847108,0.5415075780100052
4.3841208485101454e-07,1.1708064404406503e-05,0.00036695242340557984,0.5850745994586183,4.663708245319564e-05,0.0008092202352660094,0.5796188541325881,0.5799950327840019,0.0001687226653733873,0.0001870834370670483,0.00011807946766144287,0.00010649089595217152,0.39181365683017066,0.4970175490742983,0.0008805119340109665,5.12187211533662e-05,0.9995941366808704,0.9799999624498232,0.9761388052652978,0.5160112445997742,0.49234456777659863,0.5913038648549325
0.005578366039225919,0.5890757435191409,0.0019545226663086183,0.577147231892707,0.00027997608160687683,0.00029526909182209053,0.00011700791335217426,0.00047943344846717597,0.5809798753887442,0.0009323953913984506,0.000588401807729242,0.3907046393436513,0.00037310735272913487,9.03222538999797e-05,0.0002279279226936744,0.0002202920150595919,0.4934725536635283,0.0021459292155752516,0.993963001644393,0.4819680925771844,0.408179857631837,0.49316102669135553
8.517581907747456e-08,9.771893048307342e-05,0.5782023048196065,0.00032446229207360117,0.00150553886296432,0.5798131701697989,0.00011009202066910972,0.000448548127742313,0.001503483634502385,0.5797636426738795,0.39221679717439284,0.0011689009572879022,0.0003487294036961406,8.559243992083234e-05,0.5008844400071749,0.001657643820463678,0.0003572436224629789,0.9998924082007259,0.9994450962924815,0.545452558884937,0.4972161158171638,0.4648316578118978
1.405348110637285e-05,0.00114182146883667,0.5775142049398622,0.0011582470040357041,0.0005318868681007466,0.0003629328532495411,0.5804338487753349,6.337959630982997e-05,0.0003796984330000257,0.5796697977242441,0.3921853808204804,0.00029521773539214254,4.927800756171464e-05,0.5016037059388554,0.00040007532923277365,0.0005863202244184558,0.001276783337466523,0.9987412253658831,0.9921649115370044,0.5270100376898916,0.47870024034543085,0.45489128149801267
0.00011956258212668345,0.5729595202012905,0.5796346933014043,0.5766795166962642,0.000887393276290896,2.893320610154082e-05,0.0011651657842327889,0.000505890613119274,0.0005952036797027634,0.00017965218476434576,0.00011435568609674193,0.0003788705937471634,0.0003220193595926188,0.0007416742805732722,1.8417142712206036e-05,0.000567588129072264,0.39124758398017495,0.5053040762720542,0.9998669638870857,0.4888911597383111,0.5016389277046909,0.5004957378013439
0.45962375290698626,0.0008343465565084132,0.0022150697706920038,0.00022363992148866145,0.001100192189948125,0.00010327546646096044,0.9126568492937772,0.00023575280006343498,0.0006241447005105131,0.0014713229096210085,0.0009163680796273918,0.0003887295626497922,0.00014742221180387465,0.7026281177475638,0.0001428398916184694,0.001535853883066814,0.00030931641364100526,0.0031126456342749752,0.0011539993811964036,0.43194633634420987,0.49428303582366073,0.6322674831573114
0.4505189302614799,0.0006000989007776891,0.00048570289985001754,0.0006379889163329727,0.0005003817942134135,0.000628363172838451,0.000383700774072559,0.898143192315067,0.000527123117330994,0.00024311869122109475,0.00015299339587784844,0.00033171600489851906,0.7057163568240225,0.0005414268387241455,0.0008906700062631921,0.0007196933339385615,0.0009039389111151157,0.0006966360864328276,0.0008467819054112948,0.5279914418062918,0.5621123267687628,0.5836544661765483
0.45775536016795837,0.8907841955836137,0.0025279589155361684,0.0028739117579309184,0.00019758657385296068,2.801638909223197e-05,0.00013806410919231047,0.00030009637800773896,0.0007606798065296033,0.00015675662053116327,9.912800057261124e-05,0.00048103024820453366,0.00019227548724174616,8.730746894975675e-05,1.8235233768185545e-05,0.00013126358863558858,0.0018409381126750879,0.0016260172338111913,0.6943596842770581,0.4304927849405163,0.4936038523056349,0.4569872868062575
0.0003804895507844737,0.5997141050715967,0.0012155154934224183,4.580980421144772e-05,0.0005574254755542451,0.0003724736108260339,0.00012803949886910836,0.0005942319248552183,0.5966464816440268,0.5989010907415927,0.3921865162352761,0.49836651900255,0.0006333359218693513,0.0001359184866262616,0.000395394030458166,0.00060314229752197,4.86287701217693e-05,0.0013109391319145658,0.9995955204023438,0.5695622552038624,0.6651864405168084,0.5661285952524042
4.9453432694336465e-05,0.9248537024980922,0.00018750121725992494,0.00029266574605646596,0.0001767230733699061,0.0013211334226561602,0.0001837911043147797,0.0009118103057186867,0.00010823585551432337,0.4618110827025079,0.29482764231732583,7.450364725389928e-05,0.0006276404835728888,0.0001265118139144152,0.0009093968143290553,0.0001216466917543117,0.00020145541918309905,0.00012906579724143144,0.99996595890469,0.5624502185066359,0.6707821297170866,0.47397274293138336
1.790375815041622e-17,0.0,0.0,3.4457706757126693e-17,0.0,0.0,4.920040608955253e-18,0.0,0.0,1.0,1.0,0.04384959816972356,0.17102821085871184,0.08342277230869238,0.041250319292552476,0.000313119484644013,0.6983735786482865,0.25328101037907863,0.01482878755462416,0.4063936215883316,0.5519346535498033,0.5561216169989274
0.0021144404697773333,0.00015054923275023893,2.1114638643523033e-05,2.750421865887406e-06,0.45203220568492536,0.0003083941927693174,5.0971572948291476e-05,0.9081792403678739,0.0007140823926929861,0.0014790194109573348,0.0009281518716294535,0.0004481194963999088,0.7059847294606147,7.178503265685459e-05,0.00043432226493659264,0.9970144593946024,0.000825969737945063,0.006340972969075487,0.04525128612758514,0.6102723147061261,0.5031575341926678,0.5478587830696194
0.0002827174203338873,4.5940644005587814e-05,7.292990013090732e-07,0.5803963632955603,0.0017652792807096797,0.5841310458027854,0.00011204091965284916,1.8666140428377155e-05,0.0015368852000321983,0.583883384925473,0.3926577880538783,0.0011881822209519918,1.4431007563171597e-05,8.66201221599465e-05,0.5020401174719197,0.0019543215191817355,0.99968539106994,0.001644589278799959,0.102408893433233,0.5342242446144412,0.4866154138396752,0.4099882972781741
3.822601648443815e-09,1.5771234700395002e-08,2.596027420001618e-06,4.170104601824305e-05,0.0007272070740969567,2.6711522146667352e-06,0.0005685073185288655,0.44722618131441777,0.0002077501882824924,0.895906503616739,0.7031751594082358,0.0002933373522120117,0.9986796854844128,0.41603497195916345,0.0022905068742264945,0.9641508964502099,0.959787654963509,0.9960852302849179,0.8500394610821081,0.5063865838719223,0.4551949322249816,0.46975474778286425
0.44489755667099856,0.0015434024028259594,0.004326471492840557,0.0034379711928561527,0.9003850468720146,0.0006687966367865593,0.0014500312103148867,5.182583091300977e-06,6.791511701011617e-05,0.0008845870666878857,0.0005607220687359867,4.305004698691278e-05,3.285136737700497e-06,0.0009191463737109256,0.00042393741020835523,0.7078138368437764,0.0049191554256035625,0.006190669884223434,0.0022085006537342486,0.5137561477742139,0.48909513189069354,0.4366424917475844
0.001064431444710637,0.4546145979355399,0.0005248420176408368,3.676936128348967e-05,0.0006855102273700476,0.0013460101093001736,0.00025451474963682474,0.0007432917411606087,0.0003709186611759817,0.9109017647800826,0.7052977223383989,0.000519410486372277,0.0010493433799242304,0.0003564065644539447,0.001909930105896895,0.0009784690686559755,5.1701033853109686e-05,0.0007470519157734721,0.9985073027577887,0.44770147005845945,0.49486594295506536,0.37636285849481715
