obj_0,obj_1,obj_2,obj_3,obj_4,obj_5,obj_6,obj_7,obj_8,obj_9,var_0,var_1,var_2,var_3,var_4,var_5,var_6,var_7,var_8,var_9,var_10,var_11
0.5808260519364572,0.0005475128363402732,0.5768580681647807,0.5753648181610592,0.005836307711543021,0.0005430879618820464,0.003920241291978706,0.00044901401608080565,3.1441055909973556e-05,0.0016110060349361212,0.001017774342648603,1.9863319307937143e-05,0.00028367078697119196,0.0024766728238354574,0.0003440384969328656,0.003692092843908549,0.3906795503765838,0.5018417341474758,0.0006001063362031794,0.5671065678790702,0.554435263144889,0.4851253388494904
0.0005466392400751798,0.5784788329405033,4.314742729938749e-05,0.5803445300689731,0.0008717442190068739,8.587470670459712e-05,0.0015338377519532693,0.00048102513903422136,0.002518095187856563,0.5853247968121463,0.3945252009720951,0.0019540719665753215,0.00037328245165333014,0.001190281066883339,6.68212644875323e-05,0.0006764874888516637,0.5017638260022523,4.748400713477799e-05,0.9993984200887136,0.5597661661164903,0.486142404603796,0.5633703574718246
0.000923900281137263,2.2188754738667354e-05,0.44520578316618475,0.0019596666002551577,0.9023332439324163,2.0050207088468924e-05,0.0012926813860938092,8.327266350084561e-05,0.0009765972869079955,0.00025648237448307285,0.00015572487847500768,0.0006157011646548416,5.249972801737077e-05,0.0008149786138733968,1.2675136070282208e-05,0.7053337036650061,0.002790678305675587,0.9986950950258314,0.015286373819976676,0.4020820812355267,0.4863735030674346,0.49799452488620505
0.0002111856715082199,0.004773473765509798,0.5783897055984051,0.5741169168799242,0.00033836878316104694,0.00025265741675100604,0.0001256315685321854,0.00016366657941807952,0.5786622933319409,0.0035976337147180727,0.002289682939710899,0.3927254927399666,0.00012770273408740885,9.8025480369158e-05,0.0001971388682539869,0.00026401616808613643,0.4983679627674914,0.9947409313696494,0.9718533364335976,0.4881097816820244,0.5008018783667918,0.4881490751031886
0.00020214830071498831,5.2418118116615794e-06,1.3191864380694558e-05,2.8399459200675964e-06,0.4502353675401097,0.8985923145037614,0.00021598102955068852,9.419346812274186e-05,0.0016924307612009842,9.351637271460376e-05,5.9233548163891076e-05,0.0010719911793193315,5.966250725051401e-05,0.00013680322144684031,0.7043006445544122,0.9997134360500557,0.008941939182053715,0.041472029740398486,0.01650418726591569,0.5523436317631744,0.4856157245483573,0.45382812023549474
3.1074680616625486e-05,0.002915729683272627,0.00011178708721825358,0.000464857844547384,0.00026253452830695643,0.894494336370617,1.5243988741803932e-05,0.00032498527811338184,0.00022133573060376715,0.45085928990386015,0.2965251490298499,0.00015709878610245504,0.00023066675546219305,1.0819818047859615e-05,0.9978939605158094,0.056476252572279034,0.10141627472343993,0.02470426356062226,0.9932154179927332,0.5595730512080473,0.4943328262840956,0.48294968366171687
0.0035632774198363433,0.5889836374999003,0.0009467101722776832,0.5753733899574026,0.0006495044292970025,0.00040388064627468434,0.0004074124745114974,0.5769092614932929,5.6309740966725535e-06,0.00042443799708544655,0.0002685542755811952,3.562881432486438e-06,0.3887389951545309,0.0003146415543255969,0.0003127617719395495,0.0005022707754108516,0.4932914435823082,0.0010362767332487105,0.996148576903998,0.4502924944241298,0.535165869051797,0.45058770399399634
0.0005597270492126136,6.877060026541494e-07,2.161426871799558e-06,1.744051929546646e-07,0.5797695957720826,0.001539047433699015,7.959298019104008e-05,0.5734856799155895,0.5794593975296017,0.0004758651157649456,0.00030269035297866354,0.3930919731275084,0.4961093067182774,8.728182341046258e-05,0.0016923117772150902,0.999386194608234,0.00020006060949418982,0.002521285653116212,0.0007822331326514647,0.503559304461376,0.5276400841398987,0.49192895220785543
1.995909586552044e-05,0.0006990117240584956,0.0007117874790764614,0.44008591213840564,2.4501794293479725e-05,0.0003981306467884319,3.8525006259613604e-05,0.0017807842974953696,0.0006859747343927758,0.8873835900064311,0.7013471236237924,0.0009543541611710194,0.0027565071699584467,5.428637969833773e-05,0.0005745772249386718,3.468925731265043e-05,0.9985649589983463,0.5078087739948955,0.980947849755121,0.5287850964946791,0.6164636014601884,0.4856164033800843
4.807896173476855e-06,4.594952277161878e-05,2.717211916873648e-07,0.0012102138734042711,8.00392672974837e-07,0.0008537425277672627,0.4452688073108514,0.8925282380229507,0.0006769458452221387,0.0001671059860351345,0.0001077604159179234,0.0004304565269887022,0.7062918591359831,0.9978588361831153,0.38817738539316804,0.00041520265349578866,0.9760575568727783,0.003854440412304604,0.9336337672021444,0.47201528160497336,0.5195424470362009,0.49987447918124867
0.0015596478065067678,0.6014900104827375,0.00048413473998674554,0.0007390269860328915,0.00027861868996492364,0.0041651313973638335,0.5945091448922926,0.6064762468253359,0.0003826168567284604,0.002112116829158007,0.0012920224718625806,0.00023405441405666182,0.3960509851884725,0.49627506812018807,0.0044202849636938435,0.00029488996152922137,0.0007840043779165878,0.0005124085852065671,0.9983492653427453,0.5957242550816118,0.6691386959151404,0.445819511182995
2.190329535877486e-06,5.182854294760253e-05,0.000524644100488509,0.5890287247685799,0.00032532501212891073,0.5882012533435663,0.00014292324042982905,6.465328274225659e-05,0.5887587421127672,8.385512144265878e-06,5.2270035137457545e-06,0.3911443322701099,4.9320866214777365e-05,0.00010902923671928795,0.49967731348775823,0.00035125820540199556,0.9994243608888496,0.9380405756847872,0.9731117688492638,0.6418205511915034,0.4740524952764187,0.47715041311360123
0.5874989773608671,0.5846884574375382,0.001367301814266227,0.0009745271981919149,0.0015934252521843453,0.001279166859892592,0.005641676201623314,0.0005877432268485956,0.5759021381770029,6.63413184703379e-05,4.184438568523226e-05,0.38656833672639457,0.00045141093498861227,0.004333073191092607,0.000985146368450048,0.0012254651401012264,0.0007549045818341958,0.0010635329234206783,0.4984735981020978,0.5732238704959636,0.548718141298587,0.46024450374294906
7.525527029219539e-06,0.0016832408436438042,0.5842823431482265,0.5817723287576022,0.0027781765814484626,0.0004097576022067492,0.5802823425378716,0.0022338618185777257,1.5156888322912632e-05,0.0007032027909623183,0.00044366164252533093,9.562719523065194e-06,0.0014093797500070514,0.39006166847414697,0.0003168655813981057,0.002142544923088981,0.4993673326917073,0.9981659686273865,0.9971537837845866,0.5715236613531542,0.5251484176177534,0.4426150319570622
0.0008061190603706852,0.5899012294075605,0.0006422901957442033,0.00045133219967651706,0.5891523528347845,0.0003039738038788482,0.0005336508413727222,0.5897905554827285,6.3475419742039535e-06,0.0003240926807787966,0.00020203191570751814,3.956911661997468e-06,0.39196038876899675,0.0004074911730077631,0.00023211180787870552,0.4995950711491651,0.00048820778364824856,0.0006931568785691,0.999130039085045,0.45002862125891596,0.6311655861141041,0.4607303446043406
5.365558898954283e-05,1.3568726105027958e-06,0.0010585623502091157,0.5776893042489267,0.0008287759413473661,0.5798958575370396,0.5783857715869534,0.00013346447800174625,0.00048416120118833307,0.004719147705572591,0.0029924538192701833,0.00030701322631434196,8.46316540572543e-05,0.3908592133480593,0.5013376142770825,0.000910067333710406,0.9988346644866107,0.9677488119974049,0.016095767098173286,0.5020017355277754,0.5371051785885121,0.44918174116237114
0.00013497369312973257,0.00012425537177310518,1.472814735010785e-05,0.004700726512221116,4.732465973520161e-05,2.168181568272462e-06,0.5803827839762136,0.5805967775631675,7.696852214648843e-05,0.5828976160881898,0.3930646863308168,5.968655615512693e-05,0.5001068369560693,0.9948277162108718,0.00029271803874178536,0.006389232026031477,0.9751446036354476,0.050998597867988354,0.4736927227638358,0.5302122886563728,0.42313357123267986,0.49556109721723113
2.4679122076304955e-05,0.0006369011257938927,8.385162415082852e-05,0.0006786685363526207,0.5798260992902967,0.00012233707452581925,0.5801872752628798,5.8521461910108135e-05,0.0010410072004177276,0.5840180070634564,0.393896840086744,0.0008079515432752003,4.541998448413807e-05,0.5001977929596444,0.00013431975209359396,0.9989723659895712,0.5179782474512584,0.08327351709203024,0.9753441150676352,0.5172915369010687,0.568777135775551,0.4564794606974508
5.0772483341932824e-05,0.8999238896727098,4.138232823767419e-05,0.4428311307034838,0.0005302463107220041,3.1228404008189635e-05,0.0007211637054627905,0.000708777688506803,0.0012268476138083226,0.0015516990517450023,0.0009820280901243535,0.0007764397071348547,0.0004485668315223739,0.0004564057318104601,1.9817364862751113e-05,0.0003360229048661453,0.2947922480841408,3.0022009364585162e-05,0.999964085240323,0.5678795872163804,0.536219687958194,0.4987726219882983
1.5628133952078656e-06,5.4823558872250744e-05,4.138819572484706e-07,0.5770099476960756,0.0003669947058688654,0.0012108222945964365,0.5824820224135844,1.653071520125502e-05,0.5791522178471613,5.59991710702329e-06,3.548741242023359e-06,0.39117007454135394,1.282075742739827e-05,0.5022646584437631,0.001336432445215572,0.0004034671490052988,0.9999396267594315,0.004804019546566313,0.9818572787367271,0.5479826027228614,0.493579398491149,0.5473609682490931
0.4497065674607658,0.0006733402961655083,0.00020492812859698302,0.00023172114331472952,0.8979488819387802,3.826055176013336e-05,0.00020494299935843802,0.0006789767134845043,7.999138603934631e-05,0.000109638293509412,6.942803728655558e-05,5.065424481404999e-05,0.0004299594876153427,0.00012977941548309861,2.429420959893449e-05,0.7047540100046966,0.0003308400500896865,0.00029753100220475273,0.0009532678731211256,0.5723284684337877,0.509783155027998,0.4995051933805861
0.001467681312722377,0.0013750322953609148,5.285825217891095e-05,0.5763628078979133,0.5812484550789625,0.00020740660877907995,0.0011384417252042762,0.00042168447478080064,1.2604653896951387e-05,0.5845107396716623,0.39329523376965814,9.75499876050399e-06,0.0003263502308693038,0.0008810636701604424,0.0001609526660617398,0.5003921714048132,0.997796653627557,0.016940720981479418,0.4792587880091589,0.5749125983546386,0.5389842686023796,0.45549163036681856
4.1763512966504776e-05,3.8983220065612634e-05,1.4461671375054518e-06,5.8683452296980854e-05,0.45522456829442653,5.1865218712718156e-05,2.6519004877387422e-05,0.0036967646386892408,0.00017524882224661983,0.8934005836430946,0.6999834309771539,0.0002450728416742896,0.005169715867174518,3.708614082435263e-05,7.253216401958921e-05,0.9998854469463762,0.5084345905024192,0.016111598131573052,0.47808839595279207,0.4910440965978671,0.5511827063126713,0.49942081806642313
0.8993275689980066,0.0011519884738478638,0.0007076605080850564,0.0011664007091254308,0.0003583110970856989,0.4490923855123136,0.0015993984873927385,3.2103712816415554e-05,0.0003115367617159544,2.5068178306247555e-05,1.5867307479108793e-05,0.00019719221751469154,2.032056342048186e-05,0.0010123655258360564,0.2955342728851771,0.0002533270225273202,0.0008275944364745328,0.0005009411748473935,0.0008154739876315986,0.49852424349978697,0.42405272207183886,0.5014525274233498
2.5386298148051587e-06,2.62324014215449e-05,1.1090184178648063e-06,0.4517222062861166,0.0012238132924951377,9.839500259467682e-05,0.00023088343193734064,5.807861513320701e-05,0.9008677306507804,3.2952472760536555e-05,2.0806553706094054e-05,0.7035112141592579,8.166105217436142e-05,0.0003246321362674311,0.00013872369122542734,0.0017207369442816447,0.9999629108582393,0.026773213369242654,0.938582639019527,0.5888620068444028,0.5131062727525529,0.48653933134672905
0.5821879133834763,0.582841535089204,0.0006606559353191495,0.004222034903704711,0.0022530769343832614,0.0011666000290010599,0.00023050662155294565,0.5813043995094992,0.00034804606879102406,5.8256034947618996e-05,3.678314113612933e-05,0.00021975796928548307,0.3911970373837952,0.00017812858236510107,0.0009039640505579451,0.0017411140425111216,0.003270275311132463,0.0005105442592810488,0.5003571656136266,0.550175153239823,0.4382149278360866,0.45613261090677304
0.00074006086997857,2.817522643789701e-05,0.46220592089288226,0.003446039595852804,0.0002842636008078621,1.752743818457143e-05,0.925279327532341,0.0002448405200114213,3.5694950136491825e-06,2.8898358159710582e-05,1.7787064315484156e-05,2.1970396050645726e-06,0.00015070039945672066,0.7050640705861835,2.414072431458646e-05,0.0003915192615931714,0.004757343899177334,0.9989799388614525,0.024225368948508408,0.42877465630602796,0.6656705920015896,0.45773724078417516
1.1155080857237246e-05,0.0008804280511805003,0.577174388703816,1.5704796393860385e-05,0.0023783159620015554,7.92247965042534e-05,0.0009653581151558702,0.00011259533659806949,0.5761166410507754,0.5781833523468062,0.3907123832819664,0.4953889150296566,0.00012263053809422086,0.0010513973666400344,8.652045106817858e-05,0.0025937223681975485,1.7251101982706298e-05,0.9990410160736422,0.9919344175163807,0.5320783498542312,0.49433607579998556,0.4464447589112588
0.00012943645384136588,0.0009382793965760662,1.5903425658362697e-05,4.338460900482799e-06,9.290793042903338e-05,0.4463101386158549,0.9001828763565135,0.0002546766622232025,1.1565024485571425e-05,0.00032051315398761175,0.00020297136415547463,7.323783272893185e-06,0.00016127909639509044,0.7062868718556892,0.9986459525934717,0.06223790502906851,0.0028242821850134325,0.010688191830067615,0.9127285748933838,0.5707760526939921,0.5159328250446571,0.4948463584023529
4.787456552058754e-06,0.0014361883130732896,1.4320774841615637e-05,0.576189120465146,8.598291949311863e-05,0.0006514447769999268,0.001717560665513319,8.671239555160873e-05,0.5815564612364318,0.5788800771394492,0.39148039915182714,0.5022097637260723,9.558382314546693e-05,0.0018932847730062114,0.0007200483326831597,9.478019620744703e-05,0.9984167800359032,0.006347729993627875,0.9978778700649147,0.5298727742390881,0.46919165724124334,0.46025196773236426
0.00010979044705791477,5.9660940964570635e-09,9.742627815147472e-06,5.012613482474158e-07,1.1705854159045723e-08,1.5204869664418658e-07,0.8969327537305471,0.44863730603296387,2.0735316220866868e-05,0.0002451541548626224,0.00015678152179368502,1.3153395434397589e-05,0.2950301200245039,0.9999218225212299,0.0008804019109367078,6.768567300386927e-05,0.0029370619851351,0.05777995024456567,3.45967617207954e-05,0.45995674879008436,0.4953221644638949,0.4553845177693529
0.000874710559601944,6.575676289180317e-05,0.5947392666081507,0.004714731610879221,0.00011827357298689167,0.0011827592915478842,0.00017076953152126827,0.5921431569074361,1.407596389604837e-06,0.5937870200686017,0.3919954453206912,1.0677189698157525e-06,0.49859645497504834,0.00018278848418172444,0.0012694451065451552,0.0001264407211107172,0.005058353542734206,0.9990610525545676,0.04776833006182196,0.4412841448198317,0.654863822179284,0.47444133023106716
0.0007463341872962969,7.156479796154689e-06,6.0816138997020554e-05,0.0005359912425152085,2.22067663699254e-06,1.2101050230080074e-06,1.5908750969189446e-07,0.00013030730240933704,0.44841607070057954,0.8957562767819544,0.7045264396090554,0.9986785485833282,0.08941799525229144,0.00010989082757972878,0.0008358888904882852,0.0015339509859208745,0.3961839356500041,0.051759165382706536,0.006104258642086106,0.5304744863166991,0.47211260244991027,0.4954524235314261
0.0010539214814778658,0.5839911648660654,0.0025042231276556676,0.572742571765334,0.5807741986223388,0.0007690208503728138,0.00185484708332576,0.0003069689151870996,6.149575512073983e-05,0.00012052411974392773,7.642611382269781e-05,3.89953613929995e-05,0.00019465350026395099,0.0011761864997321741,0.0004889737485089848,0.3927156735513664,0.49454487733589747,0.0027298796383092754,0.9988511015823586,0.549464173174003,0.5386184660961539,0.49647230225251954
0.004835008724657066,0.00019667065738491747,0.5753660316165888,0.0009896220506116116,0.00047591609155664085,3.081025723101883e-05,0.004331621480905853,0.5784852606554522,0.5827253315485346,0.00125025156205144,0.0007938322037244829,0.3948224245924692,0.5017001240994085,0.004792499165635238,3.418171816184864e-05,0.0005259084093079385,0.0010974829594354823,0.9946459562561603,0.025881120728660063,0.4993857400491748,0.5429282301495014,0.4716134339510133
1.8603985605808281e-06,0.00014831148005067628,0.5799596958973522,0.00024928641645081094,0.5739383826022455,0.0003773101721454926,0.00023662491894720666,0.00020471479225847559,0.5805291248283871,0.0012486813412872653,0.0007938349665398728,0.39368075032714633,0.00015972425879776743,0.0001846214467345576,0.000294388074571933,0.4966779575462653,0.0002742768732204696,0.9998371861919876,0.9920147489985246,0.49689335233357085,0.5370961237296251,0.49929448447393926
1.6044422199923192e-06,0.0003296581672190673,2.7228970279042036e-05,4.09511697444617e-06,4.3284615045475137e-07,0.5774760104652512,0.00044122601010626865,0.5786330554190112,0.5753551220302782,6.56607814594581e-05,4.1777065536672894e-05,0.39001641627328626,0.4997729968047103,0.00048509669231222227,0.9996362654297462,0.0008340084396136448,0.007947726614730803,0.05312790057513736,0.9969016039110545,0.49105886021589534,0.5219057467657505,0.49654325000676375
2.3679445293454847e-06,2.3135100300476834e-06,3.247075018126322e-06,1.1584207607734881e-07,3.124015013138675e-07,5.48568788774157e-08,4.971934803397987e-06,1.0,9.689632141493419e-06,5.49655818865425e-06,3.5329614039157262e-06,6.142217105474437e-06,0.9999956580500384,0.5176460181128608,0.0074584387570462915,0.042333132146941094,0.015932115667001128,0.5018784164915496,0.49261973954895655,0.5062637394181503,0.5047505342241886,0.43381675800842706
0.5847078910814459,0.5782926581389299,0.0007826676229220692,0.00042782299397093416,0.0017603841344092756,5.619002916939823e-05,0.00022534080736912474,0.0005932406276886781,0.00011599570474868233,0.5819141851112524,0.392034593137807,8.979437258069468e-05,0.0004592383402591425,0.00017444044251884906,4.361595797515535e-05,0.0013610530304201257,0.00033195620217831966,0.0006058789041019977,0.49648837421741365,0.5595568247829961,0.5475435955793132,0.45960210487080977
0.003559858141682652,0.5734250013350513,0.0011059910859136676,0.0004658904004532845,0.0008236931921223458,0.0002758226939605918,0.0002971997245626695,0.5818473925912512,0.5793279686788033,0.0032020036056896596,0.002035402558763,0.39269328119952485,0.504633870889494,0.0003299453557767076,0.0003070453198402387,0.0009156578774977911,0.0005216510213943824,0.0012434729615207834,0.9960478755528728,0.532749935526168,0.5084489544086513,0.5189554156217049
0.003952535912141512,0.9026447626500569,0.0032277102982398937,0.0011709010137859824,0.000789945099581731,0.00010406295167072765,0.4436002649452914,9.032968778141108e-05,0.0004216786539710757,8.60681140840682e-06,5.283014936105619e-06,0.00026690838746655813,5.717565383998157e-05,0.290790943122895,7.359200965469936e-05,0.0005578617430423705,0.0008277219825440181,0.002305376618492815,0.9972123624547546,0.5703102688039228,0.47722186040690995,0.4824045575190989
0.589781341809502,0.0020380524982382534,0.0004803870409939389,0.0002522980703944673,0.0005501522070700883,0.000314685563035547,0.5927547301739263,0.00044198655863134827,0.5897774960730533,0.0002648826029556155,0.0001670744543820543,0.39092872350968744,0.00033783990857586503,0.5018912088217373,0.0003415280039390417,0.000594624695706838,0.0002763298880427917,0.0005358868337744793,0.0022000498143378566,0.6404698956467774,0.5307997427804281,0.4462719483208001
5.9737192288924056e-05,0.0017467684936515247,0.5837426044022485,0.006660562920540889,0.0004503405938567192,0.5781150270327445,0.00023250090256082194,0.5727893067608596,2.7429439210361966e-05,5.350541953572874e-05,3.3720763889346e-05,1.741926232945113e-05,0.3871861115396682,0.00017991273328960803,0.49775811820596616,0.0004910993903319981,0.007280431056572195,0.9980938959681024,0.9782369201538603,0.48955749974694945,0.5481615876273424,0.4943457875152136
5.001648788432477e-07,0.000559470613597015,7.01027535706044e-05,0.0005639232547515033,0.8999209151880956,8.608457928759018e-05,0.0006361435847487083,0.0006288068087826497,0.0012686126992284376,0.45064318620820953,0.2955530167321938,0.0008974373844874743,0.00044482855791395064,0.00045001882787623995,6.089771068936135e-05,0.9994352117880893,0.50078278227226,0.07935607397801746,0.9994308641799087,0.4778366472419635,0.5141504172571273,0.5758798390765087
5.4746783500759145e-05,0.0011352978457124137,0.5741446017743628,0.001503602011508389,0.00016453682609752173,0.5833662027269352,0.0002955456216369893,2.792990310539049e-06,0.0001826590049083531,0.5797624247469538,0.3923380660092098,0.0001420679696136878,2.1723236111774116e-06,0.00022986859051847035,0.5050699510233779,0.00018243980255197708,0.0016710836632245424,0.998739704308888,0.9693244314833296,0.4912126656831839,0.543432526614404,0.5327863874702536
1.6437720929388425e-06,5.257584108871353e-10,6.237716130697796e-09,1.601668808457514e-06,1.5666252526985825e-06,0.00013019741326138502,1.0,6.680575190604262e-06,3.0163822897100237e-06,8.081714218127097e-06,5.1823560619446775e-06,1.9189670173670108e-06,4.249076977444173e-06,0.9999169458536751,0.9863795249438467,0.3795806058810295,0.49637601703245066,0.0024776627319157557,0.00020363598093209312,0.49680687366928133,0.48524542486046207,0.47369150651865294
0.5836376353114819,0.582115575405888,0.0009588206933267814,0.004058776607425426,0.5863675130659382,0.0006999798058595218,2.6151919155137525e-05,5.607968470627422e-05,2.491663858085858e-05,0.00104379373316268,0.000656879150266837,1.5680517777272388e-05,3.518086763931108e-05,1.6457903526831256e-05,0.0004417080420252773,0.39361621168071953,0.003141866829806425,0.0007314595571296645,0.4991688010197052,0.6058220677699933,0.5140757967642916,0.5143153572852172
0.004662182692357746,0.5795799549509614,0.00030504652563658917,0.5771064952520194,0.00037476310969696637,2.92243480611332e-05,0.582448328998246,0.0021890431963325326,0.0001543715875073756,3.647092786199627e-05,2.3105314737824822e-05,9.77985573887082e-05,0.0013824511386983248,0.3935980237479214,2.2782030446400202e-05,0.0002913571178263606,0.4993673326917073,0.0003309662738156621,0.9948790953797073,0.5328122513981102,0.5251889633363273,0.443689918368471
0.5839527228654378,0.5775344109403585,0.0008594821197589862,0.5804190500592764,0.003200830826524391,0.0005692192999977132,0.00021660193824140703,0.00222162010265954,0.0003697310968507062,3.763947338103323e-05,2.3807577322379753e-05,0.00023386092014967115,0.0014052119800503334,0.00013700458274702943,0.0003610199618087204,0.002024586261190068,0.3923509722641086,0.0006662094281222725,0.4964821111072002,0.5330750776127413,0.5159156406833434,0.4283034192830407
0.5848012527668145,0.0010408253990857805,0.5810563817605062,0.00077379016525026,0.5822956086984543,0.000420336299123396,0.0006388913925113674,7.917514277715747e-05,0.00018119234176378423,6.398511090196194e-05,4.009218556067309e-05,0.00011375603077379238,4.970767525610772e-05,0.0004011083139815122,0.00026461253060500027,0.39000021170487914,0.0005988628929197072,0.5019784994070841,0.0011330504609295754,0.4015676961313498,0.5497571223826752,0.4569534420840205
2.6905937324455954e-05,2.022666036901511e-06,0.00408170443456648,0.9139939636537452,0.00018153254865518632,0.0018699697599095467,0.0002562819381443578,9.063497202508657e-05,0.0002204323320697003,0.4614283544165131,0.2976285796077356,0.00015353479550350073,6.312877088982774e-05,0.00017850465068678214,0.0013024661153184253,0.0001264407211107172,0.9971569470368524,0.9957917252112339,0.04776833006182196,0.3564466513966167,0.5509230844866045,0.474020120893297
1.229282175619595e-07,1.308887770812254e-05,0.0002475126098339065,1.9231113937573205e-09,0.5831741853606579,0.5744515279696535,0.5795475759943162,0.0003712657145359723,2.9037417104993024e-06,0.0010699161643690194,0.0006791080190965739,1.8430930334963416e-06,0.00023565362759082968,0.39219879498130017,0.4952031608421078,0.99972942629619,4.950956260549246e-06,0.9663643379760609,0.994021165542981,0.4652535528905165,0.539676023985617,0.4860079278132432
5.582719438353524e-07,0.00011358819117889717,0.001266787607252183,0.0014275067718600002,0.5815322495280062,0.5797605418810743,7.659158597333978e-05,0.5729601568829986,5.89942681185655e-05,9.132509786731867e-05,5.846049143710971e-05,3.7457971141733346e-05,0.38723305225796056,5.931389699633273e-05,0.4994703277330336,0.9978691115920031,0.5333372710930506,0.9444784992098554,0.996871332124967,0.44888212442161535,0.5059828843820267,0.49786591237174405
7.07828911466155e-05,5.101277362087681e-07,7.138990166345384e-07,0.8967993036772706,0.00012781130670944663,0.4523441647047788,1.0347236402368797e-05,0.00023821412095332312,2.835839256310232e-05,1.4782428798422363e-05,9.34687940826187e-06,1.7930915086284616e-05,0.0001506219792480663,6.542522540408735e-06,0.297503904874134,9.040776834166463e-05,0.9999498653237014,0.0064204076926290266,0.004587998252029657,0.5250584675668502,0.48013977202288727,0.5762555242772259
6.989717573302576e-09,3.292806264630576e-06,0.00013521589736769046,0.5782207231166355,0.0008694765431317501,0.5802371573077957,0.0036502181314505377,2.7665928872931443e-05,0.000317279774185922,0.5790287223291257,0.3909637129397704,0.0002459564225863742,2.1446728681094682e-05,0.0028296716895578056,0.5012327140668476,0.000955071083101112,0.9998514287943092,0.9844999286334646,0.9986486342137032,0.4532108593006469,0.5445995532265218,0.5256077506478923
0.0001792359866891362,0.004862899454025655,0.5766969093258294,0.0002416819508447131,0.5844166769965726,0.0003973063393226695,0.0018069630038938817,0.5764584362850229,0.0033103532772297867,0.0006911228317345639,0.0004385670875176232,0.0021006611170033213,0.38969036349801056,0.0014010436868849363,0.00030889255625990013,0.5042212025737739,0.0002674050087325248,0.9946282934877578,0.9765461849353864,0.5097096241173115,0.5553733547293973,0.5081767559321072
7.222508747381573e-06,0.0001873870587676214,9.263867874032403e-05,0.0033110441031469445,5.171545375585674e-06,0.0033844275700875186,1.715437136826604e-06,0.892709285220961,0.44589763850573266,1.2726519421784192e-05,8.185289637681769e-06,0.29377639185293036,0.9966016642354147,0.00022836476810212164,0.5034464750344042,0.0009793282161800823,0.9601084951699902,0.30013386742027925,0.9755105424467302,0.5321902362140207,0.5184387962674034,0.4922958038238701
4.96824432748794e-05,0.0038057787375101425,1.9153692770630635e-06,2.890487625380231e-06,1.0465954965629568e-05,0.4554158810238491,0.00039008032252028766,7.241397820733663e-06,1.456063350135325e-05,0.9188474090017956,0.7044209320969742,2.029822985864682e-05,1.00948600557431e-05,0.0005437909700603438,0.994694022018674,0.0017505606859045623,0.0004845949310260944,0.0003203701650032814,0.9916897351705348,0.4487322477213713,0.63112901404482,0.4985453662408025
0.0009302516145514095,3.878327463920704e-06,0.0018543983298630747,0.5786726586272654,0.00226314425337394,0.0002672986155061314,0.001738276421305333,0.5801933522358914,0.5783843658397645,0.003174254419861606,0.0020131649944161896,0.39093246516003693,0.5000904426183912,0.0019078765131610997,0.00029417669237401624,0.0024839686354650578,0.9977229004080115,0.7039927682453617,0.002654126693959471,0.4396811402788499,0.5089755252465268,0.49152225945066685
0.9102920830515961,0.000344477811352171,0.0007438865069782272,0.0039907703738227985,0.0001258305921986117,4.667123209569443e-05,0.000255251318002639,0.00030585772514242244,2.224398653741026e-05,0.4551829752376721,0.2951853097337472,1.5556344976304696e-05,0.00021390178277860442,0.00017851017077309266,3.272827104477705e-05,8.799970698500207e-05,0.0027974441984863208,0.0005202425993033363,0.00024091319639418796,0.4600613255564972,0.6190221499672505,0.4552684199859669
0.00031486445821667775,0.002938304791830374,0.5853308988077809,0.004954645316894824,0.0011273699053655595,0.0002483849793577491,0.5838271654849545,0.578320495804794,0.00019116155159520378,0.0006964831208551394,0.0004394669225650798,0.0001206191365214302,0.388594282001498,0.49916506740724775,0.00027086994276710725,0.001227714286515821,0.0054011171205128015,0.9967859612396669,0.9320400882614673,0.5703894054700862,0.5488290725433382,0.460009470052416
0.0009317005954445955,0.0011843624379106548,0.00039071302689913033,7.012868712040562e-06,4.894603159712879e-07,0.8966705186273105,0.00014975913657877158,0.44918083092847194,0.0007082617532912504,5.940336310311007e-05,3.762667673907584e-05,0.00044862002557261607,0.29495552759867405,0.00010603789341356141,0.9988977291935526,0.00020016000160275006,0.002874519869853265,0.16150678289516196,0.5756554011180273,0.46985775388095513,0.5014755148920987,0.5644741541708231
2.34981286886979e-05,4.390114684703939e-06,0.0002759996200231234,0.9217021518209549,0.46105006729497827,0.00011608606646546681,0.000298552213606806,0.0002483336513745035,0.0002201369364058284,0.0006140653403940742,0.00036707009759483683,0.00013569643304984,0.00015307740755828196,0.00018403305449773305,7.175207427976433e-05,0.2950224673388607,0.9998066864412166,0.9456862897712202,0.117583005214372,0.6801125926074113,0.5167043643600251,0.4927223204469817
0.4596354984827642,0.00017393783103805398,0.0030104917499401114,0.0016001728468730523,0.0005527077672081224,2.583511731672571e-05,0.00013197986836804203,0.00015359668266925268,2.8531664231934203e-06,0.9053864502703799,0.7009323047300011,3.95167600555953e-06,0.00021273359023412744,0.00018279400426803494,3.578200778438473e-05,0.0007655083649531235,0.0022162684098262497,0.004169632320543626,0.00024091319639418796,0.4969429485632546,0.6182294102667402,0.4626521714207196
0.0013331558597219528,7.73263877435754e-05,0.44600781809042755,0.005088994897822136,0.00034057703285224957,0.8977048823434217,0.00028390491789489364,0.00044356107909108213,8.643446596040618e-05,5.365674815878858e-05,3.4002690682037704e-05,5.4774180649974635e-05,0.00028108805040715315,0.00017991273328960803,0.7071188715687504,0.00048609659388442795,0.007280431056572195,0.9980938959681024,0.03688421946198839,0.5476281846589002,0.5479060628331663,0.4943457875152136
2.3175565948479463e-07,2.40096441833461e-08,1.648058201415078e-05,0.0012932313231442823,0.45089225911354414,0.00043758555678428956,0.8996085297216655,6.0510146014213065e-05,8.934155148527798e-06,1.865281200657511e-05,1.180063057395315e-05,5.652159276277198e-06,3.828151376737414e-05,0.7042159419298493,0.000617829144594877,0.9981696852699409,0.9919055351979202,0.9910003180371669,0.06571869845058059,0.4834269344757079,0.5639576716885779,0.4562320771460399
0.5804632398123285,0.0009336046288984513,0.0005066759331232312,1.5025186647972402e-05,0.5802054119486012,0.0005064745227347367,0.5834443689171008,6.928002791307046e-05,5.943709120105977e-05,4.735620596348998e-05,2.882018248905364e-05,3.756049299193613e-05,4.3780608293532126e-05,0.3932329829575998,0.0003936731885515751,0.5002786808542726,1.6619832454646283e-05,0.0005627624925733032,0.0010239247088553727,0.5726537872702486,0.5050756806189236,0.5458907958704736
0.5750622033842782,0.0007828370690901532,0.00012717593533951335,0.0020420692776614677,0.0004979112267163322,3.070920405190845e-05,0.00014901541853314627,0.5781464395285528,0.5822874054007631,0.0039687334757848485,0.0025421604326862405,0.39477246887561124,0.5017001240994085,0.00016511726113300075,3.418171816184864e-05,0.000551934802135059,0.002293829270022885,0.00014439431872526618,0.0008666948094073856,0.4675091488130724,0.4939863757309772,0.53034782980274
0.0006651290749502376,5.000137976366776e-05,0.4522391708814839,0.0003897904273966757,8.982053911483481e-05,0.0009232870104447239,0.00012984895222340663,4.401544412276583e-05,1.95381637953032e-06,0.8993294145659331,0.7033755746039894,2.75038898402938e-06,6.196057833407877e-05,0.00018278848418172444,0.0013032455056449233,0.0001264407211107172,0.0005499849969465137,0.9990610525545676,0.04776833006182196,0.4412841448198317,0.5501303447860942,0.474020120893297
0.586272954494919,0.5805404807393697,0.5662536986033443,0.00448394394752421,0.0050397760343881565,0.00011550201430339402,0.003702008182259203,0.0007746946863685734,0.000508234523831158,8.447989267788084e-05,5.374271042641634e-05,0.00032331838045974656,0.0004928297196569599,0.0023550751186624946,7.367798558537118e-05,0.0032061397366426486,0.0028592018970725846,0.38291267539239005,0.4968723562260987,0.4742725895344277,0.5072933762361193,0.5028241699334556
0.0016790934368728886,0.5788535389246898,0.00019898700646580957,0.00023343705378853327,0.0020509465154558535,0.5809998748049501,0.5790848141260856,5.216766295049029e-05,0.00015539341468396963,0.0017329837142417404,0.0010978753244540933,9.844452891750571e-05,3.304915499523911e-05,0.3909795165421631,0.5020386794625931,0.0022555998634976593,0.00025732836105644367,0.00021884382888682358,0.9981533479341476,0.43814031962827715,0.5289497833864338,0.4847402846350487
1.6035599569903933e-05,0.0004281383157030004,0.5771954935493468,0.0001481313945789409,0.5750262268854779,0.004868447831134748,0.5829096972013522,0.00030686925297188913,0.0032755489724826978,0.0015939321363571922,0.001012891945877979,0.0020815101270003763,0.00019500662309593835,0.3953482743456147,0.003814366002829817,0.4988013508460515,0.00016376175367577598,0.9995274523443277,0.976167024102367,0.5099928030636185,0.4586752066268315,0.4975064431801039
0.0008667194125928563,0.8997671455631334,0.0005603368651204207,0.0012797950767994034,0.0003870454602912764,8.550109101696338e-05,0.0008773905441992481,0.0006122615905168515,0.45037867623426037,0.0015210407938555004,0.0009759060499357666,0.2954293024440583,0.0004350919416443609,0.0006213146772830586,6.08211332735753e-05,0.000274192342067983,0.0009187295083777562,0.00040658319218212554,0.9993868050087577,0.5548657566231129,0.5187295834950973,0.4462496195439485
0.002792764810841808,0.4505897604610195,0.0002330844080694824,0.000656089901459025,0.0007424268101852283,1.004618490295918e-05,0.00017971918796550178,0.8969434699574754,0.00014657285147476543,6.241931991044811e-05,3.9688031632573314e-05,9.31953120038199e-05,0.702819368908334,0.0002539123230385472,1.423211140866192e-05,0.0010489220073277984,0.0009290984980264516,0.00032528843952513804,0.9960542677885093,0.49625689778866494,0.5350598746958767,0.49982312639473936
1.5328684729050955e-07,3.561734180536282e-05,0.003289851801604584,5.777466717159799e-06,0.5814776157420328,0.5829940561496773,0.0008471798468630027,5.983445709419564e-05,0.5786027281932425,6.836852918010804e-05,4.354433115098919e-05,0.38934231594617413,4.6167457795822254e-05,0.0006542740204891321,0.5012670540398707,0.9963106502942249,0.001106022444683108,0.9932794829581255,0.9972603754626803,0.4999926007580388,0.5166006046947521,0.4136131189593018
1.996636908687136e-08,1.813001187932851e-06,1.7155189631204645e-07,5.595104572716901e-08,3.2985108510036032e-09,1.458734423734687e-08,3.4327127248631606e-06,1.7684888062528803e-06,0.0,1.0,0.9999972869324983,0.00010396138157468208,0.27185025329550694,0.6892516002488572,0.00510887364834553,0.0011536431669921597,0.01983290017440288,0.061580642642266814,0.9929897453795412,0.5069910200687306,0.4940619459567851,0.45664233779205304
1.9038300609082693e-08,5.085615818829721e-06,0.00013524106196047207,0.5785655638663161,0.0004467570042366281,5.127639236990328e-06,0.5810981602573232,2.7656782324589503e-05,0.0013722608479706342,0.579129764005419,0.3911147811813633,0.0010641324187763044,2.1446728681094682e-05,0.5006511922878375,5.629068798005915e-06,0.0004904452215594749,0.9998514287943092,0.9760716055985035,0.9976167877374088,0.5335641964110638,0.5441528853094912,0.5399413806541187
2.8816202371273168e-06,0.0004130897343884218,0.003909718396115793,0.5772784446841834,0.576143328386848,3.688578029375776e-05,0.001826688103161436,0.5793833666328987,0.0022740261291001205,0.001880319686039927,0.0011925777413700582,0.0014422858289587124,0.39172618766775646,0.0014187916132656045,2.8727161755647598e-05,0.49707332057212583,0.9956471623530933,0.9338193461394735,0.9955591569792928,0.4688641641764517,0.5521280961073045,0.5079238614481755
0.5731311296604231,0.576771776289325,0.00040186896001274985,0.0003394833940297093,0.0007591508267350644,0.00035333782038789977,0.5855837958954533,0.000531353703031306,3.071311579863982e-05,0.0035963774772904715,0.0022848876843410905,1.9513057741564488e-05,0.00033758658827033307,0.39734040331351916,0.00027739613228485897,0.0005951597131802261,0.0002680725365532958,0.00031864443735057577,0.5020155613766139,0.4906889393207491,0.5051640948997386,0.45620100548902537
6.37832709676205e-06,3.543471054568595e-08,1.1901954839848538e-06,0.0007443832961067361,4.6895484299199164e-05,3.511931583485078e-07,2.0826539904877014e-06,0.44715346294154423,0.892630742381643,0.00032861080477694193,0.00021212253036513741,0.7020884676909498,0.9989320137917678,0.0017534956846622734,0.00029702895615874025,0.039828498221376796,0.9945249588141216,0.12127789779751616,0.003541872220385489,0.49685656578915915,0.5111662969524197,0.4953109898276154
0.0011097924034455186,0.00014275642851220232,0.0010351170281222254,2.8156710711068415e-06,6.531770224042782e-07,0.5766053645724131,4.778963643221939e-05,0.5751201363201317,2.291706956486016e-05,0.5792594242062861,0.3931828445255975,1.78900837508114e-05,0.4983139414922151,5.262048508878074e-05,0.9983216119646048,0.0002727974364693504,0.0011391309642391663,0.47524010509687603,0.0814433617488752,0.49105919813774723,0.4997624820370916,0.5146702988693169
0.001311441554060511,0.45666350535951084,0.00022981060995699685,0.000346807653342093,0.001257292993928367,0.0013917896018917362,0.0003900802136294498,7.2413957992990225e-06,0.0003415315973972007,0.9118642621589285,0.7044209320969742,0.00047611166865661324,1.00948600557431e-05,0.0005437909700603438,0.0019455000765470631,0.0017505606859045623,0.0004845949310260944,0.0003203701650032814,0.9981717669166209,0.4487322477213713,0.63112901404482,0.4985453662408025
2.6087637183093506e-06,0.003995023457343051,8.808334833100256e-06,3.9933485633901215e-05,0.5835922350144842,0.0003605559017540944,0.5815424733587298,8.871134871160894e-05,0.5841248779667602,0.001857526110225342,0.0011703746546850378,0.39242489067120473,6.850214917637374e-05,0.4984518982084323,0.00039385642232895104,0.9956475626790495,0.006417771009371076,0.0014214904033551523,0.999584285212294,0.5931685305612374,0.5360666552193272,0.47970331227705276
4.323285121018429e-05,1.0,0.0006316557577754336,0.0003917035652872222,0.00047892554798417914,3.0309191285934447e-05,0.0006839360023230544,1.946423502505342e-05,6.099158951569894e-06,3.8688886853396336e-05,2.4628405604427732e-05,3.882576439849712e-06,1.2390459231141426e-05,0.00043537708028245606,1.934654093720161e-05,0.0003052755972975401,0.00025148370290384303,0.0004123927436484149,0.9999724789994983,0.49861585878206577,0.5073890626034844,0.4964356633539846
0.45059406775094735,0.0007235648069440317,0.0009277849472612189,0.8921638457297694,0.003364211212287736,0.0006423268768807884,0.0005163826855038048,0.00022789221127704563,8.590708624650447e-05,1.5397768954997057e-05,9.78927199732913e-06,5.461621338265414e-05,0.00014442824057238617,0.00032829502449465363,0.0004094752014659207,0.0021388327638559024,0.7028557121949326,0.0012948092625613707,0.0010222843568669752,0.5312397921778612,0.5194325536361584,0.4995579134338502
4.949060150778912e-06,0.0001850328348716536,3.3129119084743487e-06,0.5750652769924253,0.0008866943917054673,0.5810292759472763,9.975318286095892e-05,0.5755277063225178,1.596778300288485e-05,1.694613104223622e-06,1.0772606872507133e-06,1.0150673831938778e-05,0.38975753242123323,7.748685334968929e-05,0.5034087012937976,0.0009793282161800823,0.99979553061078,0.011393038094332304,0.9829764347320317,0.533248960209407,0.5185911492478948,0.49948802073523574
1.6203852262367135e-06,4.761597705226514e-05,3.357977984533814e-06,0.005345634784258099,5.9498554247704696e-05,5.339062418341544e-07,4.2166234749082936e-06,0.5919037021198124,0.5815546144995731,0.5891500689404575,0.39304516613966256,0.49437255941856195,0.9942367301310853,0.0005009486793508098,6.342982340755291e-05,0.007068769862210285,0.9943253237885206,0.04479570243034339,0.9783440053587399,0.5641022010555474,0.6162653627106607,0.49238172560490034
0.0010621712032351184,0.0008496222154788327,0.8989943672758473,0.002435961163438751,0.0003977713456058517,6.330480897670594e-05,0.0004160535859199573,0.4504871341818726,3.42966439621213e-05,0.0004983400702617889,0.0003155010067496894,2.171333840458284e-05,0.2957265270636289,0.0002946254428308476,4.4950706915155734e-05,0.0002820515059084427,0.0017290209452014839,0.9990368002040988,0.4295114871732546,0.4723964310898851,0.5533548902672671,0.4558996437891944
0.00292858790799729,0.00014874938847752673,0.5723270305193136,0.5868756629632221,0.0010342162907842044,0.0006636434253187928,0.0011444433969610625,0.5852880756965481,1.582374731533664e-05,1.1126970798842663e-05,6.9982834927581345e-06,9.952310619075741e-06,0.3925163898007816,0.0008822421765873667,0.0005129882675816069,0.0007983242260214407,0.5047012073996671,0.9967792295870599,0.032307547604863596,0.5717130654295466,0.5838732762764763,0.49545449808151387
1.946992925401967e-07,1.4891821056201892e-05,7.420325714491294e-09,2.5159421526946938e-08,0.00020473151003699207,0.4471291176401768,0.00016202257102752355,0.8952498721699778,2.865415634393817e-05,0.0004613191162093912,0.00029332060781794074,1.821962148279201e-05,0.7044235498101555,0.00023006142844333262,0.9997081429927321,0.9538284427934645,0.0010911719756334067,0.00032528843952513804,0.9916777230447484,0.49625689778866494,0.5350406985477526,0.49981729378082035
2.441365179032475e-19,4.487056005735084e-17,1.1718469656731935e-19,1.3699476880555587e-19,2.5695890919980943e-19,1.7730949945888765e-21,4.474037120738982e-19,3.1415915796832126e-17,0.8946009818223035,0.44712520850152276,0.2950674393066186,1.0,0.38883572162103014,0.006347266906512546,2.5223908711248568e-05,0.003645588308381853,0.0019481467057476808,0.0016625783351489343,0.9965362455782814,0.4944525069386734,0.5038399977651893,0.49160908850203366
0.0016116633440445608,0.5829325438051053,0.0028848849574087026,0.5852921210929675,0.0009035416670319869,0.5802994791596705,0.0018977723588359159,0.00012746811081496356,8.317874230950791e-05,0.002225357491972475,0.0014022415226810116,5.2412646259613585e-05,8.032029396988944e-05,0.001195826338229363,0.38951078729443195,0.0006955136114199646,0.5020197407484842,0.0031505408506161533,0.9982399093207343,0.40311167376078605,0.5184323494163992,0.47572274375941453
0.8772906217294573,0.004834389983080885,0.0013339470946034232,0.000490987229112411,0.00039412362081320224,6.891437444151973e-05,0.0017554943849287363,0.44048401024367523,5.852513448906318e-05,0.00010598250931162729,6.824355107208411e-05,3.716100030138491e-05,0.302688786647191,0.0012548514405354232,4.9484285014600384e-05,0.00028399895799083015,0.00035794294827014837,0.0009845286352527845,0.003457591234084373,0.47389257368712234,0.49392430016381855,0.4561522613366761
0.5847465122208186,0.00018884335720548528,0.0006286792216489701,0.0006623895007586285,0.579122389281618,0.00029944502654203915,0.0005271553940421907,0.5825826854705797,6.315753466348316e-06,0.0003201319223482432,0.00020203191570751814,3.985806243335315e-06,0.39196038876899675,0.0004075115313431056,0.00023211180787870552,0.49734391510512077,0.0007228259955370885,0.0006931568785691,0.00020559577250175108,0.5810709156593361,0.5466868402940614,0.5032884260156066
0.0038507696565094176,0.00013345468828845374,2.8794460514536338e-05,0.000164997234491365,7.920968552216752e-05,0.00010178474280163452,0.5851595894860402,7.502734502008326e-05,0.5793126882943066,0.5821985172144468,0.391800080494917,0.4967965884692124,8.13665618288258e-05,0.9958018040042977,0.016839494721503562,0.01307307272297853,0.027307289685363223,0.004699351881977176,0.02205426726409434,0.42987320508594595,0.5289497833864338,0.4480302230192495
1.8131887018830518e-07,0.0002305736694540533,2.2157286357007824e-07,0.00021722353391758788,1.0,5.8476042385419394e-05,0.0001886150743552827,0.0005325091509949641,5.066880612669693e-05,6.469841495995242e-05,3.988951241948313e-05,3.221415909232951e-05,0.00033855811184126214,0.00011991750698896251,3.727889089283366e-05,0.9997983768555474,0.4817636482305194,0.0006195507011375638,0.9994993740857554,0.49757055577087134,0.5348395231843611,0.48985827776400154
2.4744633403804506e-05,0.002343850938091846,7.128840793988649e-05,1.7579721020703978e-07,0.00020765742460425755,0.5794916417272752,0.5803773127943972,0.5808559283021881,0.00011025083398617708,0.0005376652794092787,0.0003405815859171546,6.983788796365234e-05,0.3923018089346858,0.5004834933124362,0.9974136840726333,0.05622653691288077,4.783496447658547e-05,0.019355794361899104,0.9932792920329317,0.5613230426158217,0.5293843778873548,0.48031735575115286
1.743330912569196e-05,0.0016536103393515011,0.58139170113084,0.00013521191535160435,0.0019953250233880255,0.5781088121533747,0.5771810070147757,0.0005972993332671086,0.0018594370283108246,0.0006956497873845145,0.00044127994115714624,0.001179520037508972,0.00037889284176677665,0.3900870866275849,0.49905836153472544,0.002184849219205559,0.00014341896668610635,0.9981892127153241,0.9932886376732729,0.44219173395435063,0.5071336256553778,0.48592821565507516
0.45056845324893735,0.0003458236574446736,0.898294961764354,0.0022647367806334973,0.0006041659349755854,3.1676663510768484e-05,0.0001115918037019436,0.0007273334396340594,0.00200428150098898,0.00018223854990175872,0.00011544341080226437,0.0012696613791722284,0.0004607478952571597,7.069068320624737e-05,2.012093360988278e-05,0.00038272439431972713,0.0014379916746448118,0.7040275672845926,0.0004886230566357955,0.5647446386826406,0.5251252760375832,0.4880616922477321
8.953610873460605e-06,0.0020425754659074715,0.003523027753714769,0.9145406312355174,1.656211925878452e-05,1.9000421059190265e-05,0.45898021127626853,0.002010947023923606,0.00019648328838648495,0.00015902511742582883,9.82643713857586e-05,0.00012141042499451941,0.00124259977939159,0.2939461932308835,1.3149606191510053e-05,1.1446178623389109e-05,0.9971624882111866,0.6689869928617911,0.9972094009240237,0.44432858791618274,0.6318096984483447,0.40103611826617686
0.0008920831793445372,0.00015217264895470823,3.9585514203398774e-05,0.5781337348494427,0.00022533818957630052,0.0005281085706112238,0.0011340906557073783,0.5809736252404004,7.684350333639532e-05,0.5834512543715858,0.3938388299747199,5.968655615512693e-05,0.5015585976955019,0.0012488154958231203,0.0005815329672206541,0.00024813387449280216,0.9990025290496651,0.0278295344812437,0.10756010021890311,0.4668496318464463,0.4359251874564074,0.5295026713263103
0.5866699454859835,0.0006201225589083975,0.0012335060747140406,0.0017524773229964134,0.5836914044429183,0.0012172130727063533,0.0029403096352991842,6.982040539934935e-05,0.5795736710909837,3.563203864649061e-08,2.156977773069878e-08,0.38874081665278903,5.367420411387828e-05,0.002260357993984384,0.0009382780664442814,0.4987981077227812,0.0019179542529818884,0.001355553985534207,0.0006729203333163316,0.6038623168335479,0.4981421150261455,0.5009022103795251
5.527748291978794e-08,2.4962533697148207e-06,8.406293345184198e-08,0.005237744306207447,0.5768977127097393,4.914039934854713e-05,0.5754387606587812,0.5733027834513695,6.103265896044091e-05,3.5424896548056374e-05,2.281213948227375e-05,3.875581259675867e-05,0.3914941270271845,0.4966220635797349,5.403496563376219e-05,0.9941524665670121,0.9997020947089368,0.022109323969329683,0.9859254730228795,0.4525934839168693,0.5155456699288633,0.5091001082714749
0.005475865042797579,0.5814968744639444,0.0018891545273634217,0.00479635745206345,0.5773630810327943,0.0011234939433483265,0.005055042498860929,0.0002570689724189952,2.2663080351286807e-06,0.5786200136768919,0.39157133938525907,1.7616565047087762e-06,0.00019982598474640984,0.0039294329568815844,0.0008757099275963213,0.49730661306458634,0.005262851871122085,0.00206813763961454,0.9940052284513954,0.46507205853166994,0.538958011946385,0.4945078331713891
1.4144764403548588e-07,1.9949038535627253e-05,0.0027392240976075025,1.5976656690627057e-06,0.4507093755087302,0.00018220569786510406,1.9228673790392448e-05,0.9004648062151653,3.7527061436135183e-06,0.0005207924731259957,0.00032916544297538985,2.371887755571228e-06,0.7042213568480756,2.7123811576172793e-05,0.0002577164653536554,0.9960867899032119,0.00036748985071313354,0.9954218732033269,0.9954861554962725,0.47254860965022266,0.5346248801842892,0.4273221526142148
0.0002912544500618109,0.5816387553591165,0.001282412610044906,0.0003346577871507418,0.0024112229114273266,0.0003588701523699693,0.5788235194835115,6.964322567894869e-06,0.5813938469269012,0.0004002625265763756,0.00025288138861840736,0.39242489067120473,5.403052216062815e-06,0.4984518982084323,0.00039385642232895104,0.002642617744173675,0.0003694269985362264,0.0014214904033551523,0.9996812139416551,0.4979032588142071,0.572464796209395,0.47970331227705276
0.0026434095986863295,0.5748008734589779,0.0023885294034581028,0.5746502118857216,0.0046389610423649315,0.0003804308744837839,0.0027088423027034807,0.0001461232903691321,0.5750171258265401,0.001980704173538413,0.0012778614139676433,0.38719307891203714,0.00012120503147338611,0.002095306691219349,0.0003018827213257182,0.0036478091717147554,0.506384046796746,0.002734801946620794,0.9969457839820429,0.5751149462565812,0.5228566100485951,0.48653452428126887
7.752361764792893e-06,1.46860158150336e-06,3.218012628097897e-05,3.318728780006549e-09,3.328547603666863e-06,1.0,5.740181305491802e-06,1.3358588995146814e-05,1.62810071527822e-05,1.5966587170813526e-06,1.0137092415387207e-06,1.0336715815663909e-05,8.48128969304645e-06,3.644407396867939e-06,0.9999788579715146,0.06374049100323476,6.391390114524054e-05,0.8469270771994651,0.11918838449356006,0.5439540548634161,0.5280214942830512,0.4990820666909158
0.5794884742625326,0.002614204947695549,0.000647404098909815,0.00029960434512671635,0.001236107730205544,0.5805633426933191,0.002975391547459874,0.00059254000467603,0.00012437073617457063,0.5812269396193789,0.392034593137807,9.639147503429037e-05,0.0004592383402591425,0.002306033500289434,0.5014496496656449,0.0013597533251209493,0.00033195620217831966,0.0007202716192265587,0.0028719178084262165,0.4514487789000742,0.5475435955793132,0.45960210487080977
0.0024862356542842664,0.5967287450631897,0.596565253500446,0.002943570725552185,0.005189168131522905,3.9125307314576567e-05,0.00031505106887093104,0.0027647582886411643,0.602545023305385,0.0011911354456064188,0.0007313404697647767,0.39477293357087684,0.00208588562740398,0.0002376927003257534,2.9518390194569514e-05,0.003915032642893276,0.002226008339569993,0.49991001482025427,0.99734757604554,0.67441262133592,0.5168286200947644,0.5784917227875839
0.5971964188402771,2.2876220849008263e-05,0.0026828968839472875,0.003610201363940693,0.0010662997576313474,3.706922336926627e-05,0.5950078393180621,0.0009400007660314542,8.090351047456501e-05,0.5957374572035318,0.39163788687136664,6.109483994792516e-05,0.0007098481646988786,0.49882215381940176,3.962257598937762e-05,0.0011366583541631613,0.0037279244383731334,0.002859986527235625,2.438637279621395e-05,0.3251082192903243,0.48222498230608646,0.4628901564516282
0.001121730784833418,0.0012105417681698059,0.9000398923486702,0.0031741362223366575,0.45153792135873666,1.5959892418394975e-05,0.0007198328606034807,0.00037797518872451156,0.0002178957185921246,0.00024644118916240435,0.00015419489906411804,0.00013633439021634643,0.00023649394847040454,0.0004503897148623646,1.0013032855068398e-05,0.29314497986197774,0.002235905175733763,0.9988473254848702,0.5242302402213759,0.4864878298251256,0.6144702632539107,0.5647163360833173
2.5586123250057192e-06,0.0003146353801415554,0.9321601715963914,0.0032743069119186724,9.490754018687077e-05,0.46628099334261447,0.000896939277738343,0.0027906134265019635,0.00036208386514619906,0.0002771981517676315,0.00016921820954517093,0.00022103749844139907,0.0017035582947121917,0.0005475470616862479,0.29596733329750946,6.481679902931026e-05,0.0022413797946653244,0.9997851123386066,0.994823127356419,0.2981039756769088,0.5447652391418956,0.5093654763001538
5.3948800597540884e-05,0.45360703623386783,0.8993238252332724,0.0004152995421551272,0.0004832528324057431,3.0415270555654143e-05,0.00020748882437781013,0.0029920590147503017,0.0005904894683519099,0.0006620258454027486,0.0004184251254427565,0.00037321153141387913,0.0018910967206173268,0.00013114132786807534,1.922368126149283e-05,0.00030543534903320306,0.000263096272202937,0.7026025236183029,0.999924284964186,0.5768316118548178,0.5341474434359583,0.4865459058641894
0.001720507993177654,0.4536141908610273,0.001067449839969993,0.001115696741674487,0.00046686716917004835,0.00020873939027794765,9.239998991363239e-06,0.0003986889450762109,0.9047530198905969,7.781545896679885e-05,4.8946528765136184e-05,0.7041328644740523,0.0005595277750485503,1.2954605152423152e-05,0.00029374521940656213,0.0006552107673852864,0.001569432912262919,0.0014980870207769064,0.9975853838422358,0.5875493099528704,0.5390551923631617,0.44604256239978163
1.0127823715836923e-06,1.6664560320835217e-05,0.002982836002452932,0.5760459333040524,0.5749381445211692,0.0002248587674981671,0.5802037875395666,0.0019882752429198317,0.0017221166051554783,0.0004054095170107338,0.0002603950189692352,0.0010907094134415618,0.0012648768527752838,0.39214584579508494,0.0001754366910400318,0.49516593206137205,0.9966424497531144,0.996551936982168,0.9613598463954112,0.5525064100756091,0.5209971739900011,0.45572896179982425
0.9150527440330245,0.4594518582916821,1.636764902285375e-05,0.0013251274669187308,2.5178521261816522e-05,2.3028359767219597e-05,0.00040970027491054185,1.4240173129326973e-05,1.2717240659341949e-05,2.9031613572251953e-05,1.8050272343933834e-05,7.90688594902233e-06,8.853762215675984e-06,0.0002547292703422712,1.4356693818833532e-05,1.5654631169775444e-05,0.0008258072746097657,1.017651996085888e-05,0.2962380112569287,0.6461742850982336,0.5350941176485876,0.4635988006012311
0.002886949888105089,0.5802504981543725,0.577734723998896,0.0024146880401949354,0.0018593151618538433,2.115305934985799e-05,0.0013525594792546166,7.603086572026734e-06,0.0002891332402834082,0.582500546353923,0.39363603095213767,0.00022479299587329385,5.911187097656532e-06,0.0010515776327010371,1.6445934282451225e-05,0.001445568735018193,0.0018817262901688204,0.49861297788531433,0.9968326193229248,0.53272746438396,0.5604741465102673,0.48746571971668584
0.00417915057127377,5.499880814772104e-05,0.580460329162904,0.0024975193790154203,0.00036644700470312255,0.0001960217868324553,0.5838913219655293,5.2132105298134065e-05,0.5804486149498296,1.828217507477677e-05,1.1553567170793705e-05,0.39092872350968744,4.0309431830171674e-05,0.5018646284253451,0.00021556355490944944,0.0004013870218986914,0.0027454327040172255,0.9954161996030897,0.008377613340575824,0.44170101376827153,0.5332899169031446,0.4464305186675869
0.00017619569640052186,0.003404834739041977,0.577987582524082,0.011654830212070722,0.5769852115386158,0.00034601593060037603,0.00022263636575677417,0.0004095643547922308,6.070040357303854e-05,0.5857824789349122,0.39627055257046423,4.7340822985808724e-05,0.00031942315585210053,0.00017363624684346382,0.00027059465708187814,0.49898111844081783,0.012864982311273199,0.9962447976667015,0.9670851286608297,0.5518618636707162,0.5069269977589307,0.45557765253263544
0.0012550473536985499,0.5825847083081072,0.008144811084382027,0.0015175747929031412,0.5871830197368136,0.579079148153866,2.0496369119621524e-05,7.522155543709811e-06,0.0004829693886275908,0.00023929517721937873,0.00015086929524001167,0.0003044994733025679,4.74252122346794e-06,1.2922421637983245e-05,0.38882061569853205,0.5024695930880257,0.0016581610843857324,0.008899646516562776,0.9986285484098294,0.588631490422595,0.5030600119288391,0.45659973831845846
3.736375469701332e-05,0.0011616802033691577,0.5721383696118526,0.5752720326272093,0.5791143074581295,0.0002364128490323078,0.0007069457472801115,0.0007017443663724278,5.243816987049785e-05,3.801691303476382e-05,2.4098727172604675e-05,3.324028832015006e-05,0.000444832209861435,0.00044812944889022124,0.0001502682968277685,0.3918640605037416,0.5004274969290663,0.9987229748975396,0.9795311070132411,0.4366591075543545,0.516485668600777,0.4961558359284678
0.5804823621222911,0.01029706085610097,0.002489564510405453,0.5785383754871333,0.5819519325768168,1.6420619523011724e-05,0.00695623386323287,0.0003075979108719047,3.355282091913604e-06,0.001679931260661966,0.0010630889534744793,2.1232813072748983e-06,0.0001946533515212336,0.004402061978399152,1.0391504709901696e-05,0.3927156735513664,0.49961824294072854,0.0027298796383092754,0.011291686913931342,0.549464173174003,0.525614687679374,0.4460831304994176
0.578481691194781,0.002662714609394904,0.005751639674711035,0.0008240052089612,0.5735716807146991,0.0003462693355771579,0.0027219901153443245,0.0004090267673085127,0.004227044570712077,0.5846335802714485,0.39627055257046423,0.003303205714538432,0.00031963508175446705,0.002127110728596851,0.00027059465708187814,0.49726733759920805,0.0009088713387390987,0.006329410525719836,0.0029302998225028774,0.5518618636707162,0.5071004005170571,0.4993942476178729
9.101221684736902e-06,0.002187174971905756,0.447607897170155,0.0011556003508517247,0.00020405754399937563,0.00021489021478383763,0.00013064626210309272,0.0014710776575678596,0.9000585720811317,0.0011564331722293565,0.0007323850954170097,0.7061991138751677,0.002092231622983425,0.00018581155630246546,0.0003064581774545768,0.00029022075334261637,0.0015920842698412818,0.996889242092383,0.9973509278818206,0.4425691692118729,0.497247126144278,0.4562455880268784
0.003930662005122781,0.8976493956127835,0.0032474162240436243,0.0010085161575646333,0.44303788307461617,7.575671633074701e-05,0.0011540432082881374,0.000566540885464263,0.00041926128901829463,2.8357863304298244e-05,1.803437776649495e-05,0.00026663210168428154,0.00036029561477444875,0.0007339220422920228,4.817804762594363e-05,0.2918712990176011,0.0007152354841202509,0.002303060135647115,0.9972123624547546,0.47733477784753003,0.47722186040690995,0.5031347147780452
0.006972612347826929,0.5847606073845162,0.5810563789711405,0.0007766182431466859,0.5822956077898256,0.00042033629846749263,0.0006462631687770562,1.9462716647524105e-06,0.00018119234176378423,6.63100038102725e-05,4.009218556067309e-05,0.00011375603077379238,1.2219067295619177e-06,0.0004057364564044643,0.00026461253060500027,0.39000021170487914,0.0006010516415166223,0.5019784994070841,0.9924093851826651,0.4015676961313498,0.5497571223826752,0.4569534420840205
0.0042529086963753295,0.5808872763043283,0.5767306771301597,0.5879123578348932,0.00014255961362126125,0.0019917958928905044,0.0001553080677803919,0.0001244433800376907,0.000400469301047566,9.488973583043033e-06,5.989223571178633e-06,0.0002527670900826536,7.854582786400772e-05,9.802691685310881e-05,0.0012571770521471657,8.998055926149791e-05,0.3972163990923667,0.4977056012704905,0.9953391346276461,0.5203658877421328,0.4741761956023374,0.5868405878170754
0.0030435647633610717,0.5719413555889409,0.00026301382752903356,0.0028093484642496766,0.5694428376359665,0.0005862726459631352,0.0009306202368208338,0.0005335023478939876,0.5755594780692993,8.825496807372416e-06,5.680436180813134e-06,0.38656833672639457,0.00045727550490751867,0.000726125857693946,0.0004685045848157607,0.4947279183974407,0.00315637348747874,0.0002947706352482122,0.9964482383217927,0.5732222600050699,0.534272644398381,0.4533172121368719
0.5955309987047424,2.2810860865804196e-05,0.001303483522856581,0.001888047794910715,0.0010668710169288971,1.1039922965702305e-05,0.5958935755947117,0.5958658579830329,9.90582116093156e-05,0.00018142685204409448,0.00011281207006364651,6.109483994792516e-05,0.3917643659502575,0.5004834933124362,1.1865913535682331e-05,0.0011419780683759656,0.002047923618693123,0.001429094155186718,2.438637279621395e-05,0.3251082192903243,0.485838315531276,0.4622525390868271
0.006124110250699184,0.5794828982486252,0.00037028998889626153,0.0007070650216733978,0.0010004814492462642,0.5811134698377944,6.202872688470313e-05,0.5732615521476103,2.7805774667624375e-05,3.8973796154458964e-05,2.4762021357019453e-05,1.7666413194009772e-05,0.38775661792738825,4.8050941398156046e-05,0.501739845605601,0.0011005184897552166,0.000778542993949102,0.0004119526492395429,0.9932723044135655,0.45902798663138583,0.507364592570768,0.48372766103187814
0.446797683977701,0.0001146953934826441,0.0010851528879696386,0.0016193619130087527,0.0002117342704644284,1.140293429123545e-05,0.8978230965981749,0.0018941457636745113,0.00035920983051359885,0.0014424175600850793,0.0009138565670577261,0.0002280286109867418,0.0012024161536852418,0.7060304949074817,1.629147349692934e-05,0.00030208558902896276,0.002327083482999759,0.001565847243458742,0.0001634237515212453,0.5043473980232992,0.5516439863170199,0.48688445332145247
0.5808706324162249,0.0006822945914054608,0.00044338298404596145,0.00011866608193130627,0.0005164452519401884,7.950440685246314e-05,0.0007583970912896297,0.00014492284396725182,0.5836286438787579,0.5838518175054289,0.39265041038856996,0.5015070418830643,0.00015883147062109614,0.000831182709011654,8.737156293990576e-05,0.0005667588910553236,0.00013116832309129425,0.0004921182610327599,0.0007477775660618136,0.5597195511263747,0.441016868065709,0.5486727858663173
0.0014856989019767178,0.5745462888573827,0.0011014152898011357,0.0003431235967361479,0.0009724786500755058,1.59237548034687e-05,0.0002977761644079155,0.5811083221245255,0.0011273322782545296,0.5885715075331445,0.3973660454800291,0.0008782339704475894,0.5036125919301462,0.0003299453557767076,1.769197927601916e-05,0.0010789624084338132,0.00038107606269700226,0.0012359313388387468,0.9983537911444456,0.5308056201708145,0.42402011647933474,0.5189554156217049
0.5823755150537242,0.004073510907060661,0.0012179460795303646,0.5750789828493699,0.0027289431271924135,0.0001533134776098979,0.002685130037872464,0.00015840600121471915,0.5737498778748096,0.0022362029839034687,0.001428941280945562,0.38705932728962006,0.00012231978895259427,0.0020753462588648163,0.00011903403869003411,0.002110068703618781,0.500615941879929,0.0013654445321557435,0.0044531630632616975,0.43732097334539854,0.5224105370369178,0.49919113960955663
0.9045705815020931,0.00669444300036482,0.0011558444950562593,0.449918758220966,0.003211348032943193,1.9962799142162834e-05,0.000417067191566871,0.000194202099310266,6.710378818250651e-06,1.783050139768257e-05,1.1230202416620885e-05,4.226404560856871e-06,0.0001223145019894213,0.00026241869109513267,1.2607364921346623e-05,0.002022610135798713,0.2944160245912,0.0008134389111411431,0.004711337138276829,0.563479709637614,0.5817307157950375,0.49168453074739676
0.5763174247907656,0.0006233922640796607,0.002454097680028958,0.0014914563496046878,0.576590651857581,0.5779673457030406,6.79284989796433e-05,9.309222440457643e-05,0.000478629219725814,0.00023649969929744483,0.00015169116619158734,0.0003044994733025679,5.9224328679190934e-05,4.3255181155836715e-05,0.3932284693207051,0.5005671868182289,0.0016716722712928813,0.002780273233821261,0.0006886671929463961,0.4741957436048561,0.5030600119288391,0.5008313205755545
0.5821052158058202,0.0005300310441602001,0.0006544221277868846,0.00200680696945856,0.0013350792407606678,0.5759831600249424,0.0010228135211712256,0.5856828394092146,0.001217299679738139,0.0009765964674728063,0.00059299905538235,0.0007690420220411805,0.39484320015197166,0.0007940676033029594,0.4974954945620982,0.001462028128911913,0.0022135233975619784,0.0007248136809351806,0.0005796686582881768,0.43116462017142976,0.49658050772934664,0.44575889999562435
0.0,0.0,0.0,0.0,0.0,0.0,0.0,0.0,1.0,0.0,0.0,1.0,0.0014933442928972696,0.27295040344013455,0.2549648444087585,0.9737710257019951,0.992970418946006,0.09500761995437268,1.0,0.9914641782203804,0.3722253086738451,0.4941986578952771
0.007183230759391174,0.0001460298139308715,0.5773653662651445,0.0014652331162557403,0.5784417174952206,0.5805798533159039,0.0003622002316392843,5.227628014080716e-05,0.0003069404698692423,9.626225158866933e-05,6.112761224386602e-05,0.00019491065360776206,3.3196027417804e-05,0.00023000123689581077,0.39320198990593586,0.5005671868182289,0.0016154799212840234,0.9920783341229678,0.01294023069806316,0.4741957436048561,0.5431915739170088,0.5013033339177585
0.45258661390682375,0.0004944197203549342,9.130864805032296e-06,0.0006589851082341755,0.0007457030062158659,1.1670221665115032e-05,0.00017337139443311293,0.894447716391055,1.2673944075053058e-05,0.00025831016569912324,0.00016404617296128334,8.04889758126281e-06,0.701785763478835,0.0002438678378797262,1.6415579247527803e-05,0.0010489220073277984,0.0009290984980264516,1.2843697594516344e-05,0.0006954630007687257,0.4956386934880877,0.5358703439556292,0.46641899418410004
0.0020779535830289186,0.5842758433323892,0.000995180001645989,0.0033554390446078014,0.000599790280298553,0.00011889749496034502,0.5821492104681767,0.00017894222305785913,0.0010844251902912207,0.5866485912108376,0.39358666567512474,0.0008370115909101705,0.0001381163067969943,0.4988313900676594,0.0001298981313880808,0.000653507975021596,0.003664474294572815,0.001084327983116736,0.9977358968802614,0.4974737733867926,0.6101904420854632,0.4982048732205827
0.8970986537152695,0.006900233530426841,0.449613905701169,0.000948268263370215,0.0034192756443370996,0.0003702141044505118,0.0005232581689050606,9.357971020454022e-05,0.0004918802629571991,0.00033241892898371066,0.0002108876854480663,0.0003120505154080577,5.9367291963554654e-05,0.0003319568089660387,0.00023486514683716776,0.0021692049466383242,0.000601588373821527,0.2957637818714302,0.004896605801385165,0.5171103478634597,0.5565245884024901,0.4975666477309761
8.721079290119221e-09,9.129354027032612e-09,6.3717334334529625e-09,1.5483307799031682e-06,5.939536982358035e-08,5.996996215146493e-05,0.44916081925896195,2.7625648743516545e-06,3.7799843749904365e-05,0.9005826479514115,0.7054724033935906,5.357574975090402e-05,3.91553165427092e-06,0.999914741899309,0.9835608680509927,0.02435178144092321,0.9941988716493348,0.2975428393164199,0.5145582158515715,0.5544162156664094,0.5388616741015538,0.45634694448165575
0.003017617454698103,0.9041163151524353,0.4531201844330879,0.00160956578285367,0.00046007121603431326,2.3557924261681704e-05,0.0006128617148623529,0.0002760091206660925,1.608341360060743e-05,8.68309221343126e-06,5.465984476363711e-06,1.012446797901545e-05,0.00017374704204095644,0.00038540842511747416,1.4869963792595478e-05,0.00028961373498639676,0.001015573461659443,0.2957637818714302,0.9978751983882475,0.5567187837291387,0.5761169972001692,0.4520055379455974
2.714209100704052e-05,2.0514420299993712e-06,0.0003441085948422399,3.076433234047004e-06,1.1036805281644017e-06,0.5920759619185384,0.597380131579298,9.411779259162678e-05,0.5954246354480341,3.392947130580835e-05,2.096069474375294e-05,0.3921749079297933,7.123838768557933e-05,0.5028388206760317,0.9996288305870842,0.0020354231419462162,0.005686884192100652,0.9497470580717933,0.048025415381227676,0.5805827825269237,0.654951499139852,0.4977949191466494
0.00014271178941157635,0.00014971251196321543,0.0010405301949676714,0.45107080781541603,0.903694673745644,0.0030031679623553076,0.00013887435590268402,6.547819266402274e-05,1.0749221013049357e-05,0.0002675885294169296,0.00016858402486957802,6.772140005157257e-06,4.1252057967191354e-05,8.749253412203739e-05,0.0018971777338178675,0.704678822058765,0.9985061882239714,0.8750823213494169,0.5152379512107181,0.5779814279404131,0.5051205435104308,0.5661874242272951
1.4336347789781364e-06,0.0001945487049815541,0.000192163909457957,9.317356705784792e-06,0.8986361275863474,3.1578125241903574e-05,0.0003746285771202545,0.4488779370318515,6.008278354061784e-05,0.0023005381076378895,0.001459442687028059,3.8116096590547313e-05,0.29523431775507436,0.00026572791571671453,2.2459571161593874e-05,0.9998059216913089,0.021733257433781822,0.4960654747012412,0.9953088162319951,0.5047462016581946,0.5041415067655834,0.5589326832833511
0.5852081113934209,0.0007462306429741217,0.00045886481734243957,0.5826923548197775,0.0006159071671664758,1.4854679813182617e-05,0.5897211170230027,0.00025174373816176025,1.144911866239408e-05,0.00011356769759035579,7.119206945331976e-05,7.177097640453044e-06,0.0001578103486406169,0.39443328958353224,1.1469050336913452e-05,0.0004742426934293692,0.4993673326917073,0.0004991764681849978,0.0008117880038346177,0.49962394511407715,0.5258021158870845,0.37798022170397194
0.001949075265859355,0.44146140890216856,0.0008709896176131771,0.875036060476102,0.0032654391327686435,0.0005031713112986301,0.0005177361028134301,0.0020494431995524216,0.00029591470874922374,3.4971070280396196e-05,2.2668923737969404e-05,0.00018829567192381466,0.0014017384395075153,0.0003293819879642409,0.00032591690173376956,0.002094231576732491,0.7080713426490337,0.0013003150786695893,0.9970636891051315,0.5323889525586484,0.5193303486089192,0.48713596764408107
0.00011035587447656513,0.5908321170011743,0.584932126060282,0.004056393444683425,0.002856679741258577,0.5885613007954432,0.0007281487706309873,0.0006181508912957593,0.00014805190615291741,0.00012139278743021647,7.579692792916704e-05,9.244272242584332e-05,0.00038596973621341993,0.00045465185152531904,0.39297924297571607,0.002184660630669598,0.0031132523008996493,0.4968054600110837,0.9998810918891339,0.4976444217788929,0.5104415584273845,0.3604806436954515
8.178074180661816e-05,0.0019235513999137095,0.00397964785849616,0.5909081951035092,0.5905080808528868,0.5849667222356445,0.0002608431354169579,7.2933551951128414e-06,0.0017130231277924346,9.017947913525195e-05,5.629298568446265e-05,0.0010693256706587764,4.552757720254474e-06,0.0001628270637783739,0.3888959970435089,0.49977548565906793,0.9952371987618306,0.7131450653361657,0.972950084961284,0.5303702861609785,0.6302287345391122,0.455708989378109
0.00016999335475720534,0.004323021063887311,0.9096708875603505,0.4531177683935204,5.643789380603577e-05,2.7819040250143603e-05,0.0006414686343171845,7.846998779876047e-05,5.274883471552508e-05,0.002876273976839754,0.0018009129660506995,3.3027560862879246e-05,4.913231385693731e-05,0.0004016419692180683,1.746564689894214e-05,3.5337393945353854e-05,0.2947922480841408,0.9969722820471604,0.9749792099751771,0.49532441377681485,0.4032471736221653,0.58588659449111
0.00432805921738859,4.4071105701357984e-05,0.6049985140372781,0.5968132597871633,0.00032457955399402657,0.600297331491395,0.001202190443994093,6.693557919469281e-05,1.8431591110631025e-06,4.625024159843769e-05,2.83675111263858e-05,1.1304986702422125e-06,4.09255279268146e-05,0.0007373617377030082,0.39383713492470623,0.00024436974657766463,0.5003049679443488,0.9953892778816382,0.006482251336594136,0.5720728703058532,0.3534789584714824,0.6062008917443538
0.5886630313096166,0.000460026459543398,0.5714492002659755,0.0006484872563133921,0.0003389129007241451,0.0002724211103918069,0.003638560091339376,0.587142873727349,1.6972955837363163e-05,0.009255866477408711,0.005840467059341116,1.0710263692930675e-05,0.39544183327651083,0.0028234087671513697,0.0002119662100271176,0.00026298755146256225,0.00048745069952924465,0.4905543847677761,0.0004975034353500388,0.5806472332941769,0.5156486081398143,0.4534297383693605
0.5839453944761895,0.5859076748047499,0.001818810001519497,0.000303705234139083,0.002174080410886436,0.5851982188326871,0.0003400077670306974,5.250065714904204e-05,0.00025595533274923066,0.00017129492596224352,0.00010752249854185974,0.00016066417199188976,3.295487029758183e-05,0.00021342422535307977,0.3927787689778494,0.001675369436960871,0.00023427323699921302,0.0014175551001644744,0.5010678480206573,0.5007871903614192,0.619170432205394,0.5012991534018605
4.47869529924035e-08,1.531377237637001e-05,5.7981904158160735e-05,0.897999470407957,0.0006359772405002271,9.859944756710338e-05,6.9854939767496805e-06,0.44992880601614077,2.075824251195931e-05,1.3846073410353601e-05,8.759703033897091e-06,1.3132679175222575e-05,0.29510232878285936,4.94074848453774e-06,6.992764772644091e-05,0.0004498184205919461,0.999957583910627,0.8356134619783487,0.9981381348875707,0.4385689033691782,0.4695736057703166,0.4602879687499172
0.00045353349130945194,1.845670937405392e-06,2.257842370013022e-06,0.00047229540566075034,2.675249832546401e-06,4.8514587712821336e-08,0.9168790690869137,0.00012555162049228234,1.9619620912922764e-07,0.4587432143203468,0.29533582945306125,1.3622554719139143e-07,8.717466220008478e-05,0.9995447961167939,4.711015146066687e-05,0.0025978119313992687,0.5136311361832783,0.003169255075475799,0.0025907328746988534,0.6475820039066283,0.5109635602645874,0.4422299533560467
0.5787914779405303,0.007668536519279809,0.0003011801584067018,0.0002334315477887876,0.002029420239385367,0.5809860949807663,0.5790710797222204,0.0002285434385066616,4.112715219426145e-06,1.6127187192150442e-05,1.0217105906215628e-05,2.6055409701673907e-06,0.00014478982031538776,0.3909795165421631,0.5020386794625931,0.002231978431142302,0.00025732836105644367,0.00033124261007672073,0.008434222907024199,0.43835700048903714,0.5289981738491697,0.48478486416603034
0.5867305472396271,0.0016782347342181956,0.001528240602419314,0.5859353952549758,0.00031923123219656293,0.5909578367964506,0.001160392097251112,8.933285516742089e-05,1.8095645874896898e-06,0.00014032840999421672,8.766809484973943e-05,1.1304986702422125e-06,5.5809378014669135e-05,0.0007249379328713346,0.39383713492470623,0.0002448050561114864,0.5003049679443488,0.0016581751351134044,0.0018209287139613166,0.5720341298800572,0.5505555322988501,0.6062008917443538
0.5838463939797602,0.00538698226177482,5.7355344472623774e-06,0.5811874166831308,0.00031136817224784014,0.000755625826812722,0.0015629536528954024,0.0005085135844811446,0.00030394157929849346,0.5778659908360226,0.38906996557804885,0.00023460257785943659,0.00039250506965718223,0.0012063938821246102,0.0005832441618776692,0.00024033551704708304,0.49927250485484725,6.253698331855242e-06,0.005873740323521415,0.5503192130295488,0.48527140322316853,0.5657313436354104
0.0011660564450431004,0.4388991936749275,0.0007634098841407588,0.0035709317603488263,0.8846908293785748,0.0013387409350357285,0.005722467412226795,0.000283100783842938,0.0024332615250899203,0.0006784405549161376,0.0004384299568723545,0.0015420742200118343,0.00019303656927959623,0.0036386987927602135,0.0008732955085065351,0.7103987634027227,0.005285891207944692,0.001144751540955424,0.9982355485298033,0.4735629152195174,0.5388496081769409,0.5496013144669485
0.0007315467017918759,0.004632742228379882,0.0002706777830045551,4.851002784143782e-05,8.520625071385778e-05,2.0708752555830772e-06,3.4012520162431683e-06,0.8979466163124257,0.00011934913632410954,0.4419790843064687,0.2911844610263125,8.461413836203358e-05,0.9966685845797418,0.00046080355606869323,0.00028132598735332846,0.011544427113017338,0.006588645213198612,0.03669990868332291,0.9002959585358066,0.47111035517627964,0.5004412085511352,0.5016458137732973
0.0012343551711770963,0.46257561206522074,0.0003597610061502737,0.0016068828140811653,0.00022235902219359407,1.7312268315183924e-05,0.929614257442285,2.2821530732956265e-05,0.00038175514254476083,0.0010733561663048778,0.0006580753615091056,0.00023405441405666182,1.3991901219896218e-05,0.7060365052113627,2.3888891401980366e-05,0.0003064022035709793,0.0022302340851893484,0.0005077621635126448,0.9983013389903836,0.5900223238625096,0.6652924433995611,0.445819511182995
3.315178694490076e-05,0.0008866452571555292,1.1903546775932922e-05,4.09182015037125e-06,0.00010211991870264009,0.4454378823683589,0.0013258109022532066,0.0002819647433967531,0.8963686310285328,2.650999975293698e-05,1.7073418110322857e-05,0.7027004033179776,0.00042739603661079,0.001869293672597222,0.9987379877584952,0.07337995375394007,0.002987952692980638,0.008853401926513904,0.9751105646162371,0.5545249944027159,0.5032985763226473,0.47044293749413946
6.376824810006444e-06,0.002048198482867975,3.752614846233818e-06,0.5796733915206536,0.006308757363747543,0.0004438505062872338,0.5851800274521064,0.5824773808123792,6.146350255577955e-05,0.00023946082687951507,0.0001509920255949172,3.875581259675867e-05,0.3914941270271845,0.5022496518859026,0.0004876133650037629,0.006912139753985025,0.9977558001686475,0.0011663784431936216,0.998017965701959,0.5809660179509479,0.5349226494536619,0.4569759436962781
6.112567908288968e-06,0.003025106056773778,0.5840717032794882,0.0018057714015579096,0.0004532112761308989,0.5838653619184742,0.0003203017351524515,2.0257613936048917e-05,0.5921985785164317,0.001487934277633813,0.0009273643696275646,0.39371358860080896,1.549580056832886e-05,0.00024501068826703943,0.49672189377217246,0.0004884168084349557,0.0019601153474375224,0.9967441715034115,0.9987136397133429,0.473751840461952,0.3587719421760974,0.47158426834398504
1.4847504304049247e-05,8.609487610118623e-08,9.887996717977066e-07,1.4252466850597421e-05,9.724790331388788e-07,2.205056383510923e-05,0.903119220225122,0.00018814782133759453,0.4508407070672806,4.923303658314973e-05,3.1579332031580036e-05,0.29388303985294495,0.00014222382102125947,0.9999779892525389,0.5158255727738057,0.029251012696518836,0.4743112922996371,0.04129737355231988,0.0034879969760678864,0.5170337280001048,0.6088312336640717,0.4921150704788155
4.4893702172893606e-05,1.162657968524527e-06,0.000787963904481462,0.8966792622595755,0.0004121384918069765,0.00027241680520443654,0.0002890810666804186,7.593744498053147e-05,0.44936388236960945,3.685173750238249e-05,2.323181646660664e-05,0.29358043664617084,5.345602042249555e-05,0.00020349807275803016,0.00019228853118369305,0.00029050778992120496,0.9994373686783566,0.9642104030379051,0.016483506652499973,0.40159321309435114,0.48746229790560847,0.49790577731503943
0.6075947168547179,0.0018925189393971407,0.5993067630955266,0.0006801183224016217,0.00039616190629904044,3.9412589869053e-05,0.0023708691107141673,0.006172473758273875,0.599020454139995,0.0007734528937163036,0.0004702484964579718,0.38772500075343713,0.0045754858878818945,0.0017574928868529121,2.9295498216708513e-05,0.00029405849677130447,0.0005084798699064997,0.49965055466304503,0.001982918953553441,0.6756518610796577,0.6195885619654745,0.544059920097365
0.0024862215821720417,0.5776921207614537,0.0002639184941333089,0.0009892064461163098,5.463260543621806e-05,0.5780266793201331,0.0008414344555990261,0.0002121150595056598,0.5746787867135164,6.750736069456366e-05,4.354433115098919e-05,0.38934231594617413,0.00016551459611455948,0.0006542740204891321,0.5018912241925535,6.0280241807386464e-05,0.001106022444683108,0.0002994040170724479,0.9972603754626803,0.4999926007580388,0.5168634647007668,0.47510694648001295
0.003124336910594228,0.8991812830885191,0.0016189369550908396,0.0004870852788883852,0.002496118433797041,1.9870176340519e-05,0.0020420845980264777,0.44984865397294593,0.0001093981674163432,0.00012225958319556622,7.741158571221246e-05,6.926807249630425e-05,0.2953097300454333,0.0014457752466561816,1.4106144759187767e-05,0.0017672319196868295,0.0003456549713574106,0.001146198169421183,0.9977879803708997,0.5729007758601656,0.5112839065200153,0.49948802056569325
3.4771836989261844e-05,0.0004555013846668176,0.0008888445665586353,0.44449224891109235,0.0011634268402295456,2.3300589541011428e-05,0.00014667677847715857,0.8954105718663754,5.1776160074665605e-06,5.477374857300008e-06,3.4865599709794166e-06,3.29575192264544e-06,0.7060723212381721,0.00020958799217006725,3.3384953295203286e-05,0.001662434805884265,0.9985719872467309,0.6977649753783579,0.9514961095238398,0.49676576517390253,0.4969122700084878,0.4896228319746534
3.3900672864136224e-06,1.0874505767780553e-07,0.000530695538677827,1.671557044493627e-07,0.45153115509346575,0.00039728220378484766,1.8698437064250307e-05,8.452082458049285e-05,0.9028146763823877,0.0003314201934624289,0.00020906892678400335,0.705079247067286,0.00011931518710346862,2.6395950994305406e-05,0.0005623542578720778,0.9992508192588256,0.00020098114260996142,0.9959312555439516,0.02041420353674811,0.5717157638205183,0.5223161858587669,0.5595071131709421
0.45029046103403947,0.00016491703866564942,0.00048709262072175595,0.0005160401348271942,0.00018216084757167417,0.00010952213534815045,0.0005441602825101167,0.0010789191956721233,0.8979096453110211,0.00032000258108645093,0.00020280883612053182,0.7040743575525281,0.0015253676423867561,0.0007693312724530894,0.0001552628228687739,0.0002578788495667889,0.0007312715686118797,0.000688650278902022,0.00023315937601581715,0.5009393039650367,0.5445339030188003,0.4499156445195071
0.0001963939223699374,4.635541743165143e-06,9.029422849098958e-06,2.6463400174810497e-06,0.8949920973519929,0.4479458553866059,0.0007132797096440699,0.00012523768138133606,0.001193691336315929,0.0006883845711891615,0.0004378740525364224,0.0007592945733150418,7.966241715342648e-05,0.00045371001967413284,0.29542314048096097,0.9998601032359278,0.008586189851420428,0.029240552503543127,0.01502352846221816,0.4987995036148481,0.5286706183385147,0.496742789285901
0.000748250028634771,5.1740031634746905e-06,0.5811700444673047,0.580558747050846,0.0032200782079065404,0.00019544351009886897,0.005094919631667727,2.5994655141771866e-05,0.001382197953193323,0.5845947576969329,0.39339197202302223,0.0010699022031804113,2.0121405136964022e-05,0.003943795262472817,0.00015169897628831668,0.002492585823226331,0.5004037730206211,0.9991803399154454,0.004402031531292346,0.4758384889739828,0.5915378376452123,0.49111238004315183
6.11032837428213e-06,0.0006400668795341843,0.445776526858167,0.8998377041881598,0.00020553387583434142,0.0020896232699757007,0.001217868080650561,0.002312084377336519,2.0545774380061747e-05,9.587344783703161e-05,6.066584740241311e-05,1.3000750940797166e-05,0.00146301906417522,0.0007706326849178228,0.0013222564586048368,0.0001300564036469942,0.7077688352397404,0.9990858704000151,0.9939227636657357,0.46678395344037277,0.5434059761143436,0.44435361567532367
8.371056612890604e-06,0.00010848447960423035,5.870431888132731e-06,0.00010003824586937662,0.9431046896595184,5.381072664074135e-05,0.00017826399130545988,0.00010480078134108115,0.4710162135849702,5.483007358865123e-05,3.3111796759037276e-05,0.29487763796793465,7.074320369238242e-05,0.00012033274765288361,3.632361545979051e-05,0.9999000423047566,0.4735615669797079,0.03431409836718422,0.9509732566958119,0.4968823521989187,0.5361425246235962,0.2700707205691464
0.453916366447741,0.8940166212789921,0.002253100776227671,0.0006100526588268346,5.763624991679686e-06,0.0005444154240452904,0.0007486285080420861,0.0005269074896866483,0.0012314138446948757,0.00018193661715377627,0.00011551792842272692,0.0007818679709327711,0.00033455228532828065,0.00047533092517386617,0.0003466083697280423,3.654984124171521e-06,0.00038824467913862255,0.0014305759441839388,0.7009096174276465,0.49241424257019734,0.5119032865787343,0.4504600254345291
0.004208245535782796,0.5909053188929629,0.0014412000473997108,2.9714619490397274e-05,0.5951867042688033,0.0006165295812151829,0.5955227134628358,0.0004510040067282494,0.0004479682597267493,0.0007688452436452903,0.00047936453937156025,0.00027703329690455215,0.000278910261324716,0.3931378526771177,0.0004689175093310651,0.5026876955233823,3.248013732248811e-05,0.0015923006345159778,0.9954665777544202,0.5575329594806777,0.655418645645389,0.5443119967293855
2.787980761671951e-07,1.1717140278459707e-05,5.0142272496799677e-05,1.0,0.0007103149684166918,0.00011227946233098276,7.834630760340064e-06,7.712952334288857e-06,2.8227503145699467e-05,1.781070963956111e-05,1.1312352436750007e-05,1.7928508775426183e-05,4.8988298020517985e-06,4.976113036164997e-06,7.131354552239452e-05,0.0004511518156177961,0.9999672940190086,0.8538184857305485,0.9848551029038652,0.49873899572402014,0.5180526102646522,0.455310151085084
3.098229569991604e-06,0.003240391723936235,0.9130758527152306,0.00025785028551117336,0.0016404241734153894,0.000857449475660056,0.00676308305955172,3.210580106767455e-05,0.00016358181450264276,0.4594406777237771,0.29677512596877365,0.00011404933234043557,2.238418266164211e-05,0.004710544421291254,0.0005994556202071124,0.0011437370937035693,0.00018019653780881748,0.9977407246964983,0.9993913101345188,0.5117423466036343,0.6484623368530219,0.4987646806873324
0.5886308673005367,0.0007314311367350993,0.5833556507559964,0.00024831729377667433,0.00033601257300522634,3.5977415216781494e-05,0.5911551052160616,1.6567296521691694e-05,0.0002664074259441623,9.036182032141842e-07,5.651083459331423e-07,0.00016660693753474463,1.0360922147963149e-05,0.39445913555548423,2.7637441695055158e-05,0.0002581210489846897,0.00019119793474308257,0.497134290864094,0.0007910616142980387,0.4969634480271721,0.3783726355266609,0.4437523530600146
0.5794115430824217,0.0053915339462604385,0.5864620034860868,0.0006526152098048044,0.00034057196862856756,0.0002731748578684522,0.0006779339754281108,0.004055785498837402,0.0005781852437273433,0.5812291530014642,0.39093075591976656,0.000446465377485713,0.0031318256977824754,0.0005234962286301999,0.00021151725541956878,0.00026298755146256225,0.0004881638822412612,0.5038360447723637,0.005923696368137277,0.5806472332941769,0.5156486081398143,0.45552651219897555
1.816332389046191e-08,1.6798040210799657e-06,6.9681604546081895e-06,0.0004975997981190065,0.578083690988203,0.5862553429085937,0.0026693799095613884,8.016397140568668e-05,0.00031518110535005734,0.587120668898891,0.3939479349244443,0.0002433684574246814,6.18989613018683e-05,0.0020611769854090817,0.5053316803880024,0.9994691160364012,0.9905338889048326,0.8493959018471287,0.9931166491035301,0.5635208572869913,0.5900022391039236,0.49517000644818565
3.7590112484033865e-05,0.0002882084970306301,0.4590715891052991,0.0015976336128431462,0.0003839788730985133,3.346574638295928e-05,0.00011901486673965743,0.9145911733105471,0.0007067599727553858,8.188545914632569e-05,5.094088490921215e-05,0.00043967490376052056,0.7038428524666313,0.00016504334972847258,4.640847958030336e-05,0.0005324811105928253,0.0022206665680633893,0.9995969403840235,0.9174337961488058,0.6486795417366931,0.5348852529449861,0.5043054544063593
0.0019236778048898318,0.5770837920843758,0.0021065063163310076,0.0020287190083485384,8.58045992538972e-05,2.03947090637859e-05,0.0016799332341349866,8.664691602901765e-05,0.5811173078812595,0.5795812309517555,0.39148039915182714,0.5022097637260723,9.558382314546693e-05,0.0018532069749025136,2.2559499418436516e-05,9.478019620744703e-05,0.0022571376241660506,0.002353367559271513,0.9978778700649147,0.474926363626782,0.5213338046485531,0.46025196773236426
2.3756178867769033e-08,1.4709555991230404e-06,7.472418991342753e-05,7.658763759068786e-05,0.5947100823138508,1.794103384064416e-06,0.00024698465857754905,0.591418650018362,0.0013049926047426518,0.5908810141965439,0.3907188325707941,0.0009905338015570582,0.4982333922815836,0.00026438984340767136,1.92053523799212e-06,0.9998854469463762,0.5077780962499316,0.9874680400119205,0.9897193779964264,0.4911307122453294,0.6559161837058611,0.5396684865823316
0.0004176670559634654,2.410551011288825e-05,0.0021226032549651655,4.943011278565342e-06,1.9195592444105185e-08,0.0041021204646485955,0.583996297516086,0.5831532021728516,0.5894021061712099,5.225685815391293e-05,3.2803012987695545e-05,0.39480849540592494,0.49953009858419967,0.9949445503886025,0.6910330783910277,5.648533459202509e-06,0.0014579226159515124,0.876111126402908,0.036701576018138525,0.46745467940287216,0.4943525412070061,0.3856479446662199
8.46034211626081e-08,0.00011539978215915595,0.8945234087117248,0.000211995523212842,0.0024233080626883553,7.588093239592619e-05,0.0009087329975443894,0.0001390836891996896,0.4501180571712298,0.0022470169151569052,0.0014285050604453166,0.2967903350433172,9.898349314749727e-05,0.0006467299159901903,5.400319577587297e-05,0.001724630101212924,0.00015122493197515519,0.9999178715708614,0.9995332729398215,0.5117907599122313,0.5344357955976539,0.4916756593559568
7.474969909471144e-05,1.021572218034748e-06,0.0003188978833371206,0.4481221561258971,0.00031756979751332005,0.8980198302659306,9.361281775456689e-05,0.0015693901915027455,2.7201321414779275e-05,0.0002729085727867744,0.00017311209413517947,1.725441521279847e-05,0.0009955002047351363,5.938080653176396e-05,0.7053363085293551,0.0004511518156177961,0.9995346797424136,0.8534092962226747,0.008699868967630253,0.4998524520601084,0.45682783474750993,0.4580774049056855
0.006091882244389825,0.5764333812189816,0.00036834134532031043,0.0007033441063000966,5.346882666150583e-05,0.5780545107296552,0.0038733439231654113,0.0008179277073176292,2.189907169946002e-05,0.5793898715866256,0.39251912347712925,1.7053824714976514e-05,0.0006369584187018995,0.0030163656918676673,0.501739845605601,5.912632538263333e-05,0.000778542993949102,0.0004119526492395429,0.9932723044135655,0.45902798663138583,0.5069442145238515,0.48372766103187814
1.161902776607477e-05,0.0032670206409665054,0.5864386862284413,0.0033678861173070626,0.0006027643285994916,0.0012061488057579905,0.5843099357206085,0.0004723723543864176,0.0016173256587959594,0.5831011784745463,0.3906533290185411,0.0012437125889604717,0.0003632516555523226,0.4988313900676594,0.0013128721528609412,0.000653507975021596,0.003664474294572815,0.996453437294341,0.9977358968802614,0.4974737733867926,0.6122216504047494,0.49873754850278607
0.577424961177101,0.0006476075333874784,0.000268153343895224,0.00023874848368157236,0.00026387193677937217,0.5792919610226295,0.00042321613811827574,0.0005944324771179057,0.5829421287159894,0.004486180448934049,0.002840887198800782,0.39378791777582917,0.00046203784633541906,0.0003289556401316703,0.5018912241925535,0.0002913072462963316,0.00026547702397691943,0.0002994040170724479,0.0007139968226950177,0.5550354138681448,0.5192161062944749,0.4561614089532141
0.009508242871283082,0.002000871774797358,0.8972565593838709,0.0022254729861334744,0.0013295165627213665,0.0002251273152025294,0.4503222772518013,0.0006327657275875022,0.0003673780503590125,0.00024172308195530927,0.00015327676447524324,0.00023295467188115678,0.00040123722318733995,0.2961120059391233,0.00015972186850285065,0.0009432571590230476,0.0015825875940459477,0.9931062441862015,0.13204083363591645,0.5502501140965333,0.49275530597388556,0.46264773824306854
1.4458036797454025e-05,3.1277383976875434e-06,0.00020565741068453026,0.00019425031228378453,0.8954240485709368,5.243383660173016e-05,0.45027942870851906,0.0005330106262442209,5.071652202441334e-05,6.280025292227607e-05,3.988951241948313e-05,3.221415909232951e-05,0.00033855811184126214,0.29662582495243334,3.727889089283366e-05,0.9997983768555474,0.4817636482305194,0.954288067925775,0.13563128034837707,0.5309494320962581,0.5348395231843611,0.4903120575614427
3.130844597579302e-06,0.002118819201365196,8.217613278013402e-05,0.0021100953931961243,0.0001972679227972003,0.5802734341831172,0.00013899217668347433,1.3104221679556837e-05,0.5785900522839518,0.5808647720437079,0.3921565503396306,0.49820700755940817,1.4337520845313014e-05,0.00015207337746221987,0.9967161286584798,0.041872453515634345,0.49918617616464583,0.024678220272815632,0.9990593080697399,0.5592923379609054,0.5156689332255942,0.4601334524550452
0.00031713223417046186,4.746752699929585e-05,2.758270105574661e-06,9.992534443035074e-07,3.567526038459922e-05,4.114815769095323e-06,0.45476054204761834,4.0757071945634694e-05,0.9045979514214926,2.652194252373569e-05,1.6809845600763016e-05,0.7032133271567165,5.700341002252713e-05,0.9995486820006872,0.00814022501459355,0.07062575933411794,0.002012856791389333,0.00561608613349307,0.09459180982641616,0.5162521112983134,0.5339958680137091,0.3939684482894947
2.570301835442471e-06,2.564692374834836e-06,8.610920516297931e-05,6.268834446249664e-06,9.52279052065563e-07,0.5838374652989227,0.5826697561419986,8.440643642793469e-06,0.00135199912528416,0.5838370322411869,0.39212608843883123,0.0010434784653381036,6.514529187104888e-06,0.4993627209987234,0.9999057674389213,0.007015204050674878,0.04633105615038162,0.973171366250623,0.4993045577135242,0.46396340959148225,0.5881057326698842,0.4612465770999034
0.0014431081519685359,0.44830347749989685,0.0027075219747089052,0.00014370279438860253,0.0007657216332443857,0.8937912713197272,0.00047200977913656436,0.0008841749117648562,3.494396343433558e-05,2.178013776298994e-05,1.3836650880920458e-05,2.2199465764274407e-05,0.0005617054080011563,0.00029956166190245,0.7047166474940734,0.0010873473918737542,0.0002045367496005821,0.003844788682244917,0.9979507006837198,0.5379700013657117,0.5228211641942474,0.48840370553622725
0.8967493944119599,0.0015197085528941352,0.0005155849315253793,0.00032625827692587037,0.45307991361700456,0.00046269914733355774,0.0006295666781545286,0.004423552486940314,3.328951296927627e-05,0.00015806028244560118,0.00010138027754890601,2.1055404140920295e-05,0.002822672306293417,0.00039855046413648257,0.0002942418257535049,0.3001348098473682,0.00023501601611549783,0.00037827180898614447,0.0010804484889526218,0.49693666621123606,0.5477959113005442,0.5653611121735936
1.0361983433921907e-07,3.7065110251184496e-05,0.00018915316269296574,0.44548710282937015,0.00015473304462964148,0.0008709642484494415,0.8994203445063657,1.9023541194990515e-05,0.00017768324689775036,0.0005718700777356639,0.00036210839246453297,0.00011250912520279234,1.2045716396380461e-05,0.7050640705861835,0.0012374322194937948,0.00021953299786711883,0.9997235427781961,0.8783227311262412,0.9982202598872464,0.4690777830015081,0.5520878884264806,0.45839735124596664
9.155488474879583e-07,8.920545537368817e-07,3.0717317597236797e-05,5.283148254104703e-07,3.5347226466973636e-07,0.9142440860148944,0.457173500252274,3.2031021310761226e-05,9.29204719654782e-06,2.322423792097093e-05,1.4464207731297756e-05,5.787147952161933e-06,1.9949130207661664e-05,0.29519589967865817,0.9999785873668853,0.007318008626564792,0.01096425882499158,0.9735228546147671,0.4917260114871259,0.38687100214212894,0.41140774721920403,0.4608564251092319
1.0,1.971812506906662e-05,0.0005952381967699139,0.0004310843953834339,0.0009373288292075275,0.0005417922971207681,0.0010733115287188393,0.0005179027663229804,3.12698767915491e-05,0.00025862706738926934,0.00016432766498363684,1.959248308085979e-05,0.00033809249646865255,0.0006730839232443606,0.00034130329545255115,0.0005925520711071441,0.0002757123803020054,0.00038541687369773945,1.2372154679484576e-05,0.49693666621123606,0.619045175675459,0.45620100548902537
0.003048578569863277,0.9019403093396041,0.0016027061671957466,0.00048505330917516517,0.00042476322719997014,0.0001941618369033175,0.003336623281848455,0.00016650555152041623,1.1144393958838242e-05,0.45220411768471264,0.29585994050067493,7.865973826332257e-06,0.0001175235120493601,0.0023550721386628648,0.00013741739410385277,0.00030020634093002593,0.00034529530012654896,0.0011456274910048355,0.9978482190181803,0.5871625670134022,0.5344301002710332,0.48653543217227085
0.5762794814938478,0.004412059899047712,0.0010087034089474236,0.5780341388631263,0.0017973802568287693,0.0008512630186512176,0.0025029505244893086,0.5814159915932233,0.00039337866479193705,0.00031621035529283957,0.00020030253188211005,0.000249184588168689,0.39273787588033454,0.001943789536482127,0.0006628892604432457,0.0013976961825207734,0.5036712058187294,0.0011284632335220397,0.004873936658160938,0.5550307809768473,0.5444710209526767,0.4984048948389635
0.001959912746063387,0.5875851281922057,0.5833648332395642,3.279115499336945e-05,0.00011007703891748323,0.004821452093219448,0.5798767770356338,0.0002774634040503677,0.0005081214047470734,3.061515220186532e-05,1.9280657488354957e-05,0.00032000217142102994,0.00017473953970316663,0.38893998842588945,0.0037070264936845676,8.46348994079737e-05,2.5212125514124744e-05,0.4977037576015789,0.9978765381914436,0.5546052391000202,0.47437894681637716,0.5850319280686138
1.6305904020047162e-07,1.4850797763159797e-07,5.582912595233773e-09,2.255556407722905e-07,0.0017555315023845385,5.281678696308464e-09,1.480949587557443e-07,0.45922385143464933,0.0007145245214063627,0.9157269176589483,0.7040744380086613,0.0009905338015570582,0.9975663270977055,5.3650830798900734e-05,1.92053523799212e-06,0.9998854469463762,0.5077780962499316,0.016111598131573052,0.4702896411587635,0.4910440965978671,0.6559161837058611,0.5058835269680662
0.9132385730488102,0.002380354098782982,0.0034994354325461733,0.0031048018769548108,0.004075727455446048,0.0003212493847963073,0.0005851414741772556,0.0014342512599981889,0.45160921480931826,5.0701485842182275e-05,3.212877520214258e-05,0.29235978687546504,0.0010086923038615885,0.0004082669041794994,0.00022515921038095772,0.002866690577877055,0.0021960932323588983,0.002521073555881728,0.0016617726298595037,0.6040565372512745,0.5451659147438326,0.42281870852290704
0.00024502163522899966,0.00023836578906120742,1.0,0.0007301186492829091,0.000653187853452642,0.00044803877465625326,0.0008650269413108191,0.00010587609720219185,2.9198401194049156e-06,0.0001850298870756568,0.00011631384908840906,1.835475620494251e-06,6.655603992517684e-05,0.0005437750009124969,0.0002824126447366071,0.00041115141180073653,0.00046003579939510233,0.9997851123386066,0.49123482467708723,0.6063391437052333,0.5375116047934995,0.49723385283870414
0.00196329078285228,0.9019203771282228,0.0009955979457505944,0.00028910289099126873,0.0015384530070293417,0.44850107981635295,0.001971215491132481,3.7653783617993404e-05,0.0007555471415808169,0.0002589998193997284,0.00016360346688510465,0.00047725958397928654,2.3784925501734062e-05,0.0012451668601389297,0.29446545721473993,0.0010873473918737542,0.0002045367496005821,0.0007116801418893624,0.9986142149697035,0.5417334219042026,0.5386536589705677,0.4322226960091366
0.45294900179819125,0.0023244207398682467,0.002738987192839908,0.002553617210586922,0.0004430911014287673,0.9007974766322949,0.0005124119753585849,2.9779783222620295e-05,0.0003758362376814504,0.00016892360249136352,0.00010642652578373381,0.00023678719696374102,1.876208575619763e-05,0.00032283370792666284,0.7040731061100389,0.0006235578155374573,0.003619679904950524,0.003898520410088452,0.003266944417079587,0.4980778662568634,0.3977410783038482,0.4983302656958807
0.5738663851763849,0.0019106307033850485,0.0009603103393274391,0.0002586157709101595,0.0002506713796429066,1.590491634501437e-05,0.0005186148919359086,0.5821958194386877,0.0007571541943207007,0.57717823926867,0.39137450450768657,0.0005896376821710146,0.5045843549668704,0.0005753221364881199,1.769197927601916e-05,0.00027844850342965505,0.0002893499271452516,0.0010788678728971966,0.0021195539947276676,0.49723835910456726,0.5184461504911692,0.5189554156217049
6.574154097869785e-07,5.162008999866899e-05,0.0009860435605446147,5.006503699181218e-07,0.5793019722526408,1.446653553353182e-05,0.00023965818860962742,0.0006803637453710119,0.5813742719778554,0.5796728156083285,0.39069451584411413,0.5007152838442408,0.0007466919930359502,0.0002630224477268918,1.5920031351718452e-05,0.9989025957024797,0.0003214777384107412,0.9671177594216678,0.9918926715739568,0.5316090659701612,0.5437429989908611,0.540818596849301
0.5972118601787321,0.0007420938554674653,0.5838042826652107,0.0002135821256185568,0.002567738331722654,0.5880836355025226,0.0019310956357494798,0.00062277512168622,0.00014939502021436924,3.1244093962105215e-05,1.9374811803538967e-05,9.264152180759058e-05,0.00038618984006261864,0.001197494922342946,0.38952274843774753,0.0019477550316495534,0.0001631841701484586,0.49679614287629337,0.0007910616142980387,0.49763753048456155,0.46045781466043845,0.3417191372497879
0.00019950047508418363,1.802343724549182e-06,2.1811544514985132e-06,1.9902187258163645e-06,0.00020807447970911305,0.8929680401879242,2.7550362073014886e-05,0.0003466103437854362,0.4472684658163959,5.579124147151292e-05,3.590904372957523e-05,0.2942294594345565,0.00024685795680772367,1.955273193099172e-05,0.9997954493714029,0.5137612020511253,0.0064432435526339815,0.007165137035753388,0.005751641034822454,0.4561201584549788,0.5309817645468203,0.5139159909927495
0.000894469317682972,0.5831021465128703,0.5847631754686426,0.0002890318700929375,0.0015612702939632138,9.122018450495078e-05,6.757621830556037e-05,0.5761853267246386,1.690977547041931e-05,1.970866382163296e-05,1.2460321830501663e-05,1.0690792962254637e-05,0.3878262321484766,5.2094843962317444e-05,7.032209581161555e-05,0.0012035917889030127,0.00022333443267984806,0.5009050750711793,0.9990234362706936,0.5405221657392681,0.5150771656206983,0.42871918258046166
1.840905363086558e-05,0.0003530314916714842,1.2954089130716094e-06,0.6002401225023322,0.5995265374639924,3.5678435825090955e-05,0.0010639788618222788,6.090548932244714e-05,0.6014222560245439,8.806642781018077e-08,5.384733042313253e-08,0.39204823972328023,4.56207940827075e-05,0.0007969654930120972,2.6797320120502325e-05,0.4993029134567024,0.9996259300334966,0.0023625012442670124,0.9668330938897055,0.4485820599173539,0.5471247353084966,0.30943065424747357
0.9020304773066888,0.0014500027929238233,0.0007128153660739445,6.529698942610866e-05,0.0045502752639477945,0.000265477059431052,0.4501604006744429,0.0006750825526211835,0.0012080195806941512,0.0011948495481176676,0.0007545292044136456,0.0007628464181942687,0.00042630483847571905,0.2946807459586591,0.00018736120634396366,0.0032113837059413028,4.619124617438438e-05,0.0005030779854392893,0.0010233574985390325,0.5900808219639894,0.49628088077181354,0.5018973078242018
