{
    "sample_size": 500,
    "SEmax": 700,
    "k": 5, 
    "alfa": 0.7,
    "R":
    [[0.0      , 0.0       , 1.0        ],
    [0.0       , 0.14285714, 0.85714286],
    [0.0       , 0.28571429, 0.71428571],
    [0.0       , 0.42857143, 0.57142857],
    [0.0       , 0.57142857, 0.42857143],
    [0.0       , 0.71428571, 0.28571429],
    [0.0       , 0.85714286, 0.14285714],
    [0.0       , 1.0       , 0.0       ],
    [0.14285714, 0.0       , 0.85714286],
    [0.14285714, 0.14285714, 0.71428571],
    [0.14285714, 0.28571429, 0.57142857],
    [0.14285714, 0.42857143, 0.42857143],
    [0.14285714, 0.57142857, 0.28571429],
    [0.14285714, 0.71428571, 0.14285714],
    [0.14285714, 0.85714286, 0.0       ],
    [0.28571429, 0.0       , 0.71428571],
    [0.28571429, 0.14285714, 0.57142857],
    [0.28571429, 0.28571429, 0.42857143],
    [0.28571429, 0.42857143, 0.28571429],
    [0.28571429, 0.57142857, 0.14285714],
    [0.28571429, 0.71428571, 0.0       ],
    [0.42857143, 0.0       , 0.57142857],
    [0.42857143, 0.14285714, 0.42857143],
    [0.42857143, 0.28571429, 0.28571429],
    [0.42857143, 0.42857143, 0.14285714],
    [0.42857143, 0.57142857, 0.0       ],
    [0.57142857, 0.0       , 0.42857143],
    [0.57142857, 0.14285714, 0.28571429],
    [0.57142857, 0.28571429, 0.14285714],
    [0.57142857, 0.42857143, 0.0       ],
    [0.71428571, 0.0       , 0.28571429],
    [0.71428571, 0.14285714, 0.14285714],
    [0.71428571, 0.28571429, 0.0       ],
    [0.85714286, 0.0       , 0.14285714],
    [0.85714286, 0.14285714, 0.0       ],
    [1.0       , 0.0       , 0.0       ]]
}