{
    "Framework":
    {   
        "sample_size": 5,
    "SEmax": 25,
    "k": 5, 
    "alfa": 0.7,
    "R":
    [[0.0      , 0.0       , 1.0        ],
    [0.0       , 0.14285714, 0.85714286],
    [0.0       , 0.28571429, 0.71428571],
    [0.0       , 0.42857143, 0.57142857],
    [0.0       , 0.57142857, 0.42857143],
    [0.0       , 0.71428571, 0.28571429],
    [0.0       , 0.85714286, 0.14285714],
    [0.0       , 1.0       , 0.0       ],
    [0.14285714, 0.0       , 0.85714286],
    [0.14285714, 0.14285714, 0.71428571],
    [0.14285714, 0.28571429, 0.57142857],
    [0.14285714, 0.42857143, 0.42857143],
    [0.14285714, 0.57142857, 0.28571429],
    [0.14285714, 0.71428571, 0.14285714],
    [0.14285714, 0.85714286, 0.0       ],
    [0.28571429, 0.0       , 0.71428571],
    [0.28571429, 0.14285714, 0.57142857],
    [0.28571429, 0.28571429, 0.42857143],
    [0.28571429, 0.42857143, 0.28571429],
    [0.28571429, 0.57142857, 0.14285714],
    [0.28571429, 0.71428571, 0.0       ],
    [0.42857143, 0.0       , 0.57142857],
    [0.42857143, 0.14285714, 0.42857143],
    [0.42857143, 0.28571429, 0.28571429],
    [0.42857143, 0.42857143, 0.14285714],
    [0.42857143, 0.57142857, 0.0       ],
    [0.57142857, 0.0       , 0.42857143],
    [0.57142857, 0.14285714, 0.28571429],
    [0.57142857, 0.28571429, 0.14285714],
    [0.57142857, 0.42857143, 0.0       ],
    [0.71428571, 0.0       , 0.28571429],
    [0.71428571, 0.14285714, 0.14285714],
    [0.71428571, 0.28571429, 0.0       ],
    [0.85714286, 0.0       , 0.14285714],
    [0.85714286, 0.14285714, 0.0       ],
    [1.0       , 0.0       , 0.0       ]]
    },
    "MEMO":
    {
        "maxEvaluations": 20,
        "populationSize": 10,
        "offspringSize": 10
    },
    "Crossover":
    {
        "distribution": 20,
        "probability": 0.9
    },
    "Mutation":
    {
        "distribution": 20,
        "probability": 0.5
    },
    "Selection":
    {
        "tournament_size": 5
    },
    "Problem":
    {
        "k": 5,
        "m": 3
    }
}